2026-10-06T17:26:43.2971780Z Current runner version: '2.337.0'
2026-10-06T17:26:43.2994637Z ##[group]Runner Image Provisioner
2026-10-06T17:26:43.2995496Z Hosted Compute Agent
2026-10-06T17:26:43.2996080Z Version: 20261002.596
2026-10-06T17:26:43.2996791Z Commit: c3d12f3313a95f25162a1503be624f3b0617f8c0
2026-10-06T17:26:43.2997546Z Build Date: 2026-10-02T22:28:27Z
2026-10-06T17:26:43.2998258Z Worker ID: {e452734b-fd98-45b6-8ba7-a19a81c3a786}
2026-10-06T17:26:43.2998969Z Region: westus
2026-10-06T17:26:43.2999513Z Cloud: Azure
2026-10-06T17:26:43.3000649Z ##[endgroup]
2026-10-06T17:26:43.3002353Z ##[group]Operating System
2026-10-06T17:26:43.3003070Z Ubuntu
2026-10-06T17:26:43.3003611Z 24.04.5
2026-10-06T17:26:43.3004127Z LTS
2026-10-06T17:26:43.3004693Z ##[endgroup]
2026-10-06T17:26:43.3005277Z ##[group]Runner Image
2026-10-06T17:26:43.3005871Z Image: ubuntu-24.04
2026-10-06T17:26:43.3006501Z Version: 20261004.327.1
2026-10-06T17:26:43.3007734Z Included Software: https://github.com/actions/runner-images/blob/ubuntu24/20261004.327/images/ubuntu/Ubuntu2404-Readme.md
2026-10-06T17:26:43.3009455Z Image Release: https://github.com/actions/runner-images/releases/tag/ubuntu24%2F20261004.327
2026-10-06T17:26:43.3010608Z ##[endgroup]
2026-10-06T17:26:43.3011804Z ##[group]GITHUB_TOKEN Permissions
2026-10-06T17:26:43.3013604Z Contents: read
2026-10-06T17:26:43.3014358Z Metadata: read
2026-10-06T17:26:43.3014954Z ##[endgroup]
2026-10-06T17:26:43.3017018Z Secret source: Actions
2026-10-06T17:26:43.3017943Z Cache mode: write
2026-10-06T17:26:43.3018661Z Prepare workflow directory
2026-10-06T17:26:43.3464322Z Prepare all required actions
2026-10-06T17:26:43.3513150Z Getting action download info
2026-10-06T17:26:43.7372705Z Download action repository 'actions/checkout@3d3c42e5aac5ba805825da76410c181273ba90b1' (SHA:3d3c42e5aac5ba805825da76410c181273ba90b1)
2026-10-06T17:26:43.9223490Z Complete job name: gVisor Observer Helper
2026-10-06T17:26:43.9980776Z ##[group]Run actions/checkout@3d3c42e5aac5ba805825da76410c181273ba90b1
2026-10-06T17:26:43.9981890Z with:
2026-10-06T17:26:43.9982376Z   persist-credentials: false
2026-10-06T17:26:43.9982931Z   repository: rahoney/heliopause
2026-10-06T17:26:43.9986679Z   token: ***
2026-10-06T17:26:43.9987125Z   ssh-strict: true
2026-10-06T17:26:43.9987569Z   ssh-user: git
2026-10-06T17:26:43.9988002Z   clean: true
2026-10-06T17:26:43.9988457Z   sparse-checkout-cone-mode: true
2026-10-06T17:26:43.9988988Z   fetch-depth: 1
2026-10-06T17:26:43.9989422Z   fetch-tags: false
2026-10-06T17:26:43.9990163Z   show-progress: true
2026-10-06T17:26:43.9990782Z   lfs: false
2026-10-06T17:26:43.9991210Z   submodules: false
2026-10-06T17:26:43.9991662Z   set-safe-directory: true
2026-10-06T17:26:43.9992174Z   allow-unsafe-pr-checkout: false
2026-10-06T17:26:43.9993032Z ##[endgroup]
2026-10-06T17:26:44.0972932Z Syncing repository: rahoney/heliopause
2026-10-06T17:26:44.0974794Z ##[group]Getting Git version info
2026-10-06T17:26:44.0975580Z Working directory is '/home/runner/work/heliopause/heliopause'
2026-10-06T17:26:44.0976615Z [command]/usr/bin/git version
2026-10-06T17:26:44.1065727Z git version 2.55.0
2026-10-06T17:26:44.1092062Z ##[endgroup]
2026-10-06T17:26:44.1104672Z Temporarily overriding HOME='/home/runner/work/_temp/dd436950-1db8-4db5-98ed-861191500753' before making global git config changes
2026-10-06T17:26:44.1107412Z Adding repository directory to the temporary git global config as a safe directory
2026-10-06T17:26:44.1111280Z [command]/usr/bin/git config --global --add safe.directory /home/runner/work/heliopause/heliopause
2026-10-06T17:26:44.1163771Z Deleting the contents of '/home/runner/work/heliopause/heliopause'
2026-10-06T17:26:44.1166835Z ##[group]Determining repository object format
2026-10-06T17:26:44.1168387Z ##[endgroup]
2026-10-06T17:26:44.1169662Z ##[group]Initializing the repository
2026-10-06T17:26:44.1172705Z [command]/usr/bin/git init /home/runner/work/heliopause/heliopause
2026-10-06T17:26:44.1284552Z hint: Using 'master' as the name for the initial branch. This default branch name
2026-10-06T17:26:44.1286476Z hint: will change to "main" in Git 3.0. To configure the initial branch name
2026-10-06T17:26:44.1287754Z hint: to use in all of your new repositories, which will suppress this warning,
2026-10-06T17:26:44.1288511Z hint: call:
2026-10-06T17:26:44.1288926Z hint:
2026-10-06T17:26:44.1289451Z hint: 	git config --global init.defaultBranch <name>
2026-10-06T17:26:44.1290352Z hint:
2026-10-06T17:26:44.1290951Z hint: Names commonly chosen instead of 'master' are 'main', 'trunk' and
2026-10-06T17:26:44.1291908Z hint: 'development'. The just-created branch can be renamed via this command:
2026-10-06T17:26:44.1292654Z hint:
2026-10-06T17:26:44.1293075Z hint: 	git branch -m <name>
2026-10-06T17:26:44.1293560Z hint:
2026-10-06T17:26:44.1294207Z hint: Disable this message with "git config set advice.defaultBranchName false"
2026-10-06T17:26:44.1300209Z Initialized empty Git repository in /home/runner/work/heliopause/heliopause/.git/
2026-10-06T17:26:44.1310196Z [command]/usr/bin/git remote add origin https://github.com/rahoney/heliopause
2026-10-06T17:26:44.1356205Z ##[endgroup]
2026-10-06T17:26:44.1357517Z ##[group]Disabling automatic garbage collection
2026-10-06T17:26:44.1361082Z [command]/usr/bin/git config --local gc.auto 0
2026-10-06T17:26:44.1394035Z ##[endgroup]
2026-10-06T17:26:44.1395472Z ##[group]Setting up auth
2026-10-06T17:26:44.1400839Z Removing SSH command configuration
2026-10-06T17:26:44.1408322Z [command]/usr/bin/git config --local --name-only --get-regexp core\.sshCommand
2026-10-06T17:26:44.1434636Z [command]/usr/bin/git submodule foreach --recursive sh -c "git config --local --name-only --get-regexp 'core\.sshCommand' && git config --local --unset-all 'core.sshCommand' || :"
2026-10-06T17:26:44.1811672Z Removing HTTP extra header
2026-10-06T17:26:44.1827732Z [command]/usr/bin/git config --local --name-only --get-regexp http\.https\:\/\/github\.com\/\.extraheader
2026-10-06T17:26:44.1857052Z [command]/usr/bin/git submodule foreach --recursive sh -c "git config --local --name-only --get-regexp 'http\.https\:\/\/github\.com\/\.extraheader' && git config --local --unset-all 'http.https://github.com/.extraheader' || :"
2026-10-06T17:26:44.2076615Z Removing includeIf entries pointing to credentials config files
2026-10-06T17:26:44.2081623Z [command]/usr/bin/git config --local --name-only --get-regexp ^includeIf\.gitdir:
2026-10-06T17:26:44.2115097Z [command]/usr/bin/git submodule foreach --recursive git config --local --show-origin --name-only --get-regexp remote.origin.url
2026-10-06T17:26:44.2338831Z [command]/usr/bin/git config --file /home/runner/work/_temp/git-credentials-5b299cc7-8014-414f-a7d3-76f2e73da788.config http.https://github.com/.extraheader AUTHORIZATION: basic ***
2026-10-06T17:26:44.2379239Z [command]/usr/bin/git config --local includeIf.gitdir:/home/runner/work/heliopause/heliopause/.git.path /home/runner/work/_temp/git-credentials-5b299cc7-8014-414f-a7d3-76f2e73da788.config
2026-10-06T17:26:44.2448702Z [command]/usr/bin/git config --local includeIf.gitdir:/home/runner/work/heliopause/heliopause/.git/worktrees/*.path /home/runner/work/_temp/git-credentials-5b299cc7-8014-414f-a7d3-76f2e73da788.config
2026-10-06T17:26:44.2486879Z [command]/usr/bin/git config --local includeIf.gitdir:/github/workspace/.git.path /github/runner_temp/git-credentials-5b299cc7-8014-414f-a7d3-76f2e73da788.config
2026-10-06T17:26:44.2524298Z [command]/usr/bin/git config --local includeIf.gitdir:/github/workspace/.git/worktrees/*.path /github/runner_temp/git-credentials-5b299cc7-8014-414f-a7d3-76f2e73da788.config
2026-10-06T17:26:44.2555555Z ##[endgroup]
2026-10-06T17:26:44.2556770Z ##[group]Fetching the repository
2026-10-06T17:26:44.2561419Z [command]/usr/bin/git -c protocol.version=2 fetch --no-tags --prune --no-recurse-submodules --depth=1 origin +c375a45baa7a3a224053312459dcfb527e41e3d0:refs/remotes/pull/29/merge
2026-10-06T17:26:45.1718834Z From https://github.com/rahoney/heliopause
2026-10-06T17:26:45.1721235Z  * [new ref]         c375a45baa7a3a224053312459dcfb527e41e3d0 -> pull/29/merge
2026-10-06T17:26:45.1725317Z ##[endgroup]
2026-10-06T17:26:45.1726811Z ##[group]Determining the checkout info
2026-10-06T17:26:45.1728149Z ##[endgroup]
2026-10-06T17:26:45.1728937Z [command]/usr/bin/git sparse-checkout disable
2026-10-06T17:26:45.1771342Z [command]/usr/bin/git config --local --unset-all extensions.worktreeConfig
2026-10-06T17:26:45.1804312Z ##[group]Checking out the ref
2026-10-06T17:26:45.1807942Z [command]/usr/bin/git checkout --progress --force refs/remotes/pull/29/merge
2026-10-06T17:26:45.2812693Z Note: switching to 'refs/remotes/pull/29/merge'.
2026-10-06T17:26:45.2813979Z 
2026-10-06T17:26:45.2814740Z You are in 'detached HEAD' state. You can look around, make experimental
2026-10-06T17:26:45.2816558Z changes and commit them, and you can discard any commits you make in this
2026-10-06T17:26:45.2818323Z state without impacting any branches by switching back to a branch.
2026-10-06T17:26:45.2819450Z 
2026-10-06T17:26:45.2820485Z If you want to create a new branch to retain commits you create, you may
2026-10-06T17:26:45.2822167Z do so (now or later) by using -c with the switch command. Example:
2026-10-06T17:26:45.2823082Z 
2026-10-06T17:26:45.2823508Z   git switch -c <new-branch-name>
2026-10-06T17:26:45.2824168Z 
2026-10-06T17:26:45.2824623Z Or undo this operation with:
2026-10-06T17:26:45.2825424Z 
2026-10-06T17:26:45.2826218Z   git switch -
2026-10-06T17:26:45.2827284Z 
2026-10-06T17:26:45.2828803Z Turn off this advice by setting config variable advice.detachedHead to false
2026-10-06T17:26:45.2831130Z 
2026-10-06T17:26:45.2832958Z HEAD is now at c375a45 Merge 132baead052842deddc63c6016c7d2811958cb0a into 62c3b595e8e27a4a1d836849643c372692a39b8b
2026-10-06T17:26:45.2837912Z ##[endgroup]
2026-10-06T17:26:45.2874736Z [command]/usr/bin/git log -1 --format=%H
2026-10-06T17:26:45.2903335Z c375a45baa7a3a224053312459dcfb527e41e3d0
2026-10-06T17:26:45.2913298Z ##[group]Removing auth
2026-10-06T17:26:45.2914927Z Removing SSH command configuration
2026-10-06T17:26:45.2917834Z [command]/usr/bin/git config --local --name-only --get-regexp core\.sshCommand
2026-10-06T17:26:45.2953160Z [command]/usr/bin/git submodule foreach --recursive sh -c "git config --local --name-only --get-regexp 'core\.sshCommand' && git config --local --unset-all 'core.sshCommand' || :"
2026-10-06T17:26:45.3177274Z Removing HTTP extra header
2026-10-06T17:26:45.3181136Z [command]/usr/bin/git config --local --name-only --get-regexp http\.https\:\/\/github\.com\/\.extraheader
2026-10-06T17:26:45.3217243Z [command]/usr/bin/git submodule foreach --recursive sh -c "git config --local --name-only --get-regexp 'http\.https\:\/\/github\.com\/\.extraheader' && git config --local --unset-all 'http.https://github.com/.extraheader' || :"
2026-10-06T17:26:45.3439497Z Removing includeIf entries pointing to credentials config files
2026-10-06T17:26:45.3443459Z [command]/usr/bin/git config --local --name-only --get-regexp ^includeIf\.gitdir:
2026-10-06T17:26:45.3486790Z includeif.gitdir:/home/runner/work/heliopause/heliopause/.git.path
2026-10-06T17:26:45.3489405Z includeif.gitdir:/home/runner/work/heliopause/heliopause/.git/worktrees/*.path
2026-10-06T17:26:45.3491954Z includeif.gitdir:/github/workspace/.git.path
2026-10-06T17:26:45.3493919Z includeif.gitdir:/github/workspace/.git/worktrees/*.path
2026-10-06T17:26:45.3498506Z [command]/usr/bin/git config --local --get-all includeif.gitdir:/home/runner/work/heliopause/heliopause/.git.path
2026-10-06T17:26:45.3522056Z /home/runner/work/_temp/git-credentials-5b299cc7-8014-414f-a7d3-76f2e73da788.config
2026-10-06T17:26:45.3533813Z [command]/usr/bin/git config --local --unset includeif.gitdir:/home/runner/work/heliopause/heliopause/.git.path \/home\/runner\/work\/_temp\/git\-credentials\-5b299cc7\-8014\-414f\-a7d3\-76f2e73da788\.config
2026-10-06T17:26:45.3578509Z [command]/usr/bin/git config --local --get-all includeif.gitdir:/home/runner/work/heliopause/heliopause/.git/worktrees/*.path
2026-10-06T17:26:45.3632464Z /home/runner/work/_temp/git-credentials-5b299cc7-8014-414f-a7d3-76f2e73da788.config
2026-10-06T17:26:45.3643671Z [command]/usr/bin/git config --local --unset includeif.gitdir:/home/runner/work/heliopause/heliopause/.git/worktrees/*.path \/home\/runner\/work\/_temp\/git\-credentials\-5b299cc7\-8014\-414f\-a7d3\-76f2e73da788\.config
2026-10-06T17:26:45.3678566Z [command]/usr/bin/git config --local --get-all includeif.gitdir:/github/workspace/.git.path
2026-10-06T17:26:45.3704191Z /github/runner_temp/git-credentials-5b299cc7-8014-414f-a7d3-76f2e73da788.config
2026-10-06T17:26:45.3713389Z [command]/usr/bin/git config --local --unset includeif.gitdir:/github/workspace/.git.path \/github\/runner_temp\/git\-credentials\-5b299cc7\-8014\-414f\-a7d3\-76f2e73da788\.config
2026-10-06T17:26:45.3762206Z [command]/usr/bin/git config --local --get-all includeif.gitdir:/github/workspace/.git/worktrees/*.path
2026-10-06T17:26:45.3792449Z /github/runner_temp/git-credentials-5b299cc7-8014-414f-a7d3-76f2e73da788.config
2026-10-06T17:26:45.3803794Z [command]/usr/bin/git config --local --unset includeif.gitdir:/github/workspace/.git/worktrees/*.path \/github\/runner_temp\/git\-credentials\-5b299cc7\-8014\-414f\-a7d3\-76f2e73da788\.config
2026-10-06T17:26:45.3831164Z [command]/usr/bin/git submodule foreach --recursive git config --local --show-origin --name-only --get-regexp remote.origin.url
2026-10-06T17:26:45.4069169Z Removing credentials config '/home/runner/work/_temp/git-credentials-5b299cc7-8014-414f-a7d3-76f2e73da788.config'
2026-10-06T17:26:45.4078282Z ##[endgroup]
2026-10-06T17:26:45.4272747Z ##[group]Run set -eu
2026-10-06T17:26:45.4273149Z [36;1mset -eu[0m
2026-10-06T17:26:45.4273470Z [36;1mruntime_lock=scripts/runtimes.lock.json[0m
2026-10-06T17:26:45.4273852Z [36;1mtest -f "$runtime_lock"[0m
2026-10-06T17:26:45.4274306Z [36;1mgvisor_repository="$(jq -er '.gvisor.source_repository' "$runtime_lock")"[0m
2026-10-06T17:26:45.4274859Z [36;1mgvisor_commit="$(jq -er '.gvisor.commit' "$runtime_lock")"[0m
2026-10-06T17:26:45.4275380Z [36;1mgvisor_patch_path="$(jq -er '.gvisor.patch.path' "$runtime_lock")"[0m
2026-10-06T17:26:45.4275951Z [36;1mgvisor_patch_sha256="$(jq -er '.gvisor.patch.sha256' "$runtime_lock")"[0m
2026-10-06T17:26:45.4276524Z [36;1mbazel_url="$(jq -er '.bazel.linux_x86_64_url' "$runtime_lock")"[0m
2026-10-06T17:26:45.4277048Z [36;1mbazel_sha512="$(jq -er '.bazel.linux_x86_64_sha512' "$runtime_lock")"[0m
2026-10-06T17:26:45.4277485Z [36;1mcase "$gvisor_patch_path" in[0m
2026-10-06T17:26:45.4277810Z [36;1m  tools/gvisor/*.patch) ;;[0m
2026-10-06T17:26:45.4278276Z [36;1m  *) echo "runtime lock gVisor patch path is invalid" >&2; exit 1 ;;[0m
2026-10-06T17:26:45.4278703Z [36;1mesac[0m
2026-10-06T17:26:45.4278967Z [36;1mtest -f "$gvisor_patch_path"[0m
2026-10-06T17:26:45.4279453Z [36;1mtest "$(sha256sum "$gvisor_patch_path" | awk '{print $1}')" = "$gvisor_patch_sha256"[0m
2026-10-06T17:26:45.4280224Z [36;1mpatch_abs="$PWD/$gvisor_patch_path"[0m
2026-10-06T17:26:45.4280712Z [36;1mgit clone --filter=blob:none "$gvisor_repository" "$RUNNER_TEMP/gvisor"[0m
2026-10-06T17:26:45.4281264Z [36;1mgit -C "$RUNNER_TEMP/gvisor" checkout --detach "$gvisor_commit"[0m
2026-10-06T17:26:45.4281803Z [36;1mtest "$(git -C "$RUNNER_TEMP/gvisor" rev-parse HEAD)" = "$gvisor_commit"[0m
2026-10-06T17:26:45.4282308Z [36;1mgit -C "$RUNNER_TEMP/gvisor" apply --check "$patch_abs"[0m
2026-10-06T17:26:45.4282747Z [36;1mgit -C "$RUNNER_TEMP/gvisor" apply "$patch_abs"[0m
2026-10-06T17:26:45.4283289Z [36;1mcurl --fail --location --silent --show-error --output "$RUNNER_TEMP/bazel" "$bazel_url"[0m
2026-10-06T17:26:45.4283920Z [36;1mtest "$(sha512sum "$RUNNER_TEMP/bazel" | awk '{print $1}')" = "$bazel_sha512"[0m
2026-10-06T17:26:45.4284385Z [36;1mchmod 0755 "$RUNNER_TEMP/bazel"[0m
2026-10-06T17:26:45.4284851Z [36;1mcp -R tools/gvisor-observer "$RUNNER_TEMP/gvisor/tools/haa_gvisor_observer"[0m
2026-10-06T17:26:45.4285321Z [36;1mcd "$RUNNER_TEMP/gvisor"[0m
2026-10-06T17:26:45.4285991Z [36;1m"$RUNNER_TEMP/bazel" build -c opt //tools/haa_gvisor_observer:haa_gvisor_observer //tools/haa_gvisor_observer:haa_gvisor_observer_latch_test[0m
2026-10-06T17:26:45.4286967Z [36;1mbazel-bin/tools/haa_gvisor_observer/haa_gvisor_observer_latch_test[0m
2026-10-06T17:26:45.4543130Z shell: /usr/bin/bash -e {0}
2026-10-06T17:26:45.4543510Z ##[endgroup]
2026-10-06T17:26:45.4846503Z Cloning into '/home/runner/work/_temp/gvisor'...
2026-10-06T17:26:50.7587093Z Updating files:   0% (1/4374)
2026-10-06T17:26:50.7733695Z Updating files:   1% (44/4374)
2026-10-06T17:26:50.7780628Z Updating files:   2% (88/4374)
2026-10-06T17:26:50.7831020Z Updating files:   3% (132/4374)
2026-10-06T17:26:50.7857347Z Updating files:   4% (175/4374)
2026-10-06T17:26:50.7889455Z Updating files:   5% (219/4374)
2026-10-06T17:26:50.7916902Z Updating files:   6% (263/4374)
2026-10-06T17:26:50.7951810Z Updating files:   7% (307/4374)
2026-10-06T17:26:50.7979427Z Updating files:   8% (350/4374)
2026-10-06T17:26:50.8006550Z Updating files:   9% (394/4374)
2026-10-06T17:26:50.8038273Z Updating files:  10% (438/4374)
2026-10-06T17:26:50.8110675Z Updating files:  11% (482/4374)
2026-10-06T17:26:50.8126809Z Updating files:  12% (525/4374)
2026-10-06T17:26:50.8155077Z Updating files:  13% (569/4374)
2026-10-06T17:26:50.8177987Z Updating files:  14% (613/4374)
2026-10-06T17:26:50.8230748Z Updating files:  15% (657/4374)
2026-10-06T17:26:50.8273653Z Updating files:  16% (700/4374)
2026-10-06T17:26:50.8310366Z Updating files:  17% (744/4374)
2026-10-06T17:26:50.8347255Z Updating files:  18% (788/4374)
2026-10-06T17:26:50.8384986Z Updating files:  19% (832/4374)
2026-10-06T17:26:50.8413596Z Updating files:  20% (875/4374)
2026-10-06T17:26:50.8445980Z Updating files:  21% (919/4374)
2026-10-06T17:26:50.8475097Z Updating files:  22% (963/4374)
2026-10-06T17:26:50.8509616Z Updating files:  23% (1007/4374)
2026-10-06T17:26:50.8546755Z Updating files:  24% (1050/4374)
2026-10-06T17:26:50.8579702Z Updating files:  25% (1094/4374)
2026-10-06T17:26:50.8612268Z Updating files:  26% (1138/4374)
2026-10-06T17:26:50.8638775Z Updating files:  27% (1181/4374)
2026-10-06T17:26:50.8689317Z Updating files:  28% (1225/4374)
2026-10-06T17:26:50.8723229Z Updating files:  29% (1269/4374)
2026-10-06T17:26:50.8757809Z Updating files:  30% (1313/4374)
2026-10-06T17:26:50.8793662Z Updating files:  31% (1356/4374)
2026-10-06T17:26:50.8817455Z Updating files:  32% (1400/4374)
2026-10-06T17:26:50.8942406Z Updating files:  33% (1444/4374)
2026-10-06T17:26:50.8943109Z Updating files:  34% (1488/4374)
2026-10-06T17:26:50.8943619Z Updating files:  35% (1531/4374)
2026-10-06T17:26:50.8945794Z Updating files:  36% (1575/4374)
2026-10-06T17:26:50.8981477Z Updating files:  37% (1619/4374)
2026-10-06T17:26:50.9016301Z Updating files:  38% (1663/4374)
2026-10-06T17:26:50.9044533Z Updating files:  39% (1706/4374)
2026-10-06T17:26:50.9071798Z Updating files:  40% (1750/4374)
2026-10-06T17:26:50.9099356Z Updating files:  41% (1794/4374)
2026-10-06T17:26:50.9125293Z Updating files:  42% (1838/4374)
2026-10-06T17:26:50.9160941Z Updating files:  43% (1881/4374)
2026-10-06T17:26:50.9186499Z Updating files:  44% (1925/4374)
2026-10-06T17:26:50.9213910Z Updating files:  45% (1969/4374)
2026-10-06T17:26:50.9237950Z Updating files:  46% (2013/4374)
2026-10-06T17:26:50.9261892Z Updating files:  47% (2056/4374)
2026-10-06T17:26:50.9295865Z Updating files:  48% (2100/4374)
2026-10-06T17:26:50.9325485Z Updating files:  49% (2144/4374)
2026-10-06T17:26:50.9353842Z Updating files:  50% (2187/4374)
2026-10-06T17:26:50.9402675Z Updating files:  51% (2231/4374)
2026-10-06T17:26:50.9449034Z Updating files:  52% (2275/4374)
2026-10-06T17:26:50.9491831Z Updating files:  53% (2319/4374)
2026-10-06T17:26:50.9570875Z Updating files:  54% (2362/4374)
2026-10-06T17:26:50.9605915Z Updating files:  55% (2406/4374)
2026-10-06T17:26:50.9651553Z Updating files:  56% (2450/4374)
2026-10-06T17:26:50.9682080Z Updating files:  57% (2494/4374)
2026-10-06T17:26:50.9711296Z Updating files:  58% (2537/4374)
2026-10-06T17:26:50.9749471Z Updating files:  59% (2581/4374)
2026-10-06T17:26:50.9778912Z Updating files:  60% (2625/4374)
2026-10-06T17:26:50.9803351Z Updating files:  61% (2669/4374)
2026-10-06T17:26:50.9832924Z Updating files:  62% (2712/4374)
2026-10-06T17:26:50.9875371Z Updating files:  63% (2756/4374)
2026-10-06T17:26:50.9907083Z Updating files:  64% (2800/4374)
2026-10-06T17:26:50.9941988Z Updating files:  65% (2844/4374)
2026-10-06T17:26:50.9974652Z Updating files:  66% (2887/4374)
2026-10-06T17:26:50.9998517Z Updating files:  67% (2931/4374)
2026-10-06T17:26:51.0026715Z Updating files:  68% (2975/4374)
2026-10-06T17:26:51.0059082Z Updating files:  69% (3019/4374)
2026-10-06T17:26:51.0090163Z Updating files:  70% (3062/4374)
2026-10-06T17:26:51.0123492Z Updating files:  71% (3106/4374)
2026-10-06T17:26:51.0153096Z Updating files:  72% (3150/4374)
2026-10-06T17:26:51.0182397Z Updating files:  73% (3194/4374)
2026-10-06T17:26:51.0206989Z Updating files:  74% (3237/4374)
2026-10-06T17:26:51.0234792Z Updating files:  75% (3281/4374)
2026-10-06T17:26:51.0263406Z Updating files:  76% (3325/4374)
2026-10-06T17:26:51.0302034Z Updating files:  77% (3368/4374)
2026-10-06T17:26:51.0338140Z Updating files:  78% (3412/4374)
2026-10-06T17:26:51.0385527Z Updating files:  79% (3456/4374)
2026-10-06T17:26:51.0422703Z Updating files:  80% (3500/4374)
2026-10-06T17:26:51.0458373Z Updating files:  81% (3543/4374)
2026-10-06T17:26:51.0498311Z Updating files:  82% (3587/4374)
2026-10-06T17:26:51.0524677Z Updating files:  83% (3631/4374)
2026-10-06T17:26:51.0560416Z Updating files:  84% (3675/4374)
2026-10-06T17:26:51.0584966Z Updating files:  85% (3718/4374)
2026-10-06T17:26:51.0611683Z Updating files:  86% (3762/4374)
2026-10-06T17:26:51.0643913Z Updating files:  87% (3806/4374)
2026-10-06T17:26:51.0666670Z Updating files:  88% (3850/4374)
2026-10-06T17:26:51.0692612Z Updating files:  89% (3893/4374)
2026-10-06T17:26:51.0719986Z Updating files:  90% (3937/4374)
2026-10-06T17:26:51.0748472Z Updating files:  91% (3981/4374)
2026-10-06T17:26:51.0777265Z Updating files:  92% (4025/4374)
2026-10-06T17:26:51.0803563Z Updating files:  93% (4068/4374)
2026-10-06T17:26:51.0826480Z Updating files:  94% (4112/4374)
2026-10-06T17:26:51.0877380Z Updating files:  95% (4156/4374)
2026-10-06T17:26:51.1078412Z Updating files:  96% (4200/4374)
2026-10-06T17:26:51.1672279Z Updating files:  97% (4243/4374)
2026-10-06T17:26:51.1715122Z Updating files:  98% (4287/4374)
2026-10-06T17:26:51.1748629Z Updating files:  99% (4331/4374)
2026-10-06T17:26:51.1749395Z Updating files: 100% (4374/4374)
2026-10-06T17:26:51.1750126Z Updating files: 100% (4374/4374), done.
2026-10-06T17:26:52.4892621Z HEAD is now at 7c6199801 Support NVIDIA IMEX-620.30 in gVisor.
2026-10-06T17:26:53.0561656Z Extracting Bazel installation...
2026-10-06T17:26:53.9884917Z Starting local Bazel server (8.3.1) and connecting to it...
2026-10-06T17:26:55.5679330Z Computing main repo mapping: 
2026-10-06T17:26:56.5738660Z Computing main repo mapping: 
2026-10-06T17:26:57.5734680Z Computing main repo mapping: 
2026-10-06T17:26:59.0431648Z Computing main repo mapping: 
2026-10-06T17:27:00.0510424Z Computing main repo mapping: 
2026-10-06T17:27:01.0579232Z Computing main repo mapping: 
2026-10-06T17:27:01.6399713Z WARNING: For repository 'bazel_skylib', the root module requires module version bazel_skylib@1.7.1, but got bazel_skylib@1.8.2 in the resolved dependency graph. Please update the version in your MODULE.bazel or set --check_direct_dependencies=off
2026-10-06T17:27:02.1008184Z Computing main repo mapping: 
2026-10-06T17:27:03.1290816Z Computing main repo mapping: 
2026-10-06T17:27:04.0025792Z Loading: 
2026-10-06T17:27:04.0055327Z Loading: 2 packages loaded
2026-10-06T17:27:05.1564805Z Loading: 2 packages loaded
2026-10-06T17:27:05.1565206Z     currently loading: tools/haa_gvisor_observer
2026-10-06T17:27:05.8542614Z DEBUG: /home/runner/.cache/bazel/_bazel_runner/a1b24ff0a5ad432a517b429ddfed25d5/external/gazelle+/internal/bzlmod/go_deps.bzl:660:36: The following Go modules were required by the root module at the given versions, but were implicitly updated to higher versions due to transitive dependencies:
2026-10-06T17:27:05.8570470Z  
2026-10-06T17:27:05.8600691Z   go.opentelemetry.io/auto/sdk: v1.1.0 -> v1.2.1 
2026-10-06T17:27:05.8602260Z   go.opentelemetry.io/contrib/instrumentation/google.golang.org/grpc/otelgrpc: v0.61.0 -> v0.67.0 
2026-10-06T17:27:05.8630662Z   golang.org/x/crypto: v0.42.0 -> v0.49.0 
2026-10-06T17:27:05.8660570Z   golang.org/x/term: v0.35.0 -> v0.42.0 
2026-10-06T17:27:05.8676176Z   golang.org/x/net: v0.44.0 -> v0.52.0 
2026-10-06T17:27:05.8690702Z   go.opentelemetry.io/otel: v1.37.0 -> v1.43.0 
2026-10-06T17:27:05.8720679Z   go.opentelemetry.io/otel/metric: v1.28.0 -> v1.43.0 
2026-10-06T17:27:05.8745710Z   github.com/felixge/httpsnoop: v1.0.2 -> v1.0.4 
2026-10-06T17:27:05.8751018Z   go.opentelemetry.io/contrib/instrumentation/net/http/otelhttp: v0.53.0 -> v0.67.0 
2026-10-06T17:27:05.8752102Z   go.opentelemetry.io/otel/trace: v1.28.0 -> v1.43.0 
2026-10-06T17:27:05.8753170Z   github.com/opencontainers/image-spec: v1.0.2 -> v1.1.1 
2026-10-06T17:27:05.8754061Z   cloud.google.com/go: v0.105.0 -> v0.123.0 
2026-10-06T17:27:05.8754796Z   cloud.google.com/go/iam: v0.8.0 -> v1.7.0 
2026-10-06T17:27:05.8755626Z   cloud.google.com/go/compute/metadata: v0.8.0 -> v0.9.0 
2026-10-06T17:27:05.8756637Z   github.com/googleapis/enterprise-certificate-proxy: v0.3.6 -> v0.3.14 
2026-10-06T17:27:05.8757693Z   golang.org/x/oauth2: v0.30.0 -> v0.36.0 
2026-10-06T17:27:05.8761175Z   google.golang.org/genproto: v0.0.0-20250707201910-8d1bb00bc6a7 -> v0.0.0-20260319201613-d00831a3d3e7 
2026-10-06T17:27:05.8762760Z   github.com/googleapis/gax-go/v2: v2.15.0 -> v2.21.0 
2026-10-06T17:27:05.8763397Z 
2026-10-06T17:27:05.8763914Z Update the root module's dependencies to match the resolved versions via:
2026-10-06T17:27:05.8764669Z 
2026-10-06T17:27:05.8769736Z   bazel run @io_bazel_rules_go//go -- get go.opentelemetry.io/auto/sdk@v1.2.1 go.opentelemetry.io/contrib/instrumentation/google.golang.org/grpc/otelgrpc@v0.67.0 golang.org/x/crypto@v0.49.0 golang.org/x/term@v0.42.0 golang.org/x/net@v0.52.0 go.opentelemetry.io/otel@v1.43.0 go.opentelemetry.io/otel/metric@v1.43.0 github.com/felixge/httpsnoop@v1.0.4 go.opentelemetry.io/contrib/instrumentation/net/http/otelhttp@v0.67.0 go.opentelemetry.io/otel/trace@v1.43.0 github.com/opencontainers/image-spec@v1.1.1 cloud.google.com/go@v0.123.0 cloud.google.com/go/iam@v1.7.0 cloud.google.com/go/compute/metadata@v0.9.0 github.com/googleapis/enterprise-certificate-proxy@v0.3.14 golang.org/x/oauth2@v0.36.0 google.golang.org/genproto@v0.0.0-20260319201613-d00831a3d3e7 github.com/googleapis/gax-go/v2@v2.21.0 
2026-10-06T17:27:05.8790776Z 
2026-10-06T17:27:06.1642884Z Analyzing: 2 targets (3 packages loaded, 0 targets configured)
2026-10-06T17:27:06.1826597Z Analyzing: 2 targets (3 packages loaded, 0 targets configured)
2026-10-06T17:27:06.1827501Z 
2026-10-06T17:27:07.1901168Z Analyzing: 2 targets (62 packages loaded, 7 targets configured)
2026-10-06T17:27:07.1931354Z 
2026-10-06T17:27:08.5764345Z Analyzing: 2 targets (65 packages loaded, 7 targets configured)
2026-10-06T17:27:08.5765012Z 
2026-10-06T17:27:09.5891224Z Analyzing: 2 targets (68 packages loaded, 699 targets configured)
2026-10-06T17:27:09.5950337Z 
2026-10-06T17:27:10.5845608Z Analyzing: 2 targets (92 packages loaded, 3755 targets configured)
2026-10-06T17:27:10.5864415Z 
2026-10-06T17:27:11.8561869Z Analyzing: 2 targets (128 packages loaded, 6138 targets configured)
2026-10-06T17:27:11.8630339Z 
2026-10-06T17:27:12.5800333Z INFO: Analyzed 2 targets (130 packages loaded, 6534 targets configured).
2026-10-06T17:27:12.8576185Z [155 / 939] Compiling absl/base/internal/raw_logging.cc [for tool]; 0s processwrapper-sandbox ... (4 actions, 3 running)
2026-10-06T17:27:14.0511625Z [172 / 939] Linking external/abseil-cpp+/absl/base/libthrow_delegate.a [for tool]; 0s processwrapper-sandbox ... (3 actions, 1 running)
2026-10-06T17:27:15.0751357Z [198 / 939] Compiling absl/debugging/internal/address_is_readable.cc [for tool]; 0s processwrapper-sandbox ... (4 actions, 3 running)
2026-10-06T17:27:16.0961061Z [208 / 939] Compiling absl/base/internal/thread_identity.cc [for tool]; 0s processwrapper-sandbox ... (4 actions, 3 running)
2026-10-06T17:27:17.1621410Z [234 / 939] Compiling absl/crc/internal/crc_x86_arm_combined.cc [for tool]; 0s processwrapper-sandbox ... (4 actions, 3 running)
2026-10-06T17:27:18.3148170Z [241 / 939] Compiling absl/time/internal/cctz/src/time_zone_info.cc [for tool]; 1s processwrapper-sandbox ... (4 actions, 3 running)
2026-10-06T17:27:19.3541379Z [246 / 939] Compiling absl/time/internal/cctz/src/time_zone_info.cc [for tool]; 2s processwrapper-sandbox ... (4 actions, 3 running)
2026-10-06T17:27:20.4062642Z [253 / 939] Compiling absl/time/internal/cctz/src/time_zone_if.cc; 0s processwrapper-sandbox ... (4 actions, 3 running)
2026-10-06T17:27:21.4461489Z [258 / 939] Compiling absl/strings/escaping.cc [for tool]; 1s processwrapper-sandbox ... (4 actions, 3 running)
2026-10-06T17:27:22.5901371Z [265 / 939] Compiling absl/time/internal/cctz/src/time_zone_info.cc; 2s processwrapper-sandbox ... (4 actions running)
2026-10-06T17:27:23.5916864Z [270 / 939] Compiling absl/strings/internal/charconv_bigint.cc [for tool]; 1s processwrapper-sandbox ... (4 actions running)
2026-10-06T17:27:24.5951360Z [299 / 939] Compiling absl/hash/internal/hash.cc [for tool]; 1s processwrapper-sandbox ... (4 actions running)
2026-10-06T17:27:26.0451602Z [309 / 939] Compiling absl/strings/internal/str_format/arg.cc [for tool]; 1s processwrapper-sandbox ... (4 actions, 3 running)
2026-10-06T17:27:27.1172488Z [315 / 939] Compiling absl/time/internal/cctz/src/time_zone_format.cc [for tool]; 1s processwrapper-sandbox ... (4 actions, 3 running)
2026-10-06T17:27:28.2572056Z [319 / 939] Compiling absl/strings/internal/str_format/bind.cc [for tool]; 1s processwrapper-sandbox ... (4 actions, 3 running)
2026-10-06T17:27:29.4431623Z [322 / 939] Compiling absl/time/internal/cctz/src/time_zone_format.cc; 1s processwrapper-sandbox ... (4 actions, 3 running)
2026-10-06T17:27:30.4885141Z [333 / 939] Compiling absl/strings/internal/str_format/float_conversion.cc [for tool]; 1s processwrapper-sandbox ... (4 actions, 3 running)
2026-10-06T17:27:31.5981555Z [340 / 939] Compiling absl/debugging/internal/demangle.cc [for tool]; 1s processwrapper-sandbox ... (4 actions running)
2026-10-06T17:27:32.5971475Z [346 / 939] Compiling absl/strings/internal/str_format/parser.cc [for tool]; 1s processwrapper-sandbox ... (4 actions running)
2026-10-06T17:27:33.5972279Z [357 / 939] Compiling absl/synchronization/mutex.cc [for tool]; 1s processwrapper-sandbox ... (4 actions running)
2026-10-06T17:27:34.8751490Z [364 / 939] Compiling src/google/protobuf/port.cc [for tool]; 0s processwrapper-sandbox ... (4 actions, 3 running)
2026-10-06T17:27:35.8781620Z [380 / 939] Compiling absl/crc/crc32c.cc [for tool]; 0s processwrapper-sandbox ... (4 actions, 3 running)
2026-10-06T17:27:36.9816307Z [462 / 944] Compiling absl/log/internal/vlog_config.cc [for tool]; 1s processwrapper-sandbox ... (4 actions, 3 running)
2026-10-06T17:27:37.9895386Z [471 / 944] Compiling absl/crc/internal/crc_memcpy_x86_arm_combined.cc [for tool]; 0s processwrapper-sandbox ... (4 actions, 3 running)
2026-10-06T17:27:39.0182061Z [478 / 944] Compiling absl/crc/internal/crc_memcpy_x86_arm_combined.cc [for tool]; 1s processwrapper-sandbox ... (4 actions, 3 running)
2026-10-06T17:27:40.0901750Z [487 / 944] Compiling absl/crc/internal/crc_non_temporal_memcpy.cc [for tool]; 0s processwrapper-sandbox ... (4 actions, 3 running)
2026-10-06T17:27:41.1206249Z [500 / 944] Compiling absl/log/log_entry.cc [for tool]; 1s processwrapper-sandbox ... (4 actions, 3 running)
2026-10-06T17:27:42.1881432Z [509 / 944] Compiling absl/crc/internal/crc_cord_state.cc [for tool]; 1s processwrapper-sandbox ... (4 actions, 3 running)
2026-10-06T17:27:43.2941962Z [521 / 944] Compiling absl/strings/internal/cord_internal.cc [for tool]; 0s processwrapper-sandbox ... (4 actions, 3 running)
2026-10-06T17:27:44.6001348Z [528 / 944] Compiling absl/log/internal/log_message.cc [for tool]; 1s processwrapper-sandbox ... (4 actions running)
2026-10-06T17:27:45.6001455Z [535 / 944] Compiling absl/strings/internal/cord_rep_btree.cc [for tool]; 1s processwrapper-sandbox ... (4 actions running)
2026-10-06T17:27:46.8491639Z [543 / 944] Compiling absl/strings/internal/cord_rep_btree.cc [for tool]; 3s processwrapper-sandbox ... (4 actions, 3 running)
2026-10-06T17:27:47.8722069Z [551 / 944] Compiling absl/strings/numbers.cc [for tool]; 0s processwrapper-sandbox ... (4 actions, 3 running)
2026-10-06T17:27:49.3141455Z [559 / 944] Compiling absl/strings/internal/cord_rep_btree_reader.cc [for tool]; 0s processwrapper-sandbox ... (4 actions, 3 running)
2026-10-06T17:27:50.5941571Z [568 / 944] Compiling absl/strings/internal/cord_rep_consume.cc [for tool]; 0s processwrapper-sandbox ... (4 actions, 3 running)
2026-10-06T17:27:51.6024403Z [576 / 944] Compiling absl/strings/internal/str_format/arg.cc; 1s processwrapper-sandbox ... (4 actions running)
2026-10-06T17:27:52.8321405Z [583 / 944] Compiling absl/debugging/symbolize.cc; 0s processwrapper-sandbox ... (4 actions, 3 running)
2026-10-06T17:27:54.0991339Z [593 / 944] Compiling absl/time/civil_time.cc; 0s processwrapper-sandbox ... (4 actions, 3 running)
2026-10-06T17:27:55.1801649Z [596 / 944] Compiling absl/strings/internal/str_format/float_conversion.cc; 1s processwrapper-sandbox ... (4 actions, 3 running)
2026-10-06T17:27:56.4111331Z [600 / 944] Compiling absl/strings/cord.cc [for tool]; 2s processwrapper-sandbox ... (4 actions, 3 running)
2026-10-06T17:27:57.6061689Z [602 / 944] Compiling absl/strings/cord.cc [for tool]; 3s processwrapper-sandbox ... (4 actions running)
2026-10-06T17:27:58.6057873Z [605 / 944] Compiling absl/strings/cord.cc [for tool]; 4s processwrapper-sandbox ... (4 actions running)
2026-10-06T17:27:59.6050304Z [608 / 944] Compiling absl/strings/cord.cc [for tool]; 5s processwrapper-sandbox ... (4 actions running)
2026-10-06T17:28:00.6061394Z [614 / 944] Compiling absl/strings/cord.cc [for tool]; 6s processwrapper-sandbox ... (4 actions running)
2026-10-06T17:28:01.6096810Z [619 / 944] Compiling src/google/protobuf/port.cc; 1s processwrapper-sandbox ... (4 actions running)
2026-10-06T17:28:02.6107695Z [624 / 944] Compiling absl/strings/cord_analysis.cc [for tool]; 1s processwrapper-sandbox ... (4 actions running)
2026-10-06T17:28:03.9141585Z [631 / 944] Compiling absl/container/internal/raw_hash_set.cc [for tool]; 1s processwrapper-sandbox ... (4 actions, 3 running)
2026-10-06T17:28:05.0849236Z [637 / 944] Compiling absl/strings/str_replace.cc; 0s processwrapper-sandbox ... (4 actions, 3 running)
2026-10-06T17:28:06.3932665Z [643 / 944] Compiling absl/status/internal/status_internal.cc [for tool]; 1s processwrapper-sandbox ... (4 actions, 3 running)
2026-10-06T17:28:07.4746833Z [648 / 944] Compiling absl/crc/internal/crc_non_temporal_memcpy.cc; 1s processwrapper-sandbox ... (4 actions, 3 running)
2026-10-06T17:28:08.6141305Z [653 / 944] Compiling absl/status/status.cc [for tool]; 1s processwrapper-sandbox ... (4 actions running)
2026-10-06T17:28:10.2384264Z [660 / 944] Compiling absl/status/status_payload_printer.cc [for tool]; 1s processwrapper-sandbox ... (4 actions, 3 running)
2026-10-06T17:28:11.6191287Z [665 / 944] Compiling absl/strings/internal/cord_rep_btree.cc; 2s processwrapper-sandbox ... (4 actions running)
2026-10-06T17:28:12.6161319Z [672 / 944] Compiling absl/strings/internal/cord_rep_btree.cc; 3s processwrapper-sandbox ... (4 actions running)
2026-10-06T17:28:13.6781373Z [675 / 944] Compiling src/google/protobuf/stubs/common.cc [for tool]; 1s processwrapper-sandbox ... (4 actions, 3 running)
2026-10-06T17:28:14.7155569Z [682 / 944] Compiling src/google/protobuf/arena_align.cc [for tool]; 0s processwrapper-sandbox ... (4 actions, 3 running)
2026-10-06T17:28:16.3961397Z [688 / 944] Compiling src/google/protobuf/arena.cc [for tool]; 1s processwrapper-sandbox ... (4 actions, 3 running)
2026-10-06T17:28:17.6201299Z [696 / 944] Compiling absl/container/internal/raw_hash_set.cc; 1s processwrapper-sandbox ... (4 actions running)
2026-10-06T17:28:18.8731784Z [699 / 944] Compiling src/google/protobuf/io/coded_stream.cc [for tool]; 2s processwrapper-sandbox ... (4 actions, 3 running)
2026-10-06T17:28:20.6221196Z [704 / 944] Compiling absl/flags/reflection.cc; 1s processwrapper-sandbox ... (4 actions running)
2026-10-06T17:28:21.6271126Z [705 / 944] Compiling absl/flags/reflection.cc; 2s processwrapper-sandbox ... (4 actions running)
2026-10-06T17:28:22.0791401Z INFO: From Compiling src/google/protobuf/map.cc [for tool]:
2026-10-06T17:28:22.0860349Z In file included from bazel-out/k8-opt-exec-ST-d57f47055a04/bin/external/protobuf+/src/google/protobuf/_virtual_includes/protobuf_lite/google/protobuf/generated_enum_util.h:20,
2026-10-06T17:28:22.0921322Z                  from bazel-out/k8-opt-exec-ST-d57f47055a04/bin/external/protobuf+/src/google/protobuf/_virtual_includes/protobuf_lite/google/protobuf/map.h:41,
2026-10-06T17:28:22.0941422Z                  from external/protobuf+/src/google/protobuf/map.cc:8:
2026-10-06T17:28:22.0978331Z In function 'const google::protobuf::internal::ClassData* google::protobuf::internal::GetClassData(const Type&) [with Type = google::protobuf::MessageLite]',
2026-10-06T17:28:22.1034246Z     inlined from 'google::protobuf::internal::Offsets google::protobuf::internal::AlignAndAddSizeDynamic(size_t, UntypedMapBase::TypeKind, const google::protobuf::MessageLite*, size_t&)' at external/protobuf+/src/google/protobuf/map.cc:229:38,
2026-10-06T17:28:22.1072243Z     inlined from 'static google::protobuf::internal::UntypedMapBase::TypeInfo google::protobuf::internal::UntypedMapBase::GetTypeInfoDynamic(TypeKind, TypeKind, const google::protobuf::MessageLite*)' at external/protobuf+/src/google/protobuf/map.cc:249:29:
2026-10-06T17:28:22.1101482Z bazel-out/k8-opt-exec-ST-d57f47055a04/bin/external/protobuf+/src/google/protobuf/_virtual_includes/protobuf_lite/google/protobuf/message_lite.h:1230:28: warning: 'this' pointer is null [-Wnonnull]
2026-10-06T17:28:22.1103614Z  1230 |     return msg.GetClassData();
2026-10-06T17:28:22.1130558Z       |            ~~~~~~~~~~~~~~~~^~
2026-10-06T17:28:23.2283872Z [710 / 944] Compiling src/google/protobuf/io/printer.cc [for tool]; 3s processwrapper-sandbox ... (4 actions, 3 running)
2026-10-06T17:28:24.6241440Z [711 / 944] Compiling src/google/protobuf/io/printer.cc [for tool]; 4s processwrapper-sandbox ... (4 actions running)
2026-10-06T17:28:25.6261190Z [716 / 944] Compiling absl/strings/cord.cc; 2s processwrapper-sandbox ... (4 actions running)
2026-10-06T17:28:26.8491359Z [719 / 944] Compiling absl/strings/cord.cc; 3s processwrapper-sandbox ... (4 actions, 3 running)
2026-10-06T17:28:28.2897991Z [720 / 944] Compiling absl/strings/cord.cc; 4s processwrapper-sandbox ... (4 actions, 3 running)
2026-10-06T17:28:29.2964568Z [723 / 944] Compiling absl/strings/cord.cc; 6s processwrapper-sandbox ... (4 actions, 3 running)
2026-10-06T17:28:30.6251250Z [727 / 944] Compiling absl/strings/cord_analysis.cc; 1s processwrapper-sandbox ... (4 actions running)
2026-10-06T17:28:31.7248222Z [730 / 944] Compiling src/google/protobuf/any.cc [for tool]; 2s processwrapper-sandbox ... (4 actions, 3 running)
2026-10-06T17:28:33.4291696Z [734 / 944] Compiling src/google/protobuf/compiler/code_generator_lite.cc [for tool]; 2s processwrapper-sandbox ... (4 actions, 3 running)
2026-10-06T17:28:34.4961685Z [737 / 944] Compiling src/google/protobuf/cpp_features.pb.cc [for tool]; 2s processwrapper-sandbox ... (4 actions, 3 running)
2026-10-06T17:28:35.6261314Z [741 / 944] Compiling src/google/protobuf/repeated_ptr_field.cc [for tool]; 1s processwrapper-sandbox ... (4 actions running)
2026-10-06T17:28:36.6293312Z [744 / 944] Compiling src/google/protobuf/compiler/retention.cc [for tool]; 2s processwrapper-sandbox ... (4 actions running)
2026-10-06T17:28:38.6311389Z [746 / 944] Compiling src/google/protobuf/compiler/retention.cc [for tool]; 4s processwrapper-sandbox ... (4 actions running)
2026-10-06T17:28:39.6332069Z [752 / 944] Compiling src/google/protobuf/descriptor.cc [for tool]; 4s processwrapper-sandbox ... (4 actions running)
2026-10-06T17:28:41.6821508Z [753 / 944] Compiling src/google/protobuf/descriptor.cc [for tool]; 6s processwrapper-sandbox ... (4 actions, 3 running)
2026-10-06T17:28:43.5109074Z [755 / 944] Compiling src/google/protobuf/descriptor.cc [for tool]; 8s processwrapper-sandbox ... (4 actions, 3 running)
2026-10-06T17:28:44.6362624Z [755 / 944] Compiling src/google/protobuf/descriptor.cc [for tool]; 9s processwrapper-sandbox ... (4 actions running)
2026-10-06T17:28:45.6381382Z [756 / 944] Compiling src/google/protobuf/descriptor.cc [for tool]; 10s processwrapper-sandbox ... (4 actions running)
2026-10-06T17:28:47.1941466Z [758 / 944] Compiling src/google/protobuf/descriptor.cc [for tool]; 12s processwrapper-sandbox ... (4 actions, 3 running)
2026-10-06T17:28:48.6382603Z [760 / 944] Compiling src/google/protobuf/descriptor.cc [for tool]; 13s processwrapper-sandbox ... (4 actions running)
2026-10-06T17:28:49.6381330Z [762 / 944] Compiling src/google/protobuf/descriptor.cc [for tool]; 14s processwrapper-sandbox ... (4 actions running)
2026-10-06T17:28:50.6411228Z [764 / 944] Compiling src/google/protobuf/descriptor.cc [for tool]; 15s processwrapper-sandbox ... (4 actions running)
2026-10-06T17:28:51.7621460Z [767 / 944] Compiling src/google/protobuf/descriptor.cc [for tool]; 16s processwrapper-sandbox ... (4 actions, 3 running)
2026-10-06T17:28:53.6421503Z [767 / 944] Compiling src/google/protobuf/descriptor.cc [for tool]; 18s processwrapper-sandbox ... (4 actions running)
2026-10-06T17:28:58.0216311Z [768 / 944] Compiling src/google/protobuf/descriptor.cc [for tool]; 23s processwrapper-sandbox ... (4 actions, 3 running)
2026-10-06T17:28:59.6451617Z [770 / 944] Compiling src/google/protobuf/descriptor.cc [for tool]; 24s processwrapper-sandbox ... (4 actions running)
2026-10-06T17:29:01.3981420Z INFO: From Compiling src/google/protobuf/compiler/cpp/helpers.cc [for tool]:
2026-10-06T17:29:01.4010809Z In file included from external/protobuf+/src/google/protobuf/compiler/cpp/helpers.cc:12:
2026-10-06T17:29:01.4025279Z bazel-out/k8-opt-exec-ST-d57f47055a04/bin/external/protobuf+/src/google/protobuf/compiler/cpp/_virtual_includes/names_internal/google/protobuf/compiler/cpp/helpers.h: In function 'bool google::protobuf::compiler::cpp::IsWeak(const google::protobuf::FieldDescriptor*, const Options&)':
2026-10-06T17:29:01.4029586Z bazel-out/k8-opt-exec-ST-d57f47055a04/bin/external/protobuf+/src/google/protobuf/compiler/cpp/_virtual_includes/names_internal/google/protobuf/compiler/cpp/helpers.h:347:28: warning: 'bool google::protobuf::FieldOptions::weak() const' is deprecated [-Wdeprecated-declarations]
2026-10-06T17:29:01.4032144Z   347 |   if (field->options().weak()) {
2026-10-06T17:29:01.4032751Z       |       ~~~~~~~~~~~~~~~~~~~~~^~
2026-10-06T17:29:01.4034477Z In file included from bazel-out/k8-opt-exec-ST-d57f47055a04/bin/external/protobuf+/src/google/protobuf/compiler/_virtual_includes/code_generator_lite/google/protobuf/compiler/code_generator_lite.h:18,
2026-10-06T17:29:01.4038520Z                  from bazel-out/k8-opt-exec-ST-d57f47055a04/bin/external/protobuf+/src/google/protobuf/compiler/_virtual_includes/code_generator/google/protobuf/compiler/code_generator.h:25,
2026-10-06T17:29:01.4041236Z                  from bazel-out/k8-opt-exec-ST-d57f47055a04/bin/external/protobuf+/src/google/protobuf/compiler/cpp/_virtual_includes/names_internal/google/protobuf/compiler/cpp/helpers.h:29:
2026-10-06T17:29:01.4043659Z bazel-out/k8-opt-exec-ST-d57f47055a04/bin/external/protobuf+/src/google/protobuf/_virtual_includes/protobuf/google/protobuf/descriptor.pb.h:18861:13: note: declared here
2026-10-06T17:29:01.4045160Z 18861 | inline bool FieldOptions::weak() const {
2026-10-06T17:29:01.4045766Z       |             ^~~~~~~~~~~~
2026-10-06T17:29:01.4047497Z external/protobuf+/src/google/protobuf/compiler/cpp/helpers.cc: In member function 'google::protobuf::compiler::cpp::MessageAnalysis google::protobuf::compiler::cpp::MessageSCCAnalyzer::GetSCCAnalysis(const google::protobuf::compiler::SCC*)':
2026-10-06T17:29:01.4050164Z external/protobuf+/src/google/protobuf/compiler/cpp/helpers.cc:1802:32: warning: 'bool google::protobuf::FieldOptions::weak() const' is deprecated [-Wdeprecated-declarations]
2026-10-06T17:29:01.4051710Z  1802 |       if (field->options().weak()) {
2026-10-06T17:29:01.4052217Z       |           ~~~~~~~~~~~~~~~~~~~~~^~
2026-10-06T17:29:01.4053480Z bazel-out/k8-opt-exec-ST-d57f47055a04/bin/external/protobuf+/src/google/protobuf/_virtual_includes/protobuf/google/protobuf/descriptor.pb.h:18861:13: note: declared here
2026-10-06T17:29:01.4054723Z 18861 | inline bool FieldOptions::weak() const {
2026-10-06T17:29:01.4055228Z       |             ^~~~~~~~~~~~
2026-10-06T17:29:01.4056100Z [773 / 944] Compiling src/google/protobuf/descriptor.cc [for tool]; 26s processwrapper-sandbox ... (4 actions, 3 running)
2026-10-06T17:29:02.4461373Z [776 / 944] Compiling src/google/protobuf/descriptor.cc [for tool]; 27s processwrapper-sandbox ... (4 actions, 3 running)
2026-10-06T17:29:02.9822259Z INFO: From Compiling src/google/protobuf/descriptor.cc [for tool]:
2026-10-06T17:29:02.9861622Z external/protobuf+/src/google/protobuf/descriptor.cc: In member function 'void google::protobuf::FieldDescriptor::DebugString(int, std::string*, const google::protobuf::DebugStringOptions&) const':
2026-10-06T17:29:02.9901641Z external/protobuf+/src/google/protobuf/descriptor.cc:3953:65: warning: 'bool google::protobuf::FieldDescriptor::has_optional_keyword() const' is deprecated: Use has_presence() instead. [-Wdeprecated-declarations]
2026-10-06T17:29:02.9960962Z  3953 |       (!is_required() && !is_repeated() && !has_optional_keyword())) {
2026-10-06T17:29:03.0020490Z       |                                             ~~~~~~~~~~~~~~~~~~~~^~
2026-10-06T17:29:03.0030864Z In file included from external/protobuf+/src/google/protobuf/descriptor.cc:12:
2026-10-06T17:29:03.0061305Z bazel-out/k8-opt-exec-ST-d57f47055a04/bin/external/protobuf+/src/google/protobuf/_virtual_includes/protobuf/google/protobuf/descriptor.h:1136:8: note: declared here
2026-10-06T17:29:03.0090502Z  1136 |   bool has_optional_keyword() const;
2026-10-06T17:29:03.0108271Z       |        ^~~~~~~~~~~~~~~~~~~~
2026-10-06T17:29:03.0141524Z external/protobuf+/src/google/protobuf/descriptor.cc: In member function 'void google::protobuf::DescriptorBuilder::CrossLinkField(google::protobuf::FieldDescriptor*, const google::protobuf::FieldDescriptorProto&)':
2026-10-06T17:29:03.0151360Z external/protobuf+/src/google/protobuf/descriptor.cc:7982:65: warning: 'bool google::protobuf::FieldOptions::weak() const' is deprecated [-Wdeprecated-declarations]
2026-10-06T17:29:03.0170675Z  7982 |     bool is_weak = !pool_->enforce_weak_ && proto.options().weak();
2026-10-06T17:29:03.0230588Z       |                                             ~~~~~~~~~~~~~~~~~~~~^~
2026-10-06T17:29:03.0291328Z In file included from bazel-out/k8-opt-exec-ST-d57f47055a04/bin/external/protobuf+/src/google/protobuf/_virtual_includes/protobuf/google/protobuf/cpp_features.pb.h:33,
2026-10-06T17:29:03.0350652Z                  from external/protobuf+/src/google/protobuf/descriptor.cc:72:
2026-10-06T17:29:03.0411347Z bazel-out/k8-opt-exec-ST-d57f47055a04/bin/external/protobuf+/src/google/protobuf/_virtual_includes/protobuf/google/protobuf/descriptor.pb.h:18861:13: note: declared here
2026-10-06T17:29:03.0440562Z 18861 | inline bool FieldOptions::weak() const {
2026-10-06T17:29:03.0500387Z       |             ^~~~~~~~~~~~
2026-10-06T17:29:03.0531668Z external/protobuf+/src/google/protobuf/descriptor.cc: In function 'google::protobuf::internal::cpp::HasbitMode google::protobuf::internal::cpp::GetFieldHasbitModeWithoutProfile(const google::protobuf::FieldDescriptor*)':
2026-10-06T17:29:03.0541333Z external/protobuf+/src/google/protobuf/descriptor.cc:10700:62: warning: 'bool google::protobuf::FieldOptions::weak() const' is deprecated [-Wdeprecated-declarations]
2026-10-06T17:29:03.0542867Z 10700 |   if (field->real_containing_oneof() || field->options().weak() ||
2026-10-06T17:29:03.0543625Z       |                                         ~~~~~~~~~~~~~~~~~~~~~^~
2026-10-06T17:29:03.0545073Z bazel-out/k8-opt-exec-ST-d57f47055a04/bin/external/protobuf+/src/google/protobuf/_virtual_includes/protobuf/google/protobuf/descriptor.pb.h:18861:13: note: declared here
2026-10-06T17:29:03.0546961Z 18861 | inline bool FieldOptions::weak() const {
2026-10-06T17:29:03.0547478Z       |             ^~~~~~~~~~~~
2026-10-06T17:29:03.6491396Z [777 / 944] Compiling src/google/protobuf/generated_message_tctable_lite.cc; 3s processwrapper-sandbox ... (4 actions running)
2026-10-06T17:29:04.7250839Z [778 / 944] Compiling src/google/protobuf/generated_message_tctable_lite.cc; 4s processwrapper-sandbox ... (4 actions, 3 running)
2026-10-06T17:29:06.6481338Z [779 / 944] Compiling src/google/protobuf/generated_message_tctable_lite.cc; 6s processwrapper-sandbox ... (4 actions running)
2026-10-06T17:29:10.6971067Z INFO: From Compiling src/google/protobuf/compiler/cpp/enum.cc [for tool]:
2026-10-06T17:29:10.7000723Z In file included from external/protobuf+/src/google/protobuf/compiler/cpp/enum.cc:29:
2026-10-06T17:29:10.7032113Z bazel-out/k8-opt-exec-ST-d57f47055a04/bin/external/protobuf+/src/google/protobuf/compiler/cpp/_virtual_includes/names_internal/google/protobuf/compiler/cpp/helpers.h: In function 'bool google::protobuf::compiler::cpp::IsWeak(const google::protobuf::FieldDescriptor*, const Options&)':
2026-10-06T17:29:10.7062369Z bazel-out/k8-opt-exec-ST-d57f47055a04/bin/external/protobuf+/src/google/protobuf/compiler/cpp/_virtual_includes/names_internal/google/protobuf/compiler/cpp/helpers.h:347:28: warning: 'bool google::protobuf::FieldOptions::weak() const' is deprecated [-Wdeprecated-declarations]
2026-10-06T17:29:10.7090459Z   347 |   if (field->options().weak()) {
2026-10-06T17:29:10.7120388Z       |       ~~~~~~~~~~~~~~~~~~~~~^~
2026-10-06T17:29:10.7151596Z In file included from bazel-out/k8-opt-exec-ST-d57f47055a04/bin/external/protobuf+/src/google/protobuf/compiler/_virtual_includes/code_generator_lite/google/protobuf/compiler/code_generator_lite.h:18,
2026-10-06T17:29:10.7181335Z                  from bazel-out/k8-opt-exec-ST-d57f47055a04/bin/external/protobuf+/src/google/protobuf/compiler/_virtual_includes/code_generator/google/protobuf/compiler/code_generator.h:25,
2026-10-06T17:29:10.7211317Z                  from bazel-out/k8-opt-exec-ST-d57f47055a04/bin/external/protobuf+/src/google/protobuf/compiler/cpp/_virtual_includes/cpp/google/protobuf/compiler/cpp/generator.h:24,
2026-10-06T17:29:10.7240625Z                  from external/protobuf+/src/google/protobuf/compiler/cpp/enum.cc:28:
2026-10-06T17:29:10.7271282Z bazel-out/k8-opt-exec-ST-d57f47055a04/bin/external/protobuf+/src/google/protobuf/_virtual_includes/protobuf/google/protobuf/descriptor.pb.h:18861:13: note: declared here
2026-10-06T17:29:10.7300500Z 18861 | inline bool FieldOptions::weak() const {
2026-10-06T17:29:10.7320530Z       |             ^~~~~~~~~~~~
2026-10-06T17:29:10.7391035Z [780 / 944] Compiling src/google/protobuf/generated_message_tctable_lite.cc; 10s processwrapper-sandbox ... (4 actions, 3 running)
2026-10-06T17:29:11.0328240Z INFO: From Compiling src/google/protobuf/wire_format.cc [for tool]:
2026-10-06T17:29:11.0360679Z In file included from external/protobuf+/src/google/protobuf/wire_format.cc:31:
2026-10-06T17:29:11.0392347Z bazel-out/k8-opt-exec-ST-d57f47055a04/bin/external/protobuf+/src/google/protobuf/_virtual_includes/protobuf/google/protobuf/map_field.h: In constructor 'google::protobuf::internal::MapFieldBase::ReflectionPayload::ReflectionPayload(google::protobuf::Arena*, const google::protobuf::Message*)':
2026-10-06T17:29:11.0422830Z bazel-out/k8-opt-exec-ST-d57f47055a04/bin/external/protobuf+/src/google/protobuf/_virtual_includes/protobuf/google/protobuf/map_field.h:416:11: warning: 'google::protobuf::RepeatedPtrField<T>::RepeatedPtrField(google::protobuf::Arena*) [with Element = google::protobuf::Message]' is deprecated: Use Arena::Create<RepeatedPtrField<...>>(Arena*) instead [-Wdeprecated-declarations]
2026-10-06T17:29:11.0440672Z   416 |         : repeated_field_(arena), prototype_(prototype) {}
2026-10-06T17:29:11.0480454Z       |           ^~~~~~~~~~~~~~~~~~~~~~
2026-10-06T17:29:11.0494659Z In file included from bazel-out/k8-opt-exec-ST-d57f47055a04/bin/external/protobuf+/src/google/protobuf/_virtual_includes/protobuf_lite/google/protobuf/repeated_field.h:46,
2026-10-06T17:29:11.0523433Z                  from bazel-out/k8-opt-exec-ST-d57f47055a04/bin/external/protobuf+/src/google/protobuf/_virtual_includes/protobuf_lite/google/protobuf/parse_context.h:39,
2026-10-06T17:29:11.0530665Z                  from bazel-out/k8-opt-exec-ST-d57f47055a04/bin/external/protobuf+/src/google/protobuf/_virtual_includes/protobuf_lite/google/protobuf/generated_message_tctable_decl.h:25,
2026-10-06T17:29:11.0533176Z                  from bazel-out/k8-opt-exec-ST-d57f47055a04/bin/external/protobuf+/src/google/protobuf/_virtual_includes/protobuf_lite/google/protobuf/extension_set.h:40,
2026-10-06T17:29:11.0535713Z                  from bazel-out/k8-opt-exec-ST-d57f47055a04/bin/external/protobuf+/src/google/protobuf/_virtual_includes/protobuf/google/protobuf/descriptor.h:56,
2026-10-06T17:29:11.0538106Z                  from bazel-out/k8-opt-exec-ST-d57f47055a04/bin/external/protobuf+/src/google/protobuf/_virtual_includes/protobuf/google/protobuf/wire_format.h:26,
2026-10-06T17:29:11.0539839Z                  from external/protobuf+/src/google/protobuf/wire_format.cc:12:
2026-10-06T17:29:11.0542248Z bazel-out/k8-opt-exec-ST-d57f47055a04/bin/external/protobuf+/src/google/protobuf/_virtual_includes/protobuf_lite/google/protobuf/repeated_ptr_field.h:1380:8: note: declared here
2026-10-06T17:29:11.0544199Z  1380 | inline RepeatedPtrField<Element>::RepeatedPtrField(Arena* arena)
2026-10-06T17:29:11.0545085Z       |        ^~~~~~~~~~~~~~~~~~~~~~~~~
2026-10-06T17:29:12.6511504Z [783 / 944] Compiling src/google/protobuf/compiler/cpp/extension.cc [for tool]; 1s processwrapper-sandbox ... (4 actions running)
2026-10-06T17:29:13.9738152Z [785 / 944] Compiling src/google/protobuf/compiler/cpp/extension.cc [for tool]; 3s processwrapper-sandbox ... (4 actions, 3 running)
2026-10-06T17:29:15.3394688Z [786 / 944] Compiling src/google/protobuf/compiler/cpp/extension.cc [for tool]; 4s processwrapper-sandbox ... (4 actions, 3 running)
2026-10-06T17:29:16.6513880Z [786 / 944] Compiling src/google/protobuf/compiler/cpp/extension.cc [for tool]; 5s processwrapper-sandbox ... (4 actions running)
2026-10-06T17:29:18.2651331Z INFO: From Compiling src/google/protobuf/compiler/cpp/extension.cc [for tool]:
2026-10-06T17:29:18.2681559Z In file included from bazel-out/k8-opt-exec-ST-d57f47055a04/bin/external/protobuf+/src/google/protobuf/compiler/cpp/_virtual_includes/cpp/google/protobuf/compiler/cpp/extension.h:19,
2026-10-06T17:29:18.2740758Z                  from external/protobuf+/src/google/protobuf/compiler/cpp/extension.cc:12:
2026-10-06T17:29:18.2772207Z bazel-out/k8-opt-exec-ST-d57f47055a04/bin/external/protobuf+/src/google/protobuf/compiler/cpp/_virtual_includes/names_internal/google/protobuf/compiler/cpp/helpers.h: In function 'bool google::protobuf::compiler::cpp::IsWeak(const google::protobuf::FieldDescriptor*, const Options&)':
2026-10-06T17:29:18.2802015Z bazel-out/k8-opt-exec-ST-d57f47055a04/bin/external/protobuf+/src/google/protobuf/compiler/cpp/_virtual_includes/names_internal/google/protobuf/compiler/cpp/helpers.h:347:28: warning: 'bool google::protobuf::FieldOptions::weak() const' is deprecated [-Wdeprecated-declarations]
2026-10-06T17:29:18.2820620Z   347 |   if (field->options().weak()) {
2026-10-06T17:29:18.2860606Z       |       ~~~~~~~~~~~~~~~~~~~~~^~
2026-10-06T17:29:18.2862475Z In file included from bazel-out/k8-opt-exec-ST-d57f47055a04/bin/external/protobuf+/src/google/protobuf/compiler/_virtual_includes/code_generator_lite/google/protobuf/compiler/code_generator_lite.h:18,
2026-10-06T17:29:18.2864996Z                  from bazel-out/k8-opt-exec-ST-d57f47055a04/bin/external/protobuf+/src/google/protobuf/compiler/_virtual_includes/code_generator/google/protobuf/compiler/code_generator.h:25,
2026-10-06T17:29:18.2867341Z                  from bazel-out/k8-opt-exec-ST-d57f47055a04/bin/external/protobuf+/src/google/protobuf/compiler/cpp/_virtual_includes/names_internal/google/protobuf/compiler/cpp/helpers.h:29:
2026-10-06T17:29:18.2870296Z bazel-out/k8-opt-exec-ST-d57f47055a04/bin/external/protobuf+/src/google/protobuf/_virtual_includes/protobuf/google/protobuf/descriptor.pb.h:18861:13: note: declared here
2026-10-06T17:29:18.2871798Z 18861 | inline bool FieldOptions::weak() const {
2026-10-06T17:29:18.2872548Z       |             ^~~~~~~~~~~~
2026-10-06T17:29:18.2873726Z [788 / 944] Compiling src/google/protobuf/descriptor_database.cc [for tool]; 6s processwrapper-sandbox ... (4 actions, 3 running)
2026-10-06T17:29:19.6516761Z [788 / 944] Compiling src/google/protobuf/descriptor_database.cc [for tool]; 8s processwrapper-sandbox ... (4 actions running)
2026-10-06T17:29:20.2506763Z INFO: From Compiling src/google/protobuf/map.cc:
2026-10-06T17:29:20.2541980Z In file included from bazel-out/k8-opt/bin/external/protobuf+/src/google/protobuf/_virtual_includes/protobuf_lite/google/protobuf/generated_enum_util.h:20,
2026-10-06T17:29:20.2551195Z                  from bazel-out/k8-opt/bin/external/protobuf+/src/google/protobuf/_virtual_includes/protobuf_lite/google/protobuf/map.h:41,
2026-10-06T17:29:20.2559636Z                  from external/protobuf+/src/google/protobuf/map.cc:8:
2026-10-06T17:29:20.2564061Z In function 'const google::protobuf::internal::ClassData* google::protobuf::internal::GetClassData(const Type&) [with Type = google::protobuf::MessageLite]',
2026-10-06T17:29:20.2567529Z     inlined from 'google::protobuf::internal::Offsets google::protobuf::internal::AlignAndAddSizeDynamic(size_t, UntypedMapBase::TypeKind, const google::protobuf::MessageLite*, size_t&)' at external/protobuf+/src/google/protobuf/map.cc:229:38,
2026-10-06T17:29:20.2571356Z     inlined from 'static google::protobuf::internal::UntypedMapBase::TypeInfo google::protobuf::internal::UntypedMapBase::GetTypeInfoDynamic(TypeKind, TypeKind, const google::protobuf::MessageLite*)' at external/protobuf+/src/google/protobuf/map.cc:249:29:
2026-10-06T17:29:20.2574378Z bazel-out/k8-opt/bin/external/protobuf+/src/google/protobuf/_virtual_includes/protobuf_lite/google/protobuf/message_lite.h:1230:28: warning: 'this' pointer is null [-Wnonnull]
2026-10-06T17:29:20.2576038Z  1230 |     return msg.GetClassData();
2026-10-06T17:29:20.2576739Z       |            ~~~~~~~~~~~~~~~~^~
2026-10-06T17:29:20.6527689Z [790 / 944] Compiling src/google/protobuf/text_format.cc [for tool]; 6s processwrapper-sandbox ... (4 actions running)
2026-10-06T17:29:23.1470442Z [791 / 944] Compiling src/google/protobuf/text_format.cc [for tool]; 9s processwrapper-sandbox ... (4 actions, 3 running)
2026-10-06T17:29:23.2001653Z INFO: From Compiling src/google/protobuf/text_format.cc [for tool]:
2026-10-06T17:29:23.2031029Z In file included from external/protobuf+/src/google/protobuf/text_format.cc:54:
2026-10-06T17:29:23.2092702Z bazel-out/k8-opt-exec-ST-d57f47055a04/bin/external/protobuf+/src/google/protobuf/_virtual_includes/protobuf/google/protobuf/map_field.h: In constructor 'google::protobuf::internal::MapFieldBase::ReflectionPayload::ReflectionPayload(google::protobuf::Arena*, const google::protobuf::Message*)':
2026-10-06T17:29:23.2097203Z bazel-out/k8-opt-exec-ST-d57f47055a04/bin/external/protobuf+/src/google/protobuf/_virtual_includes/protobuf/google/protobuf/map_field.h:416:11: warning: 'google::protobuf::RepeatedPtrField<T>::RepeatedPtrField(google::protobuf::Arena*) [with Element = google::protobuf::Message]' is deprecated: Use Arena::Create<RepeatedPtrField<...>>(Arena*) instead [-Wdeprecated-declarations]
2026-10-06T17:29:23.2100692Z   416 |         : repeated_field_(arena), prototype_(prototype) {}
2026-10-06T17:29:23.2130710Z       |           ^~~~~~~~~~~~~~~~~~~~~~
2026-10-06T17:29:23.2161432Z In file included from bazel-out/k8-opt-exec-ST-d57f47055a04/bin/external/protobuf+/src/google/protobuf/_virtual_includes/protobuf_lite/google/protobuf/repeated_field.h:46,
2026-10-06T17:29:23.2163660Z                  from bazel-out/k8-opt-exec-ST-d57f47055a04/bin/external/protobuf+/src/google/protobuf/_virtual_includes/protobuf_lite/google/protobuf/parse_context.h:39,
2026-10-06T17:29:23.2191519Z                  from bazel-out/k8-opt-exec-ST-d57f47055a04/bin/external/protobuf+/src/google/protobuf/_virtual_includes/protobuf_lite/google/protobuf/generated_message_tctable_decl.h:25,
2026-10-06T17:29:23.2221354Z                  from bazel-out/k8-opt-exec-ST-d57f47055a04/bin/external/protobuf+/src/google/protobuf/_virtual_includes/protobuf_lite/google/protobuf/extension_set.h:40,
2026-10-06T17:29:23.2251219Z                  from bazel-out/k8-opt-exec-ST-d57f47055a04/bin/external/protobuf+/src/google/protobuf/_virtual_includes/protobuf/google/protobuf/descriptor.h:56,
2026-10-06T17:29:23.2281225Z                  from bazel-out/k8-opt-exec-ST-d57f47055a04/bin/external/protobuf+/src/google/protobuf/_virtual_includes/protobuf/google/protobuf/text_format.h:27,
2026-10-06T17:29:23.2282836Z                  from external/protobuf+/src/google/protobuf/text_format.cc:12:
2026-10-06T17:29:23.2311508Z bazel-out/k8-opt-exec-ST-d57f47055a04/bin/external/protobuf+/src/google/protobuf/_virtual_includes/protobuf_lite/google/protobuf/repeated_ptr_field.h:1380:8: note: declared here
2026-10-06T17:29:23.2321352Z  1380 | inline RepeatedPtrField<Element>::RepeatedPtrField(Arena* arena)
2026-10-06T17:29:23.2370387Z       |        ^~~~~~~~~~~~~~~~~~~~~~~~~
2026-10-06T17:29:23.2372283Z external/protobuf+/src/google/protobuf/text_format.cc: In member function 'bool google::protobuf::TextFormat::Parser::ParserImpl::ConsumeField(google::protobuf::Message*)':
2026-10-06T17:29:23.2401240Z external/protobuf+/src/google/protobuf/text_format.cc:663:54: warning: 'bool google::protobuf::FieldOptions::weak() const' is deprecated [-Wdeprecated-declarations]
2026-10-06T17:29:23.2402667Z   663 |       if (consumed_semicolon && field->options().weak() &&
2026-10-06T17:29:23.2430533Z       |                                 ~~~~~~~~~~~~~~~~~~~~~^~
2026-10-06T17:29:23.2431329Z In file included from external/protobuf+/src/google/protobuf/text_format.cc:46:
2026-10-06T17:29:23.2432983Z bazel-out/k8-opt-exec-ST-d57f47055a04/bin/external/protobuf+/src/google/protobuf/_virtual_includes/protobuf/google/protobuf/descriptor.pb.h:18861:13: note: declared here
2026-10-06T17:29:23.2434442Z 18861 | inline bool FieldOptions::weak() const {
2026-10-06T17:29:23.2434957Z       |             ^~~~~~~~~~~~
2026-10-06T17:29:24.4590592Z INFO: From Compiling src/google/protobuf/dynamic_message.cc [for tool]:
2026-10-06T17:29:24.4621709Z In file included from external/protobuf+/src/google/protobuf/dynamic_message.cc:66:
2026-10-06T17:29:24.4642414Z bazel-out/k8-opt-exec-ST-d57f47055a04/bin/external/protobuf+/src/google/protobuf/_virtual_includes/protobuf/google/protobuf/map_field.h: In constructor 'google::protobuf::internal::MapFieldBase::ReflectionPayload::ReflectionPayload(google::protobuf::Arena*, const google::protobuf::Message*)':
2026-10-06T17:29:24.4672853Z bazel-out/k8-opt-exec-ST-d57f47055a04/bin/external/protobuf+/src/google/protobuf/_virtual_includes/protobuf/google/protobuf/map_field.h:416:11: warning: 'google::protobuf::RepeatedPtrField<T>::RepeatedPtrField(google::protobuf::Arena*) [with Element = google::protobuf::Message]' is deprecated: Use Arena::Create<RepeatedPtrField<...>>(Arena*) instead [-Wdeprecated-declarations]
2026-10-06T17:29:24.4680761Z   416 |         : repeated_field_(arena), prototype_(prototype) {}
2026-10-06T17:29:24.4700577Z       |           ^~~~~~~~~~~~~~~~~~~~~~
2026-10-06T17:29:24.4723215Z In file included from bazel-out/k8-opt-exec-ST-d57f47055a04/bin/external/protobuf+/src/google/protobuf/_virtual_includes/protobuf_lite/google/protobuf/repeated_field.h:46,
2026-10-06T17:29:24.4725609Z                  from bazel-out/k8-opt-exec-ST-d57f47055a04/bin/external/protobuf+/src/google/protobuf/_virtual_includes/protobuf_lite/google/protobuf/parse_context.h:39,
2026-10-06T17:29:24.4727917Z                  from bazel-out/k8-opt-exec-ST-d57f47055a04/bin/external/protobuf+/src/google/protobuf/_virtual_includes/protobuf_lite/google/protobuf/generated_message_tctable_decl.h:25,
2026-10-06T17:29:24.4731005Z                  from bazel-out/k8-opt-exec-ST-d57f47055a04/bin/external/protobuf+/src/google/protobuf/_virtual_includes/protobuf_lite/google/protobuf/extension_set.h:40,
2026-10-06T17:29:24.4733677Z                  from bazel-out/k8-opt-exec-ST-d57f47055a04/bin/external/protobuf+/src/google/protobuf/_virtual_includes/protobuf/google/protobuf/descriptor.h:56,
2026-10-06T17:29:24.4735946Z                  from bazel-out/k8-opt-exec-ST-d57f47055a04/bin/external/protobuf+/src/google/protobuf/_virtual_includes/protobuf/google/protobuf/dynamic_message.h:27,
2026-10-06T17:29:24.4737716Z                  from external/protobuf+/src/google/protobuf/dynamic_message.cc:42:
2026-10-06T17:29:24.4739483Z bazel-out/k8-opt-exec-ST-d57f47055a04/bin/external/protobuf+/src/google/protobuf/_virtual_includes/protobuf_lite/google/protobuf/repeated_ptr_field.h:1380:8: note: declared here
2026-10-06T17:29:24.4741590Z  1380 | inline RepeatedPtrField<Element>::RepeatedPtrField(Arena* arena)
2026-10-06T17:29:24.4742498Z       |        ^~~~~~~~~~~~~~~~~~~~~~~~~
2026-10-06T17:29:24.4743786Z external/protobuf+/src/google/protobuf/dynamic_message.cc: In member function 'void google::protobuf::DynamicMessage::SharedCtor(bool)':
2026-10-06T17:29:24.4747096Z external/protobuf+/src/google/protobuf/dynamic_message.cc:574:66: warning: 'google::protobuf::RepeatedPtrField<T>::RepeatedPtrField(google::protobuf::Arena*) [with Element = std::__cxx11::basic_string<char>]' is deprecated: Use Arena::Create<RepeatedPtrField<...>>(Arena*) instead [-Wdeprecated-declarations]
2026-10-06T17:29:24.4749695Z   574 |               new (field_ptr) RepeatedPtrField<std::string>(arena);
2026-10-06T17:29:24.4750906Z       |                                                                  ^
2026-10-06T17:29:24.4752608Z bazel-out/k8-opt-exec-ST-d57f47055a04/bin/external/protobuf+/src/google/protobuf/_virtual_includes/protobuf_lite/google/protobuf/repeated_ptr_field.h:1380:8: note: declared here
2026-10-06T17:29:24.4754463Z  1380 | inline RepeatedPtrField<Element>::RepeatedPtrField(Arena* arena)
2026-10-06T17:29:24.4755373Z       |        ^~~~~~~~~~~~~~~~~~~~~~~~~
2026-10-06T17:29:24.4757715Z external/protobuf+/src/google/protobuf/dynamic_message.cc:602:60: warning: 'google::protobuf::RepeatedPtrField<T>::RepeatedPtrField(google::protobuf::Arena*) [with Element = google::protobuf::Message]' is deprecated: Use Arena::Create<RepeatedPtrField<...>>(Arena*) instead [-Wdeprecated-declarations]
2026-10-06T17:29:24.4772278Z   602 |             new (field_ptr) RepeatedPtrField<Message>(arena);
2026-10-06T17:29:24.4773224Z       |                                                            ^
2026-10-06T17:29:24.4774881Z bazel-out/k8-opt-exec-ST-d57f47055a04/bin/external/protobuf+/src/google/protobuf/_virtual_includes/protobuf_lite/google/protobuf/repeated_ptr_field.h:1380:8: note: declared here
2026-10-06T17:29:24.4776742Z  1380 | inline RepeatedPtrField<Element>::RepeatedPtrField(Arena* arena)
2026-10-06T17:29:24.4777638Z       |        ^~~~~~~~~~~~~~~~~~~~~~~~~
2026-10-06T17:29:24.4779077Z external/protobuf+/src/google/protobuf/dynamic_message.cc: In member function 'void google::protobuf::DynamicMessage::CrossLinkPrototypes()':
2026-10-06T17:29:24.4781516Z external/protobuf+/src/google/protobuf/dynamic_message.cc:774:31: warning: 'bool google::protobuf::FieldOptions::weak() const' is deprecated [-Wdeprecated-declarations]
2026-10-06T17:29:24.4782995Z   774 |         !field->options().weak() && !InRealOneof(field) &&
2026-10-06T17:29:24.4783680Z       |          ~~~~~~~~~~~~~~~~~~~~~^~
2026-10-06T17:29:24.4800847Z In file included from external/protobuf+/src/google/protobuf/dynamic_message.cc:60:
2026-10-06T17:29:24.4804459Z bazel-out/k8-opt-exec-ST-d57f47055a04/bin/external/protobuf+/src/google/protobuf/_virtual_includes/protobuf/google/protobuf/descriptor.pb.h:18861:13: note: declared here
2026-10-06T17:29:24.4806380Z 18861 | inline bool FieldOptions::weak() const {
2026-10-06T17:29:24.4807113Z       |             ^~~~~~~~~~~~
2026-10-06T17:29:24.4808260Z [794 / 944] Compiling src/google/protobuf/compiler/cpp/field.cc [for tool]; 6s processwrapper-sandbox ... (4 actions, 3 running)
2026-10-06T17:29:25.6582576Z [794 / 944] Compiling src/google/protobuf/compiler/cpp/field.cc [for tool]; 7s processwrapper-sandbox ... (4 actions running)
2026-10-06T17:29:25.6671518Z INFO: From Compiling src/google/protobuf/compiler/cpp/field.cc [for tool]:
2026-10-06T17:29:25.6712547Z In file included from bazel-out/k8-opt-exec-ST-d57f47055a04/bin/external/protobuf+/src/google/protobuf/compiler/cpp/_virtual_includes/cpp/google/protobuf/compiler/cpp/field.h:26,
2026-10-06T17:29:25.6740709Z                  from external/protobuf+/src/google/protobuf/compiler/cpp/field.cc:12:
2026-10-06T17:29:25.6743425Z bazel-out/k8-opt-exec-ST-d57f47055a04/bin/external/protobuf+/src/google/protobuf/compiler/cpp/_virtual_includes/names_internal/google/protobuf/compiler/cpp/helpers.h: In function 'bool google::protobuf::compiler::cpp::IsWeak(const google::protobuf::FieldDescriptor*, const Options&)':
2026-10-06T17:29:25.6772174Z bazel-out/k8-opt-exec-ST-d57f47055a04/bin/external/protobuf+/src/google/protobuf/compiler/cpp/_virtual_includes/names_internal/google/protobuf/compiler/cpp/helpers.h:347:28: warning: 'bool google::protobuf::FieldOptions::weak() const' is deprecated [-Wdeprecated-declarations]
2026-10-06T17:29:25.6800546Z   347 |   if (field->options().weak()) {
2026-10-06T17:29:25.6820619Z       |       ~~~~~~~~~~~~~~~~~~~~~^~
2026-10-06T17:29:25.6826374Z In file included from bazel-out/k8-opt-exec-ST-d57f47055a04/bin/external/protobuf+/src/google/protobuf/compiler/_virtual_includes/code_generator_lite/google/protobuf/compiler/code_generator_lite.h:18,
2026-10-06T17:29:25.6829574Z                  from bazel-out/k8-opt-exec-ST-d57f47055a04/bin/external/protobuf+/src/google/protobuf/compiler/_virtual_includes/code_generator/google/protobuf/compiler/code_generator.h:25,
2026-10-06T17:29:25.6832546Z                  from bazel-out/k8-opt-exec-ST-d57f47055a04/bin/external/protobuf+/src/google/protobuf/compiler/cpp/_virtual_includes/names_internal/google/protobuf/compiler/cpp/helpers.h:29:
2026-10-06T17:29:25.6835064Z bazel-out/k8-opt-exec-ST-d57f47055a04/bin/external/protobuf+/src/google/protobuf/_virtual_includes/protobuf/google/protobuf/descriptor.pb.h:18861:13: note: declared here
2026-10-06T17:29:25.6836734Z 18861 | inline bool FieldOptions::weak() const {
2026-10-06T17:29:25.6837449Z       |             ^~~~~~~~~~~~
2026-10-06T17:29:27.3864345Z INFO: From Compiling src/google/protobuf/reflection_ops.cc [for tool]:
2026-10-06T17:29:27.3888162Z In file included from external/protobuf+/src/google/protobuf/reflection_ops.cc:22:
2026-10-06T17:29:27.3922448Z bazel-out/k8-opt-exec-ST-d57f47055a04/bin/external/protobuf+/src/google/protobuf/_virtual_includes/protobuf/google/protobuf/map_field.h: In constructor 'google::protobuf::internal::MapFieldBase::ReflectionPayload::ReflectionPayload(google::protobuf::Arena*, const google::protobuf::Message*)':
2026-10-06T17:29:27.3942984Z bazel-out/k8-opt-exec-ST-d57f47055a04/bin/external/protobuf+/src/google/protobuf/_virtual_includes/protobuf/google/protobuf/map_field.h:416:11: warning: 'google::protobuf::RepeatedPtrField<T>::RepeatedPtrField(google::protobuf::Arena*) [with Element = google::protobuf::Message]' is deprecated: Use Arena::Create<RepeatedPtrField<...>>(Arena*) instead [-Wdeprecated-declarations]
2026-10-06T17:29:27.3980684Z   416 |         : repeated_field_(arena), prototype_(prototype) {}
2026-10-06T17:29:27.4000511Z       |           ^~~~~~~~~~~~~~~~~~~~~~
2026-10-06T17:29:27.4001836Z In file included from bazel-out/k8-opt-exec-ST-d57f47055a04/bin/external/protobuf+/src/google/protobuf/_virtual_includes/protobuf_lite/google/protobuf/repeated_field.h:46,
2026-10-06T17:29:27.4003846Z                  from bazel-out/k8-opt-exec-ST-d57f47055a04/bin/external/protobuf+/src/google/protobuf/_virtual_includes/protobuf_lite/google/protobuf/parse_context.h:39,
2026-10-06T17:29:27.4005888Z                  from bazel-out/k8-opt-exec-ST-d57f47055a04/bin/external/protobuf+/src/google/protobuf/_virtual_includes/protobuf_lite/google/protobuf/generated_message_tctable_decl.h:25,
2026-10-06T17:29:27.4008188Z                  from bazel-out/k8-opt-exec-ST-d57f47055a04/bin/external/protobuf+/src/google/protobuf/_virtual_includes/protobuf_lite/google/protobuf/extension_set.h:40,
2026-10-06T17:29:27.4010302Z                  from bazel-out/k8-opt-exec-ST-d57f47055a04/bin/external/protobuf+/src/google/protobuf/_virtual_includes/protobuf/google/protobuf/descriptor.h:56,
2026-10-06T17:29:27.4012116Z                  from bazel-out/k8-opt-exec-ST-d57f47055a04/bin/external/protobuf+/src/google/protobuf/_virtual_includes/protobuf/google/protobuf/message.h:112,
2026-10-06T17:29:27.4013951Z                  from bazel-out/k8-opt-exec-ST-d57f47055a04/bin/external/protobuf+/src/google/protobuf/_virtual_includes/protobuf/google/protobuf/reflection_ops.h:18,
2026-10-06T17:29:27.4015305Z                  from external/protobuf+/src/google/protobuf/reflection_ops.cc:11:
2026-10-06T17:29:27.4016885Z bazel-out/k8-opt-exec-ST-d57f47055a04/bin/external/protobuf+/src/google/protobuf/_virtual_includes/protobuf_lite/google/protobuf/repeated_ptr_field.h:1380:8: note: declared here
2026-10-06T17:29:27.4018575Z  1380 | inline RepeatedPtrField<Element>::RepeatedPtrField(Arena* arena)
2026-10-06T17:29:27.4019269Z       |        ^~~~~~~~~~~~~~~~~~~~~~~~~
2026-10-06T17:29:27.4021667Z [798 / 944] Compiling src/google/protobuf/extension_set_heavy.cc [for tool]; 2s processwrapper-sandbox ... (4 actions, 3 running)
2026-10-06T17:29:28.4123932Z [800 / 944] Compiling src/google/protobuf/extension_set_heavy.cc [for tool]; 3s processwrapper-sandbox ... (4 actions, 3 running)
2026-10-06T17:29:29.5523861Z INFO: From Compiling src/google/protobuf/compiler/cpp/field_chunk.cc [for tool]:
2026-10-06T17:29:29.5551759Z In file included from bazel-out/k8-opt-exec-ST-d57f47055a04/bin/external/protobuf+/src/google/protobuf/compiler/cpp/_virtual_includes/cpp/google/protobuf/compiler/cpp/field_chunk.h:10,
2026-10-06T17:29:29.5611719Z                  from external/protobuf+/src/google/protobuf/compiler/cpp/field_chunk.cc:1:
2026-10-06T17:29:29.5672151Z bazel-out/k8-opt-exec-ST-d57f47055a04/bin/external/protobuf+/src/google/protobuf/compiler/cpp/_virtual_includes/names_internal/google/protobuf/compiler/cpp/helpers.h: In function 'bool google::protobuf::compiler::cpp::IsWeak(const google::protobuf::FieldDescriptor*, const Options&)':
2026-10-06T17:29:29.5675815Z bazel-out/k8-opt-exec-ST-d57f47055a04/bin/external/protobuf+/src/google/protobuf/compiler/cpp/_virtual_includes/names_internal/google/protobuf/compiler/cpp/helpers.h:347:28: warning: 'bool google::protobuf::FieldOptions::weak() const' is deprecated [-Wdeprecated-declarations]
2026-10-06T17:29:29.5677856Z   347 |   if (field->options().weak()) {
2026-10-06T17:29:29.5678316Z       |       ~~~~~~~~~~~~~~~~~~~~~^~
2026-10-06T17:29:29.5679802Z In file included from bazel-out/k8-opt-exec-ST-d57f47055a04/bin/external/protobuf+/src/google/protobuf/compiler/_virtual_includes/code_generator_lite/google/protobuf/compiler/code_generator_lite.h:18,
2026-10-06T17:29:29.5682532Z                  from bazel-out/k8-opt-exec-ST-d57f47055a04/bin/external/protobuf+/src/google/protobuf/compiler/_virtual_includes/code_generator/google/protobuf/compiler/code_generator.h:25,
2026-10-06T17:29:29.5684716Z                  from bazel-out/k8-opt-exec-ST-d57f47055a04/bin/external/protobuf+/src/google/protobuf/compiler/cpp/_virtual_includes/names_internal/google/protobuf/compiler/cpp/helpers.h:29:
2026-10-06T17:29:29.5686732Z bazel-out/k8-opt-exec-ST-d57f47055a04/bin/external/protobuf+/src/google/protobuf/_virtual_includes/protobuf/google/protobuf/descriptor.pb.h:18861:13: note: declared here
2026-10-06T17:29:29.5688135Z 18861 | inline bool FieldOptions::weak() const {
2026-10-06T17:29:29.5688650Z       |             ^~~~~~~~~~~~
2026-10-06T17:29:29.5689655Z [802 / 944] Compiling src/google/protobuf/message.cc [for tool]; 2s processwrapper-sandbox ... (4 actions, 3 running)
2026-10-06T17:29:30.6591295Z [803 / 944] Compiling src/google/protobuf/message.cc [for tool]; 3s processwrapper-sandbox ... (4 actions running)
2026-10-06T17:29:32.7831431Z [804 / 944] Compiling src/google/protobuf/message.cc [for tool]; 5s processwrapper-sandbox ... (4 actions, 3 running)
2026-10-06T17:29:33.5461275Z INFO: From Compiling src/google/protobuf/message.cc [for tool]:
2026-10-06T17:29:33.5486949Z In file included from external/protobuf+/src/google/protobuf/message.cc:40:
2026-10-06T17:29:33.5552946Z bazel-out/k8-opt-exec-ST-d57f47055a04/bin/external/protobuf+/src/google/protobuf/_virtual_includes/protobuf/google/protobuf/map_field.h: In constructor 'google::protobuf::internal::MapFieldBase::ReflectionPayload::ReflectionPayload(google::protobuf::Arena*, const google::protobuf::Message*)':
2026-10-06T17:29:33.5582801Z bazel-out/k8-opt-exec-ST-d57f47055a04/bin/external/protobuf+/src/google/protobuf/_virtual_includes/protobuf/google/protobuf/map_field.h:416:11: warning: 'google::protobuf::RepeatedPtrField<T>::RepeatedPtrField(google::protobuf::Arena*) [with Element = google::protobuf::Message]' is deprecated: Use Arena::Create<RepeatedPtrField<...>>(Arena*) instead [-Wdeprecated-declarations]
2026-10-06T17:29:33.5640881Z   416 |         : repeated_field_(arena), prototype_(prototype) {}
2026-10-06T17:29:33.5670609Z       |           ^~~~~~~~~~~~~~~~~~~~~~
2026-10-06T17:29:33.5711290Z In file included from bazel-out/k8-opt-exec-ST-d57f47055a04/bin/external/protobuf+/src/google/protobuf/_virtual_includes/protobuf_lite/google/protobuf/repeated_field.h:46,
2026-10-06T17:29:33.5741895Z                  from bazel-out/k8-opt-exec-ST-d57f47055a04/bin/external/protobuf+/src/google/protobuf/_virtual_includes/protobuf_lite/google/protobuf/parse_context.h:39,
2026-10-06T17:29:33.5761406Z                  from bazel-out/k8-opt-exec-ST-d57f47055a04/bin/external/protobuf+/src/google/protobuf/_virtual_includes/protobuf_lite/google/protobuf/generated_message_tctable_decl.h:25,
2026-10-06T17:29:33.5771760Z                  from bazel-out/k8-opt-exec-ST-d57f47055a04/bin/external/protobuf+/src/google/protobuf/_virtual_includes/protobuf_lite/google/protobuf/extension_set.h:40,
2026-10-06T17:29:33.5801386Z                  from bazel-out/k8-opt-exec-ST-d57f47055a04/bin/external/protobuf+/src/google/protobuf/_virtual_includes/protobuf/google/protobuf/descriptor.h:56,
2026-10-06T17:29:33.5831485Z                  from bazel-out/k8-opt-exec-ST-d57f47055a04/bin/external/protobuf+/src/google/protobuf/_virtual_includes/protobuf/google/protobuf/message.h:112,
2026-10-06T17:29:33.5850835Z                  from external/protobuf+/src/google/protobuf/message.cc:12:
2026-10-06T17:29:33.5871506Z bazel-out/k8-opt-exec-ST-d57f47055a04/bin/external/protobuf+/src/google/protobuf/_virtual_includes/protobuf_lite/google/protobuf/repeated_ptr_field.h:1380:8: note: declared here
2026-10-06T17:29:33.5890844Z  1380 | inline RepeatedPtrField<Element>::RepeatedPtrField(Arena* arena)
2026-10-06T17:29:33.5920669Z       |        ^~~~~~~~~~~~~~~~~~~~~~~~~
2026-10-06T17:29:33.9851604Z [807 / 944] Compiling src/google/protobuf/compiler/cpp/field_generators/cord_field.cc [for tool]; 4s processwrapper-sandbox ... (4 actions, 3 running)
2026-10-06T17:29:35.6612089Z [809 / 944] Compiling src/google/protobuf/compiler/cpp/field_generators/cord_field.cc [for tool]; 6s processwrapper-sandbox ... (4 actions running)
2026-10-06T17:29:35.7651239Z INFO: From Compiling src/google/protobuf/compiler/cpp/field_generators/cord_field.cc [for tool]:
2026-10-06T17:29:35.7681526Z In file included from bazel-out/k8-opt-exec-ST-d57f47055a04/bin/external/protobuf+/src/google/protobuf/compiler/cpp/_virtual_includes/cpp/google/protobuf/compiler/cpp/field.h:26,
2026-10-06T17:29:35.7710932Z                  from external/protobuf+/src/google/protobuf/compiler/cpp/field_generators/cord_field.cc:23:
2026-10-06T17:29:35.7742070Z bazel-out/k8-opt-exec-ST-d57f47055a04/bin/external/protobuf+/src/google/protobuf/compiler/cpp/_virtual_includes/names_internal/google/protobuf/compiler/cpp/helpers.h: In function 'bool google::protobuf::compiler::cpp::IsWeak(const google::protobuf::FieldDescriptor*, const Options&)':
2026-10-06T17:29:35.7772048Z bazel-out/k8-opt-exec-ST-d57f47055a04/bin/external/protobuf+/src/google/protobuf/compiler/cpp/_virtual_includes/names_internal/google/protobuf/compiler/cpp/helpers.h:347:28: warning: 'bool google::protobuf::FieldOptions::weak() const' is deprecated [-Wdeprecated-declarations]
2026-10-06T17:29:35.7790625Z   347 |   if (field->options().weak()) {
2026-10-06T17:29:35.7810587Z       |       ~~~~~~~~~~~~~~~~~~~~~^~
2026-10-06T17:29:35.7821696Z In file included from bazel-out/k8-opt-exec-ST-d57f47055a04/bin/external/protobuf+/src/google/protobuf/compiler/_virtual_includes/code_generator_lite/google/protobuf/compiler/code_generator_lite.h:18,
2026-10-06T17:29:35.7842697Z                  from bazel-out/k8-opt-exec-ST-d57f47055a04/bin/external/protobuf+/src/google/protobuf/compiler/_virtual_includes/code_generator/google/protobuf/compiler/code_generator.h:25,
2026-10-06T17:29:35.7845477Z                  from bazel-out/k8-opt-exec-ST-d57f47055a04/bin/external/protobuf+/src/google/protobuf/compiler/cpp/_virtual_includes/names_internal/google/protobuf/compiler/cpp/helpers.h:29:
2026-10-06T17:29:35.7848012Z bazel-out/k8-opt-exec-ST-d57f47055a04/bin/external/protobuf+/src/google/protobuf/_virtual_includes/protobuf/google/protobuf/descriptor.pb.h:18861:13: note: declared here
2026-10-06T17:29:35.7849637Z 18861 | inline bool FieldOptions::weak() const {
2026-10-06T17:29:35.7850943Z       |             ^~~~~~~~~~~~
2026-10-06T17:29:36.6621796Z [813 / 944] Compiling src/google/protobuf/map_field.cc [for tool]; 3s processwrapper-sandbox ... (4 actions running)
2026-10-06T17:29:37.7117442Z INFO: From Compiling src/google/protobuf/map_field.cc [for tool]:
2026-10-06T17:29:37.7174764Z In file included from external/protobuf+/src/google/protobuf/map_field.cc:8:
2026-10-06T17:29:37.7232533Z bazel-out/k8-opt-exec-ST-d57f47055a04/bin/external/protobuf+/src/google/protobuf/_virtual_includes/protobuf/google/protobuf/map_field.h: In constructor 'google::protobuf::internal::MapFieldBase::ReflectionPayload::ReflectionPayload(google::protobuf::Arena*, const google::protobuf::Message*)':
2026-10-06T17:29:37.7292672Z bazel-out/k8-opt-exec-ST-d57f47055a04/bin/external/protobuf+/src/google/protobuf/_virtual_includes/protobuf/google/protobuf/map_field.h:416:11: warning: 'google::protobuf::RepeatedPtrField<T>::RepeatedPtrField(google::protobuf::Arena*) [with Element = google::protobuf::Message]' is deprecated: Use Arena::Create<RepeatedPtrField<...>>(Arena*) instead [-Wdeprecated-declarations]
2026-10-06T17:29:37.7320612Z   416 |         : repeated_field_(arena), prototype_(prototype) {}
2026-10-06T17:29:37.7371854Z       |           ^~~~~~~~~~~~~~~~~~~~~~
2026-10-06T17:29:37.7392042Z In file included from bazel-out/k8-opt-exec-ST-d57f47055a04/bin/external/protobuf+/src/google/protobuf/_virtual_includes/protobuf_lite/google/protobuf/repeated_field.h:46,
2026-10-06T17:29:37.7411341Z                  from bazel-out/k8-opt-exec-ST-d57f47055a04/bin/external/protobuf+/src/google/protobuf/_virtual_includes/protobuf_lite/google/protobuf/parse_context.h:39,
2026-10-06T17:29:37.7441564Z                  from bazel-out/k8-opt-exec-ST-d57f47055a04/bin/external/protobuf+/src/google/protobuf/_virtual_includes/protobuf_lite/google/protobuf/generated_message_tctable_decl.h:25,
2026-10-06T17:29:37.7471332Z                  from bazel-out/k8-opt-exec-ST-d57f47055a04/bin/external/protobuf+/src/google/protobuf/_virtual_includes/protobuf_lite/google/protobuf/extension_set.h:40,
2026-10-06T17:29:37.7501203Z                  from bazel-out/k8-opt-exec-ST-d57f47055a04/bin/external/protobuf+/src/google/protobuf/_virtual_includes/protobuf/google/protobuf/descriptor.h:56,
2026-10-06T17:29:37.7503455Z                  from bazel-out/k8-opt-exec-ST-d57f47055a04/bin/external/protobuf+/src/google/protobuf/_virtual_includes/protobuf/google/protobuf/map_field.h:23:
2026-10-06T17:29:37.7521832Z bazel-out/k8-opt-exec-ST-d57f47055a04/bin/external/protobuf+/src/google/protobuf/_virtual_includes/protobuf_lite/google/protobuf/repeated_ptr_field.h:1380:8: note: declared here
2026-10-06T17:29:37.7525875Z  1380 | inline RepeatedPtrField<Element>::RepeatedPtrField(Arena* arena)
2026-10-06T17:29:37.7526606Z       |        ^~~~~~~~~~~~~~~~~~~~~~~~~
2026-10-06T17:29:37.7527745Z [814 / 944] Compiling src/google/protobuf/compiler/cpp/field_generators/enum_field.cc [for tool]; 1s processwrapper-sandbox ... (4 actions, 3 running)
2026-10-06T17:29:39.6602198Z [816 / 944] Compiling src/google/protobuf/compiler/cpp/field_generators/enum_field.cc [for tool]; 3s processwrapper-sandbox ... (4 actions running)
2026-10-06T17:29:41.0561797Z [817 / 944] Compiling src/google/protobuf/compiler/cpp/field_generators/enum_field.cc [for tool]; 5s processwrapper-sandbox ... (4 actions, 3 running)
2026-10-06T17:29:41.9331678Z INFO: From Compiling src/google/protobuf/compiler/cpp/field_generators/enum_field.cc [for tool]:
2026-10-06T17:29:41.9351562Z In file included from bazel-out/k8-opt-exec-ST-d57f47055a04/bin/external/protobuf+/src/google/protobuf/compiler/cpp/_virtual_includes/cpp/google/protobuf/compiler/cpp/field.h:26,
2026-10-06T17:29:41.9380950Z                  from external/protobuf+/src/google/protobuf/compiler/cpp/field_generators/enum_field.cc:20:
2026-10-06T17:29:41.9412458Z bazel-out/k8-opt-exec-ST-d57f47055a04/bin/external/protobuf+/src/google/protobuf/compiler/cpp/_virtual_includes/names_internal/google/protobuf/compiler/cpp/helpers.h: In function 'bool google::protobuf::compiler::cpp::IsWeak(const google::protobuf::FieldDescriptor*, const Options&)':
2026-10-06T17:29:41.9416241Z bazel-out/k8-opt-exec-ST-d57f47055a04/bin/external/protobuf+/src/google/protobuf/compiler/cpp/_virtual_includes/names_internal/google/protobuf/compiler/cpp/helpers.h:347:28: warning: 'bool google::protobuf::FieldOptions::weak() const' is deprecated [-Wdeprecated-declarations]
2026-10-06T17:29:41.9418344Z   347 |   if (field->options().weak()) {
2026-10-06T17:29:41.9418829Z       |       ~~~~~~~~~~~~~~~~~~~~~^~
2026-10-06T17:29:41.9420721Z In file included from bazel-out/k8-opt-exec-ST-d57f47055a04/bin/external/protobuf+/src/google/protobuf/compiler/_virtual_includes/code_generator_lite/google/protobuf/compiler/code_generator_lite.h:18,
2026-10-06T17:29:41.9423248Z                  from bazel-out/k8-opt-exec-ST-d57f47055a04/bin/external/protobuf+/src/google/protobuf/compiler/_virtual_includes/code_generator/google/protobuf/compiler/code_generator.h:25,
2026-10-06T17:29:41.9425617Z                  from bazel-out/k8-opt-exec-ST-d57f47055a04/bin/external/protobuf+/src/google/protobuf/compiler/cpp/_virtual_includes/names_internal/google/protobuf/compiler/cpp/helpers.h:29:
2026-10-06T17:29:41.9427851Z bazel-out/k8-opt-exec-ST-d57f47055a04/bin/external/protobuf+/src/google/protobuf/_virtual_includes/protobuf/google/protobuf/descriptor.pb.h:18861:13: note: declared here
2026-10-06T17:29:41.9429321Z 18861 | inline bool FieldOptions::weak() const {
2026-10-06T17:29:41.9429850Z       |             ^~~~~~~~~~~~
2026-10-06T17:29:42.6632645Z [818 / 944] Compiling src/google/protobuf/generated_message_reflection.cc [for tool]; 6s processwrapper-sandbox ... (4 actions running)
2026-10-06T17:29:43.7342335Z [819 / 944] Compiling src/google/protobuf/generated_message_reflection.cc [for tool]; 7s processwrapper-sandbox ... (4 actions, 3 running)
2026-10-06T17:29:45.2641335Z INFO: From Compiling src/google/protobuf/generated_message_tctable_gen.cc [for tool]:
2026-10-06T17:29:45.2661583Z external/protobuf+/src/google/protobuf/generated_message_tctable_gen.cc: In function 'bool google::protobuf::internal::{anonymous}::HasWeakFields(const google::protobuf::Descriptor*)':
2026-10-06T17:29:45.2671549Z external/protobuf+/src/google/protobuf/generated_message_tctable_gen.cc:699:45: warning: 'bool google::protobuf::FieldOptions::weak() const' is deprecated [-Wdeprecated-declarations]
2026-10-06T17:29:45.2680723Z   699 |     if (descriptor->field(i)->options().weak()) {
2026-10-06T17:29:45.2710652Z       |         ~~~~~~~~~~~~~~~~~~~~~~~~~~~~~~~~~~~~^~
2026-10-06T17:29:45.2712145Z In file included from bazel-out/k8-opt-exec-ST-d57f47055a04/bin/external/protobuf+/src/google/protobuf/_virtual_includes/protobuf/google/protobuf/generated_message_tctable_gen.h:21,
2026-10-06T17:29:45.2714276Z                  from external/protobuf+/src/google/protobuf/generated_message_tctable_gen.cc:8:
2026-10-06T17:29:45.2715977Z bazel-out/k8-opt-exec-ST-d57f47055a04/bin/external/protobuf+/src/google/protobuf/_virtual_includes/protobuf/google/protobuf/descriptor.pb.h:18861:13: note: declared here
2026-10-06T17:29:45.2717525Z 18861 | inline bool FieldOptions::weak() const {
2026-10-06T17:29:45.2718083Z       |             ^~~~~~~~~~~~
2026-10-06T17:29:45.2741537Z external/protobuf+/src/google/protobuf/generated_message_tctable_gen.cc: In function 'bool google::protobuf::internal::IsFieldTypeEligibleForFastParsing(const google::protobuf::FieldDescriptor*)':
2026-10-06T17:29:45.2771353Z external/protobuf+/src/google/protobuf/generated_message_tctable_gen.cc:738:28: warning: 'bool google::protobuf::FieldOptions::weak() const' is deprecated [-Wdeprecated-declarations]
2026-10-06T17:29:45.2800477Z   738 |       field->options().weak()) {
2026-10-06T17:29:45.2820684Z       |       ~~~~~~~~~~~~~~~~~~~~~^~
2026-10-06T17:29:45.2851357Z bazel-out/k8-opt-exec-ST-d57f47055a04/bin/external/protobuf+/src/google/protobuf/_virtual_includes/protobuf/google/protobuf/descriptor.pb.h:18861:13: note: declared here
2026-10-06T17:29:45.2880883Z 18861 | inline bool FieldOptions::weak() const {
2026-10-06T17:29:45.2910387Z       |             ^~~~~~~~~~~~
2026-10-06T17:29:45.2930895Z external/protobuf+/src/google/protobuf/generated_message_tctable_gen.cc: In lambda function:
2026-10-06T17:29:45.2971374Z external/protobuf+/src/google/protobuf/generated_message_tctable_gen.cc:773:54: warning: 'bool google::protobuf::FieldOptions::weak() const' is deprecated [-Wdeprecated-declarations]
2026-10-06T17:29:45.2990638Z   773 |            !field->is_map() && !field->options().weak() &&
2026-10-06T17:29:45.3030547Z       |                                 ~~~~~~~~~~~~~~~~~~~~~^~
2026-10-06T17:29:45.3061766Z bazel-out/k8-opt-exec-ST-d57f47055a04/bin/external/protobuf+/src/google/protobuf/_virtual_includes/protobuf/google/protobuf/descriptor.pb.h:18861:13: note: declared here
2026-10-06T17:29:45.3090546Z 18861 | inline bool FieldOptions::weak() const {
2026-10-06T17:29:45.3120431Z       |             ^~~~~~~~~~~~
2026-10-06T17:29:45.3132672Z external/protobuf+/src/google/protobuf/generated_message_tctable_gen.cc: In static member function 'static std::vector<google::protobuf::internal::TailCallTableInfo::FieldEntryInfo> google::protobuf::internal::TailCallTableInfo::BuildFieldEntries(const google::protobuf::Descriptor*, const MessageOptions&, absl::lts_20250814::Span<const FieldOptions>, std::vector<AuxEntry>&)':
2026-10-06T17:29:45.3136154Z external/protobuf+/src/google/protobuf/generated_message_tctable_gen.cc:813:39: warning: 'bool google::protobuf::FieldOptions::weak() const' is deprecated [-Wdeprecated-declarations]
2026-10-06T17:29:45.3137597Z   813 |       } else if (field->options().weak()) {
2026-10-06T17:29:45.3138154Z       |                  ~~~~~~~~~~~~~~~~~~~~~^~
2026-10-06T17:29:45.3139450Z bazel-out/k8-opt-exec-ST-d57f47055a04/bin/external/protobuf+/src/google/protobuf/_virtual_includes/protobuf/google/protobuf/descriptor.pb.h:18861:13: note: declared here
2026-10-06T17:29:45.3171275Z 18861 | inline bool FieldOptions::weak() const {
2026-10-06T17:29:45.3171831Z       |             ^~~~~~~~~~~~
2026-10-06T17:29:45.3172845Z [821 / 944] Compiling src/google/protobuf/generated_message_reflection.cc [for tool]; 8s processwrapper-sandbox ... (4 actions, 3 running)
2026-10-06T17:29:46.6623773Z [823 / 944] Compiling src/google/protobuf/generated_message_reflection.cc [for tool]; 10s processwrapper-sandbox ... (4 actions running)
2026-10-06T17:29:47.7312183Z [824 / 944] Compiling src/google/protobuf/generated_message_reflection.cc [for tool]; 11s processwrapper-sandbox ... (4 actions, 3 running)
2026-10-06T17:29:48.6915747Z INFO: From Compiling src/google/protobuf/generated_message_reflection.cc [for tool]:
2026-10-06T17:29:48.6930964Z In file included from external/protobuf+/src/google/protobuf/generated_message_reflection.cc:51:
2026-10-06T17:29:48.7005958Z bazel-out/k8-opt-exec-ST-d57f47055a04/bin/external/protobuf+/src/google/protobuf/_virtual_includes/protobuf/google/protobuf/map_field.h: In constructor 'google::protobuf::internal::MapFieldBase::ReflectionPayload::ReflectionPayload(google::protobuf::Arena*, const google::protobuf::Message*)':
2026-10-06T17:29:48.7052680Z bazel-out/k8-opt-exec-ST-d57f47055a04/bin/external/protobuf+/src/google/protobuf/_virtual_includes/protobuf/google/protobuf/map_field.h:416:11: warning: 'google::protobuf::RepeatedPtrField<T>::RepeatedPtrField(google::protobuf::Arena*) [with Element = google::protobuf::Message]' is deprecated: Use Arena::Create<RepeatedPtrField<...>>(Arena*) instead [-Wdeprecated-declarations]
2026-10-06T17:29:48.7080571Z   416 |         : repeated_field_(arena), prototype_(prototype) {}
2026-10-06T17:29:48.7140445Z       |           ^~~~~~~~~~~~~~~~~~~~~~
2026-10-06T17:29:48.7201306Z In file included from bazel-out/k8-opt-exec-ST-d57f47055a04/bin/external/protobuf+/src/google/protobuf/_virtual_includes/protobuf_lite/google/protobuf/repeated_field.h:46,
2026-10-06T17:29:48.7261689Z                  from bazel-out/k8-opt-exec-ST-d57f47055a04/bin/external/protobuf+/src/google/protobuf/_virtual_includes/protobuf_lite/google/protobuf/parse_context.h:39,
2026-10-06T17:29:48.7281649Z                  from bazel-out/k8-opt-exec-ST-d57f47055a04/bin/external/protobuf+/src/google/protobuf/_virtual_includes/protobuf_lite/google/protobuf/generated_message_tctable_decl.h:25,
2026-10-06T17:29:48.7321275Z                  from bazel-out/k8-opt-exec-ST-d57f47055a04/bin/external/protobuf+/src/google/protobuf/_virtual_includes/protobuf_lite/google/protobuf/extension_set.h:40,
2026-10-06T17:29:48.7331208Z                  from bazel-out/k8-opt-exec-ST-d57f47055a04/bin/external/protobuf+/src/google/protobuf/_virtual_includes/protobuf/google/protobuf/descriptor.h:56,
2026-10-06T17:29:48.7333273Z                  from bazel-out/k8-opt-exec-ST-d57f47055a04/bin/external/protobuf+/src/google/protobuf/_virtual_includes/protobuf/google/protobuf/generated_message_reflection.h:26,
2026-10-06T17:29:48.7334864Z                  from external/protobuf+/src/google/protobuf/generated_message_reflection.cc:12:
2026-10-06T17:29:48.7336496Z bazel-out/k8-opt-exec-ST-d57f47055a04/bin/external/protobuf+/src/google/protobuf/_virtual_includes/protobuf_lite/google/protobuf/repeated_ptr_field.h:1380:8: note: declared here
2026-10-06T17:29:48.7338036Z  1380 | inline RepeatedPtrField<Element>::RepeatedPtrField(Arena* arena)
2026-10-06T17:29:48.7338756Z       |        ^~~~~~~~~~~~~~~~~~~~~~~~~
2026-10-06T17:29:48.7340707Z external/protobuf+/src/google/protobuf/generated_message_reflection.cc: In member function 'const google::protobuf::Message* google::protobuf::Reflection::GetDefaultMessageInstance(const google::protobuf::FieldDescriptor*) const':
2026-10-06T17:29:48.7343258Z external/protobuf+/src/google/protobuf/generated_message_reflection.cc:2526:55: warning: 'bool google::protobuf::FieldOptions::weak() const' is deprecated [-Wdeprecated-declarations]
2026-10-06T17:29:48.7344747Z  2526 |   if (!field->is_extension() && !field->options().weak() &&
2026-10-06T17:29:48.7345381Z       |                                  ~~~~~~~~~~~~~~~~~~~~~^~
2026-10-06T17:29:48.7346290Z In file included from external/protobuf+/src/google/protobuf/generated_message_reflection.cc:41:
2026-10-06T17:29:48.7361394Z bazel-out/k8-opt-exec-ST-d57f47055a04/bin/external/protobuf+/src/google/protobuf/_virtual_includes/protobuf/google/protobuf/descriptor.pb.h:18861:13: note: declared here
2026-10-06T17:29:48.7380483Z 18861 | inline bool FieldOptions::weak() const {
2026-10-06T17:29:48.7410395Z       |             ^~~~~~~~~~~~
2026-10-06T17:29:48.7440672Z In file included from external/abseil-cpp+/absl/log/internal/check_impl.h:20,
2026-10-06T17:29:48.7470539Z                  from external/abseil-cpp+/absl/log/absl_check.h:38,
2026-10-06T17:29:48.7501309Z                  from bazel-out/k8-opt-exec-ST-d57f47055a04/bin/external/protobuf+/src/google/protobuf/_virtual_includes/protobuf/google/protobuf/generated_message_reflection.h:25:
2026-10-06T17:29:48.7531692Z external/protobuf+/src/google/protobuf/generated_message_reflection.cc: In member function 'bool google::protobuf::Reflection::HasFieldWithHasbits(const google::protobuf::Message&, const google::protobuf::FieldDescriptor*) const':
2026-10-06T17:29:48.7541394Z external/protobuf+/src/google/protobuf/generated_message_reflection.cc:3290:37: warning: 'bool google::protobuf::FieldOptions::weak() const' is deprecated [-Wdeprecated-declarations]
2026-10-06T17:29:48.7580604Z  3290 |   ABSL_DCHECK(!field->options().weak());
2026-10-06T17:29:48.7620441Z       |                ~~~~~~~~~~~~~~~~~~~~~^~
2026-10-06T17:29:48.7628766Z external/abseil-cpp+/absl/log/internal/conditions.h:68:7: note: in definition of macro 'ABSL_LOG_INTERNAL_STATELESS_CONDITION'
2026-10-06T17:29:48.7650668Z    68 |     !(condition) ? (void)0 : ::absl::log_internal::Voidify() &&
2026-10-06T17:29:48.7651270Z       |       ^~~~~~~~~
2026-10-06T17:29:48.7652131Z external/abseil-cpp+/absl/log/internal/check_impl.h:26:3: note: in expansion of macro 'ABSL_LOG_INTERNAL_CONDITION_FATAL'
2026-10-06T17:29:48.7653326Z    26 |   ABSL_LOG_INTERNAL_CONDITION_FATAL(STATELESS,                        \
2026-10-06T17:29:48.7654319Z       |   ^~~~~~~~~~~~~~~~~~~~~~~~~~~~~~~~~
2026-10-06T17:29:48.7655203Z external/abseil-cpp+/absl/log/internal/check_impl.h:27:37: note: in expansion of macro 'ABSL_PREDICT_FALSE'
2026-10-06T17:29:48.7656191Z    27 |                                     ABSL_PREDICT_FALSE(!(condition))) \
2026-10-06T17:29:48.7656812Z       |                                     ^~~~~~~~~~~~~~~~~~
2026-10-06T17:29:48.7657786Z external/abseil-cpp+/absl/log/internal/check_impl.h:43:3: note: in expansion of macro 'ABSL_LOG_INTERNAL_CHECK_IMPL'
2026-10-06T17:29:48.7658847Z    43 |   ABSL_LOG_INTERNAL_CHECK_IMPL(true || (condition), "true")
2026-10-06T17:29:48.7659454Z       |   ^~~~~~~~~~~~~~~~~~~~~~~~~~~~
2026-10-06T17:29:48.7660560Z external/abseil-cpp+/absl/log/absl_check.h:47:3: note: in expansion of macro 'ABSL_LOG_INTERNAL_DCHECK_IMPL'
2026-10-06T17:29:48.7661580Z    47 |   ABSL_LOG_INTERNAL_DCHECK_IMPL((condition), #condition)
2026-10-06T17:29:48.7662149Z       |   ^~~~~~~~~~~~~~~~~~~~~~~~~~~~~
2026-10-06T17:29:48.7663125Z external/protobuf+/src/google/protobuf/generated_message_reflection.cc:3290:3: note: in expansion of macro 'ABSL_DCHECK'
2026-10-06T17:29:48.7664150Z  3290 |   ABSL_DCHECK(!field->options().weak());
2026-10-06T17:29:48.7664647Z       |   ^~~~~~~~~~~
2026-10-06T17:29:48.7666024Z bazel-out/k8-opt-exec-ST-d57f47055a04/bin/external/protobuf+/src/google/protobuf/_virtual_includes/protobuf/google/protobuf/descriptor.pb.h:18861:13: note: declared here
2026-10-06T17:29:48.7680509Z 18861 | inline bool FieldOptions::weak() const {
2026-10-06T17:29:48.7690428Z       |             ^~~~~~~~~~~~
2026-10-06T17:29:48.7692048Z external/protobuf+/src/google/protobuf/generated_message_reflection.cc: In member function 'void google::protobuf::Reflection::SetHasBit(google::protobuf::Message*, const google::protobuf::FieldDescriptor*) const':
2026-10-06T17:29:48.7694537Z external/protobuf+/src/google/protobuf/generated_message_reflection.cc:3323:37: warning: 'bool google::protobuf::FieldOptions::weak() const' is deprecated [-Wdeprecated-declarations]
2026-10-06T17:29:48.7695951Z  3323 |   ABSL_DCHECK(!field->options().weak());
2026-10-06T17:29:48.7696461Z       |                ~~~~~~~~~~~~~~~~~~~~~^~
2026-10-06T17:29:48.7697436Z external/abseil-cpp+/absl/log/internal/conditions.h:68:7: note: in definition of macro 'ABSL_LOG_INTERNAL_STATELESS_CONDITION'
2026-10-06T17:29:48.7698546Z    68 |     !(condition) ? (void)0 : ::absl::log_internal::Voidify() &&
2026-10-06T17:29:48.7699124Z       |       ^~~~~~~~~
2026-10-06T17:29:48.7700339Z external/abseil-cpp+/absl/log/internal/check_impl.h:26:3: note: in expansion of macro 'ABSL_LOG_INTERNAL_CONDITION_FATAL'
2026-10-06T17:29:48.7701780Z    26 |   ABSL_LOG_INTERNAL_CONDITION_FATAL(STATELESS,                        \
2026-10-06T17:29:48.7702464Z       |   ^~~~~~~~~~~~~~~~~~~~~~~~~~~~~~~~~
2026-10-06T17:29:48.7703370Z external/abseil-cpp+/absl/log/internal/check_impl.h:27:37: note: in expansion of macro 'ABSL_PREDICT_FALSE'
2026-10-06T17:29:48.7704365Z    27 |                                     ABSL_PREDICT_FALSE(!(condition))) \
2026-10-06T17:29:48.7704983Z       |                                     ^~~~~~~~~~~~~~~~~~
2026-10-06T17:29:48.7705993Z external/abseil-cpp+/absl/log/internal/check_impl.h:43:3: note: in expansion of macro 'ABSL_LOG_INTERNAL_CHECK_IMPL'
2026-10-06T17:29:48.7707183Z    43 |   ABSL_LOG_INTERNAL_CHECK_IMPL(true || (condition), "true")
2026-10-06T17:29:48.7707766Z       |   ^~~~~~~~~~~~~~~~~~~~~~~~~~~~
2026-10-06T17:29:48.7708584Z external/abseil-cpp+/absl/log/absl_check.h:47:3: note: in expansion of macro 'ABSL_LOG_INTERNAL_DCHECK_IMPL'
2026-10-06T17:29:48.7709586Z    47 |   ABSL_LOG_INTERNAL_DCHECK_IMPL((condition), #condition)
2026-10-06T17:29:48.7710421Z       |   ^~~~~~~~~~~~~~~~~~~~~~~~~~~~~
2026-10-06T17:29:48.7711384Z external/protobuf+/src/google/protobuf/generated_message_reflection.cc:3323:3: note: in expansion of macro 'ABSL_DCHECK'
2026-10-06T17:29:48.7712425Z  3323 |   ABSL_DCHECK(!field->options().weak());
2026-10-06T17:29:48.7713167Z       |   ^~~~~~~~~~~
2026-10-06T17:29:48.7714406Z bazel-out/k8-opt-exec-ST-d57f47055a04/bin/external/protobuf+/src/google/protobuf/_virtual_includes/protobuf/google/protobuf/descriptor.pb.h:18861:13: note: declared here
2026-10-06T17:29:48.7715786Z 18861 | inline bool FieldOptions::weak() const {
2026-10-06T17:29:48.7716324Z       |             ^~~~~~~~~~~~
2026-10-06T17:29:48.7717840Z external/protobuf+/src/google/protobuf/generated_message_reflection.cc: In member function 'void google::protobuf::Reflection::ClearHasBit(google::protobuf::Message*, const google::protobuf::FieldDescriptor*) const':
2026-10-06T17:29:48.7720496Z external/protobuf+/src/google/protobuf/generated_message_reflection.cc:3332:37: warning: 'bool google::protobuf::FieldOptions::weak() const' is deprecated [-Wdeprecated-declarations]
2026-10-06T17:29:48.7721933Z  3332 |   ABSL_DCHECK(!field->options().weak());
2026-10-06T17:29:48.7781370Z       |                ~~~~~~~~~~~~~~~~~~~~~^~
2026-10-06T17:29:48.7782290Z external/abseil-cpp+/absl/log/internal/conditions.h:68:7: note: in definition of macro 'ABSL_LOG_INTERNAL_STATELESS_CONDITION'
2026-10-06T17:29:48.7783332Z    68 |     !(condition) ? (void)0 : ::absl::log_internal::Voidify() &&
2026-10-06T17:29:48.7783877Z       |       ^~~~~~~~~
2026-10-06T17:29:48.7784655Z external/abseil-cpp+/absl/log/internal/check_impl.h:26:3: note: in expansion of macro 'ABSL_LOG_INTERNAL_CONDITION_FATAL'
2026-10-06T17:29:48.7785766Z    26 |   ABSL_LOG_INTERNAL_CONDITION_FATAL(STATELESS,                        \
2026-10-06T17:29:48.7786448Z       |   ^~~~~~~~~~~~~~~~~~~~~~~~~~~~~~~~~
2026-10-06T17:29:48.7787384Z external/abseil-cpp+/absl/log/internal/check_impl.h:27:37: note: in expansion of macro 'ABSL_PREDICT_FALSE'
2026-10-06T17:29:48.7788334Z    27 |                                     ABSL_PREDICT_FALSE(!(condition))) \
2026-10-06T17:29:48.7788950Z       |                                     ^~~~~~~~~~~~~~~~~~
2026-10-06T17:29:48.7790160Z external/abseil-cpp+/absl/log/internal/check_impl.h:43:3: note: in expansion of macro 'ABSL_LOG_INTERNAL_CHECK_IMPL'
2026-10-06T17:29:48.7791251Z    43 |   ABSL_LOG_INTERNAL_CHECK_IMPL(true || (condition), "true")
2026-10-06T17:29:48.7791849Z       |   ^~~~~~~~~~~~~~~~~~~~~~~~~~~~
2026-10-06T17:29:48.7792693Z external/abseil-cpp+/absl/log/absl_check.h:47:3: note: in expansion of macro 'ABSL_LOG_INTERNAL_DCHECK_IMPL'
2026-10-06T17:29:48.7793689Z    47 |   ABSL_LOG_INTERNAL_DCHECK_IMPL((condition), #condition)
2026-10-06T17:29:48.7794269Z       |   ^~~~~~~~~~~~~~~~~~~~~~~~~~~~~
2026-10-06T17:29:48.7795252Z external/protobuf+/src/google/protobuf/generated_message_reflection.cc:3332:3: note: in expansion of macro 'ABSL_DCHECK'
2026-10-06T17:29:48.7796590Z  3332 |   ABSL_DCHECK(!field->options().weak());
2026-10-06T17:29:48.7797080Z       |   ^~~~~~~~~~~
2026-10-06T17:29:48.7798293Z bazel-out/k8-opt-exec-ST-d57f47055a04/bin/external/protobuf+/src/google/protobuf/_virtual_includes/protobuf/google/protobuf/descriptor.pb.h:18861:13: note: declared here
2026-10-06T17:29:48.7799686Z 18861 | inline bool FieldOptions::weak() const {
2026-10-06T17:29:48.7800482Z       |             ^~~~~~~~~~~~
2026-10-06T17:29:48.7802229Z external/protobuf+/src/google/protobuf/generated_message_reflection.cc: In member function 'void google::protobuf::Reflection::NaiveSwapHasBit(google::protobuf::Message*, google::protobuf::Message*, const google::protobuf::FieldDescriptor*) const':
2026-10-06T17:29:48.7804940Z external/protobuf+/src/google/protobuf/generated_message_reflection.cc:3341:37: warning: 'bool google::protobuf::FieldOptions::weak() const' is deprecated [-Wdeprecated-declarations]
2026-10-06T17:29:48.7806402Z  3341 |   ABSL_DCHECK(!field->options().weak());
2026-10-06T17:29:48.7806914Z       |                ~~~~~~~~~~~~~~~~~~~~~^~
2026-10-06T17:29:48.7807901Z external/abseil-cpp+/absl/log/internal/conditions.h:68:7: note: in definition of macro 'ABSL_LOG_INTERNAL_STATELESS_CONDITION'
2026-10-06T17:29:48.7809041Z    68 |     !(condition) ? (void)0 : ::absl::log_internal::Voidify() &&
2026-10-06T17:29:48.7809866Z       |       ^~~~~~~~~
2026-10-06T17:29:48.7841145Z external/abseil-cpp+/absl/log/internal/check_impl.h:26:3: note: in expansion of macro 'ABSL_LOG_INTERNAL_CONDITION_FATAL'
2026-10-06T17:29:48.7842331Z    26 |   ABSL_LOG_INTERNAL_CONDITION_FATAL(STATELESS,                        \
2026-10-06T17:29:48.7843006Z       |   ^~~~~~~~~~~~~~~~~~~~~~~~~~~~~~~~~
2026-10-06T17:29:48.7843879Z external/abseil-cpp+/absl/log/internal/check_impl.h:27:37: note: in expansion of macro 'ABSL_PREDICT_FALSE'
2026-10-06T17:29:48.7844859Z    27 |                                     ABSL_PREDICT_FALSE(!(condition))) \
2026-10-06T17:29:48.7845477Z       |                                     ^~~~~~~~~~~~~~~~~~
2026-10-06T17:29:48.7846442Z external/abseil-cpp+/absl/log/internal/check_impl.h:43:3: note: in expansion of macro 'ABSL_LOG_INTERNAL_CHECK_IMPL'
2026-10-06T17:29:48.7847526Z    43 |   ABSL_LOG_INTERNAL_CHECK_IMPL(true || (condition), "true")
2026-10-06T17:29:48.7848134Z       |   ^~~~~~~~~~~~~~~~~~~~~~~~~~~~
2026-10-06T17:29:48.7848974Z external/abseil-cpp+/absl/log/absl_check.h:47:3: note: in expansion of macro 'ABSL_LOG_INTERNAL_DCHECK_IMPL'
2026-10-06T17:29:48.7850206Z    47 |   ABSL_LOG_INTERNAL_DCHECK_IMPL((condition), #condition)
2026-10-06T17:29:48.7850782Z       |   ^~~~~~~~~~~~~~~~~~~~~~~~~~~~~
2026-10-06T17:29:48.7851754Z external/protobuf+/src/google/protobuf/generated_message_reflection.cc:3341:3: note: in expansion of macro 'ABSL_DCHECK'
2026-10-06T17:29:48.7852885Z  3341 |   ABSL_DCHECK(!field->options().weak());
2026-10-06T17:29:48.7853376Z       |   ^~~~~~~~~~~
2026-10-06T17:29:48.7854607Z bazel-out/k8-opt-exec-ST-d57f47055a04/bin/external/protobuf+/src/google/protobuf/_virtual_includes/protobuf/google/protobuf/descriptor.pb.h:18861:13: note: declared here
2026-10-06T17:29:48.7855995Z 18861 | inline bool FieldOptions::weak() const {
2026-10-06T17:29:48.7856503Z       |             ^~~~~~~~~~~~
2026-10-06T17:29:48.7861372Z bazel-out/k8-opt-exec-ST-d57f47055a04/bin/external/protobuf+/src/google/protobuf/_virtual_includes/protobuf/google/protobuf/reflection_visit_fields.h: In instantiation of 'static void google::protobuf::internal::ReflectionVisit::VisitFields(MessageT&, CallbackFn&&, google::protobuf::internal::FieldMask) [with MessageT = google::protobuf::Message; CallbackFn = google::protobuf::internal::ReflectionVisit::VisitMessageFields<google::protobuf::Reflection::MaybePoisonAfterClear(google::protobuf::Message&) const::<lambda(google::protobuf::Message&)> >(google::protobuf::Message&, google::protobuf::Reflection::MaybePoisonAfterClear(google::protobuf::Message&) const::<lambda(google::protobuf::Message&)>&&)::<lambda(auto:42)>]':
2026-10-06T17:29:48.7868709Z bazel-out/k8-opt-exec-ST-d57f47055a04/bin/external/protobuf+/src/google/protobuf/_virtual_includes/protobuf/google/protobuf/reflection_visit_fields.h:447:31:   required from 'static void google::protobuf::internal::ReflectionVisit::VisitMessageFields(google::protobuf::Message&, CallbackFn&&) [with CallbackFn = google::protobuf::Reflection::MaybePoisonAfterClear(google::protobuf::Message&) const::<lambda(google::protobuf::Message&)>]'
2026-10-06T17:29:48.7904372Z bazel-out/k8-opt-exec-ST-d57f47055a04/bin/external/protobuf+/src/google/protobuf/_virtual_includes/protobuf/google/protobuf/reflection_visit_fields.h:502:38:   required from 'void google::protobuf::internal::VisitMutableMessageFields(google::protobuf::Message&, CallbackFn&&) [with CallbackFn = google::protobuf::Reflection::MaybePoisonAfterClear(google::protobuf::Message&) const::<lambda(google::protobuf::Message&)>]'
2026-10-06T17:29:48.7907625Z external/protobuf+/src/google/protobuf/generated_message_reflection.cc:1390:40:   required from here
2026-10-06T17:29:48.7910154Z bazel-out/k8-opt-exec-ST-d57f47055a04/bin/external/protobuf+/src/google/protobuf/_virtual_includes/protobuf/google/protobuf/reflection_visit_fields.h:109:39: warning: 'bool google::protobuf::FieldOptions::weak() const' is deprecated [-Wdeprecated-declarations]
2026-10-06T17:29:48.7912444Z   109 |     ABSL_DCHECK(!field->options().weak()) << "weak fields are not supported";
2026-10-06T17:29:48.7913172Z       |                  ~~~~~~~~~~~~~~~~~~~~~^~
2026-10-06T17:29:48.7914170Z external/abseil-cpp+/absl/log/internal/conditions.h:68:7: note: in definition of macro 'ABSL_LOG_INTERNAL_STATELESS_CONDITION'
2026-10-06T17:29:48.7915286Z    68 |     !(condition) ? (void)0 : ::absl::log_internal::Voidify() &&
2026-10-06T17:29:48.7915870Z       |       ^~~~~~~~~
2026-10-06T17:29:48.7916728Z external/abseil-cpp+/absl/log/internal/check_impl.h:26:3: note: in expansion of macro 'ABSL_LOG_INTERNAL_CONDITION_FATAL'
2026-10-06T17:29:48.7917856Z    26 |   ABSL_LOG_INTERNAL_CONDITION_FATAL(STATELESS,                        \
2026-10-06T17:29:48.7918504Z       |   ^~~~~~~~~~~~~~~~~~~~~~~~~~~~~~~~~
2026-10-06T17:29:48.7919355Z external/abseil-cpp+/absl/log/internal/check_impl.h:27:37: note: in expansion of macro 'ABSL_PREDICT_FALSE'
2026-10-06T17:29:48.7920510Z    27 |                                     ABSL_PREDICT_FALSE(!(condition))) \
2026-10-06T17:29:48.7921121Z       |                                     ^~~~~~~~~~~~~~~~~~
2026-10-06T17:29:48.7922061Z external/abseil-cpp+/absl/log/internal/check_impl.h:43:3: note: in expansion of macro 'ABSL_LOG_INTERNAL_CHECK_IMPL'
2026-10-06T17:29:48.7923102Z    43 |   ABSL_LOG_INTERNAL_CHECK_IMPL(true || (condition), "true")
2026-10-06T17:29:48.7923687Z       |   ^~~~~~~~~~~~~~~~~~~~~~~~~~~~
2026-10-06T17:29:48.7924509Z external/abseil-cpp+/absl/log/absl_check.h:47:3: note: in expansion of macro 'ABSL_LOG_INTERNAL_DCHECK_IMPL'
2026-10-06T17:29:48.7925462Z    47 |   ABSL_LOG_INTERNAL_DCHECK_IMPL((condition), #condition)
2026-10-06T17:29:48.7926038Z       |   ^~~~~~~~~~~~~~~~~~~~~~~~~~~~~
2026-10-06T17:29:48.7927502Z bazel-out/k8-opt-exec-ST-d57f47055a04/bin/external/protobuf+/src/google/protobuf/_virtual_includes/protobuf/google/protobuf/reflection_visit_fields.h:109:5: note: in expansion of macro 'ABSL_DCHECK'
2026-10-06T17:29:48.7929148Z   109 |     ABSL_DCHECK(!field->options().weak()) << "weak fields are not supported";
2026-10-06T17:29:48.7929764Z       |     ^~~~~~~~~~~
2026-10-06T17:29:48.7961521Z bazel-out/k8-opt-exec-ST-d57f47055a04/bin/external/protobuf+/src/google/protobuf/_virtual_includes/protobuf/google/protobuf/descriptor.pb.h:18861:13: note: declared here
2026-10-06T17:29:48.7962933Z 18861 | inline bool FieldOptions::weak() const {
2026-10-06T17:29:48.7963429Z       |             ^~~~~~~~~~~~
2026-10-06T17:29:48.7965261Z bazel-out/k8-opt-exec-ST-d57f47055a04/bin/external/protobuf+/src/google/protobuf/_virtual_includes/protobuf/google/protobuf/reflection_visit_fields.h:109:39: warning: 'bool google::protobuf::FieldOptions::weak() const' is deprecated [-Wdeprecated-declarations]
2026-10-06T17:29:48.7967571Z   109 |     ABSL_DCHECK(!field->options().weak()) << "weak fields are not supported";
2026-10-06T17:29:48.7968265Z       |                  ~~~~~~~~~~~~~~~~~~~~~^~
2026-10-06T17:29:48.7969247Z external/abseil-cpp+/absl/log/internal/conditions.h:68:7: note: in definition of macro 'ABSL_LOG_INTERNAL_STATELESS_CONDITION'
2026-10-06T17:29:48.7970605Z    68 |     !(condition) ? (void)0 : ::absl::log_internal::Voidify() &&
2026-10-06T17:29:48.7971167Z       |       ^~~~~~~~~
2026-10-06T17:29:48.7971996Z external/abseil-cpp+/absl/log/internal/check_impl.h:26:3: note: in expansion of macro 'ABSL_LOG_INTERNAL_CONDITION_FATAL'
2026-10-06T17:29:48.7973082Z    26 |   ABSL_LOG_INTERNAL_CONDITION_FATAL(STATELESS,                        \
2026-10-06T17:29:48.7973655Z       |   ^~~~~~~~~~~~~~~~~~~~~~~~~~~~~~~~~
2026-10-06T17:29:48.7974400Z external/abseil-cpp+/absl/log/internal/check_impl.h:27:37: note: in expansion of macro 'ABSL_PREDICT_FALSE'
2026-10-06T17:29:48.7975252Z    27 |                                     ABSL_PREDICT_FALSE(!(condition))) \
2026-10-06T17:29:48.7975805Z       |                                     ^~~~~~~~~~~~~~~~~~
2026-10-06T17:29:48.7976710Z external/abseil-cpp+/absl/log/internal/check_impl.h:43:3: note: in expansion of macro 'ABSL_LOG_INTERNAL_CHECK_IMPL'
2026-10-06T17:29:48.7977908Z    43 |   ABSL_LOG_INTERNAL_CHECK_IMPL(true || (condition), "true")
2026-10-06T17:29:48.7978472Z       |   ^~~~~~~~~~~~~~~~~~~~~~~~~~~~
2026-10-06T17:29:48.7979292Z external/abseil-cpp+/absl/log/absl_check.h:47:3: note: in expansion of macro 'ABSL_LOG_INTERNAL_DCHECK_IMPL'
2026-10-06T17:29:48.7980420Z    47 |   ABSL_LOG_INTERNAL_DCHECK_IMPL((condition), #condition)
2026-10-06T17:29:48.7980971Z       |   ^~~~~~~~~~~~~~~~~~~~~~~~~~~~~
2026-10-06T17:29:48.7982403Z bazel-out/k8-opt-exec-ST-d57f47055a04/bin/external/protobuf+/src/google/protobuf/_virtual_includes/protobuf/google/protobuf/reflection_visit_fields.h:109:5: note: in expansion of macro 'ABSL_DCHECK'
2026-10-06T17:29:48.7984078Z   109 |     ABSL_DCHECK(!field->options().weak()) << "weak fields are not supported";
2026-10-06T17:29:48.7984736Z       |     ^~~~~~~~~~~
2026-10-06T17:29:48.7985922Z bazel-out/k8-opt-exec-ST-d57f47055a04/bin/external/protobuf+/src/google/protobuf/_virtual_includes/protobuf/google/protobuf/descriptor.pb.h:18861:13: note: declared here
2026-10-06T17:29:48.7987257Z 18861 | inline bool FieldOptions::weak() const {
2026-10-06T17:29:48.7987734Z       |             ^~~~~~~~~~~~
2026-10-06T17:29:48.8148562Z [827 / 944] Compiling src/google/protobuf/compiler/cpp/field_generators/map_field.cc [for tool]; 6s processwrapper-sandbox ... (4 actions, 3 running)
2026-10-06T17:29:49.0171508Z INFO: From Compiling src/google/protobuf/compiler/cpp/field_generators/map_field.cc [for tool]:
2026-10-06T17:29:49.0181553Z In file included from bazel-out/k8-opt-exec-ST-d57f47055a04/bin/external/protobuf+/src/google/protobuf/compiler/cpp/_virtual_includes/cpp/google/protobuf/compiler/cpp/field.h:26,
2026-10-06T17:29:49.0240946Z                  from external/protobuf+/src/google/protobuf/compiler/cpp/field_generators/map_field.cc:19:
2026-10-06T17:29:49.0302167Z bazel-out/k8-opt-exec-ST-d57f47055a04/bin/external/protobuf+/src/google/protobuf/compiler/cpp/_virtual_includes/names_internal/google/protobuf/compiler/cpp/helpers.h: In function 'bool google::protobuf::compiler::cpp::IsWeak(const google::protobuf::FieldDescriptor*, const Options&)':
2026-10-06T17:29:49.0371969Z bazel-out/k8-opt-exec-ST-d57f47055a04/bin/external/protobuf+/src/google/protobuf/compiler/cpp/_virtual_includes/names_internal/google/protobuf/compiler/cpp/helpers.h:347:28: warning: 'bool google::protobuf::FieldOptions::weak() const' is deprecated [-Wdeprecated-declarations]
2026-10-06T17:29:49.0390453Z   347 |   if (field->options().weak()) {
2026-10-06T17:29:49.0450488Z       |       ~~~~~~~~~~~~~~~~~~~~~^~
2026-10-06T17:29:49.0481557Z In file included from bazel-out/k8-opt-exec-ST-d57f47055a04/bin/external/protobuf+/src/google/protobuf/compiler/_virtual_includes/code_generator_lite/google/protobuf/compiler/code_generator_lite.h:18,
2026-10-06T17:29:49.0484613Z                  from bazel-out/k8-opt-exec-ST-d57f47055a04/bin/external/protobuf+/src/google/protobuf/compiler/_virtual_includes/code_generator/google/protobuf/compiler/code_generator.h:25,
2026-10-06T17:29:49.0487142Z                  from bazel-out/k8-opt-exec-ST-d57f47055a04/bin/external/protobuf+/src/google/protobuf/compiler/cpp/_virtual_includes/names_internal/google/protobuf/compiler/cpp/helpers.h:29:
2026-10-06T17:29:49.0489561Z bazel-out/k8-opt-exec-ST-d57f47055a04/bin/external/protobuf+/src/google/protobuf/_virtual_includes/protobuf/google/protobuf/descriptor.pb.h:18861:13: note: declared here
2026-10-06T17:29:49.0521432Z 18861 | inline bool FieldOptions::weak() const {
2026-10-06T17:29:49.0550425Z       |             ^~~~~~~~~~~~
2026-10-06T17:29:50.6657139Z [830 / 944] Compiling src/google/protobuf/cpp_features.pb.cc; 2s processwrapper-sandbox ... (4 actions running)
2026-10-06T17:29:51.6675358Z [831 / 944] Compiling src/google/protobuf/compiler/cpp/main.cc [for tool]; 2s processwrapper-sandbox ... (4 actions running)
2026-10-06T17:29:53.3131525Z [834 / 944] Compiling src/google/protobuf/compiler/cpp/field_generators/message_field.cc [for tool]; 4s processwrapper-sandbox ... (4 actions, 3 running)
2026-10-06T17:29:54.6682274Z [835 / 944] Compiling src/google/protobuf/compiler/cpp/field_generators/message_field.cc [for tool]; 5s processwrapper-sandbox ... (4 actions running)
2026-10-06T17:29:55.7161731Z [836 / 944] Compiling src/google/protobuf/compiler/cpp/field_generators/message_field.cc [for tool]; 6s processwrapper-sandbox ... (4 actions, 3 running)
2026-10-06T17:29:56.8341510Z INFO: From Compiling src/google/protobuf/compiler/cpp/field_generators/message_field.cc [for tool]:
2026-10-06T17:29:56.8431726Z In file included from bazel-out/k8-opt-exec-ST-d57f47055a04/bin/external/protobuf+/src/google/protobuf/compiler/cpp/_virtual_includes/cpp/google/protobuf/compiler/cpp/field.h:26,
2026-10-06T17:29:56.8491087Z                  from external/protobuf+/src/google/protobuf/compiler/cpp/field_generators/message_field.cc:21:
2026-10-06T17:29:56.8552089Z bazel-out/k8-opt-exec-ST-d57f47055a04/bin/external/protobuf+/src/google/protobuf/compiler/cpp/_virtual_includes/names_internal/google/protobuf/compiler/cpp/helpers.h: In function 'bool google::protobuf::compiler::cpp::IsWeak(const google::protobuf::FieldDescriptor*, const Options&)':
2026-10-06T17:29:56.8592155Z bazel-out/k8-opt-exec-ST-d57f47055a04/bin/external/protobuf+/src/google/protobuf/compiler/cpp/_virtual_includes/names_internal/google/protobuf/compiler/cpp/helpers.h:347:28: warning: 'bool google::protobuf::FieldOptions::weak() const' is deprecated [-Wdeprecated-declarations]
2026-10-06T17:29:56.8632893Z   347 |   if (field->options().weak()) {
2026-10-06T17:29:56.8633384Z       |       ~~~~~~~~~~~~~~~~~~~~~^~
2026-10-06T17:29:56.8634910Z In file included from bazel-out/k8-opt-exec-ST-d57f47055a04/bin/external/protobuf+/src/google/protobuf/compiler/_virtual_includes/code_generator_lite/google/protobuf/compiler/code_generator_lite.h:18,
2026-10-06T17:29:56.8637458Z                  from bazel-out/k8-opt-exec-ST-d57f47055a04/bin/external/protobuf+/src/google/protobuf/compiler/_virtual_includes/code_generator/google/protobuf/compiler/code_generator.h:25,
2026-10-06T17:29:56.8639829Z                  from bazel-out/k8-opt-exec-ST-d57f47055a04/bin/external/protobuf+/src/google/protobuf/compiler/cpp/_virtual_includes/names_internal/google/protobuf/compiler/cpp/helpers.h:29:
2026-10-06T17:29:56.8642426Z bazel-out/k8-opt-exec-ST-d57f47055a04/bin/external/protobuf+/src/google/protobuf/_virtual_includes/protobuf/google/protobuf/descriptor.pb.h:18861:13: note: declared here
2026-10-06T17:29:56.8643863Z 18861 | inline bool FieldOptions::weak() const {
2026-10-06T17:29:56.8644370Z       |             ^~~~~~~~~~~~
2026-10-06T17:29:56.8645216Z [838 / 944] Compiling src/google/protobuf/descriptor.cc; 5s processwrapper-sandbox ... (4 actions, 3 running)
2026-10-06T17:29:57.6839068Z INFO: From Compiling src/google/protobuf/compiler/cpp/tracker.cc [for tool]:
2026-10-06T17:29:57.6860917Z In file included from external/protobuf+/src/google/protobuf/compiler/cpp/tracker.cc:20:
2026-10-06T17:29:57.6932241Z bazel-out/k8-opt-exec-ST-d57f47055a04/bin/external/protobuf+/src/google/protobuf/compiler/cpp/_virtual_includes/names_internal/google/protobuf/compiler/cpp/helpers.h: In function 'bool google::protobuf::compiler::cpp::IsWeak(const google::protobuf::FieldDescriptor*, const Options&)':
2026-10-06T17:29:57.6975620Z bazel-out/k8-opt-exec-ST-d57f47055a04/bin/external/protobuf+/src/google/protobuf/compiler/cpp/_virtual_includes/names_internal/google/protobuf/compiler/cpp/helpers.h:347:28: warning: 'bool google::protobuf::FieldOptions::weak() const' is deprecated [-Wdeprecated-declarations]
2026-10-06T17:29:57.7000660Z   347 |   if (field->options().weak()) {
2026-10-06T17:29:57.7030538Z       |       ~~~~~~~~~~~~~~~~~~~~~^~
2026-10-06T17:29:57.7051557Z In file included from bazel-out/k8-opt-exec-ST-d57f47055a04/bin/external/protobuf+/src/google/protobuf/compiler/_virtual_includes/code_generator_lite/google/protobuf/compiler/code_generator_lite.h:18,
2026-10-06T17:29:57.7061905Z                  from bazel-out/k8-opt-exec-ST-d57f47055a04/bin/external/protobuf+/src/google/protobuf/compiler/_virtual_includes/code_generator/google/protobuf/compiler/code_generator.h:25,
2026-10-06T17:29:57.7072856Z                  from bazel-out/k8-opt-exec-ST-d57f47055a04/bin/external/protobuf+/src/google/protobuf/compiler/cpp/_virtual_includes/names_internal/google/protobuf/compiler/cpp/helpers.h:29:
2026-10-06T17:29:57.7075463Z bazel-out/k8-opt-exec-ST-d57f47055a04/bin/external/protobuf+/src/google/protobuf/_virtual_includes/protobuf/google/protobuf/descriptor.pb.h:18861:13: note: declared here
2026-10-06T17:29:57.7077161Z 18861 | inline bool FieldOptions::weak() const {
2026-10-06T17:29:57.7077885Z       |             ^~~~~~~~~~~~
2026-10-06T17:29:58.6691263Z [839 / 944] Compiling src/google/protobuf/descriptor.cc; 7s processwrapper-sandbox ... (4 actions running)
2026-10-06T17:29:59.7171122Z [841 / 944] Compiling src/google/protobuf/descriptor.cc; 8s processwrapper-sandbox ... (4 actions, 3 running)
2026-10-06T17:30:01.6711511Z [841 / 944] Compiling src/google/protobuf/descriptor.cc; 10s processwrapper-sandbox ... (4 actions running)
2026-10-06T17:30:02.7625817Z [842 / 944] Compiling src/google/protobuf/descriptor.cc; 11s processwrapper-sandbox ... (4 actions, 3 running)
2026-10-06T17:30:03.0220846Z INFO: From Compiling src/google/protobuf/compiler/cpp/service.cc [for tool]:
2026-10-06T17:30:03.0248496Z In file included from external/protobuf+/src/google/protobuf/compiler/cpp/service.cc:17:
2026-10-06T17:30:03.0272610Z bazel-out/k8-opt-exec-ST-d57f47055a04/bin/external/protobuf+/src/google/protobuf/compiler/cpp/_virtual_includes/names_internal/google/protobuf/compiler/cpp/helpers.h: In function 'bool google::protobuf::compiler::cpp::IsWeak(const google::protobuf::FieldDescriptor*, const Options&)':
2026-10-06T17:30:03.0302355Z bazel-out/k8-opt-exec-ST-d57f47055a04/bin/external/protobuf+/src/google/protobuf/compiler/cpp/_virtual_includes/names_internal/google/protobuf/compiler/cpp/helpers.h:347:28: warning: 'bool google::protobuf::FieldOptions::weak() const' is deprecated [-Wdeprecated-declarations]
2026-10-06T17:30:03.0310562Z   347 |   if (field->options().weak()) {
2026-10-06T17:30:03.0340496Z       |       ~~~~~~~~~~~~~~~~~~~~~^~
2026-10-06T17:30:03.0360475Z In file included from bazel-out/k8-opt-exec-ST-d57f47055a04/bin/external/protobuf+/src/google/protobuf/compiler/_virtual_includes/code_generator_lite/google/protobuf/compiler/code_generator_lite.h:18,
2026-10-06T17:30:03.0363551Z                  from bazel-out/k8-opt-exec-ST-d57f47055a04/bin/external/protobuf+/src/google/protobuf/compiler/_virtual_includes/code_generator/google/protobuf/compiler/code_generator.h:25,
2026-10-06T17:30:03.0366009Z                  from bazel-out/k8-opt-exec-ST-d57f47055a04/bin/external/protobuf+/src/google/protobuf/compiler/cpp/_virtual_includes/names_internal/google/protobuf/compiler/cpp/helpers.h:29:
2026-10-06T17:30:03.0368751Z bazel-out/k8-opt-exec-ST-d57f47055a04/bin/external/protobuf+/src/google/protobuf/_virtual_includes/protobuf/google/protobuf/descriptor.pb.h:18861:13: note: declared here
2026-10-06T17:30:03.0371806Z 18861 | inline bool FieldOptions::weak() const {
2026-10-06T17:30:03.0372530Z       |             ^~~~~~~~~~~~
2026-10-06T17:30:03.0854801Z INFO: From Compiling src/google/protobuf/compiler/cpp/field_generators/primitive_field.cc [for tool]:
2026-10-06T17:30:03.0886473Z In file included from bazel-out/k8-opt-exec-ST-d57f47055a04/bin/external/protobuf+/src/google/protobuf/compiler/cpp/_virtual_includes/cpp/google/protobuf/compiler/cpp/field.h:26,
2026-10-06T17:30:03.0921160Z                  from external/protobuf+/src/google/protobuf/compiler/cpp/field_generators/primitive_field.cc:21:
2026-10-06T17:30:03.0932077Z bazel-out/k8-opt-exec-ST-d57f47055a04/bin/external/protobuf+/src/google/protobuf/compiler/cpp/_virtual_includes/names_internal/google/protobuf/compiler/cpp/helpers.h: In function 'bool google::protobuf::compiler::cpp::IsWeak(const google::protobuf::FieldDescriptor*, const Options&)':
2026-10-06T17:30:03.0952493Z bazel-out/k8-opt-exec-ST-d57f47055a04/bin/external/protobuf+/src/google/protobuf/compiler/cpp/_virtual_includes/names_internal/google/protobuf/compiler/cpp/helpers.h:347:28: warning: 'bool google::protobuf::FieldOptions::weak() const' is deprecated [-Wdeprecated-declarations]
2026-10-06T17:30:03.0980530Z   347 |   if (field->options().weak()) {
2026-10-06T17:30:03.1032551Z       |       ~~~~~~~~~~~~~~~~~~~~~^~
2026-10-06T17:30:03.1034414Z In file included from bazel-out/k8-opt-exec-ST-d57f47055a04/bin/external/protobuf+/src/google/protobuf/compiler/_virtual_includes/code_generator_lite/google/protobuf/compiler/code_generator_lite.h:18,
2026-10-06T17:30:03.1061525Z                  from bazel-out/k8-opt-exec-ST-d57f47055a04/bin/external/protobuf+/src/google/protobuf/compiler/_virtual_includes/code_generator/google/protobuf/compiler/code_generator.h:25,
2026-10-06T17:30:03.1091797Z                  from bazel-out/k8-opt-exec-ST-d57f47055a04/bin/external/protobuf+/src/google/protobuf/compiler/cpp/_virtual_includes/names_internal/google/protobuf/compiler/cpp/helpers.h:29:
2026-10-06T17:30:03.1121449Z bazel-out/k8-opt-exec-ST-d57f47055a04/bin/external/protobuf+/src/google/protobuf/_virtual_includes/protobuf/google/protobuf/descriptor.pb.h:18861:13: note: declared here
2026-10-06T17:30:03.1150467Z 18861 | inline bool FieldOptions::weak() const {
2026-10-06T17:30:03.1151261Z       |             ^~~~~~~~~~~~
2026-10-06T17:30:04.6703658Z [844 / 944] Compiling src/google/protobuf/descriptor.cc; 13s processwrapper-sandbox ... (4 actions running)
2026-10-06T17:30:10.0759450Z INFO: From Compiling src/google/protobuf/compiler/cpp/field_generators/string_field.cc [for tool]:
2026-10-06T17:30:10.0787833Z In file included from bazel-out/k8-opt-exec-ST-d57f47055a04/bin/external/protobuf+/src/google/protobuf/compiler/cpp/_virtual_includes/cpp/google/protobuf/compiler/cpp/field.h:26,
2026-10-06T17:30:10.0821011Z                  from external/protobuf+/src/google/protobuf/compiler/cpp/field_generators/string_field.cc:20:
2026-10-06T17:30:10.0841938Z bazel-out/k8-opt-exec-ST-d57f47055a04/bin/external/protobuf+/src/google/protobuf/compiler/cpp/_virtual_includes/names_internal/google/protobuf/compiler/cpp/helpers.h: In function 'bool google::protobuf::compiler::cpp::IsWeak(const google::protobuf::FieldDescriptor*, const Options&)':
2026-10-06T17:30:10.0871910Z bazel-out/k8-opt-exec-ST-d57f47055a04/bin/external/protobuf+/src/google/protobuf/compiler/cpp/_virtual_includes/names_internal/google/protobuf/compiler/cpp/helpers.h:347:28: warning: 'bool google::protobuf::FieldOptions::weak() const' is deprecated [-Wdeprecated-declarations]
2026-10-06T17:30:10.0880518Z   347 |   if (field->options().weak()) {
2026-10-06T17:30:10.0898508Z       |       ~~~~~~~~~~~~~~~~~~~~~^~
2026-10-06T17:30:10.0911358Z In file included from bazel-out/k8-opt-exec-ST-d57f47055a04/bin/external/protobuf+/src/google/protobuf/compiler/_virtual_includes/code_generator_lite/google/protobuf/compiler/code_generator_lite.h:18,
2026-10-06T17:30:10.0920961Z                  from bazel-out/k8-opt-exec-ST-d57f47055a04/bin/external/protobuf+/src/google/protobuf/compiler/_virtual_includes/code_generator/google/protobuf/compiler/code_generator.h:25,
2026-10-06T17:30:10.0923567Z                  from bazel-out/k8-opt-exec-ST-d57f47055a04/bin/external/protobuf+/src/google/protobuf/compiler/cpp/_virtual_includes/names_internal/google/protobuf/compiler/cpp/helpers.h:29:
2026-10-06T17:30:10.0926015Z bazel-out/k8-opt-exec-ST-d57f47055a04/bin/external/protobuf+/src/google/protobuf/_virtual_includes/protobuf/google/protobuf/descriptor.pb.h:18861:13: note: declared here
2026-10-06T17:30:10.0927540Z 18861 | inline bool FieldOptions::weak() const {
2026-10-06T17:30:10.0930875Z       |             ^~~~~~~~~~~~
2026-10-06T17:30:10.0932217Z [845 / 944] Compiling src/google/protobuf/descriptor.cc; 19s processwrapper-sandbox ... (4 actions, 3 running)
2026-10-06T17:30:10.8223105Z INFO: From Compiling src/google/protobuf/compiler/cpp/parse_function_generator.cc [for tool]:
2026-10-06T17:30:10.8225781Z In file included from bazel-out/k8-opt-exec-ST-d57f47055a04/bin/external/protobuf+/src/google/protobuf/compiler/cpp/_virtual_includes/cpp/google/protobuf/compiler/cpp/parse_function_generator.h:18,
2026-10-06T17:30:10.8252022Z                  from external/protobuf+/src/google/protobuf/compiler/cpp/parse_function_generator.cc:8:
2026-10-06T17:30:10.8282259Z bazel-out/k8-opt-exec-ST-d57f47055a04/bin/external/protobuf+/src/google/protobuf/compiler/cpp/_virtual_includes/names_internal/google/protobuf/compiler/cpp/helpers.h: In function 'bool google::protobuf::compiler::cpp::IsWeak(const google::protobuf::FieldDescriptor*, const Options&)':
2026-10-06T17:30:10.8312080Z bazel-out/k8-opt-exec-ST-d57f47055a04/bin/external/protobuf+/src/google/protobuf/compiler/cpp/_virtual_includes/names_internal/google/protobuf/compiler/cpp/helpers.h:347:28: warning: 'bool google::protobuf::FieldOptions::weak() const' is deprecated [-Wdeprecated-declarations]
2026-10-06T17:30:10.8340553Z   347 |   if (field->options().weak()) {
2026-10-06T17:30:10.8367930Z       |       ~~~~~~~~~~~~~~~~~~~~~^~
2026-10-06T17:30:10.8369738Z In file included from bazel-out/k8-opt-exec-ST-d57f47055a04/bin/external/protobuf+/src/google/protobuf/compiler/_virtual_includes/code_generator_lite/google/protobuf/compiler/code_generator_lite.h:18,
2026-10-06T17:30:10.8376539Z                  from bazel-out/k8-opt-exec-ST-d57f47055a04/bin/external/protobuf+/src/google/protobuf/compiler/_virtual_includes/code_generator/google/protobuf/compiler/code_generator.h:25,
2026-10-06T17:30:10.8379239Z                  from bazel-out/k8-opt-exec-ST-d57f47055a04/bin/external/protobuf+/src/google/protobuf/compiler/cpp/_virtual_includes/names_internal/google/protobuf/compiler/cpp/helpers.h:29:
2026-10-06T17:30:10.8382155Z bazel-out/k8-opt-exec-ST-d57f47055a04/bin/external/protobuf+/src/google/protobuf/_virtual_includes/protobuf/google/protobuf/descriptor.pb.h:18861:13: note: declared here
2026-10-06T17:30:10.8383913Z 18861 | inline bool FieldOptions::weak() const {
2026-10-06T17:30:10.8384688Z       |             ^~~~~~~~~~~~
2026-10-06T17:30:11.6716311Z [846 / 944] Compiling src/google/protobuf/descriptor.cc; 20s processwrapper-sandbox ... (4 actions running)
2026-10-06T17:30:12.7137909Z INFO: From Compiling src/google/protobuf/util/message_differencer.cc:
2026-10-06T17:30:12.7171070Z In file included from external/protobuf+/src/google/protobuf/util/message_differencer.cc:36:
2026-10-06T17:30:12.7202303Z bazel-out/k8-opt/bin/external/protobuf+/src/google/protobuf/_virtual_includes/protobuf/google/protobuf/map_field.h: In constructor 'google::protobuf::internal::MapFieldBase::ReflectionPayload::ReflectionPayload(google::protobuf::Arena*, const google::protobuf::Message*)':
2026-10-06T17:30:12.7232712Z bazel-out/k8-opt/bin/external/protobuf+/src/google/protobuf/_virtual_includes/protobuf/google/protobuf/map_field.h:416:11: warning: 'google::protobuf::RepeatedPtrField<T>::RepeatedPtrField(google::protobuf::Arena*) [with Element = google::protobuf::Message]' is deprecated: Use Arena::Create<RepeatedPtrField<...>>(Arena*) instead [-Wdeprecated-declarations]
2026-10-06T17:30:12.7260698Z   416 |         : repeated_field_(arena), prototype_(prototype) {}
2026-10-06T17:30:12.7290359Z       |           ^~~~~~~~~~~~~~~~~~~~~~
2026-10-06T17:30:12.7291386Z In file included from bazel-out/k8-opt/bin/external/protobuf+/src/google/protobuf/_virtual_includes/protobuf_lite/google/protobuf/repeated_field.h:46,
2026-10-06T17:30:12.7321258Z                  from bazel-out/k8-opt/bin/external/protobuf+/src/google/protobuf/_virtual_includes/protobuf_lite/google/protobuf/parse_context.h:39,
2026-10-06T17:30:12.7351199Z                  from bazel-out/k8-opt/bin/external/protobuf+/src/google/protobuf/_virtual_includes/protobuf_lite/google/protobuf/generated_message_tctable_decl.h:25,
2026-10-06T17:30:12.7353172Z                  from bazel-out/k8-opt/bin/external/protobuf+/src/google/protobuf/_virtual_includes/protobuf_lite/google/protobuf/extension_set.h:40,
2026-10-06T17:30:12.7381702Z                  from bazel-out/k8-opt/bin/external/protobuf+/src/google/protobuf/_virtual_includes/protobuf/google/protobuf/descriptor.h:56,
2026-10-06T17:30:12.7411195Z                  from bazel-out/k8-opt/bin/external/protobuf+/src/google/protobuf/util/_virtual_includes/differencer/google/protobuf/util/message_differencer.h:33,
2026-10-06T17:30:12.7412746Z                  from external/protobuf+/src/google/protobuf/util/message_differencer.cc:12:
2026-10-06T17:30:12.7441394Z bazel-out/k8-opt/bin/external/protobuf+/src/google/protobuf/_virtual_includes/protobuf_lite/google/protobuf/repeated_ptr_field.h:1380:8: note: declared here
2026-10-06T17:30:12.7470853Z  1380 | inline RepeatedPtrField<Element>::RepeatedPtrField(Arena* arena)
2026-10-06T17:30:12.7500449Z       |        ^~~~~~~~~~~~~~~~~~~~~~~~~
2026-10-06T17:30:12.7501441Z [847 / 944] Compiling src/google/protobuf/descriptor.cc; 21s processwrapper-sandbox ... (4 actions, 3 running)
2026-10-06T17:30:14.6761528Z [849 / 944] Compiling src/google/protobuf/descriptor.cc; 23s processwrapper-sandbox ... (4 actions running)
2026-10-06T17:30:16.8547149Z INFO: From Compiling src/google/protobuf/compiler/cpp/field_generators/string_view_field.cc [for tool]:
2026-10-06T17:30:16.8574351Z In file included from bazel-out/k8-opt-exec-ST-d57f47055a04/bin/external/protobuf+/src/google/protobuf/compiler/cpp/_virtual_includes/cpp/google/protobuf/compiler/cpp/field.h:26,
2026-10-06T17:30:16.8600869Z                  from external/protobuf+/src/google/protobuf/compiler/cpp/field_generators/string_view_field.cc:19:
2026-10-06T17:30:16.8622018Z bazel-out/k8-opt-exec-ST-d57f47055a04/bin/external/protobuf+/src/google/protobuf/compiler/cpp/_virtual_includes/names_internal/google/protobuf/compiler/cpp/helpers.h: In function 'bool google::protobuf::compiler::cpp::IsWeak(const google::protobuf::FieldDescriptor*, const Options&)':
2026-10-06T17:30:16.8642272Z bazel-out/k8-opt-exec-ST-d57f47055a04/bin/external/protobuf+/src/google/protobuf/compiler/cpp/_virtual_includes/names_internal/google/protobuf/compiler/cpp/helpers.h:347:28: warning: 'bool google::protobuf::FieldOptions::weak() const' is deprecated [-Wdeprecated-declarations]
2026-10-06T17:30:16.8670605Z   347 |   if (field->options().weak()) {
2026-10-06T17:30:16.8680400Z       |       ~~~~~~~~~~~~~~~~~~~~~^~
2026-10-06T17:30:16.8704590Z In file included from bazel-out/k8-opt-exec-ST-d57f47055a04/bin/external/protobuf+/src/google/protobuf/compiler/_virtual_includes/code_generator_lite/google/protobuf/compiler/code_generator_lite.h:18,
2026-10-06T17:30:16.8707706Z                  from bazel-out/k8-opt-exec-ST-d57f47055a04/bin/external/protobuf+/src/google/protobuf/compiler/_virtual_includes/code_generator/google/protobuf/compiler/code_generator.h:25,
2026-10-06T17:30:16.8710762Z                  from bazel-out/k8-opt-exec-ST-d57f47055a04/bin/external/protobuf+/src/google/protobuf/compiler/cpp/_virtual_includes/names_internal/google/protobuf/compiler/cpp/helpers.h:29:
2026-10-06T17:30:16.8713398Z bazel-out/k8-opt-exec-ST-d57f47055a04/bin/external/protobuf+/src/google/protobuf/_virtual_includes/protobuf/google/protobuf/descriptor.pb.h:18861:13: note: declared here
2026-10-06T17:30:16.8716426Z 18861 | inline bool FieldOptions::weak() const {
2026-10-06T17:30:16.8717159Z       |             ^~~~~~~~~~~~
2026-10-06T17:30:16.8718223Z [850 / 944] Compiling src/google/protobuf/descriptor.cc; 25s processwrapper-sandbox ... (4 actions, 3 running)
2026-10-06T17:30:18.6771982Z [851 / 944] Compiling src/google/protobuf/descriptor.cc; 27s processwrapper-sandbox ... (4 actions running)
2026-10-06T17:30:19.3381331Z INFO: From Compiling src/google/protobuf/compiler/cpp/message_layout_helper.cc [for tool]:
2026-10-06T17:30:19.3411788Z In file included from bazel-out/k8-opt-exec-ST-d57f47055a04/bin/external/protobuf+/src/google/protobuf/compiler/cpp/_virtual_includes/cpp/google/protobuf/compiler/cpp/message_layout_helper.h:20,
2026-10-06T17:30:19.3460842Z                  from external/protobuf+/src/google/protobuf/compiler/cpp/message_layout_helper.cc:1:
2026-10-06T17:30:19.3463614Z bazel-out/k8-opt-exec-ST-d57f47055a04/bin/external/protobuf+/src/google/protobuf/compiler/cpp/_virtual_includes/names_internal/google/protobuf/compiler/cpp/helpers.h: In function 'bool google::protobuf::compiler::cpp::IsWeak(const google::protobuf::FieldDescriptor*, const Options&)':
2026-10-06T17:30:19.3492203Z bazel-out/k8-opt-exec-ST-d57f47055a04/bin/external/protobuf+/src/google/protobuf/compiler/cpp/_virtual_includes/names_internal/google/protobuf/compiler/cpp/helpers.h:347:28: warning: 'bool google::protobuf::FieldOptions::weak() const' is deprecated [-Wdeprecated-declarations]
2026-10-06T17:30:19.3494326Z   347 |   if (field->options().weak()) {
2026-10-06T17:30:19.3520400Z       |       ~~~~~~~~~~~~~~~~~~~~~^~
2026-10-06T17:30:19.3541676Z In file included from bazel-out/k8-opt-exec-ST-d57f47055a04/bin/external/protobuf+/src/google/protobuf/compiler/_virtual_includes/code_generator_lite/google/protobuf/compiler/code_generator_lite.h:18,
2026-10-06T17:30:19.3551995Z                  from bazel-out/k8-opt-exec-ST-d57f47055a04/bin/external/protobuf+/src/google/protobuf/compiler/_virtual_includes/code_generator/google/protobuf/compiler/code_generator.h:25,
2026-10-06T17:30:19.3554678Z                  from bazel-out/k8-opt-exec-ST-d57f47055a04/bin/external/protobuf+/src/google/protobuf/compiler/cpp/_virtual_includes/names_internal/google/protobuf/compiler/cpp/helpers.h:29:
2026-10-06T17:30:19.3557337Z bazel-out/k8-opt-exec-ST-d57f47055a04/bin/external/protobuf+/src/google/protobuf/_virtual_includes/protobuf/google/protobuf/descriptor.pb.h:18861:13: note: declared here
2026-10-06T17:30:19.3558988Z 18861 | inline bool FieldOptions::weak() const {
2026-10-06T17:30:19.3559692Z       |             ^~~~~~~~~~~~
2026-10-06T17:30:19.4651004Z INFO: From Compiling src/google/protobuf/descriptor.cc:
2026-10-06T17:30:19.4711690Z external/protobuf+/src/google/protobuf/descriptor.cc: In member function 'void google::protobuf::FieldDescriptor::DebugString(int, std::string*, const google::protobuf::DebugStringOptions&) const':
2026-10-06T17:30:19.4771682Z external/protobuf+/src/google/protobuf/descriptor.cc:3953:65: warning: 'bool google::protobuf::FieldDescriptor::has_optional_keyword() const' is deprecated: Use has_presence() instead. [-Wdeprecated-declarations]
2026-10-06T17:30:19.4800637Z  3953 |       (!is_required() && !is_repeated() && !has_optional_keyword())) {
2026-10-06T17:30:19.4812339Z       |                                             ~~~~~~~~~~~~~~~~~~~~^~
2026-10-06T17:30:19.4813470Z In file included from external/protobuf+/src/google/protobuf/descriptor.cc:12:
2026-10-06T17:30:19.4815665Z bazel-out/k8-opt/bin/external/protobuf+/src/google/protobuf/_virtual_includes/protobuf/google/protobuf/descriptor.h:1136:8: note: declared here
2026-10-06T17:30:19.4817456Z  1136 |   bool has_optional_keyword() const;
2026-10-06T17:30:19.4818260Z       |        ^~~~~~~~~~~~~~~~~~~~
2026-10-06T17:30:19.4820305Z external/protobuf+/src/google/protobuf/descriptor.cc: In member function 'void google::protobuf::DescriptorBuilder::CrossLinkField(google::protobuf::FieldDescriptor*, const google::protobuf::FieldDescriptorProto&)':
2026-10-06T17:30:19.4823004Z external/protobuf+/src/google/protobuf/descriptor.cc:7982:65: warning: 'bool google::protobuf::FieldOptions::weak() const' is deprecated [-Wdeprecated-declarations]
2026-10-06T17:30:19.4824654Z  7982 |     bool is_weak = !pool_->enforce_weak_ && proto.options().weak();
2026-10-06T17:30:19.4825574Z       |                                             ~~~~~~~~~~~~~~~~~~~~^~
2026-10-06T17:30:19.4826887Z In file included from bazel-out/k8-opt/bin/external/protobuf+/src/google/protobuf/_virtual_includes/protobuf/google/protobuf/cpp_features.pb.h:33,
2026-10-06T17:30:19.4828419Z                  from external/protobuf+/src/google/protobuf/descriptor.cc:72:
2026-10-06T17:30:19.4830157Z bazel-out/k8-opt/bin/external/protobuf+/src/google/protobuf/_virtual_includes/protobuf/google/protobuf/descriptor.pb.h:18861:13: note: declared here
2026-10-06T17:30:19.4831623Z 18861 | inline bool FieldOptions::weak() const {
2026-10-06T17:30:19.4832298Z       |             ^~~~~~~~~~~~
2026-10-06T17:30:19.4834353Z external/protobuf+/src/google/protobuf/descriptor.cc: In function 'google::protobuf::internal::cpp::HasbitMode google::protobuf::internal::cpp::GetFieldHasbitModeWithoutProfile(const google::protobuf::FieldDescriptor*)':
2026-10-06T17:30:19.4836992Z external/protobuf+/src/google/protobuf/descriptor.cc:10700:62: warning: 'bool google::protobuf::FieldOptions::weak() const' is deprecated [-Wdeprecated-declarations]
2026-10-06T17:30:19.4838603Z 10700 |   if (field->real_containing_oneof() || field->options().weak() ||
2026-10-06T17:30:19.4839473Z       |                                         ~~~~~~~~~~~~~~~~~~~~~^~
2026-10-06T17:30:19.4841195Z bazel-out/k8-opt/bin/external/protobuf+/src/google/protobuf/_virtual_includes/protobuf/google/protobuf/descriptor.pb.h:18861:13: note: declared here
2026-10-06T17:30:19.4842560Z 18861 | inline bool FieldOptions::weak() const {
2026-10-06T17:30:19.4843228Z       |             ^~~~~~~~~~~~
2026-10-06T17:30:20.6786927Z [853 / 944] Compiling src/google/protobuf/compiler/cpp/file.cc [for tool]; 3s processwrapper-sandbox ... (4 actions running)
2026-10-06T17:30:24.6231857Z [854 / 944] Compiling src/google/protobuf/compiler/cpp/file.cc [for tool]; 7s processwrapper-sandbox ... (4 actions, 3 running)
2026-10-06T17:30:25.6821606Z [855 / 944] Compiling src/google/protobuf/compiler/cpp/file.cc [for tool]; 8s processwrapper-sandbox ... (4 actions running)
2026-10-06T17:30:27.6171460Z [856 / 944] Compiling src/google/protobuf/compiler/cpp/file.cc [for tool]; 10s processwrapper-sandbox ... (4 actions, 3 running)
2026-10-06T17:30:28.6821543Z [856 / 944] Compiling src/google/protobuf/compiler/cpp/file.cc [for tool]; 11s processwrapper-sandbox ... (4 actions running)
2026-10-06T17:30:31.2200970Z INFO: From Compiling src/google/protobuf/wire_format.cc:
2026-10-06T17:30:31.2250780Z In file included from external/protobuf+/src/google/protobuf/wire_format.cc:31:
2026-10-06T17:30:31.2282205Z bazel-out/k8-opt/bin/external/protobuf+/src/google/protobuf/_virtual_includes/protobuf/google/protobuf/map_field.h: In constructor 'google::protobuf::internal::MapFieldBase::ReflectionPayload::ReflectionPayload(google::protobuf::Arena*, const google::protobuf::Message*)':
2026-10-06T17:30:31.2312640Z bazel-out/k8-opt/bin/external/protobuf+/src/google/protobuf/_virtual_includes/protobuf/google/protobuf/map_field.h:416:11: warning: 'google::protobuf::RepeatedPtrField<T>::RepeatedPtrField(google::protobuf::Arena*) [with Element = google::protobuf::Message]' is deprecated: Use Arena::Create<RepeatedPtrField<...>>(Arena*) instead [-Wdeprecated-declarations]
2026-10-06T17:30:31.2320494Z   416 |         : repeated_field_(arena), prototype_(prototype) {}
2026-10-06T17:30:31.2370543Z       |           ^~~~~~~~~~~~~~~~~~~~~~
2026-10-06T17:30:31.2371817Z In file included from bazel-out/k8-opt/bin/external/protobuf+/src/google/protobuf/_virtual_includes/protobuf_lite/google/protobuf/repeated_field.h:46,
2026-10-06T17:30:31.2373915Z                  from bazel-out/k8-opt/bin/external/protobuf+/src/google/protobuf/_virtual_includes/protobuf_lite/google/protobuf/parse_context.h:39,
2026-10-06T17:30:31.2375920Z                  from bazel-out/k8-opt/bin/external/protobuf+/src/google/protobuf/_virtual_includes/protobuf_lite/google/protobuf/generated_message_tctable_decl.h:25,
2026-10-06T17:30:31.2377699Z                  from bazel-out/k8-opt/bin/external/protobuf+/src/google/protobuf/_virtual_includes/protobuf_lite/google/protobuf/extension_set.h:40,
2026-10-06T17:30:31.2379376Z                  from bazel-out/k8-opt/bin/external/protobuf+/src/google/protobuf/_virtual_includes/protobuf/google/protobuf/descriptor.h:56,
2026-10-06T17:30:31.2381291Z                  from bazel-out/k8-opt/bin/external/protobuf+/src/google/protobuf/_virtual_includes/protobuf/google/protobuf/wire_format.h:26,
2026-10-06T17:30:31.2382497Z                  from external/protobuf+/src/google/protobuf/wire_format.cc:12:
2026-10-06T17:30:31.2384104Z bazel-out/k8-opt/bin/external/protobuf+/src/google/protobuf/_virtual_includes/protobuf_lite/google/protobuf/repeated_ptr_field.h:1380:8: note: declared here
2026-10-06T17:30:31.2385508Z  1380 | inline RepeatedPtrField<Element>::RepeatedPtrField(Arena* arena)
2026-10-06T17:30:31.2386163Z       |        ^~~~~~~~~~~~~~~~~~~~~~~~~
2026-10-06T17:30:31.2387088Z [857 / 944] Compiling src/google/protobuf/compiler/cpp/file.cc [for tool]; 14s processwrapper-sandbox ... (4 actions, 3 running)
2026-10-06T17:30:32.3118921Z INFO: From Compiling src/google/protobuf/compiler/cpp/file.cc [for tool]:
2026-10-06T17:30:32.3151679Z In file included from bazel-out/k8-opt-exec-ST-d57f47055a04/bin/external/protobuf+/src/google/protobuf/compiler/cpp/_virtual_includes/cpp/google/protobuf/compiler/cpp/extension.h:19,
2026-10-06T17:30:32.3181344Z                  from bazel-out/k8-opt-exec-ST-d57f47055a04/bin/external/protobuf+/src/google/protobuf/compiler/cpp/_virtual_includes/cpp/google/protobuf/compiler/cpp/file.h:26,
2026-10-06T17:30:32.3200887Z                  from external/protobuf+/src/google/protobuf/compiler/cpp/file.cc:12:
2026-10-06T17:30:32.3242212Z bazel-out/k8-opt-exec-ST-d57f47055a04/bin/external/protobuf+/src/google/protobuf/compiler/cpp/_virtual_includes/names_internal/google/protobuf/compiler/cpp/helpers.h: In function 'bool google::protobuf::compiler::cpp::IsWeak(const google::protobuf::FieldDescriptor*, const Options&)':
2026-10-06T17:30:32.3272057Z bazel-out/k8-opt-exec-ST-d57f47055a04/bin/external/protobuf+/src/google/protobuf/compiler/cpp/_virtual_includes/names_internal/google/protobuf/compiler/cpp/helpers.h:347:28: warning: 'bool google::protobuf::FieldOptions::weak() const' is deprecated [-Wdeprecated-declarations]
2026-10-06T17:30:32.3290511Z   347 |   if (field->options().weak()) {
2026-10-06T17:30:32.3300449Z       |       ~~~~~~~~~~~~~~~~~~~~~^~
2026-10-06T17:30:32.3302044Z In file included from bazel-out/k8-opt-exec-ST-d57f47055a04/bin/external/protobuf+/src/google/protobuf/compiler/_virtual_includes/code_generator_lite/google/protobuf/compiler/code_generator_lite.h:18,
2026-10-06T17:30:32.3304513Z                  from bazel-out/k8-opt-exec-ST-d57f47055a04/bin/external/protobuf+/src/google/protobuf/compiler/_virtual_includes/code_generator/google/protobuf/compiler/code_generator.h:25,
2026-10-06T17:30:32.3306859Z                  from bazel-out/k8-opt-exec-ST-d57f47055a04/bin/external/protobuf+/src/google/protobuf/compiler/cpp/_virtual_includes/names_internal/google/protobuf/compiler/cpp/helpers.h:29:
2026-10-06T17:30:32.3309168Z bazel-out/k8-opt-exec-ST-d57f47055a04/bin/external/protobuf+/src/google/protobuf/_virtual_includes/protobuf/google/protobuf/descriptor.pb.h:18861:13: note: declared here
2026-10-06T17:30:32.3311320Z 18861 | inline bool FieldOptions::weak() const {
2026-10-06T17:30:32.3311854Z       |             ^~~~~~~~~~~~
2026-10-06T17:30:32.3312593Z In file included from external/abseil-cpp+/absl/functional/any_invocable.h:44,
2026-10-06T17:30:32.3313536Z                  from external/abseil-cpp+/absl/functional/internal/function_ref.h:22,
2026-10-06T17:30:32.3320678Z                  from external/abseil-cpp+/absl/functional/function_ref.h:54,
2026-10-06T17:30:32.3321457Z                  from external/abseil-cpp+/absl/hash/hash.h:88,
2026-10-06T17:30:32.3322312Z                  from external/abseil-cpp+/absl/container/internal/hash_function_defaults.h:57,
2026-10-06T17:30:32.3323308Z                  from external/abseil-cpp+/absl/container/hash_container_defaults.h:19,
2026-10-06T17:30:32.3324202Z                  from external/abseil-cpp+/absl/container/flat_hash_map.h:43,
2026-10-06T17:30:32.3325711Z                  from bazel-out/k8-opt-exec-ST-d57f47055a04/bin/external/protobuf+/src/google/protobuf/compiler/cpp/_virtual_includes/cpp/google/protobuf/compiler/cpp/file.h:20:
2026-10-06T17:30:32.3327671Z In function 'void absl::lts_20250814::internal_any_invocable::LocalManagerTrivial(FunctionToCall, TypeErasedState*, TypeErasedState*)',
2026-10-06T17:30:32.3331186Z     inlined from 'absl::lts_20250814::internal_any_invocable::CoreImpl<SigIsNoexcept, ReturnType, P>::CoreImpl(absl::lts_20250814::internal_any_invocable::CoreImpl<SigIsNoexcept, ReturnType, P>&&) [with bool SigIsNoexcept = false; ReturnType = void; P = {google::protobuf::io::Printer*}]' at external/abseil-cpp+/absl/functional/internal/any_invocable.h:461:11,
2026-10-06T17:30:32.3334895Z     inlined from 'absl::lts_20250814::internal_any_invocable::Impl<void(google::protobuf::io::Printer*)>::Impl(absl::lts_20250814::internal_any_invocable::Impl<void(google::protobuf::io::Printer*)>&&)' at external/abseil-cpp+/absl/functional/internal/any_invocable.h:755:1,
2026-10-06T17:30:32.3337858Z     inlined from 'absl::lts_20250814::AnyInvocable<Sig>::AnyInvocable(absl::lts_20250814::AnyInvocable<Sig>&&) [with Sig = void(google::protobuf::io::Printer*)]' at external/abseil-cpp+/absl/functional/any_invocable.h:185:3,
2026-10-06T17:30:32.3341502Z     inlined from 'void std::__new_allocator<_Tp>::construct(_Up*, _Args&& ...) [with _Up = absl::lts_20250814::AnyInvocable<void(google::protobuf::io::Printer*)>; _Args = {absl::lts_20250814::AnyInvocable<void(google::protobuf::io::Printer*)>}; _Tp = absl::lts_20250814::AnyInvocable<void(google::protobuf::io::Printer*)>]' at /usr/include/c++/13/bits/new_allocator.h:191:4,
2026-10-06T17:30:32.3345846Z     inlined from 'static void std::allocator_traits<std::allocator<_Tp1> >::construct(allocator_type&, _Up*, _Args&& ...) [with _Up = absl::lts_20250814::AnyInvocable<void(google::protobuf::io::Printer*)>; _Args = {absl::lts_20250814::AnyInvocable<void(google::protobuf::io::Printer*)>}; _Tp = absl::lts_20250814::AnyInvocable<void(google::protobuf::io::Printer*)>]' at /usr/include/c++/13/bits/alloc_traits.h:538:17,
2026-10-06T17:30:32.3380844Z     inlined from 'std::vector<_Tp, _Alloc>::reference std::vector<_Tp, _Alloc>::emplace_back(_Args&& ...) [with _Args = {absl::lts_20250814::AnyInvocable<void(google::protobuf::io::Printer*)>}; _Tp = absl::lts_20250814::AnyInvocable<void(google::protobuf::io::Printer*)>; _Alloc = std::allocator<absl::lts_20250814::AnyInvocable<void(google::protobuf::io::Printer*)> >]' at /usr/include/c++/13/bits/vector.tcc:117:30,
2026-10-06T17:30:32.3384872Z     inlined from 'void std::vector<_Tp, _Alloc>::push_back(value_type&&) [with _Tp = absl::lts_20250814::AnyInvocable<void(google::protobuf::io::Printer*)>; _Alloc = std::allocator<absl::lts_20250814::AnyInvocable<void(google::protobuf::io::Printer*)> >]' at /usr/include/c++/13/bits/stl_vector.h:1299:21,
2026-10-06T17:30:32.3387881Z     inlined from 'void google::protobuf::compiler::cpp::FileGenerator::GenerateReflectionInitializationCode(google::protobuf::io::Printer*)' at external/protobuf+/src/google/protobuf/compiler/cpp/file.cc:1385:53:
2026-10-06T17:30:32.3392171Z external/abseil-cpp+/absl/functional/internal/any_invocable.h:225:7: warning: '<unnamed>.absl::lts_20250814::AnyInvocable<void(google::protobuf::io::Printer*)>::<unnamed>.absl::lts_20250814::internal_any_invocable::Impl<void(google::protobuf::io::Printer*)>::<unnamed>.absl::lts_20250814::internal_any_invocable::CoreImpl<false, void, google::protobuf::io::Printer*>::state_' may be used uninitialized [-Wmaybe-uninitialized]
2026-10-06T17:30:32.3394736Z   225 |   *to = *from;
2026-10-06T17:30:32.3395095Z       |   ~~~~^~~~~~~
2026-10-06T17:30:32.3396552Z external/protobuf+/src/google/protobuf/compiler/cpp/file.cc: In member function 'void google::protobuf::compiler::cpp::FileGenerator::GenerateReflectionInitializationCode(google::protobuf::io::Printer*)':
2026-10-06T17:30:32.3398520Z external/protobuf+/src/google/protobuf/compiler/cpp/file.cc:1385:53: note: '<anonymous>' declared here
2026-10-06T17:30:32.3399572Z  1385 |     static_initializers_[kInitPriority102].push_back([](auto* p) {
2026-10-06T17:30:32.3400512Z       |     ~~~~~~~~~~~~~~~~~~~~~~~~~~~~~~~~~~~~~~~~~~~~~~~~^~~~~~~~~~~~~~
2026-10-06T17:30:32.3401064Z  1386 |       p->Emit(R"cc(
2026-10-06T17:30:32.3401504Z       |       ~~~~~~~~~~~~~                                  
2026-10-06T17:30:32.3402091Z  1387 |         ::_pbi::AddDescriptors(&$desc_table$),
2026-10-06T17:30:32.3402841Z       |         ~~~~~~~~~~~~~~~~~~~~~~~~~~~~~~~~~~~~~~       
2026-10-06T17:30:32.3403349Z  1388 |       )cc");
2026-10-06T17:30:32.3403740Z       |       ~~~~~~                                         
2026-10-06T17:30:32.3404280Z  1389 |     });
2026-10-06T17:30:32.3404641Z       |     ~~                                               
2026-10-06T17:30:32.3405692Z [858 / 944] Compiling src/google/protobuf/compiler/cpp/message.cc [for tool]; 12s processwrapper-sandbox ... (4 actions, 3 running)
2026-10-06T17:30:33.6851593Z [858 / 944] Compiling src/google/protobuf/compiler/cpp/message.cc [for tool]; 14s processwrapper-sandbox ... (4 actions running)
2026-10-06T17:30:35.6851440Z [859 / 944] Compiling src/google/protobuf/compiler/cpp/message.cc [for tool]; 16s processwrapper-sandbox ... (4 actions running)
2026-10-06T17:30:36.8003436Z [860 / 944] Compiling src/google/protobuf/compiler/cpp/message.cc [for tool]; 17s processwrapper-sandbox ... (4 actions, 3 running)
2026-10-06T17:30:38.6861554Z [860 / 944] Compiling src/google/protobuf/compiler/cpp/message.cc [for tool]; 19s processwrapper-sandbox ... (4 actions running)
2026-10-06T17:30:39.0573934Z INFO: From Compiling src/google/protobuf/compiler/cpp/generator.cc [for tool]:
2026-10-06T17:30:39.0601720Z In file included from bazel-out/k8-opt-exec-ST-d57f47055a04/bin/external/protobuf+/src/google/protobuf/compiler/cpp/_virtual_includes/cpp/google/protobuf/compiler/cpp/extension.h:19,
2026-10-06T17:30:39.0631367Z                  from bazel-out/k8-opt-exec-ST-d57f47055a04/bin/external/protobuf+/src/google/protobuf/compiler/cpp/_virtual_includes/cpp/google/protobuf/compiler/cpp/file.h:26,
2026-10-06T17:30:39.0660936Z                  from external/protobuf+/src/google/protobuf/compiler/cpp/generator.cc:31:
2026-10-06T17:30:39.0692201Z bazel-out/k8-opt-exec-ST-d57f47055a04/bin/external/protobuf+/src/google/protobuf/compiler/cpp/_virtual_includes/names_internal/google/protobuf/compiler/cpp/helpers.h: In function 'bool google::protobuf::compiler::cpp::IsWeak(const google::protobuf::FieldDescriptor*, const Options&)':
2026-10-06T17:30:39.0717944Z bazel-out/k8-opt-exec-ST-d57f47055a04/bin/external/protobuf+/src/google/protobuf/compiler/cpp/_virtual_includes/names_internal/google/protobuf/compiler/cpp/helpers.h:347:28: warning: 'bool google::protobuf::FieldOptions::weak() const' is deprecated [-Wdeprecated-declarations]
2026-10-06T17:30:39.0750506Z   347 |   if (field->options().weak()) {
2026-10-06T17:30:39.0762529Z       |       ~~~~~~~~~~~~~~~~~~~~~^~
2026-10-06T17:30:39.0764329Z In file included from bazel-out/k8-opt-exec-ST-d57f47055a04/bin/external/protobuf+/src/google/protobuf/compiler/_virtual_includes/code_generator_lite/google/protobuf/compiler/code_generator_lite.h:18,
2026-10-06T17:30:39.0767597Z                  from bazel-out/k8-opt-exec-ST-d57f47055a04/bin/external/protobuf+/src/google/protobuf/compiler/_virtual_includes/code_generator/google/protobuf/compiler/code_generator.h:25,
2026-10-06T17:30:39.0770278Z                  from bazel-out/k8-opt-exec-ST-d57f47055a04/bin/external/protobuf+/src/google/protobuf/compiler/cpp/_virtual_includes/cpp/google/protobuf/compiler/cpp/generator.h:24,
2026-10-06T17:30:39.0772055Z                  from external/protobuf+/src/google/protobuf/compiler/cpp/generator.cc:12:
2026-10-06T17:30:39.0773798Z bazel-out/k8-opt-exec-ST-d57f47055a04/bin/external/protobuf+/src/google/protobuf/_virtual_includes/protobuf/google/protobuf/descriptor.pb.h:18861:13: note: declared here
2026-10-06T17:30:39.0775321Z 18861 | inline bool FieldOptions::weak() const {
2026-10-06T17:30:39.0775951Z       |             ^~~~~~~~~~~~
2026-10-06T17:30:39.6867930Z [861 / 944] Compiling src/google/protobuf/compiler/cpp/message.cc [for tool]; 20s processwrapper-sandbox ... (4 actions running)
2026-10-06T17:30:40.7311162Z INFO: From Compiling src/google/protobuf/dynamic_message.cc:
2026-10-06T17:30:40.7341444Z In file included from external/protobuf+/src/google/protobuf/dynamic_message.cc:66:
2026-10-06T17:30:40.7382491Z bazel-out/k8-opt/bin/external/protobuf+/src/google/protobuf/_virtual_includes/protobuf/google/protobuf/map_field.h: In constructor 'google::protobuf::internal::MapFieldBase::ReflectionPayload::ReflectionPayload(google::protobuf::Arena*, const google::protobuf::Message*)':
2026-10-06T17:30:40.7432706Z bazel-out/k8-opt/bin/external/protobuf+/src/google/protobuf/_virtual_includes/protobuf/google/protobuf/map_field.h:416:11: warning: 'google::protobuf::RepeatedPtrField<T>::RepeatedPtrField(google::protobuf::Arena*) [with Element = google::protobuf::Message]' is deprecated: Use Arena::Create<RepeatedPtrField<...>>(Arena*) instead [-Wdeprecated-declarations]
2026-10-06T17:30:40.7440697Z   416 |         : repeated_field_(arena), prototype_(prototype) {}
2026-10-06T17:30:40.7470453Z       |           ^~~~~~~~~~~~~~~~~~~~~~
2026-10-06T17:30:40.7484266Z In file included from bazel-out/k8-opt/bin/external/protobuf+/src/google/protobuf/_virtual_includes/protobuf_lite/google/protobuf/repeated_field.h:46,
2026-10-06T17:30:40.7486562Z                  from bazel-out/k8-opt/bin/external/protobuf+/src/google/protobuf/_virtual_includes/protobuf_lite/google/protobuf/parse_context.h:39,
2026-10-06T17:30:40.7488765Z                  from bazel-out/k8-opt/bin/external/protobuf+/src/google/protobuf/_virtual_includes/protobuf_lite/google/protobuf/generated_message_tctable_decl.h:25,
2026-10-06T17:30:40.7491256Z                  from bazel-out/k8-opt/bin/external/protobuf+/src/google/protobuf/_virtual_includes/protobuf_lite/google/protobuf/extension_set.h:40,
2026-10-06T17:30:40.7493416Z                  from bazel-out/k8-opt/bin/external/protobuf+/src/google/protobuf/_virtual_includes/protobuf/google/protobuf/descriptor.h:56,
2026-10-06T17:30:40.7495367Z                  from bazel-out/k8-opt/bin/external/protobuf+/src/google/protobuf/_virtual_includes/protobuf/google/protobuf/dynamic_message.h:27,
2026-10-06T17:30:40.7496896Z                  from external/protobuf+/src/google/protobuf/dynamic_message.cc:42:
2026-10-06T17:30:40.7498595Z bazel-out/k8-opt/bin/external/protobuf+/src/google/protobuf/_virtual_includes/protobuf_lite/google/protobuf/repeated_ptr_field.h:1380:8: note: declared here
2026-10-06T17:30:40.7500457Z  1380 | inline RepeatedPtrField<Element>::RepeatedPtrField(Arena* arena)
2026-10-06T17:30:40.7501276Z       |        ^~~~~~~~~~~~~~~~~~~~~~~~~
2026-10-06T17:30:40.7502523Z external/protobuf+/src/google/protobuf/dynamic_message.cc: In member function 'void google::protobuf::DynamicMessage::SharedCtor(bool)':
2026-10-06T17:30:40.7505479Z external/protobuf+/src/google/protobuf/dynamic_message.cc:574:66: warning: 'google::protobuf::RepeatedPtrField<T>::RepeatedPtrField(google::protobuf::Arena*) [with Element = std::__cxx11::basic_string<char>]' is deprecated: Use Arena::Create<RepeatedPtrField<...>>(Arena*) instead [-Wdeprecated-declarations]
2026-10-06T17:30:40.7508214Z   574 |               new (field_ptr) RepeatedPtrField<std::string>(arena);
2026-10-06T17:30:40.7509046Z       |                                                                  ^
2026-10-06T17:30:40.7510786Z bazel-out/k8-opt/bin/external/protobuf+/src/google/protobuf/_virtual_includes/protobuf_lite/google/protobuf/repeated_ptr_field.h:1380:8: note: declared here
2026-10-06T17:30:40.7512489Z  1380 | inline RepeatedPtrField<Element>::RepeatedPtrField(Arena* arena)
2026-10-06T17:30:40.7513375Z       |        ^~~~~~~~~~~~~~~~~~~~~~~~~
2026-10-06T17:30:40.7515600Z external/protobuf+/src/google/protobuf/dynamic_message.cc:602:60: warning: 'google::protobuf::RepeatedPtrField<T>::RepeatedPtrField(google::protobuf::Arena*) [with Element = google::protobuf::Message]' is deprecated: Use Arena::Create<RepeatedPtrField<...>>(Arena*) instead [-Wdeprecated-declarations]
2026-10-06T17:30:40.7518085Z   602 |             new (field_ptr) RepeatedPtrField<Message>(arena);
2026-10-06T17:30:40.7518905Z       |                                                            ^
2026-10-06T17:30:40.7521020Z bazel-out/k8-opt/bin/external/protobuf+/src/google/protobuf/_virtual_includes/protobuf_lite/google/protobuf/repeated_ptr_field.h:1380:8: note: declared here
2026-10-06T17:30:40.7523055Z  1380 | inline RepeatedPtrField<Element>::RepeatedPtrField(Arena* arena)
2026-10-06T17:30:40.7523950Z       |        ^~~~~~~~~~~~~~~~~~~~~~~~~
2026-10-06T17:30:40.7525224Z external/protobuf+/src/google/protobuf/dynamic_message.cc: In member function 'void google::protobuf::DynamicMessage::CrossLinkPrototypes()':
2026-10-06T17:30:40.7527401Z external/protobuf+/src/google/protobuf/dynamic_message.cc:774:31: warning: 'bool google::protobuf::FieldOptions::weak() const' is deprecated [-Wdeprecated-declarations]
2026-10-06T17:30:40.7529037Z   774 |         !field->options().weak() && !InRealOneof(field) &&
2026-10-06T17:30:40.7529826Z       |          ~~~~~~~~~~~~~~~~~~~~~^~
2026-10-06T17:30:40.7531196Z In file included from external/protobuf+/src/google/protobuf/dynamic_message.cc:60:
2026-10-06T17:30:40.7532856Z bazel-out/k8-opt/bin/external/protobuf+/src/google/protobuf/_virtual_includes/protobuf/google/protobuf/descriptor.pb.h:18861:13: note: declared here
2026-10-06T17:30:40.7534340Z 18861 | inline bool FieldOptions::weak() const {
2026-10-06T17:30:40.7535023Z       |             ^~~~~~~~~~~~
2026-10-06T17:30:40.7536150Z [862 / 944] Compiling src/google/protobuf/compiler/cpp/message.cc [for tool]; 21s processwrapper-sandbox ... (4 actions, 3 running)
2026-10-06T17:30:40.9421146Z INFO: From Compiling src/google/protobuf/compiler/cpp/message.cc [for tool]:
2026-10-06T17:30:40.9451670Z In file included from bazel-out/k8-opt-exec-ST-d57f47055a04/bin/external/protobuf+/src/google/protobuf/compiler/cpp/_virtual_includes/cpp/google/protobuf/compiler/cpp/extension.h:19,
2026-10-06T17:30:40.9511692Z                  from bazel-out/k8-opt-exec-ST-d57f47055a04/bin/external/protobuf+/src/google/protobuf/compiler/cpp/_virtual_includes/cpp/google/protobuf/compiler/cpp/message.h:25,
2026-10-06T17:30:40.9570753Z                  from external/protobuf+/src/google/protobuf/compiler/cpp/message.cc:12:
2026-10-06T17:30:40.9632132Z bazel-out/k8-opt-exec-ST-d57f47055a04/bin/external/protobuf+/src/google/protobuf/compiler/cpp/_virtual_includes/names_internal/google/protobuf/compiler/cpp/helpers.h: In function 'bool google::protobuf::compiler::cpp::IsWeak(const google::protobuf::FieldDescriptor*, const Options&)':
2026-10-06T17:30:40.9691985Z bazel-out/k8-opt-exec-ST-d57f47055a04/bin/external/protobuf+/src/google/protobuf/compiler/cpp/_virtual_includes/names_internal/google/protobuf/compiler/cpp/helpers.h:347:28: warning: 'bool google::protobuf::FieldOptions::weak() const' is deprecated [-Wdeprecated-declarations]
2026-10-06T17:30:40.9720463Z   347 |   if (field->options().weak()) {
2026-10-06T17:30:40.9790459Z       |       ~~~~~~~~~~~~~~~~~~~~~^~
2026-10-06T17:30:40.9851581Z In file included from bazel-out/k8-opt-exec-ST-d57f47055a04/bin/external/protobuf+/src/google/protobuf/compiler/_virtual_includes/code_generator_lite/google/protobuf/compiler/code_generator_lite.h:18,
2026-10-06T17:30:40.9911587Z                  from bazel-out/k8-opt-exec-ST-d57f47055a04/bin/external/protobuf+/src/google/protobuf/compiler/_virtual_includes/code_generator/google/protobuf/compiler/code_generator.h:25,
2026-10-06T17:30:40.9931332Z                  from bazel-out/k8-opt-exec-ST-d57f47055a04/bin/external/protobuf+/src/google/protobuf/compiler/cpp/_virtual_includes/names_internal/google/protobuf/compiler/cpp/helpers.h:29:
2026-10-06T17:30:40.9991479Z bazel-out/k8-opt-exec-ST-d57f47055a04/bin/external/protobuf+/src/google/protobuf/_virtual_includes/protobuf/google/protobuf/descriptor.pb.h:18861:13: note: declared here
2026-10-06T17:30:41.0050550Z 18861 | inline bool FieldOptions::weak() const {
2026-10-06T17:30:41.0060575Z       |             ^~~~~~~~~~~~
2026-10-06T17:30:41.0092156Z external/protobuf+/src/google/protobuf/compiler/cpp/message.cc: In function 'void google::protobuf::compiler::cpp::{anonymous}::PrintPresenceCheck(const google::protobuf::FieldDescriptor*, const std::vector<int>&, google::protobuf::io::Printer*, int*, const google::protobuf::compiler::cpp::Options&)':
2026-10-06T17:30:41.0121727Z external/protobuf+/src/google/protobuf/compiler/cpp/message.cc:176:29: warning: 'bool google::protobuf::FieldOptions::weak() const' is deprecated [-Wdeprecated-declarations]
2026-10-06T17:30:41.0150550Z   176 |   if (!field->options().weak()) {
2026-10-06T17:30:41.0151234Z       |        ~~~~~~~~~~~~~~~~~~~~~^~
2026-10-06T17:30:41.0181414Z bazel-out/k8-opt-exec-ST-d57f47055a04/bin/external/protobuf+/src/google/protobuf/_virtual_includes/protobuf/google/protobuf/descriptor.pb.h:18861:13: note: declared here
2026-10-06T17:30:41.0210588Z 18861 | inline bool FieldOptions::weak() const {
2026-10-06T17:30:41.0240486Z       |             ^~~~~~~~~~~~
2026-10-06T17:30:41.0242227Z external/protobuf+/src/google/protobuf/compiler/cpp/message.cc: In member function 'void google::protobuf::compiler::cpp::MessageGenerator::GenerateFieldAccessorDeclarations(google::protobuf::io::Printer*)':
2026-10-06T17:30:41.0271420Z external/protobuf+/src/google/protobuf/compiler/cpp/message.cc:775:66: warning: 'bool google::protobuf::FieldOptions::weak() const' is deprecated [-Wdeprecated-declarations]
2026-10-06T17:30:41.0300811Z   775 |     if (!field->real_containing_oneof() && !field->options().weak()) {
2026-10-06T17:30:41.0455708Z       |                                             ~~~~~~~~~~~~~~~~~~~~~^~
2026-10-06T17:30:41.0457589Z bazel-out/k8-opt-exec-ST-d57f47055a04/bin/external/protobuf+/src/google/protobuf/_virtual_includes/protobuf/google/protobuf/descriptor.pb.h:18861:13: note: declared here
2026-10-06T17:30:41.0480624Z 18861 | inline bool FieldOptions::weak() const {
2026-10-06T17:30:41.0510564Z       |             ^~~~~~~~~~~~
2026-10-06T17:30:41.0532720Z external/protobuf+/src/google/protobuf/compiler/cpp/message.cc: In member function 'void google::protobuf::compiler::cpp::MessageGenerator::GenerateSingularFieldHasBits(const google::protobuf::FieldDescriptor*, google::protobuf::io::Printer*)':
2026-10-06T17:30:41.0561297Z external/protobuf+/src/google/protobuf/compiler/cpp/message.cc:1140:28: warning: 'bool google::protobuf::FieldOptions::weak() const' is deprecated [-Wdeprecated-declarations]
2026-10-06T17:30:41.0570593Z  1140 |   if (field->options().weak()) {
2026-10-06T17:30:41.0600514Z       |       ~~~~~~~~~~~~~~~~~~~~~^~
2026-10-06T17:30:41.0621276Z bazel-out/k8-opt-exec-ST-d57f47055a04/bin/external/protobuf+/src/google/protobuf/_virtual_includes/protobuf/google/protobuf/descriptor.pb.h:18861:13: note: declared here
2026-10-06T17:30:41.0630663Z 18861 | inline bool FieldOptions::weak() const {
2026-10-06T17:30:41.0660657Z       |             ^~~~~~~~~~~~
2026-10-06T17:30:41.0681882Z external/protobuf+/src/google/protobuf/compiler/cpp/message.cc: In member function 'void google::protobuf::compiler::cpp::MessageGenerator::MaybeEmitUpdateCachedHasbits(const google::protobuf::FieldDescriptor*, google::protobuf::io::Printer*, int&) const':
2026-10-06T17:30:41.0711184Z external/protobuf+/src/google/protobuf/compiler/cpp/message.cc:1396:59: warning: 'bool google::protobuf::FieldOptions::weak() const' is deprecated [-Wdeprecated-declarations]
2026-10-06T17:30:41.0720791Z  1396 |   if (!HasHasbit(field, options_) || field->options().weak()) return;
2026-10-06T17:30:41.0750559Z       |                                      ~~~~~~~~~~~~~~~~~~~~~^~
2026-10-06T17:30:41.0771237Z bazel-out/k8-opt-exec-ST-d57f47055a04/bin/external/protobuf+/src/google/protobuf/_virtual_includes/protobuf/google/protobuf/descriptor.pb.h:18861:13: note: declared here
2026-10-06T17:30:41.0800403Z 18861 | inline bool FieldOptions::weak() const {
2026-10-06T17:30:41.0810524Z       |             ^~~~~~~~~~~~
2026-10-06T17:30:41.0830707Z external/protobuf+/src/google/protobuf/compiler/cpp/message.cc: In lambda function:
2026-10-06T17:30:41.0861256Z external/protobuf+/src/google/protobuf/compiler/cpp/message.cc:2184:64: warning: 'bool google::protobuf::FieldOptions::weak() const' is deprecated [-Wdeprecated-declarations]
2026-10-06T17:30:41.0870739Z  2184 |             if (!field->is_repeated() && !field->options().weak() &&
2026-10-06T17:30:41.0900933Z       |                                           ~~~~~~~~~~~~~~~~~~~~~^~
2026-10-06T17:30:41.0921365Z bazel-out/k8-opt-exec-ST-d57f47055a04/bin/external/protobuf+/src/google/protobuf/_virtual_includes/protobuf/google/protobuf/descriptor.pb.h:18861:13: note: declared here
2026-10-06T17:30:41.0950496Z 18861 | inline bool FieldOptions::weak() const {
2026-10-06T17:30:41.0960545Z       |             ^~~~~~~~~~~~
2026-10-06T17:30:41.0981452Z external/protobuf+/src/google/protobuf/compiler/cpp/message.cc: In member function 'size_t google::protobuf::compiler::cpp::MessageGenerator::GenerateOffsets(google::protobuf::io::Printer*)':
2026-10-06T17:30:41.1011285Z external/protobuf+/src/google/protobuf/compiler/cpp/message.cc:2717:30: warning: 'bool google::protobuf::FieldOptions::weak() const' is deprecated [-Wdeprecated-declarations]
2026-10-06T17:30:41.1030506Z  2717 |     if (field->options().weak()) {
2026-10-06T17:30:41.1060494Z       |         ~~~~~~~~~~~~~~~~~~~~~^~
2026-10-06T17:30:41.1091348Z bazel-out/k8-opt-exec-ST-d57f47055a04/bin/external/protobuf+/src/google/protobuf/_virtual_includes/protobuf/google/protobuf/descriptor.pb.h:18861:13: note: declared here
2026-10-06T17:30:41.1120525Z 18861 | inline bool FieldOptions::weak() const {
2026-10-06T17:30:41.1150427Z       |             ^~~~~~~~~~~~
2026-10-06T17:30:41.1170876Z external/protobuf+/src/google/protobuf/compiler/cpp/message.cc: In lambda function:
2026-10-06T17:30:41.1191284Z external/protobuf+/src/google/protobuf/compiler/cpp/message.cc:4372:39: warning: 'bool google::protobuf::FieldOptions::weak() const' is deprecated [-Wdeprecated-declarations]
2026-10-06T17:30:41.1210512Z  4372 |       } else if (field->options().weak() ||
2026-10-06T17:30:41.1240463Z       |                  ~~~~~~~~~~~~~~~~~~~~~^~
2026-10-06T17:30:41.1266199Z bazel-out/k8-opt-exec-ST-d57f47055a04/bin/external/protobuf+/src/google/protobuf/_virtual_includes/protobuf/google/protobuf/descriptor.pb.h:18861:13: note: declared here
2026-10-06T17:30:41.1290559Z 18861 | inline bool FieldOptions::weak() const {
2026-10-06T17:30:41.1291153Z       |             ^~~~~~~~~~~~
2026-10-06T17:30:41.1292997Z external/protobuf+/src/google/protobuf/compiler/cpp/message.cc: In member function 'void google::protobuf::compiler::cpp::MessageGenerator::GenerateSerializeOneField(google::protobuf::io::Printer*, const google::protobuf::FieldDescriptor*, int)':
2026-10-06T17:30:41.1295715Z external/protobuf+/src/google/protobuf/compiler/cpp/message.cc:4722:28: warning: 'bool google::protobuf::FieldOptions::weak() const' is deprecated [-Wdeprecated-declarations]
2026-10-06T17:30:41.1297104Z  4722 |   if (field->options().weak()) {
2026-10-06T17:30:41.1297937Z       |       ~~~~~~~~~~~~~~~~~~~~~^~
2026-10-06T17:30:41.1299296Z bazel-out/k8-opt-exec-ST-d57f47055a04/bin/external/protobuf+/src/google/protobuf/_virtual_includes/protobuf/google/protobuf/descriptor.pb.h:18861:13: note: declared here
2026-10-06T17:30:41.1300916Z 18861 | inline bool FieldOptions::weak() const {
2026-10-06T17:30:41.1301431Z       |             ^~~~~~~~~~~~
2026-10-06T17:30:41.1302181Z external/protobuf+/src/google/protobuf/compiler/cpp/message.cc: In lambda function:
2026-10-06T17:30:41.1303863Z external/protobuf+/src/google/protobuf/compiler/cpp/message.cc:5029:43: warning: 'bool google::protobuf::FieldOptions::weak() const' is deprecated [-Wdeprecated-declarations]
2026-10-06T17:30:41.1305278Z  5029 |                  if (field->options().weak()) {
2026-10-06T17:30:41.1305881Z       |                      ~~~~~~~~~~~~~~~~~~~~~^~
2026-10-06T17:30:41.1321292Z bazel-out/k8-opt-exec-ST-d57f47055a04/bin/external/protobuf+/src/google/protobuf/_virtual_includes/protobuf/google/protobuf/descriptor.pb.h:18861:13: note: declared here
2026-10-06T17:30:41.1350503Z 18861 | inline bool FieldOptions::weak() const {
2026-10-06T17:30:41.1351069Z       |             ^~~~~~~~~~~~
2026-10-06T17:30:41.1353161Z external/protobuf+/src/google/protobuf/compiler/cpp/message.cc: In member function 'void google::protobuf::compiler::cpp::MessageGenerator::EmitCheckAndSerializeField(const google::protobuf::FieldDescriptor*, google::protobuf::io::Printer*) const':
2026-10-06T17:30:41.1355941Z external/protobuf+/src/google/protobuf/compiler/cpp/message.cc:5572:28: warning: 'bool google::protobuf::FieldOptions::weak() const' is deprecated [-Wdeprecated-declarations]
2026-10-06T17:30:41.1357393Z  5572 |   if (field->options().weak()) {
2026-10-06T17:30:41.1390449Z       |       ~~~~~~~~~~~~~~~~~~~~~^~
2026-10-06T17:30:41.1411332Z bazel-out/k8-opt-exec-ST-d57f47055a04/bin/external/protobuf+/src/google/protobuf/_virtual_includes/protobuf/google/protobuf/descriptor.pb.h:18861:13: note: declared here
2026-10-06T17:30:41.1440500Z 18861 | inline bool FieldOptions::weak() const {
2026-10-06T17:30:41.1463421Z       |             ^~~~~~~~~~~~
2026-10-06T17:30:41.1492065Z external/protobuf+/src/google/protobuf/compiler/cpp/message.cc: In instantiation of 'void google::protobuf::compiler::cpp::MessageGenerator::EmitCheckAndUpdateByteSizeForField(const google::protobuf::FieldDescriptor*, google::protobuf::io::Printer*) const [with bool kIsV2 = false]':
2026-10-06T17:30:41.1530824Z external/protobuf+/src/google/protobuf/compiler/cpp/message.cc:1418:62:   required from here
2026-10-06T17:30:41.1561310Z external/protobuf+/src/google/protobuf/compiler/cpp/message.cc:1363:28: warning: 'bool google::protobuf::FieldOptions::weak() const' is deprecated [-Wdeprecated-declarations]
2026-10-06T17:30:41.1590481Z  1363 |   if (field->options().weak()) {
2026-10-06T17:30:41.1610607Z       |       ~~~~~~~~~~~~~~~~~~~~~^~
2026-10-06T17:30:41.1651378Z bazel-out/k8-opt-exec-ST-d57f47055a04/bin/external/protobuf+/src/google/protobuf/_virtual_includes/protobuf/google/protobuf/descriptor.pb.h:18861:13: note: declared here
2026-10-06T17:30:41.1680530Z 18861 | inline bool FieldOptions::weak() const {
2026-10-06T17:30:41.1710442Z       |             ^~~~~~~~~~~~
2026-10-06T17:30:41.1741343Z external/protobuf+/src/google/protobuf/compiler/cpp/message.cc:1363:28: warning: 'bool google::protobuf::FieldOptions::weak() const' is deprecated [-Wdeprecated-declarations]
2026-10-06T17:30:41.1770498Z  1363 |   if (field->options().weak()) {
2026-10-06T17:30:41.1800421Z       |       ~~~~~~~~~~~~~~~~~~~~~^~
2026-10-06T17:30:41.1811337Z bazel-out/k8-opt-exec-ST-d57f47055a04/bin/external/protobuf+/src/google/protobuf/_virtual_includes/protobuf/google/protobuf/descriptor.pb.h:18861:13: note: declared here
2026-10-06T17:30:41.1830509Z 18861 | inline bool FieldOptions::weak() const {
2026-10-06T17:30:41.1860402Z       |             ^~~~~~~~~~~~
2026-10-06T17:30:42.2919197Z [867 / 944] Compiling src/google/protobuf/text_format.cc; 8s processwrapper-sandbox ... (4 actions, 3 running)
2026-10-06T17:30:43.5721156Z INFO: From Compiling src/google/protobuf/text_format.cc:
2026-10-06T17:30:43.5751017Z In file included from external/protobuf+/src/google/protobuf/text_format.cc:54:
2026-10-06T17:30:43.5812527Z bazel-out/k8-opt/bin/external/protobuf+/src/google/protobuf/_virtual_includes/protobuf/google/protobuf/map_field.h: In constructor 'google::protobuf::internal::MapFieldBase::ReflectionPayload::ReflectionPayload(google::protobuf::Arena*, const google::protobuf::Message*)':
2026-10-06T17:30:43.5846167Z bazel-out/k8-opt/bin/external/protobuf+/src/google/protobuf/_virtual_includes/protobuf/google/protobuf/map_field.h:416:11: warning: 'google::protobuf::RepeatedPtrField<T>::RepeatedPtrField(google::protobuf::Arena*) [with Element = google::protobuf::Message]' is deprecated: Use Arena::Create<RepeatedPtrField<...>>(Arena*) instead [-Wdeprecated-declarations]
2026-10-06T17:30:43.5870712Z   416 |         : repeated_field_(arena), prototype_(prototype) {}
2026-10-06T17:30:43.5899733Z       |           ^~~~~~~~~~~~~~~~~~~~~~
2026-10-06T17:30:43.5905643Z In file included from bazel-out/k8-opt/bin/external/protobuf+/src/google/protobuf/_virtual_includes/protobuf_lite/google/protobuf/repeated_field.h:46,
2026-10-06T17:30:43.5907687Z                  from bazel-out/k8-opt/bin/external/protobuf+/src/google/protobuf/_virtual_includes/protobuf_lite/google/protobuf/parse_context.h:39,
2026-10-06T17:30:43.5910422Z                  from bazel-out/k8-opt/bin/external/protobuf+/src/google/protobuf/_virtual_includes/protobuf_lite/google/protobuf/generated_message_tctable_decl.h:25,
2026-10-06T17:30:43.5912383Z                  from bazel-out/k8-opt/bin/external/protobuf+/src/google/protobuf/_virtual_includes/protobuf_lite/google/protobuf/extension_set.h:40,
2026-10-06T17:30:43.5914805Z                  from bazel-out/k8-opt/bin/external/protobuf+/src/google/protobuf/_virtual_includes/protobuf/google/protobuf/descriptor.h:56,
2026-10-06T17:30:43.5916601Z                  from bazel-out/k8-opt/bin/external/protobuf+/src/google/protobuf/_virtual_includes/protobuf/google/protobuf/text_format.h:27,
2026-10-06T17:30:43.5918113Z                  from external/protobuf+/src/google/protobuf/text_format.cc:12:
2026-10-06T17:30:43.5919588Z bazel-out/k8-opt/bin/external/protobuf+/src/google/protobuf/_virtual_includes/protobuf_lite/google/protobuf/repeated_ptr_field.h:1380:8: note: declared here
2026-10-06T17:30:43.5921480Z  1380 | inline RepeatedPtrField<Element>::RepeatedPtrField(Arena* arena)
2026-10-06T17:30:43.5923670Z       |        ^~~~~~~~~~~~~~~~~~~~~~~~~
2026-10-06T17:30:43.5925164Z external/protobuf+/src/google/protobuf/text_format.cc: In member function 'bool google::protobuf::TextFormat::Parser::ParserImpl::ConsumeField(google::protobuf::Message*)':
2026-10-06T17:30:43.5927388Z external/protobuf+/src/google/protobuf/text_format.cc:663:54: warning: 'bool google::protobuf::FieldOptions::weak() const' is deprecated [-Wdeprecated-declarations]
2026-10-06T17:30:43.5928869Z   663 |       if (consumed_semicolon && field->options().weak() &&
2026-10-06T17:30:43.5929626Z       |                                 ~~~~~~~~~~~~~~~~~~~~~^~
2026-10-06T17:30:43.5930730Z In file included from external/protobuf+/src/google/protobuf/text_format.cc:46:
2026-10-06T17:30:43.5932196Z bazel-out/k8-opt/bin/external/protobuf+/src/google/protobuf/_virtual_includes/protobuf/google/protobuf/descriptor.pb.h:18861:13: note: declared here
2026-10-06T17:30:43.5933632Z 18861 | inline bool FieldOptions::weak() const {
2026-10-06T17:30:43.5934365Z       |             ^~~~~~~~~~~~
2026-10-06T17:30:43.5935544Z [870 / 944] Compiling src/google/protobuf/extension_set_heavy.cc; 2s processwrapper-sandbox ... (4 actions, 3 running)
2026-10-06T17:30:44.6901259Z [871 / 944] Compiling src/google/protobuf/extension_set_heavy.cc; 3s processwrapper-sandbox ... (4 actions running)
2026-10-06T17:30:44.9841252Z INFO: From Compiling src/google/protobuf/reflection_ops.cc:
2026-10-06T17:30:44.9871025Z In file included from external/protobuf+/src/google/protobuf/reflection_ops.cc:22:
2026-10-06T17:30:44.9932041Z bazel-out/k8-opt/bin/external/protobuf+/src/google/protobuf/_virtual_includes/protobuf/google/protobuf/map_field.h: In constructor 'google::protobuf::internal::MapFieldBase::ReflectionPayload::ReflectionPayload(google::protobuf::Arena*, const google::protobuf::Message*)':
2026-10-06T17:30:44.9962693Z bazel-out/k8-opt/bin/external/protobuf+/src/google/protobuf/_virtual_includes/protobuf/google/protobuf/map_field.h:416:11: warning: 'google::protobuf::RepeatedPtrField<T>::RepeatedPtrField(google::protobuf::Arena*) [with Element = google::protobuf::Message]' is deprecated: Use Arena::Create<RepeatedPtrField<...>>(Arena*) instead [-Wdeprecated-declarations]
2026-10-06T17:30:44.9982300Z   416 |         : repeated_field_(arena), prototype_(prototype) {}
2026-10-06T17:30:44.9983116Z       |           ^~~~~~~~~~~~~~~~~~~~~~
2026-10-06T17:30:44.9984528Z In file included from bazel-out/k8-opt/bin/external/protobuf+/src/google/protobuf/_virtual_includes/protobuf_lite/google/protobuf/repeated_field.h:46,
2026-10-06T17:30:44.9986600Z                  from bazel-out/k8-opt/bin/external/protobuf+/src/google/protobuf/_virtual_includes/protobuf_lite/google/protobuf/parse_context.h:39,
2026-10-06T17:30:44.9988691Z                  from bazel-out/k8-opt/bin/external/protobuf+/src/google/protobuf/_virtual_includes/protobuf_lite/google/protobuf/generated_message_tctable_decl.h:25,
2026-10-06T17:30:44.9991244Z                  from bazel-out/k8-opt/bin/external/protobuf+/src/google/protobuf/_virtual_includes/protobuf_lite/google/protobuf/extension_set.h:40,
2026-10-06T17:30:44.9993141Z                  from bazel-out/k8-opt/bin/external/protobuf+/src/google/protobuf/_virtual_includes/protobuf/google/protobuf/descriptor.h:56,
2026-10-06T17:30:44.9994994Z                  from bazel-out/k8-opt/bin/external/protobuf+/src/google/protobuf/_virtual_includes/protobuf/google/protobuf/message.h:112,
2026-10-06T17:30:44.9996863Z                  from bazel-out/k8-opt/bin/external/protobuf+/src/google/protobuf/_virtual_includes/protobuf/google/protobuf/reflection_ops.h:18,
2026-10-06T17:30:44.9998408Z                  from external/protobuf+/src/google/protobuf/reflection_ops.cc:11:
2026-10-06T17:30:45.0000268Z bazel-out/k8-opt/bin/external/protobuf+/src/google/protobuf/_virtual_includes/protobuf_lite/google/protobuf/repeated_ptr_field.h:1380:8: note: declared here
2026-10-06T17:30:45.0002033Z  1380 | inline RepeatedPtrField<Element>::RepeatedPtrField(Arena* arena)
2026-10-06T17:30:45.0002903Z       |        ^~~~~~~~~~~~~~~~~~~~~~~~~
2026-10-06T17:30:46.6921487Z [879 / 944] Compiling src/google/protobuf/message.cc; 3s processwrapper-sandbox ... (4 actions running)
2026-10-06T17:30:47.6941469Z [883 / 944] Compiling src/google/protobuf/message.cc; 4s processwrapper-sandbox ... (4 actions running)
2026-10-06T17:30:49.0628982Z INFO: From Compiling src/google/protobuf/map_field.cc:
2026-10-06T17:30:49.0651076Z In file included from external/protobuf+/src/google/protobuf/map_field.cc:8:
2026-10-06T17:30:49.0702138Z bazel-out/k8-opt/bin/external/protobuf+/src/google/protobuf/_virtual_includes/protobuf/google/protobuf/map_field.h: In constructor 'google::protobuf::internal::MapFieldBase::ReflectionPayload::ReflectionPayload(google::protobuf::Arena*, const google::protobuf::Message*)':
2026-10-06T17:30:49.0712659Z bazel-out/k8-opt/bin/external/protobuf+/src/google/protobuf/_virtual_includes/protobuf/google/protobuf/map_field.h:416:11: warning: 'google::protobuf::RepeatedPtrField<T>::RepeatedPtrField(google::protobuf::Arena*) [with Element = google::protobuf::Message]' is deprecated: Use Arena::Create<RepeatedPtrField<...>>(Arena*) instead [-Wdeprecated-declarations]
2026-10-06T17:30:49.0740655Z   416 |         : repeated_field_(arena), prototype_(prototype) {}
2026-10-06T17:30:49.0760642Z       |           ^~~~~~~~~~~~~~~~~~~~~~
2026-10-06T17:30:49.0777020Z In file included from bazel-out/k8-opt/bin/external/protobuf+/src/google/protobuf/_virtual_includes/protobuf_lite/google/protobuf/repeated_field.h:46,
2026-10-06T17:30:49.0779586Z                  from bazel-out/k8-opt/bin/external/protobuf+/src/google/protobuf/_virtual_includes/protobuf_lite/google/protobuf/parse_context.h:39,
2026-10-06T17:30:49.0781801Z                  from bazel-out/k8-opt/bin/external/protobuf+/src/google/protobuf/_virtual_includes/protobuf_lite/google/protobuf/generated_message_tctable_decl.h:25,
2026-10-06T17:30:49.0784448Z                  from bazel-out/k8-opt/bin/external/protobuf+/src/google/protobuf/_virtual_includes/protobuf_lite/google/protobuf/extension_set.h:40,
2026-10-06T17:30:49.0786358Z                  from bazel-out/k8-opt/bin/external/protobuf+/src/google/protobuf/_virtual_includes/protobuf/google/protobuf/descriptor.h:56,
2026-10-06T17:30:49.0788251Z                  from bazel-out/k8-opt/bin/external/protobuf+/src/google/protobuf/_virtual_includes/protobuf/google/protobuf/map_field.h:23:
2026-10-06T17:30:49.0790651Z bazel-out/k8-opt/bin/external/protobuf+/src/google/protobuf/_virtual_includes/protobuf_lite/google/protobuf/repeated_ptr_field.h:1380:8: note: declared here
2026-10-06T17:30:49.0793733Z  1380 | inline RepeatedPtrField<Element>::RepeatedPtrField(Arena* arena)
2026-10-06T17:30:49.0794627Z       |        ^~~~~~~~~~~~~~~~~~~~~~~~~
2026-10-06T17:30:49.0795749Z [884 / 944] Compiling src/google/protobuf/message.cc; 5s processwrapper-sandbox ... (4 actions, 3 running)
2026-10-06T17:30:49.5241000Z INFO: From Compiling src/google/protobuf/message.cc:
2026-10-06T17:30:49.5261398Z In file included from external/protobuf+/src/google/protobuf/message.cc:40:
2026-10-06T17:30:49.5292209Z bazel-out/k8-opt/bin/external/protobuf+/src/google/protobuf/_virtual_includes/protobuf/google/protobuf/map_field.h: In constructor 'google::protobuf::internal::MapFieldBase::ReflectionPayload::ReflectionPayload(google::protobuf::Arena*, const google::protobuf::Message*)':
2026-10-06T17:30:49.5322632Z bazel-out/k8-opt/bin/external/protobuf+/src/google/protobuf/_virtual_includes/protobuf/google/protobuf/map_field.h:416:11: warning: 'google::protobuf::RepeatedPtrField<T>::RepeatedPtrField(google::protobuf::Arena*) [with Element = google::protobuf::Message]' is deprecated: Use Arena::Create<RepeatedPtrField<...>>(Arena*) instead [-Wdeprecated-declarations]
2026-10-06T17:30:49.5350625Z   416 |         : repeated_field_(arena), prototype_(prototype) {}
2026-10-06T17:30:49.5365204Z       |           ^~~~~~~~~~~~~~~~~~~~~~
2026-10-06T17:30:49.5371226Z In file included from bazel-out/k8-opt/bin/external/protobuf+/src/google/protobuf/_virtual_includes/protobuf_lite/google/protobuf/repeated_field.h:46,
2026-10-06T17:30:49.5373442Z                  from bazel-out/k8-opt/bin/external/protobuf+/src/google/protobuf/_virtual_includes/protobuf_lite/google/protobuf/parse_context.h:39,
2026-10-06T17:30:49.5375594Z                  from bazel-out/k8-opt/bin/external/protobuf+/src/google/protobuf/_virtual_includes/protobuf_lite/google/protobuf/generated_message_tctable_decl.h:25,
2026-10-06T17:30:49.5377711Z                  from bazel-out/k8-opt/bin/external/protobuf+/src/google/protobuf/_virtual_includes/protobuf_lite/google/protobuf/extension_set.h:40,
2026-10-06T17:30:49.5379618Z                  from bazel-out/k8-opt/bin/external/protobuf+/src/google/protobuf/_virtual_includes/protobuf/google/protobuf/descriptor.h:56,
2026-10-06T17:30:49.5381565Z                  from bazel-out/k8-opt/bin/external/protobuf+/src/google/protobuf/_virtual_includes/protobuf/google/protobuf/message.h:112,
2026-10-06T17:30:49.5383391Z                  from external/protobuf+/src/google/protobuf/message.cc:12:
2026-10-06T17:30:49.5385173Z bazel-out/k8-opt/bin/external/protobuf+/src/google/protobuf/_virtual_includes/protobuf_lite/google/protobuf/repeated_ptr_field.h:1380:8: note: declared here
2026-10-06T17:30:49.5386810Z  1380 | inline RepeatedPtrField<Element>::RepeatedPtrField(Arena* arena)
2026-10-06T17:30:49.5388305Z       |        ^~~~~~~~~~~~~~~~~~~~~~~~~
2026-10-06T17:30:50.0675548Z [888 / 944] Compiling src/google/protobuf/internal_feature_helper.cc; 0s processwrapper-sandbox ... (4 actions, 3 running)
2026-10-06T17:30:51.6961411Z [890 / 944] Compiling src/google/protobuf/internal_feature_helper.cc; 2s processwrapper-sandbox ... (4 actions running)
2026-10-06T17:30:52.6976105Z [894 / 944] Compiling src/google/protobuf/generated_message_tctable_gen.cc; 3s processwrapper-sandbox ... (4 actions running)
2026-10-06T17:30:53.7291386Z INFO: From Compiling src/google/protobuf/generated_message_tctable_gen.cc:
2026-10-06T17:30:53.7351704Z external/protobuf+/src/google/protobuf/generated_message_tctable_gen.cc: In function 'bool google::protobuf::internal::{anonymous}::HasWeakFields(const google::protobuf::Descriptor*)':
2026-10-06T17:30:53.7381581Z external/protobuf+/src/google/protobuf/generated_message_tctable_gen.cc:699:45: warning: 'bool google::protobuf::FieldOptions::weak() const' is deprecated [-Wdeprecated-declarations]
2026-10-06T17:30:53.7401221Z   699 |     if (descriptor->field(i)->options().weak()) {
2026-10-06T17:30:53.7430400Z       |         ~~~~~~~~~~~~~~~~~~~~~~~~~~~~~~~~~~~~^~
2026-10-06T17:30:53.7441224Z In file included from bazel-out/k8-opt/bin/external/protobuf+/src/google/protobuf/_virtual_includes/protobuf/google/protobuf/generated_message_tctable_gen.h:21,
2026-10-06T17:30:53.7460909Z                  from external/protobuf+/src/google/protobuf/generated_message_tctable_gen.cc:8:
2026-10-06T17:30:53.7491677Z bazel-out/k8-opt/bin/external/protobuf+/src/google/protobuf/_virtual_includes/protobuf/google/protobuf/descriptor.pb.h:18861:13: note: declared here
2026-10-06T17:30:53.7520598Z 18861 | inline bool FieldOptions::weak() const {
2026-10-06T17:30:53.7521337Z       |             ^~~~~~~~~~~~
2026-10-06T17:30:53.7551480Z external/protobuf+/src/google/protobuf/generated_message_tctable_gen.cc: In function 'bool google::protobuf::internal::IsFieldTypeEligibleForFastParsing(const google::protobuf::FieldDescriptor*)':
2026-10-06T17:30:53.7581467Z external/protobuf+/src/google/protobuf/generated_message_tctable_gen.cc:738:28: warning: 'bool google::protobuf::FieldOptions::weak() const' is deprecated [-Wdeprecated-declarations]
2026-10-06T17:30:53.7610521Z   738 |       field->options().weak()) {
2026-10-06T17:30:53.7611202Z       |       ~~~~~~~~~~~~~~~~~~~~~^~
2026-10-06T17:30:53.7641268Z bazel-out/k8-opt/bin/external/protobuf+/src/google/protobuf/_virtual_includes/protobuf/google/protobuf/descriptor.pb.h:18861:13: note: declared here
2026-10-06T17:30:53.7670599Z 18861 | inline bool FieldOptions::weak() const {
2026-10-06T17:30:53.7700409Z       |             ^~~~~~~~~~~~
2026-10-06T17:30:53.7701296Z external/protobuf+/src/google/protobuf/generated_message_tctable_gen.cc: In lambda function:
2026-10-06T17:30:53.7731255Z external/protobuf+/src/google/protobuf/generated_message_tctable_gen.cc:773:54: warning: 'bool google::protobuf::FieldOptions::weak() const' is deprecated [-Wdeprecated-declarations]
2026-10-06T17:30:53.7760586Z   773 |            !field->is_map() && !field->options().weak() &&
2026-10-06T17:30:53.7790524Z       |                                 ~~~~~~~~~~~~~~~~~~~~~^~
2026-10-06T17:30:53.7792039Z bazel-out/k8-opt/bin/external/protobuf+/src/google/protobuf/_virtual_includes/protobuf/google/protobuf/descriptor.pb.h:18861:13: note: declared here
2026-10-06T17:30:53.7820583Z 18861 | inline bool FieldOptions::weak() const {
2026-10-06T17:30:53.7850396Z       |             ^~~~~~~~~~~~
2026-10-06T17:30:53.7862721Z external/protobuf+/src/google/protobuf/generated_message_tctable_gen.cc: In static member function 'static std::vector<google::protobuf::internal::TailCallTableInfo::FieldEntryInfo> google::protobuf::internal::TailCallTableInfo::BuildFieldEntries(const google::protobuf::Descriptor*, const MessageOptions&, absl::lts_20250814::Span<const FieldOptions>, std::vector<AuxEntry>&)':
2026-10-06T17:30:53.7881508Z external/protobuf+/src/google/protobuf/generated_message_tctable_gen.cc:813:39: warning: 'bool google::protobuf::FieldOptions::weak() const' is deprecated [-Wdeprecated-declarations]
2026-10-06T17:30:53.7910594Z   813 |       } else if (field->options().weak()) {
2026-10-06T17:30:53.7929205Z       |                  ~~~~~~~~~~~~~~~~~~~~~^~
2026-10-06T17:30:53.7930745Z bazel-out/k8-opt/bin/external/protobuf+/src/google/protobuf/_virtual_includes/protobuf/google/protobuf/descriptor.pb.h:18861:13: note: declared here
2026-10-06T17:30:53.7932096Z 18861 | inline bool FieldOptions::weak() const {
2026-10-06T17:30:53.7932706Z       |             ^~~~~~~~~~~~
2026-10-06T17:30:53.7933943Z [895 / 944] Compiling src/google/protobuf/generated_message_tctable_full.cc; 1s processwrapper-sandbox ... (4 actions, 3 running)
2026-10-06T17:30:54.8551468Z [897 / 944] Compiling src/google/protobuf/generated_message_reflection.cc; 2s processwrapper-sandbox ... (4 actions, 3 running)
2026-10-06T17:30:56.7021666Z [899 / 944] Compiling src/google/protobuf/generated_message_reflection.cc; 4s processwrapper-sandbox ... (4 actions running)
2026-10-06T17:30:57.7031419Z [903 / 944] Compiling src/google/protobuf/generated_message_reflection.cc; 5s processwrapper-sandbox ... (4 actions running)
2026-10-06T17:30:59.7051599Z [908 / 944] Compiling src/google/protobuf/generated_message_reflection.cc; 7s processwrapper-sandbox ... (4 actions running)
2026-10-06T17:31:00.8781445Z [913 / 944] Compiling src/google/protobuf/generated_message_reflection.cc; 8s processwrapper-sandbox ... (4 actions, 3 running)
2026-10-06T17:31:02.7041835Z [915 / 944] Compiling src/google/protobuf/generated_message_reflection.cc; 10s processwrapper-sandbox ... (4 actions running)
2026-10-06T17:31:03.7011571Z INFO: From Compiling external/protobuf+/src/google/protobuf/_virtual_imports/struct_proto/google/protobuf/struct.pb.cc:
2026-10-06T17:31:03.7013326Z In file included from bazel-out/k8-opt/bin/external/protobuf+/src/google/protobuf/_virtual_includes/struct_proto/google/protobuf/struct.pb.h:34,
2026-10-06T17:31:03.7041302Z                  from bazel-out/k8-opt/bin/external/protobuf+/src/google/protobuf/_virtual_imports/struct_proto/google/protobuf/struct.pb.cc:6:
2026-10-06T17:31:03.7049057Z bazel-out/k8-opt/bin/external/protobuf+/src/google/protobuf/_virtual_includes/protobuf/google/protobuf/map_field.h: In constructor 'google::protobuf::internal::MapFieldBase::ReflectionPayload::ReflectionPayload(google::protobuf::Arena*, const google::protobuf::Message*)':
2026-10-06T17:31:03.7053774Z bazel-out/k8-opt/bin/external/protobuf+/src/google/protobuf/_virtual_includes/protobuf/google/protobuf/map_field.h:416:11: warning: 'google::protobuf::RepeatedPtrField<T>::RepeatedPtrField(google::protobuf::Arena*) [with Element = google::protobuf::Message]' is deprecated: Use Arena::Create<RepeatedPtrField<...>>(Arena*) instead [-Wdeprecated-declarations]
2026-10-06T17:31:03.7056727Z   416 |         : repeated_field_(arena), prototype_(prototype) {}
2026-10-06T17:31:03.7057585Z       |           ^~~~~~~~~~~~~~~~~~~~~~
2026-10-06T17:31:03.7058907Z In file included from bazel-out/k8-opt/bin/external/protobuf+/src/google/protobuf/_virtual_includes/protobuf_lite/google/protobuf/repeated_field.h:46,
2026-10-06T17:31:03.7061182Z                  from bazel-out/k8-opt/bin/external/protobuf+/src/google/protobuf/_virtual_includes/protobuf_lite/google/protobuf/parse_context.h:39,
2026-10-06T17:31:03.7063214Z                  from bazel-out/k8-opt/bin/external/protobuf+/src/google/protobuf/_virtual_includes/protobuf_lite/google/protobuf/generated_message_tctable_decl.h:25,
2026-10-06T17:31:03.7065131Z                  from bazel-out/k8-opt/bin/external/protobuf+/src/google/protobuf/_virtual_includes/struct_proto/google/protobuf/struct.pb.h:23:
2026-10-06T17:31:03.7068643Z bazel-out/k8-opt/bin/external/protobuf+/src/google/protobuf/_virtual_includes/protobuf_lite/google/protobuf/repeated_ptr_field.h:1380:8: note: declared here
2026-10-06T17:31:03.7070816Z  1380 | inline RepeatedPtrField<Element>::RepeatedPtrField(Arena* arena)
2026-10-06T17:31:03.7071742Z       |        ^~~~~~~~~~~~~~~~~~~~~~~~~
2026-10-06T17:31:03.7698727Z [917 / 944] Compiling src/google/protobuf/generated_message_reflection.cc; 11s processwrapper-sandbox ... (4 actions, 3 running)
2026-10-06T17:31:04.9304508Z [921 / 944] Compiling src/google/protobuf/generated_message_reflection.cc; 12s processwrapper-sandbox ... (4 actions, 3 running)
2026-10-06T17:31:04.9842762Z INFO: From Compiling src/google/protobuf/generated_message_reflection.cc:
2026-10-06T17:31:04.9911497Z In file included from external/protobuf+/src/google/protobuf/generated_message_reflection.cc:51:
2026-10-06T17:31:04.9916023Z bazel-out/k8-opt/bin/external/protobuf+/src/google/protobuf/_virtual_includes/protobuf/google/protobuf/map_field.h: In constructor 'google::protobuf::internal::MapFieldBase::ReflectionPayload::ReflectionPayload(google::protobuf::Arena*, const google::protobuf::Message*)':
2026-10-06T17:31:04.9924682Z bazel-out/k8-opt/bin/external/protobuf+/src/google/protobuf/_virtual_includes/protobuf/google/protobuf/map_field.h:416:11: warning: 'google::protobuf::RepeatedPtrField<T>::RepeatedPtrField(google::protobuf::Arena*) [with Element = google::protobuf::Message]' is deprecated: Use Arena::Create<RepeatedPtrField<...>>(Arena*) instead [-Wdeprecated-declarations]
2026-10-06T17:31:04.9927607Z   416 |         : repeated_field_(arena), prototype_(prototype) {}
2026-10-06T17:31:04.9928435Z       |           ^~~~~~~~~~~~~~~~~~~~~~
2026-10-06T17:31:04.9929791Z In file included from bazel-out/k8-opt/bin/external/protobuf+/src/google/protobuf/_virtual_includes/protobuf_lite/google/protobuf/repeated_field.h:46,
2026-10-06T17:31:04.9932114Z                  from bazel-out/k8-opt/bin/external/protobuf+/src/google/protobuf/_virtual_includes/protobuf_lite/google/protobuf/parse_context.h:39,
2026-10-06T17:31:04.9934685Z                  from bazel-out/k8-opt/bin/external/protobuf+/src/google/protobuf/_virtual_includes/protobuf_lite/google/protobuf/generated_message_tctable_decl.h:25,
2026-10-06T17:31:04.9936723Z                  from bazel-out/k8-opt/bin/external/protobuf+/src/google/protobuf/_virtual_includes/protobuf_lite/google/protobuf/extension_set.h:40,
2026-10-06T17:31:04.9938636Z                  from bazel-out/k8-opt/bin/external/protobuf+/src/google/protobuf/_virtual_includes/protobuf/google/protobuf/descriptor.h:56,
2026-10-06T17:31:04.9941276Z                  from bazel-out/k8-opt/bin/external/protobuf+/src/google/protobuf/_virtual_includes/protobuf/google/protobuf/generated_message_reflection.h:26,
2026-10-06T17:31:04.9943009Z                  from external/protobuf+/src/google/protobuf/generated_message_reflection.cc:12:
2026-10-06T17:31:04.9944799Z bazel-out/k8-opt/bin/external/protobuf+/src/google/protobuf/_virtual_includes/protobuf_lite/google/protobuf/repeated_ptr_field.h:1380:8: note: declared here
2026-10-06T17:31:04.9946461Z  1380 | inline RepeatedPtrField<Element>::RepeatedPtrField(Arena* arena)
2026-10-06T17:31:04.9947331Z       |        ^~~~~~~~~~~~~~~~~~~~~~~~~
2026-10-06T17:31:04.9949219Z external/protobuf+/src/google/protobuf/generated_message_reflection.cc: In member function 'const google::protobuf::Message* google::protobuf::Reflection::GetDefaultMessageInstance(const google::protobuf::FieldDescriptor*) const':
2026-10-06T17:31:04.9952265Z external/protobuf+/src/google/protobuf/generated_message_reflection.cc:2526:55: warning: 'bool google::protobuf::FieldOptions::weak() const' is deprecated [-Wdeprecated-declarations]
2026-10-06T17:31:04.9953989Z  2526 |   if (!field->is_extension() && !field->options().weak() &&
2026-10-06T17:31:04.9954858Z       |                                  ~~~~~~~~~~~~~~~~~~~~~^~
2026-10-06T17:31:04.9955933Z In file included from external/protobuf+/src/google/protobuf/generated_message_reflection.cc:41:
2026-10-06T17:31:04.9957686Z bazel-out/k8-opt/bin/external/protobuf+/src/google/protobuf/_virtual_includes/protobuf/google/protobuf/descriptor.pb.h:18861:13: note: declared here
2026-10-06T17:31:04.9959171Z 18861 | inline bool FieldOptions::weak() const {
2026-10-06T17:31:04.9960168Z       |             ^~~~~~~~~~~~
2026-10-06T17:31:04.9961091Z In file included from external/abseil-cpp+/absl/log/internal/check_impl.h:20,
2026-10-06T17:31:04.9962118Z                  from external/abseil-cpp+/absl/log/absl_check.h:38,
2026-10-06T17:31:04.9963861Z                  from bazel-out/k8-opt/bin/external/protobuf+/src/google/protobuf/_virtual_includes/protobuf/google/protobuf/generated_message_reflection.h:25:
2026-10-06T17:31:04.9966459Z external/protobuf+/src/google/protobuf/generated_message_reflection.cc: In member function 'bool google::protobuf::Reflection::HasFieldWithHasbits(const google::protobuf::Message&, const google::protobuf::FieldDescriptor*) const':
2026-10-06T17:31:04.9969217Z external/protobuf+/src/google/protobuf/generated_message_reflection.cc:3290:37: warning: 'bool google::protobuf::FieldOptions::weak() const' is deprecated [-Wdeprecated-declarations]
2026-10-06T17:31:04.9971116Z  3290 |   ABSL_DCHECK(!field->options().weak());
2026-10-06T17:31:04.9971875Z       |                ~~~~~~~~~~~~~~~~~~~~~^~
2026-10-06T17:31:04.9973115Z external/abseil-cpp+/absl/log/internal/conditions.h:68:7: note: in definition of macro 'ABSL_LOG_INTERNAL_STATELESS_CONDITION'
2026-10-06T17:31:04.9974490Z    68 |     !(condition) ? (void)0 : ::absl::log_internal::Voidify() &&
2026-10-06T17:31:04.9975289Z       |       ^~~~~~~~~
2026-10-06T17:31:04.9976419Z external/abseil-cpp+/absl/log/internal/check_impl.h:26:3: note: in expansion of macro 'ABSL_LOG_INTERNAL_CONDITION_FATAL'
2026-10-06T17:31:04.9977781Z    26 |   ABSL_LOG_INTERNAL_CONDITION_FATAL(STATELESS,                        \
2026-10-06T17:31:04.9978852Z       |   ^~~~~~~~~~~~~~~~~~~~~~~~~~~~~~~~~
2026-10-06T17:31:04.9980215Z external/abseil-cpp+/absl/log/internal/check_impl.h:27:37: note: in expansion of macro 'ABSL_PREDICT_FALSE'
2026-10-06T17:31:04.9981410Z    27 |                                     ABSL_PREDICT_FALSE(!(condition))) \
2026-10-06T17:31:04.9982245Z       |                                     ^~~~~~~~~~~~~~~~~~
2026-10-06T17:31:04.9983385Z external/abseil-cpp+/absl/log/internal/check_impl.h:43:3: note: in expansion of macro 'ABSL_LOG_INTERNAL_CHECK_IMPL'
2026-10-06T17:31:04.9984680Z    43 |   ABSL_LOG_INTERNAL_CHECK_IMPL(true || (condition), "true")
2026-10-06T17:31:04.9985505Z       |   ^~~~~~~~~~~~~~~~~~~~~~~~~~~~
2026-10-06T17:31:04.9986536Z external/abseil-cpp+/absl/log/absl_check.h:47:3: note: in expansion of macro 'ABSL_LOG_INTERNAL_DCHECK_IMPL'
2026-10-06T17:31:04.9987724Z    47 |   ABSL_LOG_INTERNAL_DCHECK_IMPL((condition), #condition)
2026-10-06T17:31:04.9988513Z       |   ^~~~~~~~~~~~~~~~~~~~~~~~~~~~~
2026-10-06T17:31:04.9989731Z external/protobuf+/src/google/protobuf/generated_message_reflection.cc:3290:3: note: in expansion of macro 'ABSL_DCHECK'
2026-10-06T17:31:04.9991281Z  3290 |   ABSL_DCHECK(!field->options().weak());
2026-10-06T17:31:04.9991993Z       |   ^~~~~~~~~~~
2026-10-06T17:31:04.9993288Z bazel-out/k8-opt/bin/external/protobuf+/src/google/protobuf/_virtual_includes/protobuf/google/protobuf/descriptor.pb.h:18861:13: note: declared here
2026-10-06T17:31:04.9994760Z 18861 | inline bool FieldOptions::weak() const {
2026-10-06T17:31:04.9995482Z       |             ^~~~~~~~~~~~
2026-10-06T17:31:04.9997258Z external/protobuf+/src/google/protobuf/generated_message_reflection.cc: In member function 'void google::protobuf::Reflection::SetHasBit(google::protobuf::Message*, const google::protobuf::FieldDescriptor*) const':
2026-10-06T17:31:05.0000284Z external/protobuf+/src/google/protobuf/generated_message_reflection.cc:3323:37: warning: 'bool google::protobuf::FieldOptions::weak() const' is deprecated [-Wdeprecated-declarations]
2026-10-06T17:31:05.0002058Z  3323 |   ABSL_DCHECK(!field->options().weak());
2026-10-06T17:31:05.0002801Z       |                ~~~~~~~~~~~~~~~~~~~~~^~
2026-10-06T17:31:05.0003982Z external/abseil-cpp+/absl/log/internal/conditions.h:68:7: note: in definition of macro 'ABSL_LOG_INTERNAL_STATELESS_CONDITION'
2026-10-06T17:31:05.0005435Z    68 |     !(condition) ? (void)0 : ::absl::log_internal::Voidify() &&
2026-10-06T17:31:05.0006339Z       |       ^~~~~~~~~
2026-10-06T17:31:05.0007487Z external/abseil-cpp+/absl/log/internal/check_impl.h:26:3: note: in expansion of macro 'ABSL_LOG_INTERNAL_CONDITION_FATAL'
2026-10-06T17:31:05.0009228Z    26 |   ABSL_LOG_INTERNAL_CONDITION_FATAL(STATELESS,                        \
2026-10-06T17:31:05.0010493Z       |   ^~~~~~~~~~~~~~~~~~~~~~~~~~~~~~~~~
2026-10-06T17:31:05.0011621Z external/abseil-cpp+/absl/log/internal/check_impl.h:27:37: note: in expansion of macro 'ABSL_PREDICT_FALSE'
2026-10-06T17:31:05.0013319Z    27 |                                     ABSL_PREDICT_FALSE(!(condition))) \
2026-10-06T17:31:05.0014267Z       |                                     ^~~~~~~~~~~~~~~~~~
2026-10-06T17:31:05.0015532Z external/abseil-cpp+/absl/log/internal/check_impl.h:43:3: note: in expansion of macro 'ABSL_LOG_INTERNAL_CHECK_IMPL'
2026-10-06T17:31:05.0016861Z    43 |   ABSL_LOG_INTERNAL_CHECK_IMPL(true || (condition), "true")
2026-10-06T17:31:05.0017857Z       |   ^~~~~~~~~~~~~~~~~~~~~~~~~~~~
2026-10-06T17:31:05.0019039Z external/abseil-cpp+/absl/log/absl_check.h:47:3: note: in expansion of macro 'ABSL_LOG_INTERNAL_DCHECK_IMPL'
2026-10-06T17:31:05.0020535Z    47 |   ABSL_LOG_INTERNAL_DCHECK_IMPL((condition), #condition)
2026-10-06T17:31:05.0021348Z       |   ^~~~~~~~~~~~~~~~~~~~~~~~~~~~~
2026-10-06T17:31:05.0022539Z external/protobuf+/src/google/protobuf/generated_message_reflection.cc:3323:3: note: in expansion of macro 'ABSL_DCHECK'
2026-10-06T17:31:05.0023836Z  3323 |   ABSL_DCHECK(!field->options().weak());
2026-10-06T17:31:05.0024543Z       |   ^~~~~~~~~~~
2026-10-06T17:31:05.0026057Z bazel-out/k8-opt/bin/external/protobuf+/src/google/protobuf/_virtual_includes/protobuf/google/protobuf/descriptor.pb.h:18861:13: note: declared here
2026-10-06T17:31:05.0027649Z 18861 | inline bool FieldOptions::weak() const {
2026-10-06T17:31:05.0028365Z       |             ^~~~~~~~~~~~
2026-10-06T17:31:05.0030399Z external/protobuf+/src/google/protobuf/generated_message_reflection.cc: In member function 'void google::protobuf::Reflection::ClearHasBit(google::protobuf::Message*, const google::protobuf::FieldDescriptor*) const':
2026-10-06T17:31:05.0033209Z external/protobuf+/src/google/protobuf/generated_message_reflection.cc:3332:37: warning: 'bool google::protobuf::FieldOptions::weak() const' is deprecated [-Wdeprecated-declarations]
2026-10-06T17:31:05.0035043Z  3332 |   ABSL_DCHECK(!field->options().weak());
2026-10-06T17:31:05.0035802Z       |                ~~~~~~~~~~~~~~~~~~~~~^~
2026-10-06T17:31:05.0037023Z external/abseil-cpp+/absl/log/internal/conditions.h:68:7: note: in definition of macro 'ABSL_LOG_INTERNAL_STATELESS_CONDITION'
2026-10-06T17:31:05.0038419Z    68 |     !(condition) ? (void)0 : ::absl::log_internal::Voidify() &&
2026-10-06T17:31:05.0039216Z       |       ^~~~~~~~~
2026-10-06T17:31:05.0040745Z external/abseil-cpp+/absl/log/internal/check_impl.h:26:3: note: in expansion of macro 'ABSL_LOG_INTERNAL_CONDITION_FATAL'
2026-10-06T17:31:05.0042290Z    26 |   ABSL_LOG_INTERNAL_CONDITION_FATAL(STATELESS,                        \
2026-10-06T17:31:05.0043191Z       |   ^~~~~~~~~~~~~~~~~~~~~~~~~~~~~~~~~
2026-10-06T17:31:05.0044282Z external/abseil-cpp+/absl/log/internal/check_impl.h:27:37: note: in expansion of macro 'ABSL_PREDICT_FALSE'
2026-10-06T17:31:05.0045554Z    27 |                                     ABSL_PREDICT_FALSE(!(condition))) \
2026-10-06T17:31:05.0046378Z       |                                     ^~~~~~~~~~~~~~~~~~
2026-10-06T17:31:05.0047610Z external/abseil-cpp+/absl/log/internal/check_impl.h:43:3: note: in expansion of macro 'ABSL_LOG_INTERNAL_CHECK_IMPL'
2026-10-06T17:31:05.0048951Z    43 |   ABSL_LOG_INTERNAL_CHECK_IMPL(true || (condition), "true")
2026-10-06T17:31:05.0049786Z       |   ^~~~~~~~~~~~~~~~~~~~~~~~~~~~
2026-10-06T17:31:05.0051171Z external/abseil-cpp+/absl/log/absl_check.h:47:3: note: in expansion of macro 'ABSL_LOG_INTERNAL_DCHECK_IMPL'
2026-10-06T17:31:05.0052386Z    47 |   ABSL_LOG_INTERNAL_DCHECK_IMPL((condition), #condition)
2026-10-06T17:31:05.0053186Z       |   ^~~~~~~~~~~~~~~~~~~~~~~~~~~~~
2026-10-06T17:31:05.0054473Z external/protobuf+/src/google/protobuf/generated_message_reflection.cc:3332:3: note: in expansion of macro 'ABSL_DCHECK'
2026-10-06T17:31:05.0056096Z  3332 |   ABSL_DCHECK(!field->options().weak());
2026-10-06T17:31:05.0056834Z       |   ^~~~~~~~~~~
2026-10-06T17:31:05.0058162Z bazel-out/k8-opt/bin/external/protobuf+/src/google/protobuf/_virtual_includes/protobuf/google/protobuf/descriptor.pb.h:18861:13: note: declared here
2026-10-06T17:31:05.0059670Z 18861 | inline bool FieldOptions::weak() const {
2026-10-06T17:31:05.0060668Z       |             ^~~~~~~~~~~~
2026-10-06T17:31:05.0062874Z external/protobuf+/src/google/protobuf/generated_message_reflection.cc: In member function 'void google::protobuf::Reflection::NaiveSwapHasBit(google::protobuf::Message*, google::protobuf::Message*, const google::protobuf::FieldDescriptor*) const':
2026-10-06T17:31:05.0065809Z external/protobuf+/src/google/protobuf/generated_message_reflection.cc:3341:37: warning: 'bool google::protobuf::FieldOptions::weak() const' is deprecated [-Wdeprecated-declarations]
2026-10-06T17:31:05.0067477Z  3341 |   ABSL_DCHECK(!field->options().weak());
2026-10-06T17:31:05.0068223Z       |                ~~~~~~~~~~~~~~~~~~~~~^~
2026-10-06T17:31:05.0069433Z external/abseil-cpp+/absl/log/internal/conditions.h:68:7: note: in definition of macro 'ABSL_LOG_INTERNAL_STATELESS_CONDITION'
2026-10-06T17:31:05.0072664Z    68 |     !(condition) ? (void)0 : ::absl::log_internal::Voidify() &&
2026-10-06T17:31:05.0073572Z       |       ^~~~~~~~~
2026-10-06T17:31:05.0075034Z external/abseil-cpp+/absl/log/internal/check_impl.h:26:3: note: in expansion of macro 'ABSL_LOG_INTERNAL_CONDITION_FATAL'
2026-10-06T17:31:05.0076541Z    26 |   ABSL_LOG_INTERNAL_CONDITION_FATAL(STATELESS,                        \
2026-10-06T17:31:05.0077446Z       |   ^~~~~~~~~~~~~~~~~~~~~~~~~~~~~~~~~
2026-10-06T17:31:05.0078469Z external/abseil-cpp+/absl/log/internal/check_impl.h:27:37: note: in expansion of macro 'ABSL_PREDICT_FALSE'
2026-10-06T17:31:05.0079624Z    27 |                                     ABSL_PREDICT_FALSE(!(condition))) \
2026-10-06T17:31:05.0080864Z       |                                     ^~~~~~~~~~~~~~~~~~
2026-10-06T17:31:05.0082008Z external/abseil-cpp+/absl/log/internal/check_impl.h:43:3: note: in expansion of macro 'ABSL_LOG_INTERNAL_CHECK_IMPL'
2026-10-06T17:31:05.0083222Z    43 |   ABSL_LOG_INTERNAL_CHECK_IMPL(true || (condition), "true")
2026-10-06T17:31:05.0083956Z       |   ^~~~~~~~~~~~~~~~~~~~~~~~~~~~
2026-10-06T17:31:05.0084932Z external/abseil-cpp+/absl/log/absl_check.h:47:3: note: in expansion of macro 'ABSL_LOG_INTERNAL_DCHECK_IMPL'
2026-10-06T17:31:05.0086040Z    47 |   ABSL_LOG_INTERNAL_DCHECK_IMPL((condition), #condition)
2026-10-06T17:31:05.0086751Z       |   ^~~~~~~~~~~~~~~~~~~~~~~~~~~~~
2026-10-06T17:31:05.0087865Z external/protobuf+/src/google/protobuf/generated_message_reflection.cc:3341:3: note: in expansion of macro 'ABSL_DCHECK'
2026-10-06T17:31:05.0089122Z  3341 |   ABSL_DCHECK(!field->options().weak());
2026-10-06T17:31:05.0110419Z       |   ^~~~~~~~~~~
2026-10-06T17:31:05.0141164Z bazel-out/k8-opt/bin/external/protobuf+/src/google/protobuf/_virtual_includes/protobuf/google/protobuf/descriptor.pb.h:18861:13: note: declared here
2026-10-06T17:31:05.0142729Z 18861 | inline bool FieldOptions::weak() const {
2026-10-06T17:31:05.0162709Z       |             ^~~~~~~~~~~~
2026-10-06T17:31:05.0167473Z bazel-out/k8-opt/bin/external/protobuf+/src/google/protobuf/_virtual_includes/protobuf/google/protobuf/reflection_visit_fields.h: In instantiation of 'static void google::protobuf::internal::ReflectionVisit::VisitFields(MessageT&, CallbackFn&&, google::protobuf::internal::FieldMask) [with MessageT = google::protobuf::Message; CallbackFn = google::protobuf::internal::ReflectionVisit::VisitMessageFields<google::protobuf::Reflection::MaybePoisonAfterClear(google::protobuf::Message&) const::<lambda(google::protobuf::Message&)> >(google::protobuf::Message&, google::protobuf::Reflection::MaybePoisonAfterClear(google::protobuf::Message&) const::<lambda(google::protobuf::Message&)>&&)::<lambda(auto:42)>]':
2026-10-06T17:31:05.0174866Z bazel-out/k8-opt/bin/external/protobuf+/src/google/protobuf/_virtual_includes/protobuf/google/protobuf/reflection_visit_fields.h:447:31:   required from 'static void google::protobuf::internal::ReflectionVisit::VisitMessageFields(google::protobuf::Message&, CallbackFn&&) [with CallbackFn = google::protobuf::Reflection::MaybePoisonAfterClear(google::protobuf::Message&) const::<lambda(google::protobuf::Message&)>]'
2026-10-06T17:31:05.0180581Z bazel-out/k8-opt/bin/external/protobuf+/src/google/protobuf/_virtual_includes/protobuf/google/protobuf/reflection_visit_fields.h:502:38:   required from 'void google::protobuf::internal::VisitMutableMessageFields(google::protobuf::Message&, CallbackFn&&) [with CallbackFn = google::protobuf::Reflection::MaybePoisonAfterClear(google::protobuf::Message&) const::<lambda(google::protobuf::Message&)>]'
2026-10-06T17:31:05.0183807Z external/protobuf+/src/google/protobuf/generated_message_reflection.cc:1390:40:   required from here
2026-10-06T17:31:05.0186079Z bazel-out/k8-opt/bin/external/protobuf+/src/google/protobuf/_virtual_includes/protobuf/google/protobuf/reflection_visit_fields.h:109:39: warning: 'bool google::protobuf::FieldOptions::weak() const' is deprecated [-Wdeprecated-declarations]
2026-10-06T17:31:05.0188193Z   109 |     ABSL_DCHECK(!field->options().weak()) << "weak fields are not supported";
2026-10-06T17:31:05.0189032Z       |                  ~~~~~~~~~~~~~~~~~~~~~^~
2026-10-06T17:31:05.0190623Z external/abseil-cpp+/absl/log/internal/conditions.h:68:7: note: in definition of macro 'ABSL_LOG_INTERNAL_STATELESS_CONDITION'
2026-10-06T17:31:05.0192000Z    68 |     !(condition) ? (void)0 : ::absl::log_internal::Voidify() &&
2026-10-06T17:31:05.0192708Z       |       ^~~~~~~~~
2026-10-06T17:31:05.0193684Z external/abseil-cpp+/absl/log/internal/check_impl.h:26:3: note: in expansion of macro 'ABSL_LOG_INTERNAL_CONDITION_FATAL'
2026-10-06T17:31:05.0194946Z    26 |   ABSL_LOG_INTERNAL_CONDITION_FATAL(STATELESS,                        \
2026-10-06T17:31:05.0195653Z       |   ^~~~~~~~~~~~~~~~~~~~~~~~~~~~~~~~~
2026-10-06T17:31:05.0196589Z external/abseil-cpp+/absl/log/internal/check_impl.h:27:37: note: in expansion of macro 'ABSL_PREDICT_FALSE'
2026-10-06T17:31:05.0197663Z    27 |                                     ABSL_PREDICT_FALSE(!(condition))) \
2026-10-06T17:31:05.0198368Z       |                                     ^~~~~~~~~~~~~~~~~~
2026-10-06T17:31:05.0199410Z external/abseil-cpp+/absl/log/internal/check_impl.h:43:3: note: in expansion of macro 'ABSL_LOG_INTERNAL_CHECK_IMPL'
2026-10-06T17:31:05.0200883Z    43 |   ABSL_LOG_INTERNAL_CHECK_IMPL(true || (condition), "true")
2026-10-06T17:31:05.0201588Z       |   ^~~~~~~~~~~~~~~~~~~~~~~~~~~~
2026-10-06T17:31:05.0202514Z external/abseil-cpp+/absl/log/absl_check.h:47:3: note: in expansion of macro 'ABSL_LOG_INTERNAL_DCHECK_IMPL'
2026-10-06T17:31:05.0203588Z    47 |   ABSL_LOG_INTERNAL_DCHECK_IMPL((condition), #condition)
2026-10-06T17:31:05.0204265Z       |   ^~~~~~~~~~~~~~~~~~~~~~~~~~~~~
2026-10-06T17:31:05.0205703Z bazel-out/k8-opt/bin/external/protobuf+/src/google/protobuf/_virtual_includes/protobuf/google/protobuf/reflection_visit_fields.h:109:5: note: in expansion of macro 'ABSL_DCHECK'
2026-10-06T17:31:05.0207438Z   109 |     ABSL_DCHECK(!field->options().weak()) << "weak fields are not supported";
2026-10-06T17:31:05.0208203Z       |     ^~~~~~~~~~~
2026-10-06T17:31:05.0209384Z bazel-out/k8-opt/bin/external/protobuf+/src/google/protobuf/_virtual_includes/protobuf/google/protobuf/descriptor.pb.h:18861:13: note: declared here
2026-10-06T17:31:05.0210988Z 18861 | inline bool FieldOptions::weak() const {
2026-10-06T17:31:05.0211598Z       |             ^~~~~~~~~~~~
2026-10-06T17:31:05.0213399Z bazel-out/k8-opt/bin/external/protobuf+/src/google/protobuf/_virtual_includes/protobuf/google/protobuf/reflection_visit_fields.h:109:39: warning: 'bool google::protobuf::FieldOptions::weak() const' is deprecated [-Wdeprecated-declarations]
2026-10-06T17:31:05.0215497Z   109 |     ABSL_DCHECK(!field->options().weak()) << "weak fields are not supported";
2026-10-06T17:31:05.0216320Z       |                  ~~~~~~~~~~~~~~~~~~~~~^~
2026-10-06T17:31:05.0217660Z external/abseil-cpp+/absl/log/internal/conditions.h:68:7: note: in definition of macro 'ABSL_LOG_INTERNAL_STATELESS_CONDITION'
2026-10-06T17:31:05.0218912Z    68 |     !(condition) ? (void)0 : ::absl::log_internal::Voidify() &&
2026-10-06T17:31:05.0219599Z       |       ^~~~~~~~~
2026-10-06T17:31:05.0220830Z external/abseil-cpp+/absl/log/internal/check_impl.h:26:3: note: in expansion of macro 'ABSL_LOG_INTERNAL_CONDITION_FATAL'
2026-10-06T17:31:05.0222089Z    26 |   ABSL_LOG_INTERNAL_CONDITION_FATAL(STATELESS,                        \
2026-10-06T17:31:05.0222888Z       |   ^~~~~~~~~~~~~~~~~~~~~~~~~~~~~~~~~
2026-10-06T17:31:05.0223866Z external/abseil-cpp+/absl/log/internal/check_impl.h:27:37: note: in expansion of macro 'ABSL_PREDICT_FALSE'
2026-10-06T17:31:05.0224897Z    27 |                                     ABSL_PREDICT_FALSE(!(condition))) \
2026-10-06T17:31:05.0225641Z       |                                     ^~~~~~~~~~~~~~~~~~
2026-10-06T17:31:05.0226722Z external/abseil-cpp+/absl/log/internal/check_impl.h:43:3: note: in expansion of macro 'ABSL_LOG_INTERNAL_CHECK_IMPL'
2026-10-06T17:31:05.0227963Z    43 |   ABSL_LOG_INTERNAL_CHECK_IMPL(true || (condition), "true")
2026-10-06T17:31:05.0228663Z       |   ^~~~~~~~~~~~~~~~~~~~~~~~~~~~
2026-10-06T17:31:05.0229590Z external/abseil-cpp+/absl/log/absl_check.h:47:3: note: in expansion of macro 'ABSL_LOG_INTERNAL_DCHECK_IMPL'
2026-10-06T17:31:05.0231119Z    47 |   ABSL_LOG_INTERNAL_DCHECK_IMPL((condition), #condition)
2026-10-06T17:31:05.0231828Z       |   ^~~~~~~~~~~~~~~~~~~~~~~~~~~~~
2026-10-06T17:31:05.0233284Z bazel-out/k8-opt/bin/external/protobuf+/src/google/protobuf/_virtual_includes/protobuf/google/protobuf/reflection_visit_fields.h:109:5: note: in expansion of macro 'ABSL_DCHECK'
2026-10-06T17:31:05.0234977Z   109 |     ABSL_DCHECK(!field->options().weak()) << "weak fields are not supported";
2026-10-06T17:31:05.0235770Z       |     ^~~~~~~~~~~
2026-10-06T17:31:05.0236953Z bazel-out/k8-opt/bin/external/protobuf+/src/google/protobuf/_virtual_includes/protobuf/google/protobuf/descriptor.pb.h:18861:13: note: declared here
2026-10-06T17:31:05.0238291Z 18861 | inline bool FieldOptions::weak() const {
2026-10-06T17:31:05.0238898Z       |             ^~~~~~~~~~~~
2026-10-06T17:31:06.2597560Z [925 / 944] Compiling pkg/sentry/seccheck/points/syscall.pb.cc; 2s processwrapper-sandbox ... (4 actions, 3 running)
2026-10-06T17:31:07.7041374Z [926 / 944] Compiling pkg/sentry/seccheck/points/syscall.pb.cc; 3s processwrapper-sandbox ... (4 actions running)
2026-10-06T17:31:09.0704660Z [927 / 944] Compiling pkg/sentry/seccheck/points/syscall.pb.cc; 4s processwrapper-sandbox ... (4 actions, 3 running)
2026-10-06T17:31:10.7051384Z [930 / 944] Compiling pkg/sentry/seccheck/points/syscall.pb.cc; 6s processwrapper-sandbox ... (4 actions running)
2026-10-06T17:31:12.2638615Z [931 / 944] Compiling pkg/sentry/seccheck/points/syscall.pb.cc; 8s processwrapper-sandbox ... (4 actions, 3 running)
2026-10-06T17:31:13.7082660Z [934 / 944] Compiling src/google/protobuf/json/internal/parser.cc; 4s processwrapper-sandbox ... (4 actions running)
2026-10-06T17:31:15.0168624Z [935 / 944] Compiling src/google/protobuf/json/internal/parser.cc; 5s processwrapper-sandbox ... (4 actions, 3 running)
2026-10-06T17:31:16.7058037Z [936 / 944] Compiling src/google/protobuf/json/internal/parser.cc; 7s processwrapper-sandbox ... (4 actions running)
2026-10-06T17:31:17.7067609Z [937 / 944] Compiling src/google/protobuf/json/internal/parser.cc; 8s processwrapper-sandbox ... (4 actions running)
2026-10-06T17:31:18.7071016Z [940 / 944] Compiling tools/haa_gvisor_observer/observer.cc; 6s processwrapper-sandbox ... (2 actions running)
2026-10-06T17:31:23.3914095Z INFO: From Compiling tools/haa_gvisor_observer/observer.cc:
2026-10-06T17:31:23.3916334Z tools/haa_gvisor_observer/observer.cc:4614:6: warning: 'bool {anonymous}::Handle(const Header&, const char*, size_t, int, std::string*, const char*, ProcessState*, NormalizedCounts*, TopologyState*, const char**, FaultSite*)' defined but not used [-Wunused-function]
2026-10-06T17:31:23.3919243Z  4614 | bool Handle(const Header& header, const char* payload, size_t payload_size, int output, std::string* container_id,
2026-10-06T17:31:23.3920640Z       |      ^~~~~~
2026-10-06T17:31:23.3922170Z tools/haa_gvisor_observer/observer.cc:3868:6: warning: 'bool {anonymous}::ParseSentryProcessAndClassify(const char*, size_t, int, std::string*, const char*, ProcessState*, const char**)' defined but not used [-Wunused-function]
2026-10-06T17:31:23.3924370Z  3868 | bool ParseSentryProcessAndClassify(const char* payload, size_t payload_size, int output, std::string* container_id,
2026-10-06T17:31:23.3925439Z       |      ^~~~~~~~~~~~~~~~~~~~~~~~~~~~~
2026-10-06T17:31:23.3926634Z tools/haa_gvisor_observer/observer.cc:262:13: warning: 'const char* {anonymous}::CommandPhaseName(CommandPhase)' defined but not used [-Wunused-function]
2026-10-06T17:31:23.3927991Z   262 | const char* CommandPhaseName(CommandPhase phase) {
2026-10-06T17:31:23.3928753Z       |             ^~~~~~~~~~~~~~~~
2026-10-06T17:31:23.3935043Z [941 / 944] Compiling tools/haa_gvisor_observer/observer_latch_test.cc; 8s processwrapper-sandbox ... (2 actions, 1 running)
2026-10-06T17:31:24.7080400Z [942 / 944] Compiling tools/haa_gvisor_observer/observer_latch_test.cc; 9s processwrapper-sandbox
2026-10-06T17:31:35.1964309Z [943 / 944] [Prepa] Linking tools/haa_gvisor_observer/haa_gvisor_observer_latch_test
2026-10-06T17:31:35.3123127Z INFO: Found 2 targets...
2026-10-06T17:31:35.4109579Z INFO: Elapsed time: 282.256s, Critical Path: 49.32s
2026-10-06T17:31:35.4110744Z INFO: 944 processes: 294 internal, 650 processwrapper-sandbox.
2026-10-06T17:31:35.4112862Z INFO: Build completed successfully, 944 total actions
2026-10-06T17:31:35.4911677Z STARTING record_boundaries
2026-10-06T17:31:36.6473143Z profile=go-module-resolver bounded terminal={"container_id":"0202020202020202","kind":"stream-fault","reason":"EVENT_LIMIT","fault_site":"EVENT_LIMIT","fault_budget":{"charged":200000,"limit":200000,"close":199998,"fcntl":0,"raw":0,"other":2,"workspace":0}}
2026-10-06T17:31:38.2394926Z profile=go-module-build bounded terminal={"container_id":"0606060606060606","kind":"stream-fault","reason":"EVENT_LIMIT","fault_site":"EVENT_LIMIT","fault_budget":{"charged":250000,"limit":250000,"close":249998,"fcntl":0,"raw":0,"other":2,"workspace":0}}
2026-10-06T17:31:38.3151789Z profile=cargo-resolver bounded terminal={"container_id":"0808080808080808","kind":"stream-fault","reason":"EVENT_LIMIT","fault_site":"EVENT_LIMIT","fault_budget":{"charged":10000,"limit":10000,"close":9998,"fcntl":0,"raw":0,"other":2,"workspace":0}}
2026-10-06T17:31:38.4073696Z profile=npm-lifecycle bounded terminal={"container_id":"0404040404040404","kind":"stream-fault","reason":"EVENT_LIMIT","fault_site":"EVENT_LIMIT","fault_budget":{"charged":10000,"limit":10000,"close":9998,"fcntl":0,"raw":0,"other":2,"workspace":0}}
2026-10-06T17:31:38.4075735Z STARTING accessors
2026-10-06T17:31:38.4682611Z STARTING network
2026-10-06T17:31:39.3717395Z STARTING malformed_socket
2026-10-06T17:31:39.3722605Z STARTING malformed_connect
2026-10-06T17:31:39.3737686Z STARTING unknown_fd
2026-10-06T17:31:39.3740088Z STARTING process
2026-10-06T17:31:39.5757878Z STARTING correlation
2026-10-06T17:31:39.7273787Z STARTING cloexec
2026-10-06T17:31:39.8284067Z STARTING delayed
2026-10-06T17:31:39.9791524Z STARTING concurrent_python_streams
2026-10-06T17:31:39.9796089Z STARTING roles
2026-10-06T17:31:40.0810561Z STARTING oci_bootstrap
2026-10-06T17:31:40.0857497Z STARTING demotion
2026-10-06T17:31:40.0870717Z STARTING mismatch
2026-10-06T17:31:40.0872852Z STARTING dropped
2026-10-06T17:31:40.0874974Z STARTING topology_fail_closed
2026-10-06T17:31:40.0898653Z STARTING filesystem
2026-10-06T17:31:40.7134899Z STARTING npm_node
2026-10-06T17:31:40.7135353Z STARTING open_result_negative
2026-10-06T17:31:40.7189415Z STARTING open_result_positive
2026-10-06T17:31:41.1207570Z STARTING no_basename_trust
2026-10-06T17:31:41.1716361Z STARTING unexpected_exec_diagnostic
2026-10-06T17:31:41.1729802Z STARTING resolver_npm_version_node
2026-10-06T17:31:41.1730548Z STARTING resolver_npm_version_production_path
2026-10-06T17:31:41.1735196Z STARTING resolver_lock_generation_production_path
2026-10-06T17:31:41.1741397Z STARTING process_group_lifecycle
2026-10-06T17:31:41.1743902Z STARTING direct_exec_admission
2026-10-06T17:31:41.1756220Z STARTING direct_exec_admission_bound
2026-10-06T17:31:41.1824310Z STARTING session_aware_control
2026-10-06T17:31:41.1839425Z STARTING control_peer_hup_live_admission
2026-10-06T17:31:41.1843426Z STARTING pre_attribution_disconnect
2026-10-06T17:31:41.1844090Z haa_gvisor_observer_latch_test: accepted remote stream ended before attribution
2026-10-06T17:31:41.1851001Z observer latch PASS: readiness
2026-10-06T17:31:41.1851474Z observer latch PASS: pod-init profile
2026-10-06T17:31:41.1851792Z observer latch PASS: profile record limits
2026-10-06T17:31:41.1852282Z observer latch PASS: finite profile record boundary
2026-10-06T17:31:41.1852841Z observer latch PASS: normalized accessors
2026-10-06T17:31:41.1853472Z observer latch PASS: socket family classification
2026-10-06T17:31:41.1854052Z observer latch PASS: unknown socket family
2026-10-06T17:31:41.1854587Z observer latch PASS: malformed socket address
2026-10-06T17:31:41.1855100Z observer latch PASS: unknown FD state
2026-10-06T17:31:41.1855630Z observer latch PASS: process trust boundary
2026-10-06T17:31:41.1856442Z observer latch PASS: exec correlation boundary
2026-10-06T17:31:41.1856990Z observer latch PASS: CLOEXEC/re-exec boundary
2026-10-06T17:31:41.1857538Z observer latch PASS: delayed profile registration
2026-10-06T17:31:41.1858101Z observer latch PASS: concurrent Python streams
2026-10-06T17:31:41.1858553Z observer latch PASS: role handoff/provenance
2026-10-06T17:31:41.1858855Z observer latch PASS: OCI bootstrap demotion
2026-10-06T17:31:41.1859398Z observer latch PASS: setpriv demotion boundary
2026-10-06T17:31:41.1860120Z observer latch PASS: container mismatch
2026-10-06T17:31:41.1860612Z observer latch PASS: dropped events
2026-10-06T17:31:41.1861087Z observer latch PASS: topology fail-closed
2026-10-06T17:31:41.1861635Z observer latch PASS: registered nested mount boundary
2026-10-06T17:31:41.1862225Z observer latch PASS: filesystem normalization
2026-10-06T17:31:41.1862823Z observer latch PASS: Cargo resolver runtime read boundary
2026-10-06T17:31:41.1863452Z observer latch PASS: Cargo resolver self maps boundary
2026-10-06T17:31:41.1863960Z observer latch PASS: Cargo configuration read boundary
2026-10-06T17:31:41.1864435Z observer latch PASS: Cargo TAR configuration read boundary
2026-10-06T17:31:41.1865020Z observer latch PASS: Cargo entropy read boundary
2026-10-06T17:31:41.1865636Z observer latch PASS: Cargo certificate bundle read boundary
2026-10-06T17:31:41.1866039Z observer latch PASS: Cargo null input read boundary
2026-10-06T17:31:41.1866373Z observer latch PASS: Cargo Rustc query boundary
2026-10-06T17:31:41.1866719Z observer latch PASS: Cargo Rustc metadata query boundary
2026-10-06T17:31:41.1867086Z observer latch PASS: Cargo Rustc VM metadata boundary
2026-10-06T17:31:41.1867431Z observer latch PASS: Cargo Rustc self maps boundary
2026-10-06T17:31:41.1867794Z observer latch PASS: Cargo Rustc self memory stats boundary
2026-10-06T17:31:41.1868162Z observer latch PASS: Cargo Rustc self cgroup boundary
2026-10-06T17:31:41.1868515Z observer latch PASS: Cargo Rustc self mountinfo boundary
2026-10-06T17:31:41.1868871Z observer latch PASS: Cargo Rustc CPU quota boundary
2026-10-06T17:31:41.1869252Z observer latch PASS: Cargo Rustc fixed sysroot directory boundary
2026-10-06T17:31:41.1869638Z observer latch PASS: Cargo DNS configuration boundary
2026-10-06T17:31:41.1870324Z observer latch PASS: Cargo resolver configuration file boundary
2026-10-06T17:31:41.1870707Z observer latch PASS: Cargo fixed UTC boundary
2026-10-06T17:31:41.1871053Z observer latch PASS: Cargo close-on-exec entropy boundary
2026-10-06T17:31:41.1871467Z observer latch PASS: SocketPair diagnostic preserves FD authority
2026-10-06T17:31:41.1872061Z observer latch PASS: Kernel SocketPair descriptor authority
2026-10-06T17:31:41.1872423Z observer latch PASS: Cargo Rustc Zlib ABI boundary
2026-10-06T17:31:41.1872749Z observer latch PASS: Cargo Rustc ABI boundary
2026-10-06T17:31:41.1873084Z observer latch PASS: Go resolver runtime read boundary
2026-10-06T17:31:41.1873451Z observer latch PASS: Go build configuration read boundary
2026-10-06T17:31:41.1873816Z observer latch PASS: Go build handoff read boundary
2026-10-06T17:31:41.1874162Z observer latch PASS: Cargo build handoff read boundary
2026-10-06T17:31:41.1874528Z observer latch PASS: Cargo build pinned target
2026-10-06T17:31:41.1874837Z observer latch PASS: Cargo build driver read
2026-10-06T17:31:41.1875138Z observer latch PASS: Cargo build rustc child
2026-10-06T17:31:41.1875444Z observer latch PASS: Cargo build native cc child
2026-10-06T17:31:41.1875767Z observer latch PASS: Cargo build collect2 child
2026-10-06T17:31:41.1876079Z observer latch PASS: Cargo build lld launcher
2026-10-06T17:31:41.1876384Z observer latch PASS: Cargo build rust lld
2026-10-06T17:31:41.1876676Z observer latch PASS: Cargo build link inputs
2026-10-06T17:31:41.1876964Z observer latch PASS: Cargo build link sdk
2026-10-06T17:31:41.1877247Z observer latch PASS: Cargo build Rust C ABI
2026-10-06T17:31:41.1877538Z observer latch PASS: Cargo build lld entropy
2026-10-06T17:31:41.1877952Z observer latch PASS: Cargo build program
2026-10-06T17:31:41.1878250Z observer latch PASS: Cargo build program ABI
2026-10-06T17:31:41.1878561Z observer latch PASS: Cargo build program maps
2026-10-06T17:31:41.1878895Z observer latch PASS: Cargo build program rustc query
2026-10-06T17:31:41.1879231Z observer latch PASS: Cargo build program null
2026-10-06T17:31:41.1879540Z observer latch PASS: Cargo build configuration
2026-10-06T17:31:41.1880139Z observer latch PASS: Terraform provider profile isolation
2026-10-06T17:31:41.1880559Z observer latch PASS: Go build runtime metadata boundary
2026-10-06T17:31:41.1880957Z observer latch PASS: Go build exact creator diagnostic boundary
2026-10-06T17:31:41.1881347Z observer latch PASS: Go build SDK tool child boundary
2026-10-06T17:31:41.1881699Z observer latch PASS: Go build cgo GCC creator boundary
2026-10-06T17:31:41.1882072Z observer latch PASS: Go build SDK linker GCC creator boundary
2026-10-06T17:31:41.1882485Z observer latch PASS: Go build SDK linker native ancestry boundary
2026-10-06T17:31:41.1882909Z observer latch PASS: Go build native linker resolver ABI boundary
2026-10-06T17:31:41.1883317Z observer latch PASS: Go build CC1 creator and loader boundary
2026-10-06T17:31:41.1883706Z observer latch PASS: Go build CC1 readonly header boundary
2026-10-06T17:31:41.1884117Z observer latch PASS: Go build assembler creator and loader boundary
2026-10-06T17:31:41.1884546Z observer latch PASS: Go build collect2 creator and loader boundary
2026-10-06T17:31:41.1884995Z observer latch PASS: Go build native linker creator and loader boundary
2026-10-06T17:31:41.1885470Z observer latch PASS: Go build native linker fixed plugin boundary
2026-10-06T17:31:41.1885901Z observer latch PASS: Go build native linker null device boundary
2026-10-06T17:31:41.1886334Z observer latch PASS: Go build native linker C runtime input boundary
2026-10-06T17:31:41.1886758Z observer latch PASS: Go build assembler null device boundary
2026-10-06T17:31:41.1887168Z observer latch PASS: Go build CC1 readonly SDK Cgo input boundary
2026-10-06T17:31:41.1887565Z observer latch PASS: exact npm CLI-to-Node
2026-10-06T17:31:41.1887876Z observer latch PASS: OPEN_RESULT negative matrix
2026-10-06T17:31:41.1888205Z observer latch PASS: OPEN_RESULT positive matrix
2026-10-06T17:31:41.1888510Z observer latch PASS: no-basename-trust
2026-10-06T17:31:41.1888839Z observer latch PASS: unexpected exec diagnostic retention
2026-10-06T17:31:41.1889219Z observer latch PASS: exact resolver npm-version-to-Node
2026-10-06T17:31:41.1889598Z observer latch PASS: resolver npm-version production path
2026-10-06T17:31:41.1890287Z observer latch PASS: resolver lock-generation production path
2026-10-06T17:31:41.1890842Z observer latch PASS: authoritative process-group lifecycle
2026-10-06T17:31:41.1891212Z observer latch PASS: direct-exec one-shot admission
2026-10-06T17:31:41.1891587Z observer latch PASS: direct-exec terminal admission protocol
2026-10-06T17:31:41.1891950Z observer latch PASS: direct-exec admission bound
2026-10-06T17:31:41.1892269Z observer latch PASS: session-aware control
2026-10-06T17:31:41.1892578Z observer latch PASS: exact control peer binding
2026-10-06T17:31:41.1892939Z observer latch PASS: control peer HUP clears live admission
2026-10-06T17:31:41.1893311Z observer latch PASS: unaccepted remote disconnect
2026-10-06T17:31:41.1893697Z observer latch PASS: accepted pre-attribution disconnect fail-stop
2026-10-06T17:31:41.2033611Z Post job cleanup.
2026-10-06T17:31:41.2888792Z [command]/usr/bin/git version
2026-10-06T17:31:41.2932563Z git version 2.55.0
2026-10-06T17:31:41.2972329Z Temporarily overriding HOME='/home/runner/work/_temp/014fc58c-1743-4477-ac9f-d3e0060672a7' before making global git config changes
2026-10-06T17:31:41.2973935Z Adding repository directory to the temporary git global config as a safe directory
2026-10-06T17:31:41.2977685Z [command]/usr/bin/git config --global --add safe.directory /home/runner/work/heliopause/heliopause
2026-10-06T17:31:41.3011598Z Removing SSH command configuration
2026-10-06T17:31:41.3018121Z [command]/usr/bin/git config --local --name-only --get-regexp core\.sshCommand
2026-10-06T17:31:41.3054212Z [command]/usr/bin/git submodule foreach --recursive sh -c "git config --local --name-only --get-regexp 'core\.sshCommand' && git config --local --unset-all 'core.sshCommand' || :"
2026-10-06T17:31:41.3295287Z Removing HTTP extra header
2026-10-06T17:31:41.3301452Z [command]/usr/bin/git config --local --name-only --get-regexp http\.https\:\/\/github\.com\/\.extraheader
2026-10-06T17:31:41.3337312Z [command]/usr/bin/git submodule foreach --recursive sh -c "git config --local --name-only --get-regexp 'http\.https\:\/\/github\.com\/\.extraheader' && git config --local --unset-all 'http.https://github.com/.extraheader' || :"
2026-10-06T17:31:41.3588031Z Removing includeIf entries pointing to credentials config files
2026-10-06T17:31:41.3596006Z [command]/usr/bin/git config --local --name-only --get-regexp ^includeIf\.gitdir:
2026-10-06T17:31:41.3633348Z [command]/usr/bin/git submodule foreach --recursive git config --local --show-origin --name-only --get-regexp remote.origin.url
2026-10-06T17:31:41.4053007Z Cleaning up orphan processes
2026-10-06T17:31:41.4301296Z Terminate orphan process: pid (2480) (java.lang=ALL-UNNAMED)
