2026-10-06T16:41:16.1297097Z Current runner version: '2.337.0'
2026-10-06T16:41:16.1324549Z ##[group]Runner Image Provisioner
2026-10-06T16:41:16.1325616Z Hosted Compute Agent
2026-10-06T16:41:16.1326228Z Version: 20260901.588
2026-10-06T16:41:16.1326913Z Commit: f88ec8081b781fac6c440065ac7ff9e710ce3d0b
2026-10-06T16:41:16.1327706Z Build Date: 2026-09-01T19:56:44Z
2026-10-06T16:41:16.1328389Z Worker ID: {667d242f-b172-4751-ad58-09ea4794e4b4}
2026-10-06T16:41:16.1329238Z Azure Region: westus2
2026-10-06T16:41:16.1329828Z ##[endgroup]
2026-10-06T16:41:16.1331550Z ##[group]Operating System
2026-10-06T16:41:16.1332708Z Ubuntu
2026-10-06T16:41:16.1333312Z 24.04.5
2026-10-06T16:41:16.1333936Z LTS
2026-10-06T16:41:16.1334472Z ##[endgroup]
2026-10-06T16:41:16.1335029Z ##[group]Runner Image
2026-10-06T16:41:16.1335701Z Image: ubuntu-24.04
2026-10-06T16:41:16.1336271Z Version: 20260927.320.1
2026-10-06T16:41:16.1337648Z Included Software: https://github.com/actions/runner-images/blob/ubuntu24/20260927.320/images/ubuntu/Ubuntu2404-Readme.md
2026-10-06T16:41:16.1339225Z Image Release: https://github.com/actions/runner-images/releases/tag/ubuntu24%2F20260927.320
2026-10-06T16:41:16.1340277Z ##[endgroup]
2026-10-06T16:41:16.1341448Z ##[group]GITHUB_TOKEN Permissions
2026-10-06T16:41:16.1343937Z Contents: read
2026-10-06T16:41:16.1344569Z Metadata: read
2026-10-06T16:41:16.1345215Z ##[endgroup]
2026-10-06T16:41:16.1347510Z Secret source: Actions
2026-10-06T16:41:16.1348916Z Cache mode: write
2026-10-06T16:41:16.1349722Z Prepare workflow directory
2026-10-06T16:41:16.1781229Z Prepare all required actions
2026-10-06T16:41:16.1833553Z Getting action download info
2026-10-06T16:41:16.5400118Z Download action repository 'actions/checkout@3d3c42e5aac5ba805825da76410c181273ba90b1' (SHA:3d3c42e5aac5ba805825da76410c181273ba90b1)
2026-10-06T16:41:16.7539766Z Complete job name: gVisor Observer Helper
2026-10-06T16:41:16.8484984Z ##[group]Run actions/checkout@3d3c42e5aac5ba805825da76410c181273ba90b1
2026-10-06T16:41:16.8486080Z with:
2026-10-06T16:41:16.8486564Z   persist-credentials: false
2026-10-06T16:41:16.8487142Z   repository: rahoney/heliopause
2026-10-06T16:41:16.8490874Z   token: ***
2026-10-06T16:41:16.8491335Z   ssh-strict: true
2026-10-06T16:41:16.8491786Z   ssh-user: git
2026-10-06T16:41:16.8492534Z   clean: true
2026-10-06T16:41:16.8493011Z   sparse-checkout-cone-mode: true
2026-10-06T16:41:16.8493543Z   fetch-depth: 1
2026-10-06T16:41:16.8493982Z   fetch-tags: false
2026-10-06T16:41:16.8494437Z   show-progress: true
2026-10-06T16:41:16.8494896Z   lfs: false
2026-10-06T16:41:16.8495373Z   submodules: false
2026-10-06T16:41:16.8495826Z   set-safe-directory: true
2026-10-06T16:41:16.8496340Z   allow-unsafe-pr-checkout: false
2026-10-06T16:41:16.8497267Z ##[endgroup]
2026-10-06T16:41:16.9568808Z Syncing repository: rahoney/heliopause
2026-10-06T16:41:16.9571813Z ##[group]Getting Git version info
2026-10-06T16:41:16.9573383Z Working directory is '/home/runner/work/heliopause/heliopause'
2026-10-06T16:41:16.9575057Z [command]/usr/bin/git version
2026-10-06T16:41:16.9661679Z git version 2.55.0
2026-10-06T16:41:16.9685597Z ##[endgroup]
2026-10-06T16:41:16.9697408Z Temporarily overriding HOME='/home/runner/work/_temp/fb9bcaa2-bd9b-4455-b9a2-df023cb6845b' before making global git config changes
2026-10-06T16:41:16.9699845Z Adding repository directory to the temporary git global config as a safe directory
2026-10-06T16:41:16.9704884Z [command]/usr/bin/git config --global --add safe.directory /home/runner/work/heliopause/heliopause
2026-10-06T16:41:16.9760966Z Deleting the contents of '/home/runner/work/heliopause/heliopause'
2026-10-06T16:41:16.9765082Z ##[group]Determining repository object format
2026-10-06T16:41:16.9766795Z ##[endgroup]
2026-10-06T16:41:16.9768079Z ##[group]Initializing the repository
2026-10-06T16:41:16.9771452Z [command]/usr/bin/git init /home/runner/work/heliopause/heliopause
2026-10-06T16:41:16.9906812Z hint: Using 'master' as the name for the initial branch. This default branch name
2026-10-06T16:41:16.9908584Z hint: will change to "main" in Git 3.0. To configure the initial branch name
2026-10-06T16:41:16.9910570Z hint: to use in all of your new repositories, which will suppress this warning,
2026-10-06T16:41:16.9911878Z hint: call:
2026-10-06T16:41:16.9912836Z hint:
2026-10-06T16:41:16.9913816Z hint: 	git config --global init.defaultBranch <name>
2026-10-06T16:41:16.9914967Z hint:
2026-10-06T16:41:16.9916269Z hint: Names commonly chosen instead of 'master' are 'main', 'trunk' and
2026-10-06T16:41:16.9917984Z hint: 'development'. The just-created branch can be renamed via this command:
2026-10-06T16:41:16.9919318Z hint:
2026-10-06T16:41:16.9920070Z hint: 	git branch -m <name>
2026-10-06T16:41:16.9920905Z hint:
2026-10-06T16:41:16.9921997Z hint: Disable this message with "git config set advice.defaultBranchName false"
2026-10-06T16:41:16.9924044Z Initialized empty Git repository in /home/runner/work/heliopause/heliopause/.git/
2026-10-06T16:41:16.9930656Z [command]/usr/bin/git remote add origin https://github.com/rahoney/heliopause
2026-10-06T16:41:17.0005086Z ##[endgroup]
2026-10-06T16:41:17.0006407Z ##[group]Disabling automatic garbage collection
2026-10-06T16:41:17.0009806Z [command]/usr/bin/git config --local gc.auto 0
2026-10-06T16:41:17.0051477Z ##[endgroup]
2026-10-06T16:41:17.0053219Z ##[group]Setting up auth
2026-10-06T16:41:17.0054212Z Removing SSH command configuration
2026-10-06T16:41:17.0058483Z [command]/usr/bin/git config --local --name-only --get-regexp core\.sshCommand
2026-10-06T16:41:17.0099514Z [command]/usr/bin/git submodule foreach --recursive sh -c "git config --local --name-only --get-regexp 'core\.sshCommand' && git config --local --unset-all 'core.sshCommand' || :"
2026-10-06T16:41:17.0511292Z Removing HTTP extra header
2026-10-06T16:41:17.0516888Z [command]/usr/bin/git config --local --name-only --get-regexp http\.https\:\/\/github\.com\/\.extraheader
2026-10-06T16:41:17.0555807Z [command]/usr/bin/git submodule foreach --recursive sh -c "git config --local --name-only --get-regexp 'http\.https\:\/\/github\.com\/\.extraheader' && git config --local --unset-all 'http.https://github.com/.extraheader' || :"
2026-10-06T16:41:17.0794291Z Removing includeIf entries pointing to credentials config files
2026-10-06T16:41:17.0797900Z [command]/usr/bin/git config --local --name-only --get-regexp ^includeIf\.gitdir:
2026-10-06T16:41:17.0837262Z [command]/usr/bin/git submodule foreach --recursive git config --local --show-origin --name-only --get-regexp remote.origin.url
2026-10-06T16:41:17.1111224Z [command]/usr/bin/git config --file /home/runner/work/_temp/git-credentials-40a88445-2b82-465b-b75b-79f63a84ed79.config http.https://github.com/.extraheader AUTHORIZATION: basic ***
2026-10-06T16:41:17.1167455Z [command]/usr/bin/git config --local includeIf.gitdir:/home/runner/work/heliopause/heliopause/.git.path /home/runner/work/_temp/git-credentials-40a88445-2b82-465b-b75b-79f63a84ed79.config
2026-10-06T16:41:17.1209372Z [command]/usr/bin/git config --local includeIf.gitdir:/home/runner/work/heliopause/heliopause/.git/worktrees/*.path /home/runner/work/_temp/git-credentials-40a88445-2b82-465b-b75b-79f63a84ed79.config
2026-10-06T16:41:17.1253360Z [command]/usr/bin/git config --local includeIf.gitdir:/github/workspace/.git.path /github/runner_temp/git-credentials-40a88445-2b82-465b-b75b-79f63a84ed79.config
2026-10-06T16:41:17.1293099Z [command]/usr/bin/git config --local includeIf.gitdir:/github/workspace/.git/worktrees/*.path /github/runner_temp/git-credentials-40a88445-2b82-465b-b75b-79f63a84ed79.config
2026-10-06T16:41:17.1328591Z ##[endgroup]
2026-10-06T16:41:17.1329362Z ##[group]Fetching the repository
2026-10-06T16:41:17.1336193Z [command]/usr/bin/git -c protocol.version=2 fetch --no-tags --prune --no-recurse-submodules --depth=1 origin +0ec1e77a22b97ceb108bd3484c6a04cea10f3455:refs/remotes/pull/29/merge
2026-10-06T16:41:17.6624117Z From https://github.com/rahoney/heliopause
2026-10-06T16:41:17.6625745Z  * [new ref]         0ec1e77a22b97ceb108bd3484c6a04cea10f3455 -> pull/29/merge
2026-10-06T16:41:17.6630294Z ##[endgroup]
2026-10-06T16:41:17.6632367Z ##[group]Determining the checkout info
2026-10-06T16:41:17.6633823Z ##[endgroup]
2026-10-06T16:41:17.6638624Z [command]/usr/bin/git sparse-checkout disable
2026-10-06T16:41:17.6700451Z [command]/usr/bin/git config --local --unset-all extensions.worktreeConfig
2026-10-06T16:41:17.6737016Z ##[group]Checking out the ref
2026-10-06T16:41:17.6742538Z [command]/usr/bin/git checkout --progress --force refs/remotes/pull/29/merge
2026-10-06T16:41:17.7814872Z Note: switching to 'refs/remotes/pull/29/merge'.
2026-10-06T16:41:17.7815704Z 
2026-10-06T16:41:17.7816202Z You are in 'detached HEAD' state. You can look around, make experimental
2026-10-06T16:41:17.7817251Z changes and commit them, and you can discard any commits you make in this
2026-10-06T16:41:17.7818279Z state without impacting any branches by switching back to a branch.
2026-10-06T16:41:17.7818946Z 
2026-10-06T16:41:17.7819396Z If you want to create a new branch to retain commits you create, you may
2026-10-06T16:41:17.7820359Z do so (now or later) by using -c with the switch command. Example:
2026-10-06T16:41:17.7820912Z 
2026-10-06T16:41:17.7821139Z   git switch -c <new-branch-name>
2026-10-06T16:41:17.7821497Z 
2026-10-06T16:41:17.7821744Z Or undo this operation with:
2026-10-06T16:41:17.7822071Z 
2026-10-06T16:41:17.7822664Z   git switch -
2026-10-06T16:41:17.7823185Z 
2026-10-06T16:41:17.7823989Z Turn off this advice by setting config variable advice.detachedHead to false
2026-10-06T16:41:17.7825087Z 
2026-10-06T16:41:17.7826227Z HEAD is now at 0ec1e77 Merge 1170ce2ddee6b0a9133238972624f5315fd355f6 into 62c3b595e8e27a4a1d836849643c372692a39b8b
2026-10-06T16:41:17.7841118Z ##[endgroup]
2026-10-06T16:41:17.7905123Z [command]/usr/bin/git log -1 --format=%H
2026-10-06T16:41:17.7942032Z 0ec1e77a22b97ceb108bd3484c6a04cea10f3455
2026-10-06T16:41:17.7975773Z ##[group]Removing auth
2026-10-06T16:41:17.7977277Z Removing SSH command configuration
2026-10-06T16:41:17.7978864Z [command]/usr/bin/git config --local --name-only --get-regexp core\.sshCommand
2026-10-06T16:41:17.8008692Z [command]/usr/bin/git submodule foreach --recursive sh -c "git config --local --name-only --get-regexp 'core\.sshCommand' && git config --local --unset-all 'core.sshCommand' || :"
2026-10-06T16:41:17.8300414Z Removing HTTP extra header
2026-10-06T16:41:17.8303590Z [command]/usr/bin/git config --local --name-only --get-regexp http\.https\:\/\/github\.com\/\.extraheader
2026-10-06T16:41:17.8353583Z [command]/usr/bin/git submodule foreach --recursive sh -c "git config --local --name-only --get-regexp 'http\.https\:\/\/github\.com\/\.extraheader' && git config --local --unset-all 'http.https://github.com/.extraheader' || :"
2026-10-06T16:41:17.8602266Z Removing includeIf entries pointing to credentials config files
2026-10-06T16:41:17.8604194Z [command]/usr/bin/git config --local --name-only --get-regexp ^includeIf\.gitdir:
2026-10-06T16:41:17.8645359Z includeif.gitdir:/home/runner/work/heliopause/heliopause/.git.path
2026-10-06T16:41:17.8648938Z includeif.gitdir:/home/runner/work/heliopause/heliopause/.git/worktrees/*.path
2026-10-06T16:41:17.8651699Z includeif.gitdir:/github/workspace/.git.path
2026-10-06T16:41:17.8656730Z includeif.gitdir:/github/workspace/.git/worktrees/*.path
2026-10-06T16:41:17.8663095Z [command]/usr/bin/git config --local --get-all includeif.gitdir:/home/runner/work/heliopause/heliopause/.git.path
2026-10-06T16:41:17.8704351Z /home/runner/work/_temp/git-credentials-40a88445-2b82-465b-b75b-79f63a84ed79.config
2026-10-06T16:41:17.8719201Z [command]/usr/bin/git config --local --unset includeif.gitdir:/home/runner/work/heliopause/heliopause/.git.path \/home\/runner\/work\/_temp\/git\-credentials\-40a88445\-2b82\-465b\-b75b\-79f63a84ed79\.config
2026-10-06T16:41:17.8763780Z [command]/usr/bin/git config --local --get-all includeif.gitdir:/home/runner/work/heliopause/heliopause/.git/worktrees/*.path
2026-10-06T16:41:17.8820686Z /home/runner/work/_temp/git-credentials-40a88445-2b82-465b-b75b-79f63a84ed79.config
2026-10-06T16:41:17.8831119Z [command]/usr/bin/git config --local --unset includeif.gitdir:/home/runner/work/heliopause/heliopause/.git/worktrees/*.path \/home\/runner\/work\/_temp\/git\-credentials\-40a88445\-2b82\-465b\-b75b\-79f63a84ed79\.config
2026-10-06T16:41:17.8871705Z [command]/usr/bin/git config --local --get-all includeif.gitdir:/github/workspace/.git.path
2026-10-06T16:41:17.8901829Z /github/runner_temp/git-credentials-40a88445-2b82-465b-b75b-79f63a84ed79.config
2026-10-06T16:41:17.8915144Z [command]/usr/bin/git config --local --unset includeif.gitdir:/github/workspace/.git.path \/github\/runner_temp\/git\-credentials\-40a88445\-2b82\-465b\-b75b\-79f63a84ed79\.config
2026-10-06T16:41:17.8960661Z [command]/usr/bin/git config --local --get-all includeif.gitdir:/github/workspace/.git/worktrees/*.path
2026-10-06T16:41:17.8990249Z /github/runner_temp/git-credentials-40a88445-2b82-465b-b75b-79f63a84ed79.config
2026-10-06T16:41:17.9045329Z [command]/usr/bin/git config --local --unset includeif.gitdir:/github/workspace/.git/worktrees/*.path \/github\/runner_temp\/git\-credentials\-40a88445\-2b82\-465b\-b75b\-79f63a84ed79\.config
2026-10-06T16:41:17.9102495Z [command]/usr/bin/git submodule foreach --recursive git config --local --show-origin --name-only --get-regexp remote.origin.url
2026-10-06T16:41:17.9344071Z Removing credentials config '/home/runner/work/_temp/git-credentials-40a88445-2b82-465b-b75b-79f63a84ed79.config'
2026-10-06T16:41:17.9351767Z ##[endgroup]
2026-10-06T16:41:17.9598121Z ##[group]Run set -eu
2026-10-06T16:41:17.9599257Z [36;1mset -eu[0m
2026-10-06T16:41:17.9600334Z [36;1mruntime_lock=scripts/runtimes.lock.json[0m
2026-10-06T16:41:17.9602488Z [36;1mtest -f "$runtime_lock"[0m
2026-10-06T16:41:17.9604542Z [36;1mgvisor_repository="$(jq -er '.gvisor.source_repository' "$runtime_lock")"[0m
2026-10-06T16:41:17.9607054Z [36;1mgvisor_commit="$(jq -er '.gvisor.commit' "$runtime_lock")"[0m
2026-10-06T16:41:17.9609428Z [36;1mgvisor_patch_path="$(jq -er '.gvisor.patch.path' "$runtime_lock")"[0m
2026-10-06T16:41:17.9611752Z [36;1mgvisor_patch_sha256="$(jq -er '.gvisor.patch.sha256' "$runtime_lock")"[0m
2026-10-06T16:41:17.9614717Z [36;1mbazel_url="$(jq -er '.bazel.linux_x86_64_url' "$runtime_lock")"[0m
2026-10-06T16:41:17.9617785Z [36;1mbazel_sha512="$(jq -er '.bazel.linux_x86_64_sha512' "$runtime_lock")"[0m
2026-10-06T16:41:17.9620527Z [36;1mcase "$gvisor_patch_path" in[0m
2026-10-06T16:41:17.9622447Z [36;1m  tools/gvisor/*.patch) ;;[0m
2026-10-06T16:41:17.9624143Z [36;1m  *) echo "runtime lock gVisor patch path is invalid" >&2; exit 1 ;;[0m
2026-10-06T16:41:17.9625764Z [36;1mesac[0m
2026-10-06T16:41:17.9626671Z [36;1mtest -f "$gvisor_patch_path"[0m
2026-10-06T16:41:17.9628490Z [36;1mtest "$(sha256sum "$gvisor_patch_path" | awk '{print $1}')" = "$gvisor_patch_sha256"[0m
2026-10-06T16:41:17.9630436Z [36;1mpatch_abs="$PWD/$gvisor_patch_path"[0m
2026-10-06T16:41:17.9632539Z [36;1mgit clone --filter=blob:none "$gvisor_repository" "$RUNNER_TEMP/gvisor"[0m
2026-10-06T16:41:17.9634672Z [36;1mgit -C "$RUNNER_TEMP/gvisor" checkout --detach "$gvisor_commit"[0m
2026-10-06T16:41:17.9636798Z [36;1mtest "$(git -C "$RUNNER_TEMP/gvisor" rev-parse HEAD)" = "$gvisor_commit"[0m
2026-10-06T16:41:17.9638777Z [36;1mgit -C "$RUNNER_TEMP/gvisor" apply --check "$patch_abs"[0m
2026-10-06T16:41:17.9640474Z [36;1mgit -C "$RUNNER_TEMP/gvisor" apply "$patch_abs"[0m
2026-10-06T16:41:17.9644116Z [36;1mcurl --fail --location --silent --show-error --output "$RUNNER_TEMP/bazel" "$bazel_url"[0m
2026-10-06T16:41:17.9647632Z [36;1mtest "$(sha512sum "$RUNNER_TEMP/bazel" | awk '{print $1}')" = "$bazel_sha512"[0m
2026-10-06T16:41:17.9649451Z [36;1mchmod 0755 "$RUNNER_TEMP/bazel"[0m
2026-10-06T16:41:17.9651207Z [36;1mcp -R tools/gvisor-observer "$RUNNER_TEMP/gvisor/tools/haa_gvisor_observer"[0m
2026-10-06T16:41:17.9653324Z [36;1mcd "$RUNNER_TEMP/gvisor"[0m
2026-10-06T16:41:17.9655919Z [36;1m"$RUNNER_TEMP/bazel" build -c opt //tools/haa_gvisor_observer:haa_gvisor_observer //tools/haa_gvisor_observer:haa_gvisor_observer_latch_test[0m
2026-10-06T16:41:17.9659034Z [36;1mbazel-bin/tools/haa_gvisor_observer/haa_gvisor_observer_latch_test[0m
2026-10-06T16:41:17.9958786Z shell: /usr/bin/bash -e {0}
2026-10-06T16:41:17.9959893Z ##[endgroup]
2026-10-06T16:41:18.0303002Z Cloning into '/home/runner/work/_temp/gvisor'...
2026-10-06T16:41:22.2545684Z Updating files:   0% (1/4374)
2026-10-06T16:41:22.2693939Z Updating files:   1% (44/4374)
2026-10-06T16:41:22.2737401Z Updating files:   2% (88/4374)
2026-10-06T16:41:22.2790914Z Updating files:   3% (132/4374)
2026-10-06T16:41:22.2817342Z Updating files:   4% (175/4374)
2026-10-06T16:41:22.2850425Z Updating files:   5% (219/4374)
2026-10-06T16:41:22.2880076Z Updating files:   6% (263/4374)
2026-10-06T16:41:22.2912692Z Updating files:   7% (307/4374)
2026-10-06T16:41:22.2939895Z Updating files:   8% (350/4374)
2026-10-06T16:41:22.2966976Z Updating files:   9% (394/4374)
2026-10-06T16:41:22.2996100Z Updating files:  10% (438/4374)
2026-10-06T16:41:22.3042479Z Updating files:  11% (482/4374)
2026-10-06T16:41:22.3074779Z Updating files:  12% (525/4374)
2026-10-06T16:41:22.3113254Z Updating files:  13% (569/4374)
2026-10-06T16:41:22.3147303Z Updating files:  14% (613/4374)
2026-10-06T16:41:22.3195556Z Updating files:  15% (657/4374)
2026-10-06T16:41:22.3235304Z Updating files:  16% (700/4374)
2026-10-06T16:41:22.3261938Z Updating files:  17% (744/4374)
2026-10-06T16:41:22.3289269Z Updating files:  18% (788/4374)
2026-10-06T16:41:22.3324857Z Updating files:  19% (832/4374)
2026-10-06T16:41:22.3373428Z Updating files:  20% (875/4374)
2026-10-06T16:41:22.3388411Z Updating files:  21% (919/4374)
2026-10-06T16:41:22.3418939Z Updating files:  22% (963/4374)
2026-10-06T16:41:22.3454953Z Updating files:  23% (1007/4374)
2026-10-06T16:41:22.3492901Z Updating files:  24% (1050/4374)
2026-10-06T16:41:22.3526744Z Updating files:  25% (1094/4374)
2026-10-06T16:41:22.3559003Z Updating files:  26% (1138/4374)
2026-10-06T16:41:22.3589381Z Updating files:  27% (1181/4374)
2026-10-06T16:41:22.3645876Z Updating files:  28% (1225/4374)
2026-10-06T16:41:22.3681569Z Updating files:  29% (1269/4374)
2026-10-06T16:41:22.3717038Z Updating files:  30% (1313/4374)
2026-10-06T16:41:22.3753428Z Updating files:  31% (1356/4374)
2026-10-06T16:41:22.3778021Z Updating files:  32% (1400/4374)
2026-10-06T16:41:22.3807826Z Updating files:  33% (1444/4374)
2026-10-06T16:41:22.3837213Z Updating files:  34% (1488/4374)
2026-10-06T16:41:22.3861121Z Updating files:  35% (1531/4374)
2026-10-06T16:41:22.3889331Z Updating files:  36% (1575/4374)
2026-10-06T16:41:22.3920726Z Updating files:  37% (1619/4374)
2026-10-06T16:41:22.3955940Z Updating files:  38% (1663/4374)
2026-10-06T16:41:22.4054105Z Updating files:  39% (1706/4374)
2026-10-06T16:41:22.4076116Z Updating files:  40% (1750/4374)
2026-10-06T16:41:22.4077022Z Updating files:  41% (1794/4374)
2026-10-06T16:41:22.4077876Z Updating files:  42% (1838/4374)
2026-10-06T16:41:22.4111349Z Updating files:  43% (1881/4374)
2026-10-06T16:41:22.4137822Z Updating files:  44% (1925/4374)
2026-10-06T16:41:22.4166478Z Updating files:  45% (1969/4374)
2026-10-06T16:41:22.4191680Z Updating files:  46% (2013/4374)
2026-10-06T16:41:22.4217789Z Updating files:  47% (2056/4374)
2026-10-06T16:41:22.4253142Z Updating files:  48% (2100/4374)
2026-10-06T16:41:22.4284022Z Updating files:  49% (2144/4374)
2026-10-06T16:41:22.4311504Z Updating files:  50% (2187/4374)
2026-10-06T16:41:22.4360376Z Updating files:  51% (2231/4374)
2026-10-06T16:41:22.4408272Z Updating files:  52% (2275/4374)
2026-10-06T16:41:22.4451622Z Updating files:  53% (2319/4374)
2026-10-06T16:41:22.4501318Z Updating files:  54% (2362/4374)
2026-10-06T16:41:22.4537020Z Updating files:  55% (2406/4374)
2026-10-06T16:41:22.4583961Z Updating files:  56% (2450/4374)
2026-10-06T16:41:22.4615705Z Updating files:  57% (2494/4374)
2026-10-06T16:41:22.4646279Z Updating files:  58% (2537/4374)
2026-10-06T16:41:22.4686215Z Updating files:  59% (2581/4374)
2026-10-06T16:41:22.4716097Z Updating files:  60% (2625/4374)
2026-10-06T16:41:22.4741075Z Updating files:  61% (2669/4374)
2026-10-06T16:41:22.4771513Z Updating files:  62% (2712/4374)
2026-10-06T16:41:22.4816035Z Updating files:  63% (2756/4374)
2026-10-06T16:41:22.4848227Z Updating files:  64% (2800/4374)
2026-10-06T16:41:22.4884722Z Updating files:  65% (2844/4374)
2026-10-06T16:41:22.4918104Z Updating files:  66% (2887/4374)
2026-10-06T16:41:22.4941637Z Updating files:  67% (2931/4374)
2026-10-06T16:41:22.4969952Z Updating files:  68% (2975/4374)
2026-10-06T16:41:22.5002345Z Updating files:  69% (3019/4374)
2026-10-06T16:41:22.5034491Z Updating files:  70% (3062/4374)
2026-10-06T16:41:22.5068085Z Updating files:  71% (3106/4374)
2026-10-06T16:41:22.5104759Z Updating files:  72% (3150/4374)
2026-10-06T16:41:22.5136109Z Updating files:  73% (3194/4374)
2026-10-06T16:41:22.5162951Z Updating files:  74% (3237/4374)
2026-10-06T16:41:22.5192356Z Updating files:  75% (3281/4374)
2026-10-06T16:41:22.5221032Z Updating files:  76% (3325/4374)
2026-10-06T16:41:22.5260932Z Updating files:  77% (3368/4374)
2026-10-06T16:41:22.5298597Z Updating files:  78% (3412/4374)
2026-10-06T16:41:22.5348409Z Updating files:  79% (3456/4374)
2026-10-06T16:41:22.5386714Z Updating files:  80% (3500/4374)
2026-10-06T16:41:22.5426854Z Updating files:  81% (3543/4374)
2026-10-06T16:41:22.5470662Z Updating files:  82% (3587/4374)
2026-10-06T16:41:22.5497618Z Updating files:  83% (3631/4374)
2026-10-06T16:41:22.5535632Z Updating files:  84% (3675/4374)
2026-10-06T16:41:22.5561498Z Updating files:  85% (3718/4374)
2026-10-06T16:41:22.5589950Z Updating files:  86% (3762/4374)
2026-10-06T16:41:22.5622407Z Updating files:  87% (3806/4374)
2026-10-06T16:41:22.5646392Z Updating files:  88% (3850/4374)
2026-10-06T16:41:22.5673109Z Updating files:  89% (3893/4374)
2026-10-06T16:41:22.5702473Z Updating files:  90% (3937/4374)
2026-10-06T16:41:22.5733464Z Updating files:  91% (3981/4374)
2026-10-06T16:41:22.5764565Z Updating files:  92% (4025/4374)
2026-10-06T16:41:22.5791605Z Updating files:  93% (4068/4374)
2026-10-06T16:41:22.5816263Z Updating files:  94% (4112/4374)
2026-10-06T16:41:22.5866333Z Updating files:  95% (4156/4374)
2026-10-06T16:41:22.6077765Z Updating files:  96% (4200/4374)
2026-10-06T16:41:22.6658178Z Updating files:  97% (4243/4374)
2026-10-06T16:41:22.6700760Z Updating files:  98% (4287/4374)
2026-10-06T16:41:22.6734145Z Updating files:  99% (4331/4374)
2026-10-06T16:41:22.6734772Z Updating files: 100% (4374/4374)
2026-10-06T16:41:22.6735409Z Updating files: 100% (4374/4374), done.
2026-10-06T16:41:24.1737024Z HEAD is now at 7c6199801 Support NVIDIA IMEX-620.30 in gVisor.
2026-10-06T16:41:24.7091963Z Extracting Bazel installation...
2026-10-06T16:41:25.6325076Z Starting local Bazel server (8.3.1) and connecting to it...
2026-10-06T16:41:27.2665413Z Computing main repo mapping: 
2026-10-06T16:41:28.2711541Z Computing main repo mapping: 
2026-10-06T16:41:29.2688346Z Computing main repo mapping: 
2026-10-06T16:41:30.6778074Z Computing main repo mapping: 
2026-10-06T16:41:31.6851389Z Computing main repo mapping: 
2026-10-06T16:41:32.2421719Z WARNING: For repository 'bazel_skylib', the root module requires module version bazel_skylib@1.7.1, but got bazel_skylib@1.8.2 in the resolved dependency graph. Please update the version in your MODULE.bazel or set --check_direct_dependencies=off
2026-10-06T16:41:32.7025287Z Computing main repo mapping: 
2026-10-06T16:41:33.7039853Z Computing main repo mapping: 
2026-10-06T16:41:34.4441260Z Loading: 
2026-10-06T16:41:34.4494074Z Loading: 2 packages loaded
2026-10-06T16:41:35.7505432Z Loading: 2 packages loaded
2026-10-06T16:41:35.7513079Z     currently loading: tools/haa_gvisor_observer
2026-10-06T16:41:35.8246425Z DEBUG: /home/runner/.cache/bazel/_bazel_runner/a1b24ff0a5ad432a517b429ddfed25d5/external/gazelle+/internal/bzlmod/go_deps.bzl:660:36: The following Go modules were required by the root module at the given versions, but were implicitly updated to higher versions due to transitive dependencies:
2026-10-06T16:41:35.8273027Z  
2026-10-06T16:41:35.8302820Z   go.opentelemetry.io/auto/sdk: v1.1.0 -> v1.2.1 
2026-10-06T16:41:35.8333163Z   go.opentelemetry.io/contrib/instrumentation/google.golang.org/grpc/otelgrpc: v0.61.0 -> v0.67.0 
2026-10-06T16:41:35.8335013Z   golang.org/x/crypto: v0.42.0 -> v0.49.0 
2026-10-06T16:41:35.8362889Z   golang.org/x/term: v0.35.0 -> v0.42.0 
2026-10-06T16:41:35.8363509Z   golang.org/x/net: v0.44.0 -> v0.52.0 
2026-10-06T16:41:35.8393664Z   go.opentelemetry.io/otel: v1.37.0 -> v1.43.0 
2026-10-06T16:41:35.8423183Z   go.opentelemetry.io/otel/metric: v1.28.0 -> v1.43.0 
2026-10-06T16:41:35.8452993Z   github.com/felixge/httpsnoop: v1.0.2 -> v1.0.4 
2026-10-06T16:41:35.8457466Z   go.opentelemetry.io/contrib/instrumentation/net/http/otelhttp: v0.53.0 -> v0.67.0 
2026-10-06T16:41:35.8485241Z   go.opentelemetry.io/otel/trace: v1.28.0 -> v1.43.0 
2026-10-06T16:41:35.8503030Z   github.com/opencontainers/image-spec: v1.0.2 -> v1.1.1 
2026-10-06T16:41:35.8503913Z   cloud.google.com/go: v0.105.0 -> v0.123.0 
2026-10-06T16:41:35.8504745Z   cloud.google.com/go/iam: v0.8.0 -> v1.7.0 
2026-10-06T16:41:35.8505655Z   cloud.google.com/go/compute/metadata: v0.8.0 -> v0.9.0 
2026-10-06T16:41:35.8506789Z   github.com/googleapis/enterprise-certificate-proxy: v0.3.6 -> v0.3.14 
2026-10-06T16:41:35.8511662Z   golang.org/x/oauth2: v0.30.0 -> v0.36.0 
2026-10-06T16:41:35.8524483Z   google.golang.org/genproto: v0.0.0-20250707201910-8d1bb00bc6a7 -> v0.0.0-20260319201613-d00831a3d3e7 
2026-10-06T16:41:35.8526332Z   github.com/googleapis/gax-go/v2: v2.15.0 -> v2.21.0 
2026-10-06T16:41:35.8527064Z 
2026-10-06T16:41:35.8527621Z Update the root module's dependencies to match the resolved versions via:
2026-10-06T16:41:35.8528420Z 
2026-10-06T16:41:35.8533778Z   bazel run @io_bazel_rules_go//go -- get go.opentelemetry.io/auto/sdk@v1.2.1 go.opentelemetry.io/contrib/instrumentation/google.golang.org/grpc/otelgrpc@v0.67.0 golang.org/x/crypto@v0.49.0 golang.org/x/term@v0.42.0 golang.org/x/net@v0.52.0 go.opentelemetry.io/otel@v1.43.0 go.opentelemetry.io/otel/metric@v1.43.0 github.com/felixge/httpsnoop@v1.0.4 go.opentelemetry.io/contrib/instrumentation/net/http/otelhttp@v0.67.0 go.opentelemetry.io/otel/trace@v1.43.0 github.com/opencontainers/image-spec@v1.1.1 cloud.google.com/go@v0.123.0 cloud.google.com/go/iam@v1.7.0 cloud.google.com/go/compute/metadata@v0.9.0 github.com/googleapis/enterprise-certificate-proxy@v0.3.14 golang.org/x/oauth2@v0.36.0 google.golang.org/genproto@v0.0.0-20260319201613-d00831a3d3e7 github.com/googleapis/gax-go/v2@v2.21.0 
2026-10-06T16:41:35.8539054Z 
2026-10-06T16:41:36.1579666Z Analyzing: 2 targets (3 packages loaded, 0 targets configured)
2026-10-06T16:41:36.1801906Z Analyzing: 2 targets (3 packages loaded, 0 targets configured)
2026-10-06T16:41:36.1825426Z 
2026-10-06T16:41:37.1841624Z Analyzing: 2 targets (51 packages loaded, 7 targets configured)
2026-10-06T16:41:37.1875103Z 
2026-10-06T16:41:38.2803316Z Analyzing: 2 targets (84 packages loaded, 1225 targets configured)
2026-10-06T16:41:38.2822759Z 
2026-10-06T16:41:39.3149620Z Analyzing: 2 targets (93 packages loaded, 5356 targets configured)
2026-10-06T16:41:39.3179358Z 
2026-10-06T16:41:41.0764221Z Analyzing: 2 targets (130 packages loaded, 6534 targets configured)
2026-10-06T16:41:41.0853434Z [1 / 1] no actions running
2026-10-06T16:41:41.0962911Z INFO: Analyzed 2 targets (130 packages loaded, 6534 targets configured).
2026-10-06T16:41:42.2799643Z [83 / 939] Linking external/abseil-cpp+/absl/base/libspinlock_wait.a; 0s processwrapper-sandbox ... (4 actions running)
2026-10-06T16:41:43.2823583Z [148 / 939] Compiling crc32.c [for tool]; 0s processwrapper-sandbox ... (4 actions running)
2026-10-06T16:41:44.2853954Z [165 / 939] Compiling absl/base/internal/thread_identity.cc [for tool]; 0s processwrapper-sandbox ... (4 actions running)
2026-10-06T16:41:45.2831427Z [175 / 939] Compiling absl/base/internal/spinlock.cc [for tool]; 0s processwrapper-sandbox ... (4 actions, 3 running)
2026-10-06T16:41:46.2880800Z [186 / 939] Compiling inflate.c [for tool]; 0s processwrapper-sandbox ... (4 actions running)
2026-10-06T16:41:47.2893745Z [228 / 939] Compiling absl/hash/internal/city.cc; 0s processwrapper-sandbox ... (4 actions running)
2026-10-06T16:41:48.2883348Z [237 / 939] Compiling absl/strings/internal/escaping.cc; 0s processwrapper-sandbox ... (4 actions running)
2026-10-06T16:41:49.2943637Z [247 / 939] Compiling absl/strings/ascii.cc; 0s processwrapper-sandbox ... (4 actions running)
2026-10-06T16:41:50.2963956Z [253 / 939] Compiling absl/crc/internal/crc_cord_state.cc [for tool]; 0s processwrapper-sandbox ... (4 actions, 3 running)
2026-10-06T16:41:51.2983830Z [258 / 939] Compiling absl/crc/internal/crc_cord_state.cc [for tool]; 1s processwrapper-sandbox ... (4 actions, 3 running)
2026-10-06T16:41:52.3386709Z [265 / 939] Compiling absl/numeric/int128.cc; 0s processwrapper-sandbox ... (4 actions, 3 running)
2026-10-06T16:41:53.4128854Z [271 / 939] Compiling absl/strings/substitute.cc; 0s processwrapper-sandbox ... (4 actions, 3 running)
2026-10-06T16:41:55.0473944Z [276 / 939] Compiling absl/crc/internal/crc_memcpy_x86_arm_combined.cc [for tool]; 1s processwrapper-sandbox ... (4 actions, 3 running)
2026-10-06T16:41:56.2343547Z [282 / 939] Compiling absl/crc/internal/crc_non_temporal_memcpy.cc [for tool]; 1s processwrapper-sandbox ... (4 actions, 3 running)
2026-10-06T16:41:57.2433579Z [288 / 939] Compiling absl/strings/numbers.cc; 0s processwrapper-sandbox ... (4 actions, 3 running)
2026-10-06T16:41:58.2634126Z [291 / 939] Compiling absl/strings/internal/str_format/arg.cc [for tool]; 1s processwrapper-sandbox ... (4 actions, 3 running)
2026-10-06T16:41:59.2963807Z [296 / 939] Compiling absl/strings/internal/str_format/parser.cc; 0s processwrapper-sandbox ... (4 actions running)
2026-10-06T16:42:00.3003784Z [301 / 939] Compiling absl/time/internal/cctz/src/time_zone_if.cc; 0s processwrapper-sandbox ... (4 actions running)
2026-10-06T16:42:01.3023695Z [305 / 939] Compiling absl/strings/internal/str_format/float_conversion.cc; 1s processwrapper-sandbox ... (4 actions running)
2026-10-06T16:42:02.3023943Z [310 / 939] Compiling absl/strings/internal/str_format/float_conversion.cc [for tool]; 1s processwrapper-sandbox ... (4 actions running)
2026-10-06T16:42:03.3063487Z [313 / 939] Compiling absl/strings/internal/str_format/bind.cc; 1s processwrapper-sandbox ... (4 actions running)
2026-10-06T16:42:04.3083623Z [319 / 939] Compiling absl/strings/internal/str_format/parser.cc [for tool]; 0s processwrapper-sandbox ... (4 actions running)
2026-10-06T16:42:05.3105115Z [323 / 939] Compiling absl/time/internal/cctz/src/time_zone_info.cc [for tool]; 1s processwrapper-sandbox ... (4 actions running)
2026-10-06T16:42:06.7061174Z [326 / 939] Compiling absl/time/internal/cctz/src/time_zone_format.cc [for tool]; 1s processwrapper-sandbox ... (4 actions, 3 running)
2026-10-06T16:42:07.9121437Z [331 / 939] Compiling absl/time/internal/cctz/src/time_zone_info.cc; 1s processwrapper-sandbox ... (4 actions, 3 running)
2026-10-06T16:42:08.9383741Z [335 / 939] Compiling absl/time/time.cc [for tool]; 0s processwrapper-sandbox ... (4 actions, 3 running)
2026-10-06T16:42:10.0503310Z [338 / 939] Compiling absl/strings/internal/charconv_bigint.cc [for tool]; 1s processwrapper-sandbox ... (4 actions, 3 running)
2026-10-06T16:42:11.1927284Z [341 / 939] Compiling absl/time/civil_time.cc [for tool]; 1s processwrapper-sandbox ... (4 actions, 3 running)
2026-10-06T16:42:12.2015607Z [350 / 939] Compiling absl/base/internal/low_level_alloc.cc [for tool]; 0s processwrapper-sandbox ... (4 actions, 3 running)
2026-10-06T16:42:13.2381979Z [360 / 939] Compiling absl/synchronization/internal/graphcycles.cc [for tool]; 0s processwrapper-sandbox ... (4 actions, 3 running)
2026-10-06T16:42:14.2693703Z [367 / 939] Compiling absl/strings/numbers.cc [for tool]; 1s processwrapper-sandbox ... (4 actions, 3 running)
2026-10-06T16:42:15.2923680Z [374 / 939] Compiling absl/debugging/internal/demangle.cc [for tool]; 1s processwrapper-sandbox ... (4 actions, 3 running)
2026-10-06T16:42:16.3133602Z [382 / 939] Compiling absl/debugging/internal/demangle.cc; 0s processwrapper-sandbox ... (4 actions running)
2026-10-06T16:42:17.3133663Z [392 / 939] Compiling absl/debugging/internal/demangle.cc; 1s processwrapper-sandbox ... (4 actions, 3 running)
2026-10-06T16:42:18.5828251Z [401 / 939] Compiling absl/synchronization/internal/kernel_timeout.cc; 0s processwrapper-sandbox ... (4 actions, 3 running)
2026-10-06T16:42:19.7052714Z [408 / 939] Compiling absl/debugging/symbolize.cc; 1s processwrapper-sandbox ... (4 actions, 3 running)
2026-10-06T16:42:20.8706381Z [416 / 939] Compiling absl/synchronization/internal/per_thread_sem.cc [for tool]; 0s processwrapper-sandbox ... (4 actions, 3 running)
2026-10-06T16:42:21.9413740Z [422 / 939] Compiling absl/synchronization/blocking_counter.cc [for tool]; 0s processwrapper-sandbox ... (4 actions, 3 running)
2026-10-06T16:42:22.9723534Z [429 / 939] Compiling absl/synchronization/barrier.cc; 0s processwrapper-sandbox ... (4 actions, 3 running)
2026-10-06T16:42:24.0063755Z [436 / 939] Compiling absl/strings/internal/cord_rep_crc.cc [for tool]; 0s processwrapper-sandbox ... (4 actions, 3 running)
2026-10-06T16:42:25.0836017Z [447 / 944] Compiling absl/strings/internal/cord_rep_btree_reader.cc [for tool]; 0s processwrapper-sandbox ... (4 actions, 3 running)
2026-10-06T16:42:26.3146390Z [454 / 944] Compiling absl/strings/internal/cord_rep_consume.cc [for tool]; 1s processwrapper-sandbox ... (4 actions running)
2026-10-06T16:42:28.3021926Z [510 / 944] Compiling absl/strings/internal/cord_rep_btree.cc [for tool]; 1s processwrapper-sandbox ... (4 actions, 3 running)
2026-10-06T16:42:29.3183615Z [511 / 944] Compiling absl/strings/internal/cord_rep_btree.cc [for tool]; 2s processwrapper-sandbox ... (4 actions running)
2026-10-06T16:42:30.8033880Z [517 / 944] Compiling absl/strings/cord_analysis.cc [for tool]; 0s processwrapper-sandbox ... (4 actions, 3 running)
2026-10-06T16:42:31.8523502Z [523 / 944] Compiling absl/strings/cord.cc [for tool]; 1s processwrapper-sandbox ... (4 actions, 3 running)
2026-10-06T16:42:33.0583674Z [530 / 944] Compiling absl/strings/cord.cc [for tool]; 2s processwrapper-sandbox ... (4 actions, 3 running)
2026-10-06T16:42:34.2013492Z [531 / 944] Compiling absl/strings/cord.cc [for tool]; 4s processwrapper-sandbox ... (4 actions, 3 running)
2026-10-06T16:42:35.3213422Z [532 / 944] Compiling absl/strings/cord.cc [for tool]; 5s processwrapper-sandbox ... (4 actions running)
2026-10-06T16:42:36.3223704Z [534 / 944] Compiling absl/strings/cord.cc; 5s processwrapper-sandbox ... (4 actions, 3 running)
2026-10-06T16:42:37.3253707Z [577 / 944] Compiling absl/status/internal/status_internal.cc [for tool]; 1s processwrapper-sandbox ... (4 actions, 3 running)
2026-10-06T16:42:38.7809484Z [584 / 944] Compiling absl/status/internal/status_internal.cc; 1s processwrapper-sandbox ... (4 actions, 3 running)
2026-10-06T16:42:39.8453887Z [599 / 944] Compiling absl/log/internal/log_format.cc; 1s processwrapper-sandbox ... (4 actions, 3 running)
2026-10-06T16:42:40.9233728Z [627 / 944] Compiling src/google/protobuf/port.cc [for tool]; 1s processwrapper-sandbox ... (4 actions, 3 running)
2026-10-06T16:42:42.2563550Z [636 / 944] Compiling absl/status/statusor.cc; 1s processwrapper-sandbox ... (4 actions, 3 running)
2026-10-06T16:42:43.3214695Z [640 / 944] Compiling src/google/protobuf/port.cc; 1s processwrapper-sandbox ... (4 actions running)
2026-10-06T16:42:44.9163000Z [651 / 944] Compiling absl/log/globals.cc [for tool]; 1s processwrapper-sandbox ... (4 actions, 3 running)
2026-10-06T16:42:45.9388233Z [663 / 944] Compiling absl/log/internal/log_sink_set.cc [for tool]; 0s processwrapper-sandbox ... (4 actions, 3 running)
2026-10-06T16:42:46.9704263Z [679 / 944] Compiling absl/log/internal/structured_proto.cc; 0s processwrapper-sandbox ... (4 actions, 3 running)
2026-10-06T16:42:48.3225093Z [684 / 944] Compiling absl/log/internal/log_message.cc [for tool]; 1s processwrapper-sandbox ... (4 actions running)
2026-10-06T16:42:49.4069526Z [689 / 944] Compiling absl/container/internal/raw_hash_set.cc; 2s processwrapper-sandbox ... (4 actions, 3 running)
2026-10-06T16:42:50.4305915Z [701 / 944] Compiling absl/flags/internal/program_name.cc; 0s processwrapper-sandbox ... (4 actions, 3 running)
2026-10-06T16:42:51.6938334Z [708 / 944] Compiling src/google/protobuf/arena.cc [for tool]; 1s processwrapper-sandbox ... (4 actions, 3 running)
2026-10-06T16:42:53.2237187Z [714 / 944] Compiling src/google/protobuf/io/coded_stream.cc [for tool]; 1s processwrapper-sandbox ... (4 actions, 3 running)
2026-10-06T16:42:54.3235687Z [720 / 944] Compiling absl/flags/reflection.cc; 2s processwrapper-sandbox ... (4 actions running)
2026-10-06T16:42:55.3764345Z [724 / 944] Compiling src/google/protobuf/io/zero_copy_stream.cc [for tool]; 1s processwrapper-sandbox ... (4 actions, 3 running)
2026-10-06T16:42:56.4077632Z [727 / 944] Compiling src/google/protobuf/arenastring.cc [for tool]; 1s processwrapper-sandbox ... (4 actions, 3 running)
2026-10-06T16:42:57.5143614Z [733 / 944] Compiling src/google/protobuf/wire_format_lite.cc [for tool]; 1s processwrapper-sandbox ... (4 actions, 3 running)
2026-10-06T16:42:58.9163735Z [734 / 944] Compiling src/google/protobuf/io/coded_stream.cc; 1s processwrapper-sandbox ... (4 actions, 3 running)
2026-10-06T16:43:00.3253233Z [737 / 944] Compiling src/google/protobuf/extension_set.cc [for tool]; 2s processwrapper-sandbox ... (4 actions running)
2026-10-06T16:43:01.3497387Z [739 / 944] Compiling src/google/protobuf/extension_set.cc [for tool]; 3s processwrapper-sandbox ... (4 actions, 3 running)
2026-10-06T16:43:02.6383422Z [742 / 944] Compiling src/google/protobuf/extension_set.cc [for tool]; 5s processwrapper-sandbox ... (4 actions, 3 running)
2026-10-06T16:43:04.3260548Z [746 / 944] Compiling src/google/protobuf/extension_set.cc [for tool]; 6s processwrapper-sandbox ... (4 actions running)
2026-10-06T16:43:05.3272419Z [747 / 944] Compiling src/google/protobuf/parse_context.cc [for tool]; 2s processwrapper-sandbox ... (4 actions running)
2026-10-06T16:43:06.7123812Z [751 / 944] Compiling src/google/protobuf/io/printer.cc [for tool]; 3s processwrapper-sandbox ... (4 actions, 3 running)
2026-10-06T16:43:07.7278895Z [752 / 944] Compiling src/google/protobuf/io/printer.cc [for tool]; 4s processwrapper-sandbox ... (4 actions, 3 running)
2026-10-06T16:43:09.1143796Z [755 / 944] Compiling src/google/protobuf/generated_message_tctable_lite.cc [for tool]; 2s processwrapper-sandbox ... (4 actions, 3 running)
2026-10-06T16:43:10.3281961Z [758 / 944] Compiling src/google/protobuf/generated_message_tctable_lite.cc [for tool]; 3s processwrapper-sandbox ... (4 actions running)
2026-10-06T16:43:12.2906628Z INFO: From Compiling src/google/protobuf/map.cc [for tool]:
2026-10-06T16:43:12.2951151Z In file included from bazel-out/k8-opt-exec-ST-d57f47055a04/bin/external/protobuf+/src/google/protobuf/_virtual_includes/protobuf_lite/google/protobuf/generated_enum_util.h:20,
2026-10-06T16:43:12.2973603Z                  from bazel-out/k8-opt-exec-ST-d57f47055a04/bin/external/protobuf+/src/google/protobuf/_virtual_includes/protobuf_lite/google/protobuf/map.h:41,
2026-10-06T16:43:12.2983139Z                  from external/protobuf+/src/google/protobuf/map.cc:8:
2026-10-06T16:43:12.3036061Z In function 'const google::protobuf::internal::ClassData* google::protobuf::internal::GetClassData(const Type&) [with Type = google::protobuf::MessageLite]',
2026-10-06T16:43:12.3038726Z     inlined from 'google::protobuf::internal::Offsets google::protobuf::internal::AlignAndAddSizeDynamic(size_t, UntypedMapBase::TypeKind, const google::protobuf::MessageLite*, size_t&)' at external/protobuf+/src/google/protobuf/map.cc:229:38,
2026-10-06T16:43:12.3042382Z     inlined from 'static google::protobuf::internal::UntypedMapBase::TypeInfo google::protobuf::internal::UntypedMapBase::GetTypeInfoDynamic(TypeKind, TypeKind, const google::protobuf::MessageLite*)' at external/protobuf+/src/google/protobuf/map.cc:249:29:
2026-10-06T16:43:12.3046034Z bazel-out/k8-opt-exec-ST-d57f47055a04/bin/external/protobuf+/src/google/protobuf/_virtual_includes/protobuf_lite/google/protobuf/message_lite.h:1230:28: warning: 'this' pointer is null [-Wnonnull]
2026-10-06T16:43:12.3047844Z  1230 |     return msg.GetClassData();
2026-10-06T16:43:12.3048831Z       |            ~~~~~~~~~~~~~~~~^~
2026-10-06T16:43:12.3050165Z [759 / 944] Compiling src/google/protobuf/generated_message_tctable_lite.cc [for tool]; 5s processwrapper-sandbox ... (4 actions, 3 running)
2026-10-06T16:43:13.3315082Z [761 / 944] Compiling src/google/protobuf/generated_message_tctable_lite.cc [for tool]; 6s processwrapper-sandbox ... (4 actions running)
2026-10-06T16:43:14.3694047Z [762 / 944] Compiling src/google/protobuf/generated_message_tctable_lite.cc [for tool]; 7s processwrapper-sandbox ... (4 actions, 3 running)
2026-10-06T16:43:16.3322857Z [763 / 944] Compiling src/google/protobuf/generated_message_tctable_lite.cc [for tool]; 9s processwrapper-sandbox ... (4 actions running)
2026-10-06T16:43:18.1383623Z [766 / 944] Compiling src/google/protobuf/cpp_features.pb.cc [for tool]; 2s processwrapper-sandbox ... (4 actions, 3 running)
2026-10-06T16:43:19.3075239Z [770 / 944] Compiling src/google/protobuf/compiler/retention.cc [for tool]; 1s processwrapper-sandbox ... (4 actions, 3 running)
2026-10-06T16:43:20.3365303Z [771 / 944] Compiling src/google/protobuf/compiler/retention.cc [for tool]; 2s processwrapper-sandbox ... (4 actions running)
2026-10-06T16:43:22.7769769Z [772 / 944] Compiling src/google/protobuf/compiler/retention.cc [for tool]; 4s processwrapper-sandbox ... (4 actions, 3 running)
2026-10-06T16:43:24.3341126Z [775 / 944] Compiling src/google/protobuf/descriptor.cc [for tool]; 5s processwrapper-sandbox ... (4 actions running)
2026-10-06T16:43:25.4163924Z [776 / 944] Compiling src/google/protobuf/descriptor.cc [for tool]; 6s processwrapper-sandbox ... (4 actions, 3 running)
2026-10-06T16:43:26.7374086Z [777 / 944] Compiling src/google/protobuf/descriptor.cc [for tool]; 8s processwrapper-sandbox ... (4 actions, 3 running)
2026-10-06T16:43:28.3367376Z [778 / 944] Compiling src/google/protobuf/descriptor.cc [for tool]; 9s processwrapper-sandbox ... (4 actions running)
2026-10-06T16:43:29.3371416Z [779 / 944] Compiling src/google/protobuf/descriptor.cc [for tool]; 10s processwrapper-sandbox ... (4 actions running)
2026-10-06T16:43:30.5663894Z [780 / 944] Compiling src/google/protobuf/descriptor.cc [for tool]; 11s processwrapper-sandbox ... (4 actions, 3 running)
2026-10-06T16:43:32.3413761Z [781 / 944] Compiling src/google/protobuf/descriptor.cc [for tool]; 13s processwrapper-sandbox ... (4 actions running)
2026-10-06T16:43:33.4043594Z [782 / 944] Compiling src/google/protobuf/descriptor.cc [for tool]; 14s processwrapper-sandbox ... (4 actions, 3 running)
2026-10-06T16:43:35.3409186Z [783 / 944] Compiling src/google/protobuf/descriptor.cc [for tool]; 16s processwrapper-sandbox ... (4 actions running)
2026-10-06T16:43:36.3423880Z [784 / 944] Compiling src/google/protobuf/descriptor.cc [for tool]; 17s processwrapper-sandbox ... (4 actions running)
2026-10-06T16:43:37.4063907Z [785 / 944] Compiling src/google/protobuf/descriptor.cc [for tool]; 18s processwrapper-sandbox ... (4 actions, 3 running)
2026-10-06T16:43:38.4093624Z [787 / 944] Compiling src/google/protobuf/descriptor.cc [for tool]; 19s processwrapper-sandbox ... (4 actions, 3 running)
2026-10-06T16:43:40.3425517Z [787 / 944] Compiling src/google/protobuf/descriptor.cc [for tool]; 21s processwrapper-sandbox ... (4 actions running)
2026-10-06T16:43:40.6433428Z INFO: From Compiling src/google/protobuf/map.cc:
2026-10-06T16:43:40.6463825Z In file included from bazel-out/k8-opt/bin/external/protobuf+/src/google/protobuf/_virtual_includes/protobuf_lite/google/protobuf/generated_enum_util.h:20,
2026-10-06T16:43:40.6511159Z                  from bazel-out/k8-opt/bin/external/protobuf+/src/google/protobuf/_virtual_includes/protobuf_lite/google/protobuf/map.h:41,
2026-10-06T16:43:40.6522917Z                  from external/protobuf+/src/google/protobuf/map.cc:8:
2026-10-06T16:43:40.6544032Z In function 'const google::protobuf::internal::ClassData* google::protobuf::internal::GetClassData(const Type&) [with Type = google::protobuf::MessageLite]',
2026-10-06T16:43:40.6565632Z     inlined from 'google::protobuf::internal::Offsets google::protobuf::internal::AlignAndAddSizeDynamic(size_t, UntypedMapBase::TypeKind, const google::protobuf::MessageLite*, size_t&)' at external/protobuf+/src/google/protobuf/map.cc:229:38,
2026-10-06T16:43:40.6569700Z     inlined from 'static google::protobuf::internal::UntypedMapBase::TypeInfo google::protobuf::internal::UntypedMapBase::GetTypeInfoDynamic(TypeKind, TypeKind, const google::protobuf::MessageLite*)' at external/protobuf+/src/google/protobuf/map.cc:249:29:
2026-10-06T16:43:40.6573107Z bazel-out/k8-opt/bin/external/protobuf+/src/google/protobuf/_virtual_includes/protobuf_lite/google/protobuf/message_lite.h:1230:28: warning: 'this' pointer is null [-Wnonnull]
2026-10-06T16:43:40.6574521Z  1230 |     return msg.GetClassData();
2026-10-06T16:43:40.6575920Z       |            ~~~~~~~~~~~~~~~~^~
2026-10-06T16:43:41.3465787Z [788 / 944] Compiling src/google/protobuf/descriptor.cc [for tool]; 22s processwrapper-sandbox ... (4 actions running)
2026-10-06T16:43:43.8213361Z [789 / 944] Compiling src/google/protobuf/descriptor.cc [for tool]; 25s processwrapper-sandbox ... (4 actions, 3 running)
2026-10-06T16:43:45.3516496Z [789 / 944] Compiling src/google/protobuf/descriptor.cc [for tool]; 26s processwrapper-sandbox ... (4 actions running)
2026-10-06T16:43:47.2375763Z [790 / 944] Compiling src/google/protobuf/descriptor.cc [for tool]; 28s processwrapper-sandbox ... (4 actions, 3 running)
2026-10-06T16:43:48.3573054Z [791 / 944] Compiling src/google/protobuf/descriptor.cc [for tool]; 29s processwrapper-sandbox ... (4 actions running)
2026-10-06T16:43:49.3549812Z INFO: From Compiling src/google/protobuf/descriptor.cc [for tool]:
2026-10-06T16:43:49.3604223Z external/protobuf+/src/google/protobuf/descriptor.cc: In member function 'void google::protobuf::FieldDescriptor::DebugString(int, std::string*, const google::protobuf::DebugStringOptions&) const':
2026-10-06T16:43:49.3664148Z external/protobuf+/src/google/protobuf/descriptor.cc:3953:65: warning: 'bool google::protobuf::FieldDescriptor::has_optional_keyword() const' is deprecated: Use has_presence() instead. [-Wdeprecated-declarations]
2026-10-06T16:43:49.3691341Z  3953 |       (!is_required() && !is_repeated() && !has_optional_keyword())) {
2026-10-06T16:43:49.3712854Z       |                                             ~~~~~~~~~~~~~~~~~~~~^~
2026-10-06T16:43:49.3743297Z In file included from external/protobuf+/src/google/protobuf/descriptor.cc:12:
2026-10-06T16:43:49.3744990Z bazel-out/k8-opt-exec-ST-d57f47055a04/bin/external/protobuf+/src/google/protobuf/_virtual_includes/protobuf/google/protobuf/descriptor.h:1136:8: note: declared here
2026-10-06T16:43:49.3772804Z  1136 |   bool has_optional_keyword() const;
2026-10-06T16:43:49.3780503Z       |        ^~~~~~~~~~~~~~~~~~~~
2026-10-06T16:43:49.3782604Z external/protobuf+/src/google/protobuf/descriptor.cc: In member function 'void google::protobuf::DescriptorBuilder::CrossLinkField(google::protobuf::FieldDescriptor*, const google::protobuf::FieldDescriptorProto&)':
2026-10-06T16:43:49.3785195Z external/protobuf+/src/google/protobuf/descriptor.cc:7982:65: warning: 'bool google::protobuf::FieldOptions::weak() const' is deprecated [-Wdeprecated-declarations]
2026-10-06T16:43:49.3823544Z  7982 |     bool is_weak = !pool_->enforce_weak_ && proto.options().weak();
2026-10-06T16:43:49.3824520Z       |                                             ~~~~~~~~~~~~~~~~~~~~^~
2026-10-06T16:43:49.3826093Z In file included from bazel-out/k8-opt-exec-ST-d57f47055a04/bin/external/protobuf+/src/google/protobuf/_virtual_includes/protobuf/google/protobuf/cpp_features.pb.h:33,
2026-10-06T16:43:49.3827691Z                  from external/protobuf+/src/google/protobuf/descriptor.cc:72:
2026-10-06T16:43:49.3829293Z bazel-out/k8-opt-exec-ST-d57f47055a04/bin/external/protobuf+/src/google/protobuf/_virtual_includes/protobuf/google/protobuf/descriptor.pb.h:18861:13: note: declared here
2026-10-06T16:43:49.3834704Z 18861 | inline bool FieldOptions::weak() const {
2026-10-06T16:43:49.3835445Z       |             ^~~~~~~~~~~~
2026-10-06T16:43:49.3837183Z external/protobuf+/src/google/protobuf/descriptor.cc: In function 'google::protobuf::internal::cpp::HasbitMode google::protobuf::internal::cpp::GetFieldHasbitModeWithoutProfile(const google::protobuf::FieldDescriptor*)':
2026-10-06T16:43:49.3840176Z external/protobuf+/src/google/protobuf/descriptor.cc:10700:62: warning: 'bool google::protobuf::FieldOptions::weak() const' is deprecated [-Wdeprecated-declarations]
2026-10-06T16:43:49.3841785Z 10700 |   if (field->real_containing_oneof() || field->options().weak() ||
2026-10-06T16:43:49.3843118Z       |                                         ~~~~~~~~~~~~~~~~~~~~~^~
2026-10-06T16:43:49.3844674Z bazel-out/k8-opt-exec-ST-d57f47055a04/bin/external/protobuf+/src/google/protobuf/_virtual_includes/protobuf/google/protobuf/descriptor.pb.h:18861:13: note: declared here
2026-10-06T16:43:49.3846252Z 18861 | inline bool FieldOptions::weak() const {
2026-10-06T16:43:49.3846920Z       |             ^~~~~~~~~~~~
2026-10-06T16:43:49.3847966Z [792 / 944] Compiling src/google/protobuf/descriptor.cc [for tool]; 30s processwrapper-sandbox ... (4 actions running)
2026-10-06T16:43:51.2893536Z INFO: From Compiling src/google/protobuf/compiler/cpp/helpers.cc [for tool]:
2026-10-06T16:43:51.2933322Z In file included from external/protobuf+/src/google/protobuf/compiler/cpp/helpers.cc:12:
2026-10-06T16:43:51.2954862Z bazel-out/k8-opt-exec-ST-d57f47055a04/bin/external/protobuf+/src/google/protobuf/compiler/cpp/_virtual_includes/names_internal/google/protobuf/compiler/cpp/helpers.h: In function 'bool google::protobuf::compiler::cpp::IsWeak(const google::protobuf::FieldDescriptor*, const Options&)':
2026-10-06T16:43:51.2984405Z bazel-out/k8-opt-exec-ST-d57f47055a04/bin/external/protobuf+/src/google/protobuf/compiler/cpp/_virtual_includes/names_internal/google/protobuf/compiler/cpp/helpers.h:347:28: warning: 'bool google::protobuf::FieldOptions::weak() const' is deprecated [-Wdeprecated-declarations]
2026-10-06T16:43:51.2992925Z   347 |   if (field->options().weak()) {
2026-10-06T16:43:51.2993748Z       |       ~~~~~~~~~~~~~~~~~~~~~^~
2026-10-06T16:43:51.2995508Z In file included from bazel-out/k8-opt-exec-ST-d57f47055a04/bin/external/protobuf+/src/google/protobuf/compiler/_virtual_includes/code_generator_lite/google/protobuf/compiler/code_generator_lite.h:18,
2026-10-06T16:43:51.2998162Z                  from bazel-out/k8-opt-exec-ST-d57f47055a04/bin/external/protobuf+/src/google/protobuf/compiler/_virtual_includes/code_generator/google/protobuf/compiler/code_generator.h:25,
2026-10-06T16:43:51.3000622Z                  from bazel-out/k8-opt-exec-ST-d57f47055a04/bin/external/protobuf+/src/google/protobuf/compiler/cpp/_virtual_includes/names_internal/google/protobuf/compiler/cpp/helpers.h:29:
2026-10-06T16:43:51.3003199Z bazel-out/k8-opt-exec-ST-d57f47055a04/bin/external/protobuf+/src/google/protobuf/_virtual_includes/protobuf/google/protobuf/descriptor.pb.h:18861:13: note: declared here
2026-10-06T16:43:51.3004801Z 18861 | inline bool FieldOptions::weak() const {
2026-10-06T16:43:51.3005448Z       |             ^~~~~~~~~~~~
2026-10-06T16:43:51.3007338Z external/protobuf+/src/google/protobuf/compiler/cpp/helpers.cc: In member function 'google::protobuf::compiler::cpp::MessageAnalysis google::protobuf::compiler::cpp::MessageSCCAnalyzer::GetSCCAnalysis(const google::protobuf::compiler::SCC*)':
2026-10-06T16:43:51.3010113Z external/protobuf+/src/google/protobuf/compiler/cpp/helpers.cc:1802:32: warning: 'bool google::protobuf::FieldOptions::weak() const' is deprecated [-Wdeprecated-declarations]
2026-10-06T16:43:51.3011615Z  1802 |       if (field->options().weak()) {
2026-10-06T16:43:51.3012434Z       |           ~~~~~~~~~~~~~~~~~~~~~^~
2026-10-06T16:43:51.3013886Z bazel-out/k8-opt-exec-ST-d57f47055a04/bin/external/protobuf+/src/google/protobuf/_virtual_includes/protobuf/google/protobuf/descriptor.pb.h:18861:13: note: declared here
2026-10-06T16:43:51.3015363Z 18861 | inline bool FieldOptions::weak() const {
2026-10-06T16:43:51.3015976Z       |             ^~~~~~~~~~~~
2026-10-06T16:43:51.3016939Z [794 / 944] Compiling src/google/protobuf/descriptor.cc; 22s processwrapper-sandbox ... (4 actions, 3 running)
2026-10-06T16:43:52.3579660Z [796 / 944] Compiling src/google/protobuf/descriptor.cc; 23s processwrapper-sandbox ... (4 actions running)
2026-10-06T16:43:53.9164883Z [797 / 944] Compiling src/google/protobuf/descriptor.cc; 25s processwrapper-sandbox ... (4 actions, 3 running)
2026-10-06T16:43:55.0607562Z [799 / 944] Compiling src/google/protobuf/descriptor.cc; 26s processwrapper-sandbox ... (4 actions, 3 running)
2026-10-06T16:43:56.3633590Z [802 / 944] Compiling src/google/protobuf/descriptor.cc; 27s processwrapper-sandbox ... (4 actions running)
2026-10-06T16:43:57.8547163Z [803 / 944] Compiling src/google/protobuf/descriptor.cc; 28s processwrapper-sandbox ... (4 actions, 3 running)
2026-10-06T16:43:59.3630978Z [805 / 944] Compiling src/google/protobuf/descriptor.cc; 30s processwrapper-sandbox ... (4 actions running)
2026-10-06T16:43:59.5176567Z INFO: From Compiling src/google/protobuf/descriptor.cc:
2026-10-06T16:43:59.5183979Z external/protobuf+/src/google/protobuf/descriptor.cc: In member function 'void google::protobuf::FieldDescriptor::DebugString(int, std::string*, const google::protobuf::DebugStringOptions&) const':
2026-10-06T16:43:59.5234189Z external/protobuf+/src/google/protobuf/descriptor.cc:3953:65: warning: 'bool google::protobuf::FieldDescriptor::has_optional_keyword() const' is deprecated: Use has_presence() instead. [-Wdeprecated-declarations]
2026-10-06T16:43:59.5292878Z  3953 |       (!is_required() && !is_repeated() && !has_optional_keyword())) {
2026-10-06T16:43:59.5352763Z       |                                             ~~~~~~~~~~~~~~~~~~~~^~
2026-10-06T16:43:59.5382914Z In file included from external/protobuf+/src/google/protobuf/descriptor.cc:12:
2026-10-06T16:43:59.5413504Z bazel-out/k8-opt/bin/external/protobuf+/src/google/protobuf/_virtual_includes/protobuf/google/protobuf/descriptor.h:1136:8: note: declared here
2026-10-06T16:43:59.5472787Z  1136 |   bool has_optional_keyword() const;
2026-10-06T16:43:59.5523381Z       |        ^~~~~~~~~~~~~~~~~~~~
2026-10-06T16:43:59.5524938Z external/protobuf+/src/google/protobuf/descriptor.cc: In member function 'void google::protobuf::DescriptorBuilder::CrossLinkField(google::protobuf::FieldDescriptor*, const google::protobuf::FieldDescriptorProto&)':
2026-10-06T16:43:59.5583566Z external/protobuf+/src/google/protobuf/descriptor.cc:7982:65: warning: 'bool google::protobuf::FieldOptions::weak() const' is deprecated [-Wdeprecated-declarations]
2026-10-06T16:43:59.5585063Z  7982 |     bool is_weak = !pool_->enforce_weak_ && proto.options().weak();
2026-10-06T16:43:59.5612876Z       |                                             ~~~~~~~~~~~~~~~~~~~~^~
2026-10-06T16:43:59.5614147Z In file included from bazel-out/k8-opt/bin/external/protobuf+/src/google/protobuf/_virtual_includes/protobuf/google/protobuf/cpp_features.pb.h:33,
2026-10-06T16:43:59.5615526Z                  from external/protobuf+/src/google/protobuf/descriptor.cc:72:
2026-10-06T16:43:59.5616857Z bazel-out/k8-opt/bin/external/protobuf+/src/google/protobuf/_virtual_includes/protobuf/google/protobuf/descriptor.pb.h:18861:13: note: declared here
2026-10-06T16:43:59.5642777Z 18861 | inline bool FieldOptions::weak() const {
2026-10-06T16:43:59.5643304Z       |             ^~~~~~~~~~~~
2026-10-06T16:43:59.5644907Z external/protobuf+/src/google/protobuf/descriptor.cc: In function 'google::protobuf::internal::cpp::HasbitMode google::protobuf::internal::cpp::GetFieldHasbitModeWithoutProfile(const google::protobuf::FieldDescriptor*)':
2026-10-06T16:43:59.5647332Z external/protobuf+/src/google/protobuf/descriptor.cc:10700:62: warning: 'bool google::protobuf::FieldOptions::weak() const' is deprecated [-Wdeprecated-declarations]
2026-10-06T16:43:59.5648742Z 10700 |   if (field->real_containing_oneof() || field->options().weak() ||
2026-10-06T16:43:59.5649425Z       |                                         ~~~~~~~~~~~~~~~~~~~~~^~
2026-10-06T16:43:59.5650645Z bazel-out/k8-opt/bin/external/protobuf+/src/google/protobuf/_virtual_includes/protobuf/google/protobuf/descriptor.pb.h:18861:13: note: declared here
2026-10-06T16:43:59.5652625Z 18861 | inline bool FieldOptions::weak() const {
2026-10-06T16:43:59.5653136Z       |             ^~~~~~~~~~~~
2026-10-06T16:44:00.3628569Z [808 / 944] Compiling src/google/protobuf/compiler/cpp/enum.cc [for tool]; 5s processwrapper-sandbox ... (4 actions running)
2026-10-06T16:44:03.7389487Z INFO: From Compiling src/google/protobuf/compiler/cpp/enum.cc [for tool]:
2026-10-06T16:44:03.7412812Z In file included from external/protobuf+/src/google/protobuf/compiler/cpp/enum.cc:29:
2026-10-06T16:44:03.7495699Z bazel-out/k8-opt-exec-ST-d57f47055a04/bin/external/protobuf+/src/google/protobuf/compiler/cpp/_virtual_includes/names_internal/google/protobuf/compiler/cpp/helpers.h: In function 'bool google::protobuf::compiler::cpp::IsWeak(const google::protobuf::FieldDescriptor*, const Options&)':
2026-10-06T16:44:03.7534297Z bazel-out/k8-opt-exec-ST-d57f47055a04/bin/external/protobuf+/src/google/protobuf/compiler/cpp/_virtual_includes/names_internal/google/protobuf/compiler/cpp/helpers.h:347:28: warning: 'bool google::protobuf::FieldOptions::weak() const' is deprecated [-Wdeprecated-declarations]
2026-10-06T16:44:03.7582824Z   347 |   if (field->options().weak()) {
2026-10-06T16:44:03.7592681Z       |       ~~~~~~~~~~~~~~~~~~~~~^~
2026-10-06T16:44:03.7654159Z In file included from bazel-out/k8-opt-exec-ST-d57f47055a04/bin/external/protobuf+/src/google/protobuf/compiler/_virtual_includes/code_generator_lite/google/protobuf/compiler/code_generator_lite.h:18,
2026-10-06T16:44:03.7656717Z                  from bazel-out/k8-opt-exec-ST-d57f47055a04/bin/external/protobuf+/src/google/protobuf/compiler/_virtual_includes/code_generator/google/protobuf/compiler/code_generator.h:25,
2026-10-06T16:44:03.7703728Z                  from bazel-out/k8-opt-exec-ST-d57f47055a04/bin/external/protobuf+/src/google/protobuf/compiler/cpp/_virtual_includes/cpp/google/protobuf/compiler/cpp/generator.h:24,
2026-10-06T16:44:03.7723045Z                  from external/protobuf+/src/google/protobuf/compiler/cpp/enum.cc:28:
2026-10-06T16:44:03.7754582Z bazel-out/k8-opt-exec-ST-d57f47055a04/bin/external/protobuf+/src/google/protobuf/_virtual_includes/protobuf/google/protobuf/descriptor.pb.h:18861:13: note: declared here
2026-10-06T16:44:03.7772816Z 18861 | inline bool FieldOptions::weak() const {
2026-10-06T16:44:03.7802696Z       |             ^~~~~~~~~~~~
2026-10-06T16:44:03.7813367Z [809 / 944] Compiling src/google/protobuf/descriptor_database.cc [for tool]; 5s processwrapper-sandbox ... (4 actions, 3 running)
2026-10-06T16:44:05.1400115Z [810 / 944] Compiling src/google/protobuf/descriptor_database.cc [for tool]; 6s processwrapper-sandbox ... (4 actions, 3 running)
2026-10-06T16:44:06.3653900Z [811 / 944] Compiling src/google/protobuf/descriptor_database.cc [for tool]; 8s processwrapper-sandbox ... (4 actions running)
2026-10-06T16:44:07.5760935Z [812 / 944] Compiling src/google/protobuf/descriptor.pb.cc; 8s processwrapper-sandbox ... (4 actions, 3 running)
2026-10-06T16:44:09.3663783Z [815 / 944] Compiling src/google/protobuf/compiler/cpp/extension.cc [for tool]; 5s processwrapper-sandbox ... (4 actions running)
2026-10-06T16:44:11.7093612Z INFO: From Compiling src/google/protobuf/compiler/cpp/extension.cc [for tool]:
2026-10-06T16:44:11.7108397Z In file included from bazel-out/k8-opt-exec-ST-d57f47055a04/bin/external/protobuf+/src/google/protobuf/compiler/cpp/_virtual_includes/cpp/google/protobuf/compiler/cpp/extension.h:19,
2026-10-06T16:44:11.7137772Z                  from external/protobuf+/src/google/protobuf/compiler/cpp/extension.cc:12:
2026-10-06T16:44:11.7164548Z bazel-out/k8-opt-exec-ST-d57f47055a04/bin/external/protobuf+/src/google/protobuf/compiler/cpp/_virtual_includes/names_internal/google/protobuf/compiler/cpp/helpers.h: In function 'bool google::protobuf::compiler::cpp::IsWeak(const google::protobuf::FieldDescriptor*, const Options&)':
2026-10-06T16:44:11.7196513Z bazel-out/k8-opt-exec-ST-d57f47055a04/bin/external/protobuf+/src/google/protobuf/compiler/cpp/_virtual_includes/names_internal/google/protobuf/compiler/cpp/helpers.h:347:28: warning: 'bool google::protobuf::FieldOptions::weak() const' is deprecated [-Wdeprecated-declarations]
2026-10-06T16:44:11.7222953Z   347 |   if (field->options().weak()) {
2026-10-06T16:44:11.7232759Z       |       ~~~~~~~~~~~~~~~~~~~~~^~
2026-10-06T16:44:11.7254140Z In file included from bazel-out/k8-opt-exec-ST-d57f47055a04/bin/external/protobuf+/src/google/protobuf/compiler/_virtual_includes/code_generator_lite/google/protobuf/compiler/code_generator_lite.h:18,
2026-10-06T16:44:11.7256880Z                  from bazel-out/k8-opt-exec-ST-d57f47055a04/bin/external/protobuf+/src/google/protobuf/compiler/_virtual_includes/code_generator/google/protobuf/compiler/code_generator.h:25,
2026-10-06T16:44:11.7259401Z                  from bazel-out/k8-opt-exec-ST-d57f47055a04/bin/external/protobuf+/src/google/protobuf/compiler/cpp/_virtual_includes/names_internal/google/protobuf/compiler/cpp/helpers.h:29:
2026-10-06T16:44:11.7261857Z bazel-out/k8-opt-exec-ST-d57f47055a04/bin/external/protobuf+/src/google/protobuf/_virtual_includes/protobuf/google/protobuf/descriptor.pb.h:18861:13: note: declared here
2026-10-06T16:44:11.7263798Z 18861 | inline bool FieldOptions::weak() const {
2026-10-06T16:44:11.7264468Z       |             ^~~~~~~~~~~~
2026-10-06T16:44:11.7265959Z [816 / 944] Compiling src/google/protobuf/dynamic_message.cc [for tool]; 4s processwrapper-sandbox ... (4 actions, 3 running)
2026-10-06T16:44:11.7641617Z INFO: From Compiling src/google/protobuf/dynamic_message.cc [for tool]:
2026-10-06T16:44:11.7674225Z In file included from external/protobuf+/src/google/protobuf/dynamic_message.cc:66:
2026-10-06T16:44:11.7694578Z bazel-out/k8-opt-exec-ST-d57f47055a04/bin/external/protobuf+/src/google/protobuf/_virtual_includes/protobuf/google/protobuf/map_field.h: In constructor 'google::protobuf::internal::MapFieldBase::ReflectionPayload::ReflectionPayload(google::protobuf::Arena*, const google::protobuf::Message*)':
2026-10-06T16:44:11.7705235Z bazel-out/k8-opt-exec-ST-d57f47055a04/bin/external/protobuf+/src/google/protobuf/_virtual_includes/protobuf/google/protobuf/map_field.h:416:11: warning: 'google::protobuf::RepeatedPtrField<T>::RepeatedPtrField(google::protobuf::Arena*) [with Element = google::protobuf::Message]' is deprecated: Use Arena::Create<RepeatedPtrField<...>>(Arena*) instead [-Wdeprecated-declarations]
2026-10-06T16:44:11.7732863Z   416 |         : repeated_field_(arena), prototype_(prototype) {}
2026-10-06T16:44:11.7757650Z       |           ^~~~~~~~~~~~~~~~~~~~~~
2026-10-06T16:44:11.7763682Z In file included from bazel-out/k8-opt-exec-ST-d57f47055a04/bin/external/protobuf+/src/google/protobuf/_virtual_includes/protobuf_lite/google/protobuf/repeated_field.h:46,
2026-10-06T16:44:11.7765922Z                  from bazel-out/k8-opt-exec-ST-d57f47055a04/bin/external/protobuf+/src/google/protobuf/_virtual_includes/protobuf_lite/google/protobuf/parse_context.h:39,
2026-10-06T16:44:11.7768187Z                  from bazel-out/k8-opt-exec-ST-d57f47055a04/bin/external/protobuf+/src/google/protobuf/_virtual_includes/protobuf_lite/google/protobuf/generated_message_tctable_decl.h:25,
2026-10-06T16:44:11.7770443Z                  from bazel-out/k8-opt-exec-ST-d57f47055a04/bin/external/protobuf+/src/google/protobuf/_virtual_includes/protobuf_lite/google/protobuf/extension_set.h:40,
2026-10-06T16:44:11.7772719Z                  from bazel-out/k8-opt-exec-ST-d57f47055a04/bin/external/protobuf+/src/google/protobuf/_virtual_includes/protobuf/google/protobuf/descriptor.h:56,
2026-10-06T16:44:11.7774600Z                  from bazel-out/k8-opt-exec-ST-d57f47055a04/bin/external/protobuf+/src/google/protobuf/_virtual_includes/protobuf/google/protobuf/dynamic_message.h:27,
2026-10-06T16:44:11.7776677Z                  from external/protobuf+/src/google/protobuf/dynamic_message.cc:42:
2026-10-06T16:44:11.7778352Z bazel-out/k8-opt-exec-ST-d57f47055a04/bin/external/protobuf+/src/google/protobuf/_virtual_includes/protobuf_lite/google/protobuf/repeated_ptr_field.h:1380:8: note: declared here
2026-10-06T16:44:11.7780391Z  1380 | inline RepeatedPtrField<Element>::RepeatedPtrField(Arena* arena)
2026-10-06T16:44:11.7781168Z       |        ^~~~~~~~~~~~~~~~~~~~~~~~~
2026-10-06T16:44:11.7782567Z external/protobuf+/src/google/protobuf/dynamic_message.cc: In member function 'void google::protobuf::DynamicMessage::SharedCtor(bool)':
2026-10-06T16:44:11.7785409Z external/protobuf+/src/google/protobuf/dynamic_message.cc:574:66: warning: 'google::protobuf::RepeatedPtrField<T>::RepeatedPtrField(google::protobuf::Arena*) [with Element = std::__cxx11::basic_string<char>]' is deprecated: Use Arena::Create<RepeatedPtrField<...>>(Arena*) instead [-Wdeprecated-declarations]
2026-10-06T16:44:11.7787867Z   574 |               new (field_ptr) RepeatedPtrField<std::string>(arena);
2026-10-06T16:44:11.7788622Z       |                                                                  ^
2026-10-06T16:44:11.7790149Z bazel-out/k8-opt-exec-ST-d57f47055a04/bin/external/protobuf+/src/google/protobuf/_virtual_includes/protobuf_lite/google/protobuf/repeated_ptr_field.h:1380:8: note: declared here
2026-10-06T16:44:11.7791831Z  1380 | inline RepeatedPtrField<Element>::RepeatedPtrField(Arena* arena)
2026-10-06T16:44:11.7792926Z       |        ^~~~~~~~~~~~~~~~~~~~~~~~~
2026-10-06T16:44:11.7795409Z external/protobuf+/src/google/protobuf/dynamic_message.cc:602:60: warning: 'google::protobuf::RepeatedPtrField<T>::RepeatedPtrField(google::protobuf::Arena*) [with Element = google::protobuf::Message]' is deprecated: Use Arena::Create<RepeatedPtrField<...>>(Arena*) instead [-Wdeprecated-declarations]
2026-10-06T16:44:11.7797759Z   602 |             new (field_ptr) RepeatedPtrField<Message>(arena);
2026-10-06T16:44:11.7798491Z       |                                                            ^
2026-10-06T16:44:11.7799977Z bazel-out/k8-opt-exec-ST-d57f47055a04/bin/external/protobuf+/src/google/protobuf/_virtual_includes/protobuf_lite/google/protobuf/repeated_ptr_field.h:1380:8: note: declared here
2026-10-06T16:44:11.7801682Z  1380 | inline RepeatedPtrField<Element>::RepeatedPtrField(Arena* arena)
2026-10-06T16:44:11.7802762Z       |        ^~~~~~~~~~~~~~~~~~~~~~~~~
2026-10-06T16:44:11.7804021Z external/protobuf+/src/google/protobuf/dynamic_message.cc: In member function 'void google::protobuf::DynamicMessage::CrossLinkPrototypes()':
2026-10-06T16:44:11.7806084Z external/protobuf+/src/google/protobuf/dynamic_message.cc:774:31: warning: 'bool google::protobuf::FieldOptions::weak() const' is deprecated [-Wdeprecated-declarations]
2026-10-06T16:44:11.7807515Z   774 |         !field->options().weak() && !InRealOneof(field) &&
2026-10-06T16:44:11.7808196Z       |          ~~~~~~~~~~~~~~~~~~~~~^~
2026-10-06T16:44:11.7823128Z In file included from external/protobuf+/src/google/protobuf/dynamic_message.cc:60:
2026-10-06T16:44:11.7828844Z bazel-out/k8-opt-exec-ST-d57f47055a04/bin/external/protobuf+/src/google/protobuf/_virtual_includes/protobuf/google/protobuf/descriptor.pb.h:18861:13: note: declared here
2026-10-06T16:44:11.7830763Z 18861 | inline bool FieldOptions::weak() const {
2026-10-06T16:44:11.7831440Z       |             ^~~~~~~~~~~~
2026-10-06T16:44:13.3693898Z [819 / 944] Compiling src/google/protobuf/descriptor_database.cc; 5s processwrapper-sandbox ... (4 actions running)
2026-10-06T16:44:15.1493910Z [820 / 944] Compiling src/google/protobuf/descriptor_database.cc; 7s processwrapper-sandbox ... (4 actions, 3 running)
2026-10-06T16:44:16.3683676Z [820 / 944] Compiling src/google/protobuf/descriptor_database.cc; 8s processwrapper-sandbox ... (4 actions running)
2026-10-06T16:44:17.8393793Z [822 / 944] Compiling src/google/protobuf/compiler/cpp/field.cc [for tool]; 6s processwrapper-sandbox ... (4 actions, 3 running)
2026-10-06T16:44:19.3683667Z [822 / 944] Compiling src/google/protobuf/compiler/cpp/field.cc [for tool]; 7s processwrapper-sandbox ... (4 actions running)
2026-10-06T16:44:19.6803834Z INFO: From Compiling src/google/protobuf/compiler/cpp/field.cc [for tool]:
2026-10-06T16:44:19.6854391Z In file included from bazel-out/k8-opt-exec-ST-d57f47055a04/bin/external/protobuf+/src/google/protobuf/compiler/cpp/_virtual_includes/cpp/google/protobuf/compiler/cpp/field.h:26,
2026-10-06T16:44:19.6913327Z                  from external/protobuf+/src/google/protobuf/compiler/cpp/field.cc:12:
2026-10-06T16:44:19.6944880Z bazel-out/k8-opt-exec-ST-d57f47055a04/bin/external/protobuf+/src/google/protobuf/compiler/cpp/_virtual_includes/names_internal/google/protobuf/compiler/cpp/helpers.h: In function 'bool google::protobuf::compiler::cpp::IsWeak(const google::protobuf::FieldDescriptor*, const Options&)':
2026-10-06T16:44:19.6988979Z bazel-out/k8-opt-exec-ST-d57f47055a04/bin/external/protobuf+/src/google/protobuf/compiler/cpp/_virtual_includes/names_internal/google/protobuf/compiler/cpp/helpers.h:347:28: warning: 'bool google::protobuf::FieldOptions::weak() const' is deprecated [-Wdeprecated-declarations]
2026-10-06T16:44:19.7061238Z   347 |   if (field->options().weak()) {
2026-10-06T16:44:19.7092787Z       |       ~~~~~~~~~~~~~~~~~~~~~^~
2026-10-06T16:44:19.7105720Z In file included from bazel-out/k8-opt-exec-ST-d57f47055a04/bin/external/protobuf+/src/google/protobuf/compiler/_virtual_includes/code_generator_lite/google/protobuf/compiler/code_generator_lite.h:18,
2026-10-06T16:44:19.7134287Z                  from bazel-out/k8-opt-exec-ST-d57f47055a04/bin/external/protobuf+/src/google/protobuf/compiler/_virtual_includes/code_generator/google/protobuf/compiler/code_generator.h:25,
2026-10-06T16:44:19.7173844Z                  from bazel-out/k8-opt-exec-ST-d57f47055a04/bin/external/protobuf+/src/google/protobuf/compiler/cpp/_virtual_includes/names_internal/google/protobuf/compiler/cpp/helpers.h:29:
2026-10-06T16:44:19.7176059Z bazel-out/k8-opt-exec-ST-d57f47055a04/bin/external/protobuf+/src/google/protobuf/_virtual_includes/protobuf/google/protobuf/descriptor.pb.h:18861:13: note: declared here
2026-10-06T16:44:19.7177435Z 18861 | inline bool FieldOptions::weak() const {
2026-10-06T16:44:19.7177921Z       |             ^~~~~~~~~~~~
2026-10-06T16:44:21.3703679Z [823 / 944] Compiling src/google/protobuf/util/message_differencer.cc; 6s processwrapper-sandbox ... (4 actions running)
2026-10-06T16:44:21.7881697Z INFO: From Compiling src/google/protobuf/dynamic_message.cc:
2026-10-06T16:44:21.7903114Z In file included from external/protobuf+/src/google/protobuf/dynamic_message.cc:66:
2026-10-06T16:44:21.7924712Z bazel-out/k8-opt/bin/external/protobuf+/src/google/protobuf/_virtual_includes/protobuf/google/protobuf/map_field.h: In constructor 'google::protobuf::internal::MapFieldBase::ReflectionPayload::ReflectionPayload(google::protobuf::Arena*, const google::protobuf::Message*)':
2026-10-06T16:44:21.7965048Z bazel-out/k8-opt/bin/external/protobuf+/src/google/protobuf/_virtual_includes/protobuf/google/protobuf/map_field.h:416:11: warning: 'google::protobuf::RepeatedPtrField<T>::RepeatedPtrField(google::protobuf::Arena*) [with Element = google::protobuf::Message]' is deprecated: Use Arena::Create<RepeatedPtrField<...>>(Arena*) instead [-Wdeprecated-declarations]
2026-10-06T16:44:21.7968298Z   416 |         : repeated_field_(arena), prototype_(prototype) {}
2026-10-06T16:44:21.7992880Z       |           ^~~~~~~~~~~~~~~~~~~~~~
2026-10-06T16:44:21.8018368Z In file included from bazel-out/k8-opt/bin/external/protobuf+/src/google/protobuf/_virtual_includes/protobuf_lite/google/protobuf/repeated_field.h:46,
2026-10-06T16:44:21.8021130Z                  from bazel-out/k8-opt/bin/external/protobuf+/src/google/protobuf/_virtual_includes/protobuf_lite/google/protobuf/parse_context.h:39,
2026-10-06T16:44:21.8023548Z                  from bazel-out/k8-opt/bin/external/protobuf+/src/google/protobuf/_virtual_includes/protobuf_lite/google/protobuf/generated_message_tctable_decl.h:25,
2026-10-06T16:44:21.8025609Z                  from bazel-out/k8-opt/bin/external/protobuf+/src/google/protobuf/_virtual_includes/protobuf_lite/google/protobuf/extension_set.h:40,
2026-10-06T16:44:21.8027497Z                  from bazel-out/k8-opt/bin/external/protobuf+/src/google/protobuf/_virtual_includes/protobuf/google/protobuf/descriptor.h:56,
2026-10-06T16:44:21.8029783Z                  from bazel-out/k8-opt/bin/external/protobuf+/src/google/protobuf/_virtual_includes/protobuf/google/protobuf/dynamic_message.h:27,
2026-10-06T16:44:21.8031361Z                  from external/protobuf+/src/google/protobuf/dynamic_message.cc:42:
2026-10-06T16:44:21.8033319Z bazel-out/k8-opt/bin/external/protobuf+/src/google/protobuf/_virtual_includes/protobuf_lite/google/protobuf/repeated_ptr_field.h:1380:8: note: declared here
2026-10-06T16:44:21.8035051Z  1380 | inline RepeatedPtrField<Element>::RepeatedPtrField(Arena* arena)
2026-10-06T16:44:21.8035974Z       |        ^~~~~~~~~~~~~~~~~~~~~~~~~
2026-10-06T16:44:21.8037274Z external/protobuf+/src/google/protobuf/dynamic_message.cc: In member function 'void google::protobuf::DynamicMessage::SharedCtor(bool)':
2026-10-06T16:44:21.8040362Z external/protobuf+/src/google/protobuf/dynamic_message.cc:574:66: warning: 'google::protobuf::RepeatedPtrField<T>::RepeatedPtrField(google::protobuf::Arena*) [with Element = std::__cxx11::basic_string<char>]' is deprecated: Use Arena::Create<RepeatedPtrField<...>>(Arena*) instead [-Wdeprecated-declarations]
2026-10-06T16:44:21.8043185Z   574 |               new (field_ptr) RepeatedPtrField<std::string>(arena);
2026-10-06T16:44:21.8044352Z       |                                                                  ^
2026-10-06T16:44:21.8045910Z bazel-out/k8-opt/bin/external/protobuf+/src/google/protobuf/_virtual_includes/protobuf_lite/google/protobuf/repeated_ptr_field.h:1380:8: note: declared here
2026-10-06T16:44:21.8047615Z  1380 | inline RepeatedPtrField<Element>::RepeatedPtrField(Arena* arena)
2026-10-06T16:44:21.8048513Z       |        ^~~~~~~~~~~~~~~~~~~~~~~~~
2026-10-06T16:44:21.8050826Z external/protobuf+/src/google/protobuf/dynamic_message.cc:602:60: warning: 'google::protobuf::RepeatedPtrField<T>::RepeatedPtrField(google::protobuf::Arena*) [with Element = google::protobuf::Message]' is deprecated: Use Arena::Create<RepeatedPtrField<...>>(Arena*) instead [-Wdeprecated-declarations]
2026-10-06T16:44:21.8053523Z   602 |             new (field_ptr) RepeatedPtrField<Message>(arena);
2026-10-06T16:44:21.8054418Z       |                                                            ^
2026-10-06T16:44:21.8055755Z bazel-out/k8-opt/bin/external/protobuf+/src/google/protobuf/_virtual_includes/protobuf_lite/google/protobuf/repeated_ptr_field.h:1380:8: note: declared here
2026-10-06T16:44:21.8057433Z  1380 | inline RepeatedPtrField<Element>::RepeatedPtrField(Arena* arena)
2026-10-06T16:44:21.8058696Z       |        ^~~~~~~~~~~~~~~~~~~~~~~~~
2026-10-06T16:44:21.8059995Z external/protobuf+/src/google/protobuf/dynamic_message.cc: In member function 'void google::protobuf::DynamicMessage::CrossLinkPrototypes()':
2026-10-06T16:44:21.8062081Z external/protobuf+/src/google/protobuf/dynamic_message.cc:774:31: warning: 'bool google::protobuf::FieldOptions::weak() const' is deprecated [-Wdeprecated-declarations]
2026-10-06T16:44:21.8063880Z   774 |         !field->options().weak() && !InRealOneof(field) &&
2026-10-06T16:44:21.8064588Z       |          ~~~~~~~~~~~~~~~~~~~~~^~
2026-10-06T16:44:21.8065513Z In file included from external/protobuf+/src/google/protobuf/dynamic_message.cc:60:
2026-10-06T16:44:21.8067163Z bazel-out/k8-opt/bin/external/protobuf+/src/google/protobuf/_virtual_includes/protobuf/google/protobuf/descriptor.pb.h:18861:13: note: declared here
2026-10-06T16:44:21.8068576Z 18861 | inline bool FieldOptions::weak() const {
2026-10-06T16:44:21.8069224Z       |             ^~~~~~~~~~~~
2026-10-06T16:44:22.3735077Z [825 / 944] Compiling src/google/protobuf/util/message_differencer.cc; 7s processwrapper-sandbox ... (4 actions running)
2026-10-06T16:44:23.7843824Z INFO: From Compiling src/google/protobuf/compiler/cpp/field_chunk.cc [for tool]:
2026-10-06T16:44:23.7903779Z In file included from bazel-out/k8-opt-exec-ST-d57f47055a04/bin/external/protobuf+/src/google/protobuf/compiler/cpp/_virtual_includes/cpp/google/protobuf/compiler/cpp/field_chunk.h:10,
2026-10-06T16:44:23.7933066Z                  from external/protobuf+/src/google/protobuf/compiler/cpp/field_chunk.cc:1:
2026-10-06T16:44:23.7954361Z bazel-out/k8-opt-exec-ST-d57f47055a04/bin/external/protobuf+/src/google/protobuf/compiler/cpp/_virtual_includes/names_internal/google/protobuf/compiler/cpp/helpers.h: In function 'bool google::protobuf::compiler::cpp::IsWeak(const google::protobuf::FieldDescriptor*, const Options&)':
2026-10-06T16:44:23.7964508Z bazel-out/k8-opt-exec-ST-d57f47055a04/bin/external/protobuf+/src/google/protobuf/compiler/cpp/_virtual_includes/names_internal/google/protobuf/compiler/cpp/helpers.h:347:28: warning: 'bool google::protobuf::FieldOptions::weak() const' is deprecated [-Wdeprecated-declarations]
2026-10-06T16:44:23.7992885Z   347 |   if (field->options().weak()) {
2026-10-06T16:44:23.8011695Z       |       ~~~~~~~~~~~~~~~~~~~~~^~
2026-10-06T16:44:23.8013809Z In file included from bazel-out/k8-opt-exec-ST-d57f47055a04/bin/external/protobuf+/src/google/protobuf/compiler/_virtual_includes/code_generator_lite/google/protobuf/compiler/code_generator_lite.h:18,
2026-10-06T16:44:23.8016323Z                  from bazel-out/k8-opt-exec-ST-d57f47055a04/bin/external/protobuf+/src/google/protobuf/compiler/_virtual_includes/code_generator/google/protobuf/compiler/code_generator.h:25,
2026-10-06T16:44:23.8018802Z                  from bazel-out/k8-opt-exec-ST-d57f47055a04/bin/external/protobuf+/src/google/protobuf/compiler/cpp/_virtual_includes/names_internal/google/protobuf/compiler/cpp/helpers.h:29:
2026-10-06T16:44:23.8020860Z bazel-out/k8-opt-exec-ST-d57f47055a04/bin/external/protobuf+/src/google/protobuf/_virtual_includes/protobuf/google/protobuf/descriptor.pb.h:18861:13: note: declared here
2026-10-06T16:44:23.8022473Z 18861 | inline bool FieldOptions::weak() const {
2026-10-06T16:44:23.8023092Z       |             ^~~~~~~~~~~~
2026-10-06T16:44:23.8024014Z [826 / 944] Compiling src/google/protobuf/util/message_differencer.cc; 8s processwrapper-sandbox ... (4 actions, 3 running)
2026-10-06T16:44:25.3226581Z INFO: From Compiling src/google/protobuf/util/message_differencer.cc:
2026-10-06T16:44:25.3243287Z In file included from external/protobuf+/src/google/protobuf/util/message_differencer.cc:36:
2026-10-06T16:44:25.3274514Z bazel-out/k8-opt/bin/external/protobuf+/src/google/protobuf/_virtual_includes/protobuf/google/protobuf/map_field.h: In constructor 'google::protobuf::internal::MapFieldBase::ReflectionPayload::ReflectionPayload(google::protobuf::Arena*, const google::protobuf::Message*)':
2026-10-06T16:44:25.3295394Z bazel-out/k8-opt/bin/external/protobuf+/src/google/protobuf/_virtual_includes/protobuf/google/protobuf/map_field.h:416:11: warning: 'google::protobuf::RepeatedPtrField<T>::RepeatedPtrField(google::protobuf::Arena*) [with Element = google::protobuf::Message]' is deprecated: Use Arena::Create<RepeatedPtrField<...>>(Arena*) instead [-Wdeprecated-declarations]
2026-10-06T16:44:25.3298502Z   416 |         : repeated_field_(arena), prototype_(prototype) {}
2026-10-06T16:44:25.3299274Z       |           ^~~~~~~~~~~~~~~~~~~~~~
2026-10-06T16:44:25.3300596Z In file included from bazel-out/k8-opt/bin/external/protobuf+/src/google/protobuf/_virtual_includes/protobuf_lite/google/protobuf/repeated_field.h:46,
2026-10-06T16:44:25.3302943Z                  from bazel-out/k8-opt/bin/external/protobuf+/src/google/protobuf/_virtual_includes/protobuf_lite/google/protobuf/parse_context.h:39,
2026-10-06T16:44:25.3305357Z                  from bazel-out/k8-opt/bin/external/protobuf+/src/google/protobuf/_virtual_includes/protobuf_lite/google/protobuf/generated_message_tctable_decl.h:25,
2026-10-06T16:44:25.3307522Z                  from bazel-out/k8-opt/bin/external/protobuf+/src/google/protobuf/_virtual_includes/protobuf_lite/google/protobuf/extension_set.h:40,
2026-10-06T16:44:25.3309441Z                  from bazel-out/k8-opt/bin/external/protobuf+/src/google/protobuf/_virtual_includes/protobuf/google/protobuf/descriptor.h:56,
2026-10-06T16:44:25.3311250Z                  from bazel-out/k8-opt/bin/external/protobuf+/src/google/protobuf/util/_virtual_includes/differencer/google/protobuf/util/message_differencer.h:33,
2026-10-06T16:44:25.3313994Z                  from external/protobuf+/src/google/protobuf/util/message_differencer.cc:12:
2026-10-06T16:44:25.3315626Z bazel-out/k8-opt/bin/external/protobuf+/src/google/protobuf/_virtual_includes/protobuf_lite/google/protobuf/repeated_ptr_field.h:1380:8: note: declared here
2026-10-06T16:44:25.3317330Z  1380 | inline RepeatedPtrField<Element>::RepeatedPtrField(Arena* arena)
2026-10-06T16:44:25.3344887Z       |        ^~~~~~~~~~~~~~~~~~~~~~~~~
2026-10-06T16:44:25.3345936Z [828 / 944] Compiling src/google/protobuf/extension_set_heavy.cc; 3s processwrapper-sandbox ... (4 actions, 3 running)
2026-10-06T16:44:26.3700172Z [830 / 944] Compiling src/google/protobuf/compiler/cpp/field_generators/cord_field.cc [for tool]; 2s processwrapper-sandbox ... (4 actions running)
2026-10-06T16:44:29.8233889Z INFO: From Compiling src/google/protobuf/compiler/cpp/field_generators/cord_field.cc [for tool]:
2026-10-06T16:44:29.8258902Z In file included from bazel-out/k8-opt-exec-ST-d57f47055a04/bin/external/protobuf+/src/google/protobuf/compiler/cpp/_virtual_includes/cpp/google/protobuf/compiler/cpp/field.h:26,
2026-10-06T16:44:29.8311586Z                  from external/protobuf+/src/google/protobuf/compiler/cpp/field_generators/cord_field.cc:23:
2026-10-06T16:44:29.8344409Z bazel-out/k8-opt-exec-ST-d57f47055a04/bin/external/protobuf+/src/google/protobuf/compiler/cpp/_virtual_includes/names_internal/google/protobuf/compiler/cpp/helpers.h: In function 'bool google::protobuf::compiler::cpp::IsWeak(const google::protobuf::FieldDescriptor*, const Options&)':
2026-10-06T16:44:29.8374059Z bazel-out/k8-opt-exec-ST-d57f47055a04/bin/external/protobuf+/src/google/protobuf/compiler/cpp/_virtual_includes/names_internal/google/protobuf/compiler/cpp/helpers.h:347:28: warning: 'bool google::protobuf::FieldOptions::weak() const' is deprecated [-Wdeprecated-declarations]
2026-10-06T16:44:29.8376108Z   347 |   if (field->options().weak()) {
2026-10-06T16:44:29.8397285Z       |       ~~~~~~~~~~~~~~~~~~~~~^~
2026-10-06T16:44:29.8444011Z In file included from bazel-out/k8-opt-exec-ST-d57f47055a04/bin/external/protobuf+/src/google/protobuf/compiler/_virtual_includes/code_generator_lite/google/protobuf/compiler/code_generator_lite.h:18,
2026-10-06T16:44:29.8446322Z                  from bazel-out/k8-opt-exec-ST-d57f47055a04/bin/external/protobuf+/src/google/protobuf/compiler/_virtual_includes/code_generator/google/protobuf/compiler/code_generator.h:25,
2026-10-06T16:44:29.8448438Z                  from bazel-out/k8-opt-exec-ST-d57f47055a04/bin/external/protobuf+/src/google/protobuf/compiler/cpp/_virtual_includes/names_internal/google/protobuf/compiler/cpp/helpers.h:29:
2026-10-06T16:44:29.8450452Z bazel-out/k8-opt-exec-ST-d57f47055a04/bin/external/protobuf+/src/google/protobuf/_virtual_includes/protobuf/google/protobuf/descriptor.pb.h:18861:13: note: declared here
2026-10-06T16:44:29.8451769Z 18861 | inline bool FieldOptions::weak() const {
2026-10-06T16:44:29.8452493Z       |             ^~~~~~~~~~~~
2026-10-06T16:44:29.8453472Z [831 / 944] Compiling src/google/protobuf/generated_message_reflection.cc [for tool]; 5s processwrapper-sandbox ... (4 actions, 3 running)
2026-10-06T16:44:31.3398612Z [833 / 944] Compiling src/google/protobuf/generated_message_reflection.cc [for tool]; 7s processwrapper-sandbox ... (4 actions, 3 running)
2026-10-06T16:44:32.4103938Z [833 / 944] Compiling src/google/protobuf/generated_message_reflection.cc [for tool]; 8s processwrapper-sandbox ... (4 actions running)
2026-10-06T16:44:33.9423946Z [834 / 944] Compiling src/google/protobuf/generated_message_reflection.cc [for tool]; 10s processwrapper-sandbox ... (4 actions, 3 running)
2026-10-06T16:44:35.4092768Z [834 / 944] Compiling src/google/protobuf/generated_message_reflection.cc [for tool]; 11s processwrapper-sandbox ... (4 actions running)
2026-10-06T16:44:36.1348204Z INFO: From Compiling src/google/protobuf/compiler/cpp/field_generators/enum_field.cc [for tool]:
2026-10-06T16:44:36.1403740Z In file included from bazel-out/k8-opt-exec-ST-d57f47055a04/bin/external/protobuf+/src/google/protobuf/compiler/cpp/_virtual_includes/cpp/google/protobuf/compiler/cpp/field.h:26,
2026-10-06T16:44:36.1423240Z                  from external/protobuf+/src/google/protobuf/compiler/cpp/field_generators/enum_field.cc:20:
2026-10-06T16:44:36.1444359Z bazel-out/k8-opt-exec-ST-d57f47055a04/bin/external/protobuf+/src/google/protobuf/compiler/cpp/_virtual_includes/names_internal/google/protobuf/compiler/cpp/helpers.h: In function 'bool google::protobuf::compiler::cpp::IsWeak(const google::protobuf::FieldDescriptor*, const Options&)':
2026-10-06T16:44:36.1474307Z bazel-out/k8-opt-exec-ST-d57f47055a04/bin/external/protobuf+/src/google/protobuf/compiler/cpp/_virtual_includes/names_internal/google/protobuf/compiler/cpp/helpers.h:347:28: warning: 'bool google::protobuf::FieldOptions::weak() const' is deprecated [-Wdeprecated-declarations]
2026-10-06T16:44:36.1502799Z   347 |   if (field->options().weak()) {
2026-10-06T16:44:36.1542778Z       |       ~~~~~~~~~~~~~~~~~~~~~^~
2026-10-06T16:44:36.1553717Z In file included from bazel-out/k8-opt-exec-ST-d57f47055a04/bin/external/protobuf+/src/google/protobuf/compiler/_virtual_includes/code_generator_lite/google/protobuf/compiler/code_generator_lite.h:18,
2026-10-06T16:44:36.1556520Z                  from bazel-out/k8-opt-exec-ST-d57f47055a04/bin/external/protobuf+/src/google/protobuf/compiler/_virtual_includes/code_generator/google/protobuf/compiler/code_generator.h:25,
2026-10-06T16:44:36.1573852Z                  from bazel-out/k8-opt-exec-ST-d57f47055a04/bin/external/protobuf+/src/google/protobuf/compiler/cpp/_virtual_includes/names_internal/google/protobuf/compiler/cpp/helpers.h:29:
2026-10-06T16:44:36.1603767Z bazel-out/k8-opt-exec-ST-d57f47055a04/bin/external/protobuf+/src/google/protobuf/_virtual_includes/protobuf/google/protobuf/descriptor.pb.h:18861:13: note: declared here
2026-10-06T16:44:36.1612861Z 18861 | inline bool FieldOptions::weak() const {
2026-10-06T16:44:36.1642729Z       |             ^~~~~~~~~~~~
2026-10-06T16:44:36.4123181Z [835 / 944] Compiling src/google/protobuf/generated_message_reflection.cc [for tool]; 12s processwrapper-sandbox ... (4 actions running)
2026-10-06T16:44:36.5373543Z INFO: From Compiling src/google/protobuf/generated_message_reflection.cc [for tool]:
2026-10-06T16:44:36.5393268Z In file included from external/protobuf+/src/google/protobuf/generated_message_reflection.cc:51:
2026-10-06T16:44:36.5424677Z bazel-out/k8-opt-exec-ST-d57f47055a04/bin/external/protobuf+/src/google/protobuf/_virtual_includes/protobuf/google/protobuf/map_field.h: In constructor 'google::protobuf::internal::MapFieldBase::ReflectionPayload::ReflectionPayload(google::protobuf::Arena*, const google::protobuf::Message*)':
2026-10-06T16:44:36.5445030Z bazel-out/k8-opt-exec-ST-d57f47055a04/bin/external/protobuf+/src/google/protobuf/_virtual_includes/protobuf/google/protobuf/map_field.h:416:11: warning: 'google::protobuf::RepeatedPtrField<T>::RepeatedPtrField(google::protobuf::Arena*) [with Element = google::protobuf::Message]' is deprecated: Use Arena::Create<RepeatedPtrField<...>>(Arena*) instead [-Wdeprecated-declarations]
2026-10-06T16:44:36.5472800Z   416 |         : repeated_field_(arena), prototype_(prototype) {}
2026-10-06T16:44:36.5482823Z       |           ^~~~~~~~~~~~~~~~~~~~~~
2026-10-06T16:44:36.5513639Z In file included from bazel-out/k8-opt-exec-ST-d57f47055a04/bin/external/protobuf+/src/google/protobuf/_virtual_includes/protobuf_lite/google/protobuf/repeated_field.h:46,
2026-10-06T16:44:36.5532755Z                  from bazel-out/k8-opt-exec-ST-d57f47055a04/bin/external/protobuf+/src/google/protobuf/_virtual_includes/protobuf_lite/google/protobuf/parse_context.h:39,
2026-10-06T16:44:36.5550955Z                  from bazel-out/k8-opt-exec-ST-d57f47055a04/bin/external/protobuf+/src/google/protobuf/_virtual_includes/protobuf_lite/google/protobuf/generated_message_tctable_decl.h:25,
2026-10-06T16:44:36.5563799Z                  from bazel-out/k8-opt-exec-ST-d57f47055a04/bin/external/protobuf+/src/google/protobuf/_virtual_includes/protobuf_lite/google/protobuf/extension_set.h:40,
2026-10-06T16:44:36.5566193Z                  from bazel-out/k8-opt-exec-ST-d57f47055a04/bin/external/protobuf+/src/google/protobuf/_virtual_includes/protobuf/google/protobuf/descriptor.h:56,
2026-10-06T16:44:36.5568569Z                  from bazel-out/k8-opt-exec-ST-d57f47055a04/bin/external/protobuf+/src/google/protobuf/_virtual_includes/protobuf/google/protobuf/generated_message_reflection.h:26,
2026-10-06T16:44:36.5570421Z                  from external/protobuf+/src/google/protobuf/generated_message_reflection.cc:12:
2026-10-06T16:44:36.5572608Z bazel-out/k8-opt-exec-ST-d57f47055a04/bin/external/protobuf+/src/google/protobuf/_virtual_includes/protobuf_lite/google/protobuf/repeated_ptr_field.h:1380:8: note: declared here
2026-10-06T16:44:36.5574519Z  1380 | inline RepeatedPtrField<Element>::RepeatedPtrField(Arena* arena)
2026-10-06T16:44:36.5575454Z       |        ^~~~~~~~~~~~~~~~~~~~~~~~~
2026-10-06T16:44:36.5577405Z external/protobuf+/src/google/protobuf/generated_message_reflection.cc: In member function 'const google::protobuf::Message* google::protobuf::Reflection::GetDefaultMessageInstance(const google::protobuf::FieldDescriptor*) const':
2026-10-06T16:44:36.5580780Z external/protobuf+/src/google/protobuf/generated_message_reflection.cc:2526:55: warning: 'bool google::protobuf::FieldOptions::weak() const' is deprecated [-Wdeprecated-declarations]
2026-10-06T16:44:36.5583006Z  2526 |   if (!field->is_extension() && !field->options().weak() &&
2026-10-06T16:44:36.5583936Z       |                                  ~~~~~~~~~~~~~~~~~~~~~^~
2026-10-06T16:44:36.5585147Z In file included from external/protobuf+/src/google/protobuf/generated_message_reflection.cc:41:
2026-10-06T16:44:36.5588274Z bazel-out/k8-opt-exec-ST-d57f47055a04/bin/external/protobuf+/src/google/protobuf/_virtual_includes/protobuf/google/protobuf/descriptor.pb.h:18861:13: note: declared here
2026-10-06T16:44:36.5589994Z 18861 | inline bool FieldOptions::weak() const {
2026-10-06T16:44:36.5590766Z       |             ^~~~~~~~~~~~
2026-10-06T16:44:36.5591669Z In file included from external/abseil-cpp+/absl/log/internal/check_impl.h:20,
2026-10-06T16:44:36.5593058Z                  from external/abseil-cpp+/absl/log/absl_check.h:38,
2026-10-06T16:44:36.5594838Z                  from bazel-out/k8-opt-exec-ST-d57f47055a04/bin/external/protobuf+/src/google/protobuf/_virtual_includes/protobuf/google/protobuf/generated_message_reflection.h:25:
2026-10-06T16:44:36.5597666Z external/protobuf+/src/google/protobuf/generated_message_reflection.cc: In member function 'bool google::protobuf::Reflection::HasFieldWithHasbits(const google::protobuf::Message&, const google::protobuf::FieldDescriptor*) const':
2026-10-06T16:44:36.5600573Z external/protobuf+/src/google/protobuf/generated_message_reflection.cc:3290:37: warning: 'bool google::protobuf::FieldOptions::weak() const' is deprecated [-Wdeprecated-declarations]
2026-10-06T16:44:36.5602640Z  3290 |   ABSL_DCHECK(!field->options().weak());
2026-10-06T16:44:36.5603544Z       |                ~~~~~~~~~~~~~~~~~~~~~^~
2026-10-06T16:44:36.5604818Z external/abseil-cpp+/absl/log/internal/conditions.h:68:7: note: in definition of macro 'ABSL_LOG_INTERNAL_STATELESS_CONDITION'
2026-10-06T16:44:36.5606328Z    68 |     !(condition) ? (void)0 : ::absl::log_internal::Voidify() &&
2026-10-06T16:44:36.5607194Z       |       ^~~~~~~~~
2026-10-06T16:44:36.5608349Z external/abseil-cpp+/absl/log/internal/check_impl.h:26:3: note: in expansion of macro 'ABSL_LOG_INTERNAL_CONDITION_FATAL'
2026-10-06T16:44:36.5609776Z    26 |   ABSL_LOG_INTERNAL_CONDITION_FATAL(STATELESS,                        \
2026-10-06T16:44:36.5610717Z       |   ^~~~~~~~~~~~~~~~~~~~~~~~~~~~~~~~~
2026-10-06T16:44:36.5611837Z external/abseil-cpp+/absl/log/internal/check_impl.h:27:37: note: in expansion of macro 'ABSL_PREDICT_FALSE'
2026-10-06T16:44:36.5613441Z    27 |                                     ABSL_PREDICT_FALSE(!(condition))) \
2026-10-06T16:44:36.5614619Z       |                                     ^~~~~~~~~~~~~~~~~~
2026-10-06T16:44:36.5615872Z external/abseil-cpp+/absl/log/internal/check_impl.h:43:3: note: in expansion of macro 'ABSL_LOG_INTERNAL_CHECK_IMPL'
2026-10-06T16:44:36.5617224Z    43 |   ABSL_LOG_INTERNAL_CHECK_IMPL(true || (condition), "true")
2026-10-06T16:44:36.5618104Z       |   ^~~~~~~~~~~~~~~~~~~~~~~~~~~~
2026-10-06T16:44:36.5619221Z external/abseil-cpp+/absl/log/absl_check.h:47:3: note: in expansion of macro 'ABSL_LOG_INTERNAL_DCHECK_IMPL'
2026-10-06T16:44:36.5620485Z    47 |   ABSL_LOG_INTERNAL_DCHECK_IMPL((condition), #condition)
2026-10-06T16:44:36.5621329Z       |   ^~~~~~~~~~~~~~~~~~~~~~~~~~~~~
2026-10-06T16:44:36.5622903Z external/protobuf+/src/google/protobuf/generated_message_reflection.cc:3290:3: note: in expansion of macro 'ABSL_DCHECK'
2026-10-06T16:44:36.5624265Z  3290 |   ABSL_DCHECK(!field->options().weak());
2026-10-06T16:44:36.5625056Z       |   ^~~~~~~~~~~
2026-10-06T16:44:36.5626540Z bazel-out/k8-opt-exec-ST-d57f47055a04/bin/external/protobuf+/src/google/protobuf/_virtual_includes/protobuf/google/protobuf/descriptor.pb.h:18861:13: note: declared here
2026-10-06T16:44:36.5628204Z 18861 | inline bool FieldOptions::weak() const {
2026-10-06T16:44:36.5628968Z       |             ^~~~~~~~~~~~
2026-10-06T16:44:36.5631011Z external/protobuf+/src/google/protobuf/generated_message_reflection.cc: In member function 'void google::protobuf::Reflection::SetHasBit(google::protobuf::Message*, const google::protobuf::FieldDescriptor*) const':
2026-10-06T16:44:36.5634168Z external/protobuf+/src/google/protobuf/generated_message_reflection.cc:3323:37: warning: 'bool google::protobuf::FieldOptions::weak() const' is deprecated [-Wdeprecated-declarations]
2026-10-06T16:44:36.5635851Z  3323 |   ABSL_DCHECK(!field->options().weak());
2026-10-06T16:44:36.5636584Z       |                ~~~~~~~~~~~~~~~~~~~~~^~
2026-10-06T16:44:36.5637804Z external/abseil-cpp+/absl/log/internal/conditions.h:68:7: note: in definition of macro 'ABSL_LOG_INTERNAL_STATELESS_CONDITION'
2026-10-06T16:44:36.5639240Z    68 |     !(condition) ? (void)0 : ::absl::log_internal::Voidify() &&
2026-10-06T16:44:36.5640092Z       |       ^~~~~~~~~
2026-10-06T16:44:36.5641161Z external/abseil-cpp+/absl/log/internal/check_impl.h:26:3: note: in expansion of macro 'ABSL_LOG_INTERNAL_CONDITION_FATAL'
2026-10-06T16:44:36.5642825Z    26 |   ABSL_LOG_INTERNAL_CONDITION_FATAL(STATELESS,                        \
2026-10-06T16:44:36.5643748Z       |   ^~~~~~~~~~~~~~~~~~~~~~~~~~~~~~~~~
2026-10-06T16:44:36.5644861Z external/abseil-cpp+/absl/log/internal/check_impl.h:27:37: note: in expansion of macro 'ABSL_PREDICT_FALSE'
2026-10-06T16:44:36.5646112Z    27 |                                     ABSL_PREDICT_FALSE(!(condition))) \
2026-10-06T16:44:36.5647000Z       |                                     ^~~~~~~~~~~~~~~~~~
2026-10-06T16:44:36.5648278Z external/abseil-cpp+/absl/log/internal/check_impl.h:43:3: note: in expansion of macro 'ABSL_LOG_INTERNAL_CHECK_IMPL'
2026-10-06T16:44:36.5649632Z    43 |   ABSL_LOG_INTERNAL_CHECK_IMPL(true || (condition), "true")
2026-10-06T16:44:36.5650476Z       |   ^~~~~~~~~~~~~~~~~~~~~~~~~~~~
2026-10-06T16:44:36.5651523Z external/abseil-cpp+/absl/log/absl_check.h:47:3: note: in expansion of macro 'ABSL_LOG_INTERNAL_DCHECK_IMPL'
2026-10-06T16:44:36.5653011Z    47 |   ABSL_LOG_INTERNAL_DCHECK_IMPL((condition), #condition)
2026-10-06T16:44:36.5653832Z       |   ^~~~~~~~~~~~~~~~~~~~~~~~~~~~~
2026-10-06T16:44:36.5655036Z external/protobuf+/src/google/protobuf/generated_message_reflection.cc:3323:3: note: in expansion of macro 'ABSL_DCHECK'
2026-10-06T16:44:36.5656322Z  3323 |   ABSL_DCHECK(!field->options().weak());
2026-10-06T16:44:36.5657090Z       |   ^~~~~~~~~~~
2026-10-06T16:44:36.5658566Z bazel-out/k8-opt-exec-ST-d57f47055a04/bin/external/protobuf+/src/google/protobuf/_virtual_includes/protobuf/google/protobuf/descriptor.pb.h:18861:13: note: declared here
2026-10-06T16:44:36.5660669Z 18861 | inline bool FieldOptions::weak() const {
2026-10-06T16:44:36.5661483Z       |             ^~~~~~~~~~~~
2026-10-06T16:44:36.5663544Z external/protobuf+/src/google/protobuf/generated_message_reflection.cc: In member function 'void google::protobuf::Reflection::ClearHasBit(google::protobuf::Message*, const google::protobuf::FieldDescriptor*) const':
2026-10-06T16:44:36.5666467Z external/protobuf+/src/google/protobuf/generated_message_reflection.cc:3332:37: warning: 'bool google::protobuf::FieldOptions::weak() const' is deprecated [-Wdeprecated-declarations]
2026-10-06T16:44:36.5668183Z  3332 |   ABSL_DCHECK(!field->options().weak());
2026-10-06T16:44:36.5668967Z       |                ~~~~~~~~~~~~~~~~~~~~~^~
2026-10-06T16:44:36.5670246Z external/abseil-cpp+/absl/log/internal/conditions.h:68:7: note: in definition of macro 'ABSL_LOG_INTERNAL_STATELESS_CONDITION'
2026-10-06T16:44:36.5671716Z    68 |     !(condition) ? (void)0 : ::absl::log_internal::Voidify() &&
2026-10-06T16:44:36.5672848Z       |       ^~~~~~~~~
2026-10-06T16:44:36.5673992Z external/abseil-cpp+/absl/log/internal/check_impl.h:26:3: note: in expansion of macro 'ABSL_LOG_INTERNAL_CONDITION_FATAL'
2026-10-06T16:44:36.5675414Z    26 |   ABSL_LOG_INTERNAL_CONDITION_FATAL(STATELESS,                        \
2026-10-06T16:44:36.5676321Z       |   ^~~~~~~~~~~~~~~~~~~~~~~~~~~~~~~~~
2026-10-06T16:44:36.5677686Z external/abseil-cpp+/absl/log/internal/check_impl.h:27:37: note: in expansion of macro 'ABSL_PREDICT_FALSE'
2026-10-06T16:44:36.5678959Z    27 |                                     ABSL_PREDICT_FALSE(!(condition))) \
2026-10-06T16:44:36.5679887Z       |                                     ^~~~~~~~~~~~~~~~~~
2026-10-06T16:44:36.5681153Z external/abseil-cpp+/absl/log/internal/check_impl.h:43:3: note: in expansion of macro 'ABSL_LOG_INTERNAL_CHECK_IMPL'
2026-10-06T16:44:36.5682794Z    43 |   ABSL_LOG_INTERNAL_CHECK_IMPL(true || (condition), "true")
2026-10-06T16:44:36.5683637Z       |   ^~~~~~~~~~~~~~~~~~~~~~~~~~~~
2026-10-06T16:44:36.5684741Z external/abseil-cpp+/absl/log/absl_check.h:47:3: note: in expansion of macro 'ABSL_LOG_INTERNAL_DCHECK_IMPL'
2026-10-06T16:44:36.5685990Z    47 |   ABSL_LOG_INTERNAL_DCHECK_IMPL((condition), #condition)
2026-10-06T16:44:36.5686812Z       |   ^~~~~~~~~~~~~~~~~~~~~~~~~~~~~
2026-10-06T16:44:36.5688066Z external/protobuf+/src/google/protobuf/generated_message_reflection.cc:3332:3: note: in expansion of macro 'ABSL_DCHECK'
2026-10-06T16:44:36.5689410Z  3332 |   ABSL_DCHECK(!field->options().weak());
2026-10-06T16:44:36.5690162Z       |   ^~~~~~~~~~~
2026-10-06T16:44:36.5691673Z bazel-out/k8-opt-exec-ST-d57f47055a04/bin/external/protobuf+/src/google/protobuf/_virtual_includes/protobuf/google/protobuf/descriptor.pb.h:18861:13: note: declared here
2026-10-06T16:44:36.5693602Z 18861 | inline bool FieldOptions::weak() const {
2026-10-06T16:44:36.5694455Z       |             ^~~~~~~~~~~~
2026-10-06T16:44:36.5696466Z external/protobuf+/src/google/protobuf/generated_message_reflection.cc: In member function 'void google::protobuf::Reflection::NaiveSwapHasBit(google::protobuf::Message*, google::protobuf::Message*, const google::protobuf::FieldDescriptor*) const':
2026-10-06T16:44:36.5699451Z external/protobuf+/src/google/protobuf/generated_message_reflection.cc:3341:37: warning: 'bool google::protobuf::FieldOptions::weak() const' is deprecated [-Wdeprecated-declarations]
2026-10-06T16:44:36.5701039Z  3341 |   ABSL_DCHECK(!field->options().weak());
2026-10-06T16:44:36.5701829Z       |                ~~~~~~~~~~~~~~~~~~~~~^~
2026-10-06T16:44:36.5703316Z external/abseil-cpp+/absl/log/internal/conditions.h:68:7: note: in definition of macro 'ABSL_LOG_INTERNAL_STATELESS_CONDITION'
2026-10-06T16:44:36.5704758Z    68 |     !(condition) ? (void)0 : ::absl::log_internal::Voidify() &&
2026-10-06T16:44:36.5705633Z       |       ^~~~~~~~~
2026-10-06T16:44:36.5706776Z external/abseil-cpp+/absl/log/internal/check_impl.h:26:3: note: in expansion of macro 'ABSL_LOG_INTERNAL_CONDITION_FATAL'
2026-10-06T16:44:36.5708170Z    26 |   ABSL_LOG_INTERNAL_CONDITION_FATAL(STATELESS,                        \
2026-10-06T16:44:36.5709445Z       |   ^~~~~~~~~~~~~~~~~~~~~~~~~~~~~~~~~
2026-10-06T16:44:36.5710588Z external/abseil-cpp+/absl/log/internal/check_impl.h:27:37: note: in expansion of macro 'ABSL_PREDICT_FALSE'
2026-10-06T16:44:36.5711867Z    27 |                                     ABSL_PREDICT_FALSE(!(condition))) \
2026-10-06T16:44:36.5713040Z       |                                     ^~~~~~~~~~~~~~~~~~
2026-10-06T16:44:36.5714220Z external/abseil-cpp+/absl/log/internal/check_impl.h:43:3: note: in expansion of macro 'ABSL_LOG_INTERNAL_CHECK_IMPL'
2026-10-06T16:44:36.5715608Z    43 |   ABSL_LOG_INTERNAL_CHECK_IMPL(true || (condition), "true")
2026-10-06T16:44:36.5716474Z       |   ^~~~~~~~~~~~~~~~~~~~~~~~~~~~
2026-10-06T16:44:36.5717572Z external/abseil-cpp+/absl/log/absl_check.h:47:3: note: in expansion of macro 'ABSL_LOG_INTERNAL_DCHECK_IMPL'
2026-10-06T16:44:36.5718826Z    47 |   ABSL_LOG_INTERNAL_DCHECK_IMPL((condition), #condition)
2026-10-06T16:44:36.5719679Z       |   ^~~~~~~~~~~~~~~~~~~~~~~~~~~~~
2026-10-06T16:44:36.5720896Z external/protobuf+/src/google/protobuf/generated_message_reflection.cc:3341:3: note: in expansion of macro 'ABSL_DCHECK'
2026-10-06T16:44:36.5722520Z  3341 |   ABSL_DCHECK(!field->options().weak());
2026-10-06T16:44:36.5723263Z       |   ^~~~~~~~~~~
2026-10-06T16:44:36.5724943Z bazel-out/k8-opt-exec-ST-d57f47055a04/bin/external/protobuf+/src/google/protobuf/_virtual_includes/protobuf/google/protobuf/descriptor.pb.h:18861:13: note: declared here
2026-10-06T16:44:36.5726622Z 18861 | inline bool FieldOptions::weak() const {
2026-10-06T16:44:36.5727361Z       |             ^~~~~~~~~~~~
2026-10-06T16:44:36.5732383Z bazel-out/k8-opt-exec-ST-d57f47055a04/bin/external/protobuf+/src/google/protobuf/_virtual_includes/protobuf/google/protobuf/reflection_visit_fields.h: In instantiation of 'static void google::protobuf::internal::ReflectionVisit::VisitFields(MessageT&, CallbackFn&&, google::protobuf::internal::FieldMask) [with MessageT = google::protobuf::Message; CallbackFn = google::protobuf::internal::ReflectionVisit::VisitMessageFields<google::protobuf::Reflection::MaybePoisonAfterClear(google::protobuf::Message&) const::<lambda(google::protobuf::Message&)> >(google::protobuf::Message&, google::protobuf::Reflection::MaybePoisonAfterClear(google::protobuf::Message&) const::<lambda(google::protobuf::Message&)>&&)::<lambda(auto:42)>]':
2026-10-06T16:44:36.5739785Z bazel-out/k8-opt-exec-ST-d57f47055a04/bin/external/protobuf+/src/google/protobuf/_virtual_includes/protobuf/google/protobuf/reflection_visit_fields.h:447:31:   required from 'static void google::protobuf::internal::ReflectionVisit::VisitMessageFields(google::protobuf::Message&, CallbackFn&&) [with CallbackFn = google::protobuf::Reflection::MaybePoisonAfterClear(google::protobuf::Message&) const::<lambda(google::protobuf::Message&)>]'
2026-10-06T16:44:36.5745897Z bazel-out/k8-opt-exec-ST-d57f47055a04/bin/external/protobuf+/src/google/protobuf/_virtual_includes/protobuf/google/protobuf/reflection_visit_fields.h:502:38:   required from 'void google::protobuf::internal::VisitMutableMessageFields(google::protobuf::Message&, CallbackFn&&) [with CallbackFn = google::protobuf::Reflection::MaybePoisonAfterClear(google::protobuf::Message&) const::<lambda(google::protobuf::Message&)>]'
2026-10-06T16:44:36.5749464Z external/protobuf+/src/google/protobuf/generated_message_reflection.cc:1390:40:   required from here
2026-10-06T16:44:36.5752081Z bazel-out/k8-opt-exec-ST-d57f47055a04/bin/external/protobuf+/src/google/protobuf/_virtual_includes/protobuf/google/protobuf/reflection_visit_fields.h:109:39: warning: 'bool google::protobuf::FieldOptions::weak() const' is deprecated [-Wdeprecated-declarations]
2026-10-06T16:44:36.5754808Z   109 |     ABSL_DCHECK(!field->options().weak()) << "weak fields are not supported";
2026-10-06T16:44:36.5755775Z       |                  ~~~~~~~~~~~~~~~~~~~~~^~
2026-10-06T16:44:36.5757066Z external/abseil-cpp+/absl/log/internal/conditions.h:68:7: note: in definition of macro 'ABSL_LOG_INTERNAL_STATELESS_CONDITION'
2026-10-06T16:44:36.5758827Z    68 |     !(condition) ? (void)0 : ::absl::log_internal::Voidify() &&
2026-10-06T16:44:36.5759678Z       |       ^~~~~~~~~
2026-10-06T16:44:36.5760804Z external/abseil-cpp+/absl/log/internal/check_impl.h:26:3: note: in expansion of macro 'ABSL_LOG_INTERNAL_CONDITION_FATAL'
2026-10-06T16:44:36.5762580Z    26 |   ABSL_LOG_INTERNAL_CONDITION_FATAL(STATELESS,                        \
2026-10-06T16:44:36.5763564Z       |   ^~~~~~~~~~~~~~~~~~~~~~~~~~~~~~~~~
2026-10-06T16:44:36.5764888Z external/abseil-cpp+/absl/log/internal/check_impl.h:27:37: note: in expansion of macro 'ABSL_PREDICT_FALSE'
2026-10-06T16:44:36.5766198Z    27 |                                     ABSL_PREDICT_FALSE(!(condition))) \
2026-10-06T16:44:36.5767056Z       |                                     ^~~~~~~~~~~~~~~~~~
2026-10-06T16:44:36.5768588Z external/abseil-cpp+/absl/log/internal/check_impl.h:43:3: note: in expansion of macro 'ABSL_LOG_INTERNAL_CHECK_IMPL'
2026-10-06T16:44:36.5770051Z    43 |   ABSL_LOG_INTERNAL_CHECK_IMPL(true || (condition), "true")
2026-10-06T16:44:36.5770928Z       |   ^~~~~~~~~~~~~~~~~~~~~~~~~~~~
2026-10-06T16:44:36.5772412Z external/abseil-cpp+/absl/log/absl_check.h:47:3: note: in expansion of macro 'ABSL_LOG_INTERNAL_DCHECK_IMPL'
2026-10-06T16:44:36.5773938Z    47 |   ABSL_LOG_INTERNAL_DCHECK_IMPL((condition), #condition)
2026-10-06T16:44:36.5774798Z       |   ^~~~~~~~~~~~~~~~~~~~~~~~~~~~~
2026-10-06T16:44:36.5776520Z bazel-out/k8-opt-exec-ST-d57f47055a04/bin/external/protobuf+/src/google/protobuf/_virtual_includes/protobuf/google/protobuf/reflection_visit_fields.h:109:5: note: in expansion of macro 'ABSL_DCHECK'
2026-10-06T16:44:36.5778582Z   109 |     ABSL_DCHECK(!field->options().weak()) << "weak fields are not supported";
2026-10-06T16:44:36.5779542Z       |     ^~~~~~~~~~~
2026-10-06T16:44:36.5781039Z bazel-out/k8-opt-exec-ST-d57f47055a04/bin/external/protobuf+/src/google/protobuf/_virtual_includes/protobuf/google/protobuf/descriptor.pb.h:18861:13: note: declared here
2026-10-06T16:44:36.5782962Z 18861 | inline bool FieldOptions::weak() const {
2026-10-06T16:44:36.5783738Z       |             ^~~~~~~~~~~~
2026-10-06T16:44:36.5785842Z bazel-out/k8-opt-exec-ST-d57f47055a04/bin/external/protobuf+/src/google/protobuf/_virtual_includes/protobuf/google/protobuf/reflection_visit_fields.h:109:39: warning: 'bool google::protobuf::FieldOptions::weak() const' is deprecated [-Wdeprecated-declarations]
2026-10-06T16:44:36.5788274Z   109 |     ABSL_DCHECK(!field->options().weak()) << "weak fields are not supported";
2026-10-06T16:44:36.5789252Z       |                  ~~~~~~~~~~~~~~~~~~~~~^~
2026-10-06T16:44:36.5790577Z external/abseil-cpp+/absl/log/internal/conditions.h:68:7: note: in definition of macro 'ABSL_LOG_INTERNAL_STATELESS_CONDITION'
2026-10-06T16:44:36.5791961Z    68 |     !(condition) ? (void)0 : ::absl::log_internal::Voidify() &&
2026-10-06T16:44:36.5793083Z       |       ^~~~~~~~~
2026-10-06T16:44:36.5794311Z external/abseil-cpp+/absl/log/internal/check_impl.h:26:3: note: in expansion of macro 'ABSL_LOG_INTERNAL_CONDITION_FATAL'
2026-10-06T16:44:36.5795755Z    26 |   ABSL_LOG_INTERNAL_CONDITION_FATAL(STATELESS,                        \
2026-10-06T16:44:36.5796692Z       |   ^~~~~~~~~~~~~~~~~~~~~~~~~~~~~~~~~
2026-10-06T16:44:36.5797813Z external/abseil-cpp+/absl/log/internal/check_impl.h:27:37: note: in expansion of macro 'ABSL_PREDICT_FALSE'
2026-10-06T16:44:36.5799031Z    27 |                                     ABSL_PREDICT_FALSE(!(condition))) \
2026-10-06T16:44:36.5799884Z       |                                     ^~~~~~~~~~~~~~~~~~
2026-10-06T16:44:36.5801133Z external/abseil-cpp+/absl/log/internal/check_impl.h:43:3: note: in expansion of macro 'ABSL_LOG_INTERNAL_CHECK_IMPL'
2026-10-06T16:44:36.5802732Z    43 |   ABSL_LOG_INTERNAL_CHECK_IMPL(true || (condition), "true")
2026-10-06T16:44:36.5803602Z       |   ^~~~~~~~~~~~~~~~~~~~~~~~~~~~
2026-10-06T16:44:36.5804707Z external/abseil-cpp+/absl/log/absl_check.h:47:3: note: in expansion of macro 'ABSL_LOG_INTERNAL_DCHECK_IMPL'
2026-10-06T16:44:36.5806257Z    47 |   ABSL_LOG_INTERNAL_DCHECK_IMPL((condition), #condition)
2026-10-06T16:44:36.5807083Z       |   ^~~~~~~~~~~~~~~~~~~~~~~~~~~~~
2026-10-06T16:44:36.5808842Z bazel-out/k8-opt-exec-ST-d57f47055a04/bin/external/protobuf+/src/google/protobuf/_virtual_includes/protobuf/google/protobuf/reflection_visit_fields.h:109:5: note: in expansion of macro 'ABSL_DCHECK'
2026-10-06T16:44:36.5810891Z   109 |     ABSL_DCHECK(!field->options().weak()) << "weak fields are not supported";
2026-10-06T16:44:36.5811842Z       |     ^~~~~~~~~~~
2026-10-06T16:44:36.5813581Z bazel-out/k8-opt-exec-ST-d57f47055a04/bin/external/protobuf+/src/google/protobuf/_virtual_includes/protobuf/google/protobuf/descriptor.pb.h:18861:13: note: declared here
2026-10-06T16:44:36.5815250Z 18861 | inline bool FieldOptions::weak() const {
2026-10-06T16:44:36.5816026Z       |             ^~~~~~~~~~~~
2026-10-06T16:44:38.0373868Z [837 / 944] Compiling src/google/protobuf/generated_message_reflection.cc; 4s processwrapper-sandbox ... (4 actions, 3 running)
2026-10-06T16:44:39.1683860Z [839 / 944] Compiling src/google/protobuf/generated_message_reflection.cc; 5s processwrapper-sandbox ... (4 actions, 3 running)
2026-10-06T16:44:40.4134952Z [839 / 944] Compiling src/google/protobuf/generated_message_reflection.cc; 6s processwrapper-sandbox ... (4 actions running)
2026-10-06T16:44:43.2053892Z INFO: From Compiling src/google/protobuf/compiler/cpp/field_generators/map_field.cc [for tool]:
2026-10-06T16:44:43.2083896Z In file included from bazel-out/k8-opt-exec-ST-d57f47055a04/bin/external/protobuf+/src/google/protobuf/compiler/cpp/_virtual_includes/cpp/google/protobuf/compiler/cpp/field.h:26,
2026-10-06T16:44:43.2133177Z                  from external/protobuf+/src/google/protobuf/compiler/cpp/field_generators/map_field.cc:19:
2026-10-06T16:44:43.2194495Z bazel-out/k8-opt-exec-ST-d57f47055a04/bin/external/protobuf+/src/google/protobuf/compiler/cpp/_virtual_includes/names_internal/google/protobuf/compiler/cpp/helpers.h: In function 'bool google::protobuf::compiler::cpp::IsWeak(const google::protobuf::FieldDescriptor*, const Options&)':
2026-10-06T16:44:43.2224415Z bazel-out/k8-opt-exec-ST-d57f47055a04/bin/external/protobuf+/src/google/protobuf/compiler/cpp/_virtual_includes/names_internal/google/protobuf/compiler/cpp/helpers.h:347:28: warning: 'bool google::protobuf::FieldOptions::weak() const' is deprecated [-Wdeprecated-declarations]
2026-10-06T16:44:43.2282854Z   347 |   if (field->options().weak()) {
2026-10-06T16:44:43.2302932Z       |       ~~~~~~~~~~~~~~~~~~~~~^~
2026-10-06T16:44:43.2364103Z In file included from bazel-out/k8-opt-exec-ST-d57f47055a04/bin/external/protobuf+/src/google/protobuf/compiler/_virtual_includes/code_generator_lite/google/protobuf/compiler/code_generator_lite.h:18,
2026-10-06T16:44:43.2371296Z                  from bazel-out/k8-opt-exec-ST-d57f47055a04/bin/external/protobuf+/src/google/protobuf/compiler/_virtual_includes/code_generator/google/protobuf/compiler/code_generator.h:25,
2026-10-06T16:44:43.2405185Z                  from bazel-out/k8-opt-exec-ST-d57f47055a04/bin/external/protobuf+/src/google/protobuf/compiler/cpp/_virtual_includes/names_internal/google/protobuf/compiler/cpp/helpers.h:29:
2026-10-06T16:44:43.2433805Z bazel-out/k8-opt-exec-ST-d57f47055a04/bin/external/protobuf+/src/google/protobuf/_virtual_includes/protobuf/google/protobuf/descriptor.pb.h:18861:13: note: declared here
2026-10-06T16:44:43.2435311Z 18861 | inline bool FieldOptions::weak() const {
2026-10-06T16:44:43.2435869Z       |             ^~~~~~~~~~~~
2026-10-06T16:44:43.2436896Z [840 / 944] Compiling src/google/protobuf/generated_message_reflection.cc; 9s processwrapper-sandbox ... (4 actions, 3 running)
2026-10-06T16:44:43.3919008Z INFO: From Compiling src/google/protobuf/generated_message_tctable_gen.cc [for tool]:
2026-10-06T16:44:43.3941949Z external/protobuf+/src/google/protobuf/generated_message_tctable_gen.cc: In function 'bool google::protobuf::internal::{anonymous}::HasWeakFields(const google::protobuf::Descriptor*)':
2026-10-06T16:44:43.3983904Z external/protobuf+/src/google/protobuf/generated_message_tctable_gen.cc:699:45: warning: 'bool google::protobuf::FieldOptions::weak() const' is deprecated [-Wdeprecated-declarations]
2026-10-06T16:44:43.4012742Z   699 |     if (descriptor->field(i)->options().weak()) {
2026-10-06T16:44:43.4037141Z       |         ~~~~~~~~~~~~~~~~~~~~~~~~~~~~~~~~~~~~^~
2026-10-06T16:44:43.4048675Z In file included from bazel-out/k8-opt-exec-ST-d57f47055a04/bin/external/protobuf+/src/google/protobuf/_virtual_includes/protobuf/google/protobuf/generated_message_tctable_gen.h:21,
2026-10-06T16:44:43.4050601Z                  from external/protobuf+/src/google/protobuf/generated_message_tctable_gen.cc:8:
2026-10-06T16:44:43.4052753Z bazel-out/k8-opt-exec-ST-d57f47055a04/bin/external/protobuf+/src/google/protobuf/_virtual_includes/protobuf/google/protobuf/descriptor.pb.h:18861:13: note: declared here
2026-10-06T16:44:43.4054473Z 18861 | inline bool FieldOptions::weak() const {
2026-10-06T16:44:43.4055192Z       |             ^~~~~~~~~~~~
2026-10-06T16:44:43.4056818Z external/protobuf+/src/google/protobuf/generated_message_tctable_gen.cc: In function 'bool google::protobuf::internal::IsFieldTypeEligibleForFastParsing(const google::protobuf::FieldDescriptor*)':
2026-10-06T16:44:43.4059658Z external/protobuf+/src/google/protobuf/generated_message_tctable_gen.cc:738:28: warning: 'bool google::protobuf::FieldOptions::weak() const' is deprecated [-Wdeprecated-declarations]
2026-10-06T16:44:43.4061289Z   738 |       field->options().weak()) {
2026-10-06T16:44:43.4061959Z       |       ~~~~~~~~~~~~~~~~~~~~~^~
2026-10-06T16:44:43.4063736Z bazel-out/k8-opt-exec-ST-d57f47055a04/bin/external/protobuf+/src/google/protobuf/_virtual_includes/protobuf/google/protobuf/descriptor.pb.h:18861:13: note: declared here
2026-10-06T16:44:43.4065336Z 18861 | inline bool FieldOptions::weak() const {
2026-10-06T16:44:43.4066028Z       |             ^~~~~~~~~~~~
2026-10-06T16:44:43.4067006Z external/protobuf+/src/google/protobuf/generated_message_tctable_gen.cc: In lambda function:
2026-10-06T16:44:43.4068937Z external/protobuf+/src/google/protobuf/generated_message_tctable_gen.cc:773:54: warning: 'bool google::protobuf::FieldOptions::weak() const' is deprecated [-Wdeprecated-declarations]
2026-10-06T16:44:43.4070623Z   773 |            !field->is_map() && !field->options().weak() &&
2026-10-06T16:44:43.4071424Z       |                                 ~~~~~~~~~~~~~~~~~~~~~^~
2026-10-06T16:44:43.4073263Z bazel-out/k8-opt-exec-ST-d57f47055a04/bin/external/protobuf+/src/google/protobuf/_virtual_includes/protobuf/google/protobuf/descriptor.pb.h:18861:13: note: declared here
2026-10-06T16:44:43.4074877Z 18861 | inline bool FieldOptions::weak() const {
2026-10-06T16:44:43.4075572Z       |             ^~~~~~~~~~~~
2026-10-06T16:44:43.4078366Z external/protobuf+/src/google/protobuf/generated_message_tctable_gen.cc: In static member function 'static std::vector<google::protobuf::internal::TailCallTableInfo::FieldEntryInfo> google::protobuf::internal::TailCallTableInfo::BuildFieldEntries(const google::protobuf::Descriptor*, const MessageOptions&, absl::lts_20250814::Span<const FieldOptions>, std::vector<AuxEntry>&)':
2026-10-06T16:44:43.4082304Z external/protobuf+/src/google/protobuf/generated_message_tctable_gen.cc:813:39: warning: 'bool google::protobuf::FieldOptions::weak() const' is deprecated [-Wdeprecated-declarations]
2026-10-06T16:44:43.4083919Z   813 |       } else if (field->options().weak()) {
2026-10-06T16:44:43.4084637Z       |                  ~~~~~~~~~~~~~~~~~~~~~^~
2026-10-06T16:44:43.4086152Z bazel-out/k8-opt-exec-ST-d57f47055a04/bin/external/protobuf+/src/google/protobuf/_virtual_includes/protobuf/google/protobuf/descriptor.pb.h:18861:13: note: declared here
2026-10-06T16:44:43.4087761Z 18861 | inline bool FieldOptions::weak() const {
2026-10-06T16:44:43.4088450Z       |             ^~~~~~~~~~~~
2026-10-06T16:44:44.4136827Z [841 / 944] Compiling src/google/protobuf/generated_message_reflection.cc; 10s processwrapper-sandbox ... (4 actions running)
2026-10-06T16:44:44.7443954Z INFO: From Compiling src/google/protobuf/wire_format.cc:
2026-10-06T16:44:44.7482991Z In file included from external/protobuf+/src/google/protobuf/wire_format.cc:31:
2026-10-06T16:44:44.7504379Z bazel-out/k8-opt/bin/external/protobuf+/src/google/protobuf/_virtual_includes/protobuf/google/protobuf/map_field.h: In constructor 'google::protobuf::internal::MapFieldBase::ReflectionPayload::ReflectionPayload(google::protobuf::Arena*, const google::protobuf::Message*)':
2026-10-06T16:44:44.7514718Z bazel-out/k8-opt/bin/external/protobuf+/src/google/protobuf/_virtual_includes/protobuf/google/protobuf/map_field.h:416:11: warning: 'google::protobuf::RepeatedPtrField<T>::RepeatedPtrField(google::protobuf::Arena*) [with Element = google::protobuf::Message]' is deprecated: Use Arena::Create<RepeatedPtrField<...>>(Arena*) instead [-Wdeprecated-declarations]
2026-10-06T16:44:44.7533121Z   416 |         : repeated_field_(arena), prototype_(prototype) {}
2026-10-06T16:44:44.7562791Z       |           ^~~~~~~~~~~~~~~~~~~~~~
2026-10-06T16:44:44.7593668Z In file included from bazel-out/k8-opt/bin/external/protobuf+/src/google/protobuf/_virtual_includes/protobuf_lite/google/protobuf/repeated_field.h:46,
2026-10-06T16:44:44.7623765Z                  from bazel-out/k8-opt/bin/external/protobuf+/src/google/protobuf/_virtual_includes/protobuf_lite/google/protobuf/parse_context.h:39,
2026-10-06T16:44:44.7626100Z                  from bazel-out/k8-opt/bin/external/protobuf+/src/google/protobuf/_virtual_includes/protobuf_lite/google/protobuf/generated_message_tctable_decl.h:25,
2026-10-06T16:44:44.7653576Z                  from bazel-out/k8-opt/bin/external/protobuf+/src/google/protobuf/_virtual_includes/protobuf_lite/google/protobuf/extension_set.h:40,
2026-10-06T16:44:44.7683533Z                  from bazel-out/k8-opt/bin/external/protobuf+/src/google/protobuf/_virtual_includes/protobuf/google/protobuf/descriptor.h:56,
2026-10-06T16:44:44.7713348Z                  from bazel-out/k8-opt/bin/external/protobuf+/src/google/protobuf/_virtual_includes/protobuf/google/protobuf/wire_format.h:26,
2026-10-06T16:44:44.7714905Z                  from external/protobuf+/src/google/protobuf/wire_format.cc:12:
2026-10-06T16:44:44.7743639Z bazel-out/k8-opt/bin/external/protobuf+/src/google/protobuf/_virtual_includes/protobuf_lite/google/protobuf/repeated_ptr_field.h:1380:8: note: declared here
2026-10-06T16:44:44.7773016Z  1380 | inline RepeatedPtrField<Element>::RepeatedPtrField(Arena* arena)
2026-10-06T16:44:44.7802820Z       |        ^~~~~~~~~~~~~~~~~~~~~~~~~
2026-10-06T16:44:45.4159527Z [842 / 944] Compiling src/google/protobuf/generated_message_reflection.cc; 11s processwrapper-sandbox ... (4 actions running)
2026-10-06T16:44:46.6120141Z INFO: From Compiling src/google/protobuf/generated_message_reflection.cc:
2026-10-06T16:44:46.6160219Z In file included from external/protobuf+/src/google/protobuf/generated_message_reflection.cc:51:
2026-10-06T16:44:46.6187833Z bazel-out/k8-opt/bin/external/protobuf+/src/google/protobuf/_virtual_includes/protobuf/google/protobuf/map_field.h: In constructor 'google::protobuf::internal::MapFieldBase::ReflectionPayload::ReflectionPayload(google::protobuf::Arena*, const google::protobuf::Message*)':
2026-10-06T16:44:46.6205095Z bazel-out/k8-opt/bin/external/protobuf+/src/google/protobuf/_virtual_includes/protobuf/google/protobuf/map_field.h:416:11: warning: 'google::protobuf::RepeatedPtrField<T>::RepeatedPtrField(google::protobuf::Arena*) [with Element = google::protobuf::Message]' is deprecated: Use Arena::Create<RepeatedPtrField<...>>(Arena*) instead [-Wdeprecated-declarations]
2026-10-06T16:44:46.6217803Z   416 |         : repeated_field_(arena), prototype_(prototype) {}
2026-10-06T16:44:46.6218865Z       |           ^~~~~~~~~~~~~~~~~~~~~~
2026-10-06T16:44:46.6220312Z In file included from bazel-out/k8-opt/bin/external/protobuf+/src/google/protobuf/_virtual_includes/protobuf_lite/google/protobuf/repeated_field.h:46,
2026-10-06T16:44:46.6222829Z                  from bazel-out/k8-opt/bin/external/protobuf+/src/google/protobuf/_virtual_includes/protobuf_lite/google/protobuf/parse_context.h:39,
2026-10-06T16:44:46.6225453Z                  from bazel-out/k8-opt/bin/external/protobuf+/src/google/protobuf/_virtual_includes/protobuf_lite/google/protobuf/generated_message_tctable_decl.h:25,
2026-10-06T16:44:46.6227697Z                  from bazel-out/k8-opt/bin/external/protobuf+/src/google/protobuf/_virtual_includes/protobuf_lite/google/protobuf/extension_set.h:40,
2026-10-06T16:44:46.6229749Z                  from bazel-out/k8-opt/bin/external/protobuf+/src/google/protobuf/_virtual_includes/protobuf/google/protobuf/descriptor.h:56,
2026-10-06T16:44:46.6231839Z                  from bazel-out/k8-opt/bin/external/protobuf+/src/google/protobuf/_virtual_includes/protobuf/google/protobuf/generated_message_reflection.h:26,
2026-10-06T16:44:46.6233889Z                  from external/protobuf+/src/google/protobuf/generated_message_reflection.cc:12:
2026-10-06T16:44:46.6235747Z bazel-out/k8-opt/bin/external/protobuf+/src/google/protobuf/_virtual_includes/protobuf_lite/google/protobuf/repeated_ptr_field.h:1380:8: note: declared here
2026-10-06T16:44:46.6237530Z  1380 | inline RepeatedPtrField<Element>::RepeatedPtrField(Arena* arena)
2026-10-06T16:44:46.6238483Z       |        ^~~~~~~~~~~~~~~~~~~~~~~~~
2026-10-06T16:44:46.6240725Z external/protobuf+/src/google/protobuf/generated_message_reflection.cc: In member function 'const google::protobuf::Message* google::protobuf::Reflection::GetDefaultMessageInstance(const google::protobuf::FieldDescriptor*) const':
2026-10-06T16:44:46.6244039Z external/protobuf+/src/google/protobuf/generated_message_reflection.cc:2526:55: warning: 'bool google::protobuf::FieldOptions::weak() const' is deprecated [-Wdeprecated-declarations]
2026-10-06T16:44:46.6245865Z  2526 |   if (!field->is_extension() && !field->options().weak() &&
2026-10-06T16:44:46.6246791Z       |                                  ~~~~~~~~~~~~~~~~~~~~~^~
2026-10-06T16:44:46.6247904Z In file included from external/protobuf+/src/google/protobuf/generated_message_reflection.cc:41:
2026-10-06T16:44:46.6249724Z bazel-out/k8-opt/bin/external/protobuf+/src/google/protobuf/_virtual_includes/protobuf/google/protobuf/descriptor.pb.h:18861:13: note: declared here
2026-10-06T16:44:46.6251269Z 18861 | inline bool FieldOptions::weak() const {
2026-10-06T16:44:46.6252030Z       |             ^~~~~~~~~~~~
2026-10-06T16:44:46.6253339Z In file included from external/abseil-cpp+/absl/log/internal/check_impl.h:20,
2026-10-06T16:44:46.6254430Z                  from external/abseil-cpp+/absl/log/absl_check.h:38,
2026-10-06T16:44:46.6255996Z                  from bazel-out/k8-opt/bin/external/protobuf+/src/google/protobuf/_virtual_includes/protobuf/google/protobuf/generated_message_reflection.h:25:
2026-10-06T16:44:46.6258709Z external/protobuf+/src/google/protobuf/generated_message_reflection.cc: In member function 'bool google::protobuf::Reflection::HasFieldWithHasbits(const google::protobuf::Message&, const google::protobuf::FieldDescriptor*) const':
2026-10-06T16:44:46.6261660Z external/protobuf+/src/google/protobuf/generated_message_reflection.cc:3290:37: warning: 'bool google::protobuf::FieldOptions::weak() const' is deprecated [-Wdeprecated-declarations]
2026-10-06T16:44:46.6263879Z  3290 |   ABSL_DCHECK(!field->options().weak());
2026-10-06T16:44:46.6264663Z       |                ~~~~~~~~~~~~~~~~~~~~~^~
2026-10-06T16:44:46.6265932Z external/abseil-cpp+/absl/log/internal/conditions.h:68:7: note: in definition of macro 'ABSL_LOG_INTERNAL_STATELESS_CONDITION'
2026-10-06T16:44:46.6267367Z    68 |     !(condition) ? (void)0 : ::absl::log_internal::Voidify() &&
2026-10-06T16:44:46.6268238Z       |       ^~~~~~~~~
2026-10-06T16:44:46.6269452Z external/abseil-cpp+/absl/log/internal/check_impl.h:26:3: note: in expansion of macro 'ABSL_LOG_INTERNAL_CONDITION_FATAL'
2026-10-06T16:44:46.6270901Z    26 |   ABSL_LOG_INTERNAL_CONDITION_FATAL(STATELESS,                        \
2026-10-06T16:44:46.6271844Z       |   ^~~~~~~~~~~~~~~~~~~~~~~~~~~~~~~~~
2026-10-06T16:44:46.6273585Z external/abseil-cpp+/absl/log/internal/check_impl.h:27:37: note: in expansion of macro 'ABSL_PREDICT_FALSE'
2026-10-06T16:44:46.6274864Z    27 |                                     ABSL_PREDICT_FALSE(!(condition))) \
2026-10-06T16:44:46.6275754Z       |                                     ^~~~~~~~~~~~~~~~~~
2026-10-06T16:44:46.6277011Z external/abseil-cpp+/absl/log/internal/check_impl.h:43:3: note: in expansion of macro 'ABSL_LOG_INTERNAL_CHECK_IMPL'
2026-10-06T16:44:46.6278375Z    43 |   ABSL_LOG_INTERNAL_CHECK_IMPL(true || (condition), "true")
2026-10-06T16:44:46.6279198Z       |   ^~~~~~~~~~~~~~~~~~~~~~~~~~~~
2026-10-06T16:44:46.6280285Z external/abseil-cpp+/absl/log/absl_check.h:47:3: note: in expansion of macro 'ABSL_LOG_INTERNAL_DCHECK_IMPL'
2026-10-06T16:44:46.6281559Z    47 |   ABSL_LOG_INTERNAL_DCHECK_IMPL((condition), #condition)
2026-10-06T16:44:46.6282672Z       |   ^~~~~~~~~~~~~~~~~~~~~~~~~~~~~
2026-10-06T16:44:46.6283920Z external/protobuf+/src/google/protobuf/generated_message_reflection.cc:3290:3: note: in expansion of macro 'ABSL_DCHECK'
2026-10-06T16:44:46.6285359Z  3290 |   ABSL_DCHECK(!field->options().weak());
2026-10-06T16:44:46.6286100Z       |   ^~~~~~~~~~~
2026-10-06T16:44:46.6287699Z bazel-out/k8-opt/bin/external/protobuf+/src/google/protobuf/_virtual_includes/protobuf/google/protobuf/descriptor.pb.h:18861:13: note: declared here
2026-10-06T16:44:46.6289292Z 18861 | inline bool FieldOptions::weak() const {
2026-10-06T16:44:46.6290083Z       |             ^~~~~~~~~~~~
2026-10-06T16:44:46.6291926Z external/protobuf+/src/google/protobuf/generated_message_reflection.cc: In member function 'void google::protobuf::Reflection::SetHasBit(google::protobuf::Message*, const google::protobuf::FieldDescriptor*) const':
2026-10-06T16:44:46.6295102Z external/protobuf+/src/google/protobuf/generated_message_reflection.cc:3323:37: warning: 'bool google::protobuf::FieldOptions::weak() const' is deprecated [-Wdeprecated-declarations]
2026-10-06T16:44:46.6296846Z  3323 |   ABSL_DCHECK(!field->options().weak());
2026-10-06T16:44:46.6297598Z       |                ~~~~~~~~~~~~~~~~~~~~~^~
2026-10-06T16:44:46.6298860Z external/abseil-cpp+/absl/log/internal/conditions.h:68:7: note: in definition of macro 'ABSL_LOG_INTERNAL_STATELESS_CONDITION'
2026-10-06T16:44:46.6300313Z    68 |     !(condition) ? (void)0 : ::absl::log_internal::Voidify() &&
2026-10-06T16:44:46.6301186Z       |       ^~~~~~~~~
2026-10-06T16:44:46.6302664Z external/abseil-cpp+/absl/log/internal/check_impl.h:26:3: note: in expansion of macro 'ABSL_LOG_INTERNAL_CONDITION_FATAL'
2026-10-06T16:44:46.6304134Z    26 |   ABSL_LOG_INTERNAL_CONDITION_FATAL(STATELESS,                        \
2026-10-06T16:44:46.6305039Z       |   ^~~~~~~~~~~~~~~~~~~~~~~~~~~~~~~~~
2026-10-06T16:44:46.6306145Z external/abseil-cpp+/absl/log/internal/check_impl.h:27:37: note: in expansion of macro 'ABSL_PREDICT_FALSE'
2026-10-06T16:44:46.6307374Z    27 |                                     ABSL_PREDICT_FALSE(!(condition))) \
2026-10-06T16:44:46.6308245Z       |                                     ^~~~~~~~~~~~~~~~~~
2026-10-06T16:44:46.6309464Z external/abseil-cpp+/absl/log/internal/check_impl.h:43:3: note: in expansion of macro 'ABSL_LOG_INTERNAL_CHECK_IMPL'
2026-10-06T16:44:46.6310832Z    43 |   ABSL_LOG_INTERNAL_CHECK_IMPL(true || (condition), "true")
2026-10-06T16:44:46.6311700Z       |   ^~~~~~~~~~~~~~~~~~~~~~~~~~~~
2026-10-06T16:44:46.6313121Z external/abseil-cpp+/absl/log/absl_check.h:47:3: note: in expansion of macro 'ABSL_LOG_INTERNAL_DCHECK_IMPL'
2026-10-06T16:44:46.6314387Z    47 |   ABSL_LOG_INTERNAL_DCHECK_IMPL((condition), #condition)
2026-10-06T16:44:46.6315216Z       |   ^~~~~~~~~~~~~~~~~~~~~~~~~~~~~
2026-10-06T16:44:46.6316427Z external/protobuf+/src/google/protobuf/generated_message_reflection.cc:3323:3: note: in expansion of macro 'ABSL_DCHECK'
2026-10-06T16:44:46.6317757Z  3323 |   ABSL_DCHECK(!field->options().weak());
2026-10-06T16:44:46.6318486Z       |   ^~~~~~~~~~~
2026-10-06T16:44:46.6320188Z bazel-out/k8-opt/bin/external/protobuf+/src/google/protobuf/_virtual_includes/protobuf/google/protobuf/descriptor.pb.h:18861:13: note: declared here
2026-10-06T16:44:46.6321732Z 18861 | inline bool FieldOptions::weak() const {
2026-10-06T16:44:46.6322747Z       |             ^~~~~~~~~~~~
2026-10-06T16:44:46.6324587Z external/protobuf+/src/google/protobuf/generated_message_reflection.cc: In member function 'void google::protobuf::Reflection::ClearHasBit(google::protobuf::Message*, const google::protobuf::FieldDescriptor*) const':
2026-10-06T16:44:46.6327413Z external/protobuf+/src/google/protobuf/generated_message_reflection.cc:3332:37: warning: 'bool google::protobuf::FieldOptions::weak() const' is deprecated [-Wdeprecated-declarations]
2026-10-06T16:44:46.6329163Z  3332 |   ABSL_DCHECK(!field->options().weak());
2026-10-06T16:44:46.6329961Z       |                ~~~~~~~~~~~~~~~~~~~~~^~
2026-10-06T16:44:46.6331245Z external/abseil-cpp+/absl/log/internal/conditions.h:68:7: note: in definition of macro 'ABSL_LOG_INTERNAL_STATELESS_CONDITION'
2026-10-06T16:44:46.6332957Z    68 |     !(condition) ? (void)0 : ::absl::log_internal::Voidify() &&
2026-10-06T16:44:46.6333822Z       |       ^~~~~~~~~
2026-10-06T16:44:46.6335047Z external/abseil-cpp+/absl/log/internal/check_impl.h:26:3: note: in expansion of macro 'ABSL_LOG_INTERNAL_CONDITION_FATAL'
2026-10-06T16:44:46.6336776Z    26 |   ABSL_LOG_INTERNAL_CONDITION_FATAL(STATELESS,                        \
2026-10-06T16:44:46.6337762Z       |   ^~~~~~~~~~~~~~~~~~~~~~~~~~~~~~~~~
2026-10-06T16:44:46.6338902Z external/abseil-cpp+/absl/log/internal/check_impl.h:27:37: note: in expansion of macro 'ABSL_PREDICT_FALSE'
2026-10-06T16:44:46.6340107Z    27 |                                     ABSL_PREDICT_FALSE(!(condition))) \
2026-10-06T16:44:46.6340897Z       |                                     ^~~~~~~~~~~~~~~~~~
2026-10-06T16:44:46.6342041Z external/abseil-cpp+/absl/log/internal/check_impl.h:43:3: note: in expansion of macro 'ABSL_LOG_INTERNAL_CHECK_IMPL'
2026-10-06T16:44:46.6343617Z    43 |   ABSL_LOG_INTERNAL_CHECK_IMPL(true || (condition), "true")
2026-10-06T16:44:46.6344418Z       |   ^~~~~~~~~~~~~~~~~~~~~~~~~~~~
2026-10-06T16:44:46.6345425Z external/abseil-cpp+/absl/log/absl_check.h:47:3: note: in expansion of macro 'ABSL_LOG_INTERNAL_DCHECK_IMPL'
2026-10-06T16:44:46.6346672Z    47 |   ABSL_LOG_INTERNAL_DCHECK_IMPL((condition), #condition)
2026-10-06T16:44:46.6347477Z       |   ^~~~~~~~~~~~~~~~~~~~~~~~~~~~~
2026-10-06T16:44:46.6348618Z external/protobuf+/src/google/protobuf/generated_message_reflection.cc:3332:3: note: in expansion of macro 'ABSL_DCHECK'
2026-10-06T16:44:46.6349903Z  3332 |   ABSL_DCHECK(!field->options().weak());
2026-10-06T16:44:46.6350590Z       |   ^~~~~~~~~~~
2026-10-06T16:44:46.6351873Z bazel-out/k8-opt/bin/external/protobuf+/src/google/protobuf/_virtual_includes/protobuf/google/protobuf/descriptor.pb.h:18861:13: note: declared here
2026-10-06T16:44:46.6353653Z 18861 | inline bool FieldOptions::weak() const {
2026-10-06T16:44:46.6354371Z       |             ^~~~~~~~~~~~
2026-10-06T16:44:46.6356302Z external/protobuf+/src/google/protobuf/generated_message_reflection.cc: In member function 'void google::protobuf::Reflection::NaiveSwapHasBit(google::protobuf::Message*, google::protobuf::Message*, const google::protobuf::FieldDescriptor*) const':
2026-10-06T16:44:46.6361023Z external/protobuf+/src/google/protobuf/generated_message_reflection.cc:3341:37: warning: 'bool google::protobuf::FieldOptions::weak() const' is deprecated [-Wdeprecated-declarations]
2026-10-06T16:44:46.6362771Z  3341 |   ABSL_DCHECK(!field->options().weak());
2026-10-06T16:44:46.6363304Z       |                ~~~~~~~~~~~~~~~~~~~~~^~
2026-10-06T16:44:46.6364296Z external/abseil-cpp+/absl/log/internal/conditions.h:68:7: note: in definition of macro 'ABSL_LOG_INTERNAL_STATELESS_CONDITION'
2026-10-06T16:44:46.6365429Z    68 |     !(condition) ? (void)0 : ::absl::log_internal::Voidify() &&
2026-10-06T16:44:46.6366025Z       |       ^~~~~~~~~
2026-10-06T16:44:46.6366904Z external/abseil-cpp+/absl/log/internal/check_impl.h:26:3: note: in expansion of macro 'ABSL_LOG_INTERNAL_CONDITION_FATAL'
2026-10-06T16:44:46.6368375Z    26 |   ABSL_LOG_INTERNAL_CONDITION_FATAL(STATELESS,                        \
2026-10-06T16:44:46.6369025Z       |   ^~~~~~~~~~~~~~~~~~~~~~~~~~~~~~~~~
2026-10-06T16:44:46.6369937Z external/abseil-cpp+/absl/log/internal/check_impl.h:27:37: note: in expansion of macro 'ABSL_PREDICT_FALSE'
2026-10-06T16:44:46.6370933Z    27 |                                     ABSL_PREDICT_FALSE(!(condition))) \
2026-10-06T16:44:46.6371532Z       |                                     ^~~~~~~~~~~~~~~~~~
2026-10-06T16:44:46.6372793Z external/abseil-cpp+/absl/log/internal/check_impl.h:43:3: note: in expansion of macro 'ABSL_LOG_INTERNAL_CHECK_IMPL'
2026-10-06T16:44:46.6373877Z    43 |   ABSL_LOG_INTERNAL_CHECK_IMPL(true || (condition), "true")
2026-10-06T16:44:46.6374481Z       |   ^~~~~~~~~~~~~~~~~~~~~~~~~~~~
2026-10-06T16:44:46.6375304Z external/abseil-cpp+/absl/log/absl_check.h:47:3: note: in expansion of macro 'ABSL_LOG_INTERNAL_DCHECK_IMPL'
2026-10-06T16:44:46.6376279Z    47 |   ABSL_LOG_INTERNAL_DCHECK_IMPL((condition), #condition)
2026-10-06T16:44:46.6376845Z       |   ^~~~~~~~~~~~~~~~~~~~~~~~~~~~~
2026-10-06T16:44:46.6377779Z external/protobuf+/src/google/protobuf/generated_message_reflection.cc:3341:3: note: in expansion of macro 'ABSL_DCHECK'
2026-10-06T16:44:46.6379081Z  3341 |   ABSL_DCHECK(!field->options().weak());
2026-10-06T16:44:46.6379607Z       |   ^~~~~~~~~~~
2026-10-06T16:44:46.6380699Z bazel-out/k8-opt/bin/external/protobuf+/src/google/protobuf/_virtual_includes/protobuf/google/protobuf/descriptor.pb.h:18861:13: note: declared here
2026-10-06T16:44:46.6381949Z 18861 | inline bool FieldOptions::weak() const {
2026-10-06T16:44:46.6382915Z       |             ^~~~~~~~~~~~
2026-10-06T16:44:46.6387075Z bazel-out/k8-opt/bin/external/protobuf+/src/google/protobuf/_virtual_includes/protobuf/google/protobuf/reflection_visit_fields.h: In instantiation of 'static void google::protobuf::internal::ReflectionVisit::VisitFields(MessageT&, CallbackFn&&, google::protobuf::internal::FieldMask) [with MessageT = google::protobuf::Message; CallbackFn = google::protobuf::internal::ReflectionVisit::VisitMessageFields<google::protobuf::Reflection::MaybePoisonAfterClear(google::protobuf::Message&) const::<lambda(google::protobuf::Message&)> >(google::protobuf::Message&, google::protobuf::Reflection::MaybePoisonAfterClear(google::protobuf::Message&) const::<lambda(google::protobuf::Message&)>&&)::<lambda(auto:42)>]':
2026-10-06T16:44:46.6393960Z bazel-out/k8-opt/bin/external/protobuf+/src/google/protobuf/_virtual_includes/protobuf/google/protobuf/reflection_visit_fields.h:447:31:   required from 'static void google::protobuf::internal::ReflectionVisit::VisitMessageFields(google::protobuf::Message&, CallbackFn&&) [with CallbackFn = google::protobuf::Reflection::MaybePoisonAfterClear(google::protobuf::Message&) const::<lambda(google::protobuf::Message&)>]'
2026-10-06T16:44:46.6398835Z bazel-out/k8-opt/bin/external/protobuf+/src/google/protobuf/_virtual_includes/protobuf/google/protobuf/reflection_visit_fields.h:502:38:   required from 'void google::protobuf::internal::VisitMutableMessageFields(google::protobuf::Message&, CallbackFn&&) [with CallbackFn = google::protobuf::Reflection::MaybePoisonAfterClear(google::protobuf::Message&) const::<lambda(google::protobuf::Message&)>]'
2026-10-06T16:44:46.6401891Z external/protobuf+/src/google/protobuf/generated_message_reflection.cc:1390:40:   required from here
2026-10-06T16:44:46.6404277Z bazel-out/k8-opt/bin/external/protobuf+/src/google/protobuf/_virtual_includes/protobuf/google/protobuf/reflection_visit_fields.h:109:39: warning: 'bool google::protobuf::FieldOptions::weak() const' is deprecated [-Wdeprecated-declarations]
2026-10-06T16:44:46.6406223Z   109 |     ABSL_DCHECK(!field->options().weak()) << "weak fields are not supported";
2026-10-06T16:44:46.6406933Z       |                  ~~~~~~~~~~~~~~~~~~~~~^~
2026-10-06T16:44:46.6407945Z external/abseil-cpp+/absl/log/internal/conditions.h:68:7: note: in definition of macro 'ABSL_LOG_INTERNAL_STATELESS_CONDITION'
2026-10-06T16:44:46.6409534Z    68 |     !(condition) ? (void)0 : ::absl::log_internal::Voidify() &&
2026-10-06T16:44:46.6410148Z       |       ^~~~~~~~~
2026-10-06T16:44:46.6411004Z external/abseil-cpp+/absl/log/internal/check_impl.h:26:3: note: in expansion of macro 'ABSL_LOG_INTERNAL_CONDITION_FATAL'
2026-10-06T16:44:46.6412576Z    26 |   ABSL_LOG_INTERNAL_CONDITION_FATAL(STATELESS,                        \
2026-10-06T16:44:46.6413280Z       |   ^~~~~~~~~~~~~~~~~~~~~~~~~~~~~~~~~
2026-10-06T16:44:46.6414162Z external/abseil-cpp+/absl/log/internal/check_impl.h:27:37: note: in expansion of macro 'ABSL_PREDICT_FALSE'
2026-10-06T16:44:46.6415139Z    27 |                                     ABSL_PREDICT_FALSE(!(condition))) \
2026-10-06T16:44:46.6415760Z       |                                     ^~~~~~~~~~~~~~~~~~
2026-10-06T16:44:46.6416710Z external/abseil-cpp+/absl/log/internal/check_impl.h:43:3: note: in expansion of macro 'ABSL_LOG_INTERNAL_CHECK_IMPL'
2026-10-06T16:44:46.6417816Z    43 |   ABSL_LOG_INTERNAL_CHECK_IMPL(true || (condition), "true")
2026-10-06T16:44:46.6418430Z       |   ^~~~~~~~~~~~~~~~~~~~~~~~~~~~
2026-10-06T16:44:46.6419264Z external/abseil-cpp+/absl/log/absl_check.h:47:3: note: in expansion of macro 'ABSL_LOG_INTERNAL_DCHECK_IMPL'
2026-10-06T16:44:46.6420546Z    47 |   ABSL_LOG_INTERNAL_DCHECK_IMPL((condition), #condition)
2026-10-06T16:44:46.6421222Z       |   ^~~~~~~~~~~~~~~~~~~~~~~~~~~~~
2026-10-06T16:44:46.6423175Z bazel-out/k8-opt/bin/external/protobuf+/src/google/protobuf/_virtual_includes/protobuf/google/protobuf/reflection_visit_fields.h:109:5: note: in expansion of macro 'ABSL_DCHECK'
2026-10-06T16:44:46.6424802Z   109 |     ABSL_DCHECK(!field->options().weak()) << "weak fields are not supported";
2026-10-06T16:44:46.6425464Z       |     ^~~~~~~~~~~
2026-10-06T16:44:46.6426515Z bazel-out/k8-opt/bin/external/protobuf+/src/google/protobuf/_virtual_includes/protobuf/google/protobuf/descriptor.pb.h:18861:13: note: declared here
2026-10-06T16:44:46.6427761Z 18861 | inline bool FieldOptions::weak() const {
2026-10-06T16:44:46.6428266Z       |             ^~~~~~~~~~~~
2026-10-06T16:44:46.6429938Z bazel-out/k8-opt/bin/external/protobuf+/src/google/protobuf/_virtual_includes/protobuf/google/protobuf/reflection_visit_fields.h:109:39: warning: 'bool google::protobuf::FieldOptions::weak() const' is deprecated [-Wdeprecated-declarations]
2026-10-06T16:44:46.6431908Z   109 |     ABSL_DCHECK(!field->options().weak()) << "weak fields are not supported";
2026-10-06T16:44:46.6432903Z       |                  ~~~~~~~~~~~~~~~~~~~~~^~
2026-10-06T16:44:46.6433930Z external/abseil-cpp+/absl/log/internal/conditions.h:68:7: note: in definition of macro 'ABSL_LOG_INTERNAL_STATELESS_CONDITION'
2026-10-06T16:44:46.6435088Z    68 |     !(condition) ? (void)0 : ::absl::log_internal::Voidify() &&
2026-10-06T16:44:46.6435680Z       |       ^~~~~~~~~
2026-10-06T16:44:46.6436560Z external/abseil-cpp+/absl/log/internal/check_impl.h:26:3: note: in expansion of macro 'ABSL_LOG_INTERNAL_CONDITION_FATAL'
2026-10-06T16:44:46.6437696Z    26 |   ABSL_LOG_INTERNAL_CONDITION_FATAL(STATELESS,                        \
2026-10-06T16:44:46.6438367Z       |   ^~~~~~~~~~~~~~~~~~~~~~~~~~~~~~~~~
2026-10-06T16:44:46.6439257Z external/abseil-cpp+/absl/log/internal/check_impl.h:27:37: note: in expansion of macro 'ABSL_PREDICT_FALSE'
2026-10-06T16:44:46.6440232Z    27 |                                     ABSL_PREDICT_FALSE(!(condition))) \
2026-10-06T16:44:46.6440860Z       |                                     ^~~~~~~~~~~~~~~~~~
2026-10-06T16:44:46.6441800Z external/abseil-cpp+/absl/log/internal/check_impl.h:43:3: note: in expansion of macro 'ABSL_LOG_INTERNAL_CHECK_IMPL'
2026-10-06T16:44:46.6443215Z    43 |   ABSL_LOG_INTERNAL_CHECK_IMPL(true || (condition), "true")
2026-10-06T16:44:46.6443804Z       |   ^~~~~~~~~~~~~~~~~~~~~~~~~~~~
2026-10-06T16:44:46.6444640Z external/abseil-cpp+/absl/log/absl_check.h:47:3: note: in expansion of macro 'ABSL_LOG_INTERNAL_DCHECK_IMPL'
2026-10-06T16:44:46.6445731Z    47 |   ABSL_LOG_INTERNAL_DCHECK_IMPL((condition), #condition)
2026-10-06T16:44:46.6446290Z       |   ^~~~~~~~~~~~~~~~~~~~~~~~~~~~~
2026-10-06T16:44:46.6447584Z bazel-out/k8-opt/bin/external/protobuf+/src/google/protobuf/_virtual_includes/protobuf/google/protobuf/reflection_visit_fields.h:109:5: note: in expansion of macro 'ABSL_DCHECK'
2026-10-06T16:44:46.6449261Z   109 |     ABSL_DCHECK(!field->options().weak()) << "weak fields are not supported";
2026-10-06T16:44:46.6449943Z       |     ^~~~~~~~~~~
2026-10-06T16:44:46.6450981Z bazel-out/k8-opt/bin/external/protobuf+/src/google/protobuf/_virtual_includes/protobuf/google/protobuf/descriptor.pb.h:18861:13: note: declared here
2026-10-06T16:44:46.6452557Z 18861 | inline bool FieldOptions::weak() const {
2026-10-06T16:44:46.6453063Z       |             ^~~~~~~~~~~~
2026-10-06T16:44:46.6454076Z [843 / 944] Compiling src/google/protobuf/compiler/cpp/field_generators/message_field.cc [for tool]; 3s processwrapper-sandbox ... (4 actions, 3 running)
2026-10-06T16:44:47.7578750Z [845 / 944] Compiling src/google/protobuf/compiler/cpp/field_generators/message_field.cc [for tool]; 4s processwrapper-sandbox ... (4 actions, 3 running)
2026-10-06T16:44:49.2264483Z [846 / 944] Compiling src/google/protobuf/compiler/cpp/field_generators/message_field.cc [for tool]; 6s processwrapper-sandbox ... (4 actions, 3 running)
2026-10-06T16:44:50.4163964Z [846 / 944] Compiling src/google/protobuf/compiler/cpp/field_generators/message_field.cc [for tool]; 7s processwrapper-sandbox ... (4 actions running)
2026-10-06T16:44:50.9673389Z INFO: From Compiling src/google/protobuf/map_field.cc [for tool]:
2026-10-06T16:44:50.9703157Z In file included from external/protobuf+/src/google/protobuf/map_field.cc:8:
2026-10-06T16:44:50.9725081Z bazel-out/k8-opt-exec-ST-d57f47055a04/bin/external/protobuf+/src/google/protobuf/_virtual_includes/protobuf/google/protobuf/map_field.h: In constructor 'google::protobuf::internal::MapFieldBase::ReflectionPayload::ReflectionPayload(google::protobuf::Arena*, const google::protobuf::Message*)':
2026-10-06T16:44:50.9745420Z bazel-out/k8-opt-exec-ST-d57f47055a04/bin/external/protobuf+/src/google/protobuf/_virtual_includes/protobuf/google/protobuf/map_field.h:416:11: warning: 'google::protobuf::RepeatedPtrField<T>::RepeatedPtrField(google::protobuf::Arena*) [with Element = google::protobuf::Message]' is deprecated: Use Arena::Create<RepeatedPtrField<...>>(Arena*) instead [-Wdeprecated-declarations]
2026-10-06T16:44:50.9773205Z   416 |         : repeated_field_(arena), prototype_(prototype) {}
2026-10-06T16:44:50.9798770Z       |           ^~~~~~~~~~~~~~~~~~~~~~
2026-10-06T16:44:50.9805683Z In file included from bazel-out/k8-opt-exec-ST-d57f47055a04/bin/external/protobuf+/src/google/protobuf/_virtual_includes/protobuf_lite/google/protobuf/repeated_field.h:46,
2026-10-06T16:44:50.9808233Z                  from bazel-out/k8-opt-exec-ST-d57f47055a04/bin/external/protobuf+/src/google/protobuf/_virtual_includes/protobuf_lite/google/protobuf/parse_context.h:39,
2026-10-06T16:44:50.9810773Z                  from bazel-out/k8-opt-exec-ST-d57f47055a04/bin/external/protobuf+/src/google/protobuf/_virtual_includes/protobuf_lite/google/protobuf/generated_message_tctable_decl.h:25,
2026-10-06T16:44:50.9813677Z                  from bazel-out/k8-opt-exec-ST-d57f47055a04/bin/external/protobuf+/src/google/protobuf/_virtual_includes/protobuf_lite/google/protobuf/extension_set.h:40,
2026-10-06T16:44:50.9816206Z                  from bazel-out/k8-opt-exec-ST-d57f47055a04/bin/external/protobuf+/src/google/protobuf/_virtual_includes/protobuf/google/protobuf/descriptor.h:56,
2026-10-06T16:44:50.9818421Z                  from bazel-out/k8-opt-exec-ST-d57f47055a04/bin/external/protobuf+/src/google/protobuf/_virtual_includes/protobuf/google/protobuf/map_field.h:23:
2026-10-06T16:44:50.9820594Z bazel-out/k8-opt-exec-ST-d57f47055a04/bin/external/protobuf+/src/google/protobuf/_virtual_includes/protobuf_lite/google/protobuf/repeated_ptr_field.h:1380:8: note: declared here
2026-10-06T16:44:50.9823023Z  1380 | inline RepeatedPtrField<Element>::RepeatedPtrField(Arena* arena)
2026-10-06T16:44:50.9823819Z       |        ^~~~~~~~~~~~~~~~~~~~~~~~~
2026-10-06T16:44:51.2326592Z INFO: From Compiling src/google/protobuf/compiler/cpp/field_generators/message_field.cc [for tool]:
2026-10-06T16:44:51.2355010Z In file included from bazel-out/k8-opt-exec-ST-d57f47055a04/bin/external/protobuf+/src/google/protobuf/compiler/cpp/_virtual_includes/cpp/google/protobuf/compiler/cpp/field.h:26,
2026-10-06T16:44:51.2383306Z                  from external/protobuf+/src/google/protobuf/compiler/cpp/field_generators/message_field.cc:21:
2026-10-06T16:44:51.2394393Z bazel-out/k8-opt-exec-ST-d57f47055a04/bin/external/protobuf+/src/google/protobuf/compiler/cpp/_virtual_includes/names_internal/google/protobuf/compiler/cpp/helpers.h: In function 'bool google::protobuf::compiler::cpp::IsWeak(const google::protobuf::FieldDescriptor*, const Options&)':
2026-10-06T16:44:51.2416998Z bazel-out/k8-opt-exec-ST-d57f47055a04/bin/external/protobuf+/src/google/protobuf/compiler/cpp/_virtual_includes/names_internal/google/protobuf/compiler/cpp/helpers.h:347:28: warning: 'bool google::protobuf::FieldOptions::weak() const' is deprecated [-Wdeprecated-declarations]
2026-10-06T16:44:51.2443180Z   347 |   if (field->options().weak()) {
2026-10-06T16:44:51.2466150Z       |       ~~~~~~~~~~~~~~~~~~~~~^~
2026-10-06T16:44:51.2472453Z In file included from bazel-out/k8-opt-exec-ST-d57f47055a04/bin/external/protobuf+/src/google/protobuf/compiler/_virtual_includes/code_generator_lite/google/protobuf/compiler/code_generator_lite.h:18,
2026-10-06T16:44:51.2475115Z                  from bazel-out/k8-opt-exec-ST-d57f47055a04/bin/external/protobuf+/src/google/protobuf/compiler/_virtual_includes/code_generator/google/protobuf/compiler/code_generator.h:25,
2026-10-06T16:44:51.2477706Z                  from bazel-out/k8-opt-exec-ST-d57f47055a04/bin/external/protobuf+/src/google/protobuf/compiler/cpp/_virtual_includes/names_internal/google/protobuf/compiler/cpp/helpers.h:29:
2026-10-06T16:44:51.2480213Z bazel-out/k8-opt-exec-ST-d57f47055a04/bin/external/protobuf+/src/google/protobuf/_virtual_includes/protobuf/google/protobuf/descriptor.pb.h:18861:13: note: declared here
2026-10-06T16:44:51.2481828Z 18861 | inline bool FieldOptions::weak() const {
2026-10-06T16:44:51.2482866Z       |             ^~~~~~~~~~~~
2026-10-06T16:44:51.4173218Z [848 / 944] Compiling src/google/protobuf/text_format.cc; 3s processwrapper-sandbox ... (4 actions running)
2026-10-06T16:44:53.6453523Z INFO: From Compiling src/google/protobuf/generated_message_tctable_gen.cc:
2026-10-06T16:44:53.6483912Z external/protobuf+/src/google/protobuf/generated_message_tctable_gen.cc: In function 'bool google::protobuf::internal::{anonymous}::HasWeakFields(const google::protobuf::Descriptor*)':
2026-10-06T16:44:53.6503771Z external/protobuf+/src/google/protobuf/generated_message_tctable_gen.cc:699:45: warning: 'bool google::protobuf::FieldOptions::weak() const' is deprecated [-Wdeprecated-declarations]
2026-10-06T16:44:53.6553022Z   699 |     if (descriptor->field(i)->options().weak()) {
2026-10-06T16:44:53.6562275Z       |         ~~~~~~~~~~~~~~~~~~~~~~~~~~~~~~~~~~~~^~
2026-10-06T16:44:53.6583539Z In file included from bazel-out/k8-opt/bin/external/protobuf+/src/google/protobuf/_virtual_includes/protobuf/google/protobuf/generated_message_tctable_gen.h:21,
2026-10-06T16:44:53.6603655Z                  from external/protobuf+/src/google/protobuf/generated_message_tctable_gen.cc:8:
2026-10-06T16:44:53.6605475Z bazel-out/k8-opt/bin/external/protobuf+/src/google/protobuf/_virtual_includes/protobuf/google/protobuf/descriptor.pb.h:18861:13: note: declared here
2026-10-06T16:44:53.6607209Z 18861 | inline bool FieldOptions::weak() const {
2026-10-06T16:44:53.6607976Z       |             ^~~~~~~~~~~~
2026-10-06T16:44:53.6609697Z external/protobuf+/src/google/protobuf/generated_message_tctable_gen.cc: In function 'bool google::protobuf::internal::IsFieldTypeEligibleForFastParsing(const google::protobuf::FieldDescriptor*)':
2026-10-06T16:44:53.6613024Z external/protobuf+/src/google/protobuf/generated_message_tctable_gen.cc:738:28: warning: 'bool google::protobuf::FieldOptions::weak() const' is deprecated [-Wdeprecated-declarations]
2026-10-06T16:44:53.6614706Z   738 |       field->options().weak()) {
2026-10-06T16:44:53.6615418Z       |       ~~~~~~~~~~~~~~~~~~~~~^~
2026-10-06T16:44:53.6616817Z bazel-out/k8-opt/bin/external/protobuf+/src/google/protobuf/_virtual_includes/protobuf/google/protobuf/descriptor.pb.h:18861:13: note: declared here
2026-10-06T16:44:53.6618391Z 18861 | inline bool FieldOptions::weak() const {
2026-10-06T16:44:53.6619166Z       |             ^~~~~~~~~~~~
2026-10-06T16:44:53.6620211Z external/protobuf+/src/google/protobuf/generated_message_tctable_gen.cc: In lambda function:
2026-10-06T16:44:53.6621934Z external/protobuf+/src/google/protobuf/generated_message_tctable_gen.cc:773:54: warning: 'bool google::protobuf::FieldOptions::weak() const' is deprecated [-Wdeprecated-declarations]
2026-10-06T16:44:53.6623583Z   773 |            !field->is_map() && !field->options().weak() &&
2026-10-06T16:44:53.6624146Z       |                                 ~~~~~~~~~~~~~~~~~~~~~^~
2026-10-06T16:44:53.6625302Z bazel-out/k8-opt/bin/external/protobuf+/src/google/protobuf/_virtual_includes/protobuf/google/protobuf/descriptor.pb.h:18861:13: note: declared here
2026-10-06T16:44:53.6626723Z 18861 | inline bool FieldOptions::weak() const {
2026-10-06T16:44:53.6627212Z       |             ^~~~~~~~~~~~
2026-10-06T16:44:53.6629704Z external/protobuf+/src/google/protobuf/generated_message_tctable_gen.cc: In static member function 'static std::vector<google::protobuf::internal::TailCallTableInfo::FieldEntryInfo> google::protobuf::internal::TailCallTableInfo::BuildFieldEntries(const google::protobuf::Descriptor*, const MessageOptions&, absl::lts_20250814::Span<const FieldOptions>, std::vector<AuxEntry>&)':
2026-10-06T16:44:53.6633473Z external/protobuf+/src/google/protobuf/generated_message_tctable_gen.cc:813:39: warning: 'bool google::protobuf::FieldOptions::weak() const' is deprecated [-Wdeprecated-declarations]
2026-10-06T16:44:53.6634946Z   813 |       } else if (field->options().weak()) {
2026-10-06T16:44:53.6635485Z       |                  ~~~~~~~~~~~~~~~~~~~~~^~
2026-10-06T16:44:53.6636686Z bazel-out/k8-opt/bin/external/protobuf+/src/google/protobuf/_virtual_includes/protobuf/google/protobuf/descriptor.pb.h:18861:13: note: declared here
2026-10-06T16:44:53.6637966Z 18861 | inline bool FieldOptions::weak() const {
2026-10-06T16:44:53.6638483Z       |             ^~~~~~~~~~~~
2026-10-06T16:44:53.6639320Z [849 / 944] Compiling src/google/protobuf/text_format.cc; 5s processwrapper-sandbox ... (4 actions, 3 running)
2026-10-06T16:44:55.4187896Z [849 / 944] Compiling src/google/protobuf/text_format.cc; 7s processwrapper-sandbox ... (4 actions running)
2026-10-06T16:44:57.1815883Z [850 / 944] Compiling src/google/protobuf/text_format.cc; 9s processwrapper-sandbox ... (4 actions, 3 running)
2026-10-06T16:44:57.3202658Z INFO: From Compiling src/google/protobuf/message.cc [for tool]:
2026-10-06T16:44:57.3238499Z In file included from external/protobuf+/src/google/protobuf/message.cc:40:
2026-10-06T16:44:57.3264475Z bazel-out/k8-opt-exec-ST-d57f47055a04/bin/external/protobuf+/src/google/protobuf/_virtual_includes/protobuf/google/protobuf/map_field.h: In constructor 'google::protobuf::internal::MapFieldBase::ReflectionPayload::ReflectionPayload(google::protobuf::Arena*, const google::protobuf::Message*)':
2026-10-06T16:44:57.3294914Z bazel-out/k8-opt-exec-ST-d57f47055a04/bin/external/protobuf+/src/google/protobuf/_virtual_includes/protobuf/google/protobuf/map_field.h:416:11: warning: 'google::protobuf::RepeatedPtrField<T>::RepeatedPtrField(google::protobuf::Arena*) [with Element = google::protobuf::Message]' is deprecated: Use Arena::Create<RepeatedPtrField<...>>(Arena*) instead [-Wdeprecated-declarations]
2026-10-06T16:44:57.3312889Z   416 |         : repeated_field_(arena), prototype_(prototype) {}
2026-10-06T16:44:57.3347092Z       |           ^~~~~~~~~~~~~~~~~~~~~~
2026-10-06T16:44:57.3349038Z In file included from bazel-out/k8-opt-exec-ST-d57f47055a04/bin/external/protobuf+/src/google/protobuf/_virtual_includes/protobuf_lite/google/protobuf/repeated_field.h:46,
2026-10-06T16:44:57.3351850Z                  from bazel-out/k8-opt-exec-ST-d57f47055a04/bin/external/protobuf+/src/google/protobuf/_virtual_includes/protobuf_lite/google/protobuf/parse_context.h:39,
2026-10-06T16:44:57.3355133Z                  from bazel-out/k8-opt-exec-ST-d57f47055a04/bin/external/protobuf+/src/google/protobuf/_virtual_includes/protobuf_lite/google/protobuf/generated_message_tctable_decl.h:25,
2026-10-06T16:44:57.3357634Z                  from bazel-out/k8-opt-exec-ST-d57f47055a04/bin/external/protobuf+/src/google/protobuf/_virtual_includes/protobuf_lite/google/protobuf/extension_set.h:40,
2026-10-06T16:44:57.3359872Z                  from bazel-out/k8-opt-exec-ST-d57f47055a04/bin/external/protobuf+/src/google/protobuf/_virtual_includes/protobuf/google/protobuf/descriptor.h:56,
2026-10-06T16:44:57.3361900Z                  from bazel-out/k8-opt-exec-ST-d57f47055a04/bin/external/protobuf+/src/google/protobuf/_virtual_includes/protobuf/google/protobuf/message.h:112,
2026-10-06T16:44:57.3363828Z                  from external/protobuf+/src/google/protobuf/message.cc:12:
2026-10-06T16:44:57.3366133Z bazel-out/k8-opt-exec-ST-d57f47055a04/bin/external/protobuf+/src/google/protobuf/_virtual_includes/protobuf_lite/google/protobuf/repeated_ptr_field.h:1380:8: note: declared here
2026-10-06T16:44:57.3367959Z  1380 | inline RepeatedPtrField<Element>::RepeatedPtrField(Arena* arena)
2026-10-06T16:44:57.3368817Z       |        ^~~~~~~~~~~~~~~~~~~~~~~~~
2026-10-06T16:44:57.7353409Z INFO: From Compiling src/google/protobuf/text_format.cc:
2026-10-06T16:44:57.7373236Z In file included from external/protobuf+/src/google/protobuf/text_format.cc:54:
2026-10-06T16:44:57.7404569Z bazel-out/k8-opt/bin/external/protobuf+/src/google/protobuf/_virtual_includes/protobuf/google/protobuf/map_field.h: In constructor 'google::protobuf::internal::MapFieldBase::ReflectionPayload::ReflectionPayload(google::protobuf::Arena*, const google::protobuf::Message*)':
2026-10-06T16:44:57.7434773Z bazel-out/k8-opt/bin/external/protobuf+/src/google/protobuf/_virtual_includes/protobuf/google/protobuf/map_field.h:416:11: warning: 'google::protobuf::RepeatedPtrField<T>::RepeatedPtrField(google::protobuf::Arena*) [with Element = google::protobuf::Message]' is deprecated: Use Arena::Create<RepeatedPtrField<...>>(Arena*) instead [-Wdeprecated-declarations]
2026-10-06T16:44:57.7437417Z   416 |         : repeated_field_(arena), prototype_(prototype) {}
2026-10-06T16:44:57.7462995Z       |           ^~~~~~~~~~~~~~~~~~~~~~
2026-10-06T16:44:57.7485007Z In file included from bazel-out/k8-opt/bin/external/protobuf+/src/google/protobuf/_virtual_includes/protobuf_lite/google/protobuf/repeated_field.h:46,
2026-10-06T16:44:57.7487367Z                  from bazel-out/k8-opt/bin/external/protobuf+/src/google/protobuf/_virtual_includes/protobuf_lite/google/protobuf/parse_context.h:39,
2026-10-06T16:44:57.7489515Z                  from bazel-out/k8-opt/bin/external/protobuf+/src/google/protobuf/_virtual_includes/protobuf_lite/google/protobuf/generated_message_tctable_decl.h:25,
2026-10-06T16:44:57.7491626Z                  from bazel-out/k8-opt/bin/external/protobuf+/src/google/protobuf/_virtual_includes/protobuf_lite/google/protobuf/extension_set.h:40,
2026-10-06T16:44:57.7493956Z                  from bazel-out/k8-opt/bin/external/protobuf+/src/google/protobuf/_virtual_includes/protobuf/google/protobuf/descriptor.h:56,
2026-10-06T16:44:57.7495797Z                  from bazel-out/k8-opt/bin/external/protobuf+/src/google/protobuf/_virtual_includes/protobuf/google/protobuf/text_format.h:27,
2026-10-06T16:44:57.7497161Z                  from external/protobuf+/src/google/protobuf/text_format.cc:12:
2026-10-06T16:44:57.7500893Z bazel-out/k8-opt/bin/external/protobuf+/src/google/protobuf/_virtual_includes/protobuf_lite/google/protobuf/repeated_ptr_field.h:1380:8: note: declared here
2026-10-06T16:44:57.7503560Z  1380 | inline RepeatedPtrField<Element>::RepeatedPtrField(Arena* arena)
2026-10-06T16:44:57.7504420Z       |        ^~~~~~~~~~~~~~~~~~~~~~~~~
2026-10-06T16:44:57.7505766Z external/protobuf+/src/google/protobuf/text_format.cc: In member function 'bool google::protobuf::TextFormat::Parser::ParserImpl::ConsumeField(google::protobuf::Message*)':
2026-10-06T16:44:57.7508039Z external/protobuf+/src/google/protobuf/text_format.cc:663:54: warning: 'bool google::protobuf::FieldOptions::weak() const' is deprecated [-Wdeprecated-declarations]
2026-10-06T16:44:57.7509621Z   663 |       if (consumed_semicolon && field->options().weak() &&
2026-10-06T16:44:57.7510412Z       |                                 ~~~~~~~~~~~~~~~~~~~~~^~
2026-10-06T16:44:57.7511323Z In file included from external/protobuf+/src/google/protobuf/text_format.cc:46:
2026-10-06T16:44:57.7513087Z bazel-out/k8-opt/bin/external/protobuf+/src/google/protobuf/_virtual_includes/protobuf/google/protobuf/descriptor.pb.h:18861:13: note: declared here
2026-10-06T16:44:57.7514446Z 18861 | inline bool FieldOptions::weak() const {
2026-10-06T16:44:57.7515108Z       |             ^~~~~~~~~~~~
2026-10-06T16:44:57.8583659Z INFO: From Compiling src/google/protobuf/compiler/cpp/field_generators/primitive_field.cc [for tool]:
2026-10-06T16:44:57.8613105Z In file included from bazel-out/k8-opt-exec-ST-d57f47055a04/bin/external/protobuf+/src/google/protobuf/compiler/cpp/_virtual_includes/cpp/google/protobuf/compiler/cpp/field.h:26,
2026-10-06T16:44:57.8633195Z                  from external/protobuf+/src/google/protobuf/compiler/cpp/field_generators/primitive_field.cc:21:
2026-10-06T16:44:57.8664483Z bazel-out/k8-opt-exec-ST-d57f47055a04/bin/external/protobuf+/src/google/protobuf/compiler/cpp/_virtual_includes/names_internal/google/protobuf/compiler/cpp/helpers.h: In function 'bool google::protobuf::compiler::cpp::IsWeak(const google::protobuf::FieldDescriptor*, const Options&)':
2026-10-06T16:44:57.8694307Z bazel-out/k8-opt-exec-ST-d57f47055a04/bin/external/protobuf+/src/google/protobuf/compiler/cpp/_virtual_includes/names_internal/google/protobuf/compiler/cpp/helpers.h:347:28: warning: 'bool google::protobuf::FieldOptions::weak() const' is deprecated [-Wdeprecated-declarations]
2026-10-06T16:44:57.8713595Z   347 |   if (field->options().weak()) {
2026-10-06T16:44:57.8733024Z       |       ~~~~~~~~~~~~~~~~~~~~~^~
2026-10-06T16:44:57.8764035Z In file included from bazel-out/k8-opt-exec-ST-d57f47055a04/bin/external/protobuf+/src/google/protobuf/compiler/_virtual_includes/code_generator_lite/google/protobuf/compiler/code_generator_lite.h:18,
2026-10-06T16:44:57.8766520Z                  from bazel-out/k8-opt-exec-ST-d57f47055a04/bin/external/protobuf+/src/google/protobuf/compiler/_virtual_includes/code_generator/google/protobuf/compiler/code_generator.h:25,
2026-10-06T16:44:57.8768841Z                  from bazel-out/k8-opt-exec-ST-d57f47055a04/bin/external/protobuf+/src/google/protobuf/compiler/cpp/_virtual_includes/names_internal/google/protobuf/compiler/cpp/helpers.h:29:
2026-10-06T16:44:57.8771107Z bazel-out/k8-opt-exec-ST-d57f47055a04/bin/external/protobuf+/src/google/protobuf/_virtual_includes/protobuf/google/protobuf/descriptor.pb.h:18861:13: note: declared here
2026-10-06T16:44:57.8772769Z 18861 | inline bool FieldOptions::weak() const {
2026-10-06T16:44:57.8773307Z       |             ^~~~~~~~~~~~
2026-10-06T16:44:58.3703793Z [855 / 944] Compiling src/google/protobuf/map_field.cc; 1s processwrapper-sandbox ... (4 actions, 3 running)
2026-10-06T16:44:59.4233554Z [855 / 944] Compiling src/google/protobuf/map_field.cc; 2s processwrapper-sandbox ... (4 actions running)
2026-10-06T16:45:01.2377334Z INFO: From Compiling src/google/protobuf/reflection_ops.cc [for tool]:
2026-10-06T16:45:01.2413990Z In file included from external/protobuf+/src/google/protobuf/reflection_ops.cc:22:
2026-10-06T16:45:01.2445147Z bazel-out/k8-opt-exec-ST-d57f47055a04/bin/external/protobuf+/src/google/protobuf/_virtual_includes/protobuf/google/protobuf/map_field.h: In constructor 'google::protobuf::internal::MapFieldBase::ReflectionPayload::ReflectionPayload(google::protobuf::Arena*, const google::protobuf::Message*)':
2026-10-06T16:45:01.2475171Z bazel-out/k8-opt-exec-ST-d57f47055a04/bin/external/protobuf+/src/google/protobuf/_virtual_includes/protobuf/google/protobuf/map_field.h:416:11: warning: 'google::protobuf::RepeatedPtrField<T>::RepeatedPtrField(google::protobuf::Arena*) [with Element = google::protobuf::Message]' is deprecated: Use Arena::Create<RepeatedPtrField<...>>(Arena*) instead [-Wdeprecated-declarations]
2026-10-06T16:45:01.2613815Z   416 |         : repeated_field_(arena), prototype_(prototype) {}
2026-10-06T16:45:01.2616255Z       |           ^~~~~~~~~~~~~~~~~~~~~~
2026-10-06T16:45:01.2617860Z In file included from bazel-out/k8-opt-exec-ST-d57f47055a04/bin/external/protobuf+/src/google/protobuf/_virtual_includes/protobuf_lite/google/protobuf/repeated_field.h:46,
2026-10-06T16:45:01.2620890Z                  from bazel-out/k8-opt-exec-ST-d57f47055a04/bin/external/protobuf+/src/google/protobuf/_virtual_includes/protobuf_lite/google/protobuf/parse_context.h:39,
2026-10-06T16:45:01.2623636Z                  from bazel-out/k8-opt-exec-ST-d57f47055a04/bin/external/protobuf+/src/google/protobuf/_virtual_includes/protobuf_lite/google/protobuf/generated_message_tctable_decl.h:25,
2026-10-06T16:45:01.2626454Z                  from bazel-out/k8-opt-exec-ST-d57f47055a04/bin/external/protobuf+/src/google/protobuf/_virtual_includes/protobuf_lite/google/protobuf/extension_set.h:40,
2026-10-06T16:45:01.2628758Z                  from bazel-out/k8-opt-exec-ST-d57f47055a04/bin/external/protobuf+/src/google/protobuf/_virtual_includes/protobuf/google/protobuf/descriptor.h:56,
2026-10-06T16:45:01.2630876Z                  from bazel-out/k8-opt-exec-ST-d57f47055a04/bin/external/protobuf+/src/google/protobuf/_virtual_includes/protobuf/google/protobuf/message.h:112,
2026-10-06T16:45:01.2633356Z                  from bazel-out/k8-opt-exec-ST-d57f47055a04/bin/external/protobuf+/src/google/protobuf/_virtual_includes/protobuf/google/protobuf/reflection_ops.h:18,
2026-10-06T16:45:01.2635086Z                  from external/protobuf+/src/google/protobuf/reflection_ops.cc:11:
2026-10-06T16:45:01.2636949Z bazel-out/k8-opt-exec-ST-d57f47055a04/bin/external/protobuf+/src/google/protobuf/_virtual_includes/protobuf_lite/google/protobuf/repeated_ptr_field.h:1380:8: note: declared here
2026-10-06T16:45:01.2638900Z  1380 | inline RepeatedPtrField<Element>::RepeatedPtrField(Arena* arena)
2026-10-06T16:45:01.2639820Z       |        ^~~~~~~~~~~~~~~~~~~~~~~~~
2026-10-06T16:45:01.2640889Z [856 / 944] Compiling src/google/protobuf/map_field.cc; 4s processwrapper-sandbox ... (4 actions, 3 running)
2026-10-06T16:45:01.5738531Z INFO: From Compiling src/google/protobuf/map_field.cc:
2026-10-06T16:45:01.5777276Z In file included from external/protobuf+/src/google/protobuf/map_field.cc:8:
2026-10-06T16:45:01.5804917Z bazel-out/k8-opt/bin/external/protobuf+/src/google/protobuf/_virtual_includes/protobuf/google/protobuf/map_field.h: In constructor 'google::protobuf::internal::MapFieldBase::ReflectionPayload::ReflectionPayload(google::protobuf::Arena*, const google::protobuf::Message*)':
2026-10-06T16:45:01.5834664Z bazel-out/k8-opt/bin/external/protobuf+/src/google/protobuf/_virtual_includes/protobuf/google/protobuf/map_field.h:416:11: warning: 'google::protobuf::RepeatedPtrField<T>::RepeatedPtrField(google::protobuf::Arena*) [with Element = google::protobuf::Message]' is deprecated: Use Arena::Create<RepeatedPtrField<...>>(Arena*) instead [-Wdeprecated-declarations]
2026-10-06T16:45:01.5836819Z   416 |         : repeated_field_(arena), prototype_(prototype) {}
2026-10-06T16:45:01.5837293Z       |           ^~~~~~~~~~~~~~~~~~~~~~
2026-10-06T16:45:01.5838217Z In file included from bazel-out/k8-opt/bin/external/protobuf+/src/google/protobuf/_virtual_includes/protobuf_lite/google/protobuf/repeated_field.h:46,
2026-10-06T16:45:01.5839680Z                  from bazel-out/k8-opt/bin/external/protobuf+/src/google/protobuf/_virtual_includes/protobuf_lite/google/protobuf/parse_context.h:39,
2026-10-06T16:45:01.5841560Z                  from bazel-out/k8-opt/bin/external/protobuf+/src/google/protobuf/_virtual_includes/protobuf_lite/google/protobuf/generated_message_tctable_decl.h:25,
2026-10-06T16:45:01.5843293Z                  from bazel-out/k8-opt/bin/external/protobuf+/src/google/protobuf/_virtual_includes/protobuf_lite/google/protobuf/extension_set.h:40,
2026-10-06T16:45:01.5844627Z                  from bazel-out/k8-opt/bin/external/protobuf+/src/google/protobuf/_virtual_includes/protobuf/google/protobuf/descriptor.h:56,
2026-10-06T16:45:01.5845913Z                  from bazel-out/k8-opt/bin/external/protobuf+/src/google/protobuf/_virtual_includes/protobuf/google/protobuf/map_field.h:23:
2026-10-06T16:45:01.5847346Z bazel-out/k8-opt/bin/external/protobuf+/src/google/protobuf/_virtual_includes/protobuf_lite/google/protobuf/repeated_ptr_field.h:1380:8: note: declared here
2026-10-06T16:45:01.5848499Z  1380 | inline RepeatedPtrField<Element>::RepeatedPtrField(Arena* arena)
2026-10-06T16:45:01.5849030Z       |        ^~~~~~~~~~~~~~~~~~~~~~~~~
2026-10-06T16:45:02.3243313Z INFO: From Compiling src/google/protobuf/reflection_ops.cc:
2026-10-06T16:45:02.3273283Z In file included from external/protobuf+/src/google/protobuf/reflection_ops.cc:22:
2026-10-06T16:45:02.3304971Z bazel-out/k8-opt/bin/external/protobuf+/src/google/protobuf/_virtual_includes/protobuf/google/protobuf/map_field.h: In constructor 'google::protobuf::internal::MapFieldBase::ReflectionPayload::ReflectionPayload(google::protobuf::Arena*, const google::protobuf::Message*)':
2026-10-06T16:45:02.3334870Z bazel-out/k8-opt/bin/external/protobuf+/src/google/protobuf/_virtual_includes/protobuf/google/protobuf/map_field.h:416:11: warning: 'google::protobuf::RepeatedPtrField<T>::RepeatedPtrField(google::protobuf::Arena*) [with Element = google::protobuf::Message]' is deprecated: Use Arena::Create<RepeatedPtrField<...>>(Arena*) instead [-Wdeprecated-declarations]
2026-10-06T16:45:02.3363036Z   416 |         : repeated_field_(arena), prototype_(prototype) {}
2026-10-06T16:45:02.3423204Z       |           ^~~~~~~~~~~~~~~~~~~~~~
2026-10-06T16:45:02.3425092Z In file included from bazel-out/k8-opt/bin/external/protobuf+/src/google/protobuf/_virtual_includes/protobuf_lite/google/protobuf/repeated_field.h:46,
2026-10-06T16:45:02.3453407Z                  from bazel-out/k8-opt/bin/external/protobuf+/src/google/protobuf/_virtual_includes/protobuf_lite/google/protobuf/parse_context.h:39,
2026-10-06T16:45:02.3483734Z                  from bazel-out/k8-opt/bin/external/protobuf+/src/google/protobuf/_virtual_includes/protobuf_lite/google/protobuf/generated_message_tctable_decl.h:25,
2026-10-06T16:45:02.3513412Z                  from bazel-out/k8-opt/bin/external/protobuf+/src/google/protobuf/_virtual_includes/protobuf_lite/google/protobuf/extension_set.h:40,
2026-10-06T16:45:02.3543303Z                  from bazel-out/k8-opt/bin/external/protobuf+/src/google/protobuf/_virtual_includes/protobuf/google/protobuf/descriptor.h:56,
2026-10-06T16:45:02.3545286Z                  from bazel-out/k8-opt/bin/external/protobuf+/src/google/protobuf/_virtual_includes/protobuf/google/protobuf/message.h:112,
2026-10-06T16:45:02.3573636Z                  from bazel-out/k8-opt/bin/external/protobuf+/src/google/protobuf/_virtual_includes/protobuf/google/protobuf/reflection_ops.h:18,
2026-10-06T16:45:02.3603155Z                  from external/protobuf+/src/google/protobuf/reflection_ops.cc:11:
2026-10-06T16:45:02.3633555Z bazel-out/k8-opt/bin/external/protobuf+/src/google/protobuf/_virtual_includes/protobuf_lite/google/protobuf/repeated_ptr_field.h:1380:8: note: declared here
2026-10-06T16:45:02.3635428Z  1380 | inline RepeatedPtrField<Element>::RepeatedPtrField(Arena* arena)
2026-10-06T16:45:02.3662953Z       |        ^~~~~~~~~~~~~~~~~~~~~~~~~
2026-10-06T16:45:02.3693665Z [859 / 944] Compiling src/google/protobuf/compiler/cpp/field_generators/string_field.cc [for tool]; 4s processwrapper-sandbox ... (4 actions, 3 running)
2026-10-06T16:45:03.4264268Z [860 / 944] Compiling src/google/protobuf/compiler/cpp/field_generators/string_field.cc [for tool]; 5s processwrapper-sandbox ... (4 actions running)
2026-10-06T16:45:05.6253746Z INFO: From Compiling src/google/protobuf/compiler/cpp/field_generators/string_field.cc [for tool]:
2026-10-06T16:45:05.6283775Z In file included from bazel-out/k8-opt-exec-ST-d57f47055a04/bin/external/protobuf+/src/google/protobuf/compiler/cpp/_virtual_includes/cpp/google/protobuf/compiler/cpp/field.h:26,
2026-10-06T16:45:05.6313221Z                  from external/protobuf+/src/google/protobuf/compiler/cpp/field_generators/string_field.cc:20:
2026-10-06T16:45:05.6345945Z bazel-out/k8-opt-exec-ST-d57f47055a04/bin/external/protobuf+/src/google/protobuf/compiler/cpp/_virtual_includes/names_internal/google/protobuf/compiler/cpp/helpers.h: In function 'bool google::protobuf::compiler::cpp::IsWeak(const google::protobuf::FieldDescriptor*, const Options&)':
2026-10-06T16:45:05.6350380Z bazel-out/k8-opt-exec-ST-d57f47055a04/bin/external/protobuf+/src/google/protobuf/compiler/cpp/_virtual_includes/names_internal/google/protobuf/compiler/cpp/helpers.h:347:28: warning: 'bool google::protobuf::FieldOptions::weak() const' is deprecated [-Wdeprecated-declarations]
2026-10-06T16:45:05.6354333Z   347 |   if (field->options().weak()) {
2026-10-06T16:45:05.6357140Z       |       ~~~~~~~~~~~~~~~~~~~~~^~
2026-10-06T16:45:05.6359340Z In file included from bazel-out/k8-opt-exec-ST-d57f47055a04/bin/external/protobuf+/src/google/protobuf/compiler/_virtual_includes/code_generator_lite/google/protobuf/compiler/code_generator_lite.h:18,
2026-10-06T16:45:05.6362104Z                  from bazel-out/k8-opt-exec-ST-d57f47055a04/bin/external/protobuf+/src/google/protobuf/compiler/_virtual_includes/code_generator/google/protobuf/compiler/code_generator.h:25,
2026-10-06T16:45:05.6365679Z                  from bazel-out/k8-opt-exec-ST-d57f47055a04/bin/external/protobuf+/src/google/protobuf/compiler/cpp/_virtual_includes/names_internal/google/protobuf/compiler/cpp/helpers.h:29:
2026-10-06T16:45:05.6368149Z bazel-out/k8-opt-exec-ST-d57f47055a04/bin/external/protobuf+/src/google/protobuf/_virtual_includes/protobuf/google/protobuf/descriptor.pb.h:18861:13: note: declared here
2026-10-06T16:45:05.6369884Z 18861 | inline bool FieldOptions::weak() const {
2026-10-06T16:45:05.6370614Z       |             ^~~~~~~~~~~~
2026-10-06T16:45:05.6372150Z [861 / 944] Compiling src/google/protobuf/message.cc; 4s processwrapper-sandbox ... (4 actions, 3 running)
2026-10-06T16:45:07.4293765Z [861 / 944] Compiling src/google/protobuf/message.cc; 5s processwrapper-sandbox ... (4 actions running)
2026-10-06T16:45:08.1609973Z INFO: From Compiling src/google/protobuf/message.cc:
2026-10-06T16:45:08.1653239Z In file included from external/protobuf+/src/google/protobuf/message.cc:40:
2026-10-06T16:45:08.1684585Z bazel-out/k8-opt/bin/external/protobuf+/src/google/protobuf/_virtual_includes/protobuf/google/protobuf/map_field.h: In constructor 'google::protobuf::internal::MapFieldBase::ReflectionPayload::ReflectionPayload(google::protobuf::Arena*, const google::protobuf::Message*)':
2026-10-06T16:45:08.1704919Z bazel-out/k8-opt/bin/external/protobuf+/src/google/protobuf/_virtual_includes/protobuf/google/protobuf/map_field.h:416:11: warning: 'google::protobuf::RepeatedPtrField<T>::RepeatedPtrField(google::protobuf::Arena*) [with Element = google::protobuf::Message]' is deprecated: Use Arena::Create<RepeatedPtrField<...>>(Arena*) instead [-Wdeprecated-declarations]
2026-10-06T16:45:08.1723213Z   416 |         : repeated_field_(arena), prototype_(prototype) {}
2026-10-06T16:45:08.1724133Z       |           ^~~~~~~~~~~~~~~~~~~~~~
2026-10-06T16:45:08.1725547Z In file included from bazel-out/k8-opt/bin/external/protobuf+/src/google/protobuf/_virtual_includes/protobuf_lite/google/protobuf/repeated_field.h:46,
2026-10-06T16:45:08.1727626Z                  from bazel-out/k8-opt/bin/external/protobuf+/src/google/protobuf/_virtual_includes/protobuf_lite/google/protobuf/parse_context.h:39,
2026-10-06T16:45:08.1730128Z                  from bazel-out/k8-opt/bin/external/protobuf+/src/google/protobuf/_virtual_includes/protobuf_lite/google/protobuf/generated_message_tctable_decl.h:25,
2026-10-06T16:45:08.1732527Z                  from bazel-out/k8-opt/bin/external/protobuf+/src/google/protobuf/_virtual_includes/protobuf_lite/google/protobuf/extension_set.h:40,
2026-10-06T16:45:08.1734279Z                  from bazel-out/k8-opt/bin/external/protobuf+/src/google/protobuf/_virtual_includes/protobuf/google/protobuf/descriptor.h:56,
2026-10-06T16:45:08.1735991Z                  from bazel-out/k8-opt/bin/external/protobuf+/src/google/protobuf/_virtual_includes/protobuf/google/protobuf/message.h:112,
2026-10-06T16:45:08.1737475Z                  from external/protobuf+/src/google/protobuf/message.cc:12:
2026-10-06T16:45:08.1739012Z bazel-out/k8-opt/bin/external/protobuf+/src/google/protobuf/_virtual_includes/protobuf_lite/google/protobuf/repeated_ptr_field.h:1380:8: note: declared here
2026-10-06T16:45:08.1740642Z  1380 | inline RepeatedPtrField<Element>::RepeatedPtrField(Arena* arena)
2026-10-06T16:45:08.1741483Z       |        ^~~~~~~~~~~~~~~~~~~~~~~~~
2026-10-06T16:45:09.2808427Z INFO: From Compiling src/google/protobuf/wire_format.cc [for tool]:
2026-10-06T16:45:09.2843779Z In file included from external/protobuf+/src/google/protobuf/wire_format.cc:31:
2026-10-06T16:45:09.2874886Z bazel-out/k8-opt-exec-ST-d57f47055a04/bin/external/protobuf+/src/google/protobuf/_virtual_includes/protobuf/google/protobuf/map_field.h: In constructor 'google::protobuf::internal::MapFieldBase::ReflectionPayload::ReflectionPayload(google::protobuf::Arena*, const google::protobuf::Message*)':
2026-10-06T16:45:09.2904900Z bazel-out/k8-opt-exec-ST-d57f47055a04/bin/external/protobuf+/src/google/protobuf/_virtual_includes/protobuf/google/protobuf/map_field.h:416:11: warning: 'google::protobuf::RepeatedPtrField<T>::RepeatedPtrField(google::protobuf::Arena*) [with Element = google::protobuf::Message]' is deprecated: Use Arena::Create<RepeatedPtrField<...>>(Arena*) instead [-Wdeprecated-declarations]
2026-10-06T16:45:09.2932927Z   416 |         : repeated_field_(arena), prototype_(prototype) {}
2026-10-06T16:45:09.2949976Z       |           ^~~~~~~~~~~~~~~~~~~~~~
2026-10-06T16:45:09.2956633Z In file included from bazel-out/k8-opt-exec-ST-d57f47055a04/bin/external/protobuf+/src/google/protobuf/_virtual_includes/protobuf_lite/google/protobuf/repeated_field.h:46,
2026-10-06T16:45:09.2959013Z                  from bazel-out/k8-opt-exec-ST-d57f47055a04/bin/external/protobuf+/src/google/protobuf/_virtual_includes/protobuf_lite/google/protobuf/parse_context.h:39,
2026-10-06T16:45:09.2961394Z                  from bazel-out/k8-opt-exec-ST-d57f47055a04/bin/external/protobuf+/src/google/protobuf/_virtual_includes/protobuf_lite/google/protobuf/generated_message_tctable_decl.h:25,
2026-10-06T16:45:09.2964082Z                  from bazel-out/k8-opt-exec-ST-d57f47055a04/bin/external/protobuf+/src/google/protobuf/_virtual_includes/protobuf_lite/google/protobuf/extension_set.h:40,
2026-10-06T16:45:09.2966270Z                  from bazel-out/k8-opt-exec-ST-d57f47055a04/bin/external/protobuf+/src/google/protobuf/_virtual_includes/protobuf/google/protobuf/descriptor.h:56,
2026-10-06T16:45:09.2968435Z                  from bazel-out/k8-opt-exec-ST-d57f47055a04/bin/external/protobuf+/src/google/protobuf/_virtual_includes/protobuf/google/protobuf/wire_format.h:26,
2026-10-06T16:45:09.2970049Z                  from external/protobuf+/src/google/protobuf/wire_format.cc:12:
2026-10-06T16:45:09.2971773Z bazel-out/k8-opt-exec-ST-d57f47055a04/bin/external/protobuf+/src/google/protobuf/_virtual_includes/protobuf_lite/google/protobuf/repeated_ptr_field.h:1380:8: note: declared here
2026-10-06T16:45:09.2973817Z  1380 | inline RepeatedPtrField<Element>::RepeatedPtrField(Arena* arena)
2026-10-06T16:45:09.2974703Z       |        ^~~~~~~~~~~~~~~~~~~~~~~~~
2026-10-06T16:45:09.2975820Z [864 / 944] Compiling src/google/protobuf/text_format.cc [for tool]; 7s processwrapper-sandbox ... (4 actions, 3 running)
2026-10-06T16:45:10.4307738Z [864 / 944] Compiling src/google/protobuf/text_format.cc [for tool]; 8s processwrapper-sandbox ... (4 actions running)
2026-10-06T16:45:11.5983306Z INFO: From Compiling src/google/protobuf/text_format.cc [for tool]:
2026-10-06T16:45:11.6043197Z In file included from external/protobuf+/src/google/protobuf/text_format.cc:54:
2026-10-06T16:45:11.6104590Z bazel-out/k8-opt-exec-ST-d57f47055a04/bin/external/protobuf+/src/google/protobuf/_virtual_includes/protobuf/google/protobuf/map_field.h: In constructor 'google::protobuf::internal::MapFieldBase::ReflectionPayload::ReflectionPayload(google::protobuf::Arena*, const google::protobuf::Message*)':
2026-10-06T16:45:11.6164816Z bazel-out/k8-opt-exec-ST-d57f47055a04/bin/external/protobuf+/src/google/protobuf/_virtual_includes/protobuf/google/protobuf/map_field.h:416:11: warning: 'google::protobuf::RepeatedPtrField<T>::RepeatedPtrField(google::protobuf::Arena*) [with Element = google::protobuf::Message]' is deprecated: Use Arena::Create<RepeatedPtrField<...>>(Arena*) instead [-Wdeprecated-declarations]
2026-10-06T16:45:11.6222884Z   416 |         : repeated_field_(arena), prototype_(prototype) {}
2026-10-06T16:45:11.6282675Z       |           ^~~~~~~~~~~~~~~~~~~~~~
2026-10-06T16:45:11.6313962Z In file included from bazel-out/k8-opt-exec-ST-d57f47055a04/bin/external/protobuf+/src/google/protobuf/_virtual_includes/protobuf_lite/google/protobuf/repeated_field.h:46,
2026-10-06T16:45:11.6343515Z                  from bazel-out/k8-opt-exec-ST-d57f47055a04/bin/external/protobuf+/src/google/protobuf/_virtual_includes/protobuf_lite/google/protobuf/parse_context.h:39,
2026-10-06T16:45:11.6373575Z                  from bazel-out/k8-opt-exec-ST-d57f47055a04/bin/external/protobuf+/src/google/protobuf/_virtual_includes/protobuf_lite/google/protobuf/generated_message_tctable_decl.h:25,
2026-10-06T16:45:11.6403530Z                  from bazel-out/k8-opt-exec-ST-d57f47055a04/bin/external/protobuf+/src/google/protobuf/_virtual_includes/protobuf_lite/google/protobuf/extension_set.h:40,
2026-10-06T16:45:11.6453662Z                  from bazel-out/k8-opt-exec-ST-d57f47055a04/bin/external/protobuf+/src/google/protobuf/_virtual_includes/protobuf/google/protobuf/descriptor.h:56,
2026-10-06T16:45:11.6483606Z                  from bazel-out/k8-opt-exec-ST-d57f47055a04/bin/external/protobuf+/src/google/protobuf/_virtual_includes/protobuf/google/protobuf/text_format.h:27,
2026-10-06T16:45:11.6488490Z                  from external/protobuf+/src/google/protobuf/text_format.cc:12:
2026-10-06T16:45:11.6490067Z bazel-out/k8-opt-exec-ST-d57f47055a04/bin/external/protobuf+/src/google/protobuf/_virtual_includes/protobuf_lite/google/protobuf/repeated_ptr_field.h:1380:8: note: declared here
2026-10-06T16:45:11.6491608Z  1380 | inline RepeatedPtrField<Element>::RepeatedPtrField(Arena* arena)
2026-10-06T16:45:11.6492496Z       |        ^~~~~~~~~~~~~~~~~~~~~~~~~
2026-10-06T16:45:11.6493777Z external/protobuf+/src/google/protobuf/text_format.cc: In member function 'bool google::protobuf::TextFormat::Parser::ParserImpl::ConsumeField(google::protobuf::Message*)':
2026-10-06T16:45:11.6495912Z external/protobuf+/src/google/protobuf/text_format.cc:663:54: warning: 'bool google::protobuf::FieldOptions::weak() const' is deprecated [-Wdeprecated-declarations]
2026-10-06T16:45:11.6497277Z   663 |       if (consumed_semicolon && field->options().weak() &&
2026-10-06T16:45:11.6497882Z       |                                 ~~~~~~~~~~~~~~~~~~~~~^~
2026-10-06T16:45:11.6498647Z In file included from external/protobuf+/src/google/protobuf/text_format.cc:46:
2026-10-06T16:45:11.6500190Z bazel-out/k8-opt-exec-ST-d57f47055a04/bin/external/protobuf+/src/google/protobuf/_virtual_includes/protobuf/google/protobuf/descriptor.pb.h:18861:13: note: declared here
2026-10-06T16:45:11.6501576Z 18861 | inline bool FieldOptions::weak() const {
2026-10-06T16:45:11.6502093Z       |             ^~~~~~~~~~~~
2026-10-06T16:45:11.6503555Z [865 / 944] Compiling src/google/protobuf/compiler/cpp/field_generators/string_view_field.cc [for tool]; 5s processwrapper-sandbox ... (4 actions, 3 running)
2026-10-06T16:45:13.0678247Z INFO: From Compiling src/google/protobuf/compiler/cpp/field_generators/string_view_field.cc [for tool]:
2026-10-06T16:45:13.0713889Z In file included from bazel-out/k8-opt-exec-ST-d57f47055a04/bin/external/protobuf+/src/google/protobuf/compiler/cpp/_virtual_includes/cpp/google/protobuf/compiler/cpp/field.h:26,
2026-10-06T16:45:13.0743282Z                  from external/protobuf+/src/google/protobuf/compiler/cpp/field_generators/string_view_field.cc:19:
2026-10-06T16:45:13.0774527Z bazel-out/k8-opt-exec-ST-d57f47055a04/bin/external/protobuf+/src/google/protobuf/compiler/cpp/_virtual_includes/names_internal/google/protobuf/compiler/cpp/helpers.h: In function 'bool google::protobuf::compiler::cpp::IsWeak(const google::protobuf::FieldDescriptor*, const Options&)':
2026-10-06T16:45:13.0794418Z bazel-out/k8-opt-exec-ST-d57f47055a04/bin/external/protobuf+/src/google/protobuf/compiler/cpp/_virtual_includes/names_internal/google/protobuf/compiler/cpp/helpers.h:347:28: warning: 'bool google::protobuf::FieldOptions::weak() const' is deprecated [-Wdeprecated-declarations]
2026-10-06T16:45:13.0832754Z   347 |   if (field->options().weak()) {
2026-10-06T16:45:13.0862719Z       |       ~~~~~~~~~~~~~~~~~~~~~^~
2026-10-06T16:45:13.0894158Z In file included from bazel-out/k8-opt-exec-ST-d57f47055a04/bin/external/protobuf+/src/google/protobuf/compiler/_virtual_includes/code_generator_lite/google/protobuf/compiler/code_generator_lite.h:18,
2026-10-06T16:45:13.0923626Z                  from bazel-out/k8-opt-exec-ST-d57f47055a04/bin/external/protobuf+/src/google/protobuf/compiler/_virtual_includes/code_generator/google/protobuf/compiler/code_generator.h:25,
2026-10-06T16:45:13.0953560Z                  from bazel-out/k8-opt-exec-ST-d57f47055a04/bin/external/protobuf+/src/google/protobuf/compiler/cpp/_virtual_includes/names_internal/google/protobuf/compiler/cpp/helpers.h:29:
2026-10-06T16:45:13.0983631Z bazel-out/k8-opt-exec-ST-d57f47055a04/bin/external/protobuf+/src/google/protobuf/_virtual_includes/protobuf/google/protobuf/descriptor.pb.h:18861:13: note: declared here
2026-10-06T16:45:13.1012788Z 18861 | inline bool FieldOptions::weak() const {
2026-10-06T16:45:13.1013387Z       |             ^~~~~~~~~~~~
2026-10-06T16:45:13.1043285Z [869 / 944] Compiling src/google/protobuf/compiler/cpp/tracker.cc [for tool]; 1s processwrapper-sandbox ... (4 actions, 3 running)
2026-10-06T16:45:14.4304017Z [869 / 944] Compiling src/google/protobuf/compiler/cpp/tracker.cc [for tool]; 2s processwrapper-sandbox ... (4 actions running)
2026-10-06T16:45:17.0748826Z INFO: From Compiling src/google/protobuf/compiler/cpp/service.cc [for tool]:
2026-10-06T16:45:17.0773139Z In file included from external/protobuf+/src/google/protobuf/compiler/cpp/service.cc:17:
2026-10-06T16:45:17.0804378Z bazel-out/k8-opt-exec-ST-d57f47055a04/bin/external/protobuf+/src/google/protobuf/compiler/cpp/_virtual_includes/names_internal/google/protobuf/compiler/cpp/helpers.h: In function 'bool google::protobuf::compiler::cpp::IsWeak(const google::protobuf::FieldDescriptor*, const Options&)':
2026-10-06T16:45:17.0834220Z bazel-out/k8-opt-exec-ST-d57f47055a04/bin/external/protobuf+/src/google/protobuf/compiler/cpp/_virtual_includes/names_internal/google/protobuf/compiler/cpp/helpers.h:347:28: warning: 'bool google::protobuf::FieldOptions::weak() const' is deprecated [-Wdeprecated-declarations]
2026-10-06T16:45:17.0862856Z   347 |   if (field->options().weak()) {
2026-10-06T16:45:17.0892684Z       |       ~~~~~~~~~~~~~~~~~~~~~^~
2026-10-06T16:45:17.0923885Z In file included from bazel-out/k8-opt-exec-ST-d57f47055a04/bin/external/protobuf+/src/google/protobuf/compiler/_virtual_includes/code_generator_lite/google/protobuf/compiler/code_generator_lite.h:18,
2026-10-06T16:45:17.0947830Z                  from bazel-out/k8-opt-exec-ST-d57f47055a04/bin/external/protobuf+/src/google/protobuf/compiler/_virtual_includes/code_generator/google/protobuf/compiler/code_generator.h:25,
2026-10-06T16:45:17.0953712Z                  from bazel-out/k8-opt-exec-ST-d57f47055a04/bin/external/protobuf+/src/google/protobuf/compiler/cpp/_virtual_includes/names_internal/google/protobuf/compiler/cpp/helpers.h:29:
2026-10-06T16:45:17.0956088Z bazel-out/k8-opt-exec-ST-d57f47055a04/bin/external/protobuf+/src/google/protobuf/_virtual_includes/protobuf/google/protobuf/descriptor.pb.h:18861:13: note: declared here
2026-10-06T16:45:17.0957569Z 18861 | inline bool FieldOptions::weak() const {
2026-10-06T16:45:17.0958219Z       |             ^~~~~~~~~~~~
2026-10-06T16:45:17.0959279Z [870 / 944] Compiling src/google/protobuf/compiler/cpp/tracker.cc [for tool]; 5s processwrapper-sandbox ... (4 actions, 3 running)
2026-10-06T16:45:17.2694040Z INFO: From Compiling src/google/protobuf/compiler/cpp/tracker.cc [for tool]:
2026-10-06T16:45:17.2733143Z In file included from external/protobuf+/src/google/protobuf/compiler/cpp/tracker.cc:20:
2026-10-06T16:45:17.2735996Z bazel-out/k8-opt-exec-ST-d57f47055a04/bin/external/protobuf+/src/google/protobuf/compiler/cpp/_virtual_includes/names_internal/google/protobuf/compiler/cpp/helpers.h: In function 'bool google::protobuf::compiler::cpp::IsWeak(const google::protobuf::FieldDescriptor*, const Options&)':
2026-10-06T16:45:17.2764834Z bazel-out/k8-opt-exec-ST-d57f47055a04/bin/external/protobuf+/src/google/protobuf/compiler/cpp/_virtual_includes/names_internal/google/protobuf/compiler/cpp/helpers.h:347:28: warning: 'bool google::protobuf::FieldOptions::weak() const' is deprecated [-Wdeprecated-declarations]
2026-10-06T16:45:17.2792918Z   347 |   if (field->options().weak()) {
2026-10-06T16:45:17.2813014Z       |       ~~~~~~~~~~~~~~~~~~~~~^~
2026-10-06T16:45:17.2830205Z In file included from bazel-out/k8-opt-exec-ST-d57f47055a04/bin/external/protobuf+/src/google/protobuf/compiler/_virtual_includes/code_generator_lite/google/protobuf/compiler/code_generator_lite.h:18,
2026-10-06T16:45:17.2833828Z                  from bazel-out/k8-opt-exec-ST-d57f47055a04/bin/external/protobuf+/src/google/protobuf/compiler/_virtual_includes/code_generator/google/protobuf/compiler/code_generator.h:25,
2026-10-06T16:45:17.2836327Z                  from bazel-out/k8-opt-exec-ST-d57f47055a04/bin/external/protobuf+/src/google/protobuf/compiler/cpp/_virtual_includes/names_internal/google/protobuf/compiler/cpp/helpers.h:29:
2026-10-06T16:45:17.2838743Z bazel-out/k8-opt-exec-ST-d57f47055a04/bin/external/protobuf+/src/google/protobuf/_virtual_includes/protobuf/google/protobuf/descriptor.pb.h:18861:13: note: declared here
2026-10-06T16:45:17.2840388Z 18861 | inline bool FieldOptions::weak() const {
2026-10-06T16:45:17.2841115Z       |             ^~~~~~~~~~~~
2026-10-06T16:45:18.4303846Z [871 / 944] Compiling src/google/protobuf/compiler/cpp/parse_function_generator.cc [for tool]; 6s processwrapper-sandbox ... (4 actions running)
2026-10-06T16:45:19.5465498Z [872 / 944] Compiling src/google/protobuf/compiler/cpp/parse_function_generator.cc [for tool]; 7s processwrapper-sandbox ... (4 actions, 3 running)
2026-10-06T16:45:20.3447089Z INFO: From Compiling src/google/protobuf/compiler/cpp/parse_function_generator.cc [for tool]:
2026-10-06T16:45:20.3472756Z In file included from bazel-out/k8-opt-exec-ST-d57f47055a04/bin/external/protobuf+/src/google/protobuf/compiler/cpp/_virtual_includes/cpp/google/protobuf/compiler/cpp/parse_function_generator.h:18,
2026-10-06T16:45:20.3493323Z                  from external/protobuf+/src/google/protobuf/compiler/cpp/parse_function_generator.cc:8:
2026-10-06T16:45:20.3524466Z bazel-out/k8-opt-exec-ST-d57f47055a04/bin/external/protobuf+/src/google/protobuf/compiler/cpp/_virtual_includes/names_internal/google/protobuf/compiler/cpp/helpers.h: In function 'bool google::protobuf::compiler::cpp::IsWeak(const google::protobuf::FieldDescriptor*, const Options&)':
2026-10-06T16:45:20.3534292Z bazel-out/k8-opt-exec-ST-d57f47055a04/bin/external/protobuf+/src/google/protobuf/compiler/cpp/_virtual_includes/names_internal/google/protobuf/compiler/cpp/helpers.h:347:28: warning: 'bool google::protobuf::FieldOptions::weak() const' is deprecated [-Wdeprecated-declarations]
2026-10-06T16:45:20.3562692Z   347 |   if (field->options().weak()) {
2026-10-06T16:45:20.3582851Z       |       ~~~~~~~~~~~~~~~~~~~~~^~
2026-10-06T16:45:20.3606086Z In file included from bazel-out/k8-opt-exec-ST-d57f47055a04/bin/external/protobuf+/src/google/protobuf/compiler/_virtual_includes/code_generator_lite/google/protobuf/compiler/code_generator_lite.h:18,
2026-10-06T16:45:20.3633736Z                  from bazel-out/k8-opt-exec-ST-d57f47055a04/bin/external/protobuf+/src/google/protobuf/compiler/_virtual_includes/code_generator/google/protobuf/compiler/code_generator.h:25,
2026-10-06T16:45:20.3655609Z                  from bazel-out/k8-opt-exec-ST-d57f47055a04/bin/external/protobuf+/src/google/protobuf/compiler/cpp/_virtual_includes/names_internal/google/protobuf/compiler/cpp/helpers.h:29:
2026-10-06T16:45:20.3658266Z bazel-out/k8-opt-exec-ST-d57f47055a04/bin/external/protobuf+/src/google/protobuf/_virtual_includes/protobuf/google/protobuf/descriptor.pb.h:18861:13: note: declared here
2026-10-06T16:45:20.3659928Z 18861 | inline bool FieldOptions::weak() const {
2026-10-06T16:45:20.3660649Z       |             ^~~~~~~~~~~~
2026-10-06T16:45:21.4300865Z [873 / 944] Compiling src/google/protobuf/compiler/cpp/file.cc [for tool]; 8s processwrapper-sandbox ... (4 actions running)
2026-10-06T16:45:22.8643806Z [874 / 944] Compiling src/google/protobuf/compiler/cpp/file.cc [for tool]; 9s processwrapper-sandbox ... (4 actions, 3 running)
2026-10-06T16:45:23.4497811Z INFO: From Compiling src/google/protobuf/compiler/cpp/message_layout_helper.cc [for tool]:
2026-10-06T16:45:23.4516123Z In file included from bazel-out/k8-opt-exec-ST-d57f47055a04/bin/external/protobuf+/src/google/protobuf/compiler/cpp/_virtual_includes/cpp/google/protobuf/compiler/cpp/message_layout_helper.h:20,
2026-10-06T16:45:23.4517940Z                  from external/protobuf+/src/google/protobuf/compiler/cpp/message_layout_helper.cc:1:
2026-10-06T16:45:23.4520394Z bazel-out/k8-opt-exec-ST-d57f47055a04/bin/external/protobuf+/src/google/protobuf/compiler/cpp/_virtual_includes/names_internal/google/protobuf/compiler/cpp/helpers.h: In function 'bool google::protobuf::compiler::cpp::IsWeak(const google::protobuf::FieldDescriptor*, const Options&)':
2026-10-06T16:45:23.4524364Z bazel-out/k8-opt-exec-ST-d57f47055a04/bin/external/protobuf+/src/google/protobuf/compiler/cpp/_virtual_includes/names_internal/google/protobuf/compiler/cpp/helpers.h:347:28: warning: 'bool google::protobuf::FieldOptions::weak() const' is deprecated [-Wdeprecated-declarations]
2026-10-06T16:45:23.4526401Z   347 |   if (field->options().weak()) {
2026-10-06T16:45:23.4526999Z       |       ~~~~~~~~~~~~~~~~~~~~~^~
2026-10-06T16:45:23.4528509Z In file included from bazel-out/k8-opt-exec-ST-d57f47055a04/bin/external/protobuf+/src/google/protobuf/compiler/_virtual_includes/code_generator_lite/google/protobuf/compiler/code_generator_lite.h:18,
2026-10-06T16:45:23.4530825Z                  from bazel-out/k8-opt-exec-ST-d57f47055a04/bin/external/protobuf+/src/google/protobuf/compiler/_virtual_includes/code_generator/google/protobuf/compiler/code_generator.h:25,
2026-10-06T16:45:23.4533160Z                  from bazel-out/k8-opt-exec-ST-d57f47055a04/bin/external/protobuf+/src/google/protobuf/compiler/cpp/_virtual_includes/names_internal/google/protobuf/compiler/cpp/helpers.h:29:
2026-10-06T16:45:23.4535339Z bazel-out/k8-opt-exec-ST-d57f47055a04/bin/external/protobuf+/src/google/protobuf/_virtual_includes/protobuf/google/protobuf/descriptor.pb.h:18861:13: note: declared here
2026-10-06T16:45:23.4536738Z 18861 | inline bool FieldOptions::weak() const {
2026-10-06T16:45:23.4537368Z       |             ^~~~~~~~~~~~
2026-10-06T16:45:24.4338083Z [875 / 944] Compiling src/google/protobuf/compiler/cpp/file.cc [for tool]; 11s processwrapper-sandbox ... (3 actions running)
2026-10-06T16:45:26.6334930Z INFO: From Compiling src/google/protobuf/compiler/cpp/file.cc [for tool]:
2026-10-06T16:45:26.6350002Z In file included from bazel-out/k8-opt-exec-ST-d57f47055a04/bin/external/protobuf+/src/google/protobuf/compiler/cpp/_virtual_includes/cpp/google/protobuf/compiler/cpp/extension.h:19,
2026-10-06T16:45:26.6353251Z                  from bazel-out/k8-opt-exec-ST-d57f47055a04/bin/external/protobuf+/src/google/protobuf/compiler/cpp/_virtual_includes/cpp/google/protobuf/compiler/cpp/file.h:26,
2026-10-06T16:45:26.6354697Z                  from external/protobuf+/src/google/protobuf/compiler/cpp/file.cc:12:
2026-10-06T16:45:26.6356910Z bazel-out/k8-opt-exec-ST-d57f47055a04/bin/external/protobuf+/src/google/protobuf/compiler/cpp/_virtual_includes/names_internal/google/protobuf/compiler/cpp/helpers.h: In function 'bool google::protobuf::compiler::cpp::IsWeak(const google::protobuf::FieldDescriptor*, const Options&)':
2026-10-06T16:45:26.6360066Z bazel-out/k8-opt-exec-ST-d57f47055a04/bin/external/protobuf+/src/google/protobuf/compiler/cpp/_virtual_includes/names_internal/google/protobuf/compiler/cpp/helpers.h:347:28: warning: 'bool google::protobuf::FieldOptions::weak() const' is deprecated [-Wdeprecated-declarations]
2026-10-06T16:45:26.6361244Z   347 |   if (field->options().weak()) {
2026-10-06T16:45:26.6361516Z       |       ~~~~~~~~~~~~~~~~~~~~~^~
2026-10-06T16:45:26.6363052Z In file included from bazel-out/k8-opt-exec-ST-d57f47055a04/bin/external/protobuf+/src/google/protobuf/compiler/_virtual_includes/code_generator_lite/google/protobuf/compiler/code_generator_lite.h:18,
2026-10-06T16:45:26.6365412Z                  from bazel-out/k8-opt-exec-ST-d57f47055a04/bin/external/protobuf+/src/google/protobuf/compiler/_virtual_includes/code_generator/google/protobuf/compiler/code_generator.h:25,
2026-10-06T16:45:26.6366980Z                  from bazel-out/k8-opt-exec-ST-d57f47055a04/bin/external/protobuf+/src/google/protobuf/compiler/cpp/_virtual_includes/names_internal/google/protobuf/compiler/cpp/helpers.h:29:
2026-10-06T16:45:26.6368184Z bazel-out/k8-opt-exec-ST-d57f47055a04/bin/external/protobuf+/src/google/protobuf/_virtual_includes/protobuf/google/protobuf/descriptor.pb.h:18861:13: note: declared here
2026-10-06T16:45:26.6368956Z 18861 | inline bool FieldOptions::weak() const {
2026-10-06T16:45:26.6369239Z       |             ^~~~~~~~~~~~
2026-10-06T16:45:26.6369593Z In file included from external/abseil-cpp+/absl/functional/any_invocable.h:44,
2026-10-06T16:45:26.6370103Z                  from external/abseil-cpp+/absl/functional/internal/function_ref.h:22,
2026-10-06T16:45:26.6370571Z                  from external/abseil-cpp+/absl/functional/function_ref.h:54,
2026-10-06T16:45:26.6370963Z                  from external/abseil-cpp+/absl/hash/hash.h:88,
2026-10-06T16:45:26.6371410Z                  from external/abseil-cpp+/absl/container/internal/hash_function_defaults.h:57,
2026-10-06T16:45:26.6371943Z                  from external/abseil-cpp+/absl/container/hash_container_defaults.h:19,
2026-10-06T16:45:26.6372743Z                  from external/abseil-cpp+/absl/container/flat_hash_map.h:43,
2026-10-06T16:45:26.6373543Z                  from bazel-out/k8-opt-exec-ST-d57f47055a04/bin/external/protobuf+/src/google/protobuf/compiler/cpp/_virtual_includes/cpp/google/protobuf/compiler/cpp/file.h:20:
2026-10-06T16:45:26.6374583Z In function 'void absl::lts_20250814::internal_any_invocable::LocalManagerTrivial(FunctionToCall, TypeErasedState*, TypeErasedState*)',
2026-10-06T16:45:26.6376226Z     inlined from 'absl::lts_20250814::internal_any_invocable::CoreImpl<SigIsNoexcept, ReturnType, P>::CoreImpl(absl::lts_20250814::internal_any_invocable::CoreImpl<SigIsNoexcept, ReturnType, P>&&) [with bool SigIsNoexcept = false; ReturnType = void; P = {google::protobuf::io::Printer*}]' at external/abseil-cpp+/absl/functional/internal/any_invocable.h:461:11,
2026-10-06T16:45:26.6378248Z     inlined from 'absl::lts_20250814::internal_any_invocable::Impl<void(google::protobuf::io::Printer*)>::Impl(absl::lts_20250814::internal_any_invocable::Impl<void(google::protobuf::io::Printer*)>&&)' at external/abseil-cpp+/absl/functional/internal/any_invocable.h:755:1,
2026-10-06T16:45:26.6379964Z     inlined from 'absl::lts_20250814::AnyInvocable<Sig>::AnyInvocable(absl::lts_20250814::AnyInvocable<Sig>&&) [with Sig = void(google::protobuf::io::Printer*)]' at external/abseil-cpp+/absl/functional/any_invocable.h:185:3,
2026-10-06T16:45:26.6381813Z     inlined from 'void std::__new_allocator<_Tp>::construct(_Up*, _Args&& ...) [with _Up = absl::lts_20250814::AnyInvocable<void(google::protobuf::io::Printer*)>; _Args = {absl::lts_20250814::AnyInvocable<void(google::protobuf::io::Printer*)>}; _Tp = absl::lts_20250814::AnyInvocable<void(google::protobuf::io::Printer*)>]' at /usr/include/c++/13/bits/new_allocator.h:191:4,
2026-10-06T16:45:26.6384573Z     inlined from 'static void std::allocator_traits<std::allocator<_Tp1> >::construct(allocator_type&, _Up*, _Args&& ...) [with _Up = absl::lts_20250814::AnyInvocable<void(google::protobuf::io::Printer*)>; _Args = {absl::lts_20250814::AnyInvocable<void(google::protobuf::io::Printer*)>}; _Tp = absl::lts_20250814::AnyInvocable<void(google::protobuf::io::Printer*)>]' at /usr/include/c++/13/bits/alloc_traits.h:538:17,
2026-10-06T16:45:26.6387238Z     inlined from 'std::vector<_Tp, _Alloc>::reference std::vector<_Tp, _Alloc>::emplace_back(_Args&& ...) [with _Args = {absl::lts_20250814::AnyInvocable<void(google::protobuf::io::Printer*)>}; _Tp = absl::lts_20250814::AnyInvocable<void(google::protobuf::io::Printer*)>; _Alloc = std::allocator<absl::lts_20250814::AnyInvocable<void(google::protobuf::io::Printer*)> >]' at /usr/include/c++/13/bits/vector.tcc:117:30,
2026-10-06T16:45:26.6389427Z     inlined from 'void std::vector<_Tp, _Alloc>::push_back(value_type&&) [with _Tp = absl::lts_20250814::AnyInvocable<void(google::protobuf::io::Printer*)>; _Alloc = std::allocator<absl::lts_20250814::AnyInvocable<void(google::protobuf::io::Printer*)> >]' at /usr/include/c++/13/bits/stl_vector.h:1299:21,
2026-10-06T16:45:26.6391078Z     inlined from 'void google::protobuf::compiler::cpp::FileGenerator::GenerateReflectionInitializationCode(google::protobuf::io::Printer*)' at external/protobuf+/src/google/protobuf/compiler/cpp/file.cc:1385:53:
2026-10-06T16:45:26.6393407Z external/abseil-cpp+/absl/functional/internal/any_invocable.h:225:7: warning: '<unnamed>.absl::lts_20250814::AnyInvocable<void(google::protobuf::io::Printer*)>::<unnamed>.absl::lts_20250814::internal_any_invocable::Impl<void(google::protobuf::io::Printer*)>::<unnamed>.absl::lts_20250814::internal_any_invocable::CoreImpl<false, void, google::protobuf::io::Printer*>::state_' may be used uninitialized [-Wmaybe-uninitialized]
2026-10-06T16:45:26.6394894Z   225 |   *to = *from;
2026-10-06T16:45:26.6395101Z       |   ~~~~^~~~~~~
2026-10-06T16:45:26.6395878Z external/protobuf+/src/google/protobuf/compiler/cpp/file.cc: In member function 'void google::protobuf::compiler::cpp::FileGenerator::GenerateReflectionInitializationCode(google::protobuf::io::Printer*)':
2026-10-06T16:45:26.6396943Z external/protobuf+/src/google/protobuf/compiler/cpp/file.cc:1385:53: note: '<anonymous>' declared here
2026-10-06T16:45:26.6397527Z  1385 |     static_initializers_[kInitPriority102].push_back([](auto* p) {
2026-10-06T16:45:26.6397926Z       |     ~~~~~~~~~~~~~~~~~~~~~~~~~~~~~~~~~~~~~~~~~~~~~~~~^~~~~~~~~~~~~~
2026-10-06T16:45:26.6398228Z  1386 |       p->Emit(R"cc(
2026-10-06T16:45:26.6398482Z       |       ~~~~~~~~~~~~~                                  
2026-10-06T16:45:26.6398829Z  1387 |         ::_pbi::AddDescriptors(&$desc_table$),
2026-10-06T16:45:26.6399146Z       |         ~~~~~~~~~~~~~~~~~~~~~~~~~~~~~~~~~~~~~~       
2026-10-06T16:45:26.6399413Z  1388 |       )cc");
2026-10-06T16:45:26.6399628Z       |       ~~~~~~                                         
2026-10-06T16:45:26.6399888Z  1389 |     });
2026-10-06T16:45:26.6400090Z       |     ~~                                               
2026-10-06T16:45:27.4362867Z [876 / 944] Compiling src/google/protobuf/compiler/cpp/message.cc [for tool]; 7s processwrapper-sandbox ... (2 actions running)
2026-10-06T16:45:28.6394045Z INFO: From Compiling src/google/protobuf/compiler/cpp/generator.cc [for tool]:
2026-10-06T16:45:28.6396075Z In file included from bazel-out/k8-opt-exec-ST-d57f47055a04/bin/external/protobuf+/src/google/protobuf/compiler/cpp/_virtual_includes/cpp/google/protobuf/compiler/cpp/extension.h:19,
2026-10-06T16:45:28.6398092Z                  from bazel-out/k8-opt-exec-ST-d57f47055a04/bin/external/protobuf+/src/google/protobuf/compiler/cpp/_virtual_includes/cpp/google/protobuf/compiler/cpp/file.h:26,
2026-10-06T16:45:28.6399452Z                  from external/protobuf+/src/google/protobuf/compiler/cpp/generator.cc:31:
2026-10-06T16:45:28.6401724Z bazel-out/k8-opt-exec-ST-d57f47055a04/bin/external/protobuf+/src/google/protobuf/compiler/cpp/_virtual_includes/names_internal/google/protobuf/compiler/cpp/helpers.h: In function 'bool google::protobuf::compiler::cpp::IsWeak(const google::protobuf::FieldDescriptor*, const Options&)':
2026-10-06T16:45:28.6405323Z bazel-out/k8-opt-exec-ST-d57f47055a04/bin/external/protobuf+/src/google/protobuf/compiler/cpp/_virtual_includes/names_internal/google/protobuf/compiler/cpp/helpers.h:347:28: warning: 'bool google::protobuf::FieldOptions::weak() const' is deprecated [-Wdeprecated-declarations]
2026-10-06T16:45:28.6407351Z   347 |   if (field->options().weak()) {
2026-10-06T16:45:28.6407844Z       |       ~~~~~~~~~~~~~~~~~~~~~^~
2026-10-06T16:45:28.6409549Z In file included from bazel-out/k8-opt-exec-ST-d57f47055a04/bin/external/protobuf+/src/google/protobuf/compiler/_virtual_includes/code_generator_lite/google/protobuf/compiler/code_generator_lite.h:18,
2026-10-06T16:45:28.6411783Z                  from bazel-out/k8-opt-exec-ST-d57f47055a04/bin/external/protobuf+/src/google/protobuf/compiler/_virtual_includes/code_generator/google/protobuf/compiler/code_generator.h:25,
2026-10-06T16:45:28.6414615Z                  from bazel-out/k8-opt-exec-ST-d57f47055a04/bin/external/protobuf+/src/google/protobuf/compiler/cpp/_virtual_includes/cpp/google/protobuf/compiler/cpp/generator.h:24,
2026-10-06T16:45:28.6416603Z                  from external/protobuf+/src/google/protobuf/compiler/cpp/generator.cc:12:
2026-10-06T16:45:28.6418469Z bazel-out/k8-opt-exec-ST-d57f47055a04/bin/external/protobuf+/src/google/protobuf/_virtual_includes/protobuf/google/protobuf/descriptor.pb.h:18861:13: note: declared here
2026-10-06T16:45:28.6420224Z 18861 | inline bool FieldOptions::weak() const {
2026-10-06T16:45:28.6421012Z       |             ^~~~~~~~~~~~
2026-10-06T16:45:29.4357717Z [877 / 944] Compiling src/google/protobuf/compiler/cpp/message.cc [for tool]; 9s processwrapper-sandbox
2026-10-06T16:45:36.4924175Z INFO: From Compiling src/google/protobuf/compiler/cpp/message.cc [for tool]:
2026-10-06T16:45:36.4925721Z In file included from bazel-out/k8-opt-exec-ST-d57f47055a04/bin/external/protobuf+/src/google/protobuf/compiler/cpp/_virtual_includes/cpp/google/protobuf/compiler/cpp/extension.h:19,
2026-10-06T16:45:36.4927752Z                  from bazel-out/k8-opt-exec-ST-d57f47055a04/bin/external/protobuf+/src/google/protobuf/compiler/cpp/_virtual_includes/cpp/google/protobuf/compiler/cpp/message.h:25,
2026-10-06T16:45:36.4929168Z                  from external/protobuf+/src/google/protobuf/compiler/cpp/message.cc:12:
2026-10-06T16:45:36.4931291Z bazel-out/k8-opt-exec-ST-d57f47055a04/bin/external/protobuf+/src/google/protobuf/compiler/cpp/_virtual_includes/names_internal/google/protobuf/compiler/cpp/helpers.h: In function 'bool google::protobuf::compiler::cpp::IsWeak(const google::protobuf::FieldDescriptor*, const Options&)':
2026-10-06T16:45:36.4934743Z bazel-out/k8-opt-exec-ST-d57f47055a04/bin/external/protobuf+/src/google/protobuf/compiler/cpp/_virtual_includes/names_internal/google/protobuf/compiler/cpp/helpers.h:347:28: warning: 'bool google::protobuf::FieldOptions::weak() const' is deprecated [-Wdeprecated-declarations]
2026-10-06T16:45:36.4936638Z   347 |   if (field->options().weak()) {
2026-10-06T16:45:36.4937083Z       |       ~~~~~~~~~~~~~~~~~~~~~^~
2026-10-06T16:45:36.4938387Z In file included from bazel-out/k8-opt-exec-ST-d57f47055a04/bin/external/protobuf+/src/google/protobuf/compiler/_virtual_includes/code_generator_lite/google/protobuf/compiler/code_generator_lite.h:18,
2026-10-06T16:45:36.4940995Z                  from bazel-out/k8-opt-exec-ST-d57f47055a04/bin/external/protobuf+/src/google/protobuf/compiler/_virtual_includes/code_generator/google/protobuf/compiler/code_generator.h:25,
2026-10-06T16:45:36.4943318Z                  from bazel-out/k8-opt-exec-ST-d57f47055a04/bin/external/protobuf+/src/google/protobuf/compiler/cpp/_virtual_includes/names_internal/google/protobuf/compiler/cpp/helpers.h:29:
2026-10-06T16:45:36.4945292Z bazel-out/k8-opt-exec-ST-d57f47055a04/bin/external/protobuf+/src/google/protobuf/_virtual_includes/protobuf/google/protobuf/descriptor.pb.h:18861:13: note: declared here
2026-10-06T16:45:36.4946521Z 18861 | inline bool FieldOptions::weak() const {
2026-10-06T16:45:36.4946969Z       |             ^~~~~~~~~~~~
2026-10-06T16:45:36.4948708Z external/protobuf+/src/google/protobuf/compiler/cpp/message.cc: In function 'void google::protobuf::compiler::cpp::{anonymous}::PrintPresenceCheck(const google::protobuf::FieldDescriptor*, const std::vector<int>&, google::protobuf::io::Printer*, int*, const google::protobuf::compiler::cpp::Options&)':
2026-10-06T16:45:36.4951746Z external/protobuf+/src/google/protobuf/compiler/cpp/message.cc:176:29: warning: 'bool google::protobuf::FieldOptions::weak() const' is deprecated [-Wdeprecated-declarations]
2026-10-06T16:45:36.4953534Z   176 |   if (!field->options().weak()) {
2026-10-06T16:45:36.4953971Z       |        ~~~~~~~~~~~~~~~~~~~~~^~
2026-10-06T16:45:36.4955144Z bazel-out/k8-opt-exec-ST-d57f47055a04/bin/external/protobuf+/src/google/protobuf/_virtual_includes/protobuf/google/protobuf/descriptor.pb.h:18861:13: note: declared here
2026-10-06T16:45:36.4956461Z 18861 | inline bool FieldOptions::weak() const {
2026-10-06T16:45:36.4957042Z       |             ^~~~~~~~~~~~
2026-10-06T16:45:36.4958462Z external/protobuf+/src/google/protobuf/compiler/cpp/message.cc: In member function 'void google::protobuf::compiler::cpp::MessageGenerator::GenerateFieldAccessorDeclarations(google::protobuf::io::Printer*)':
2026-10-06T16:45:36.4960865Z external/protobuf+/src/google/protobuf/compiler/cpp/message.cc:775:66: warning: 'bool google::protobuf::FieldOptions::weak() const' is deprecated [-Wdeprecated-declarations]
2026-10-06T16:45:36.4962638Z   775 |     if (!field->real_containing_oneof() && !field->options().weak()) {
2026-10-06T16:45:36.4963346Z       |                                             ~~~~~~~~~~~~~~~~~~~~~^~
2026-10-06T16:45:36.4964718Z bazel-out/k8-opt-exec-ST-d57f47055a04/bin/external/protobuf+/src/google/protobuf/_virtual_includes/protobuf/google/protobuf/descriptor.pb.h:18861:13: note: declared here
2026-10-06T16:45:36.4966082Z 18861 | inline bool FieldOptions::weak() const {
2026-10-06T16:45:36.4966590Z       |             ^~~~~~~~~~~~
2026-10-06T16:45:36.4968308Z external/protobuf+/src/google/protobuf/compiler/cpp/message.cc: In member function 'void google::protobuf::compiler::cpp::MessageGenerator::GenerateSingularFieldHasBits(const google::protobuf::FieldDescriptor*, google::protobuf::io::Printer*)':
2026-10-06T16:45:36.4970919Z external/protobuf+/src/google/protobuf/compiler/cpp/message.cc:1140:28: warning: 'bool google::protobuf::FieldOptions::weak() const' is deprecated [-Wdeprecated-declarations]
2026-10-06T16:45:36.4972549Z  1140 |   if (field->options().weak()) {
2026-10-06T16:45:36.4973011Z       |       ~~~~~~~~~~~~~~~~~~~~~^~
2026-10-06T16:45:36.4974225Z bazel-out/k8-opt-exec-ST-d57f47055a04/bin/external/protobuf+/src/google/protobuf/_virtual_includes/protobuf/google/protobuf/descriptor.pb.h:18861:13: note: declared here
2026-10-06T16:45:36.4975539Z 18861 | inline bool FieldOptions::weak() const {
2026-10-06T16:45:36.4975979Z       |             ^~~~~~~~~~~~
2026-10-06T16:45:36.4977236Z external/protobuf+/src/google/protobuf/compiler/cpp/message.cc: In member function 'void google::protobuf::compiler::cpp::MessageGenerator::MaybeEmitUpdateCachedHasbits(const google::protobuf::FieldDescriptor*, google::protobuf::io::Printer*, int&) const':
2026-10-06T16:45:36.4979256Z external/protobuf+/src/google/protobuf/compiler/cpp/message.cc:1396:59: warning: 'bool google::protobuf::FieldOptions::weak() const' is deprecated [-Wdeprecated-declarations]
2026-10-06T16:45:36.4980085Z  1396 |   if (!HasHasbit(field, options_) || field->options().weak()) return;
2026-10-06T16:45:36.4980496Z       |                                      ~~~~~~~~~~~~~~~~~~~~~^~
2026-10-06T16:45:36.4981557Z bazel-out/k8-opt-exec-ST-d57f47055a04/bin/external/protobuf+/src/google/protobuf/_virtual_includes/protobuf/google/protobuf/descriptor.pb.h:18861:13: note: declared here
2026-10-06T16:45:36.4982802Z 18861 | inline bool FieldOptions::weak() const {
2026-10-06T16:45:36.4983096Z       |             ^~~~~~~~~~~~
2026-10-06T16:45:36.4983489Z external/protobuf+/src/google/protobuf/compiler/cpp/message.cc: In lambda function:
2026-10-06T16:45:36.4984385Z external/protobuf+/src/google/protobuf/compiler/cpp/message.cc:2184:64: warning: 'bool google::protobuf::FieldOptions::weak() const' is deprecated [-Wdeprecated-declarations]
2026-10-06T16:45:36.4985196Z  2184 |             if (!field->is_repeated() && !field->options().weak() &&
2026-10-06T16:45:36.4985564Z       |                                           ~~~~~~~~~~~~~~~~~~~~~^~
2026-10-06T16:45:36.4987023Z bazel-out/k8-opt-exec-ST-d57f47055a04/bin/external/protobuf+/src/google/protobuf/_virtual_includes/protobuf/google/protobuf/descriptor.pb.h:18861:13: note: declared here
2026-10-06T16:45:36.4987826Z 18861 | inline bool FieldOptions::weak() const {
2026-10-06T16:45:36.4988111Z       |             ^~~~~~~~~~~~
2026-10-06T16:45:36.4988871Z external/protobuf+/src/google/protobuf/compiler/cpp/message.cc: In member function 'size_t google::protobuf::compiler::cpp::MessageGenerator::GenerateOffsets(google::protobuf::io::Printer*)':
2026-10-06T16:45:36.4990104Z external/protobuf+/src/google/protobuf/compiler/cpp/message.cc:2717:30: warning: 'bool google::protobuf::FieldOptions::weak() const' is deprecated [-Wdeprecated-declarations]
2026-10-06T16:45:36.4990841Z  2717 |     if (field->options().weak()) {
2026-10-06T16:45:36.4991106Z       |         ~~~~~~~~~~~~~~~~~~~~~^~
2026-10-06T16:45:36.4991814Z bazel-out/k8-opt-exec-ST-d57f47055a04/bin/external/protobuf+/src/google/protobuf/_virtual_includes/protobuf/google/protobuf/descriptor.pb.h:18861:13: note: declared here
2026-10-06T16:45:36.4992863Z 18861 | inline bool FieldOptions::weak() const {
2026-10-06T16:45:36.4993144Z       |             ^~~~~~~~~~~~
2026-10-06T16:45:36.4993524Z external/protobuf+/src/google/protobuf/compiler/cpp/message.cc: In lambda function:
2026-10-06T16:45:36.4994408Z external/protobuf+/src/google/protobuf/compiler/cpp/message.cc:4372:39: warning: 'bool google::protobuf::FieldOptions::weak() const' is deprecated [-Wdeprecated-declarations]
2026-10-06T16:45:36.4995148Z  4372 |       } else if (field->options().weak() ||
2026-10-06T16:45:36.4995439Z       |                  ~~~~~~~~~~~~~~~~~~~~~^~
2026-10-06T16:45:36.4996167Z bazel-out/k8-opt-exec-ST-d57f47055a04/bin/external/protobuf+/src/google/protobuf/_virtual_includes/protobuf/google/protobuf/descriptor.pb.h:18861:13: note: declared here
2026-10-06T16:45:36.4996910Z 18861 | inline bool FieldOptions::weak() const {
2026-10-06T16:45:36.4997180Z       |             ^~~~~~~~~~~~
2026-10-06T16:45:36.4998123Z external/protobuf+/src/google/protobuf/compiler/cpp/message.cc: In member function 'void google::protobuf::compiler::cpp::MessageGenerator::GenerateSerializeOneField(google::protobuf::io::Printer*, const google::protobuf::FieldDescriptor*, int)':
2026-10-06T16:45:36.4999548Z external/protobuf+/src/google/protobuf/compiler/cpp/message.cc:4722:28: warning: 'bool google::protobuf::FieldOptions::weak() const' is deprecated [-Wdeprecated-declarations]
2026-10-06T16:45:36.5000266Z  4722 |   if (field->options().weak()) {
2026-10-06T16:45:36.5000525Z       |       ~~~~~~~~~~~~~~~~~~~~~^~
2026-10-06T16:45:36.5001215Z bazel-out/k8-opt-exec-ST-d57f47055a04/bin/external/protobuf+/src/google/protobuf/_virtual_includes/protobuf/google/protobuf/descriptor.pb.h:18861:13: note: declared here
2026-10-06T16:45:36.5002356Z 18861 | inline bool FieldOptions::weak() const {
2026-10-06T16:45:36.5002645Z       |             ^~~~~~~~~~~~
2026-10-06T16:45:36.5003028Z external/protobuf+/src/google/protobuf/compiler/cpp/message.cc: In lambda function:
2026-10-06T16:45:36.5003912Z external/protobuf+/src/google/protobuf/compiler/cpp/message.cc:5029:43: warning: 'bool google::protobuf::FieldOptions::weak() const' is deprecated [-Wdeprecated-declarations]
2026-10-06T16:45:36.5004671Z  5029 |                  if (field->options().weak()) {
2026-10-06T16:45:36.5004972Z       |                      ~~~~~~~~~~~~~~~~~~~~~^~
2026-10-06T16:45:36.5005692Z bazel-out/k8-opt-exec-ST-d57f47055a04/bin/external/protobuf+/src/google/protobuf/_virtual_includes/protobuf/google/protobuf/descriptor.pb.h:18861:13: note: declared here
2026-10-06T16:45:36.5006436Z 18861 | inline bool FieldOptions::weak() const {
2026-10-06T16:45:36.5006722Z       |             ^~~~~~~~~~~~
2026-10-06T16:45:36.5007668Z external/protobuf+/src/google/protobuf/compiler/cpp/message.cc: In member function 'void google::protobuf::compiler::cpp::MessageGenerator::EmitCheckAndSerializeField(const google::protobuf::FieldDescriptor*, google::protobuf::io::Printer*) const':
2026-10-06T16:45:36.5009265Z external/protobuf+/src/google/protobuf/compiler/cpp/message.cc:5572:28: warning: 'bool google::protobuf::FieldOptions::weak() const' is deprecated [-Wdeprecated-declarations]
2026-10-06T16:45:36.5009995Z  5572 |   if (field->options().weak()) {
2026-10-06T16:45:36.5010252Z       |       ~~~~~~~~~~~~~~~~~~~~~^~
2026-10-06T16:45:36.5010940Z bazel-out/k8-opt-exec-ST-d57f47055a04/bin/external/protobuf+/src/google/protobuf/_virtual_includes/protobuf/google/protobuf/descriptor.pb.h:18861:13: note: declared here
2026-10-06T16:45:36.5011677Z 18861 | inline bool FieldOptions::weak() const {
2026-10-06T16:45:36.5011948Z       |             ^~~~~~~~~~~~
2026-10-06T16:45:36.5013301Z external/protobuf+/src/google/protobuf/compiler/cpp/message.cc: In instantiation of 'void google::protobuf::compiler::cpp::MessageGenerator::EmitCheckAndUpdateByteSizeForField(const google::protobuf::FieldDescriptor*, google::protobuf::io::Printer*) const [with bool kIsV2 = false]':
2026-10-06T16:45:36.5014605Z external/protobuf+/src/google/protobuf/compiler/cpp/message.cc:1418:62:   required from here
2026-10-06T16:45:36.5015512Z external/protobuf+/src/google/protobuf/compiler/cpp/message.cc:1363:28: warning: 'bool google::protobuf::FieldOptions::weak() const' is deprecated [-Wdeprecated-declarations]
2026-10-06T16:45:36.5016234Z  1363 |   if (field->options().weak()) {
2026-10-06T16:45:36.5016488Z       |       ~~~~~~~~~~~~~~~~~~~~~^~
2026-10-06T16:45:36.5017183Z bazel-out/k8-opt-exec-ST-d57f47055a04/bin/external/protobuf+/src/google/protobuf/_virtual_includes/protobuf/google/protobuf/descriptor.pb.h:18861:13: note: declared here
2026-10-06T16:45:36.5017921Z 18861 | inline bool FieldOptions::weak() const {
2026-10-06T16:45:36.5018199Z       |             ^~~~~~~~~~~~
2026-10-06T16:45:36.5018875Z external/protobuf+/src/google/protobuf/compiler/cpp/message.cc:1363:28: warning: 'bool google::protobuf::FieldOptions::weak() const' is deprecated [-Wdeprecated-declarations]
2026-10-06T16:45:36.5019595Z  1363 |   if (field->options().weak()) {
2026-10-06T16:45:36.5019849Z       |       ~~~~~~~~~~~~~~~~~~~~~^~
2026-10-06T16:45:36.5020540Z bazel-out/k8-opt-exec-ST-d57f47055a04/bin/external/protobuf+/src/google/protobuf/_virtual_includes/protobuf/google/protobuf/descriptor.pb.h:18861:13: note: declared here
2026-10-06T16:45:36.5021275Z 18861 | inline bool FieldOptions::weak() const {
2026-10-06T16:45:36.5021546Z       |             ^~~~~~~~~~~~
2026-10-06T16:45:36.5021998Z [878 / 944] [Prepa] Linking external/protobuf+/src/google/protobuf/compiler/cpp/libcpp.a [for tool]
2026-10-06T16:45:38.4404340Z [887 / 944] Compiling external/protobuf+/src/google/protobuf/_virtual_imports/source_context_proto/google/protobuf/source_context.pb.cc; 1s processwrapper-sandbox ... (4 actions running)
2026-10-06T16:45:39.7379156Z [888 / 944] Compiling external/protobuf+/src/google/protobuf/_virtual_imports/any_proto/google/protobuf/any.pb.cc; 2s processwrapper-sandbox ... (4 actions, 3 running)
2026-10-06T16:45:40.7834311Z [898 / 944] Compiling external/protobuf+/src/google/protobuf/_virtual_imports/timestamp_proto/google/protobuf/timestamp.pb.cc; 0s processwrapper-sandbox ... (4 actions, 3 running)
2026-10-06T16:45:42.4034121Z [899 / 944] Compiling external/protobuf+/src/google/protobuf/_virtual_imports/type_proto/google/protobuf/type.pb.cc; 2s processwrapper-sandbox ... (4 actions, 3 running)
2026-10-06T16:45:43.4404090Z [902 / 944] Compiling external/protobuf+/src/google/protobuf/_virtual_imports/type_proto/google/protobuf/type.pb.cc; 3s processwrapper-sandbox ... (4 actions running)
2026-10-06T16:45:44.5584204Z [908 / 944] Compiling external/protobuf+/src/google/protobuf/_virtual_imports/duration_proto/google/protobuf/duration.pb.cc; 2s processwrapper-sandbox ... (4 actions, 3 running)
2026-10-06T16:45:46.2279751Z [912 / 944] Compiling pkg/sentry/seccheck/points/sentry.pb.cc; 2s processwrapper-sandbox ... (4 actions, 3 running)
2026-10-06T16:45:47.4423968Z [913 / 944] Compiling pkg/sentry/seccheck/points/sentry.pb.cc; 3s processwrapper-sandbox ... (4 actions running)
2026-10-06T16:45:49.4420427Z [918 / 944] Compiling src/google/protobuf/json/internal/untyped_message.cc; 4s processwrapper-sandbox ... (4 actions running)
2026-10-06T16:45:51.1414095Z [919 / 944] Compiling src/google/protobuf/json/internal/untyped_message.cc; 6s processwrapper-sandbox ... (4 actions, 3 running)
2026-10-06T16:45:51.7903857Z INFO: From Compiling external/protobuf+/src/google/protobuf/_virtual_imports/struct_proto/google/protobuf/struct.pb.cc:
2026-10-06T16:45:51.7913576Z In file included from bazel-out/k8-opt/bin/external/protobuf+/src/google/protobuf/_virtual_includes/struct_proto/google/protobuf/struct.pb.h:34,
2026-10-06T16:45:51.7933460Z                  from bazel-out/k8-opt/bin/external/protobuf+/src/google/protobuf/_virtual_imports/struct_proto/google/protobuf/struct.pb.cc:6:
2026-10-06T16:45:51.7941212Z bazel-out/k8-opt/bin/external/protobuf+/src/google/protobuf/_virtual_includes/protobuf/google/protobuf/map_field.h: In constructor 'google::protobuf::internal::MapFieldBase::ReflectionPayload::ReflectionPayload(google::protobuf::Arena*, const google::protobuf::Message*)':
2026-10-06T16:45:51.7984696Z bazel-out/k8-opt/bin/external/protobuf+/src/google/protobuf/_virtual_includes/protobuf/google/protobuf/map_field.h:416:11: warning: 'google::protobuf::RepeatedPtrField<T>::RepeatedPtrField(google::protobuf::Arena*) [with Element = google::protobuf::Message]' is deprecated: Use Arena::Create<RepeatedPtrField<...>>(Arena*) instead [-Wdeprecated-declarations]
2026-10-06T16:45:51.7993404Z   416 |         : repeated_field_(arena), prototype_(prototype) {}
2026-10-06T16:45:51.8022918Z       |           ^~~~~~~~~~~~~~~~~~~~~~
2026-10-06T16:45:51.8043510Z In file included from bazel-out/k8-opt/bin/external/protobuf+/src/google/protobuf/_virtual_includes/protobuf_lite/google/protobuf/repeated_field.h:46,
2026-10-06T16:45:51.8073427Z                  from bazel-out/k8-opt/bin/external/protobuf+/src/google/protobuf/_virtual_includes/protobuf_lite/google/protobuf/parse_context.h:39,
2026-10-06T16:45:51.8083615Z                  from bazel-out/k8-opt/bin/external/protobuf+/src/google/protobuf/_virtual_includes/protobuf_lite/google/protobuf/generated_message_tctable_decl.h:25,
2026-10-06T16:45:51.8103372Z                  from bazel-out/k8-opt/bin/external/protobuf+/src/google/protobuf/_virtual_includes/struct_proto/google/protobuf/struct.pb.h:23:
2026-10-06T16:45:51.8123574Z bazel-out/k8-opt/bin/external/protobuf+/src/google/protobuf/_virtual_includes/protobuf_lite/google/protobuf/repeated_ptr_field.h:1380:8: note: declared here
2026-10-06T16:45:51.8143176Z  1380 | inline RepeatedPtrField<Element>::RepeatedPtrField(Arena* arena)
2026-10-06T16:45:51.8172946Z       |        ^~~~~~~~~~~~~~~~~~~~~~~~~
2026-10-06T16:45:52.4433908Z [928 / 944] Compiling pkg/sentry/seccheck/points/syscall.pb.cc; 4s processwrapper-sandbox ... (4 actions running)
2026-10-06T16:45:53.8513641Z [929 / 944] Compiling pkg/sentry/seccheck/points/syscall.pb.cc; 5s processwrapper-sandbox ... (4 actions, 3 running)
2026-10-06T16:45:55.4163680Z [931 / 944] Compiling pkg/sentry/seccheck/points/syscall.pb.cc; 7s processwrapper-sandbox ... (4 actions, 3 running)
2026-10-06T16:45:56.4473682Z [932 / 944] Compiling pkg/sentry/seccheck/points/syscall.pb.cc; 8s processwrapper-sandbox ... (4 actions running)
2026-10-06T16:45:58.2907038Z [935 / 944] Compiling src/google/protobuf/json/internal/parser.cc; 6s processwrapper-sandbox ... (4 actions, 3 running)
2026-10-06T16:45:59.4451294Z [936 / 944] Compiling src/google/protobuf/json/internal/parser.cc; 7s processwrapper-sandbox ... (4 actions running)
2026-10-06T16:46:01.4976176Z [937 / 944] Compiling src/google/protobuf/json/internal/unparser.cc; 7s processwrapper-sandbox ... (4 actions, 3 running)
2026-10-06T16:46:03.4435235Z [940 / 944] Compiling tools/haa_gvisor_observer/observer_latch_test.cc; 6s processwrapper-sandbox ... (2 actions running)
2026-10-06T16:46:08.7491181Z INFO: From Compiling tools/haa_gvisor_observer/observer.cc:
2026-10-06T16:46:08.7496833Z tools/haa_gvisor_observer/observer.cc:4614:6: warning: 'bool {anonymous}::Handle(const Header&, const char*, size_t, int, std::string*, const char*, ProcessState*, NormalizedCounts*, TopologyState*, const char**, FaultSite*)' defined but not used [-Wunused-function]
2026-10-06T16:46:08.7498651Z  4614 | bool Handle(const Header& header, const char* payload, size_t payload_size, int output, std::string* container_id,
2026-10-06T16:46:08.7499523Z       |      ^~~~~~
2026-10-06T16:46:08.7501154Z tools/haa_gvisor_observer/observer.cc:3868:6: warning: 'bool {anonymous}::ParseSentryProcessAndClassify(const char*, size_t, int, std::string*, const char*, ProcessState*, const char**)' defined but not used [-Wunused-function]
2026-10-06T16:46:08.7503483Z  3868 | bool ParseSentryProcessAndClassify(const char* payload, size_t payload_size, int output, std::string* container_id,
2026-10-06T16:46:08.7504253Z       |      ^~~~~~~~~~~~~~~~~~~~~~~~~~~~~
2026-10-06T16:46:08.7504896Z tools/haa_gvisor_observer/observer.cc:262:13: warning: 'const char* {anonymous}::CommandPhaseName(CommandPhase)' defined but not used [-Wunused-function]
2026-10-06T16:46:08.7505716Z   262 | const char* CommandPhaseName(CommandPhase phase) {
2026-10-06T16:46:08.7506081Z       |             ^~~~~~~~~~~~~~~~
2026-10-06T16:46:08.7513146Z [941 / 944] Compiling tools/haa_gvisor_observer/observer_latch_test.cc; 11s processwrapper-sandbox ... (2 actions, 1 running)
2026-10-06T16:46:10.4446873Z [942 / 944] Compiling tools/haa_gvisor_observer/observer_latch_test.cc; 13s processwrapper-sandbox
2026-10-06T16:46:18.0346165Z [943 / 944] [Prepa] Linking tools/haa_gvisor_observer/haa_gvisor_observer_latch_test
2026-10-06T16:46:18.1493558Z INFO: Found 2 targets...
2026-10-06T16:46:18.2298892Z INFO: Elapsed time: 293.434s, Critical Path: 52.86s
2026-10-06T16:46:18.2299935Z INFO: 944 processes: 294 internal, 650 processwrapper-sandbox.
2026-10-06T16:46:18.2300826Z INFO: Build completed successfully, 944 total actions
2026-10-06T16:46:18.3145205Z STARTING record_boundaries
2026-10-06T16:46:19.4443214Z profile=go-module-resolver bounded terminal={"container_id":"0202020202020202","kind":"stream-fault","reason":"EVENT_LIMIT","fault_site":"EVENT_LIMIT","fault_budget":{"charged":200000,"limit":200000,"close":199998,"fcntl":0,"raw":0,"other":2,"workspace":0}}
2026-10-06T16:46:21.0376877Z profile=go-module-build bounded terminal={"container_id":"0606060606060606","kind":"stream-fault","reason":"EVENT_LIMIT","fault_site":"EVENT_LIMIT","fault_budget":{"charged":250000,"limit":250000,"close":249998,"fcntl":0,"raw":0,"other":2,"workspace":0}}
2026-10-06T16:46:21.1133668Z profile=cargo-resolver bounded terminal={"container_id":"0808080808080808","kind":"stream-fault","reason":"EVENT_LIMIT","fault_site":"EVENT_LIMIT","fault_budget":{"charged":10000,"limit":10000,"close":9998,"fcntl":0,"raw":0,"other":2,"workspace":0}}
2026-10-06T16:46:21.2057171Z profile=npm-lifecycle bounded terminal={"container_id":"0404040404040404","kind":"stream-fault","reason":"EVENT_LIMIT","fault_site":"EVENT_LIMIT","fault_budget":{"charged":10000,"limit":10000,"close":9998,"fcntl":0,"raw":0,"other":2,"workspace":0}}
2026-10-06T16:46:21.2058172Z STARTING accessors
2026-10-06T16:46:21.2683909Z STARTING network
2026-10-06T16:46:22.1718563Z STARTING malformed_socket
2026-10-06T16:46:22.1725587Z STARTING malformed_connect
2026-10-06T16:46:22.1738934Z STARTING unknown_fd
2026-10-06T16:46:22.1740938Z STARTING process
2026-10-06T16:46:22.3762707Z STARTING correlation
2026-10-06T16:46:22.5278401Z STARTING cloexec
2026-10-06T16:46:22.6288060Z STARTING delayed
2026-10-06T16:46:22.7795859Z STARTING concurrent_python_streams
2026-10-06T16:46:22.7799811Z STARTING roles
2026-10-06T16:46:22.8811669Z STARTING oci_bootstrap
2026-10-06T16:46:22.8863278Z STARTING demotion
2026-10-06T16:46:22.8875275Z STARTING mismatch
2026-10-06T16:46:22.8877594Z STARTING dropped
2026-10-06T16:46:22.8879874Z STARTING topology_fail_closed
2026-10-06T16:46:22.8902403Z STARTING filesystem
2026-10-06T16:46:23.5138353Z STARTING npm_node
2026-10-06T16:46:23.5138796Z STARTING open_result_negative
2026-10-06T16:46:23.5193436Z STARTING open_result_positive
2026-10-06T16:46:23.9212488Z STARTING no_basename_trust
2026-10-06T16:46:23.9721287Z STARTING unexpected_exec_diagnostic
2026-10-06T16:46:23.9735200Z STARTING resolver_npm_version_node
2026-10-06T16:46:23.9735761Z STARTING resolver_npm_version_production_path
2026-10-06T16:46:23.9740290Z STARTING resolver_lock_generation_production_path
2026-10-06T16:46:23.9746936Z STARTING process_group_lifecycle
2026-10-06T16:46:23.9749985Z STARTING direct_exec_admission
2026-10-06T16:46:23.9762780Z STARTING direct_exec_admission_bound
2026-10-06T16:46:23.9812839Z STARTING session_aware_control
2026-10-06T16:46:23.9827134Z STARTING control_peer_hup_live_admission
2026-10-06T16:46:23.9831108Z STARTING pre_attribution_disconnect
2026-10-06T16:46:23.9832036Z haa_gvisor_observer_latch_test: accepted remote stream ended before attribution
2026-10-06T16:46:23.9838704Z observer latch PASS: readiness
2026-10-06T16:46:23.9839188Z observer latch PASS: pod-init profile
2026-10-06T16:46:23.9839691Z observer latch PASS: profile record limits
2026-10-06T16:46:23.9840218Z observer latch PASS: finite profile record boundary
2026-10-06T16:46:23.9840755Z observer latch PASS: normalized accessors
2026-10-06T16:46:23.9841269Z observer latch PASS: socket family classification
2026-10-06T16:46:23.9841790Z observer latch PASS: unknown socket family
2026-10-06T16:46:23.9842725Z observer latch PASS: malformed socket address
2026-10-06T16:46:23.9843254Z observer latch PASS: unknown FD state
2026-10-06T16:46:23.9843731Z observer latch PASS: process trust boundary
2026-10-06T16:46:23.9844206Z observer latch PASS: exec correlation boundary
2026-10-06T16:46:23.9844719Z observer latch PASS: CLOEXEC/re-exec boundary
2026-10-06T16:46:23.9845293Z observer latch PASS: delayed profile registration
2026-10-06T16:46:23.9845825Z observer latch PASS: concurrent Python streams
2026-10-06T16:46:23.9846333Z observer latch PASS: role handoff/provenance
2026-10-06T16:46:23.9846818Z observer latch PASS: OCI bootstrap demotion
2026-10-06T16:46:23.9847304Z observer latch PASS: setpriv demotion boundary
2026-10-06T16:46:23.9847620Z observer latch PASS: container mismatch
2026-10-06T16:46:23.9847904Z observer latch PASS: dropped events
2026-10-06T16:46:23.9848179Z observer latch PASS: topology fail-closed
2026-10-06T16:46:23.9848496Z observer latch PASS: registered nested mount boundary
2026-10-06T16:46:23.9848833Z observer latch PASS: filesystem normalization
2026-10-06T16:46:23.9849207Z observer latch PASS: Cargo resolver runtime read boundary
2026-10-06T16:46:23.9849576Z observer latch PASS: Cargo resolver self maps boundary
2026-10-06T16:46:23.9850172Z observer latch PASS: Cargo configuration read boundary
2026-10-06T16:46:23.9851617Z observer latch PASS: Cargo TAR configuration read boundary
2026-10-06T16:46:23.9852227Z observer latch PASS: Cargo entropy read boundary
2026-10-06T16:46:23.9852992Z observer latch PASS: Cargo certificate bundle read boundary
2026-10-06T16:46:23.9853361Z observer latch PASS: Cargo null input read boundary
2026-10-06T16:46:23.9853711Z observer latch PASS: Cargo Rustc query boundary
2026-10-06T16:46:23.9854064Z observer latch PASS: Cargo Rustc metadata query boundary
2026-10-06T16:46:23.9854426Z observer latch PASS: Cargo Rustc VM metadata boundary
2026-10-06T16:46:23.9854768Z observer latch PASS: Cargo Rustc self maps boundary
2026-10-06T16:46:23.9855126Z observer latch PASS: Cargo Rustc self memory stats boundary
2026-10-06T16:46:23.9855485Z observer latch PASS: Cargo Rustc self cgroup boundary
2026-10-06T16:46:23.9855834Z observer latch PASS: Cargo Rustc self mountinfo boundary
2026-10-06T16:46:23.9856323Z observer latch PASS: Cargo Rustc CPU quota boundary
2026-10-06T16:46:23.9856709Z observer latch PASS: Cargo Rustc fixed sysroot directory boundary
2026-10-06T16:46:23.9857107Z observer latch PASS: Cargo DNS configuration boundary
2026-10-06T16:46:23.9857492Z observer latch PASS: Cargo resolver configuration file boundary
2026-10-06T16:46:23.9857861Z observer latch PASS: Cargo fixed UTC boundary
2026-10-06T16:46:23.9858391Z observer latch PASS: Cargo close-on-exec entropy boundary
2026-10-06T16:46:23.9858810Z observer latch PASS: SocketPair diagnostic preserves FD authority
2026-10-06T16:46:23.9859223Z observer latch PASS: Kernel SocketPair descriptor authority
2026-10-06T16:46:23.9859588Z observer latch PASS: Cargo Rustc Zlib ABI boundary
2026-10-06T16:46:23.9859908Z observer latch PASS: Cargo Rustc ABI boundary
2026-10-06T16:46:23.9860233Z observer latch PASS: Go resolver runtime read boundary
2026-10-06T16:46:23.9860596Z observer latch PASS: Go build configuration read boundary
2026-10-06T16:46:23.9860947Z observer latch PASS: Go build handoff read boundary
2026-10-06T16:46:23.9861298Z observer latch PASS: Cargo build handoff read boundary
2026-10-06T16:46:23.9861628Z observer latch PASS: Cargo build pinned target
2026-10-06T16:46:23.9861938Z observer latch PASS: Cargo build driver read
2026-10-06T16:46:23.9862541Z observer latch PASS: Cargo build rustc child
2026-10-06T16:46:23.9862858Z observer latch PASS: Cargo build native cc child
2026-10-06T16:46:23.9863176Z observer latch PASS: Cargo build collect2 child
2026-10-06T16:46:23.9863488Z observer latch PASS: Cargo build lld launcher
2026-10-06T16:46:23.9863778Z observer latch PASS: Cargo build rust lld
2026-10-06T16:46:23.9864064Z observer latch PASS: Cargo build link inputs
2026-10-06T16:46:23.9864350Z observer latch PASS: Cargo build link sdk
2026-10-06T16:46:23.9864636Z observer latch PASS: Cargo build Rust C ABI
2026-10-06T16:46:23.9864928Z observer latch PASS: Cargo build lld entropy
2026-10-06T16:46:23.9865219Z observer latch PASS: Cargo build program
2026-10-06T16:46:23.9865503Z observer latch PASS: Cargo build program ABI
2026-10-06T16:46:23.9865802Z observer latch PASS: Cargo build program maps
2026-10-06T16:46:23.9866124Z observer latch PASS: Cargo build program rustc query
2026-10-06T16:46:23.9866446Z observer latch PASS: Cargo build program null
2026-10-06T16:46:23.9866749Z observer latch PASS: Cargo build configuration
2026-10-06T16:46:23.9867111Z observer latch PASS: Terraform provider profile isolation
2026-10-06T16:46:23.9867485Z observer latch PASS: Go build runtime metadata boundary
2026-10-06T16:46:23.9867869Z observer latch PASS: Go build exact creator diagnostic boundary
2026-10-06T16:46:23.9868251Z observer latch PASS: Go build SDK tool child boundary
2026-10-06T16:46:23.9868597Z observer latch PASS: Go build cgo GCC creator boundary
2026-10-06T16:46:23.9868967Z observer latch PASS: Go build SDK linker GCC creator boundary
2026-10-06T16:46:23.9869369Z observer latch PASS: Go build SDK linker native ancestry boundary
2026-10-06T16:46:23.9869784Z observer latch PASS: Go build native linker resolver ABI boundary
2026-10-06T16:46:23.9870325Z observer latch PASS: Go build CC1 creator and loader boundary
2026-10-06T16:46:23.9870713Z observer latch PASS: Go build CC1 readonly header boundary
2026-10-06T16:46:23.9871111Z observer latch PASS: Go build assembler creator and loader boundary
2026-10-06T16:46:23.9871546Z observer latch PASS: Go build collect2 creator and loader boundary
2026-10-06T16:46:23.9871988Z observer latch PASS: Go build native linker creator and loader boundary
2026-10-06T16:46:23.9872673Z observer latch PASS: Go build native linker fixed plugin boundary
2026-10-06T16:46:23.9873086Z observer latch PASS: Go build native linker null device boundary
2026-10-06T16:46:23.9873509Z observer latch PASS: Go build native linker C runtime input boundary
2026-10-06T16:46:23.9873925Z observer latch PASS: Go build assembler null device boundary
2026-10-06T16:46:23.9874326Z observer latch PASS: Go build CC1 readonly SDK Cgo input boundary
2026-10-06T16:46:23.9874706Z observer latch PASS: exact npm CLI-to-Node
2026-10-06T16:46:23.9875017Z observer latch PASS: OPEN_RESULT negative matrix
2026-10-06T16:46:23.9875337Z observer latch PASS: OPEN_RESULT positive matrix
2026-10-06T16:46:23.9875648Z observer latch PASS: no-basename-trust
2026-10-06T16:46:23.9875973Z observer latch PASS: unexpected exec diagnostic retention
2026-10-06T16:46:23.9876469Z observer latch PASS: exact resolver npm-version-to-Node
2026-10-06T16:46:23.9876846Z observer latch PASS: resolver npm-version production path
2026-10-06T16:46:23.9877237Z observer latch PASS: resolver lock-generation production path
2026-10-06T16:46:23.9877632Z observer latch PASS: authoritative process-group lifecycle
2026-10-06T16:46:23.9877994Z observer latch PASS: direct-exec one-shot admission
2026-10-06T16:46:23.9878360Z observer latch PASS: direct-exec terminal admission protocol
2026-10-06T16:46:23.9878714Z observer latch PASS: direct-exec admission bound
2026-10-06T16:46:23.9879023Z observer latch PASS: session-aware control
2026-10-06T16:46:23.9879336Z observer latch PASS: exact control peer binding
2026-10-06T16:46:23.9879686Z observer latch PASS: control peer HUP clears live admission
2026-10-06T16:46:23.9880042Z observer latch PASS: unaccepted remote disconnect
2026-10-06T16:46:23.9880424Z observer latch PASS: accepted pre-attribution disconnect fail-stop
2026-10-06T16:46:24.0021212Z Post job cleanup.
2026-10-06T16:46:24.0899487Z [command]/usr/bin/git version
2026-10-06T16:46:24.0946991Z git version 2.55.0
2026-10-06T16:46:24.0990469Z Temporarily overriding HOME='/home/runner/work/_temp/b315736f-7d2e-4bd2-bbdf-5b3302c52534' before making global git config changes
2026-10-06T16:46:24.0991474Z Adding repository directory to the temporary git global config as a safe directory
2026-10-06T16:46:24.0996940Z [command]/usr/bin/git config --global --add safe.directory /home/runner/work/heliopause/heliopause
2026-10-06T16:46:24.1031627Z Removing SSH command configuration
2026-10-06T16:46:24.1038637Z [command]/usr/bin/git config --local --name-only --get-regexp core\.sshCommand
2026-10-06T16:46:24.1077940Z [command]/usr/bin/git submodule foreach --recursive sh -c "git config --local --name-only --get-regexp 'core\.sshCommand' && git config --local --unset-all 'core.sshCommand' || :"
2026-10-06T16:46:24.1318669Z Removing HTTP extra header
2026-10-06T16:46:24.1325514Z [command]/usr/bin/git config --local --name-only --get-regexp http\.https\:\/\/github\.com\/\.extraheader
2026-10-06T16:46:24.1361221Z [command]/usr/bin/git submodule foreach --recursive sh -c "git config --local --name-only --get-regexp 'http\.https\:\/\/github\.com\/\.extraheader' && git config --local --unset-all 'http.https://github.com/.extraheader' || :"
2026-10-06T16:46:24.1627370Z Removing includeIf entries pointing to credentials config files
2026-10-06T16:46:24.1638536Z [command]/usr/bin/git config --local --name-only --get-regexp ^includeIf\.gitdir:
2026-10-06T16:46:24.1679275Z [command]/usr/bin/git submodule foreach --recursive git config --local --show-origin --name-only --get-regexp remote.origin.url
2026-10-06T16:46:24.2189716Z Cleaning up orphan processes
2026-10-06T16:46:24.2530669Z Terminate orphan process: pid (2473) (java.lang=ALL-UNNAMED)
