2026-10-06T16:57:03.0859572Z Current runner version: '2.337.0'
2026-10-06T16:57:03.0893471Z ##[group]Runner Image Provisioner
2026-10-06T16:57:03.0894888Z Hosted Compute Agent
2026-10-06T16:57:03.0895823Z Version: 20260901.588
2026-10-06T16:57:03.0896913Z Commit: f88ec8081b781fac6c440065ac7ff9e710ce3d0b
2026-10-06T16:57:03.0898129Z Build Date: 2026-09-01T19:56:44Z
2026-10-06T16:57:03.0899211Z Worker ID: {bd44e2da-6d18-4274-9aa1-5eb1a9fe8cbb}
2026-10-06T16:57:03.0900453Z Azure Region: southcentralus
2026-10-06T16:57:03.0901648Z ##[endgroup]
2026-10-06T16:57:03.0903745Z ##[group]Operating System
2026-10-06T16:57:03.0904962Z Ubuntu
2026-10-06T16:57:03.0905756Z 24.04.5
2026-10-06T16:57:03.0906623Z LTS
2026-10-06T16:57:03.0907438Z ##[endgroup]
2026-10-06T16:57:03.0908306Z ##[group]Runner Image
2026-10-06T16:57:03.0909328Z Image: ubuntu-24.04
2026-10-06T16:57:03.0910174Z Version: 20260927.320.1
2026-10-06T16:57:03.0912362Z Included Software: https://github.com/actions/runner-images/blob/ubuntu24/20260927.320/images/ubuntu/Ubuntu2404-Readme.md
2026-10-06T16:57:03.0914816Z Image Release: https://github.com/actions/runner-images/releases/tag/ubuntu24%2F20260927.320
2026-10-06T16:57:03.0916464Z ##[endgroup]
2026-10-06T16:57:03.0918047Z ##[group]GITHUB_TOKEN Permissions
2026-10-06T16:57:03.0921062Z Contents: read
2026-10-06T16:57:03.0922154Z Metadata: read
2026-10-06T16:57:03.0923113Z ##[endgroup]
2026-10-06T16:57:03.0926437Z Secret source: Actions
2026-10-06T16:57:03.0927983Z Cache mode: write
2026-10-06T16:57:03.0929498Z Prepare workflow directory
2026-10-06T16:57:03.1360784Z Prepare all required actions
2026-10-06T16:57:03.1412874Z Getting action download info
2026-10-06T16:57:03.4131429Z Download action repository 'actions/checkout@3d3c42e5aac5ba805825da76410c181273ba90b1' (SHA:3d3c42e5aac5ba805825da76410c181273ba90b1)
2026-10-06T16:57:03.5192573Z Download action repository 'actions/setup-go@b7ad1dad31e06c5925ef5d2fc7ad053ef454303e' (SHA:b7ad1dad31e06c5925ef5d2fc7ad053ef454303e)
2026-10-06T16:57:04.1875853Z Complete job name: gVisor Linux Integration
2026-10-06T16:57:04.2654875Z ##[group]Run actions/checkout@3d3c42e5aac5ba805825da76410c181273ba90b1
2026-10-06T16:57:04.2656013Z with:
2026-10-06T16:57:04.2656512Z   persist-credentials: false
2026-10-06T16:57:04.2657093Z   repository: rahoney/heliopause
2026-10-06T16:57:04.2661165Z   token: ***
2026-10-06T16:57:04.2661887Z   ssh-strict: true
2026-10-06T16:57:04.2662395Z   ssh-user: git
2026-10-06T16:57:04.2662866Z   clean: true
2026-10-06T16:57:04.2663363Z   sparse-checkout-cone-mode: true
2026-10-06T16:57:04.2663941Z   fetch-depth: 1
2026-10-06T16:57:04.2664431Z   fetch-tags: false
2026-10-06T16:57:04.2664927Z   show-progress: true
2026-10-06T16:57:04.2665431Z   lfs: false
2026-10-06T16:57:04.2665894Z   submodules: false
2026-10-06T16:57:04.2666399Z   set-safe-directory: true
2026-10-06T16:57:04.2666956Z   allow-unsafe-pr-checkout: false
2026-10-06T16:57:04.2667746Z env:
2026-10-06T16:57:04.2668193Z   GOTOOLCHAIN: local
2026-10-06T16:57:04.2668686Z ##[endgroup]
2026-10-06T16:57:04.3687220Z Syncing repository: rahoney/heliopause
2026-10-06T16:57:04.3689274Z ##[group]Getting Git version info
2026-10-06T16:57:04.3690099Z Working directory is '/home/runner/work/heliopause/heliopause'
2026-10-06T16:57:04.3691691Z [command]/usr/bin/git version
2026-10-06T16:57:04.3751471Z git version 2.55.0
2026-10-06T16:57:04.3808972Z ##[endgroup]
2026-10-06T16:57:04.3820739Z Temporarily overriding HOME='/home/runner/work/_temp/6663978a-5ee9-4a64-9942-dbe78214eb77' before making global git config changes
2026-10-06T16:57:04.3823690Z Adding repository directory to the temporary git global config as a safe directory
2026-10-06T16:57:04.3833701Z [command]/usr/bin/git config --global --add safe.directory /home/runner/work/heliopause/heliopause
2026-10-06T16:57:04.3882374Z Deleting the contents of '/home/runner/work/heliopause/heliopause'
2026-10-06T16:57:04.3886272Z ##[group]Determining repository object format
2026-10-06T16:57:04.3888279Z ##[endgroup]
2026-10-06T16:57:04.3889801Z ##[group]Initializing the repository
2026-10-06T16:57:04.3893360Z [command]/usr/bin/git init /home/runner/work/heliopause/heliopause
2026-10-06T16:57:04.4000512Z hint: Using 'master' as the name for the initial branch. This default branch name
2026-10-06T16:57:04.4002648Z hint: will change to "main" in Git 3.0. To configure the initial branch name
2026-10-06T16:57:04.4004371Z hint: to use in all of your new repositories, which will suppress this warning,
2026-10-06T16:57:04.4005748Z hint: call:
2026-10-06T16:57:04.4006475Z hint:
2026-10-06T16:57:04.4007381Z hint: 	git config --global init.defaultBranch <name>
2026-10-06T16:57:04.4008509Z hint:
2026-10-06T16:57:04.4009606Z hint: Names commonly chosen instead of 'master' are 'main', 'trunk' and
2026-10-06T16:57:04.4011528Z hint: 'development'. The just-created branch can be renamed via this command:
2026-10-06T16:57:04.4012906Z hint:
2026-10-06T16:57:04.4013688Z hint: 	git branch -m <name>
2026-10-06T16:57:04.4014569Z hint:
2026-10-06T16:57:04.4015703Z hint: Disable this message with "git config set advice.defaultBranchName false"
2026-10-06T16:57:04.4017536Z Initialized empty Git repository in /home/runner/work/heliopause/heliopause/.git/
2026-10-06T16:57:04.4020824Z [command]/usr/bin/git remote add origin https://github.com/rahoney/heliopause
2026-10-06T16:57:04.4067772Z ##[endgroup]
2026-10-06T16:57:04.4069150Z ##[group]Disabling automatic garbage collection
2026-10-06T16:57:04.4072048Z [command]/usr/bin/git config --local gc.auto 0
2026-10-06T16:57:04.4117408Z ##[endgroup]
2026-10-06T16:57:04.4119138Z ##[group]Setting up auth
2026-10-06T16:57:04.4120073Z Removing SSH command configuration
2026-10-06T16:57:04.4121626Z [command]/usr/bin/git config --local --name-only --get-regexp core\.sshCommand
2026-10-06T16:57:04.4156083Z [command]/usr/bin/git submodule foreach --recursive sh -c "git config --local --name-only --get-regexp 'core\.sshCommand' && git config --local --unset-all 'core.sshCommand' || :"
2026-10-06T16:57:04.4527769Z Removing HTTP extra header
2026-10-06T16:57:04.4535257Z [command]/usr/bin/git config --local --name-only --get-regexp http\.https\:\/\/github\.com\/\.extraheader
2026-10-06T16:57:04.4576521Z [command]/usr/bin/git submodule foreach --recursive sh -c "git config --local --name-only --get-regexp 'http\.https\:\/\/github\.com\/\.extraheader' && git config --local --unset-all 'http.https://github.com/.extraheader' || :"
2026-10-06T16:57:04.4815911Z Removing includeIf entries pointing to credentials config files
2026-10-06T16:57:04.4822117Z [command]/usr/bin/git config --local --name-only --get-regexp ^includeIf\.gitdir:
2026-10-06T16:57:04.4860627Z [command]/usr/bin/git submodule foreach --recursive git config --local --show-origin --name-only --get-regexp remote.origin.url
2026-10-06T16:57:04.5100479Z [command]/usr/bin/git config --file /home/runner/work/_temp/git-credentials-cb97a032-ef58-4610-b9c9-d21348498656.config http.https://github.com/.extraheader AUTHORIZATION: basic ***
2026-10-06T16:57:04.5143237Z [command]/usr/bin/git config --local includeIf.gitdir:/home/runner/work/heliopause/heliopause/.git.path /home/runner/work/_temp/git-credentials-cb97a032-ef58-4610-b9c9-d21348498656.config
2026-10-06T16:57:04.5178132Z [command]/usr/bin/git config --local includeIf.gitdir:/home/runner/work/heliopause/heliopause/.git/worktrees/*.path /home/runner/work/_temp/git-credentials-cb97a032-ef58-4610-b9c9-d21348498656.config
2026-10-06T16:57:04.5215719Z [command]/usr/bin/git config --local includeIf.gitdir:/github/workspace/.git.path /github/runner_temp/git-credentials-cb97a032-ef58-4610-b9c9-d21348498656.config
2026-10-06T16:57:04.5253997Z [command]/usr/bin/git config --local includeIf.gitdir:/github/workspace/.git/worktrees/*.path /github/runner_temp/git-credentials-cb97a032-ef58-4610-b9c9-d21348498656.config
2026-10-06T16:57:04.5286127Z ##[endgroup]
2026-10-06T16:57:04.5287194Z ##[group]Fetching the repository
2026-10-06T16:57:04.5292596Z [command]/usr/bin/git -c protocol.version=2 fetch --no-tags --prune --no-recurse-submodules --depth=1 origin +5eee9420791fc2b7894a458cf9a834c9946caead:refs/remotes/pull/29/merge
2026-10-06T16:57:05.5218178Z From https://github.com/rahoney/heliopause
2026-10-06T16:57:05.5219926Z  * [new ref]         5eee9420791fc2b7894a458cf9a834c9946caead -> pull/29/merge
2026-10-06T16:57:05.5224725Z ##[endgroup]
2026-10-06T16:57:05.5226361Z ##[group]Determining the checkout info
2026-10-06T16:57:05.5228165Z ##[endgroup]
2026-10-06T16:57:05.5229506Z [command]/usr/bin/git sparse-checkout disable
2026-10-06T16:57:05.5287257Z [command]/usr/bin/git config --local --unset-all extensions.worktreeConfig
2026-10-06T16:57:05.5322958Z ##[group]Checking out the ref
2026-10-06T16:57:05.5325865Z [command]/usr/bin/git checkout --progress --force refs/remotes/pull/29/merge
2026-10-06T16:57:05.6352326Z Note: switching to 'refs/remotes/pull/29/merge'.
2026-10-06T16:57:05.6353860Z 
2026-10-06T16:57:05.6355011Z You are in 'detached HEAD' state. You can look around, make experimental
2026-10-06T16:57:05.6358312Z changes and commit them, and you can discard any commits you make in this
2026-10-06T16:57:05.6361906Z state without impacting any branches by switching back to a branch.
2026-10-06T16:57:05.6363687Z 
2026-10-06T16:57:05.6364728Z If you want to create a new branch to retain commits you create, you may
2026-10-06T16:57:05.6367484Z do so (now or later) by using -c with the switch command. Example:
2026-10-06T16:57:05.6368991Z 
2026-10-06T16:57:05.6369626Z   git switch -c <new-branch-name>
2026-10-06T16:57:05.6370631Z 
2026-10-06T16:57:05.6371501Z Or undo this operation with:
2026-10-06T16:57:05.6372592Z 
2026-10-06T16:57:05.6373155Z   git switch -
2026-10-06T16:57:05.6373935Z 
2026-10-06T16:57:05.6375226Z Turn off this advice by setting config variable advice.detachedHead to false
2026-10-06T16:57:05.6376891Z 
2026-10-06T16:57:05.6378697Z HEAD is now at 5eee942 Merge c106172bf8a7faff0ec01e4c3966ee5a6c854d4d into 62c3b595e8e27a4a1d836849643c372692a39b8b
2026-10-06T16:57:05.6384532Z ##[endgroup]
2026-10-06T16:57:05.6423743Z [command]/usr/bin/git log -1 --format=%H
2026-10-06T16:57:05.6455895Z 5eee9420791fc2b7894a458cf9a834c9946caead
2026-10-06T16:57:05.6465903Z ##[group]Removing auth
2026-10-06T16:57:05.6467480Z Removing SSH command configuration
2026-10-06T16:57:05.6469992Z [command]/usr/bin/git config --local --name-only --get-regexp core\.sshCommand
2026-10-06T16:57:05.6508941Z [command]/usr/bin/git submodule foreach --recursive sh -c "git config --local --name-only --get-regexp 'core\.sshCommand' && git config --local --unset-all 'core.sshCommand' || :"
2026-10-06T16:57:05.6753104Z Removing HTTP extra header
2026-10-06T16:57:05.6757603Z [command]/usr/bin/git config --local --name-only --get-regexp http\.https\:\/\/github\.com\/\.extraheader
2026-10-06T16:57:05.6806710Z [command]/usr/bin/git submodule foreach --recursive sh -c "git config --local --name-only --get-regexp 'http\.https\:\/\/github\.com\/\.extraheader' && git config --local --unset-all 'http.https://github.com/.extraheader' || :"
2026-10-06T16:57:05.7048265Z Removing includeIf entries pointing to credentials config files
2026-10-06T16:57:05.7051205Z [command]/usr/bin/git config --local --name-only --get-regexp ^includeIf\.gitdir:
2026-10-06T16:57:05.7082224Z includeif.gitdir:/home/runner/work/heliopause/heliopause/.git.path
2026-10-06T16:57:05.7085226Z includeif.gitdir:/home/runner/work/heliopause/heliopause/.git/worktrees/*.path
2026-10-06T16:57:05.7087446Z includeif.gitdir:/github/workspace/.git.path
2026-10-06T16:57:05.7089221Z includeif.gitdir:/github/workspace/.git/worktrees/*.path
2026-10-06T16:57:05.7094029Z [command]/usr/bin/git config --local --get-all includeif.gitdir:/home/runner/work/heliopause/heliopause/.git.path
2026-10-06T16:57:05.7121192Z /home/runner/work/_temp/git-credentials-cb97a032-ef58-4610-b9c9-d21348498656.config
2026-10-06T16:57:05.7131902Z [command]/usr/bin/git config --local --unset includeif.gitdir:/home/runner/work/heliopause/heliopause/.git.path \/home\/runner\/work\/_temp\/git\-credentials\-cb97a032\-ef58\-4610\-b9c9\-d21348498656\.config
2026-10-06T16:57:05.7170587Z [command]/usr/bin/git config --local --get-all includeif.gitdir:/home/runner/work/heliopause/heliopause/.git/worktrees/*.path
2026-10-06T16:57:05.7200136Z /home/runner/work/_temp/git-credentials-cb97a032-ef58-4610-b9c9-d21348498656.config
2026-10-06T16:57:05.7209541Z [command]/usr/bin/git config --local --unset includeif.gitdir:/home/runner/work/heliopause/heliopause/.git/worktrees/*.path \/home\/runner\/work\/_temp\/git\-credentials\-cb97a032\-ef58\-4610\-b9c9\-d21348498656\.config
2026-10-06T16:57:05.7246563Z [command]/usr/bin/git config --local --get-all includeif.gitdir:/github/workspace/.git.path
2026-10-06T16:57:05.7278321Z /github/runner_temp/git-credentials-cb97a032-ef58-4610-b9c9-d21348498656.config
2026-10-06T16:57:05.7287408Z [command]/usr/bin/git config --local --unset includeif.gitdir:/github/workspace/.git.path \/github\/runner_temp\/git\-credentials\-cb97a032\-ef58\-4610\-b9c9\-d21348498656\.config
2026-10-06T16:57:05.7324654Z [command]/usr/bin/git config --local --get-all includeif.gitdir:/github/workspace/.git/worktrees/*.path
2026-10-06T16:57:05.7353644Z /github/runner_temp/git-credentials-cb97a032-ef58-4610-b9c9-d21348498656.config
2026-10-06T16:57:05.7387136Z [command]/usr/bin/git config --local --unset includeif.gitdir:/github/workspace/.git/worktrees/*.path \/github\/runner_temp\/git\-credentials\-cb97a032\-ef58\-4610\-b9c9\-d21348498656\.config
2026-10-06T16:57:05.7445518Z [command]/usr/bin/git submodule foreach --recursive git config --local --show-origin --name-only --get-regexp remote.origin.url
2026-10-06T16:57:05.7690210Z Removing credentials config '/home/runner/work/_temp/git-credentials-cb97a032-ef58-4610-b9c9-d21348498656.config'
2026-10-06T16:57:05.7699183Z ##[endgroup]
2026-10-06T16:57:05.8119544Z ##[group]Run actions/setup-go@b7ad1dad31e06c5925ef5d2fc7ad053ef454303e
2026-10-06T16:57:05.8121118Z with:
2026-10-06T16:57:05.8122226Z   go-version: 1.26.8
2026-10-06T16:57:05.8123180Z   check-latest: false
2026-10-06T16:57:05.8124132Z   cache: false
2026-10-06T16:57:05.8132591Z   token: ***
2026-10-06T16:57:05.8133443Z env:
2026-10-06T16:57:05.8134277Z   GOTOOLCHAIN: local
2026-10-06T16:57:05.8135190Z ##[endgroup]
2026-10-06T16:57:05.9283054Z Setup go version spec 1.26.8
2026-10-06T16:57:05.9392808Z Found in cache @ /opt/hostedtoolcache/go/1.26.8/x64
2026-10-06T16:57:05.9394535Z Added go to the path
2026-10-06T16:57:05.9396636Z Successfully set up Go version 1.26.8
2026-10-06T16:57:06.5051698Z go version go1.26.8 linux/amd64
2026-10-06T16:57:06.5052584Z 
2026-10-06T16:57:06.5054010Z ##[group]go env
2026-10-06T16:57:06.6540901Z AR='ar'
2026-10-06T16:57:06.6542462Z CC='gcc'
2026-10-06T16:57:06.6543712Z CGO_CFLAGS='-O2 -g'
2026-10-06T16:57:06.6545129Z CGO_CPPFLAGS=''
2026-10-06T16:57:06.6546609Z CGO_CXXFLAGS='-O2 -g'
2026-10-06T16:57:06.6547985Z CGO_ENABLED='1'
2026-10-06T16:57:06.6549025Z CGO_FFLAGS='-O2 -g'
2026-10-06T16:57:06.6550043Z CGO_LDFLAGS='-O2 -g'
2026-10-06T16:57:06.6551092Z CXX='g++'
2026-10-06T16:57:06.6552392Z GCCGO='gccgo'
2026-10-06T16:57:06.6553372Z GO111MODULE=''
2026-10-06T16:57:06.6554320Z GOAMD64='v1'
2026-10-06T16:57:06.6555310Z GOARCH='amd64'
2026-10-06T16:57:06.6556267Z GOAUTH='netrc'
2026-10-06T16:57:06.6557254Z GOBIN=''
2026-10-06T16:57:06.6558264Z GOCACHE='/home/runner/.cache/go-build'
2026-10-06T16:57:06.6559580Z GOCACHEPROG=''
2026-10-06T16:57:06.6560540Z GODEBUG=''
2026-10-06T16:57:06.6561776Z GOENV='/home/runner/.config/go/env'
2026-10-06T16:57:06.6562989Z GOEXE=''
2026-10-06T16:57:06.6563936Z GOEXPERIMENT=''
2026-10-06T16:57:06.6564961Z GOFIPS140='off'
2026-10-06T16:57:06.6565927Z GOFLAGS=''
2026-10-06T16:57:06.6568428Z GOGCCFLAGS='-fPIC -m64 -pthread -Wl,--no-gc-sections -fmessage-length=0 -ffile-prefix-map=/tmp/go-build538714482=/tmp/go-build -gno-record-gcc-switches'
2026-10-06T16:57:06.6572002Z GOHOSTARCH='amd64'
2026-10-06T16:57:06.6572953Z GOHOSTOS='linux'
2026-10-06T16:57:06.6573867Z GOINSECURE=''
2026-10-06T16:57:06.6574968Z GOMOD='/home/runner/work/heliopause/heliopause/go.mod'
2026-10-06T16:57:06.6576372Z GOMODCACHE='/home/runner/go/pkg/mod'
2026-10-06T16:57:06.6577493Z GONOPROXY=''
2026-10-06T16:57:06.6578760Z GONOSUMDB=''
2026-10-06T16:57:06.6579612Z GOOS='linux'
2026-10-06T16:57:06.6580589Z GOPATH='/home/runner/go'
2026-10-06T16:57:06.6581826Z GOPRIVATE=''
2026-10-06T16:57:06.6582847Z GOPROXY='https://proxy.golang.org,direct'
2026-10-06T16:57:06.6584184Z GOROOT='/opt/hostedtoolcache/go/1.26.8/x64'
2026-10-06T16:57:06.6585428Z GOSUMDB='sum.golang.org'
2026-10-06T16:57:06.6586433Z GOTELEMETRY='local'
2026-10-06T16:57:06.6587553Z GOTELEMETRYDIR='/home/runner/.config/go/telemetry'
2026-10-06T16:57:06.6588837Z GOTMPDIR=''
2026-10-06T16:57:06.6589822Z GOTOOLCHAIN='local'
2026-10-06T16:57:06.6591809Z GOTOOLDIR='/opt/hostedtoolcache/go/1.26.8/x64/pkg/tool/linux_amd64'
2026-10-06T16:57:06.6593728Z GOVCS=''
2026-10-06T16:57:06.6594978Z GOVERSION='go1.26.8'
2026-10-06T16:57:06.6596297Z GOWORK=''
2026-10-06T16:57:06.6597554Z PKG_CONFIG='pkg-config'
2026-10-06T16:57:06.6598391Z 
2026-10-06T16:57:06.6600043Z ##[endgroup]
2026-10-06T16:57:06.6758463Z ##[group]Run set -eu
2026-10-06T16:57:06.6760451Z [36;1mset -eu[0m
2026-10-06T16:57:06.6761821Z [36;1mruntime_lock=scripts/runtimes.lock.json[0m
2026-10-06T16:57:06.6763149Z [36;1mtest -f "$runtime_lock"[0m
2026-10-06T16:57:06.6765033Z [36;1mdocker_package_version="$(jq -er '.docker.ci_ubuntu_24_04_amd64.docker_ce_package' "$runtime_lock")"[0m
2026-10-06T16:57:06.6767839Z [36;1mcontainerd_package_version="$(jq -er '.docker.ci_ubuntu_24_04_amd64.containerd_package' "$runtime_lock")"[0m
2026-10-06T16:57:06.6770348Z [36;1mdocker_engine_version="$(jq -er '.docker.ci_engine_version' "$runtime_lock")"[0m
2026-10-06T16:57:06.6772575Z [36;1mnode_image="$(jq -er '.node_image.reference' "$runtime_lock")"[0m
2026-10-06T16:57:06.6774416Z [36;1mpython_image="$(jq -er '.python_image.reference' "$runtime_lock")"[0m
2026-10-06T16:57:06.6776209Z [36;1mgo_image="$(jq -er '.go_image.reference' "$runtime_lock")"[0m
2026-10-06T16:57:06.6777992Z [36;1mrust_image="$(jq -er '.rust_image.reference' "$runtime_lock")"[0m
2026-10-06T16:57:06.6779520Z [36;1mconflicting_packages=()[0m
2026-10-06T16:57:06.6781933Z [36;1mfor package in docker.io docker-compose docker-compose-v2 docker-doc podman-docker containerd runc moby-engine moby-cli; do[0m
2026-10-06T16:57:06.6784781Z [36;1m  if dpkg-query -W -f='${db:Status-Abbrev}' "$package" 2>/dev/null | grep -q '^ii'; then[0m
2026-10-06T16:57:06.6786603Z [36;1m    conflicting_packages+=("$package")[0m
2026-10-06T16:57:06.6787785Z [36;1m  fi[0m
2026-10-06T16:57:06.6788637Z [36;1mdone[0m
2026-10-06T16:57:06.6789607Z [36;1mif ((${#conflicting_packages[@]})); then[0m
2026-10-06T16:57:06.6791102Z [36;1m  sudo apt-get remove -y "${conflicting_packages[@]}"[0m
2026-10-06T16:57:06.6792635Z [36;1mfi[0m
2026-10-06T16:57:06.6793607Z [36;1msudo install -m 0755 -d /etc/apt/keyrings[0m
2026-10-06T16:57:06.6796171Z [36;1mcurl --fail --location --silent --show-error https://download.docker.com/linux/ubuntu/gpg | sudo tee /etc/apt/keyrings/docker.asc >/dev/null[0m
2026-10-06T16:57:06.6798788Z [36;1msudo chmod a+r /etc/apt/keyrings/docker.asc[0m
2026-10-06T16:57:06.6800069Z [36;1mprintf '%s\n' \[0m
2026-10-06T16:57:06.6801051Z [36;1m  'Types: deb' \[0m
2026-10-06T16:57:06.6802424Z [36;1m  'URIs: https://download.docker.com/linux/ubuntu' \[0m
2026-10-06T16:57:06.6803809Z [36;1m  'Suites: noble' \[0m
2026-10-06T16:57:06.6804843Z [36;1m  'Components: stable' \[0m
2026-10-06T16:57:06.6805947Z [36;1m  'Architectures: amd64' \[0m
2026-10-06T16:57:06.6807823Z [36;1m  'Signed-By: /etc/apt/keyrings/docker.asc' | sudo tee /etc/apt/sources.list.d/docker.sources >/dev/null[0m
2026-10-06T16:57:06.6809786Z [36;1msudo apt-get update[0m
2026-10-06T16:57:06.6811477Z [36;1msudo apt-get install -y --allow-downgrades --no-install-recommends \[0m
2026-10-06T16:57:06.6813162Z [36;1m  "docker-ce=$docker_package_version" \[0m
2026-10-06T16:57:06.6814515Z [36;1m  "docker-ce-cli=$docker_package_version" \[0m
2026-10-06T16:57:06.6815966Z [36;1m  "containerd.io=$containerd_package_version" \[0m
2026-10-06T16:57:06.6817303Z [36;1m  binutils-aarch64-linux-gnu \[0m
2026-10-06T16:57:06.6818736Z [36;1m  gcc-aarch64-linux-gnu \[0m
2026-10-06T16:57:06.6819839Z [36;1m  g++-aarch64-linux-gnu \[0m
2026-10-06T16:57:06.6820924Z [36;1m  libbpf-dev \[0m
2026-10-06T16:57:06.6822071Z [36;1m  libc6-dev-i386 \[0m
2026-10-06T16:57:06.6823104Z [36;1m  libc6-dev-arm64-cross[0m
2026-10-06T16:57:06.6824272Z [36;1mtest -f /usr/include/bpf/bpf_helpers.h[0m
2026-10-06T16:57:06.6825718Z [36;1mtest -f /usr/include/x86_64-linux-gnu/gnu/stubs-32.h[0m
2026-10-06T16:57:06.6827103Z [36;1mcommand -v clang >/dev/null[0m
2026-10-06T16:57:06.6828285Z [36;1mfor tool in gcc g++ as ld objcopy; do[0m
2026-10-06T16:57:06.6829650Z [36;1m  command -v "aarch64-linux-gnu-$tool" >/dev/null[0m
2026-10-06T16:57:06.6830912Z [36;1mdone[0m
2026-10-06T16:57:06.6832270Z [36;1mtest -x "$(aarch64-linux-gnu-g++ -print-prog-name=cc1plus)"[0m
2026-10-06T16:57:06.6833904Z [36;1mfor header in \[0m
2026-10-06T16:57:06.6834890Z [36;1m  asm/sigcontext.h \[0m
2026-10-06T16:57:06.6835909Z [36;1m  asm/unistd.h \[0m
2026-10-06T16:57:06.6836878Z [36;1m  errno.h \[0m
2026-10-06T16:57:06.6837804Z [36;1m  linux/audit.h \[0m
2026-10-06T16:57:06.6838837Z [36;1m  linux/futex.h \[0m
2026-10-06T16:57:06.6839862Z [36;1m  linux/unistd.h \[0m
2026-10-06T16:57:06.6840872Z [36;1m  signal.h \[0m
2026-10-06T16:57:06.6841956Z [36;1m  stdint.h \[0m
2026-10-06T16:57:06.6842886Z [36;1m  stdlib.h \[0m
2026-10-06T16:57:06.6843821Z [36;1m  sys/prctl.h \[0m
2026-10-06T16:57:06.6844782Z [36;1m  sys/types.h \[0m
2026-10-06T16:57:06.6845749Z [36;1m  sys/ucontext.h \[0m
2026-10-06T16:57:06.6846753Z [36;1m  sys/user.h; do[0m
2026-10-06T16:57:06.6847927Z [36;1m  test -f "/usr/aarch64-linux-gnu/include/$header"[0m
2026-10-06T16:57:06.6849195Z [36;1mdone[0m
2026-10-06T16:57:06.6850510Z [36;1maarch64_gcc_include="$(aarch64-linux-gnu-gcc -print-file-name=include)"[0m
2026-10-06T16:57:06.6852453Z [36;1mtest -f "$aarch64_gcc_include/stdbool.h"[0m
2026-10-06T16:57:06.6853791Z [36;1mtest -f "$aarch64_gcc_include/stddef.h"[0m
2026-10-06T16:57:06.6855545Z [36;1mtest "$(docker version --format '{{.Server.Version}}')" = "$docker_engine_version"[0m
2026-10-06T16:57:06.6857744Z [36;1mscripts/build-gvisor-runtime-bundle.sh "$RUNNER_TEMP/gvisor"[0m
2026-10-06T16:57:06.6859578Z [36;1msudo install -d -m 0755 /usr/libexec/heliopause/gvisor/gvisor-bin[0m
2026-10-06T16:57:06.6861935Z [36;1mjq -er '.gvisor.runtime_bundle.members[].path' "$runtime_lock" | while IFS= read -r member; do[0m
2026-10-06T16:57:06.6864406Z [36;1m  sudo install -m 0755 "$RUNNER_TEMP/gvisor/$member" "/usr/libexec/heliopause/gvisor/$member"[0m
2026-10-06T16:57:06.6866155Z [36;1mdone[0m
2026-10-06T16:57:06.6868186Z [36;1msudo install -m 0644 "$RUNNER_TEMP/gvisor/gvisor-bundle.manifest.json" /usr/libexec/heliopause/gvisor/gvisor-bundle.manifest.json[0m
2026-10-06T16:57:06.6871082Z [36;1mtest "$(jq -er '.members | length' "$RUNNER_TEMP/gvisor/gvisor-bundle.manifest.json")" = 6[0m
2026-10-06T16:57:06.6873104Z [36;1mwhile IFS=' ' read -r member sha512; do[0m
2026-10-06T16:57:06.6875021Z [36;1m  test "$(sudo sha512sum "/usr/libexec/heliopause/gvisor/$member" | awk '{print $1}')" = "$sha512"[0m
2026-10-06T16:57:06.6876842Z [36;1mdone <<EOF[0m
2026-10-06T16:57:06.6878323Z [36;1m$(jq -er '.members[] | "\(.path) \(.sha512)"' "$RUNNER_TEMP/gvisor/gvisor-bundle.manifest.json")[0m
2026-10-06T16:57:06.6880002Z [36;1mEOF[0m
2026-10-06T16:57:06.6881391Z [36;1msudo install -d -m 0700 -o "$USER" -g "$(id -gn)" /run/heliopause-observer[0m
2026-10-06T16:57:06.6883053Z [36;1msudo install -d -m 0755 /etc/heliopause[0m
2026-10-06T16:57:06.6884859Z [36;1msudo install -m 0600 tools/gvisor-observer/pod-init.json /etc/heliopause/pod-init.json[0m
2026-10-06T16:57:06.6888728Z [36;1msudo /usr/libexec/heliopause/gvisor/runsc install --download-sidecars=NEVER --require-sidecars=ALWAYS --runtime=runsc-trace -- --sidecar-usage-policy=STRICT --pod-init-config=/etc/heliopause/pod-init.json[0m
2026-10-06T16:57:06.6895066Z [36;1msudo python3 -c 'import json; from pathlib import Path; path = Path("/etc/docker/daemon.json"); config = json.loads(path.read_text()) if path.exists() else {}; config.update({"firewall-backend": "iptables", "iptables": True, "ip6tables": False}); path.write_text(json.dumps(config, sort_keys=True) + "\n")'[0m
2026-10-06T16:57:06.6900571Z [36;1msudo systemctl restart docker || { sudo systemctl status docker --no-pager || true; sudo journalctl -u docker --no-pager -n 100 || true; exit 1; }[0m
2026-10-06T16:57:06.6903175Z [36;1msudo iptables -S DOCKER-USER[0m
2026-10-06T16:57:06.6904295Z [36;1mdocker pull "$node_image"[0m
2026-10-06T16:57:06.6905390Z [36;1mdocker pull "$python_image"[0m
2026-10-06T16:57:06.6906495Z [36;1mdocker pull "$go_image"[0m
2026-10-06T16:57:06.6907549Z [36;1mdocker pull "$rust_image"[0m
2026-10-06T16:57:06.6909139Z [36;1mscripts/build-gvisor-observer-release.sh "$RUNNER_TEMP/haa_gvisor_observer"[0m
2026-10-06T16:57:06.6911879Z [36;1msudo install -m 0755 "$RUNNER_TEMP/haa_gvisor_observer" /usr/libexec/heliopause/haa_gvisor_observer[0m
2026-10-06T16:57:06.6913725Z [36;1m[0m
2026-10-06T16:57:06.6914666Z [36;1msource scripts/ci-integration-cleanup.sh[0m
2026-10-06T16:57:06.6915892Z [36;1mhaa_ci_initialize[0m
2026-10-06T16:57:06.6916994Z [36;1mecho 'Building helox for gVisor integration'[0m
2026-10-06T16:57:06.6918440Z [36;1mgo build -trimpath -o "$RUNNER_TEMP/helox" ./cmd/helox[0m
2026-10-06T16:57:06.6920094Z [36;1mecho 'Building network-policy helper for gVisor integration'[0m
2026-10-06T16:57:06.6922463Z [36;1mgo build -trimpath -o "$RUNNER_TEMP/haa-network-policy-helper" ./cmd/haa-network-policy-helper[0m
2026-10-06T16:57:06.6924816Z [36;1mecho 'Installing network-policy helper and preparing its identity contract'[0m
2026-10-06T16:57:06.6926840Z [36;1msudo install -m 0755 "$RUNNER_TEMP/helox" /usr/libexec/heliopause/helox[0m
2026-10-06T16:57:06.6929280Z [36;1msudo install -m 0755 "$RUNNER_TEMP/haa-network-policy-helper" /usr/libexec/heliopause/haa-network-policy-helper[0m
2026-10-06T16:57:06.6931955Z [36;1msudo install -d -m 0755 -o root -g root /run/heliopause-network-policy[0m
2026-10-06T16:57:06.6935512Z [36;1mprintf '{"socket_path":"/run/heliopause-network-policy/helper.sock","client_path":"/usr/libexec/heliopause/helox","client_uid":%s,"client_gid":%s}\n' "$(id -u)" "$(id -g)" | sudo tee /etc/heliopause/network-policy.json >/dev/null[0m
2026-10-06T16:57:06.6939110Z [36;1m# The ordinary client must read the root-owned, non-writable public[0m
2026-10-06T16:57:06.6940857Z [36;1m# identity contract; it contains no credential or secret.[0m
2026-10-06T16:57:06.6942525Z [36;1msudo chmod 0644 /etc/heliopause/network-policy.json[0m
2026-10-06T16:57:06.6943858Z [36;1mhaa_start_policy_helper[0m
2026-10-06T16:57:06.6945048Z [36;1m/usr/libexec/heliopause/gvisor/runsc --version[0m
2026-10-06T16:57:06.6946433Z [36;1mdocker version --format '{{.Server.Version}}'[0m
2026-10-06T16:57:06.6947976Z [36;1mdocker info --format '{{json (index .Runtimes "runsc-trace")}}'[0m
2026-10-06T16:57:06.6949869Z [36;1mgo test -run='^$' -fuzz=FuzzDecodeHelperRecord -fuzztime=2s ./internal/sandbox[0m
2026-10-06T16:57:06.6952537Z [36;1mHELOX_HOSTTOOL_INTEGRATION=1 go test -v -timeout=2m ./internal/hosttool -run TestLinuxTrustedHostExecutorIntegration[0m
2026-10-06T16:57:06.6955469Z [36;1mHELOX_GVISOR_INTEGRATION=1 go test -timeout=5m ./internal/sandbox -run TestLinuxGVisorLifecycleIntegration[0m
2026-10-06T16:57:06.6958471Z [36;1mHELOX_GITHUB_RELEASE_INTEGRATION=1 go test -timeout=5m ./internal/sandbox -run TestLinuxGitHubReleaseELFDynamicIntegration[0m
2026-10-06T16:57:06.6961085Z [36;1m# The typed-helper ordinary-user path is exercised for both npm and pip.[0m
2026-10-06T16:57:06.6963126Z [36;1m# npm installs is-number@7.0.0 with complete ALLOW inspection and atomic[0m
2026-10-06T16:57:06.6964676Z [36;1m# offline promotion (exit 0).[0m
2026-10-06T16:57:06.6966205Z [36;1m# pip installs packaging@25.0 into an initialized Python 3.14 venv fixture,[0m
2026-10-06T16:57:06.6968208Z [36;1m# proving complete ALLOW inspection and atomic offline promotion (exit 0).[0m
2026-10-06T16:57:06.6970079Z [36;1mmkdir -p "$RUNNER_TEMP/pypi-target"[0m
2026-10-06T16:57:06.6971614Z [36;1mdocker run --rm --network none --user "$(id -u):$(id -g)" \[0m
2026-10-06T16:57:06.6973095Z [36;1m  -v "$RUNNER_TEMP/pypi-target:/target" \[0m
2026-10-06T16:57:06.6974507Z [36;1m  "$python_image" python -m venv --without-pip /target[0m
2026-10-06T16:57:06.6975784Z [36;1mset +e[0m
2026-10-06T16:57:06.6977306Z [36;1m/usr/libexec/heliopause/helox npm install is-number@7.0.0 --target "$RUNNER_TEMP/npm-target"[0m
2026-10-06T16:57:06.6979085Z [36;1mnpm_status=$?[0m
2026-10-06T16:57:06.6980722Z [36;1m/usr/libexec/heliopause/helox pip install packaging@25.0 --target "$RUNNER_TEMP/pypi-target"[0m
2026-10-06T16:57:06.6982626Z [36;1mpypi_status=$?[0m
2026-10-06T16:57:06.6983554Z [36;1mset -e[0m
2026-10-06T16:57:06.6984544Z [36;1mtest "$npm_status" = 0[0m
2026-10-06T16:57:06.6985960Z [36;1mtest -f "$RUNNER_TEMP/npm-target/node_modules/is-number/package.json"[0m
2026-10-06T16:57:06.6987652Z [36;1mjq -e '.name == "is-number" and .version == "7.0.0"' \[0m
2026-10-06T16:57:06.6989351Z [36;1m  "$RUNNER_TEMP/npm-target/node_modules/is-number/package.json" >/dev/null[0m
2026-10-06T16:57:06.6990912Z [36;1mtest "$pypi_status" = 0[0m
2026-10-06T16:57:06.6992461Z [36;1mtest -d "$RUNNER_TEMP/pypi-target/lib/python3.14/site-packages/packaging"[0m
2026-10-06T16:57:06.6995536Z [36;1mHELOX_RUN_TERRAFORM_SOURCE_INTEGRATION=1 go test -v -timeout=3m ./internal/verification/terraformprovider -run '^TestPublicTerraformProviderSourceIntegration$'[0m
2026-10-06T16:57:06.6998489Z [36;1mgo test -c -o "$RUNNER_TEMP/helox-sandbox-test" ./internal/sandbox[0m
2026-10-06T16:57:06.7000169Z [36;1mhaa_install_ci_client "$RUNNER_TEMP/helox-sandbox-test"[0m
2026-10-06T16:57:06.7001624Z [36;1mhaa_start_policy_helper[0m
2026-10-06T16:57:06.7003749Z [36;1mHELOX_PYTORCH_RESOLVER_INTEGRATION=1 /usr/libexec/heliopause/helox -test.v -test.run '^TestLinuxPyTorchResolverIntegration$'[0m
2026-10-06T16:57:06.7008707Z [36;1mHELOX_GO_RESOLVER_INTEGRATION=1 HELOX_GO_RESOLVER_PROJECT_INTEGRATION=1 /usr/libexec/heliopause/helox -test.v -test.timeout=5m -test.run '^TestLinuxGo(IsolatedResolver|IsolatedProjectResolver|SourceProjectSnapshot|DependencyFreeProjectSnapshot)Integration$'[0m
2026-10-06T16:57:06.7014071Z [36;1mHELOX_CARGO_RESOLVER_INTEGRATION=1 /usr/libexec/heliopause/helox -test.v -test.timeout=5m -test.run '^TestLinuxCargoSourceProjectSnapshotIntegration$'[0m
2026-10-06T16:57:06.7018035Z [36;1mHELOX_TERRAFORM_PROVIDER_INTEGRATION=1 /usr/libexec/heliopause/helox -test.v -test.timeout=5m -test.run '^TestLinuxTerraformProvider(Probe|Security)Integration$'[0m
2026-10-06T16:57:06.7021020Z [36;1mgo test -c -o "$RUNNER_TEMP/helox-bootstrap-test" ./internal/bootstrap[0m
2026-10-06T16:57:06.7022892Z [36;1mhaa_install_ci_client "$RUNNER_TEMP/helox-bootstrap-test"[0m
2026-10-06T16:57:06.7024306Z [36;1mhaa_start_policy_helper[0m
2026-10-06T16:57:06.7027548Z [36;1mHELOX_GO_RESOLVER_INTEGRATION=1 HELOX_GO_RESOLVER_PROJECT_INTEGRATION=1 /usr/libexec/heliopause/helox -test.v -test.timeout=10m -test.run '^TestLinuxGo(GetDownload|TransitiveGetDownload|DependencyFreeDownload)Integration$'[0m
2026-10-06T16:57:06.7034294Z [36;1mHELOX_GO_BUILD_CLI_INTEGRATION=1 /usr/libexec/heliopause/helox -test.v -test.timeout=15m -test.run '^TestLinuxGo(DependencyFreeBuildCLI|PublicBuildCLI|TransitiveBuildCLI|InvalidTestdataBuildCLI|CgoBuildCLI|LibraryBuildCLI|MixedPackagesBuildCLI|MixedInvalidPackageBuildCLI|BuildSecurityCLI)Integration$'[0m
2026-10-06T16:57:06.7040432Z [36;1mHELOX_CARGO_RESOLVER_INTEGRATION=1 HELOX_CARGO_ADD_INTEGRATION=1 /usr/libexec/heliopause/helox -test.v -test.timeout=10m -test.run '^TestLinuxCargo(Add|TransitiveAdd)Integration$'[0m
2026-10-06T16:57:06.7045611Z [36;1mHELOX_CARGO_RESOLVER_INTEGRATION=1 HELOX_CARGO_BUILD_CLI_INTEGRATION=1 /usr/libexec/heliopause/helox -test.v -test.timeout=15m -test.run '^TestLinuxCargo.*Build.*CLIIntegration$|^TestLinuxCargoProcMacroSecurityCLIIntegration$'[0m
2026-10-06T16:57:06.7050665Z [36;1mHELOX_TERRAFORM_INIT_INTEGRATION=1 /usr/libexec/heliopause/helox -test.v -test.timeout=10m -test.run '^TestLinuxTerraformInit(Integration|NegativeIntegration)$'[0m
2026-10-06T16:57:06.7053409Z [36;1mselected_cuda_profiles=0[0m
2026-10-06T16:57:06.7054963Z [36;1mif [ "false" = true ]; then selected_cuda_profiles=$((selected_cuda_profiles + 1)); fi[0m
2026-10-06T16:57:06.7057082Z [36;1mif [ "false" = true ]; then selected_cuda_profiles=$((selected_cuda_profiles + 1)); fi[0m
2026-10-06T16:57:06.7059176Z [36;1mif [ "false" = true ]; then selected_cuda_profiles=$((selected_cuda_profiles + 1)); fi[0m
2026-10-06T16:57:06.7060893Z [36;1mif [ "$selected_cuda_profiles" -gt 1 ]; then[0m
2026-10-06T16:57:06.7062504Z [36;1m  echo "select at most one CUDA PyTorch qualification profile" >&2[0m
2026-10-06T16:57:06.7064070Z [36;1m  exit 1[0m
2026-10-06T16:57:06.7064891Z [36;1mfi[0m
2026-10-06T16:57:06.7065820Z [36;1mif [ "$selected_cuda_profiles" -gt 0 ]; then[0m
2026-10-06T16:57:06.7067184Z [36;1m  go run ./scripts/check qualification-freshness[0m
2026-10-06T16:57:06.7068390Z [36;1mfi[0m
2026-10-06T16:57:06.7069774Z [36;1m# Explicit qualification inputs only; never infer dependencies from artifact output.[0m
2026-10-06T16:57:06.7073922Z [36;1mHELOX_PYTORCH_INSPECTION_PREREQUISITE='' HELOX_PYTORCH_NOT_ATTESTED_MODULE='' HELOX_PYTORCH_FULL_INTEGRATION=1 HELOX_PYTORCH_PROFILE=cpu /usr/libexec/heliopause/helox -test.v -test.timeout=15m -test.run '^TestLinuxPyTorchFullIntegration$'[0m
2026-10-06T16:57:06.7077401Z [36;1mif [ "false" = true ]; then[0m
2026-10-06T16:57:06.7085070Z [36;1m  HELOX_PYTORCH_INSPECTION_PREREQUISITE='{"target_sha256":"94e4f9bd6b9b21aad545e0d441707094e4ff88ab420d62b85fcdc8b6da1e039f","source":"pypi","project":"numpy","version":"2.4.6","filename":"numpy-2.4.6-cp314-cp314-manylinux_2_27_x86_64.manylinux_2_28_x86_64.whl","sha256":"a2c306dea656c12c68f51f4cea133cbe78ca7435eb28c735eac1d3ebe73be6e8","reason":"BROADER_MODULE_PROBES"}' HELOX_PYTORCH_NOT_ATTESTED_MODULE='triton.profiler.viewer' HELOX_PYTORCH_FULL_INTEGRATION=1 HELOX_PYTORCH_PROFILE=cu126 /usr/libexec/heliopause/helox -test.v -test.timeout=40m -test.run '^TestLinuxPyTorchFullIntegration$'[0m
2026-10-06T16:57:06.7092737Z [36;1mfi[0m
2026-10-06T16:57:06.7093580Z [36;1mif [ "false" = true ]; then[0m
2026-10-06T16:57:06.7101111Z [36;1m  HELOX_PYTORCH_INSPECTION_PREREQUISITE='{"target_sha256":"bbacde6f75665b197016b986164cfdaa33b17515e5e635a63ddb75926aaa71c3","source":"pypi","project":"numpy","version":"2.4.6","filename":"numpy-2.4.6-cp314-cp314-manylinux_2_27_x86_64.manylinux_2_28_x86_64.whl","sha256":"a2c306dea656c12c68f51f4cea133cbe78ca7435eb28c735eac1d3ebe73be6e8","reason":"BROADER_MODULE_PROBES"}' HELOX_PYTORCH_NOT_ATTESTED_MODULE='triton.profiler.viewer' HELOX_PYTORCH_FULL_INTEGRATION=1 HELOX_PYTORCH_PROFILE=cu130 /usr/libexec/heliopause/helox -test.v -test.timeout=40m -test.run '^TestLinuxPyTorchFullIntegration$'[0m
2026-10-06T16:57:06.7108719Z [36;1mfi[0m
2026-10-06T16:57:06.7109569Z [36;1mif [ "false" = true ]; then[0m
2026-10-06T16:57:06.7117098Z [36;1m  HELOX_PYTORCH_INSPECTION_PREREQUISITE='{"target_sha256":"bbacde6f75665b197016b986164cfdaa33b17515e5e635a63ddb75926aaa71c3","source":"pypi","project":"numpy","version":"2.4.6","filename":"numpy-2.4.6-cp314-cp314-manylinux_2_27_x86_64.manylinux_2_28_x86_64.whl","sha256":"a2c306dea656c12c68f51f4cea133cbe78ca7435eb28c735eac1d3ebe73be6e8","reason":"BROADER_MODULE_PROBES"}' HELOX_PYTORCH_NOT_ATTESTED_MODULE='triton.profiler.viewer' HELOX_PYTORCH_FULL_INTEGRATION=1 HELOX_PYTORCH_PROFILE=cu132 /usr/libexec/heliopause/helox -test.v -test.timeout=40m -test.run '^TestLinuxPyTorchFullIntegration$'[0m
2026-10-06T16:57:06.7124579Z [36;1mfi[0m
2026-10-06T16:57:06.7125647Z [36;1mhaa_install_ci_client "$RUNNER_TEMP/helox-sandbox-test"[0m
2026-10-06T16:57:06.7127035Z [36;1mhaa_start_policy_helper[0m
2026-10-06T16:57:06.7129392Z [36;1mHELOX_PYPI_DYNAMIC_INTEGRATION=1 /usr/libexec/heliopause/helox -test.v -test.timeout=5m -test.run '^TestLinuxPyPI(WheelDynamic|SdistBuild)Integration$'[0m
2026-10-06T16:57:06.7132436Z [36;1m# Restore the production client before leaving the integration step.[0m
2026-10-06T16:57:06.7134012Z [36;1mhaa_install_ci_client "$RUNNER_TEMP/helox"[0m
2026-10-06T16:57:06.7135224Z [36;1mhaa_start_policy_helper[0m
2026-10-06T16:57:06.7137121Z [36;1mHELOX_PROMOTION_INTEGRATION=1 go test -v -timeout=5m ./internal/promotion -run TestLinuxNPMPromotionIntegration[0m
2026-10-06T16:57:06.7140093Z [36;1mHELOX_PYPI_PROMOTION_INTEGRATION=1 go test -v -timeout=5m ./internal/promotion -run TestLinuxPyPIPromotionIntegration[0m
2026-10-06T16:57:06.7147271Z shell: /bin/bash --noprofile --norc -e -u -o pipefail {0}
2026-10-06T16:57:06.7148533Z env:
2026-10-06T16:57:06.7149320Z   GOTOOLCHAIN: local
2026-10-06T16:57:06.7150201Z ##[endgroup]
2026-10-06T16:57:07.0399635Z Get:1 file:/etc/apt/apt-mirrors.txt Mirrorlist [144 B]
2026-10-06T16:57:07.0898007Z Hit:2 http://azure.archive.ubuntu.com/ubuntu noble InRelease
2026-10-06T16:57:07.0919412Z Get:3 http://azure.archive.ubuntu.com/ubuntu noble-updates InRelease [126 kB]
2026-10-06T16:57:07.0937163Z Get:6 https://packages.microsoft.com/ubuntu/24.04/prod noble InRelease [3600 B]
2026-10-06T16:57:07.1044106Z Get:4 http://azure.archive.ubuntu.com/ubuntu noble-backports InRelease [126 kB]
2026-10-06T16:57:07.1213776Z Get:5 http://azure.archive.ubuntu.com/ubuntu noble-security InRelease [126 kB]
2026-10-06T16:57:07.1363729Z Get:7 https://download.docker.com/linux/ubuntu noble InRelease [48.5 kB]
2026-10-06T16:57:07.2582682Z Get:8 https://packages.microsoft.com/ubuntu/24.04/prod noble/main armhf Packages [12.6 kB]
2026-10-06T16:57:07.2712794Z Get:9 https://packages.microsoft.com/ubuntu/24.04/prod noble/main arm64 Packages [458 kB]
2026-10-06T16:57:07.2811024Z Get:10 https://packages.microsoft.com/ubuntu/24.04/prod noble/main amd64 Packages [515 kB]
2026-10-06T16:57:07.3066556Z Get:11 http://azure.archive.ubuntu.com/ubuntu noble-updates/main amd64 Packages [1374 kB]
2026-10-06T16:57:07.3154864Z Get:12 http://azure.archive.ubuntu.com/ubuntu noble-updates/main Translation-en [306 kB]
2026-10-06T16:57:07.3188820Z Get:13 http://azure.archive.ubuntu.com/ubuntu noble-updates/main amd64 Components [181 kB]
2026-10-06T16:57:07.3202514Z Get:14 http://azure.archive.ubuntu.com/ubuntu noble-updates/universe amd64 Packages [1700 kB]
2026-10-06T16:57:07.3298610Z Get:15 http://azure.archive.ubuntu.com/ubuntu noble-updates/universe Translation-en [341 kB]
2026-10-06T16:57:07.3345800Z Get:16 http://azure.archive.ubuntu.com/ubuntu noble-updates/universe amd64 Components [388 kB]
2026-10-06T16:57:07.3353097Z Get:17 http://azure.archive.ubuntu.com/ubuntu noble-updates/restricted amd64 Packages [1730 kB]
2026-10-06T16:57:07.3458855Z Get:18 http://azure.archive.ubuntu.com/ubuntu noble-updates/restricted Translation-en [396 kB]
2026-10-06T16:57:07.3490630Z Get:19 http://azure.archive.ubuntu.com/ubuntu noble-updates/multiverse Translation-en [13.3 kB]
2026-10-06T16:57:07.3501824Z Get:20 http://azure.archive.ubuntu.com/ubuntu noble-updates/multiverse amd64 Components [940 B]
2026-10-06T16:57:07.4129685Z Get:21 http://azure.archive.ubuntu.com/ubuntu noble-backports/main amd64 Components [5764 B]
2026-10-06T16:57:07.4139121Z Get:22 http://azure.archive.ubuntu.com/ubuntu noble-backports/universe amd64 Components [12.6 kB]
2026-10-06T16:57:07.4216869Z Get:23 http://azure.archive.ubuntu.com/ubuntu noble-security/main amd64 Packages [1072 kB]
2026-10-06T16:57:07.4283829Z Get:24 http://azure.archive.ubuntu.com/ubuntu noble-security/main Translation-en [222 kB]
2026-10-06T16:57:07.4303775Z Get:25 http://azure.archive.ubuntu.com/ubuntu noble-security/main amd64 Components [46.4 kB]
2026-10-06T16:57:07.4316462Z Get:26 http://azure.archive.ubuntu.com/ubuntu noble-security/universe amd64 Packages [1217 kB]
2026-10-06T16:57:07.4383703Z Get:27 http://azure.archive.ubuntu.com/ubuntu noble-security/universe Translation-en [245 kB]
2026-10-06T16:57:07.4413949Z Get:28 http://azure.archive.ubuntu.com/ubuntu noble-security/universe amd64 Components [76.3 kB]
2026-10-06T16:57:07.4432955Z Get:29 http://azure.archive.ubuntu.com/ubuntu noble-security/restricted amd64 Packages [1566 kB]
2026-10-06T16:57:07.4561692Z Get:30 http://azure.archive.ubuntu.com/ubuntu noble-security/restricted Translation-en [361 kB]
2026-10-06T16:57:07.4573878Z Get:31 http://azure.archive.ubuntu.com/ubuntu noble-security/multiverse Translation-en [11.6 kB]
2026-10-06T16:57:07.5015214Z Get:32 https://download.docker.com/linux/ubuntu noble/stable amd64 Packages [68.0 kB]
2026-10-06T16:57:11.8545041Z Fetched 12.8 MB in 2s (8433 kB/s)
2026-10-06T16:57:12.6743320Z Reading package lists...
2026-10-06T16:57:12.7072301Z Reading package lists...
2026-10-06T16:57:12.9012893Z Building dependency tree...
2026-10-06T16:57:12.9032666Z Reading state information...
2026-10-06T16:57:13.0842101Z The following additional packages will be installed:
2026-10-06T16:57:13.0843623Z   cpp-13-aarch64-linux-gnu cpp-aarch64-linux-gnu g++-13-aarch64-linux-gnu
2026-10-06T16:57:13.0846266Z   gcc-13-aarch64-linux-gnu gcc-13-aarch64-linux-gnu-base gcc-13-cross-base
2026-10-06T16:57:13.0847195Z   gcc-14-cross-base libasan8-arm64-cross libatomic1-arm64-cross
2026-10-06T16:57:13.0848042Z   libc6-arm64-cross libelf-dev libgcc-13-dev-arm64-cross libgcc-s1-arm64-cross
2026-10-06T16:57:13.0848940Z   libgomp1-arm64-cross libhwasan0-arm64-cross libitm1-arm64-cross
2026-10-06T16:57:13.0849829Z   liblsan0-arm64-cross libstdc++-13-dev-arm64-cross libstdc++6-arm64-cross
2026-10-06T16:57:13.0850771Z   libtsan2-arm64-cross libubsan1-arm64-cross linux-libc-dev-arm64-cross
2026-10-06T16:57:13.0854870Z Suggested packages:
2026-10-06T16:57:13.0855497Z   binutils-doc gcc-13-locales cpp-13-doc cpp-doc cgroupfs-mount | cgroup-lite
2026-10-06T16:57:13.0856159Z   docker-model-plugin gcc-13-doc manpages-dev gdb-aarch64-linux-gnu gcc-doc
2026-10-06T16:57:13.0856568Z Recommended packages:
2026-10-06T16:57:13.0856990Z   docker-ce-rootless-extras docker-buildx-plugin docker-compose-plugin
2026-10-06T16:57:13.0857408Z   gcc-multilib
2026-10-06T16:57:13.1246977Z The following NEW packages will be installed:
2026-10-06T16:57:13.1247901Z   binutils-aarch64-linux-gnu cpp-13-aarch64-linux-gnu cpp-aarch64-linux-gnu
2026-10-06T16:57:13.1248927Z   g++-13-aarch64-linux-gnu g++-aarch64-linux-gnu gcc-13-aarch64-linux-gnu
2026-10-06T16:57:13.1249940Z   gcc-13-aarch64-linux-gnu-base gcc-13-cross-base gcc-14-cross-base
2026-10-06T16:57:13.1250987Z   gcc-aarch64-linux-gnu libasan8-arm64-cross libatomic1-arm64-cross libbpf-dev
2026-10-06T16:57:13.1252176Z   libc6-arm64-cross libc6-dev-arm64-cross libc6-dev-i386 libelf-dev
2026-10-06T16:57:13.1253107Z   libgcc-13-dev-arm64-cross libgcc-s1-arm64-cross libgomp1-arm64-cross
2026-10-06T16:57:13.1254044Z   libhwasan0-arm64-cross libitm1-arm64-cross liblsan0-arm64-cross
2026-10-06T16:57:13.1254995Z   libstdc++-13-dev-arm64-cross libstdc++6-arm64-cross libtsan2-arm64-cross
2026-10-06T16:57:13.1255938Z   libubsan1-arm64-cross linux-libc-dev-arm64-cross
2026-10-06T16:57:13.1258664Z The following packages will be upgraded:
2026-10-06T16:57:13.1264500Z   docker-ce docker-ce-cli
2026-10-06T16:57:13.1265028Z The following packages will be DOWNGRADED:
2026-10-06T16:57:13.1269727Z   containerd.io
2026-10-06T16:57:13.1500178Z 2 upgraded, 28 newly installed, 1 downgraded, 0 to remove and 29 not upgraded.
2026-10-06T16:57:13.1500656Z Need to get 126 MB of archives.
2026-10-06T16:57:13.1501036Z After this operation, 274 MB of additional disk space will be used.
2026-10-06T16:57:13.1501674Z Get:1 file:/etc/apt/apt-mirrors.txt Mirrorlist [144 B]
2026-10-06T16:57:13.2427299Z Get:30 https://download.docker.com/linux/ubuntu noble/stable amd64 docker-ce-cli amd64 5:29.8.1-1~ubuntu.24.04~noble [17.6 MB]
2026-10-06T16:57:13.3651038Z Get:2 http://azure.archive.ubuntu.com/ubuntu noble-updates/main amd64 gcc-13-aarch64-linux-gnu-base amd64 13.3.0-6ubuntu2~24.04.1cross1 [51.9 kB]
2026-10-06T16:57:13.4845834Z Get:31 https://download.docker.com/linux/ubuntu noble/stable amd64 containerd.io amd64 2.3.5-1~ubuntu.24.04~noble [22.4 MB]
2026-10-06T16:57:13.6630136Z Get:32 https://download.docker.com/linux/ubuntu noble/stable amd64 docker-ce amd64 5:29.8.1-1~ubuntu.24.04~noble [24.3 MB]
2026-10-06T16:57:13.7827257Z Get:3 http://azure.archive.ubuntu.com/ubuntu noble-updates/main amd64 cpp-13-aarch64-linux-gnu amd64 13.3.0-6ubuntu2~24.04.1cross1 [10.8 MB]
2026-10-06T16:58:08.1110596Z Get:4 http://azure.archive.ubuntu.com/ubuntu noble/main amd64 cpp-aarch64-linux-gnu amd64 4:13.2.0-7ubuntu1 [5332 B]
2026-10-06T16:58:08.2740161Z Get:5 http://azure.archive.ubuntu.com/ubuntu noble-updates/main amd64 binutils-aarch64-linux-gnu amd64 2.42-4ubuntu2.10 [3711 kB]
2026-10-06T16:58:27.4136780Z Get:6 http://azure.archive.ubuntu.com/ubuntu noble-updates/main amd64 gcc-13-cross-base all 13.3.0-6ubuntu2~24.04.1cross1 [46.5 kB]
2026-10-06T16:58:27.7850714Z Get:7 http://azure.archive.ubuntu.com/ubuntu noble-updates/main amd64 gcc-14-cross-base all 14.2.0-4ubuntu2~24.04.1cross1 [46.1 kB]
2026-10-06T16:58:28.2567610Z Get:8 http://azure.archive.ubuntu.com/ubuntu noble/main amd64 libc6-arm64-cross all 2.39-0ubuntu8cross1 [1197 kB]
2026-10-06T16:58:34.6323934Z Get:9 http://azure.archive.ubuntu.com/ubuntu noble-updates/main amd64 libgcc-s1-arm64-cross all 14.2.0-4ubuntu2~24.04.1cross1 [61.9 kB]
2026-10-06T16:58:35.1006978Z Get:10 http://azure.archive.ubuntu.com/ubuntu noble-updates/main amd64 libgomp1-arm64-cross all 14.2.0-4ubuntu2~24.04.1cross1 [110 kB]
2026-10-06T16:58:35.8923331Z Get:11 http://azure.archive.ubuntu.com/ubuntu noble-updates/main amd64 libitm1-arm64-cross all 14.2.0-4ubuntu2~24.04.1cross1 [31.1 kB]
2026-10-06T16:58:36.2785030Z Get:12 http://azure.archive.ubuntu.com/ubuntu noble-updates/main amd64 libatomic1-arm64-cross all 14.2.0-4ubuntu2~24.04.1cross1 [11.5 kB]
2026-10-06T16:58:36.4655207Z Get:13 http://azure.archive.ubuntu.com/ubuntu noble-updates/main amd64 libasan8-arm64-cross all 14.2.0-4ubuntu2~24.04.1cross1 [524 kB]
2026-10-06T16:58:39.3117811Z Get:14 http://azure.archive.ubuntu.com/ubuntu noble-updates/main amd64 liblsan0-arm64-cross all 14.2.0-4ubuntu2~24.04.1cross1 [238 kB]
2026-10-06T16:58:40.7720186Z Get:15 http://azure.archive.ubuntu.com/ubuntu noble-updates/main amd64 libtsan2-arm64-cross all 14.2.0-4ubuntu2~24.04.1cross1 [500 kB]
2026-10-06T16:58:43.6948964Z Get:16 http://azure.archive.ubuntu.com/ubuntu noble-updates/main amd64 libstdc++6-arm64-cross all 14.2.0-4ubuntu2~24.04.1cross1 [659 kB]
2026-10-06T16:58:47.2719666Z Get:17 http://azure.archive.ubuntu.com/ubuntu noble-updates/main amd64 libubsan1-arm64-cross all 14.2.0-4ubuntu2~24.04.1cross1 [219 kB]
2026-10-06T16:58:48.5078167Z Get:18 http://azure.archive.ubuntu.com/ubuntu noble-updates/main amd64 libhwasan0-arm64-cross all 14.2.0-4ubuntu2~24.04.1cross1 [304 kB]
2026-10-06T16:58:50.1000926Z Get:19 http://azure.archive.ubuntu.com/ubuntu noble-updates/main amd64 libgcc-13-dev-arm64-cross all 13.3.0-6ubuntu2~24.04.1cross1 [2616 kB]
2026-10-06T16:59:01.7510580Z Get:20 http://azure.archive.ubuntu.com/ubuntu noble-updates/main amd64 gcc-13-aarch64-linux-gnu amd64 13.3.0-6ubuntu2~24.04.1cross1 [21.1 MB]
2026-10-06T17:00:32.5670395Z Get:21 http://azure.archive.ubuntu.com/ubuntu noble/main amd64 linux-libc-dev-arm64-cross all 6.8.0-25.25cross1 [1375 kB]
2026-10-06T17:00:38.4392294Z Get:22 http://azure.archive.ubuntu.com/ubuntu noble/main amd64 libc6-dev-arm64-cross all 2.39-0ubuntu8cross1 [1629 kB]
2026-10-06T17:00:45.2027151Z Get:23 http://azure.archive.ubuntu.com/ubuntu noble-updates/main amd64 libstdc++-13-dev-arm64-cross all 13.3.0-6ubuntu2~24.04.1cross1 [2656 kB]
2026-10-06T17:00:56.2196369Z Get:24 http://azure.archive.ubuntu.com/ubuntu noble-updates/main amd64 g++-13-aarch64-linux-gnu amd64 13.3.0-6ubuntu2~24.04.1cross1 [12.2 MB]
2026-10-06T17:01:46.2361691Z Get:25 http://azure.archive.ubuntu.com/ubuntu noble/main amd64 gcc-aarch64-linux-gnu amd64 4:13.2.0-7ubuntu1 [1210 B]
2026-10-06T17:01:46.3612784Z Get:26 http://azure.archive.ubuntu.com/ubuntu noble/main amd64 g++-aarch64-linux-gnu amd64 4:13.2.0-7ubuntu1 [962 B]
2026-10-06T17:01:46.4905502Z Get:27 http://azure.archive.ubuntu.com/ubuntu noble-updates/main amd64 libelf-dev amd64 0.190-1.1ubuntu0.1 [68.5 kB]
2026-10-06T17:01:46.9322612Z Get:28 http://azure.archive.ubuntu.com/ubuntu noble/main amd64 libbpf-dev amd64 1:1.3.0-2build2 [259 kB]
2026-10-06T17:01:48.3005920Z Get:29 http://azure.archive.ubuntu.com/ubuntu noble-updates/main amd64 libc6-dev-i386 amd64 2.39-0ubuntu8.9 [1447 kB]
2026-10-06T17:01:55.4310253Z Fetched 126 MB in 4min 42s (447 kB/s)
2026-10-06T17:01:55.4788402Z (Reading database ... 
2026-10-06T17:01:55.4788917Z (Reading database ... 5%
2026-10-06T17:01:55.4789413Z (Reading database ... 10%
2026-10-06T17:01:55.4789870Z (Reading database ... 15%
2026-10-06T17:01:55.4790552Z (Reading database ... 20%
2026-10-06T17:01:55.4791005Z (Reading database ... 25%
2026-10-06T17:01:55.4791637Z (Reading database ... 30%
2026-10-06T17:01:55.4792077Z (Reading database ... 35%
2026-10-06T17:01:55.4792873Z (Reading database ... 40%
2026-10-06T17:01:55.4793372Z (Reading database ... 45%
2026-10-06T17:01:55.4793890Z (Reading database ... 50%
2026-10-06T17:01:55.4832737Z (Reading database ... 55%
2026-10-06T17:01:55.6159843Z (Reading database ... 60%
2026-10-06T17:01:55.8240708Z (Reading database ... 65%
2026-10-06T17:01:56.0102102Z (Reading database ... 70%
2026-10-06T17:01:56.2131873Z (Reading database ... 75%
2026-10-06T17:01:56.3739645Z (Reading database ... 80%
2026-10-06T17:01:56.5647362Z (Reading database ... 85%
2026-10-06T17:01:56.7729469Z (Reading database ... 90%
2026-10-06T17:01:56.9243886Z (Reading database ... 95%
2026-10-06T17:01:56.9244351Z (Reading database ... 100%
2026-10-06T17:01:56.9244791Z (Reading database ... 202296 files and directories currently installed.)
2026-10-06T17:01:56.9290428Z Preparing to unpack .../00-docker-ce-cli_5%3a29.8.1-1~ubuntu.24.04~noble_amd64.deb ...
2026-10-06T17:01:56.9325875Z Unpacking docker-ce-cli (5:29.8.1-1~ubuntu.24.04~noble) over (5:28.0.4-1~ubuntu.24.04~noble) ...
2026-10-06T17:01:57.4910266Z dpkg: warning: downgrading containerd.io from 2.3.6-1~ubuntu.24.04~noble to 2.3.5-1~ubuntu.24.04~noble
2026-10-06T17:01:57.5046581Z Preparing to unpack .../01-containerd.io_2.3.5-1~ubuntu.24.04~noble_amd64.deb ...
2026-10-06T17:01:57.5292175Z Unpacking containerd.io (2.3.5-1~ubuntu.24.04~noble) over (2.3.6-1~ubuntu.24.04~noble) ...
2026-10-06T17:01:58.2330721Z Preparing to unpack .../02-docker-ce_5%3a29.8.1-1~ubuntu.24.04~noble_amd64.deb ...
2026-10-06T17:01:58.2669747Z Unpacking docker-ce (5:29.8.1-1~ubuntu.24.04~noble) over (5:28.0.4-1~ubuntu.24.04~noble) ...
2026-10-06T17:01:59.0389259Z Selecting previously unselected package gcc-13-aarch64-linux-gnu-base:amd64.
2026-10-06T17:01:59.0522369Z Preparing to unpack .../03-gcc-13-aarch64-linux-gnu-base_13.3.0-6ubuntu2~24.04.1cross1_amd64.deb ...
2026-10-06T17:01:59.0528861Z Unpacking gcc-13-aarch64-linux-gnu-base:amd64 (13.3.0-6ubuntu2~24.04.1cross1) ...
2026-10-06T17:01:59.0736197Z Selecting previously unselected package cpp-13-aarch64-linux-gnu.
2026-10-06T17:01:59.0864063Z Preparing to unpack .../04-cpp-13-aarch64-linux-gnu_13.3.0-6ubuntu2~24.04.1cross1_amd64.deb ...
2026-10-06T17:01:59.0893655Z Unpacking cpp-13-aarch64-linux-gnu (13.3.0-6ubuntu2~24.04.1cross1) ...
2026-10-06T17:01:59.2301552Z Selecting previously unselected package cpp-aarch64-linux-gnu.
2026-10-06T17:01:59.2434378Z Preparing to unpack .../05-cpp-aarch64-linux-gnu_4%3a13.2.0-7ubuntu1_amd64.deb ...
2026-10-06T17:01:59.2441600Z Unpacking cpp-aarch64-linux-gnu (4:13.2.0-7ubuntu1) ...
2026-10-06T17:01:59.2630621Z Selecting previously unselected package binutils-aarch64-linux-gnu.
2026-10-06T17:01:59.2755581Z Preparing to unpack .../06-binutils-aarch64-linux-gnu_2.42-4ubuntu2.10_amd64.deb ...
2026-10-06T17:01:59.2769428Z Unpacking binutils-aarch64-linux-gnu (2.42-4ubuntu2.10) ...
2026-10-06T17:01:59.4038435Z Selecting previously unselected package gcc-13-cross-base.
2026-10-06T17:01:59.4172664Z Preparing to unpack .../07-gcc-13-cross-base_13.3.0-6ubuntu2~24.04.1cross1_all.deb ...
2026-10-06T17:01:59.4178535Z Unpacking gcc-13-cross-base (13.3.0-6ubuntu2~24.04.1cross1) ...
2026-10-06T17:01:59.4367141Z Selecting previously unselected package gcc-14-cross-base.
2026-10-06T17:01:59.4490712Z Preparing to unpack .../08-gcc-14-cross-base_14.2.0-4ubuntu2~24.04.1cross1_all.deb ...
2026-10-06T17:01:59.4499465Z Unpacking gcc-14-cross-base (14.2.0-4ubuntu2~24.04.1cross1) ...
2026-10-06T17:01:59.4691045Z Selecting previously unselected package libc6-arm64-cross.
2026-10-06T17:01:59.4814346Z Preparing to unpack .../09-libc6-arm64-cross_2.39-0ubuntu8cross1_all.deb ...
2026-10-06T17:01:59.4820779Z Unpacking libc6-arm64-cross (2.39-0ubuntu8cross1) ...
2026-10-06T17:01:59.5183705Z Selecting previously unselected package libgcc-s1-arm64-cross.
2026-10-06T17:01:59.5312386Z Preparing to unpack .../10-libgcc-s1-arm64-cross_14.2.0-4ubuntu2~24.04.1cross1_all.deb ...
2026-10-06T17:01:59.5318910Z Unpacking libgcc-s1-arm64-cross (14.2.0-4ubuntu2~24.04.1cross1) ...
2026-10-06T17:01:59.5518692Z Selecting previously unselected package libgomp1-arm64-cross.
2026-10-06T17:01:59.5645502Z Preparing to unpack .../11-libgomp1-arm64-cross_14.2.0-4ubuntu2~24.04.1cross1_all.deb ...
2026-10-06T17:01:59.5651705Z Unpacking libgomp1-arm64-cross (14.2.0-4ubuntu2~24.04.1cross1) ...
2026-10-06T17:01:59.5854655Z Selecting previously unselected package libitm1-arm64-cross.
2026-10-06T17:01:59.5982397Z Preparing to unpack .../12-libitm1-arm64-cross_14.2.0-4ubuntu2~24.04.1cross1_all.deb ...
2026-10-06T17:01:59.5988528Z Unpacking libitm1-arm64-cross (14.2.0-4ubuntu2~24.04.1cross1) ...
2026-10-06T17:01:59.6186125Z Selecting previously unselected package libatomic1-arm64-cross.
2026-10-06T17:01:59.6305972Z Preparing to unpack .../13-libatomic1-arm64-cross_14.2.0-4ubuntu2~24.04.1cross1_all.deb ...
2026-10-06T17:01:59.6312547Z Unpacking libatomic1-arm64-cross (14.2.0-4ubuntu2~24.04.1cross1) ...
2026-10-06T17:01:59.6503050Z Selecting previously unselected package libasan8-arm64-cross.
2026-10-06T17:01:59.6631090Z Preparing to unpack .../14-libasan8-arm64-cross_14.2.0-4ubuntu2~24.04.1cross1_all.deb ...
2026-10-06T17:01:59.6637058Z Unpacking libasan8-arm64-cross (14.2.0-4ubuntu2~24.04.1cross1) ...
2026-10-06T17:01:59.6916281Z Selecting previously unselected package liblsan0-arm64-cross.
2026-10-06T17:01:59.7039997Z Preparing to unpack .../15-liblsan0-arm64-cross_14.2.0-4ubuntu2~24.04.1cross1_all.deb ...
2026-10-06T17:01:59.7045847Z Unpacking liblsan0-arm64-cross (14.2.0-4ubuntu2~24.04.1cross1) ...
2026-10-06T17:01:59.7274470Z Selecting previously unselected package libtsan2-arm64-cross.
2026-10-06T17:01:59.7408111Z Preparing to unpack .../16-libtsan2-arm64-cross_14.2.0-4ubuntu2~24.04.1cross1_all.deb ...
2026-10-06T17:01:59.7414727Z Unpacking libtsan2-arm64-cross (14.2.0-4ubuntu2~24.04.1cross1) ...
2026-10-06T17:01:59.7688164Z Selecting previously unselected package libstdc++6-arm64-cross.
2026-10-06T17:01:59.7815187Z Preparing to unpack .../17-libstdc++6-arm64-cross_14.2.0-4ubuntu2~24.04.1cross1_all.deb ...
2026-10-06T17:01:59.7821829Z Unpacking libstdc++6-arm64-cross (14.2.0-4ubuntu2~24.04.1cross1) ...
2026-10-06T17:01:59.8139562Z Selecting previously unselected package libubsan1-arm64-cross.
2026-10-06T17:01:59.8269206Z Preparing to unpack .../18-libubsan1-arm64-cross_14.2.0-4ubuntu2~24.04.1cross1_all.deb ...
2026-10-06T17:01:59.8275301Z Unpacking libubsan1-arm64-cross (14.2.0-4ubuntu2~24.04.1cross1) ...
2026-10-06T17:01:59.8495996Z Selecting previously unselected package libhwasan0-arm64-cross.
2026-10-06T17:01:59.8618983Z Preparing to unpack .../19-libhwasan0-arm64-cross_14.2.0-4ubuntu2~24.04.1cross1_all.deb ...
2026-10-06T17:01:59.8625976Z Unpacking libhwasan0-arm64-cross (14.2.0-4ubuntu2~24.04.1cross1) ...
2026-10-06T17:01:59.8865397Z Selecting previously unselected package libgcc-13-dev-arm64-cross.
2026-10-06T17:01:59.8991211Z Preparing to unpack .../20-libgcc-13-dev-arm64-cross_13.3.0-6ubuntu2~24.04.1cross1_all.deb ...
2026-10-06T17:01:59.8997459Z Unpacking libgcc-13-dev-arm64-cross (13.3.0-6ubuntu2~24.04.1cross1) ...
2026-10-06T17:01:59.9887371Z Selecting previously unselected package gcc-13-aarch64-linux-gnu.
2026-10-06T17:02:00.0019962Z Preparing to unpack .../21-gcc-13-aarch64-linux-gnu_13.3.0-6ubuntu2~24.04.1cross1_amd64.deb ...
2026-10-06T17:02:00.0049054Z Unpacking gcc-13-aarch64-linux-gnu (13.3.0-6ubuntu2~24.04.1cross1) ...
2026-10-06T17:02:00.2695153Z Selecting previously unselected package linux-libc-dev-arm64-cross.
2026-10-06T17:02:00.2829320Z Preparing to unpack .../22-linux-libc-dev-arm64-cross_6.8.0-25.25cross1_all.deb ...
2026-10-06T17:02:00.2836867Z Unpacking linux-libc-dev-arm64-cross (6.8.0-25.25cross1) ...
2026-10-06T17:02:00.4596125Z Selecting previously unselected package libc6-dev-arm64-cross.
2026-10-06T17:02:00.4734151Z Preparing to unpack .../23-libc6-dev-arm64-cross_2.39-0ubuntu8cross1_all.deb ...
2026-10-06T17:02:00.4741457Z Unpacking libc6-dev-arm64-cross (2.39-0ubuntu8cross1) ...
2026-10-06T17:02:00.5873351Z Selecting previously unselected package libstdc++-13-dev-arm64-cross.
2026-10-06T17:02:00.6010530Z Preparing to unpack .../24-libstdc++-13-dev-arm64-cross_13.3.0-6ubuntu2~24.04.1cross1_all.deb ...
2026-10-06T17:02:00.6016243Z Unpacking libstdc++-13-dev-arm64-cross (13.3.0-6ubuntu2~24.04.1cross1) ...
2026-10-06T17:02:00.8072472Z Selecting previously unselected package g++-13-aarch64-linux-gnu.
2026-10-06T17:02:00.8211536Z Preparing to unpack .../25-g++-13-aarch64-linux-gnu_13.3.0-6ubuntu2~24.04.1cross1_amd64.deb ...
2026-10-06T17:02:00.8240975Z Unpacking g++-13-aarch64-linux-gnu (13.3.0-6ubuntu2~24.04.1cross1) ...
2026-10-06T17:02:00.9712906Z Selecting previously unselected package gcc-aarch64-linux-gnu.
2026-10-06T17:02:00.9847274Z Preparing to unpack .../26-gcc-aarch64-linux-gnu_4%3a13.2.0-7ubuntu1_amd64.deb ...
2026-10-06T17:02:00.9852588Z Unpacking gcc-aarch64-linux-gnu (4:13.2.0-7ubuntu1) ...
2026-10-06T17:02:01.0044812Z Selecting previously unselected package g++-aarch64-linux-gnu.
2026-10-06T17:02:01.0174399Z Preparing to unpack .../27-g++-aarch64-linux-gnu_4%3a13.2.0-7ubuntu1_amd64.deb ...
2026-10-06T17:02:01.0179869Z Unpacking g++-aarch64-linux-gnu (4:13.2.0-7ubuntu1) ...
2026-10-06T17:02:01.0355627Z Selecting previously unselected package libelf-dev:amd64.
2026-10-06T17:02:01.0475677Z Preparing to unpack .../28-libelf-dev_0.190-1.1ubuntu0.1_amd64.deb ...
2026-10-06T17:02:01.0480950Z Unpacking libelf-dev:amd64 (0.190-1.1ubuntu0.1) ...
2026-10-06T17:02:01.0712872Z Selecting previously unselected package libbpf-dev:amd64.
2026-10-06T17:02:01.0839092Z Preparing to unpack .../29-libbpf-dev_1%3a1.3.0-2build2_amd64.deb ...
2026-10-06T17:02:01.0844562Z Unpacking libbpf-dev:amd64 (1:1.3.0-2build2) ...
2026-10-06T17:02:01.1082029Z Selecting previously unselected package libc6-dev-i386.
2026-10-06T17:02:01.1208890Z Preparing to unpack .../30-libc6-dev-i386_2.39-0ubuntu8.9_amd64.deb ...
2026-10-06T17:02:01.1214988Z Unpacking libc6-dev-i386 (2.39-0ubuntu8.9) ...
2026-10-06T17:02:01.2004530Z Setting up libc6-dev-i386 (2.39-0ubuntu8.9) ...
2026-10-06T17:02:01.2021826Z Setting up binutils-aarch64-linux-gnu (2.42-4ubuntu2.10) ...
2026-10-06T17:02:01.2035507Z Setting up gcc-14-cross-base (14.2.0-4ubuntu2~24.04.1cross1) ...
2026-10-06T17:02:01.2047983Z Setting up gcc-13-cross-base (13.3.0-6ubuntu2~24.04.1cross1) ...
2026-10-06T17:02:01.2060122Z Setting up libc6-arm64-cross (2.39-0ubuntu8cross1) ...
2026-10-06T17:02:01.2073418Z Setting up containerd.io (2.3.5-1~ubuntu.24.04~noble) ...
2026-10-06T17:02:01.6686791Z Setting up libelf-dev:amd64 (0.190-1.1ubuntu0.1) ...
2026-10-06T17:02:01.6700561Z Setting up libitm1-arm64-cross (14.2.0-4ubuntu2~24.04.1cross1) ...
2026-10-06T17:02:01.6713663Z Setting up linux-libc-dev-arm64-cross (6.8.0-25.25cross1) ...
2026-10-06T17:02:01.6727213Z Setting up docker-ce-cli (5:29.8.1-1~ubuntu.24.04~noble) ...
2026-10-06T17:02:01.6741700Z Setting up gcc-13-aarch64-linux-gnu-base:amd64 (13.3.0-6ubuntu2~24.04.1cross1) ...
2026-10-06T17:02:01.6755110Z Setting up libgcc-s1-arm64-cross (14.2.0-4ubuntu2~24.04.1cross1) ...
2026-10-06T17:02:01.6768793Z Setting up libatomic1-arm64-cross (14.2.0-4ubuntu2~24.04.1cross1) ...
2026-10-06T17:02:01.6782123Z Setting up liblsan0-arm64-cross (14.2.0-4ubuntu2~24.04.1cross1) ...
2026-10-06T17:02:01.6795521Z Setting up libgomp1-arm64-cross (14.2.0-4ubuntu2~24.04.1cross1) ...
2026-10-06T17:02:01.6808536Z Setting up libbpf-dev:amd64 (1:1.3.0-2build2) ...
2026-10-06T17:02:01.6822564Z Setting up cpp-13-aarch64-linux-gnu (13.3.0-6ubuntu2~24.04.1cross1) ...
2026-10-06T17:02:01.6836504Z Setting up libhwasan0-arm64-cross (14.2.0-4ubuntu2~24.04.1cross1) ...
2026-10-06T17:02:01.6849670Z Setting up libc6-dev-arm64-cross (2.39-0ubuntu8cross1) ...
2026-10-06T17:02:01.6862545Z Setting up libstdc++6-arm64-cross (14.2.0-4ubuntu2~24.04.1cross1) ...
2026-10-06T17:02:01.6875382Z Setting up cpp-aarch64-linux-gnu (4:13.2.0-7ubuntu1) ...
2026-10-06T17:02:01.6889691Z Setting up docker-ce (5:29.8.1-1~ubuntu.24.04~noble) ...
2026-10-06T17:02:03.2538928Z Setting up libasan8-arm64-cross (14.2.0-4ubuntu2~24.04.1cross1) ...
2026-10-06T17:02:03.2552375Z Setting up libtsan2-arm64-cross (14.2.0-4ubuntu2~24.04.1cross1) ...
2026-10-06T17:02:03.2566144Z Setting up libubsan1-arm64-cross (14.2.0-4ubuntu2~24.04.1cross1) ...
2026-10-06T17:02:03.2580379Z Setting up libgcc-13-dev-arm64-cross (13.3.0-6ubuntu2~24.04.1cross1) ...
2026-10-06T17:02:03.2594732Z Setting up gcc-13-aarch64-linux-gnu (13.3.0-6ubuntu2~24.04.1cross1) ...
2026-10-06T17:02:03.2607970Z Setting up libstdc++-13-dev-arm64-cross (13.3.0-6ubuntu2~24.04.1cross1) ...
2026-10-06T17:02:03.2621504Z Setting up g++-13-aarch64-linux-gnu (13.3.0-6ubuntu2~24.04.1cross1) ...
2026-10-06T17:02:03.2637757Z Setting up gcc-aarch64-linux-gnu (4:13.2.0-7ubuntu1) ...
2026-10-06T17:02:03.2652065Z Setting up g++-aarch64-linux-gnu (4:13.2.0-7ubuntu1) ...
2026-10-06T17:02:03.2671091Z Processing triggers for man-db (2.12.0-4build2) ...
2026-10-06T17:02:03.2692317Z Not building database; man-db/auto-update is not 'true'.
2026-10-06T17:02:03.2702766Z Processing triggers for libc-bin (2.39-0ubuntu8.9) ...
2026-10-06T17:02:03.9178662Z 
2026-10-06T17:02:03.9179210Z Running kernel seems to be up-to-date.
2026-10-06T17:02:03.9179481Z 
2026-10-06T17:02:03.9179605Z No services need to be restarted.
2026-10-06T17:02:03.9179876Z 
2026-10-06T17:02:03.9180041Z No containers need to be restarted.
2026-10-06T17:02:03.9180312Z 
2026-10-06T17:02:03.9180525Z No user sessions are running outdated binaries.
2026-10-06T17:02:03.9180861Z 
2026-10-06T17:02:03.9181201Z No VM guests are running outdated hypervisor (qemu) binaries on this host.
2026-10-06T17:02:04.8960200Z hint: Using 'master' as the name for the initial branch. This default branch name
2026-10-06T17:02:04.8961131Z hint: will change to "main" in Git 3.0. To configure the initial branch name
2026-10-06T17:02:04.8962170Z hint: to use in all of your new repositories, which will suppress this warning,
2026-10-06T17:02:04.8962782Z hint: call:
2026-10-06T17:02:04.8963067Z hint:
2026-10-06T17:02:04.8963463Z hint: 	git config --global init.defaultBranch <name>
2026-10-06T17:02:04.8963814Z hint:
2026-10-06T17:02:04.8964152Z hint: Names commonly chosen instead of 'master' are 'main', 'trunk' and
2026-10-06T17:02:04.8964661Z hint: 'development'. The just-created branch can be renamed via this command:
2026-10-06T17:02:04.8965039Z hint:
2026-10-06T17:02:04.8965241Z hint: 	git branch -m <name>
2026-10-06T17:02:04.8965463Z hint:
2026-10-06T17:02:04.8965799Z hint: Disable this message with "git config set advice.defaultBranchName false"
2026-10-06T17:02:09.5639138Z us-central1-docker.pkg.dev/gvisor-presubmit/gvisor-presubmit-images/default_x86_64@sha256:9afba722516843795c026fbe3b7cd8a8f6b729d241e656a70af1ad46fe09406c: Pulling from gvisor-presubmit/gvisor-presubmit-images/default_x86_64
2026-10-06T17:02:09.5645963Z d544298cabd5: Pulling fs layer
2026-10-06T17:02:09.5646488Z ab2267afd5af: Pulling fs layer
2026-10-06T17:02:09.5647161Z 0bf74a384ec6: Pulling fs layer
2026-10-06T17:02:09.5647581Z 5acb13da556d: Pulling fs layer
2026-10-06T17:02:09.5647958Z 464275bdef61: Pulling fs layer
2026-10-06T17:02:09.5648323Z 5791a197cfee: Pulling fs layer
2026-10-06T17:02:09.5651232Z eef77529dfa7: Pulling fs layer
2026-10-06T17:02:09.5651903Z 93bb5bcfff2c: Pulling fs layer
2026-10-06T17:02:09.5652518Z c90ec6366fc5: Pulling fs layer
2026-10-06T17:02:09.5652885Z 1a5fc2c5aa95: Pulling fs layer
2026-10-06T17:02:09.5653167Z c32c4609a695: Pulling fs layer
2026-10-06T17:02:09.5653405Z 5791a197cfee: Waiting
2026-10-06T17:02:09.5653623Z eef77529dfa7: Waiting
2026-10-06T17:02:09.5653841Z 93bb5bcfff2c: Waiting
2026-10-06T17:02:09.5654049Z c90ec6366fc5: Waiting
2026-10-06T17:02:09.5654257Z 5acb13da556d: Waiting
2026-10-06T17:02:09.5654467Z 1a5fc2c5aa95: Waiting
2026-10-06T17:02:09.5654668Z c32c4609a695: Waiting
2026-10-06T17:02:09.5654873Z 464275bdef61: Waiting
2026-10-06T17:02:10.1517674Z 0bf74a384ec6: Verifying Checksum
2026-10-06T17:02:10.1518589Z 0bf74a384ec6: Download complete
2026-10-06T17:02:10.2547365Z d544298cabd5: Verifying Checksum
2026-10-06T17:02:10.2547840Z d544298cabd5: Download complete
2026-10-06T17:02:10.2992551Z 5acb13da556d: Verifying Checksum
2026-10-06T17:02:10.2993351Z 5acb13da556d: Download complete
2026-10-06T17:02:10.4691979Z 464275bdef61: Verifying Checksum
2026-10-06T17:02:10.4692515Z 464275bdef61: Download complete
2026-10-06T17:02:10.8780588Z 5791a197cfee: Verifying Checksum
2026-10-06T17:02:10.8781815Z 5791a197cfee: Download complete
2026-10-06T17:02:11.2209142Z 93bb5bcfff2c: Verifying Checksum
2026-10-06T17:02:11.2209653Z 93bb5bcfff2c: Download complete
2026-10-06T17:02:11.4578001Z c90ec6366fc5: Verifying Checksum
2026-10-06T17:02:11.4578585Z c90ec6366fc5: Download complete
2026-10-06T17:02:11.6426701Z eef77529dfa7: Verifying Checksum
2026-10-06T17:02:11.6427451Z eef77529dfa7: Download complete
2026-10-06T17:02:11.7908068Z c32c4609a695: Verifying Checksum
2026-10-06T17:02:11.7908584Z c32c4609a695: Download complete
2026-10-06T17:02:12.0884403Z d544298cabd5: Pull complete
2026-10-06T17:02:12.3457140Z 1a5fc2c5aa95: Verifying Checksum
2026-10-06T17:02:12.3457497Z 1a5fc2c5aa95: Download complete
2026-10-06T17:02:13.8074790Z ab2267afd5af: Verifying Checksum
2026-10-06T17:02:13.8075219Z ab2267afd5af: Download complete
2026-10-06T17:02:35.4285710Z ab2267afd5af: Pull complete
2026-10-06T17:02:35.5152970Z 0bf74a384ec6: Pull complete
2026-10-06T17:02:35.5242421Z 5acb13da556d: Pull complete
2026-10-06T17:02:35.5360579Z 464275bdef61: Pull complete
2026-10-06T17:02:36.4120665Z 5791a197cfee: Pull complete
2026-10-06T17:02:56.1775442Z eef77529dfa7: Pull complete
2026-10-06T17:02:56.2262377Z 93bb5bcfff2c: Pull complete
2026-10-06T17:02:56.2339508Z c90ec6366fc5: Pull complete
2026-10-06T17:02:56.4940471Z 1a5fc2c5aa95: Pull complete
2026-10-06T17:02:56.5032564Z c32c4609a695: Pull complete
2026-10-06T17:02:56.5074482Z Digest: sha256:9afba722516843795c026fbe3b7cd8a8f6b729d241e656a70af1ad46fe09406c
2026-10-06T17:02:56.5075557Z Status: Downloaded newer image for us-central1-docker.pkg.dev/gvisor-presubmit/gvisor-presubmit-images/default_x86_64@sha256:9afba722516843795c026fbe3b7cd8a8f6b729d241e656a70af1ad46fe09406c
2026-10-06T17:02:56.5085905Z us-central1-docker.pkg.dev/gvisor-presubmit/gvisor-presubmit-images/default_x86_64@sha256:9afba722516843795c026fbe3b7cd8a8f6b729d241e656a70af1ad46fe09406c
2026-10-06T17:02:56.8581466Z Extracting Bazel installation...
2026-10-06T17:02:57.7786046Z Starting local Bazel server (8.3.1) and connecting to it...
2026-10-06T17:02:59.2113644Z Computing main repo mapping: 
2026-10-06T17:03:00.2152445Z Computing main repo mapping: 
2026-10-06T17:03:01.2145228Z Computing main repo mapping: 
2026-10-06T17:03:02.9412621Z Computing main repo mapping: 
2026-10-06T17:03:03.9545371Z Computing main repo mapping: 
2026-10-06T17:03:04.8503628Z WARNING: For repository 'bazel_skylib', the root module requires module version bazel_skylib@1.7.1, but got bazel_skylib@1.8.2 in the resolved dependency graph. Please update the version in your MODULE.bazel or set --check_direct_dependencies=off
2026-10-06T17:03:05.1473486Z Computing main repo mapping: 
2026-10-06T17:03:06.1915354Z Computing main repo mapping: 
2026-10-06T17:03:06.9677918Z Loading: 
2026-10-06T17:03:06.9704904Z Loading: 2 packages loaded
2026-10-06T17:03:08.0396946Z Loading: 2 packages loaded
2026-10-06T17:03:08.0397506Z     currently loading: 
2026-10-06T17:03:08.5344787Z DEBUG: /tmp/helox-release-gvisor.dznipO/.cache/bazel/_bazel_builder/4b6d0a141320b0219057fe42e7e5bf79/external/gazelle+/internal/bzlmod/go_deps.bzl:660:36: The following Go modules were required by the root module at the given versions, but were implicitly updated to higher versions due to transitive dependencies:
2026-10-06T17:03:08.5346935Z  
2026-10-06T17:03:08.5347395Z   go.opentelemetry.io/auto/sdk: v1.1.0 -> v1.2.1 
2026-10-06T17:03:08.5348389Z   go.opentelemetry.io/contrib/instrumentation/google.golang.org/grpc/otelgrpc: v0.61.0 -> v0.67.0 
2026-10-06T17:03:08.5349282Z   golang.org/x/crypto: v0.42.0 -> v0.49.0 
2026-10-06T17:03:08.5349982Z   golang.org/x/term: v0.35.0 -> v0.42.0 
2026-10-06T17:03:08.5350475Z   golang.org/x/net: v0.44.0 -> v0.52.0 
2026-10-06T17:03:08.5350998Z   go.opentelemetry.io/otel: v1.37.0 -> v1.43.0 
2026-10-06T17:03:08.5352157Z   go.opentelemetry.io/otel/metric: v1.28.0 -> v1.43.0 
2026-10-06T17:03:08.5352773Z   github.com/felixge/httpsnoop: v1.0.2 -> v1.0.4 
2026-10-06T17:03:08.5353594Z   go.opentelemetry.io/contrib/instrumentation/net/http/otelhttp: v0.53.0 -> v0.67.0 
2026-10-06T17:03:08.5354413Z   go.opentelemetry.io/otel/trace: v1.28.0 -> v1.43.0 
2026-10-06T17:03:08.5355033Z   github.com/opencontainers/image-spec: v1.0.2 -> v1.1.1 
2026-10-06T17:03:08.5355616Z   cloud.google.com/go: v0.105.0 -> v0.123.0 
2026-10-06T17:03:08.5356156Z   cloud.google.com/go/iam: v0.8.0 -> v1.7.0 
2026-10-06T17:03:08.5356773Z   cloud.google.com/go/compute/metadata: v0.8.0 -> v0.9.0 
2026-10-06T17:03:08.5357571Z   github.com/googleapis/enterprise-certificate-proxy: v0.3.6 -> v0.3.14 
2026-10-06T17:03:08.5358284Z   golang.org/x/oauth2: v0.30.0 -> v0.36.0 
2026-10-06T17:03:08.5359176Z   google.golang.org/genproto: v0.0.0-20250707201910-8d1bb00bc6a7 -> v0.0.0-20260319201613-d00831a3d3e7 
2026-10-06T17:03:08.5360093Z   github.com/googleapis/gax-go/v2: v2.15.0 -> v2.21.0 
2026-10-06T17:03:08.5360462Z 
2026-10-06T17:03:08.5360819Z Update the root module's dependencies to match the resolved versions via:
2026-10-06T17:03:08.5361668Z 
2026-10-06T17:03:08.5366976Z   bazel run @io_bazel_rules_go//go -- get go.opentelemetry.io/auto/sdk@v1.2.1 go.opentelemetry.io/contrib/instrumentation/google.golang.org/grpc/otelgrpc@v0.67.0 golang.org/x/crypto@v0.49.0 golang.org/x/term@v0.42.0 golang.org/x/net@v0.52.0 go.opentelemetry.io/otel@v1.43.0 go.opentelemetry.io/otel/metric@v1.43.0 github.com/felixge/httpsnoop@v1.0.4 go.opentelemetry.io/contrib/instrumentation/net/http/otelhttp@v0.67.0 go.opentelemetry.io/otel/trace@v1.43.0 github.com/opencontainers/image-spec@v1.1.1 cloud.google.com/go@v0.123.0 cloud.google.com/go/iam@v1.7.0 cloud.google.com/go/compute/metadata@v0.9.0 github.com/googleapis/enterprise-certificate-proxy@v0.3.14 golang.org/x/oauth2@v0.36.0 google.golang.org/genproto@v0.0.0-20260319201613-d00831a3d3e7 github.com/googleapis/gax-go/v2@v2.21.0 
2026-10-06T17:03:08.5371816Z 
2026-10-06T17:03:08.8408683Z Analyzing: target //:release (3 packages loaded, 0 targets configured)
2026-10-06T17:03:08.8581141Z Analyzing: target //:release (3 packages loaded, 0 targets configured)
2026-10-06T17:03:08.8581888Z 
2026-10-06T17:03:09.0284862Z WARNING: /tmp/helox-release-gvisor.dznipO/gvisor/runsc/prewarmer/BUILD:19:8: target 'gvisor-sentry-prewarmer' is both a rule and a file; please choose another name for the rule
2026-10-06T17:03:09.9261076Z Analyzing: target //:release (74 packages loaded, 14 targets configured)
2026-10-06T17:03:09.9261549Z 
2026-10-06T17:03:10.9522177Z Analyzing: target //:release (92 packages loaded, 2698 targets configured)
2026-10-06T17:03:10.9522703Z 
2026-10-06T17:03:12.1185652Z Analyzing: target //:release (101 packages loaded, 2731 targets configured)
2026-10-06T17:03:12.1186198Z 
2026-10-06T17:03:14.9039228Z Analyzing: target //:release (101 packages loaded, 2731 targets configured)
2026-10-06T17:03:14.9039611Z 
2026-10-06T17:03:15.9072525Z Analyzing: target //:release (121 packages loaded, 8551 targets configured)
2026-10-06T17:03:15.9073333Z 
2026-10-06T17:03:16.9179880Z Analyzing: target //:release (228 packages loaded, 9278 targets configured)
2026-10-06T17:03:16.9180730Z 
2026-10-06T17:03:17.9182408Z Analyzing: target //:release (364 packages loaded, 9826 targets configured)
2026-10-06T17:03:17.9183224Z 
2026-10-06T17:03:19.0222280Z Analyzing: target //:release (422 packages loaded, 15059 targets configured)
2026-10-06T17:03:19.0223115Z 
2026-10-06T17:03:20.2303515Z Analyzing: target //:release (423 packages loaded, 22864 targets configured)
2026-10-06T17:03:20.2304293Z 
2026-10-06T17:03:21.2374071Z Analyzing: target //:release (433 packages loaded, 26674 targets configured)
2026-10-06T17:03:21.2374926Z 
2026-10-06T17:03:22.2394157Z Analyzing: target //:release (439 packages loaded, 32709 targets configured)
2026-10-06T17:03:22.2395297Z 
2026-10-06T17:03:23.6813592Z Analyzing: target //:release (439 packages loaded, 45107 targets configured)
2026-10-06T17:03:23.6815202Z 
2026-10-06T17:03:25.2401726Z Analyzing: target //:release (442 packages loaded, 52936 targets configured)
2026-10-06T17:03:25.2402346Z 
2026-10-06T17:03:39.4623724Z Analyzing: target //:release (442 packages loaded, 52936 targets configured)
2026-10-06T17:03:39.4624575Z 
2026-10-06T17:03:40.4648245Z Analyzing: target //:release (450 packages loaded, 52990 targets configured)
2026-10-06T17:03:40.4649363Z 
2026-10-06T17:03:41.5302148Z Analyzing: target //:release (454 packages loaded, 53338 targets configured)
2026-10-06T17:03:41.5302779Z 
2026-10-06T17:03:42.5386570Z Analyzing: target //:release (472 packages loaded, 53471 targets configured)
2026-10-06T17:03:42.5387418Z 
2026-10-06T17:03:43.7630455Z Analyzing: target //:release (484 packages loaded, 53547 targets configured)
2026-10-06T17:03:43.7631835Z 
2026-10-06T17:03:44.8194278Z Analyzing: target //:release (524 packages loaded, 53729 targets configured)
2026-10-06T17:03:44.8194850Z 
2026-10-06T17:03:45.8317816Z Analyzing: target //:release (560 packages loaded, 53885 targets configured)
2026-10-06T17:03:45.8318445Z 
2026-10-06T17:03:46.8579901Z Analyzing: target //:release (677 packages loaded, 54274 targets configured)
2026-10-06T17:03:46.8581016Z 
2026-10-06T17:03:47.8984417Z Analyzing: target //:release (863 packages loaded, 54721 targets configured)
2026-10-06T17:03:47.8985451Z 
2026-10-06T17:03:48.9040812Z Analyzing: target //:release (977 packages loaded, 55365 targets configured)
2026-10-06T17:03:48.9041555Z 
2026-10-06T17:03:49.9423781Z Analyzing: target //:release (1069 packages loaded, 55844 targets configured)
2026-10-06T17:03:49.9424300Z 
2026-10-06T17:03:51.0551712Z Analyzing: target //:release (1167 packages loaded, 56434 targets configured)
2026-10-06T17:03:51.0552308Z 
2026-10-06T17:03:52.1576287Z Analyzing: target //:release (1218 packages loaded, 57108 targets configured)
2026-10-06T17:03:52.1576900Z 
2026-10-06T17:03:53.2894793Z Analyzing: target //:release (1246 packages loaded, 58144 targets configured)
2026-10-06T17:03:53.2895419Z 
2026-10-06T17:03:54.2898935Z Analyzing: target //:release (1284 packages loaded, 59563 targets configured)
2026-10-06T17:03:54.2899910Z 
2026-10-06T17:03:54.4465354Z INFO: Analyzed target //:release (1284 packages loaded, 59563 targets configured).
2026-10-06T17:03:55.2941598Z [467 / 2,011] Generating Descriptor Set proto_library //pkg/eventchannel:eventchannel_proto; 0s processwrapper-sandbox ... (2 actions, 1 running)
2026-10-06T17:03:56.2952732Z [790 / 2,842] Executing genrule //vdso:vdso; 0s processwrapper-sandbox ... (2 actions running)
2026-10-06T17:03:57.2941837Z [1,112 / 4,061] GoToolchainBinaryBuild external/rules_go++go_sdk+main___download_0/builder [for tool]; 0s processwrapper-sandbox ... (4 actions running)
2026-10-06T17:03:57.4099830Z INFO: From Executing genrule //pkg/sentry/platform/systrap/sysmsg:sighandler_go:
2026-10-06T17:03:57.4100587Z + set -e
2026-10-06T17:03:57.4100884Z + set -u
2026-10-06T17:03:57.4101192Z + FILE=sighandler
2026-10-06T17:03:57.4101722Z + NAME=Sighandler
2026-10-06T17:03:57.4102125Z + PREFIX=Sighandler_blob_offset__
2026-10-06T17:03:57.4102543Z + BLOB=Sighandler_blob
2026-10-06T17:03:57.4103769Z + OBJNAME=bazel-out/k8-opt-ST-04c87098fb12/bin/pkg/sentry/platform/systrap/sysmsg/sighandler.built-in.bin.o
2026-10-06T17:03:57.4104878Z + AWK_CMD='$2 ~ /^[tBCTA]$/ { print "var Sighandler_blob_offset__" $3 " = 0x" $1 }'
2026-10-06T17:03:57.4105477Z + cat
2026-10-06T17:03:57.4106190Z + nm bazel-out/k8-opt-ST-04c87098fb12/bin/pkg/sentry/platform/systrap/sysmsg/sighandler.built-in.bin.o
2026-10-06T17:03:57.4106989Z + grep __export_
2026-10-06T17:03:57.4107499Z + awk '$2 ~ /^[tBCTA]$/ { print "var Sighandler_blob_offset__" $3 " = 0x" $1 }'
2026-10-06T17:03:57.4108067Z + tr . _
2026-10-06T17:03:57.5824055Z INFO: From Executing genrule //pkg/sentry/platform/systrap/sysmsg:sighandler_go:
2026-10-06T17:03:57.5825103Z + set -e
2026-10-06T17:03:57.5825434Z + set -u
2026-10-06T17:03:57.5825783Z + FILE=sighandler
2026-10-06T17:03:57.5826198Z + NAME=Sighandler
2026-10-06T17:03:57.5826949Z + PREFIX=Sighandler_blob_offset__
2026-10-06T17:03:57.5827509Z + BLOB=Sighandler_blob
2026-10-06T17:03:57.5828420Z + OBJNAME=bazel-out/aarch64-opt-ST-c1691d43938d/bin/pkg/sentry/platform/systrap/sysmsg/sighandler.built-in.bin.o
2026-10-06T17:03:57.5829627Z + AWK_CMD='$2 ~ /^[tBCTA]$/ { print "var Sighandler_blob_offset__" $3 " = 0x" $1 }'
2026-10-06T17:03:57.5830292Z + cat
2026-10-06T17:03:57.5830589Z + tr . _
2026-10-06T17:03:57.5830878Z + grep __export_
2026-10-06T17:03:57.5832009Z + nm bazel-out/aarch64-opt-ST-c1691d43938d/bin/pkg/sentry/platform/systrap/sysmsg/sighandler.built-in.bin.o
2026-10-06T17:03:57.5833029Z + awk '$2 ~ /^[tBCTA]$/ { print "var Sighandler_blob_offset__" $3 " = 0x" $1 }'
2026-10-06T17:03:58.3213589Z [1,424 / 4,908] GoToolchainBinaryBuild external/rules_go++go_sdk+main___download_0/builder [for tool]; 1s processwrapper-sandbox ... (4 actions, 3 running)
2026-10-06T17:03:58.8732842Z INFO: From Executing genrule //pkg/sentry/platform/systrap/sysmsg:sighandler_go [for tool]:
2026-10-06T17:03:58.8734052Z + set -e
2026-10-06T17:03:58.8734370Z + set -u
2026-10-06T17:03:58.8734669Z + FILE=sighandler
2026-10-06T17:03:58.8735009Z + NAME=Sighandler
2026-10-06T17:03:58.8735377Z + PREFIX=Sighandler_blob_offset__
2026-10-06T17:03:58.8735804Z + BLOB=Sighandler_blob
2026-10-06T17:03:58.8736673Z + OBJNAME=bazel-out/k8-opt-exec-ST-04c87098fb12/bin/pkg/sentry/platform/systrap/sysmsg/sighandler.built-in.bin.o
2026-10-06T17:03:58.8737779Z + AWK_CMD='$2 ~ /^[tBCTA]$/ { print "var Sighandler_blob_offset__" $3 " = 0x" $1 }'
2026-10-06T17:03:58.8738376Z + cat
2026-10-06T17:03:58.8739143Z + nm bazel-out/k8-opt-exec-ST-04c87098fb12/bin/pkg/sentry/platform/systrap/sysmsg/sighandler.built-in.bin.o
2026-10-06T17:03:58.8739985Z + grep __export_
2026-10-06T17:03:58.8740281Z + tr . _
2026-10-06T17:03:58.8740755Z + awk '$2 ~ /^[tBCTA]$/ { print "var Sighandler_blob_offset__" $3 " = 0x" $1 }'
2026-10-06T17:03:59.0951172Z INFO: From Executing genrule //pkg/sentry/platform/systrap/sysmsg:sighandler_go [for tool]:
2026-10-06T17:03:59.0952791Z + set -e
2026-10-06T17:03:59.0953270Z + set -u
2026-10-06T17:03:59.0953808Z + FILE=sighandler
2026-10-06T17:03:59.0954490Z + NAME=Sighandler
2026-10-06T17:03:59.0954901Z + PREFIX=Sighandler_blob_offset__
2026-10-06T17:03:59.0955345Z + BLOB=Sighandler_blob
2026-10-06T17:03:59.0956192Z + OBJNAME=bazel-out/aarch64-opt-exec-ST-c1691d43938d/bin/pkg/sentry/platform/systrap/sysmsg/sighandler.built-in.bin.o
2026-10-06T17:03:59.0957257Z + AWK_CMD='$2 ~ /^[tBCTA]$/ { print "var Sighandler_blob_offset__" $3 " = 0x" $1 }'
2026-10-06T17:03:59.0957850Z + cat
2026-10-06T17:03:59.0958137Z + grep __export_
2026-10-06T17:03:59.0958631Z + awk '$2 ~ /^[tBCTA]$/ { print "var Sighandler_blob_offset__" $3 " = 0x" $1 }'
2026-10-06T17:03:59.0959181Z + tr . _
2026-10-06T17:03:59.0960133Z + nm bazel-out/aarch64-opt-exec-ST-c1691d43938d/bin/pkg/sentry/platform/systrap/sysmsg/sighandler.built-in.bin.o
2026-10-06T17:03:59.3678818Z [1,622 / 5,288] GoToolchainBinaryBuild external/rules_go++go_sdk+main___download_0/builder [for tool]; 2s processwrapper-sandbox ... (2 actions running)
2026-10-06T17:04:00.3678512Z [1,623 / 5,288] GoToolchainBinaryBuild external/rules_go++go_sdk+main___download_0/builder [for tool]; 3s processwrapper-sandbox
2026-10-06T17:04:10.9047892Z [1,623 / 5,288] GoToolchainBinaryBuild external/rules_go++go_sdk+main___download_0/builder [for tool]; 14s processwrapper-sandbox
2026-10-06T17:04:16.2653655Z [1,624 / 5,288] [Prepa] Creating symlink external/rules_go++go_sdk+main___download_0/builder_reset/builder [for tool] ... (3 actions, 0 running)
2026-10-06T17:04:17.3718384Z [1,629 / 5,288] GoStdlib external/rules_go+/stdlib_/pkg [for tool]; 1s processwrapper-sandbox ... (4 actions running)
2026-10-06T17:04:27.9172597Z [1,629 / 5,288] GoStdlib external/rules_go+/stdlib_/pkg [for tool]; 11s processwrapper-sandbox ... (4 actions running)
2026-10-06T17:04:57.9364596Z [1,629 / 5,288] GoStdlib external/rules_go+/stdlib_/pkg [for tool]; 41s processwrapper-sandbox ... (4 actions running)
2026-10-06T17:05:29.4142814Z [1,631 / 5,288] GoStdlib external/rules_go+/stdlib_/pkg [for tool]; 73s processwrapper-sandbox ... (2 actions running)
2026-10-06T17:05:30.4153824Z [1,634 / 5,288] GoStdlib external/rules_go+/stdlib_/pkg [for tool]; 74s processwrapper-sandbox ... (4 actions running)
2026-10-06T17:05:31.4469000Z [1,638 / 5,288] GoStdlib external/rules_go+/stdlib_/pkg [for tool]; 75s processwrapper-sandbox ... (4 actions, 3 running)
2026-10-06T17:05:32.4842012Z [1,654 / 5,288] GoStdlib external/rules_go+/stdlib_/pkg [for tool]; 76s processwrapper-sandbox ... (4 actions, 3 running)
2026-10-06T17:05:33.5420869Z [1,667 / 5,288] GoStdlib external/rules_go+/stdlib_/pkg [for tool]; 77s processwrapper-sandbox ... (4 actions, 3 running)
2026-10-06T17:05:34.6332201Z [1,688 / 5,288] GoStdlib external/rules_go+/stdlib_/pkg [for tool]; 3s processwrapper-sandbox ... (4 actions, 3 running)
2026-10-06T17:05:35.7174682Z [1,700 / 5,288] GoStdlib external/rules_go+/stdlib_/pkg [for tool]; 5s processwrapper-sandbox ... (4 actions, 3 running)
2026-10-06T17:05:36.7641449Z [1,724 / 5,288] GoStdlib external/rules_go+/stdlib_/pkg [for tool]; 6s processwrapper-sandbox ... (4 actions, 3 running)
2026-10-06T17:05:37.9585688Z [1,733 / 5,288] GoStdlib external/rules_go+/stdlib_/pkg [for tool]; 7s processwrapper-sandbox ... (4 actions, 3 running)
2026-10-06T17:05:39.1588144Z [1,748 / 5,288] GoStdlib external/rules_go+/stdlib_/pkg [for tool]; 8s processwrapper-sandbox ... (4 actions, 3 running)
2026-10-06T17:05:40.2931131Z [1,752 / 5,288] GoStdlib external/rules_go+/stdlib_/pkg [for tool]; 9s processwrapper-sandbox ... (4 actions, 3 running)
2026-10-06T17:05:41.3162453Z [1,762 / 5,288] GoStdlib external/rules_go+/stdlib_/pkg [for tool]; 10s processwrapper-sandbox ... (4 actions, 3 running)
2026-10-06T17:05:42.4192618Z [1,774 / 5,288] GoStdlib external/rules_go+/stdlib_/pkg [for tool]; 11s processwrapper-sandbox ... (4 actions running)
2026-10-06T17:05:43.4208046Z [1,783 / 5,288] GoStdlib external/rules_go+/stdlib_/pkg [for tool]; 12s processwrapper-sandbox ... (4 actions running)
2026-10-06T17:05:44.4188689Z [1,791 / 5,288] GoStdlib external/rules_go+/stdlib_/pkg [for tool]; 13s processwrapper-sandbox ... (3 actions running)
2026-10-06T17:05:45.5562351Z [1,799 / 5,288] GoStdlib external/rules_go+/stdlib_/pkg [for tool]; 14s processwrapper-sandbox ... (4 actions, 3 running)
2026-10-06T17:05:46.6521065Z [1,806 / 5,288] GoStdlib external/rules_go+/stdlib_/pkg [for tool]; 15s processwrapper-sandbox ... (4 actions, 3 running)
2026-10-06T17:05:47.6588203Z [1,819 / 5,288] GoStdlib external/rules_go+/stdlib_/pkg [for tool]; 16s processwrapper-sandbox ... (4 actions, 3 running)
2026-10-06T17:05:48.6890519Z [1,838 / 5,288] GoStdlib external/rules_go+/stdlib_/pkg [for tool]; 17s processwrapper-sandbox ... (3 actions, 2 running)
2026-10-06T17:05:49.8495333Z [1,855 / 5,288] GoStdlib external/rules_go+/stdlib_/pkg [for tool]; 19s processwrapper-sandbox ... (4 actions, 3 running)
2026-10-06T17:05:50.9523022Z [1,873 / 5,288] GoStdlib external/rules_go+/stdlib_/pkg [for tool]; 20s processwrapper-sandbox ... (4 actions, 3 running)
2026-10-06T17:05:51.9965361Z [1,889 / 5,288] GoStdlib external/rules_go+/stdlib_/pkg [for tool]; 21s processwrapper-sandbox ... (4 actions, 3 running)
2026-10-06T17:05:53.0252765Z [1,909 / 5,288] GoStdlib external/rules_go+/stdlib_/pkg [for tool]; 22s processwrapper-sandbox ... (4 actions, 3 running)
2026-10-06T17:05:54.0883362Z [1,921 / 5,288] GoStdlib external/rules_go+/stdlib_/pkg [for tool]; 23s processwrapper-sandbox ... (4 actions, 3 running)
2026-10-06T17:05:55.3273147Z [1,932 / 5,288] GoStdlib external/rules_go+/stdlib_/pkg [for tool]; 24s processwrapper-sandbox ... (4 actions, 3 running)
2026-10-06T17:05:56.4067870Z [1,941 / 5,288] GoStdlib external/rules_go+/stdlib_/pkg [for tool]; 25s processwrapper-sandbox ... (4 actions, 3 running)
2026-10-06T17:05:57.4306936Z [1,942 / 5,288] GoStdlib external/rules_go+/stdlib_/pkg [for tool]; 26s processwrapper-sandbox ... (3 actions running)
2026-10-06T17:05:58.4574186Z INFO: From go_marshal: @@//pkg/sentry/loader:loader_abi_autogen [for tool]:
2026-10-06T17:05:58.4576219Z stdout (/tmp/helox-release-gvisor.dznipO/.cache/bazel/_bazel_builder/4b6d0a141320b0219057fe42e7e5bf79/execroot/_main/bazel-out/_tmp/actions/stdout-1942) 1818073 exceeds maximum size of --experimental_ui_max_stdouterr_bytes=1048576 bytes; skipping
2026-10-06T17:05:58.4664291Z [1,948 / 5,288] GoStdlib external/rules_go+/stdlib_/pkg [for tool]; 27s processwrapper-sandbox ... (3 actions, 2 running)
2026-10-06T17:05:59.5184214Z [1,984 / 5,288] GoStdlib external/rules_go+/stdlib_/pkg [for tool]; 28s processwrapper-sandbox ... (3 actions, 2 running)
2026-10-06T17:06:00.5451075Z [2,000 / 5,288] GoStdlib external/rules_go+/stdlib_/pkg [for tool]; 29s processwrapper-sandbox ... (3 actions, 2 running)
2026-10-06T17:06:01.6980806Z [2,015 / 5,288] GoStdlib external/rules_go+/stdlib_/pkg [for tool]; 30s processwrapper-sandbox ... (4 actions, 3 running)
2026-10-06T17:06:02.9138156Z [2,019 / 5,288] GoStdlib external/rules_go+/stdlib_/pkg [for tool]; 32s processwrapper-sandbox ... (4 actions, 3 running)
2026-10-06T17:06:03.5570418Z INFO: From go_marshal: @@//pkg/sentry/loader:loader_abi_autogen:
2026-10-06T17:06:03.5572566Z stdout (/tmp/helox-release-gvisor.dznipO/.cache/bazel/_bazel_builder/4b6d0a141320b0219057fe42e7e5bf79/execroot/_main/bazel-out/_tmp/actions/stdout-2018) 1818073 exceeds maximum size of --experimental_ui_max_stdouterr_bytes=1048576 bytes; skipping
2026-10-06T17:06:04.0412922Z [2,028 / 5,288] GoStdlib external/rules_go+/stdlib_/pkg [for tool]; 33s processwrapper-sandbox ... (4 actions, 3 running)
2026-10-06T17:06:05.0447987Z [2,085 / 5,288] GoStdlib external/rules_go+/stdlib_/pkg; 0s processwrapper-sandbox ... (4 actions, 3 running)
2026-10-06T17:06:06.0623524Z [2,152 / 5,288] GoStdlib external/rules_go+/stdlib_/pkg; 1s processwrapper-sandbox ... (4 actions, 3 running)
2026-10-06T17:06:07.0864517Z [2,223 / 5,288] GoStdlib external/rules_go+/stdlib_/pkg; 2s processwrapper-sandbox ... (4 actions, 3 running)
2026-10-06T17:06:08.0929085Z [2,266 / 5,288] GoStdlib external/rules_go+/stdlib_/pkg; 3s processwrapper-sandbox ... (4 actions, 3 running)
2026-10-06T17:06:09.0950939Z [2,343 / 5,288] GoStdlib external/rules_go+/stdlib_/pkg; 4s processwrapper-sandbox ... (4 actions, 3 running)
2026-10-06T17:06:10.1042827Z [2,402 / 5,288] GoStdlib external/rules_go+/stdlib_/pkg; 5s processwrapper-sandbox ... (4 actions, 3 running)
2026-10-06T17:06:11.1275962Z [2,463 / 5,288] GoStdlib external/rules_go+/stdlib_/pkg; 6s processwrapper-sandbox ... (4 actions, 3 running)
2026-10-06T17:06:12.1562784Z [2,498 / 5,288] GoStdlib external/rules_go+/stdlib_/pkg; 7s processwrapper-sandbox ... (4 actions, 3 running)
2026-10-06T17:06:13.1573324Z [2,542 / 5,288] GoStdlib external/rules_go+/stdlib_/pkg; 8s processwrapper-sandbox ... (4 actions, 3 running)
2026-10-06T17:06:14.1984227Z [2,579 / 5,288] GoStdlib external/rules_go+/stdlib_/pkg; 9s processwrapper-sandbox ... (4 actions, 3 running)
2026-10-06T17:06:15.2237707Z [2,609 / 5,288] GoStdlib external/rules_go+/stdlib_/pkg; 10s processwrapper-sandbox ... (4 actions, 3 running)
2026-10-06T17:06:16.2370666Z [2,650 / 5,288] GoStdlib external/rules_go+/stdlib_/pkg; 11s processwrapper-sandbox ... (4 actions, 3 running)
2026-10-06T17:06:17.2452796Z [2,700 / 5,288] GoStdlib external/rules_go+/stdlib_/pkg; 12s processwrapper-sandbox ... (4 actions, 3 running)
2026-10-06T17:06:18.2667267Z [2,746 / 5,288] GoStdlib external/rules_go+/stdlib_/pkg; 13s processwrapper-sandbox ... (4 actions, 3 running)
2026-10-06T17:06:19.2765243Z [2,787 / 5,288] GoStdlib external/rules_go+/stdlib_/pkg; 14s processwrapper-sandbox ... (4 actions, 3 running)
2026-10-06T17:06:20.3068999Z [2,824 / 5,288] GoStdlib external/rules_go+/stdlib_/pkg; 15s processwrapper-sandbox ... (4 actions, 3 running)
2026-10-06T17:06:21.3788516Z [2,844 / 5,288] GoStdlib external/rules_go+/stdlib_/pkg; 16s processwrapper-sandbox ... (4 actions, 3 running)
2026-10-06T17:06:22.4487728Z [2,857 / 5,288] GoStdlib external/rules_go+/stdlib_/pkg; 17s processwrapper-sandbox ... (4 actions running)
2026-10-06T17:06:23.4804324Z [2,864 / 5,288] GoStdlib external/rules_go+/stdlib_/pkg; 18s processwrapper-sandbox ... (4 actions, 3 running)
2026-10-06T17:06:24.4812615Z [2,905 / 5,288] GoStdlib external/rules_go+/stdlib_/pkg; 19s processwrapper-sandbox ... (4 actions running)
2026-10-06T17:06:25.4863590Z [2,943 / 5,288] GoStdlib external/rules_go+/stdlib_/pkg; 20s processwrapper-sandbox ... (4 actions, 3 running)
2026-10-06T17:06:26.4903045Z [2,976 / 5,288] GoStdlib external/rules_go+/stdlib_/pkg; 21s processwrapper-sandbox ... (4 actions, 3 running)
2026-10-06T17:06:27.5152807Z [3,008 / 5,288] GoStdlib external/rules_go+/stdlib_/pkg; 22s processwrapper-sandbox ... (4 actions, 3 running)
2026-10-06T17:06:28.5331476Z [3,052 / 5,288] GoStdlib external/rules_go+/stdlib_/pkg; 23s processwrapper-sandbox ... (4 actions, 3 running)
2026-10-06T17:06:29.5437124Z [3,086 / 5,288] GoStdlib external/rules_go+/stdlib_/pkg; 24s processwrapper-sandbox ... (4 actions, 3 running)
2026-10-06T17:06:30.5503124Z [3,123 / 5,288] GoStdlib external/rules_go+/stdlib_/pkg; 25s processwrapper-sandbox ... (4 actions, 3 running)
2026-10-06T17:06:31.5724741Z [3,157 / 5,288] GoStdlib external/rules_go+/stdlib_/pkg; 26s processwrapper-sandbox ... (4 actions, 3 running)
2026-10-06T17:06:32.5898877Z [3,196 / 5,288] GoStdlib external/rules_go+/stdlib_/pkg; 27s processwrapper-sandbox ... (4 actions, 3 running)
2026-10-06T17:06:33.6052177Z [3,235 / 5,288] GoStdlib external/rules_go+/stdlib_/pkg; 28s processwrapper-sandbox ... (4 actions, 3 running)
2026-10-06T17:06:34.6282837Z [3,274 / 5,288] GoStdlib external/rules_go+/stdlib_/pkg; 29s processwrapper-sandbox ... (4 actions, 3 running)
2026-10-06T17:06:35.6349377Z [3,324 / 5,288] GoStdlib external/rules_go+/stdlib_/pkg; 30s processwrapper-sandbox ... (4 actions, 3 running)
2026-10-06T17:06:36.6513099Z [3,368 / 5,288] GoStdlib external/rules_go+/stdlib_/pkg; 0s processwrapper-sandbox ... (4 actions, 3 running)
2026-10-06T17:06:37.6519315Z [3,409 / 5,288] GoStdlib external/rules_go+/stdlib_/pkg; 1s processwrapper-sandbox ... (4 actions, 3 running)
2026-10-06T17:06:38.6672152Z [3,455 / 5,288] GoStdlib external/rules_go+/stdlib_/pkg; 2s processwrapper-sandbox ... (4 actions, 3 running)
2026-10-06T17:06:39.7686961Z [3,486 / 5,288] GoStdlib external/rules_go+/stdlib_/pkg; 3s processwrapper-sandbox ... (4 actions, 3 running)
2026-10-06T17:06:40.7858818Z [3,534 / 5,288] GoStdlib external/rules_go+/stdlib_/pkg; 4s processwrapper-sandbox ... (4 actions, 3 running)
2026-10-06T17:06:41.7864123Z [3,594 / 5,288] GoStdlib external/rules_go+/stdlib_/pkg; 5s processwrapper-sandbox ... (4 actions, 3 running)
2026-10-06T17:06:42.7973682Z [3,623 / 5,288] GoStdlib external/rules_go+/stdlib_/pkg; 6s processwrapper-sandbox ... (4 actions, 3 running)
2026-10-06T17:06:43.8542084Z [3,646 / 5,288] GoStdlib external/rules_go+/stdlib_/pkg; 7s processwrapper-sandbox ... (4 actions, 3 running)
2026-10-06T17:06:44.9240859Z [3,683 / 5,288] GoStdlib external/rules_go+/stdlib_/pkg; 8s processwrapper-sandbox ... (4 actions, 3 running)
2026-10-06T17:06:45.9502994Z [3,715 / 5,288] GoStdlib external/rules_go+/stdlib_/pkg; 9s processwrapper-sandbox ... (4 actions, 3 running)
2026-10-06T17:06:47.1594666Z [3,733 / 5,288] GoStdlib external/rules_go+/stdlib_/pkg; 10s processwrapper-sandbox ... (4 actions, 3 running)
2026-10-06T17:06:48.1795582Z [3,738 / 5,288] GoStdlib external/rules_go+/stdlib_/pkg; 11s processwrapper-sandbox ... (4 actions, 3 running)
2026-10-06T17:06:49.4663990Z [3,742 / 5,288] GoStdlib external/rules_go+/stdlib_/pkg; 12s processwrapper-sandbox ... (4 actions running)
2026-10-06T17:06:50.6238558Z [3,745 / 5,288] GoStdlib external/rules_go+/stdlib_/pkg; 14s processwrapper-sandbox ... (4 actions, 3 running)
2026-10-06T17:06:51.6982460Z [3,751 / 5,288] GoStdlib external/rules_go+/stdlib_/pkg; 15s processwrapper-sandbox ... (4 actions, 3 running)
2026-10-06T17:06:52.8821219Z [3,757 / 5,288] GoStdlib external/rules_go+/stdlib_/pkg; 16s processwrapper-sandbox ... (4 actions, 3 running)
2026-10-06T17:06:54.3947375Z [3,760 / 5,288] GoStdlib external/rules_go+/stdlib_/pkg; 17s processwrapper-sandbox ... (4 actions, 3 running)
2026-10-06T17:06:55.4672980Z [3,766 / 5,288] GoStdlib external/rules_go+/stdlib_/pkg; 18s processwrapper-sandbox ... (4 actions running)
2026-10-06T17:06:56.7317595Z [3,778 / 5,288] GoStdlib external/rules_go+/stdlib_/pkg; 20s processwrapper-sandbox ... (4 actions, 3 running)
2026-10-06T17:06:57.7430718Z [3,788 / 5,288] GoStdlib external/rules_go+/stdlib_/pkg; 21s processwrapper-sandbox ... (4 actions, 3 running)
2026-10-06T17:06:58.7946335Z [3,796 / 5,288] GoStdlib external/rules_go+/stdlib_/pkg; 22s processwrapper-sandbox ... (4 actions, 3 running)
2026-10-06T17:06:59.8527415Z [3,803 / 5,288] GoStdlib external/rules_go+/stdlib_/pkg; 23s processwrapper-sandbox ... (4 actions, 3 running)
2026-10-06T17:07:01.0740953Z [3,810 / 5,288] GoStdlib external/rules_go+/stdlib_/pkg; 24s processwrapper-sandbox ... (4 actions, 3 running)
2026-10-06T17:07:02.2026732Z [3,814 / 5,288] GoStdlib external/rules_go+/stdlib_/pkg; 25s processwrapper-sandbox ... (4 actions, 3 running)
2026-10-06T17:07:03.2334180Z [3,819 / 5,288] GoStdlib external/rules_go+/stdlib_/pkg; 26s processwrapper-sandbox ... (4 actions, 3 running)
2026-10-06T17:07:04.4753519Z [3,822 / 5,288] GoStdlib external/rules_go+/stdlib_/pkg; 27s processwrapper-sandbox ... (4 actions running)
2026-10-06T17:07:05.5490654Z [3,825 / 5,288] GoStdlib external/rules_go+/stdlib_/pkg; 28s processwrapper-sandbox ... (4 actions, 3 running)
2026-10-06T17:07:06.5633227Z [3,827 / 5,288] GoStdlib external/rules_go+/stdlib_/pkg; 29s processwrapper-sandbox ... (4 actions, 3 running)
2026-10-06T17:07:07.6171950Z [3,832 / 5,288] GoStdlib external/rules_go+/stdlib_/pkg; 31s processwrapper-sandbox ... (4 actions, 3 running)
2026-10-06T17:07:08.6871536Z [3,846 / 5,288] GoImports pkg/hosttid/hosttid_state_autogen_with_imports.go; 0s processwrapper-sandbox ... (3 actions, 2 running)
2026-10-06T17:07:09.7525337Z [3,872 / 5,288] GoCompilePkg external/gazelle++go_deps+com_github_envoyproxy_go_control_plane_envoy/extensions/filters/network/http_connection_manager/v3/http_connection_manager.a; 0s processwrapper-sandbox ... (4 actions, 3 running)
2026-10-06T17:07:10.7590328Z [3,902 / 5,288] GoCompilePkg external/gazelle++go_deps+com_github_envoyproxy_go_control_plane_envoy/config/listener/v3/listener.a; 0s processwrapper-sandbox ... (4 actions, 3 running)
2026-10-06T17:07:11.7593860Z [3,930 / 5,288] GoCompilePkg external/gazelle++go_deps+org_golang_google_grpc/internal/xds/balancer/priority/priority.a; 0s processwrapper-sandbox ... (4 actions, 3 running)
2026-10-06T17:07:12.7792379Z [3,955 / 5,288] GoCompilePkg external/gazelle++go_deps+com_github_containerd_containerd_api/runtime/task/v2/task.a; 0s processwrapper-sandbox ... (3 actions, 2 running)
2026-10-06T17:07:13.8124512Z [3,974 / 5,288] GoCompilePkg external/gazelle++go_deps+com_github_envoyproxy_go_control_plane_envoy/admin/v3/admin.a; 1s processwrapper-sandbox ... (4 actions, 3 running)
2026-10-06T17:07:14.9636858Z [3,992 / 5,288] GoCompilePkg external/gazelle++go_deps+org_golang_google_grpc/grpc.a; 0s processwrapper-sandbox ... (4 actions, 3 running)
2026-10-06T17:07:15.9661758Z [4,011 / 5,288] GoImports pkg/usermem/usermem_unsafe_state_autogen_with_imports.go; 0s processwrapper-sandbox ... (4 actions, 3 running)
2026-10-06T17:07:16.9944139Z [4,032 / 5,288] GoCompilePkg external/gazelle++go_deps+com_google_cloud_go_monitoring/apiv3/v2/monitoringpb/monitoringpb.a; 1s processwrapper-sandbox ... (4 actions, 3 running)
2026-10-06T17:07:17.9933875Z [4,056 / 5,288] GoCompilePkg external/gazelle++go_deps+com_google_cloud_go_iam/iam.a; 0s processwrapper-sandbox ... (4 actions, 3 running)
2026-10-06T17:07:19.0203298Z [4,083 / 5,288] GoImports pkg/tcpip/network/hash/hash_state_autogen_with_imports.go; 0s processwrapper-sandbox ... (3 actions, 2 running)
2026-10-06T17:07:20.0333525Z [4,110 / 5,288] GoCompilePkg external/gazelle++go_deps+org_golang_google_grpc/internal/proto/grpc_lookup_v1/grpc_lookup_v1.a; 0s processwrapper-sandbox ... (4 actions, 3 running)
2026-10-06T17:07:21.0483127Z [4,137 / 5,288] GoCompilePkg external/gazelle++go_deps+org_golang_google_grpc/internal/xds/clients/lrsclient/lrsclient.a; 0s processwrapper-sandbox ... (4 actions, 3 running)
2026-10-06T17:07:22.0650750Z [4,161 / 5,288] GoCompilePkg external/gazelle++go_deps+org_golang_google_grpc/orca/orca.a; 0s processwrapper-sandbox ... (4 actions, 3 running)
2026-10-06T17:07:23.0893002Z [4,178 / 5,288] GoLink tools/nogo/nogo_/nogo [for tool]; 0s processwrapper-sandbox ... (4 actions, 3 running)
2026-10-06T17:07:24.1226734Z [4,191 / 5,288] Analyzing Go Standard Library [for tool]; 0s local ... (3 actions, 2 running)
2026-10-06T17:07:25.2059869Z [4,206 / 5,288] Analyzing Go Standard Library [for tool]; 2s local ... (4 actions, 2 running)
2026-10-06T17:07:26.2521930Z [4,226 / 5,288] Analyzing Go Standard Library [for tool]; 3s local ... (3 actions, 2 running)
2026-10-06T17:07:27.2972166Z [4,246 / 5,288] Analyzing Go Standard Library [for tool]; 4s local ... (4 actions, 3 running)
2026-10-06T17:07:28.3577707Z [4,262 / 5,288] Analyzing Go Standard Library [for tool]; 5s local ... (4 actions, 3 running)
2026-10-06T17:07:29.4852442Z [4,276 / 5,288] Analyzing Go Standard Library [for tool]; 6s local ... (4 actions running)
2026-10-06T17:07:30.4866894Z [4,283 / 5,288] Analyzing Go Standard Library [for tool]; 7s local ... (3 actions running)
2026-10-06T17:07:31.5635193Z [4,292 / 5,288] Analyzing Go Standard Library [for tool]; 8s local ... (4 actions, 3 running)
2026-10-06T17:07:32.7042513Z [4,303 / 5,288] Analyzing Go Standard Library [for tool]; 9s local ... (4 actions, 3 running)
2026-10-06T17:07:33.8181621Z [4,310 / 5,288] Analyzing Go Standard Library [for tool]; 10s local ... (4 actions, 3 running)
2026-10-06T17:07:34.8832257Z [4,319 / 5,288] Analyzing Go Standard Library [for tool]; 11s local ... (4 actions, 3 running)
2026-10-06T17:07:35.9245281Z [4,328 / 5,288] Analyzing Go Standard Library [for tool]; 12s local ... (4 actions, 3 running)
2026-10-06T17:07:37.0221570Z [4,345 / 5,288] Analyzing Go Standard Library [for tool]; 13s local ... (4 actions, 3 running)
2026-10-06T17:07:38.0910281Z [4,355 / 5,288] Analyzing Go Standard Library [for tool]; 14s local ... (4 actions, 3 running)
2026-10-06T17:07:39.1921939Z [4,370 / 5,288] Analyzing Go Standard Library [for tool]; 16s local ... (3 actions, 2 running)
2026-10-06T17:07:40.2415831Z [4,387 / 5,288] Analyzing Go Standard Library [for tool]; 17s local ... (4 actions, 3 running)
2026-10-06T17:07:41.4411980Z [4,401 / 5,288] Analyzing Go Standard Library [for tool]; 18s local ... (4 actions, 3 running)
2026-10-06T17:07:42.4859898Z [4,415 / 5,288] Analyzing Go Standard Library [for tool]; 19s local ... (4 actions running)
2026-10-06T17:07:43.4867635Z [4,426 / 5,288] Analyzing Go Standard Library [for tool]; 20s local ... (4 actions running)
2026-10-06T17:07:44.4926197Z [4,438 / 5,288] Analyzing Go Standard Library [for tool]; 21s local ... (4 actions running)
2026-10-06T17:07:45.4929577Z [4,449 / 5,288] Analyzing Go Standard Library [for tool]; 22s local ... (3 actions running)
2026-10-06T17:07:46.5058335Z [4,465 / 5,288] Analyzing Go Standard Library [for tool]; 23s local ... (4 actions, 3 running)
2026-10-06T17:07:47.5269938Z [4,478 / 5,288] Analyzing Go Standard Library [for tool]; 24s local ... (4 actions, 3 running)
2026-10-06T17:07:48.5461117Z [4,492 / 5,288] Analyzing Go Standard Library [for tool]; 25s local ... (4 actions, 3 running)
2026-10-06T17:07:49.5590216Z [4,505 / 5,288] Analyzing Go Standard Library [for tool]; 26s local ... (4 actions, 3 running)
2026-10-06T17:07:50.5703704Z [4,519 / 5,288] Analyzing Go Standard Library [for tool]; 27s local ... (4 actions, 3 running)
2026-10-06T17:07:51.6133343Z [4,534 / 5,288] Analyzing Go Standard Library [for tool]; 28s local ... (4 actions, 3 running)
2026-10-06T17:07:52.6446833Z [4,549 / 5,288] Analyzing Go Standard Library [for tool]; 29s local ... (4 actions, 3 running)
2026-10-06T17:07:53.7568590Z [4,565 / 5,288] Analyzing Go Standard Library [for tool]; 30s local ... (4 actions, 3 running)
2026-10-06T17:07:54.7965418Z [4,578 / 5,288] Analyzing Go Standard Library [for tool]; 31s local ... (4 actions, 3 running)
2026-10-06T17:07:55.9140562Z [4,591 / 5,288] Analyzing Go Standard Library [for tool]; 32s local ... (3 actions, 2 running)
2026-10-06T17:07:57.0209432Z [4,607 / 5,288] Analyzing Go Standard Library [for tool]; 33s local ... (4 actions, 3 running)
2026-10-06T17:07:58.0484039Z [4,622 / 5,288] Analyzing Go Standard Library [for tool]; 34s local ... (4 actions, 3 running)
2026-10-06T17:07:59.0582698Z [4,637 / 5,288] Analyzing Go Standard Library [for tool]; 35s local ... (4 actions, 3 running)
2026-10-06T17:08:00.0727312Z [4,653 / 5,288] Analyzing Go Standard Library [for tool]; 36s local ... (4 actions, 2 running)
2026-10-06T17:08:01.0989831Z [4,667 / 5,288] Analyzing Go Standard Library [for tool]; 37s local ... (4 actions, 3 running)
2026-10-06T17:08:02.2185540Z [4,682 / 5,288] Analyzing Go Standard Library [for tool]; 39s local ... (3 actions, 2 running)
2026-10-06T17:08:03.2643714Z [4,695 / 5,288] Analyzing Go Standard Library [for tool]; 40s local ... (3 actions, 2 running)
2026-10-06T17:08:04.2792977Z [4,706 / 5,288] Analyzing Go Standard Library [for tool]; 41s local ... (4 actions, 3 running)
2026-10-06T17:08:05.3537189Z [4,720 / 5,288] Analyzing Go Standard Library [for tool]; 42s local ... (4 actions, 3 running)
2026-10-06T17:08:06.3527329Z [4,734 / 5,288] Analyzing Go Standard Library [for tool]; 43s local ... (4 actions, 3 running)
2026-10-06T17:08:07.4041928Z [4,749 / 5,288] Analyzing Go Standard Library [for tool]; 44s local ... (4 actions, 3 running)
2026-10-06T17:08:08.4662664Z [4,763 / 5,288] Analyzing Go Standard Library [for tool]; 45s local ... (4 actions, 3 running)
2026-10-06T17:08:09.4680851Z [4,774 / 5,288] Analyzing Go Standard Library [for tool]; 46s local ... (4 actions, 3 running)
2026-10-06T17:08:10.5066958Z [4,779 / 5,288] Analyzing Go Standard Library [for tool]; 47s local ... (4 actions running)
2026-10-06T17:08:11.5316585Z [4,788 / 5,288] Analyzing Go Standard Library [for tool]; 48s local ... (4 actions, 3 running)
2026-10-06T17:08:12.5313849Z [4,801 / 5,288] Analyzing Go Standard Library [for tool]; 49s local ... (4 actions, 3 running)
2026-10-06T17:08:13.5688603Z [4,815 / 5,288] Analyzing Go Standard Library [for tool]; 50s local ... (4 actions, 3 running)
2026-10-06T17:08:14.6682293Z [4,827 / 5,288] Analyzing Go Standard Library [for tool]; 51s local ... (4 actions, 3 running)
2026-10-06T17:08:16.5057460Z [4,832 / 5,288] Analyzing Go Standard Library [for tool]; 53s local ... (4 actions running)
2026-10-06T17:08:17.5083938Z [4,833 / 5,288] Analyzing Go Standard Library [for tool]; 54s local ... (4 actions running)
2026-10-06T17:08:18.5121396Z [4,834 / 5,288] Analyzing Go Standard Library [for tool]; 55s local ... (4 actions running)
2026-10-06T17:08:29.0227997Z [4,834 / 5,288] Analyzing Go Standard Library [for tool]; 65s local ... (4 actions running)
2026-10-06T17:08:59.0329334Z [4,834 / 5,288] Analyzing Go Standard Library [for tool]; 95s local ... (4 actions running)
2026-10-06T17:09:59.0541190Z [4,834 / 5,288] Analyzing Go Standard Library [for tool]; 155s local ... (4 actions running)
2026-10-06T17:10:07.4869698Z INFO: From Analyzing Go Standard Library [for tool]:
2026-10-06T17:10:07.4910336Z error resolving GOVERSION: open <source file src/go.mod>: no such file or directory
2026-10-06T17:10:07.5510697Z [4,835 / 5,288] Analyzing Go Standard Library; 147s local ... (4 actions, 3 running)
2026-10-06T17:10:08.5545617Z [4,836 / 5,288] Analyzing Go Standard Library; 148s local ... (4 actions running)
2026-10-06T17:10:11.2596460Z INFO: From Analyzing Go Standard Library:
2026-10-06T17:10:11.2597680Z error resolving GOVERSION: open <source file src/go.mod>: no such file or directory
2026-10-06T17:10:11.2975743Z [4,837 / 5,288] Analyzing Go Standard Library; 116s local ... (4 actions, 3 running)
2026-10-06T17:10:12.5552106Z [4,841 / 5,288] Analyzing Go Standard Library; 117s local ... (4 actions running)
2026-10-06T17:10:23.0634432Z [4,841 / 5,288] Analyzing Go Standard Library; 128s local ... (4 actions running)
2026-10-06T17:10:48.5040873Z INFO: From Analyzing Go Standard Library:
2026-10-06T17:10:48.5044105Z error resolving GOVERSION: open <source file src/go.mod>: no such file or directory
2026-10-06T17:10:48.5395245Z [4,842 / 5,288] Analyzing Go Standard Library [for tool]; 150s local ... (4 actions, 3 running)
2026-10-06T17:10:49.5628862Z [4,850 / 5,288] Analyzing Go Standard Library [for tool]; 151s local ... (4 actions running)
2026-10-06T17:10:50.5666518Z [4,852 / 5,288] Analyzing Go Standard Library [for tool]; 152s local ... (4 actions running)
2026-10-06T17:10:51.5184724Z INFO: From Analyzing Go Standard Library [for tool]:
2026-10-06T17:10:51.5185873Z error resolving GOVERSION: open <source file src/go.mod>: no such file or directory
2026-10-06T17:10:51.5693706Z [4,858 / 5,288] Analyzing Go Standard Library; 43s local ... (4 actions, 3 running)
2026-10-06T17:10:52.5738705Z [4,867 / 5,288] Analyzing Go Standard Library; 44s local ... (4 actions running)
2026-10-06T17:10:53.6025448Z [4,870 / 5,288] Analyzing Go Standard Library; 45s local ... (4 actions, 3 running)
2026-10-06T17:10:55.5737245Z [4,876 / 5,288] Analyzing Go Standard Library; 47s local ... (2 actions running)
2026-10-06T17:11:04.0750097Z [4,876 / 5,288] Analyzing Go Standard Library; 56s local ... (2 actions running)
2026-10-06T17:11:34.0823103Z [4,876 / 5,288] Analyzing Go Standard Library; 86s local ... (2 actions running)
2026-10-06T17:11:54.8395545Z INFO: From Analyzing Go Standard Library:
2026-10-06T17:11:54.8396640Z error resolving GOVERSION: open <source file src/go.mod>: no such file or directory
2026-10-06T17:11:54.8632710Z [4,877 / 5,288] Analyzing Go Standard Library [for tool]; 103s local ... (3 actions, 1 running)
2026-10-06T17:11:55.8733448Z [4,898 / 5,288] Analyzing Go Standard Library [for tool]; 104s local ... (4 actions, 3 running)
2026-10-06T17:11:56.8809838Z [4,913 / 5,288] Analyzing Go Standard Library [for tool]; 105s local ... (4 actions, 3 running)
2026-10-06T17:11:57.9061785Z [4,918 / 5,288] Analyzing Go Standard Library [for tool]; 106s local ... (3 actions, 2 running)
2026-10-06T17:11:58.0795409Z INFO: From Analyzing Go Standard Library [for tool]:
2026-10-06T17:11:58.0907418Z error resolving GOVERSION: open <source file src/go.mod>: no such file or directory
2026-10-06T17:11:58.9184001Z [4,928 / 5,288] GoCompilePkg pkg/abi/linux/linux.a; 3s processwrapper-sandbox ... (4 actions, 3 running)
2026-10-06T17:12:00.0127990Z [4,945 / 5,288] Analyzing @@//pkg/state:state [for tool]; 1s local ... (4 actions, 3 running)
2026-10-06T17:12:01.0550447Z [4,972 / 5,288] GoCompilePkg pkg/sentry/ktime/ktime.a; 0s processwrapper-sandbox ... (4 actions, 3 running)
2026-10-06T17:12:02.0766529Z [4,997 / 5,288] GoCompilePkg pkg/tcpip/transport/raw/raw.a; 0s processwrapper-sandbox ... (4 actions, 3 running)
2026-10-06T17:12:03.1874502Z [5,013 / 5,288] GoCompilePkg pkg/tcpip/nftables/nftables.a; 0s processwrapper-sandbox ... (4 actions, 3 running)
2026-10-06T17:12:04.3161657Z [5,027 / 5,288] GoCompilePkg pkg/tcpip/tcpip.a [for tool]; 0s processwrapper-sandbox ... (4 actions, 3 running)
2026-10-06T17:12:05.4164660Z [5,039 / 5,288] GoCompilePkg pkg/tcpip/transport/tcp/tcp.a; 1s processwrapper-sandbox ... (4 actions, 3 running)
2026-10-06T17:12:06.4391733Z [5,049 / 5,288] GoCompilePkg pkg/tcpip/stack/stack.a [for tool]; 0s processwrapper-sandbox ... (4 actions, 3 running)
2026-10-06T17:12:07.4616393Z [5,055 / 5,288] GoCompilePkg pkg/tcpip/stack/stack.a [for tool]; 1s processwrapper-sandbox ... (4 actions, 3 running)
2026-10-06T17:12:08.4957186Z [5,065 / 5,288] GoCompilePkg pkg/abi/linux/linux.a [for tool]; 2s processwrapper-sandbox ... (3 actions, 2 running)
2026-10-06T17:12:09.5982768Z [5,071 / 5,288] GoCompilePkg pkg/abi/linux/linux.a [for tool]; 3s processwrapper-sandbox ... (2 actions running)
2026-10-06T17:12:10.7087947Z [5,087 / 5,288] GoCompilePkg pkg/sentry/vfs/vfs.a; 1s processwrapper-sandbox ... (4 actions, 3 running)
2026-10-06T17:12:11.7114368Z [5,105 / 5,288] GoCompilePkg pkg/sentry/fsimpl/ebpffd/ebpffd.a; 0s processwrapper-sandbox ... (4 actions, 3 running)
2026-10-06T17:12:12.8186085Z [5,123 / 5,288] GoCompilePkg pkg/sentry/fsimpl/overlay/overlay.a; 0s processwrapper-sandbox ... (4 actions, 3 running)
2026-10-06T17:12:14.1661801Z [5,131 / 5,288] GoCompilePkg pkg/lisafs/lisafs.a [for tool]; 1s processwrapper-sandbox ... (4 actions, 3 running)
2026-10-06T17:12:15.1894589Z [5,140 / 5,288] GoCompilePkg pkg/sentry/loader/loader.a; 0s processwrapper-sandbox ... (3 actions, 2 running)
2026-10-06T17:12:16.3925217Z [5,144 / 5,288] GoCompilePkg pkg/sentry/vfs/vfs.a [for tool]; 0s processwrapper-sandbox ... (4 actions, 3 running)
2026-10-06T17:12:17.4362128Z [5,148 / 5,288] GoCompilePkg pkg/sentry/fsimpl/tmpfs/tmpfs.a; 1s processwrapper-sandbox ... (4 actions, 3 running)
2026-10-06T17:12:18.5430951Z [5,161 / 5,288] GoCompilePkg pkg/sentry/kernel/kernel.a; 0s processwrapper-sandbox ... (4 actions, 3 running)
2026-10-06T17:12:19.6008171Z [5,166 / 5,288] GoCompilePkg pkg/sentry/kernel/kernel.a; 1s processwrapper-sandbox ... (2 actions running)
2026-10-06T17:12:20.6062995Z [5,168 / 5,288] GoCompilePkg pkg/sentry/kernel/kernel.a; 2s processwrapper-sandbox ... (2 actions running)
2026-10-06T17:12:21.6070256Z [5,172 / 5,288] GoCompilePkg pkg/sentry/fsimpl/tmpfs/tmpfs.a [for tool]; 0s processwrapper-sandbox ... (4 actions, 3 running)
2026-10-06T17:12:22.6780391Z [5,178 / 5,288] GoCompilePkg pkg/sentry/fsimpl/nsfs/nsfs.a [for tool]; 0s processwrapper-sandbox ... (4 actions, 3 running)
2026-10-06T17:12:23.6928134Z [5,185 / 5,288] GoCompilePkg pkg/sentry/kernel/kernel.a [for tool]; 0s processwrapper-sandbox ... (4 actions, 3 running)
2026-10-06T17:12:25.1331526Z [5,188 / 5,288] GoCompilePkg pkg/sentry/kernel/kernel.a [for tool]; 1s processwrapper-sandbox ... (4 actions, 3 running)
2026-10-06T17:12:26.4479930Z [5,193 / 5,288] GoCompilePkg pkg/sentry/kernel/kernel.a [for tool]; 3s processwrapper-sandbox ... (4 actions, 3 running)
2026-10-06T17:12:27.6050507Z [5,196 / 5,288] GoCompilePkg pkg/sentry/kernel/kernel.a [for tool]; 4s processwrapper-sandbox ... (4 actions running)
2026-10-06T17:12:28.6100084Z [5,201 / 5,288] GoCompilePkg pkg/sentry/devices/nvproxy/nvproxy.a; 2s processwrapper-sandbox ... (4 actions running)
2026-10-06T17:12:29.6080352Z [5,206 / 5,288] GoCompilePkg pkg/sentry/devices/nvproxy/nvproxy.a [for tool]; 1s processwrapper-sandbox ... (4 actions, 3 running)
2026-10-06T17:12:30.6115905Z [5,207 / 5,288] GoCompilePkg pkg/sentry/devices/nvproxy/nvproxy.a [for tool]; 2s processwrapper-sandbox ... (4 actions running)
2026-10-06T17:12:31.6422395Z [5,212 / 5,288] GoCompilePkg pkg/sentry/fsimpl/proc/proc.a; 2s processwrapper-sandbox ... (4 actions, 3 running)
2026-10-06T17:12:32.7268812Z [5,216 / 5,288] GoCompilePkg pkg/sentry/fsimpl/proc/proc.a; 3s processwrapper-sandbox ... (4 actions, 3 running)
2026-10-06T17:12:33.9244695Z [5,219 / 5,288] GoCompilePkg pkg/sentry/fsimpl/gofer/gofer.a; 1s processwrapper-sandbox ... (4 actions, 3 running)
2026-10-06T17:12:34.9522720Z [5,228 / 5,288] GoCompilePkg pkg/sentry/platform/systrap/usertrap/usertrap.a [for tool]; 0s processwrapper-sandbox ... (4 actions, 3 running)
2026-10-06T17:12:36.6124577Z [5,235 / 5,288] GoCompilePkg pkg/sentry/syscalls/linux/linux.a; 1s processwrapper-sandbox ... (2 actions running)
2026-10-06T17:12:37.6234986Z [5,244 / 5,288] GoLink runsc/boot/filter/filter_precompiled_gen_bin_/filter_precompiled_gen_bin [for tool]; 0s processwrapper-sandbox ... (4 actions, 3 running)
2026-10-06T17:12:38.8493659Z [5,254 / 5,288] GoCompilePkg runsc/checkpointgofer/checkpointgofer_binary.a; 1s processwrapper-sandbox ... (3 actions, 2 running)
2026-10-06T17:12:40.6142723Z [5,259 / 5,288] Executing genrule //runsc/boot/filter:filter_precompiled; 2s processwrapper-sandbox ... (3 actions running)
2026-10-06T17:12:42.4470606Z [5,261 / 5,288] Executing genrule //runsc/boot/filter:filter_precompiled; 4s processwrapper-sandbox ... (2 actions, 1 running)
2026-10-06T17:12:43.6152010Z [5,261 / 5,288] Executing genrule //runsc/boot/filter:filter_precompiled; 5s processwrapper-sandbox ... (2 actions running)
2026-10-06T17:12:52.2460749Z [5,262 / 5,288] Executing genrule //runsc/boot/filter:filter_precompiled; 14s processwrapper-sandbox ... (2 actions, 1 running)
2026-10-06T17:12:53.6178335Z [5,263 / 5,288] Executing genrule //runsc/boot/filter:filter_precompiled; 15s processwrapper-sandbox
2026-10-06T17:13:03.6522000Z [5,264 / 5,288] [Prepa] Generating state library @@//runsc/boot/filter:filter_state_autogen_with_imports
2026-10-06T17:13:05.6192875Z [5,266 / 5,288] GoCompilePkg runsc/boot/filter/filter.a; 1s processwrapper-sandbox
2026-10-06T17:13:07.1172341Z [5,267 / 5,288] [Prepa] GoCompilePkg runsc/boot/boot.a
2026-10-06T17:13:08.1425391Z [5,269 / 5,288] GoCompilePkg runsc/sandbox/sandbox.a; 0s processwrapper-sandbox ... (2 actions, 1 running)
2026-10-06T17:13:09.1512767Z [5,273 / 5,288] GoLink runsc/cmd/sentry/gvisor_sentry_/gvisor_sentry; 0s processwrapper-sandbox ... (4 actions, 1 running)
2026-10-06T17:13:10.2470971Z [5,278 / 5,288] GoLink runsc/cmd/sentry/gvisor_sentry_/gvisor_sentry; 1s processwrapper-sandbox ... (3 actions, 2 running)
2026-10-06T17:13:11.6203276Z [5,280 / 5,288] GoLink runsc/cmd/metricserver/runsc-metric-server_/runsc-metric-server; 1s processwrapper-sandbox
2026-10-06T17:13:13.6207038Z [5,281 / 5,288] Executing genrule //runsc/cmd/metricserver:metricserver_flate; 1s processwrapper-sandbox
2026-10-06T17:13:17.6207892Z [5,282 / 5,288] [Prepa] GoCompilePkg runsc/cmd/metricserver/metricserver.a
2026-10-06T17:13:18.6214180Z [5,286 / 5,288] GoLink runsc/runsc_/runsc; 0s processwrapper-sandbox
2026-10-06T17:13:19.9263557Z INFO: Found 1 target...
2026-10-06T17:13:19.9561798Z Target //:release up-to-date:
2026-10-06T17:13:19.9568772Z   bazel-bin/release/runsc
2026-10-06T17:13:19.9576245Z   bazel-bin/release/containerd-shim-runsc-v1
2026-10-06T17:13:19.9583676Z   bazel-bin/release/gvisor-bin/checkpointgofer
2026-10-06T17:13:19.9590767Z   bazel-bin/release/gvisor-bin/runsc-metric-server
2026-10-06T17:13:19.9602434Z   bazel-bin/release/gvisor-bin/gvisor_sentry
2026-10-06T17:13:19.9611945Z   bazel-bin/release/gvisor-bin/gvisor-sentry-prewarmer
2026-10-06T17:13:20.1219476Z INFO: Elapsed time: 623.092s, Critical Path: 327.70s
2026-10-06T17:13:20.1228928Z INFO: 5288 processes: 1544 internal, 42 local, 3702 processwrapper-sandbox.
2026-10-06T17:13:20.1257582Z INFO: Build completed successfully, 5288 total actions
2026-10-06T17:13:36.7542701Z 2026/10/06 17:13:36 Runtime runsc-trace not found: adding
2026-10-06T17:13:36.7551498Z 2026/10/06 17:13:36 Successfully updated config.
2026-10-06T17:13:38.4065898Z -N DOCKER-USER
2026-10-06T17:13:38.4066264Z -A DOCKER-USER -j RETURN
2026-10-06T17:13:38.8644920Z docker.io/library/node@sha256:713cfbf4a0ac19f40e1bb9919893e126b74a5c8cf5d0623c9f89515c8f74c6fa: Pulling from library/node
2026-10-06T17:13:38.8645938Z a8ac7f6c67ab: Pulling fs layer
2026-10-06T17:13:38.8646220Z 9f6b7612ad69: Pulling fs layer
2026-10-06T17:13:38.8646525Z 6345e7699535: Pulling fs layer
2026-10-06T17:13:38.8646862Z cd1f23a0f33e: Pulling fs layer
2026-10-06T17:13:38.8647126Z 3477b72abf7b: Pulling fs layer
2026-10-06T17:13:38.8647476Z cd1f23a0f33e: Waiting
2026-10-06T17:13:38.8647741Z 3477b72abf7b: Waiting
2026-10-06T17:13:38.9835787Z 9f6b7612ad69: Download complete
2026-10-06T17:13:39.1364269Z cd1f23a0f33e: Verifying Checksum
2026-10-06T17:13:39.1364996Z cd1f23a0f33e: Download complete
2026-10-06T17:13:39.1784073Z a8ac7f6c67ab: Verifying Checksum
2026-10-06T17:13:39.1784575Z a8ac7f6c67ab: Download complete
2026-10-06T17:13:39.1914337Z 3477b72abf7b: Verifying Checksum
2026-10-06T17:13:39.1915025Z 3477b72abf7b: Download complete
2026-10-06T17:13:39.2463616Z 6345e7699535: Verifying Checksum
2026-10-06T17:13:39.2464375Z 6345e7699535: Download complete
2026-10-06T17:13:40.7348422Z a8ac7f6c67ab: Pull complete
2026-10-06T17:13:40.8239029Z 9f6b7612ad69: Pull complete
2026-10-06T17:13:43.0803004Z 6345e7699535: Pull complete
2026-10-06T17:13:43.1342452Z cd1f23a0f33e: Pull complete
2026-10-06T17:13:43.1419931Z 3477b72abf7b: Pull complete
2026-10-06T17:13:43.1444937Z Digest: sha256:713cfbf4a0ac19f40e1bb9919893e126b74a5c8cf5d0623c9f89515c8f74c6fa
2026-10-06T17:13:43.1450465Z Status: Downloaded newer image for node@sha256:713cfbf4a0ac19f40e1bb9919893e126b74a5c8cf5d0623c9f89515c8f74c6fa
2026-10-06T17:13:43.1459672Z docker.io/library/node:24.21.0-slim@sha256:713cfbf4a0ac19f40e1bb9919893e126b74a5c8cf5d0623c9f89515c8f74c6fa
2026-10-06T17:13:43.5553444Z docker.io/library/python@sha256:23c59390fc717bf09f9336908199a0ae75d9c4264bf296123f94ad772fea3b52: Pulling from library/python
2026-10-06T17:13:43.6496081Z 039e6f9f9752: Pulling fs layer
2026-10-06T17:13:43.6496869Z af40eb6962ce: Pulling fs layer
2026-10-06T17:13:43.6497608Z b55f0961b5b7: Pulling fs layer
2026-10-06T17:13:43.6497926Z 03f9750ee7e6: Pulling fs layer
2026-10-06T17:13:43.6498183Z 03f9750ee7e6: Waiting
2026-10-06T17:13:43.9006496Z af40eb6962ce: Verifying Checksum
2026-10-06T17:13:43.9007164Z af40eb6962ce: Download complete
2026-10-06T17:13:43.9465583Z b55f0961b5b7: Verifying Checksum
2026-10-06T17:13:43.9466088Z b55f0961b5b7: Download complete
2026-10-06T17:13:43.9548197Z 03f9750ee7e6: Download complete
2026-10-06T17:13:43.9639373Z 039e6f9f9752: Verifying Checksum
2026-10-06T17:13:43.9639932Z 039e6f9f9752: Download complete
2026-10-06T17:13:45.5202759Z 039e6f9f9752: Pull complete
2026-10-06T17:13:45.7844939Z af40eb6962ce: Pull complete
2026-10-06T17:13:46.8570076Z b55f0961b5b7: Pull complete
2026-10-06T17:13:46.8669348Z 03f9750ee7e6: Pull complete
2026-10-06T17:13:46.8697375Z Digest: sha256:23c59390fc717bf09f9336908199a0ae75d9c4264bf296123f94ad772fea3b52
2026-10-06T17:13:46.8702520Z Status: Downloaded newer image for python@sha256:23c59390fc717bf09f9336908199a0ae75d9c4264bf296123f94ad772fea3b52
2026-10-06T17:13:46.8710357Z docker.io/library/python:3.14.7-slim-bookworm@sha256:23c59390fc717bf09f9336908199a0ae75d9c4264bf296123f94ad772fea3b52
2026-10-06T17:13:47.3079191Z docker.io/library/golang@sha256:abe4f87f354c4f6d7ee3fb11b241c6b6c24a32ca50a2ebcc30493a2168e14048: Pulling from library/golang
2026-10-06T17:13:47.3080400Z eaac70c68abd: Pulling fs layer
2026-10-06T17:13:47.3080866Z 7b2de2423ebd: Pulling fs layer
2026-10-06T17:13:47.3081436Z 81578410df16: Pulling fs layer
2026-10-06T17:13:47.3081834Z bf3b640dda06: Pulling fs layer
2026-10-06T17:13:47.3082231Z 2cb3e687d353: Pulling fs layer
2026-10-06T17:13:47.3082610Z be016dbf54ff: Pulling fs layer
2026-10-06T17:13:47.3082864Z 4f4fb700ef54: Pulling fs layer
2026-10-06T17:13:47.3083228Z 2cb3e687d353: Waiting
2026-10-06T17:13:47.3083445Z bf3b640dda06: Waiting
2026-10-06T17:13:47.3083650Z be016dbf54ff: Waiting
2026-10-06T17:13:47.3083938Z 4f4fb700ef54: Waiting
2026-10-06T17:13:47.6237719Z 7b2de2423ebd: Verifying Checksum
2026-10-06T17:13:47.6238262Z 7b2de2423ebd: Download complete
2026-10-06T17:13:47.7167477Z eaac70c68abd: Verifying Checksum
2026-10-06T17:13:47.7168169Z eaac70c68abd: Download complete
2026-10-06T17:13:47.8182124Z 81578410df16: Verifying Checksum
2026-10-06T17:13:47.8182602Z 81578410df16: Download complete
2026-10-06T17:13:47.8804278Z be016dbf54ff: Verifying Checksum
2026-10-06T17:13:47.8810230Z be016dbf54ff: Download complete
2026-10-06T17:13:47.9376398Z 4f4fb700ef54: Verifying Checksum
2026-10-06T17:13:47.9377193Z 4f4fb700ef54: Download complete
2026-10-06T17:13:47.9922077Z bf3b640dda06: Verifying Checksum
2026-10-06T17:13:47.9922556Z bf3b640dda06: Download complete
2026-10-06T17:13:48.0103943Z 2cb3e687d353: Verifying Checksum
2026-10-06T17:13:48.0104366Z 2cb3e687d353: Download complete
2026-10-06T17:13:50.2933153Z eaac70c68abd: Pull complete
2026-10-06T17:13:51.8219152Z 7b2de2423ebd: Pull complete
2026-10-06T17:13:55.3838334Z 81578410df16: Pull complete
2026-10-06T17:13:58.2751840Z bf3b640dda06: Pull complete
2026-10-06T17:14:07.5312083Z 2cb3e687d353: Pull complete
2026-10-06T17:14:07.5383213Z be016dbf54ff: Pull complete
2026-10-06T17:14:07.5449841Z 4f4fb700ef54: Pull complete
2026-10-06T17:14:07.5480194Z Digest: sha256:abe4f87f354c4f6d7ee3fb11b241c6b6c24a32ca50a2ebcc30493a2168e14048
2026-10-06T17:14:07.5485866Z Status: Downloaded newer image for golang@sha256:abe4f87f354c4f6d7ee3fb11b241c6b6c24a32ca50a2ebcc30493a2168e14048
2026-10-06T17:14:07.5493155Z docker.io/library/golang:1.26.8-bookworm@sha256:abe4f87f354c4f6d7ee3fb11b241c6b6c24a32ca50a2ebcc30493a2168e14048
2026-10-06T17:14:07.9585993Z docker.io/library/rust@sha256:59037199c44290f2befcdd58dcc540164763fc296950255aaefeef096a1866b0: Pulling from library/rust
2026-10-06T17:14:08.0537581Z eaac70c68abd: Already exists
2026-10-06T17:14:08.0545954Z 7b2de2423ebd: Already exists
2026-10-06T17:14:08.0554756Z 81578410df16: Already exists
2026-10-06T17:14:08.0563598Z de9e8d0a0071: Pulling fs layer
2026-10-06T17:14:08.0564527Z 6d6429856493: Pulling fs layer
2026-10-06T17:14:08.9454433Z de9e8d0a0071: Verifying Checksum
2026-10-06T17:14:08.9455174Z de9e8d0a0071: Download complete
2026-10-06T17:14:08.9544256Z 6d6429856493: Verifying Checksum
2026-10-06T17:14:08.9544826Z 6d6429856493: Download complete
2026-10-06T17:14:18.0341628Z de9e8d0a0071: Pull complete
2026-10-06T17:14:22.3221585Z 6d6429856493: Pull complete
2026-10-06T17:14:22.3250447Z Digest: sha256:59037199c44290f2befcdd58dcc540164763fc296950255aaefeef096a1866b0
2026-10-06T17:14:22.3255330Z Status: Downloaded newer image for rust@sha256:59037199c44290f2befcdd58dcc540164763fc296950255aaefeef096a1866b0
2026-10-06T17:14:22.3263080Z docker.io/library/rust:1.99.0-bookworm@sha256:59037199c44290f2befcdd58dcc540164763fc296950255aaefeef096a1866b0
2026-10-06T17:14:22.3543675Z Cloning into '/tmp/helox-release-observer.9Udq68/gvisor'...
2026-10-06T17:14:26.9537756Z Updating files:   0% (1/4374)
2026-10-06T17:14:26.9697257Z Updating files:   1% (44/4374)
2026-10-06T17:14:26.9741843Z Updating files:   2% (88/4374)
2026-10-06T17:14:26.9797152Z Updating files:   3% (132/4374)
2026-10-06T17:14:26.9821517Z Updating files:   4% (175/4374)
2026-10-06T17:14:26.9852064Z Updating files:   5% (219/4374)
2026-10-06T17:14:26.9882095Z Updating files:   6% (263/4374)
2026-10-06T17:14:26.9911951Z Updating files:   7% (307/4374)
2026-10-06T17:14:26.9938689Z Updating files:   8% (350/4374)
2026-10-06T17:14:26.9965618Z Updating files:   9% (394/4374)
2026-10-06T17:14:26.9993846Z Updating files:  10% (438/4374)
2026-10-06T17:14:27.0023464Z Updating files:  11% (482/4374)
2026-10-06T17:14:27.0051406Z Updating files:  12% (525/4374)
2026-10-06T17:14:27.0075964Z Updating files:  13% (569/4374)
2026-10-06T17:14:27.0097272Z Updating files:  14% (613/4374)
2026-10-06T17:14:27.0127922Z Updating files:  15% (657/4374)
2026-10-06T17:14:27.0159573Z Updating files:  16% (700/4374)
2026-10-06T17:14:27.0183737Z Updating files:  17% (744/4374)
2026-10-06T17:14:27.0208949Z Updating files:  18% (788/4374)
2026-10-06T17:14:27.0240343Z Updating files:  19% (832/4374)
2026-10-06T17:14:27.0268074Z Updating files:  20% (875/4374)
2026-10-06T17:14:27.0299900Z Updating files:  21% (919/4374)
2026-10-06T17:14:27.0328491Z Updating files:  22% (963/4374)
2026-10-06T17:14:27.0362640Z Updating files:  23% (1007/4374)
2026-10-06T17:14:27.0400329Z Updating files:  24% (1050/4374)
2026-10-06T17:14:27.0433591Z Updating files:  25% (1094/4374)
2026-10-06T17:14:27.0465177Z Updating files:  26% (1138/4374)
2026-10-06T17:14:27.0491686Z Updating files:  27% (1181/4374)
2026-10-06T17:14:27.0545770Z Updating files:  28% (1225/4374)
2026-10-06T17:14:27.0579405Z Updating files:  29% (1269/4374)
2026-10-06T17:14:27.0614762Z Updating files:  30% (1313/4374)
2026-10-06T17:14:27.0650956Z Updating files:  31% (1356/4374)
2026-10-06T17:14:27.0674465Z Updating files:  32% (1400/4374)
2026-10-06T17:14:27.0701618Z Updating files:  33% (1444/4374)
2026-10-06T17:14:27.0725661Z Updating files:  34% (1488/4374)
2026-10-06T17:14:27.0748157Z Updating files:  35% (1531/4374)
2026-10-06T17:14:27.0775770Z Updating files:  36% (1575/4374)
2026-10-06T17:14:27.0805885Z Updating files:  37% (1619/4374)
2026-10-06T17:14:27.0839890Z Updating files:  38% (1663/4374)
2026-10-06T17:14:27.0866764Z Updating files:  39% (1706/4374)
2026-10-06T17:14:27.0894395Z Updating files:  40% (1750/4374)
2026-10-06T17:14:27.0924387Z Updating files:  41% (1794/4374)
2026-10-06T17:14:27.0949122Z Updating files:  42% (1838/4374)
2026-10-06T17:14:27.0985647Z Updating files:  43% (1881/4374)
2026-10-06T17:14:27.1010051Z Updating files:  44% (1925/4374)
2026-10-06T17:14:27.1036961Z Updating files:  45% (1969/4374)
2026-10-06T17:14:27.1060536Z Updating files:  46% (2013/4374)
2026-10-06T17:14:27.1083919Z Updating files:  47% (2056/4374)
2026-10-06T17:14:27.1117941Z Updating files:  48% (2100/4374)
2026-10-06T17:14:27.1146634Z Updating files:  49% (2144/4374)
2026-10-06T17:14:27.1172493Z Updating files:  50% (2187/4374)
2026-10-06T17:14:27.1221973Z Updating files:  51% (2231/4374)
2026-10-06T17:14:27.1269515Z Updating files:  52% (2275/4374)
2026-10-06T17:14:27.1312027Z Updating files:  53% (2319/4374)
2026-10-06T17:14:27.1362255Z Updating files:  54% (2362/4374)
2026-10-06T17:14:27.1396995Z Updating files:  55% (2406/4374)
2026-10-06T17:14:27.1443736Z Updating files:  56% (2450/4374)
2026-10-06T17:14:27.1473718Z Updating files:  57% (2494/4374)
2026-10-06T17:14:27.1503426Z Updating files:  58% (2537/4374)
2026-10-06T17:14:27.1542941Z Updating files:  59% (2581/4374)
2026-10-06T17:14:27.1571120Z Updating files:  60% (2625/4374)
2026-10-06T17:14:27.1594270Z Updating files:  61% (2669/4374)
2026-10-06T17:14:27.1621984Z Updating files:  62% (2712/4374)
2026-10-06T17:14:27.1686976Z Updating files:  63% (2756/4374)
2026-10-06T17:14:27.1718339Z Updating files:  64% (2800/4374)
2026-10-06T17:14:27.1756463Z Updating files:  65% (2844/4374)
2026-10-06T17:14:27.1786858Z Updating files:  66% (2887/4374)
2026-10-06T17:14:27.1809213Z Updating files:  67% (2931/4374)
2026-10-06T17:14:27.1836190Z Updating files:  68% (2975/4374)
2026-10-06T17:14:27.1867956Z Updating files:  69% (3019/4374)
2026-10-06T17:14:27.1899078Z Updating files:  70% (3062/4374)
2026-10-06T17:14:27.1932270Z Updating files:  71% (3106/4374)
2026-10-06T17:14:27.1962054Z Updating files:  72% (3150/4374)
2026-10-06T17:14:27.1990855Z Updating files:  73% (3194/4374)
2026-10-06T17:14:27.2015551Z Updating files:  74% (3237/4374)
2026-10-06T17:14:27.2042248Z Updating files:  75% (3281/4374)
2026-10-06T17:14:27.2070040Z Updating files:  76% (3325/4374)
2026-10-06T17:14:27.2109527Z Updating files:  77% (3368/4374)
2026-10-06T17:14:27.2146144Z Updating files:  78% (3412/4374)
2026-10-06T17:14:27.2194859Z Updating files:  79% (3456/4374)
2026-10-06T17:14:27.2232881Z Updating files:  80% (3500/4374)
2026-10-06T17:14:27.2268687Z Updating files:  81% (3543/4374)
2026-10-06T17:14:27.2310263Z Updating files:  82% (3587/4374)
2026-10-06T17:14:27.2335565Z Updating files:  83% (3631/4374)
2026-10-06T17:14:27.2371957Z Updating files:  84% (3675/4374)
2026-10-06T17:14:27.2395678Z Updating files:  85% (3718/4374)
2026-10-06T17:14:27.2422987Z Updating files:  86% (3762/4374)
2026-10-06T17:14:27.2453648Z Updating files:  87% (3806/4374)
2026-10-06T17:14:27.2475050Z Updating files:  88% (3850/4374)
2026-10-06T17:14:27.2499427Z Updating files:  89% (3893/4374)
2026-10-06T17:14:27.2526212Z Updating files:  90% (3937/4374)
2026-10-06T17:14:27.2554782Z Updating files:  91% (3981/4374)
2026-10-06T17:14:27.2584445Z Updating files:  92% (4025/4374)
2026-10-06T17:14:27.2609963Z Updating files:  93% (4068/4374)
2026-10-06T17:14:27.2632681Z Updating files:  94% (4112/4374)
2026-10-06T17:14:27.2683438Z Updating files:  95% (4156/4374)
2026-10-06T17:14:27.2899481Z Updating files:  96% (4200/4374)
2026-10-06T17:14:27.3515227Z Updating files:  97% (4243/4374)
2026-10-06T17:14:27.3559195Z Updating files:  98% (4287/4374)
2026-10-06T17:14:27.3592734Z Updating files:  99% (4331/4374)
2026-10-06T17:14:27.3593195Z Updating files: 100% (4374/4374)
2026-10-06T17:14:27.3593607Z Updating files: 100% (4374/4374), done.
2026-10-06T17:14:29.1088151Z HEAD is now at 7c6199801 Support NVIDIA IMEX-620.30 in gVisor.
2026-10-06T17:14:29.9966534Z Extracting Bazel installation...
2026-10-06T17:14:30.9307194Z Starting local Bazel server (8.3.1) and connecting to it...
2026-10-06T17:14:32.3626088Z Computing main repo mapping: 
2026-10-06T17:14:33.3657462Z Computing main repo mapping: 
2026-10-06T17:14:34.3661132Z Computing main repo mapping: 
2026-10-06T17:14:35.7238350Z Computing main repo mapping: 
2026-10-06T17:14:36.7384305Z Computing main repo mapping: 
2026-10-06T17:14:37.6123743Z WARNING: For repository 'bazel_skylib', the root module requires module version bazel_skylib@1.7.1, but got bazel_skylib@1.8.2 in the resolved dependency graph. Please update the version in your MODULE.bazel or set --check_direct_dependencies=off
2026-10-06T17:14:37.9038901Z Computing main repo mapping: 
2026-10-06T17:14:38.9760134Z Computing main repo mapping: 
2026-10-06T17:14:39.7276183Z Loading: 
2026-10-06T17:14:39.7292912Z Loading: 2 packages loaded
2026-10-06T17:14:40.7895811Z Loading: 2 packages loaded
2026-10-06T17:14:40.7896452Z     currently loading: tools/haa_gvisor_observer
2026-10-06T17:14:41.2100180Z DEBUG: /home/runner/.cache/bazel/_bazel_runner/9bb835d550d775aed8ebf94d391aad03/external/gazelle+/internal/bzlmod/go_deps.bzl:660:36: The following Go modules were required by the root module at the given versions, but were implicitly updated to higher versions due to transitive dependencies:
2026-10-06T17:14:41.2132172Z  
2026-10-06T17:14:41.2162258Z   go.opentelemetry.io/auto/sdk: v1.1.0 -> v1.2.1 
2026-10-06T17:14:41.2202425Z   go.opentelemetry.io/contrib/instrumentation/google.golang.org/grpc/otelgrpc: v0.61.0 -> v0.67.0 
2026-10-06T17:14:41.2203552Z   golang.org/x/crypto: v0.42.0 -> v0.49.0 
2026-10-06T17:14:41.2227319Z   golang.org/x/term: v0.35.0 -> v0.42.0 
2026-10-06T17:14:41.2252980Z   golang.org/x/net: v0.44.0 -> v0.52.0 
2026-10-06T17:14:41.2271910Z   go.opentelemetry.io/otel: v1.37.0 -> v1.43.0 
2026-10-06T17:14:41.2288802Z   go.opentelemetry.io/otel/metric: v1.28.0 -> v1.43.0 
2026-10-06T17:14:41.2289708Z   github.com/felixge/httpsnoop: v1.0.2 -> v1.0.4 
2026-10-06T17:14:41.2329937Z   go.opentelemetry.io/contrib/instrumentation/net/http/otelhttp: v0.53.0 -> v0.67.0 
2026-10-06T17:14:41.2331233Z   go.opentelemetry.io/otel/trace: v1.28.0 -> v1.43.0 
2026-10-06T17:14:41.2332368Z   github.com/opencontainers/image-spec: v1.0.2 -> v1.1.1 
2026-10-06T17:14:41.2333238Z   cloud.google.com/go: v0.105.0 -> v0.123.0 
2026-10-06T17:14:41.2338391Z   cloud.google.com/go/iam: v0.8.0 -> v1.7.0 
2026-10-06T17:14:41.2343003Z   cloud.google.com/go/compute/metadata: v0.8.0 -> v0.9.0 
2026-10-06T17:14:41.2343919Z   github.com/googleapis/enterprise-certificate-proxy: v0.3.6 -> v0.3.14 
2026-10-06T17:14:41.2344924Z   golang.org/x/oauth2: v0.30.0 -> v0.36.0 
2026-10-06T17:14:41.2346052Z   google.golang.org/genproto: v0.0.0-20250707201910-8d1bb00bc6a7 -> v0.0.0-20260319201613-d00831a3d3e7 
2026-10-06T17:14:41.2347205Z   github.com/googleapis/gax-go/v2: v2.15.0 -> v2.21.0 
2026-10-06T17:14:41.2347785Z 
2026-10-06T17:14:41.2348447Z Update the root module's dependencies to match the resolved versions via:
2026-10-06T17:14:41.2349188Z 
2026-10-06T17:14:41.2357976Z   bazel run @io_bazel_rules_go//go -- get go.opentelemetry.io/auto/sdk@v1.2.1 go.opentelemetry.io/contrib/instrumentation/google.golang.org/grpc/otelgrpc@v0.67.0 golang.org/x/crypto@v0.49.0 golang.org/x/term@v0.42.0 golang.org/x/net@v0.52.0 go.opentelemetry.io/otel@v1.43.0 go.opentelemetry.io/otel/metric@v1.43.0 github.com/felixge/httpsnoop@v1.0.4 go.opentelemetry.io/contrib/instrumentation/net/http/otelhttp@v0.67.0 go.opentelemetry.io/otel/trace@v1.43.0 github.com/opencontainers/image-spec@v1.1.1 cloud.google.com/go@v0.123.0 cloud.google.com/go/iam@v1.7.0 cloud.google.com/go/compute/metadata@v0.9.0 github.com/googleapis/enterprise-certificate-proxy@v0.3.14 golang.org/x/oauth2@v0.36.0 google.golang.org/genproto@v0.0.0-20260319201613-d00831a3d3e7 github.com/googleapis/gax-go/v2@v2.21.0 
2026-10-06T17:14:41.2363277Z 
2026-10-06T17:14:41.5043014Z Analyzing: target //tools/haa_gvisor_observer:haa_gvisor_observer (3 packages loaded, 0 targets configured)
2026-10-06T17:14:41.5215117Z Analyzing: target //tools/haa_gvisor_observer:haa_gvisor_observer (3 packages loaded, 0 targets configured)
2026-10-06T17:14:41.5243208Z 
2026-10-06T17:14:42.6891465Z Analyzing: target //tools/haa_gvisor_observer:haa_gvisor_observer (65 packages loaded, 7 targets configured)
2026-10-06T17:14:42.6893167Z 
2026-10-06T17:14:43.7739480Z Analyzing: target //tools/haa_gvisor_observer:haa_gvisor_observer (84 packages loaded, 2694 targets configured)
2026-10-06T17:14:43.7768207Z 
2026-10-06T17:14:44.7873000Z Analyzing: target //tools/haa_gvisor_observer:haa_gvisor_observer (105 packages loaded, 5701 targets configured)
2026-10-06T17:14:44.7891622Z 
2026-10-06T17:14:46.0094497Z INFO: Analyzed target //tools/haa_gvisor_observer:haa_gvisor_observer (130 packages loaded, 6531 targets configured).
2026-10-06T17:14:46.0308484Z [1 / 1] no actions running
2026-10-06T17:14:47.0437952Z [98 / 663] Linking external/abseil-cpp+/absl/base/libspinlock_wait.a [for tool]; 0s processwrapper-sandbox ... (4 actions, 3 running)
2026-10-06T17:14:48.2993084Z [129 / 747] Compiling absl/profiling/internal/exponential_biased.cc [for tool]; 0s processwrapper-sandbox ... (4 actions, 3 running)
2026-10-06T17:14:49.3835131Z [147 / 747] Compiling deflate.c [for tool]; 0s processwrapper-sandbox ... (4 actions running)
2026-10-06T17:14:50.4443033Z [252 / 939] Compiling absl/base/internal/sysinfo.cc [for tool]; 0s processwrapper-sandbox ... (4 actions, 3 running)
2026-10-06T17:14:51.4462876Z [281 / 939] Compiling inflate.c; 0s processwrapper-sandbox ... (4 actions running)
2026-10-06T17:14:52.4442823Z [291 / 939] Compiling absl/numeric/int128.cc; 0s processwrapper-sandbox ... (4 actions running)
2026-10-06T17:14:53.4423029Z [333 / 939] Compiling absl/strings/internal/escaping.cc; 0s processwrapper-sandbox ... (4 actions, 3 running)
2026-10-06T17:14:54.5002661Z [354 / 939] Compiling gzwrite.c; 0s processwrapper-sandbox ... (4 actions, 3 running)
2026-10-06T17:14:55.6793144Z [386 / 939] Compiling absl/strings/str_split.cc; 0s processwrapper-sandbox ... (4 actions, 3 running)
2026-10-06T17:14:56.8295222Z [391 / 939] Compiling absl/strings/escaping.cc [for tool]; 1s processwrapper-sandbox ... (4 actions, 3 running)
2026-10-06T17:14:58.2873139Z [399 / 939] Compiling absl/strings/internal/charconv_bigint.cc [for tool]; 1s processwrapper-sandbox ... (4 actions, 3 running)
2026-10-06T17:14:59.3773389Z [402 / 939] Compiling absl/strings/internal/charconv_bigint.cc; 1s processwrapper-sandbox ... (4 actions, 3 running)
2026-10-06T17:15:00.3892990Z [409 / 939] Compiling absl/strings/internal/memutil.cc [for tool]; 0s processwrapper-sandbox ... (4 actions running)
2026-10-06T17:15:01.4414180Z [415 / 939] Compiling absl/strings/internal/str_format/parser.cc; 0s processwrapper-sandbox ... (4 actions, 3 running)
2026-10-06T17:15:02.6590066Z [420 / 939] Compiling absl/strings/numbers.cc [for tool]; 1s processwrapper-sandbox ... (4 actions, 3 running)
2026-10-06T17:15:03.6976747Z [428 / 939] Compiling absl/strings/str_cat.cc [for tool]; 0s processwrapper-sandbox ... (4 actions, 3 running)
2026-10-06T17:15:04.7944174Z [432 / 939] Compiling absl/hash/internal/hash.cc [for tool]; 1s processwrapper-sandbox ... (4 actions, 3 running)
2026-10-06T17:15:05.8424822Z [438 / 939] Compiling src/google/protobuf/port.cc [for tool]; 1s processwrapper-sandbox ... (4 actions, 3 running)
2026-10-06T17:15:07.1398786Z [445 / 939] Compiling absl/flags/marshalling.cc; 0s processwrapper-sandbox ... (4 actions, 3 running)
2026-10-06T17:15:08.3902907Z [451 / 939] Compiling absl/crc/crc32c.cc [for tool]; 0s processwrapper-sandbox ... (4 actions running)
2026-10-06T17:15:09.3892855Z [457 / 939] Compiling absl/crc/internal/crc_cord_state.cc [for tool]; 0s processwrapper-sandbox ... (4 actions running)
2026-10-06T17:15:10.3943045Z [462 / 939] Compiling absl/strings/internal/cord_rep_btree.cc [for tool]; 1s processwrapper-sandbox ... (4 actions running)
2026-10-06T17:15:11.3963183Z [466 / 939] Compiling absl/strings/internal/cord_rep_btree.cc [for tool]; 2s processwrapper-sandbox ... (4 actions running)
2026-10-06T17:15:12.4992718Z [471 / 939] Compiling absl/crc/internal/crc_non_temporal_memcpy.cc; 1s processwrapper-sandbox ... (4 actions, 3 running)
2026-10-06T17:15:13.5731001Z [477 / 939] Compiling absl/strings/internal/cord_rep_btree_navigator.cc [for tool]; 1s processwrapper-sandbox ... (4 actions, 3 running)
2026-10-06T17:15:14.7471737Z [482 / 939] Compiling absl/time/internal/cctz/src/time_zone_info.cc [for tool]; 2s processwrapper-sandbox ... (4 actions, 3 running)
2026-10-06T17:15:16.0056429Z [486 / 939] Compiling absl/time/internal/cctz/src/time_zone_info.cc; 1s processwrapper-sandbox ... (4 actions, 3 running)
2026-10-06T17:15:17.0393764Z [492 / 939] Compiling absl/strings/internal/cord_rep_crc.cc [for tool]; 1s processwrapper-sandbox ... (4 actions, 3 running)
2026-10-06T17:15:18.2358075Z [497 / 939] Compiling absl/time/internal/cctz/src/time_zone_format.cc; 1s processwrapper-sandbox ... (4 actions, 3 running)
2026-10-06T17:15:19.2613825Z [504 / 939] Compiling absl/log/internal/globals.cc; 0s processwrapper-sandbox ... (4 actions, 3 running)
2026-10-06T17:15:20.3733057Z [509 / 939] Compiling absl/strings/internal/cord_rep_btree.cc; 1s processwrapper-sandbox ... (4 actions, 3 running)
2026-10-06T17:15:21.3952806Z [514 / 939] Compiling absl/strings/internal/cord_rep_btree.cc; 2s processwrapper-sandbox ... (4 actions running)
2026-10-06T17:15:22.3952681Z [521 / 939] Compiling absl/time/civil_time.cc [for tool]; 0s processwrapper-sandbox ... (4 actions running)
2026-10-06T17:15:23.3982858Z [527 / 939] Compiling absl/synchronization/internal/graphcycles.cc [for tool]; 0s processwrapper-sandbox ... (4 actions running)
2026-10-06T17:15:24.4013053Z [532 / 939] Compiling absl/synchronization/internal/graphcycles.cc; 0s processwrapper-sandbox ... (4 actions running)
2026-10-06T17:15:25.4042761Z [543 / 939] Compiling absl/debugging/internal/demangle.cc [for tool]; 0s processwrapper-sandbox ... (4 actions running)
2026-10-06T17:15:26.4058604Z [552 / 939] Compiling absl/debugging/internal/demangle.cc [for tool]; 1s processwrapper-sandbox ... (4 actions, 3 running)
2026-10-06T17:15:27.6190670Z [562 / 939] Compiling absl/crc/internal/crc_cord_state.cc; 1s processwrapper-sandbox ... (4 actions, 3 running)
2026-10-06T17:15:28.9179820Z [592 / 939] Compiling absl/debugging/internal/demangle.cc; 1s processwrapper-sandbox ... (4 actions, 3 running)
2026-10-06T17:15:29.9818332Z [603 / 939] Compiling absl/log/internal/check_op.cc [for tool]; 0s processwrapper-sandbox ... (4 actions, 3 running)
2026-10-06T17:15:30.9866377Z [611 / 939] Compiling absl/synchronization/mutex.cc [for tool]; 0s processwrapper-sandbox ... (4 actions, 3 running)
2026-10-06T17:15:32.2643969Z [616 / 939] Compiling absl/log/internal/log_message.cc [for tool]; 1s processwrapper-sandbox ... (4 actions, 3 running)
2026-10-06T17:15:33.3342747Z [624 / 939] Compiling absl/log/internal/vlog_config.cc; 0s processwrapper-sandbox ... (4 actions, 3 running)
2026-10-06T17:15:34.3377850Z [631 / 939] Compiling absl/log/globals.cc [for tool]; 0s processwrapper-sandbox ... (4 actions, 3 running)
2026-10-06T17:15:35.4032640Z [635 / 939] Compiling absl/log/globals.cc; 1s processwrapper-sandbox ... (4 actions running)
2026-10-06T17:15:36.5472781Z [642 / 939] Compiling absl/log/internal/log_sink_set.cc; 0s processwrapper-sandbox ... (4 actions, 3 running)
2026-10-06T17:15:37.7209934Z [648 / 939] Compiling absl/strings/cord_analysis.cc [for tool]; 1s processwrapper-sandbox ... (4 actions, 3 running)
2026-10-06T17:15:39.0784492Z [653 / 939] Compiling absl/strings/cord.cc [for tool]; 1s processwrapper-sandbox ... (4 actions, 3 running)
2026-10-06T17:15:40.1722939Z [657 / 939] Compiling absl/strings/cord.cc [for tool]; 2s processwrapper-sandbox ... (4 actions, 3 running)
2026-10-06T17:15:41.4064127Z [659 / 939] Compiling absl/strings/cord.cc [for tool]; 3s processwrapper-sandbox ... (4 actions running)
2026-10-06T17:15:42.5153070Z [662 / 939] Compiling absl/strings/cord.cc [for tool]; 5s processwrapper-sandbox ... (4 actions, 3 running)
2026-10-06T17:15:44.1603295Z [668 / 939] Compiling src/google/protobuf/extension_set.cc [for tool]; 2s processwrapper-sandbox ... (4 actions, 3 running)
2026-10-06T17:15:45.1892860Z [673 / 939] Compiling src/google/protobuf/extension_set.cc [for tool]; 3s processwrapper-sandbox ... (4 actions, 3 running)
2026-10-06T17:15:46.4083231Z [677 / 939] Compiling src/google/protobuf/extension_set.cc [for tool]; 4s processwrapper-sandbox ... (4 actions running)
2026-10-06T17:15:47.4533050Z [682 / 939] Compiling src/google/protobuf/extension_set.cc [for tool]; 5s processwrapper-sandbox ... (4 actions, 3 running)
2026-10-06T17:15:48.6133629Z [685 / 939] Compiling src/google/protobuf/io/zero_copy_stream.cc [for tool]; 1s processwrapper-sandbox ... (4 actions, 3 running)
2026-10-06T17:15:50.2463156Z [687 / 939] Compiling src/google/protobuf/io/coded_stream.cc [for tool]; 2s processwrapper-sandbox ... (4 actions, 3 running)
2026-10-06T17:15:51.4092897Z [691 / 939] Compiling absl/status/status_payload_printer.cc; 1s processwrapper-sandbox ... (4 actions running)
2026-10-06T17:15:52.7473167Z [694 / 939] Compiling src/google/protobuf/generated_message_tctable_lite.cc [for tool]; 2s processwrapper-sandbox ... (4 actions, 3 running)
2026-10-06T17:15:54.4123229Z [697 / 939] Compiling src/google/protobuf/generated_message_tctable_lite.cc [for tool]; 4s processwrapper-sandbox ... (4 actions running)
2026-10-06T17:15:55.4113112Z [699 / 939] Compiling src/google/protobuf/generated_message_tctable_lite.cc [for tool]; 5s processwrapper-sandbox ... (4 actions running)
2026-10-06T17:15:56.4139477Z [705 / 939] Compiling src/google/protobuf/generated_message_tctable_lite.cc [for tool]; 6s processwrapper-sandbox ... (4 actions running)
2026-10-06T17:15:58.4163190Z [709 / 939] Compiling src/google/protobuf/generated_message_tctable_lite.cc [for tool]; 8s processwrapper-sandbox ... (4 actions running)
2026-10-06T17:15:59.4183182Z [714 / 939] Compiling src/google/protobuf/generated_message_tctable_lite.cc [for tool]; 9s processwrapper-sandbox ... (4 actions running)
2026-10-06T17:16:00.4973072Z [715 / 939] Compiling src/google/protobuf/generated_message_tctable_lite.cc [for tool]; 10s processwrapper-sandbox ... (4 actions, 3 running)
2026-10-06T17:16:02.4083009Z [718 / 939] Compiling src/google/protobuf/compiler/cpp/helpers.cc [for tool]; 6s processwrapper-sandbox ... (4 actions, 3 running)
2026-10-06T17:16:03.4203111Z [722 / 939] Compiling src/google/protobuf/compiler/cpp/helpers.cc [for tool]; 7s processwrapper-sandbox ... (4 actions running)
2026-10-06T17:16:04.4203033Z [723 / 939] Compiling src/google/protobuf/compiler/cpp/helpers.cc [for tool]; 8s processwrapper-sandbox ... (4 actions running)
2026-10-06T17:16:06.0900398Z [724 / 939] Compiling src/google/protobuf/compiler/cpp/helpers.cc [for tool]; 9s processwrapper-sandbox ... (4 actions, 3 running)
2026-10-06T17:16:07.4201886Z [725 / 939] Compiling src/google/protobuf/compiler/cpp/helpers.cc [for tool]; 11s processwrapper-sandbox ... (4 actions running)
2026-10-06T17:16:07.7926753Z INFO: From Compiling src/google/protobuf/compiler/cpp/helpers.cc [for tool]:
2026-10-06T17:16:07.7978939Z In file included from external/protobuf+/src/google/protobuf/compiler/cpp/helpers.cc:12:
2026-10-06T17:16:07.8003870Z bazel-out/k8-opt-exec-ST-d57f47055a04/bin/external/protobuf+/src/google/protobuf/compiler/cpp/_virtual_includes/names_internal/google/protobuf/compiler/cpp/helpers.h: In function 'bool google::protobuf::compiler::cpp::IsWeak(const google::protobuf::FieldDescriptor*, const Options&)':
2026-10-06T17:16:07.8033520Z bazel-out/k8-opt-exec-ST-d57f47055a04/bin/external/protobuf+/src/google/protobuf/compiler/cpp/_virtual_includes/names_internal/google/protobuf/compiler/cpp/helpers.h:347:28: warning: 'bool google::protobuf::FieldOptions::weak() const' is deprecated [-Wdeprecated-declarations]
2026-10-06T17:16:07.8061961Z   347 |   if (field->options().weak()) {
2026-10-06T17:16:07.8082153Z       |       ~~~~~~~~~~~~~~~~~~~~~^~
2026-10-06T17:16:07.8113256Z In file included from bazel-out/k8-opt-exec-ST-d57f47055a04/bin/external/protobuf+/src/google/protobuf/compiler/_virtual_includes/code_generator_lite/google/protobuf/compiler/code_generator_lite.h:18,
2026-10-06T17:16:07.8144397Z                  from bazel-out/k8-opt-exec-ST-d57f47055a04/bin/external/protobuf+/src/google/protobuf/compiler/_virtual_includes/code_generator/google/protobuf/compiler/code_generator.h:25,
2026-10-06T17:16:07.8153893Z                  from bazel-out/k8-opt-exec-ST-d57f47055a04/bin/external/protobuf+/src/google/protobuf/compiler/cpp/_virtual_includes/names_internal/google/protobuf/compiler/cpp/helpers.h:29:
2026-10-06T17:16:07.8172746Z bazel-out/k8-opt-exec-ST-d57f47055a04/bin/external/protobuf+/src/google/protobuf/_virtual_includes/protobuf/google/protobuf/descriptor.pb.h:18861:13: note: declared here
2026-10-06T17:16:07.8202131Z 18861 | inline bool FieldOptions::weak() const {
2026-10-06T17:16:07.8231978Z       |             ^~~~~~~~~~~~
2026-10-06T17:16:07.8233685Z external/protobuf+/src/google/protobuf/compiler/cpp/helpers.cc: In member function 'google::protobuf::compiler::cpp::MessageAnalysis google::protobuf::compiler::cpp::MessageSCCAnalyzer::GetSCCAnalysis(const google::protobuf::compiler::SCC*)':
2026-10-06T17:16:07.8243391Z external/protobuf+/src/google/protobuf/compiler/cpp/helpers.cc:1802:32: warning: 'bool google::protobuf::FieldOptions::weak() const' is deprecated [-Wdeprecated-declarations]
2026-10-06T17:16:07.8247675Z  1802 |       if (field->options().weak()) {
2026-10-06T17:16:07.8248662Z       |           ~~~~~~~~~~~~~~~~~~~~~^~
2026-10-06T17:16:07.8250347Z bazel-out/k8-opt-exec-ST-d57f47055a04/bin/external/protobuf+/src/google/protobuf/_virtual_includes/protobuf/google/protobuf/descriptor.pb.h:18861:13: note: declared here
2026-10-06T17:16:07.8252208Z 18861 | inline bool FieldOptions::weak() const {
2026-10-06T17:16:07.8252964Z       |             ^~~~~~~~~~~~
2026-10-06T17:16:08.4239021Z [727 / 939] Compiling src/google/protobuf/extension_set.cc; 5s processwrapper-sandbox ... (4 actions running)
2026-10-06T17:16:09.0282639Z INFO: From Compiling src/google/protobuf/map.cc [for tool]:
2026-10-06T17:16:09.0303374Z In file included from bazel-out/k8-opt-exec-ST-d57f47055a04/bin/external/protobuf+/src/google/protobuf/_virtual_includes/protobuf_lite/google/protobuf/generated_enum_util.h:20,
2026-10-06T17:16:09.0333405Z                  from bazel-out/k8-opt-exec-ST-d57f47055a04/bin/external/protobuf+/src/google/protobuf/_virtual_includes/protobuf_lite/google/protobuf/map.h:41,
2026-10-06T17:16:09.0335075Z                  from external/protobuf+/src/google/protobuf/map.cc:8:
2026-10-06T17:16:09.0362784Z In function 'const google::protobuf::internal::ClassData* google::protobuf::internal::GetClassData(const Type&) [with Type = google::protobuf::MessageLite]',
2026-10-06T17:16:09.0393597Z     inlined from 'google::protobuf::internal::Offsets google::protobuf::internal::AlignAndAddSizeDynamic(size_t, UntypedMapBase::TypeKind, const google::protobuf::MessageLite*, size_t&)' at external/protobuf+/src/google/protobuf/map.cc:229:38,
2026-10-06T17:16:09.0423378Z     inlined from 'static google::protobuf::internal::UntypedMapBase::TypeInfo google::protobuf::internal::UntypedMapBase::GetTypeInfoDynamic(TypeKind, TypeKind, const google::protobuf::MessageLite*)' at external/protobuf+/src/google/protobuf/map.cc:249:29:
2026-10-06T17:16:09.0425989Z bazel-out/k8-opt-exec-ST-d57f47055a04/bin/external/protobuf+/src/google/protobuf/_virtual_includes/protobuf_lite/google/protobuf/message_lite.h:1230:28: warning: 'this' pointer is null [-Wnonnull]
2026-10-06T17:16:09.0451961Z  1230 |     return msg.GetClassData();
2026-10-06T17:16:09.0481863Z       |            ~~~~~~~~~~~~~~~~^~
2026-10-06T17:16:09.9133092Z [733 / 939] Compiling src/google/protobuf/compiler/cpp/main.cc [for tool]; 2s processwrapper-sandbox ... (4 actions, 3 running)
2026-10-06T17:16:10.9573070Z [736 / 939] Compiling src/google/protobuf/compiler/cpp/main.cc [for tool]; 3s processwrapper-sandbox ... (4 actions, 3 running)
2026-10-06T17:16:12.1152881Z [742 / 939] Compiling src/google/protobuf/generated_message_tctable_lite.cc; 1s processwrapper-sandbox ... (4 actions, 3 running)
2026-10-06T17:16:13.4252929Z [742 / 939] Compiling src/google/protobuf/generated_message_tctable_lite.cc; 2s processwrapper-sandbox ... (4 actions running)
2026-10-06T17:16:14.7703599Z [746 / 939] Compiling src/google/protobuf/generated_message_tctable_lite.cc; 3s processwrapper-sandbox ... (4 actions, 3 running)
2026-10-06T17:16:16.0083116Z [748 / 939] Compiling src/google/protobuf/generated_message_tctable_lite.cc; 5s processwrapper-sandbox ... (4 actions, 3 running)
2026-10-06T17:16:17.2192544Z INFO: From Compiling src/google/protobuf/wire_format.cc [for tool]:
2026-10-06T17:16:17.2193479Z In file included from external/protobuf+/src/google/protobuf/wire_format.cc:31:
2026-10-06T17:16:17.2223678Z bazel-out/k8-opt-exec-ST-d57f47055a04/bin/external/protobuf+/src/google/protobuf/_virtual_includes/protobuf/google/protobuf/map_field.h: In constructor 'google::protobuf::internal::MapFieldBase::ReflectionPayload::ReflectionPayload(google::protobuf::Arena*, const google::protobuf::Message*)':
2026-10-06T17:16:17.2244233Z bazel-out/k8-opt-exec-ST-d57f47055a04/bin/external/protobuf+/src/google/protobuf/_virtual_includes/protobuf/google/protobuf/map_field.h:416:11: warning: 'google::protobuf::RepeatedPtrField<T>::RepeatedPtrField(google::protobuf::Arena*) [with Element = google::protobuf::Message]' is deprecated: Use Arena::Create<RepeatedPtrField<...>>(Arena*) instead [-Wdeprecated-declarations]
2026-10-06T17:16:17.2272070Z   416 |         : repeated_field_(arena), prototype_(prototype) {}
2026-10-06T17:16:17.2272769Z       |           ^~~~~~~~~~~~~~~~~~~~~~
2026-10-06T17:16:17.2274050Z In file included from bazel-out/k8-opt-exec-ST-d57f47055a04/bin/external/protobuf+/src/google/protobuf/_virtual_includes/protobuf_lite/google/protobuf/repeated_field.h:46,
2026-10-06T17:16:17.2277136Z                  from bazel-out/k8-opt-exec-ST-d57f47055a04/bin/external/protobuf+/src/google/protobuf/_virtual_includes/protobuf_lite/google/protobuf/parse_context.h:39,
2026-10-06T17:16:17.2280310Z                  from bazel-out/k8-opt-exec-ST-d57f47055a04/bin/external/protobuf+/src/google/protobuf/_virtual_includes/protobuf_lite/google/protobuf/generated_message_tctable_decl.h:25,
2026-10-06T17:16:17.2283632Z                  from bazel-out/k8-opt-exec-ST-d57f47055a04/bin/external/protobuf+/src/google/protobuf/_virtual_includes/protobuf_lite/google/protobuf/extension_set.h:40,
2026-10-06T17:16:17.2286501Z                  from bazel-out/k8-opt-exec-ST-d57f47055a04/bin/external/protobuf+/src/google/protobuf/_virtual_includes/protobuf/google/protobuf/descriptor.h:56,
2026-10-06T17:16:17.2289336Z                  from bazel-out/k8-opt-exec-ST-d57f47055a04/bin/external/protobuf+/src/google/protobuf/_virtual_includes/protobuf/google/protobuf/wire_format.h:26,
2026-10-06T17:16:17.2291066Z                  from external/protobuf+/src/google/protobuf/wire_format.cc:12:
2026-10-06T17:16:17.2322990Z bazel-out/k8-opt-exec-ST-d57f47055a04/bin/external/protobuf+/src/google/protobuf/_virtual_includes/protobuf_lite/google/protobuf/repeated_ptr_field.h:1380:8: note: declared here
2026-10-06T17:16:17.2324529Z  1380 | inline RepeatedPtrField<Element>::RepeatedPtrField(Arena* arena)
2026-10-06T17:16:17.2325258Z       |        ^~~~~~~~~~~~~~~~~~~~~~~~~
2026-10-06T17:16:17.2326249Z [750 / 939] Compiling src/google/protobuf/generated_message_tctable_lite.cc; 6s processwrapper-sandbox ... (4 actions, 3 running)
2026-10-06T17:16:18.4302860Z [752 / 939] Compiling src/google/protobuf/generated_message_tctable_lite.cc; 7s processwrapper-sandbox ... (4 actions running)
2026-10-06T17:16:19.2099797Z INFO: From Compiling src/google/protobuf/compiler/cpp/enum.cc [for tool]:
2026-10-06T17:16:19.2103234Z In file included from external/protobuf+/src/google/protobuf/compiler/cpp/enum.cc:29:
2026-10-06T17:16:19.2105845Z bazel-out/k8-opt-exec-ST-d57f47055a04/bin/external/protobuf+/src/google/protobuf/compiler/cpp/_virtual_includes/names_internal/google/protobuf/compiler/cpp/helpers.h: In function 'bool google::protobuf::compiler::cpp::IsWeak(const google::protobuf::FieldDescriptor*, const Options&)':
2026-10-06T17:16:19.2109806Z bazel-out/k8-opt-exec-ST-d57f47055a04/bin/external/protobuf+/src/google/protobuf/compiler/cpp/_virtual_includes/names_internal/google/protobuf/compiler/cpp/helpers.h:347:28: warning: 'bool google::protobuf::FieldOptions::weak() const' is deprecated [-Wdeprecated-declarations]
2026-10-06T17:16:19.2112323Z   347 |   if (field->options().weak()) {
2026-10-06T17:16:19.2113082Z       |       ~~~~~~~~~~~~~~~~~~~~~^~
2026-10-06T17:16:19.2114769Z In file included from bazel-out/k8-opt-exec-ST-d57f47055a04/bin/external/protobuf+/src/google/protobuf/compiler/_virtual_includes/code_generator_lite/google/protobuf/compiler/code_generator_lite.h:18,
2026-10-06T17:16:19.2118355Z                  from bazel-out/k8-opt-exec-ST-d57f47055a04/bin/external/protobuf+/src/google/protobuf/compiler/_virtual_includes/code_generator/google/protobuf/compiler/code_generator.h:25,
2026-10-06T17:16:19.2121876Z                  from bazel-out/k8-opt-exec-ST-d57f47055a04/bin/external/protobuf+/src/google/protobuf/compiler/cpp/_virtual_includes/cpp/google/protobuf/compiler/cpp/generator.h:24,
2026-10-06T17:16:19.2124028Z                  from external/protobuf+/src/google/protobuf/compiler/cpp/enum.cc:28:
2026-10-06T17:16:19.2125697Z bazel-out/k8-opt-exec-ST-d57f47055a04/bin/external/protobuf+/src/google/protobuf/_virtual_includes/protobuf/google/protobuf/descriptor.pb.h:18861:13: note: declared here
2026-10-06T17:16:19.2127152Z 18861 | inline bool FieldOptions::weak() const {
2026-10-06T17:16:19.2127894Z       |             ^~~~~~~~~~~~
2026-10-06T17:16:19.9969863Z [757 / 939] Compiling src/google/protobuf/generated_message_tctable_lite.cc; 9s processwrapper-sandbox ... (4 actions, 3 running)
2026-10-06T17:16:21.4302990Z [759 / 939] Compiling src/google/protobuf/generated_message_tctable_lite.cc; 10s processwrapper-sandbox ... (4 actions running)
2026-10-06T17:16:22.4334659Z [762 / 939] Compiling src/google/protobuf/compiler/cpp/extension.cc [for tool]; 3s processwrapper-sandbox ... (4 actions running)
2026-10-06T17:16:23.6722841Z [764 / 939] Compiling src/google/protobuf/compiler/cpp/extension.cc [for tool]; 4s processwrapper-sandbox ... (4 actions, 3 running)
2026-10-06T17:16:25.4193343Z [765 / 939] Compiling src/google/protobuf/compiler/cpp/extension.cc [for tool]; 6s processwrapper-sandbox ... (4 actions, 3 running)
2026-10-06T17:16:26.4352887Z [765 / 939] Compiling src/google/protobuf/compiler/cpp/extension.cc [for tool]; 7s processwrapper-sandbox ... (4 actions running)
2026-10-06T17:16:26.4442474Z INFO: From Compiling src/google/protobuf/compiler/cpp/extension.cc [for tool]:
2026-10-06T17:16:26.4553013Z In file included from bazel-out/k8-opt-exec-ST-d57f47055a04/bin/external/protobuf+/src/google/protobuf/compiler/cpp/_virtual_includes/cpp/google/protobuf/compiler/cpp/extension.h:19,
2026-10-06T17:16:26.4562571Z                  from external/protobuf+/src/google/protobuf/compiler/cpp/extension.cc:12:
2026-10-06T17:16:26.4624663Z bazel-out/k8-opt-exec-ST-d57f47055a04/bin/external/protobuf+/src/google/protobuf/compiler/cpp/_virtual_includes/names_internal/google/protobuf/compiler/cpp/helpers.h: In function 'bool google::protobuf::compiler::cpp::IsWeak(const google::protobuf::FieldDescriptor*, const Options&)':
2026-10-06T17:16:26.4628216Z bazel-out/k8-opt-exec-ST-d57f47055a04/bin/external/protobuf+/src/google/protobuf/compiler/cpp/_virtual_includes/names_internal/google/protobuf/compiler/cpp/helpers.h:347:28: warning: 'bool google::protobuf::FieldOptions::weak() const' is deprecated [-Wdeprecated-declarations]
2026-10-06T17:16:26.4630537Z   347 |   if (field->options().weak()) {
2026-10-06T17:16:26.4631084Z       |       ~~~~~~~~~~~~~~~~~~~~~^~
2026-10-06T17:16:26.4632767Z In file included from bazel-out/k8-opt-exec-ST-d57f47055a04/bin/external/protobuf+/src/google/protobuf/compiler/_virtual_includes/code_generator_lite/google/protobuf/compiler/code_generator_lite.h:18,
2026-10-06T17:16:26.4636270Z                  from bazel-out/k8-opt-exec-ST-d57f47055a04/bin/external/protobuf+/src/google/protobuf/compiler/_virtual_includes/code_generator/google/protobuf/compiler/code_generator.h:25,
2026-10-06T17:16:26.4639956Z                  from bazel-out/k8-opt-exec-ST-d57f47055a04/bin/external/protobuf+/src/google/protobuf/compiler/cpp/_virtual_includes/names_internal/google/protobuf/compiler/cpp/helpers.h:29:
2026-10-06T17:16:26.4672474Z bazel-out/k8-opt-exec-ST-d57f47055a04/bin/external/protobuf+/src/google/protobuf/_virtual_includes/protobuf/google/protobuf/descriptor.pb.h:18861:13: note: declared here
2026-10-06T17:16:26.4673827Z 18861 | inline bool FieldOptions::weak() const {
2026-10-06T17:16:26.4674373Z       |             ^~~~~~~~~~~~
2026-10-06T17:16:28.4363204Z [767 / 939] Compiling src/google/protobuf/text_format.cc [for tool]; 8s processwrapper-sandbox ... (4 actions running)
2026-10-06T17:16:28.8332749Z INFO: From Compiling src/google/protobuf/text_format.cc [for tool]:
2026-10-06T17:16:28.8362517Z In file included from external/protobuf+/src/google/protobuf/text_format.cc:54:
2026-10-06T17:16:28.8393752Z bazel-out/k8-opt-exec-ST-d57f47055a04/bin/external/protobuf+/src/google/protobuf/_virtual_includes/protobuf/google/protobuf/map_field.h: In constructor 'google::protobuf::internal::MapFieldBase::ReflectionPayload::ReflectionPayload(google::protobuf::Arena*, const google::protobuf::Message*)':
2026-10-06T17:16:28.8420392Z bazel-out/k8-opt-exec-ST-d57f47055a04/bin/external/protobuf+/src/google/protobuf/_virtual_includes/protobuf/google/protobuf/map_field.h:416:11: warning: 'google::protobuf::RepeatedPtrField<T>::RepeatedPtrField(google::protobuf::Arena*) [with Element = google::protobuf::Message]' is deprecated: Use Arena::Create<RepeatedPtrField<...>>(Arena*) instead [-Wdeprecated-declarations]
2026-10-06T17:16:28.8423392Z   416 |         : repeated_field_(arena), prototype_(prototype) {}
2026-10-06T17:16:28.8424081Z       |           ^~~~~~~~~~~~~~~~~~~~~~
2026-10-06T17:16:28.8425447Z In file included from bazel-out/k8-opt-exec-ST-d57f47055a04/bin/external/protobuf+/src/google/protobuf/_virtual_includes/protobuf_lite/google/protobuf/repeated_field.h:46,
2026-10-06T17:16:28.8428724Z                  from bazel-out/k8-opt-exec-ST-d57f47055a04/bin/external/protobuf+/src/google/protobuf/_virtual_includes/protobuf_lite/google/protobuf/parse_context.h:39,
2026-10-06T17:16:28.8431788Z                  from bazel-out/k8-opt-exec-ST-d57f47055a04/bin/external/protobuf+/src/google/protobuf/_virtual_includes/protobuf_lite/google/protobuf/generated_message_tctable_decl.h:25,
2026-10-06T17:16:28.8434608Z                  from bazel-out/k8-opt-exec-ST-d57f47055a04/bin/external/protobuf+/src/google/protobuf/_virtual_includes/protobuf_lite/google/protobuf/extension_set.h:40,
2026-10-06T17:16:28.8437205Z                  from bazel-out/k8-opt-exec-ST-d57f47055a04/bin/external/protobuf+/src/google/protobuf/_virtual_includes/protobuf/google/protobuf/descriptor.h:56,
2026-10-06T17:16:28.8439795Z                  from bazel-out/k8-opt-exec-ST-d57f47055a04/bin/external/protobuf+/src/google/protobuf/_virtual_includes/protobuf/google/protobuf/text_format.h:27,
2026-10-06T17:16:28.8471908Z                  from external/protobuf+/src/google/protobuf/text_format.cc:12:
2026-10-06T17:16:28.8473509Z bazel-out/k8-opt-exec-ST-d57f47055a04/bin/external/protobuf+/src/google/protobuf/_virtual_includes/protobuf_lite/google/protobuf/repeated_ptr_field.h:1380:8: note: declared here
2026-10-06T17:16:28.8475413Z  1380 | inline RepeatedPtrField<Element>::RepeatedPtrField(Arena* arena)
2026-10-06T17:16:28.8476110Z       |        ^~~~~~~~~~~~~~~~~~~~~~~~~
2026-10-06T17:16:28.8477313Z external/protobuf+/src/google/protobuf/text_format.cc: In member function 'bool google::protobuf::TextFormat::Parser::ParserImpl::ConsumeField(google::protobuf::Message*)':
2026-10-06T17:16:28.8479164Z external/protobuf+/src/google/protobuf/text_format.cc:663:54: warning: 'bool google::protobuf::FieldOptions::weak() const' is deprecated [-Wdeprecated-declarations]
2026-10-06T17:16:28.8480418Z   663 |       if (consumed_semicolon && field->options().weak() &&
2026-10-06T17:16:28.8481115Z       |                                 ~~~~~~~~~~~~~~~~~~~~~^~
2026-10-06T17:16:28.8481961Z In file included from external/protobuf+/src/google/protobuf/text_format.cc:46:
2026-10-06T17:16:28.8483654Z bazel-out/k8-opt-exec-ST-d57f47055a04/bin/external/protobuf+/src/google/protobuf/_virtual_includes/protobuf/google/protobuf/descriptor.pb.h:18861:13: note: declared here
2026-10-06T17:16:28.8484930Z 18861 | inline bool FieldOptions::weak() const {
2026-10-06T17:16:28.8485451Z       |             ^~~~~~~~~~~~
2026-10-06T17:16:29.4357884Z [771 / 939] Compiling src/google/protobuf/compiler/cpp/field.cc [for tool]; 2s processwrapper-sandbox ... (4 actions running)
2026-10-06T17:16:30.0864038Z INFO: From Compiling src/google/protobuf/map.cc:
2026-10-06T17:16:30.0892865Z In file included from bazel-out/k8-opt/bin/external/protobuf+/src/google/protobuf/_virtual_includes/protobuf_lite/google/protobuf/generated_enum_util.h:20,
2026-10-06T17:16:30.0953391Z                  from bazel-out/k8-opt/bin/external/protobuf+/src/google/protobuf/_virtual_includes/protobuf_lite/google/protobuf/map.h:41,
2026-10-06T17:16:30.0982562Z                  from external/protobuf+/src/google/protobuf/map.cc:8:
2026-10-06T17:16:30.1032734Z In function 'const google::protobuf::internal::ClassData* google::protobuf::internal::GetClassData(const Type&) [with Type = google::protobuf::MessageLite]',
2026-10-06T17:16:30.1073494Z     inlined from 'google::protobuf::internal::Offsets google::protobuf::internal::AlignAndAddSizeDynamic(size_t, UntypedMapBase::TypeKind, const google::protobuf::MessageLite*, size_t&)' at external/protobuf+/src/google/protobuf/map.cc:229:38,
2026-10-06T17:16:30.1123574Z     inlined from 'static google::protobuf::internal::UntypedMapBase::TypeInfo google::protobuf::internal::UntypedMapBase::GetTypeInfoDynamic(TypeKind, TypeKind, const google::protobuf::MessageLite*)' at external/protobuf+/src/google/protobuf/map.cc:249:29:
2026-10-06T17:16:30.1152667Z bazel-out/k8-opt/bin/external/protobuf+/src/google/protobuf/_virtual_includes/protobuf_lite/google/protobuf/message_lite.h:1230:28: warning: 'this' pointer is null [-Wnonnull]
2026-10-06T17:16:30.1181974Z  1230 |     return msg.GetClassData();
2026-10-06T17:16:30.1202041Z       |            ~~~~~~~~~~~~~~~~^~
2026-10-06T17:16:30.5883373Z [773 / 939] Compiling src/google/protobuf/compiler/cpp/field.cc [for tool]; 4s processwrapper-sandbox ... (4 actions, 3 running)
2026-10-06T17:16:32.4402892Z [774 / 939] Compiling src/google/protobuf/compiler/cpp/field.cc [for tool]; 5s processwrapper-sandbox ... (4 actions running)
2026-10-06T17:16:32.8152751Z INFO: From Compiling src/google/protobuf/reflection_ops.cc [for tool]:
2026-10-06T17:16:32.8200815Z In file included from external/protobuf+/src/google/protobuf/reflection_ops.cc:22:
2026-10-06T17:16:32.8233929Z bazel-out/k8-opt-exec-ST-d57f47055a04/bin/external/protobuf+/src/google/protobuf/_virtual_includes/protobuf/google/protobuf/map_field.h: In constructor 'google::protobuf::internal::MapFieldBase::ReflectionPayload::ReflectionPayload(google::protobuf::Arena*, const google::protobuf::Message*)':
2026-10-06T17:16:32.8255014Z bazel-out/k8-opt-exec-ST-d57f47055a04/bin/external/protobuf+/src/google/protobuf/_virtual_includes/protobuf/google/protobuf/map_field.h:416:11: warning: 'google::protobuf::RepeatedPtrField<T>::RepeatedPtrField(google::protobuf::Arena*) [with Element = google::protobuf::Message]' is deprecated: Use Arena::Create<RepeatedPtrField<...>>(Arena*) instead [-Wdeprecated-declarations]
2026-10-06T17:16:32.8289078Z   416 |         : repeated_field_(arena), prototype_(prototype) {}
2026-10-06T17:16:32.8295386Z       |           ^~~~~~~~~~~~~~~~~~~~~~
2026-10-06T17:16:32.8296926Z In file included from bazel-out/k8-opt-exec-ST-d57f47055a04/bin/external/protobuf+/src/google/protobuf/_virtual_includes/protobuf_lite/google/protobuf/repeated_field.h:46,
2026-10-06T17:16:32.8300485Z                  from bazel-out/k8-opt-exec-ST-d57f47055a04/bin/external/protobuf+/src/google/protobuf/_virtual_includes/protobuf_lite/google/protobuf/parse_context.h:39,
2026-10-06T17:16:32.8303949Z                  from bazel-out/k8-opt-exec-ST-d57f47055a04/bin/external/protobuf+/src/google/protobuf/_virtual_includes/protobuf_lite/google/protobuf/generated_message_tctable_decl.h:25,
2026-10-06T17:16:32.8307425Z                  from bazel-out/k8-opt-exec-ST-d57f47055a04/bin/external/protobuf+/src/google/protobuf/_virtual_includes/protobuf_lite/google/protobuf/extension_set.h:40,
2026-10-06T17:16:32.8310509Z                  from bazel-out/k8-opt-exec-ST-d57f47055a04/bin/external/protobuf+/src/google/protobuf/_virtual_includes/protobuf/google/protobuf/descriptor.h:56,
2026-10-06T17:16:32.8313519Z                  from bazel-out/k8-opt-exec-ST-d57f47055a04/bin/external/protobuf+/src/google/protobuf/_virtual_includes/protobuf/google/protobuf/message.h:112,
2026-10-06T17:16:32.8316496Z                  from bazel-out/k8-opt-exec-ST-d57f47055a04/bin/external/protobuf+/src/google/protobuf/_virtual_includes/protobuf/google/protobuf/reflection_ops.h:18,
2026-10-06T17:16:32.8318528Z                  from external/protobuf+/src/google/protobuf/reflection_ops.cc:11:
2026-10-06T17:16:32.8320248Z bazel-out/k8-opt-exec-ST-d57f47055a04/bin/external/protobuf+/src/google/protobuf/_virtual_includes/protobuf_lite/google/protobuf/repeated_ptr_field.h:1380:8: note: declared here
2026-10-06T17:16:32.8322306Z  1380 | inline RepeatedPtrField<Element>::RepeatedPtrField(Arena* arena)
2026-10-06T17:16:32.8323207Z       |        ^~~~~~~~~~~~~~~~~~~~~~~~~
2026-10-06T17:16:33.4413075Z [779 / 939] Compiling src/google/protobuf/compiler/cpp/field.cc [for tool]; 6s processwrapper-sandbox ... (4 actions running)
2026-10-06T17:16:33.6292814Z INFO: From Compiling src/google/protobuf/compiler/cpp/field.cc [for tool]:
2026-10-06T17:16:33.6314320Z In file included from bazel-out/k8-opt-exec-ST-d57f47055a04/bin/external/protobuf+/src/google/protobuf/compiler/cpp/_virtual_includes/cpp/google/protobuf/compiler/cpp/field.h:26,
2026-10-06T17:16:33.6332621Z                  from external/protobuf+/src/google/protobuf/compiler/cpp/field.cc:12:
2026-10-06T17:16:33.6335033Z bazel-out/k8-opt-exec-ST-d57f47055a04/bin/external/protobuf+/src/google/protobuf/compiler/cpp/_virtual_includes/names_internal/google/protobuf/compiler/cpp/helpers.h: In function 'bool google::protobuf::compiler::cpp::IsWeak(const google::protobuf::FieldDescriptor*, const Options&)':
2026-10-06T17:16:33.6338270Z bazel-out/k8-opt-exec-ST-d57f47055a04/bin/external/protobuf+/src/google/protobuf/compiler/cpp/_virtual_includes/names_internal/google/protobuf/compiler/cpp/helpers.h:347:28: warning: 'bool google::protobuf::FieldOptions::weak() const' is deprecated [-Wdeprecated-declarations]
2026-10-06T17:16:33.6340111Z   347 |   if (field->options().weak()) {
2026-10-06T17:16:33.6340610Z       |       ~~~~~~~~~~~~~~~~~~~~~^~
2026-10-06T17:16:33.6342326Z In file included from bazel-out/k8-opt-exec-ST-d57f47055a04/bin/external/protobuf+/src/google/protobuf/compiler/_virtual_includes/code_generator_lite/google/protobuf/compiler/code_generator_lite.h:18,
2026-10-06T17:16:33.6345634Z                  from bazel-out/k8-opt-exec-ST-d57f47055a04/bin/external/protobuf+/src/google/protobuf/compiler/_virtual_includes/code_generator/google/protobuf/compiler/code_generator.h:25,
2026-10-06T17:16:33.6348876Z                  from bazel-out/k8-opt-exec-ST-d57f47055a04/bin/external/protobuf+/src/google/protobuf/compiler/cpp/_virtual_includes/names_internal/google/protobuf/compiler/cpp/helpers.h:29:
2026-10-06T17:16:33.6371706Z bazel-out/k8-opt-exec-ST-d57f47055a04/bin/external/protobuf+/src/google/protobuf/_virtual_includes/protobuf/google/protobuf/descriptor.pb.h:18861:13: note: declared here
2026-10-06T17:16:33.6373123Z 18861 | inline bool FieldOptions::weak() const {
2026-10-06T17:16:33.6373682Z       |             ^~~~~~~~~~~~
2026-10-06T17:16:35.4407842Z [780 / 939] Compiling src/google/protobuf/io/printer.cc; 2s processwrapper-sandbox ... (4 actions running)
2026-10-06T17:16:37.4302639Z INFO: From Compiling src/google/protobuf/compiler/cpp/field_chunk.cc [for tool]:
2026-10-06T17:16:37.4353166Z In file included from bazel-out/k8-opt-exec-ST-d57f47055a04/bin/external/protobuf+/src/google/protobuf/compiler/cpp/_virtual_includes/cpp/google/protobuf/compiler/cpp/field_chunk.h:10,
2026-10-06T17:16:37.4388827Z                  from external/protobuf+/src/google/protobuf/compiler/cpp/field_chunk.cc:1:
2026-10-06T17:16:37.4433409Z bazel-out/k8-opt-exec-ST-d57f47055a04/bin/external/protobuf+/src/google/protobuf/compiler/cpp/_virtual_includes/names_internal/google/protobuf/compiler/cpp/helpers.h: In function 'bool google::protobuf::compiler::cpp::IsWeak(const google::protobuf::FieldDescriptor*, const Options&)':
2026-10-06T17:16:37.4456191Z bazel-out/k8-opt-exec-ST-d57f47055a04/bin/external/protobuf+/src/google/protobuf/compiler/cpp/_virtual_includes/names_internal/google/protobuf/compiler/cpp/helpers.h:347:28: warning: 'bool google::protobuf::FieldOptions::weak() const' is deprecated [-Wdeprecated-declarations]
2026-10-06T17:16:37.4481862Z   347 |   if (field->options().weak()) {
2026-10-06T17:16:37.4497216Z       |       ~~~~~~~~~~~~~~~~~~~~~^~
2026-10-06T17:16:37.4499178Z In file included from bazel-out/k8-opt-exec-ST-d57f47055a04/bin/external/protobuf+/src/google/protobuf/compiler/_virtual_includes/code_generator_lite/google/protobuf/compiler/code_generator_lite.h:18,
2026-10-06T17:16:37.4503256Z                  from bazel-out/k8-opt-exec-ST-d57f47055a04/bin/external/protobuf+/src/google/protobuf/compiler/_virtual_includes/code_generator/google/protobuf/compiler/code_generator.h:25,
2026-10-06T17:16:37.4507057Z                  from bazel-out/k8-opt-exec-ST-d57f47055a04/bin/external/protobuf+/src/google/protobuf/compiler/cpp/_virtual_includes/names_internal/google/protobuf/compiler/cpp/helpers.h:29:
2026-10-06T17:16:37.4509505Z bazel-out/k8-opt-exec-ST-d57f47055a04/bin/external/protobuf+/src/google/protobuf/_virtual_includes/protobuf/google/protobuf/descriptor.pb.h:18861:13: note: declared here
2026-10-06T17:16:37.4511091Z 18861 | inline bool FieldOptions::weak() const {
2026-10-06T17:16:37.4512141Z       |             ^~~~~~~~~~~~
2026-10-06T17:16:37.4513164Z [783 / 939] Compiling src/google/protobuf/io/printer.cc; 4s processwrapper-sandbox ... (4 actions, 3 running)
2026-10-06T17:16:38.4429677Z [786 / 939] Compiling src/google/protobuf/message.cc [for tool]; 5s processwrapper-sandbox ... (4 actions running)
2026-10-06T17:16:38.4972642Z INFO: From Compiling src/google/protobuf/message.cc [for tool]:
2026-10-06T17:16:38.4992279Z In file included from external/protobuf+/src/google/protobuf/message.cc:40:
2026-10-06T17:16:38.5023677Z bazel-out/k8-opt-exec-ST-d57f47055a04/bin/external/protobuf+/src/google/protobuf/_virtual_includes/protobuf/google/protobuf/map_field.h: In constructor 'google::protobuf::internal::MapFieldBase::ReflectionPayload::ReflectionPayload(google::protobuf::Arena*, const google::protobuf::Message*)':
2026-10-06T17:16:38.5044142Z bazel-out/k8-opt-exec-ST-d57f47055a04/bin/external/protobuf+/src/google/protobuf/_virtual_includes/protobuf/google/protobuf/map_field.h:416:11: warning: 'google::protobuf::RepeatedPtrField<T>::RepeatedPtrField(google::protobuf::Arena*) [with Element = google::protobuf::Message]' is deprecated: Use Arena::Create<RepeatedPtrField<...>>(Arena*) instead [-Wdeprecated-declarations]
2026-10-06T17:16:38.5051964Z   416 |         : repeated_field_(arena), prototype_(prototype) {}
2026-10-06T17:16:38.5072048Z       |           ^~~~~~~~~~~~~~~~~~~~~~
2026-10-06T17:16:38.5102761Z In file included from bazel-out/k8-opt-exec-ST-d57f47055a04/bin/external/protobuf+/src/google/protobuf/_virtual_includes/protobuf_lite/google/protobuf/repeated_field.h:46,
2026-10-06T17:16:38.5133681Z                  from bazel-out/k8-opt-exec-ST-d57f47055a04/bin/external/protobuf+/src/google/protobuf/_virtual_includes/protobuf_lite/google/protobuf/parse_context.h:39,
2026-10-06T17:16:38.5203754Z                  from bazel-out/k8-opt-exec-ST-d57f47055a04/bin/external/protobuf+/src/google/protobuf/_virtual_includes/protobuf_lite/google/protobuf/generated_message_tctable_decl.h:25,
2026-10-06T17:16:38.5223734Z                  from bazel-out/k8-opt-exec-ST-d57f47055a04/bin/external/protobuf+/src/google/protobuf/_virtual_includes/protobuf_lite/google/protobuf/extension_set.h:40,
2026-10-06T17:16:38.5233580Z                  from bazel-out/k8-opt-exec-ST-d57f47055a04/bin/external/protobuf+/src/google/protobuf/_virtual_includes/protobuf/google/protobuf/descriptor.h:56,
2026-10-06T17:16:38.5263519Z                  from bazel-out/k8-opt-exec-ST-d57f47055a04/bin/external/protobuf+/src/google/protobuf/_virtual_includes/protobuf/google/protobuf/message.h:112,
2026-10-06T17:16:38.5282647Z                  from external/protobuf+/src/google/protobuf/message.cc:12:
2026-10-06T17:16:38.5312777Z bazel-out/k8-opt-exec-ST-d57f47055a04/bin/external/protobuf+/src/google/protobuf/_virtual_includes/protobuf_lite/google/protobuf/repeated_ptr_field.h:1380:8: note: declared here
2026-10-06T17:16:38.5314386Z  1380 | inline RepeatedPtrField<Element>::RepeatedPtrField(Arena* arena)
2026-10-06T17:16:38.5315111Z       |        ^~~~~~~~~~~~~~~~~~~~~~~~~
2026-10-06T17:16:39.4434773Z [789 / 939] Compiling src/google/protobuf/compiler/cpp/field_generators/cord_field.cc [for tool]; 2s processwrapper-sandbox ... (4 actions running)
2026-10-06T17:16:41.4423154Z [790 / 939] Compiling src/google/protobuf/compiler/cpp/field_generators/cord_field.cc [for tool]; 4s processwrapper-sandbox ... (4 actions running)
2026-10-06T17:16:42.3792684Z INFO: From Compiling src/google/protobuf/map_field.cc [for tool]:
2026-10-06T17:16:42.3822464Z In file included from external/protobuf+/src/google/protobuf/map_field.cc:8:
2026-10-06T17:16:42.3853369Z bazel-out/k8-opt-exec-ST-d57f47055a04/bin/external/protobuf+/src/google/protobuf/_virtual_includes/protobuf/google/protobuf/map_field.h: In constructor 'google::protobuf::internal::MapFieldBase::ReflectionPayload::ReflectionPayload(google::protobuf::Arena*, const google::protobuf::Message*)':
2026-10-06T17:16:42.3883829Z bazel-out/k8-opt-exec-ST-d57f47055a04/bin/external/protobuf+/src/google/protobuf/_virtual_includes/protobuf/google/protobuf/map_field.h:416:11: warning: 'google::protobuf::RepeatedPtrField<T>::RepeatedPtrField(google::protobuf::Arena*) [with Element = google::protobuf::Message]' is deprecated: Use Arena::Create<RepeatedPtrField<...>>(Arena*) instead [-Wdeprecated-declarations]
2026-10-06T17:16:42.3912066Z   416 |         : repeated_field_(arena), prototype_(prototype) {}
2026-10-06T17:16:42.3912991Z       |           ^~~~~~~~~~~~~~~~~~~~~~
2026-10-06T17:16:42.3928850Z In file included from bazel-out/k8-opt-exec-ST-d57f47055a04/bin/external/protobuf+/src/google/protobuf/_virtual_includes/protobuf_lite/google/protobuf/repeated_field.h:46,
2026-10-06T17:16:42.3943796Z                  from bazel-out/k8-opt-exec-ST-d57f47055a04/bin/external/protobuf+/src/google/protobuf/_virtual_includes/protobuf_lite/google/protobuf/parse_context.h:39,
2026-10-06T17:16:42.3973823Z                  from bazel-out/k8-opt-exec-ST-d57f47055a04/bin/external/protobuf+/src/google/protobuf/_virtual_includes/protobuf_lite/google/protobuf/generated_message_tctable_decl.h:25,
2026-10-06T17:16:42.4003544Z                  from bazel-out/k8-opt-exec-ST-d57f47055a04/bin/external/protobuf+/src/google/protobuf/_virtual_includes/protobuf_lite/google/protobuf/extension_set.h:40,
2026-10-06T17:16:42.4006526Z                  from bazel-out/k8-opt-exec-ST-d57f47055a04/bin/external/protobuf+/src/google/protobuf/_virtual_includes/protobuf/google/protobuf/descriptor.h:56,
2026-10-06T17:16:42.4033504Z                  from bazel-out/k8-opt-exec-ST-d57f47055a04/bin/external/protobuf+/src/google/protobuf/_virtual_includes/protobuf/google/protobuf/map_field.h:23:
2026-10-06T17:16:42.4062875Z bazel-out/k8-opt-exec-ST-d57f47055a04/bin/external/protobuf+/src/google/protobuf/_virtual_includes/protobuf_lite/google/protobuf/repeated_ptr_field.h:1380:8: note: declared here
2026-10-06T17:16:42.4092102Z  1380 | inline RepeatedPtrField<Element>::RepeatedPtrField(Arena* arena)
2026-10-06T17:16:42.4102121Z       |        ^~~~~~~~~~~~~~~~~~~~~~~~~
2026-10-06T17:16:42.4452903Z [794 / 939] Compiling src/google/protobuf/compiler/cpp/field_generators/cord_field.cc [for tool]; 5s processwrapper-sandbox ... (4 actions running)
2026-10-06T17:16:43.1874334Z INFO: From Compiling src/google/protobuf/compiler/cpp/field_generators/cord_field.cc [for tool]:
2026-10-06T17:16:43.1933161Z In file included from bazel-out/k8-opt-exec-ST-d57f47055a04/bin/external/protobuf+/src/google/protobuf/compiler/cpp/_virtual_includes/cpp/google/protobuf/compiler/cpp/field.h:26,
2026-10-06T17:16:43.1989337Z                  from external/protobuf+/src/google/protobuf/compiler/cpp/field_generators/cord_field.cc:23:
2026-10-06T17:16:43.2043637Z bazel-out/k8-opt-exec-ST-d57f47055a04/bin/external/protobuf+/src/google/protobuf/compiler/cpp/_virtual_includes/names_internal/google/protobuf/compiler/cpp/helpers.h: In function 'bool google::protobuf::compiler::cpp::IsWeak(const google::protobuf::FieldDescriptor*, const Options&)':
2026-10-06T17:16:43.2073503Z bazel-out/k8-opt-exec-ST-d57f47055a04/bin/external/protobuf+/src/google/protobuf/compiler/cpp/_virtual_includes/names_internal/google/protobuf/compiler/cpp/helpers.h:347:28: warning: 'bool google::protobuf::FieldOptions::weak() const' is deprecated [-Wdeprecated-declarations]
2026-10-06T17:16:43.2131909Z   347 |   if (field->options().weak()) {
2026-10-06T17:16:43.2132474Z       |       ~~~~~~~~~~~~~~~~~~~~~^~
2026-10-06T17:16:43.2133814Z In file included from bazel-out/k8-opt-exec-ST-d57f47055a04/bin/external/protobuf+/src/google/protobuf/compiler/_virtual_includes/code_generator_lite/google/protobuf/compiler/code_generator_lite.h:18,
2026-10-06T17:16:43.2136930Z                  from bazel-out/k8-opt-exec-ST-d57f47055a04/bin/external/protobuf+/src/google/protobuf/compiler/_virtual_includes/code_generator/google/protobuf/compiler/code_generator.h:25,
2026-10-06T17:16:43.2139892Z                  from bazel-out/k8-opt-exec-ST-d57f47055a04/bin/external/protobuf+/src/google/protobuf/compiler/cpp/_virtual_includes/names_internal/google/protobuf/compiler/cpp/helpers.h:29:
2026-10-06T17:16:43.2141992Z bazel-out/k8-opt-exec-ST-d57f47055a04/bin/external/protobuf+/src/google/protobuf/_virtual_includes/protobuf/google/protobuf/descriptor.pb.h:18861:13: note: declared here
2026-10-06T17:16:43.2143235Z 18861 | inline bool FieldOptions::weak() const {
2026-10-06T17:16:43.2143736Z       |             ^~~~~~~~~~~~
2026-10-06T17:16:43.4962386Z [797 / 939] Compiling src/google/protobuf/cpp_features.pb.cc; 1s processwrapper-sandbox ... (4 actions, 3 running)
2026-10-06T17:16:44.6593168Z [798 / 939] Compiling src/google/protobuf/internal_feature_helper.cc [for tool]; 2s processwrapper-sandbox ... (4 actions, 3 running)
2026-10-06T17:16:45.7042168Z [800 / 939] Compiling src/google/protobuf/compiler/cpp/field_generators/enum_field.cc [for tool]; 2s processwrapper-sandbox ... (4 actions, 3 running)
2026-10-06T17:16:47.4023105Z [801 / 939] Compiling src/google/protobuf/compiler/cpp/field_generators/enum_field.cc [for tool]; 4s processwrapper-sandbox ... (4 actions, 3 running)
2026-10-06T17:16:48.4452971Z [801 / 939] Compiling src/google/protobuf/compiler/cpp/field_generators/enum_field.cc [for tool]; 5s processwrapper-sandbox ... (4 actions running)
2026-10-06T17:16:49.0478293Z INFO: From Compiling src/google/protobuf/compiler/cpp/field_generators/enum_field.cc [for tool]:
2026-10-06T17:16:49.0522890Z In file included from bazel-out/k8-opt-exec-ST-d57f47055a04/bin/external/protobuf+/src/google/protobuf/compiler/cpp/_virtual_includes/cpp/google/protobuf/compiler/cpp/field.h:26,
2026-10-06T17:16:49.0552804Z                  from external/protobuf+/src/google/protobuf/compiler/cpp/field_generators/enum_field.cc:20:
2026-10-06T17:16:49.0573581Z bazel-out/k8-opt-exec-ST-d57f47055a04/bin/external/protobuf+/src/google/protobuf/compiler/cpp/_virtual_includes/names_internal/google/protobuf/compiler/cpp/helpers.h: In function 'bool google::protobuf::compiler::cpp::IsWeak(const google::protobuf::FieldDescriptor*, const Options&)':
2026-10-06T17:16:49.0583845Z bazel-out/k8-opt-exec-ST-d57f47055a04/bin/external/protobuf+/src/google/protobuf/compiler/cpp/_virtual_includes/names_internal/google/protobuf/compiler/cpp/helpers.h:347:28: warning: 'bool google::protobuf::FieldOptions::weak() const' is deprecated [-Wdeprecated-declarations]
2026-10-06T17:16:49.0625039Z   347 |   if (field->options().weak()) {
2026-10-06T17:16:49.0629704Z       |       ~~~~~~~~~~~~~~~~~~~~~^~
2026-10-06T17:16:49.0631624Z In file included from bazel-out/k8-opt-exec-ST-d57f47055a04/bin/external/protobuf+/src/google/protobuf/compiler/_virtual_includes/code_generator_lite/google/protobuf/compiler/code_generator_lite.h:18,
2026-10-06T17:16:49.0637823Z                  from bazel-out/k8-opt-exec-ST-d57f47055a04/bin/external/protobuf+/src/google/protobuf/compiler/_virtual_includes/code_generator/google/protobuf/compiler/code_generator.h:25,
2026-10-06T17:16:49.0641918Z                  from bazel-out/k8-opt-exec-ST-d57f47055a04/bin/external/protobuf+/src/google/protobuf/compiler/cpp/_virtual_includes/names_internal/google/protobuf/compiler/cpp/helpers.h:29:
2026-10-06T17:16:49.0644244Z bazel-out/k8-opt-exec-ST-d57f47055a04/bin/external/protobuf+/src/google/protobuf/_virtual_includes/protobuf/google/protobuf/descriptor.pb.h:18861:13: note: declared here
2026-10-06T17:16:49.0645726Z 18861 | inline bool FieldOptions::weak() const {
2026-10-06T17:16:49.0646447Z       |             ^~~~~~~~~~~~
2026-10-06T17:16:49.2798013Z INFO: From Compiling src/google/protobuf/generated_message_tctable_gen.cc [for tool]:
2026-10-06T17:16:49.2822925Z external/protobuf+/src/google/protobuf/generated_message_tctable_gen.cc: In function 'bool google::protobuf::internal::{anonymous}::HasWeakFields(const google::protobuf::Descriptor*)':
2026-10-06T17:16:49.2852597Z external/protobuf+/src/google/protobuf/generated_message_tctable_gen.cc:699:45: warning: 'bool google::protobuf::FieldOptions::weak() const' is deprecated [-Wdeprecated-declarations]
2026-10-06T17:16:49.2871999Z   699 |     if (descriptor->field(i)->options().weak()) {
2026-10-06T17:16:49.2892159Z       |         ~~~~~~~~~~~~~~~~~~~~~~~~~~~~~~~~~~~~^~
2026-10-06T17:16:49.2893771Z In file included from bazel-out/k8-opt-exec-ST-d57f47055a04/bin/external/protobuf+/src/google/protobuf/_virtual_includes/protobuf/google/protobuf/generated_message_tctable_gen.h:21,
2026-10-06T17:16:49.2895908Z                  from external/protobuf+/src/google/protobuf/generated_message_tctable_gen.cc:8:
2026-10-06T17:16:49.2897567Z bazel-out/k8-opt-exec-ST-d57f47055a04/bin/external/protobuf+/src/google/protobuf/_virtual_includes/protobuf/google/protobuf/descriptor.pb.h:18861:13: note: declared here
2026-10-06T17:16:49.2898975Z 18861 | inline bool FieldOptions::weak() const {
2026-10-06T17:16:49.2899662Z       |             ^~~~~~~~~~~~
2026-10-06T17:16:49.2901139Z external/protobuf+/src/google/protobuf/generated_message_tctable_gen.cc: In function 'bool google::protobuf::internal::IsFieldTypeEligibleForFastParsing(const google::protobuf::FieldDescriptor*)':
2026-10-06T17:16:49.2903522Z external/protobuf+/src/google/protobuf/generated_message_tctable_gen.cc:738:28: warning: 'bool google::protobuf::FieldOptions::weak() const' is deprecated [-Wdeprecated-declarations]
2026-10-06T17:16:49.2904879Z   738 |       field->options().weak()) {
2026-10-06T17:16:49.2905563Z       |       ~~~~~~~~~~~~~~~~~~~~~^~
2026-10-06T17:16:49.2906896Z bazel-out/k8-opt-exec-ST-d57f47055a04/bin/external/protobuf+/src/google/protobuf/_virtual_includes/protobuf/google/protobuf/descriptor.pb.h:18861:13: note: declared here
2026-10-06T17:16:49.2908566Z 18861 | inline bool FieldOptions::weak() const {
2026-10-06T17:16:49.2909242Z       |             ^~~~~~~~~~~~
2026-10-06T17:16:49.2910077Z external/protobuf+/src/google/protobuf/generated_message_tctable_gen.cc: In lambda function:
2026-10-06T17:16:49.2911836Z external/protobuf+/src/google/protobuf/generated_message_tctable_gen.cc:773:54: warning: 'bool google::protobuf::FieldOptions::weak() const' is deprecated [-Wdeprecated-declarations]
2026-10-06T17:16:49.2913265Z   773 |            !field->is_map() && !field->options().weak() &&
2026-10-06T17:16:49.2914083Z       |                                 ~~~~~~~~~~~~~~~~~~~~~^~
2026-10-06T17:16:49.2915662Z bazel-out/k8-opt-exec-ST-d57f47055a04/bin/external/protobuf+/src/google/protobuf/_virtual_includes/protobuf/google/protobuf/descriptor.pb.h:18861:13: note: declared here
2026-10-06T17:16:49.2917031Z 18861 | inline bool FieldOptions::weak() const {
2026-10-06T17:16:49.2917716Z       |             ^~~~~~~~~~~~
2026-10-06T17:16:49.2920136Z external/protobuf+/src/google/protobuf/generated_message_tctable_gen.cc: In static member function 'static std::vector<google::protobuf::internal::TailCallTableInfo::FieldEntryInfo> google::protobuf::internal::TailCallTableInfo::BuildFieldEntries(const google::protobuf::Descriptor*, const MessageOptions&, absl::lts_20250814::Span<const FieldOptions>, std::vector<AuxEntry>&)':
2026-10-06T17:16:49.2923606Z external/protobuf+/src/google/protobuf/generated_message_tctable_gen.cc:813:39: warning: 'bool google::protobuf::FieldOptions::weak() const' is deprecated [-Wdeprecated-declarations]
2026-10-06T17:16:49.2924995Z   813 |       } else if (field->options().weak()) {
2026-10-06T17:16:49.2925709Z       |                  ~~~~~~~~~~~~~~~~~~~~~^~
2026-10-06T17:16:49.2927087Z bazel-out/k8-opt-exec-ST-d57f47055a04/bin/external/protobuf+/src/google/protobuf/_virtual_includes/protobuf/google/protobuf/descriptor.pb.h:18861:13: note: declared here
2026-10-06T17:16:49.2928459Z 18861 | inline bool FieldOptions::weak() const {
2026-10-06T17:16:49.2929134Z       |             ^~~~~~~~~~~~
2026-10-06T17:16:49.4508545Z [804 / 939] Compiling src/google/protobuf/descriptor.cc; 4s processwrapper-sandbox ... (4 actions running)
2026-10-06T17:16:51.1209653Z [805 / 939] Compiling src/google/protobuf/descriptor.cc; 6s processwrapper-sandbox ... (4 actions, 3 running)
2026-10-06T17:16:52.4502951Z [807 / 939] Compiling src/google/protobuf/descriptor.cc; 7s processwrapper-sandbox ... (4 actions running)
2026-10-06T17:16:54.1004645Z [808 / 939] Compiling src/google/protobuf/descriptor.cc; 9s processwrapper-sandbox ... (4 actions, 3 running)
2026-10-06T17:16:55.4503181Z [808 / 939] Compiling src/google/protobuf/descriptor.cc; 10s processwrapper-sandbox ... (4 actions running)
2026-10-06T17:16:55.7272665Z INFO: From Compiling src/google/protobuf/compiler/cpp/field_generators/map_field.cc [for tool]:
2026-10-06T17:16:55.7302945Z In file included from bazel-out/k8-opt-exec-ST-d57f47055a04/bin/external/protobuf+/src/google/protobuf/compiler/cpp/_virtual_includes/cpp/google/protobuf/compiler/cpp/field.h:26,
2026-10-06T17:16:55.7362998Z                  from external/protobuf+/src/google/protobuf/compiler/cpp/field_generators/map_field.cc:19:
2026-10-06T17:16:55.7395460Z bazel-out/k8-opt-exec-ST-d57f47055a04/bin/external/protobuf+/src/google/protobuf/compiler/cpp/_virtual_includes/names_internal/google/protobuf/compiler/cpp/helpers.h: In function 'bool google::protobuf::compiler::cpp::IsWeak(const google::protobuf::FieldDescriptor*, const Options&)':
2026-10-06T17:16:55.7425873Z bazel-out/k8-opt-exec-ST-d57f47055a04/bin/external/protobuf+/src/google/protobuf/compiler/cpp/_virtual_includes/names_internal/google/protobuf/compiler/cpp/helpers.h:347:28: warning: 'bool google::protobuf::FieldOptions::weak() const' is deprecated [-Wdeprecated-declarations]
2026-10-06T17:16:55.7428246Z   347 |   if (field->options().weak()) {
2026-10-06T17:16:55.7429360Z       |       ~~~~~~~~~~~~~~~~~~~~~^~
2026-10-06T17:16:55.7430939Z In file included from bazel-out/k8-opt-exec-ST-d57f47055a04/bin/external/protobuf+/src/google/protobuf/compiler/_virtual_includes/code_generator_lite/google/protobuf/compiler/code_generator_lite.h:18,
2026-10-06T17:16:55.7434973Z                  from bazel-out/k8-opt-exec-ST-d57f47055a04/bin/external/protobuf+/src/google/protobuf/compiler/_virtual_includes/code_generator/google/protobuf/compiler/code_generator.h:25,
2026-10-06T17:16:55.7438532Z                  from bazel-out/k8-opt-exec-ST-d57f47055a04/bin/external/protobuf+/src/google/protobuf/compiler/cpp/_virtual_includes/names_internal/google/protobuf/compiler/cpp/helpers.h:29:
2026-10-06T17:16:55.7441765Z bazel-out/k8-opt-exec-ST-d57f47055a04/bin/external/protobuf+/src/google/protobuf/_virtual_includes/protobuf/google/protobuf/descriptor.pb.h:18861:13: note: declared here
2026-10-06T17:16:55.7443140Z 18861 | inline bool FieldOptions::weak() const {
2026-10-06T17:16:55.7443946Z       |             ^~~~~~~~~~~~
2026-10-06T17:16:56.4513136Z [809 / 939] Compiling src/google/protobuf/descriptor.cc; 11s processwrapper-sandbox ... (4 actions running)
2026-10-06T17:16:58.7482359Z [810 / 939] Compiling src/google/protobuf/descriptor.cc; 14s processwrapper-sandbox ... (4 actions, 3 running)
2026-10-06T17:17:00.4602693Z [810 / 939] Compiling src/google/protobuf/descriptor.cc; 15s processwrapper-sandbox ... (4 actions running)
2026-10-06T17:17:02.7412948Z [811 / 939] Compiling src/google/protobuf/descriptor.cc; 18s processwrapper-sandbox ... (4 actions, 3 running)
2026-10-06T17:17:03.0034328Z INFO: From Compiling src/google/protobuf/generated_message_reflection.cc [for tool]:
2026-10-06T17:17:03.0092434Z In file included from external/protobuf+/src/google/protobuf/generated_message_reflection.cc:51:
2026-10-06T17:17:03.0183749Z bazel-out/k8-opt-exec-ST-d57f47055a04/bin/external/protobuf+/src/google/protobuf/_virtual_includes/protobuf/google/protobuf/map_field.h: In constructor 'google::protobuf::internal::MapFieldBase::ReflectionPayload::ReflectionPayload(google::protobuf::Arena*, const google::protobuf::Message*)':
2026-10-06T17:17:03.0221889Z bazel-out/k8-opt-exec-ST-d57f47055a04/bin/external/protobuf+/src/google/protobuf/_virtual_includes/protobuf/google/protobuf/map_field.h:416:11: warning: 'google::protobuf::RepeatedPtrField<T>::RepeatedPtrField(google::protobuf::Arena*) [with Element = google::protobuf::Message]' is deprecated: Use Arena::Create<RepeatedPtrField<...>>(Arena*) instead [-Wdeprecated-declarations]
2026-10-06T17:17:03.0242240Z   416 |         : repeated_field_(arena), prototype_(prototype) {}
2026-10-06T17:17:03.0301908Z       |           ^~~~~~~~~~~~~~~~~~~~~~
2026-10-06T17:17:03.0332865Z In file included from bazel-out/k8-opt-exec-ST-d57f47055a04/bin/external/protobuf+/src/google/protobuf/_virtual_includes/protobuf_lite/google/protobuf/repeated_field.h:46,
2026-10-06T17:17:03.0343680Z                  from bazel-out/k8-opt-exec-ST-d57f47055a04/bin/external/protobuf+/src/google/protobuf/_virtual_includes/protobuf_lite/google/protobuf/parse_context.h:39,
2026-10-06T17:17:03.0347075Z                  from bazel-out/k8-opt-exec-ST-d57f47055a04/bin/external/protobuf+/src/google/protobuf/_virtual_includes/protobuf_lite/google/protobuf/generated_message_tctable_decl.h:25,
2026-10-06T17:17:03.0350461Z                  from bazel-out/k8-opt-exec-ST-d57f47055a04/bin/external/protobuf+/src/google/protobuf/_virtual_includes/protobuf_lite/google/protobuf/extension_set.h:40,
2026-10-06T17:17:03.0353910Z                  from bazel-out/k8-opt-exec-ST-d57f47055a04/bin/external/protobuf+/src/google/protobuf/_virtual_includes/protobuf/google/protobuf/descriptor.h:56,
2026-10-06T17:17:03.0357242Z                  from bazel-out/k8-opt-exec-ST-d57f47055a04/bin/external/protobuf+/src/google/protobuf/_virtual_includes/protobuf/google/protobuf/generated_message_reflection.h:26,
2026-10-06T17:17:03.0359454Z                  from external/protobuf+/src/google/protobuf/generated_message_reflection.cc:12:
2026-10-06T17:17:03.0361916Z bazel-out/k8-opt-exec-ST-d57f47055a04/bin/external/protobuf+/src/google/protobuf/_virtual_includes/protobuf_lite/google/protobuf/repeated_ptr_field.h:1380:8: note: declared here
2026-10-06T17:17:03.0363555Z  1380 | inline RepeatedPtrField<Element>::RepeatedPtrField(Arena* arena)
2026-10-06T17:17:03.0364435Z       |        ^~~~~~~~~~~~~~~~~~~~~~~~~
2026-10-06T17:17:03.0366318Z external/protobuf+/src/google/protobuf/generated_message_reflection.cc: In member function 'const google::protobuf::Message* google::protobuf::Reflection::GetDefaultMessageInstance(const google::protobuf::FieldDescriptor*) const':
2026-10-06T17:17:03.0368894Z external/protobuf+/src/google/protobuf/generated_message_reflection.cc:2526:55: warning: 'bool google::protobuf::FieldOptions::weak() const' is deprecated [-Wdeprecated-declarations]
2026-10-06T17:17:03.0370631Z  2526 |   if (!field->is_extension() && !field->options().weak() &&
2026-10-06T17:17:03.0371706Z       |                                  ~~~~~~~~~~~~~~~~~~~~~^~
2026-10-06T17:17:03.0372640Z In file included from external/protobuf+/src/google/protobuf/generated_message_reflection.cc:41:
2026-10-06T17:17:03.0374399Z bazel-out/k8-opt-exec-ST-d57f47055a04/bin/external/protobuf+/src/google/protobuf/_virtual_includes/protobuf/google/protobuf/descriptor.pb.h:18861:13: note: declared here
2026-10-06T17:17:03.0375860Z 18861 | inline bool FieldOptions::weak() const {
2026-10-06T17:17:03.0376559Z       |             ^~~~~~~~~~~~
2026-10-06T17:17:03.0377323Z In file included from external/abseil-cpp+/absl/log/internal/check_impl.h:20,
2026-10-06T17:17:03.0378622Z                  from external/abseil-cpp+/absl/log/absl_check.h:38,
2026-10-06T17:17:03.0381181Z                  from bazel-out/k8-opt-exec-ST-d57f47055a04/bin/external/protobuf+/src/google/protobuf/_virtual_includes/protobuf/google/protobuf/generated_message_reflection.h:25:
2026-10-06T17:17:03.0384019Z external/protobuf+/src/google/protobuf/generated_message_reflection.cc: In member function 'bool google::protobuf::Reflection::HasFieldWithHasbits(const google::protobuf::Message&, const google::protobuf::FieldDescriptor*) const':
2026-10-06T17:17:03.0386493Z external/protobuf+/src/google/protobuf/generated_message_reflection.cc:3290:37: warning: 'bool google::protobuf::FieldOptions::weak() const' is deprecated [-Wdeprecated-declarations]
2026-10-06T17:17:03.0387910Z  3290 |   ABSL_DCHECK(!field->options().weak());
2026-10-06T17:17:03.0388638Z       |                ~~~~~~~~~~~~~~~~~~~~~^~
2026-10-06T17:17:03.0389798Z external/abseil-cpp+/absl/log/internal/conditions.h:68:7: note: in definition of macro 'ABSL_LOG_INTERNAL_STATELESS_CONDITION'
2026-10-06T17:17:03.0391056Z    68 |     !(condition) ? (void)0 : ::absl::log_internal::Voidify() &&
2026-10-06T17:17:03.0392125Z       |       ^~~~~~~~~
2026-10-06T17:17:03.0393165Z external/abseil-cpp+/absl/log/internal/check_impl.h:26:3: note: in expansion of macro 'ABSL_LOG_INTERNAL_CONDITION_FATAL'
2026-10-06T17:17:03.0394502Z    26 |   ABSL_LOG_INTERNAL_CONDITION_FATAL(STATELESS,                        \
2026-10-06T17:17:03.0395481Z       |   ^~~~~~~~~~~~~~~~~~~~~~~~~~~~~~~~~
2026-10-06T17:17:03.0396478Z external/abseil-cpp+/absl/log/internal/check_impl.h:27:37: note: in expansion of macro 'ABSL_PREDICT_FALSE'
2026-10-06T17:17:03.0397653Z    27 |                                     ABSL_PREDICT_FALSE(!(condition))) \
2026-10-06T17:17:03.0398536Z       |                                     ^~~~~~~~~~~~~~~~~~
2026-10-06T17:17:03.0399614Z external/abseil-cpp+/absl/log/internal/check_impl.h:43:3: note: in expansion of macro 'ABSL_LOG_INTERNAL_CHECK_IMPL'
2026-10-06T17:17:03.0400863Z    43 |   ABSL_LOG_INTERNAL_CHECK_IMPL(true || (condition), "true")
2026-10-06T17:17:03.0401911Z       |   ^~~~~~~~~~~~~~~~~~~~~~~~~~~~
2026-10-06T17:17:03.0402935Z external/abseil-cpp+/absl/log/absl_check.h:47:3: note: in expansion of macro 'ABSL_LOG_INTERNAL_DCHECK_IMPL'
2026-10-06T17:17:03.0404122Z    47 |   ABSL_LOG_INTERNAL_DCHECK_IMPL((condition), #condition)
2026-10-06T17:17:03.0405243Z       |   ^~~~~~~~~~~~~~~~~~~~~~~~~~~~~
2026-10-06T17:17:03.0406362Z external/protobuf+/src/google/protobuf/generated_message_reflection.cc:3290:3: note: in expansion of macro 'ABSL_DCHECK'
2026-10-06T17:17:03.0407531Z  3290 |   ABSL_DCHECK(!field->options().weak());
2026-10-06T17:17:03.0408190Z       |   ^~~~~~~~~~~
2026-10-06T17:17:03.0409531Z bazel-out/k8-opt-exec-ST-d57f47055a04/bin/external/protobuf+/src/google/protobuf/_virtual_includes/protobuf/google/protobuf/descriptor.pb.h:18861:13: note: declared here
2026-10-06T17:17:03.0411106Z 18861 | inline bool FieldOptions::weak() const {
2026-10-06T17:17:03.0412008Z       |             ^~~~~~~~~~~~
2026-10-06T17:17:03.0413927Z external/protobuf+/src/google/protobuf/generated_message_reflection.cc: In member function 'void google::protobuf::Reflection::SetHasBit(google::protobuf::Message*, const google::protobuf::FieldDescriptor*) const':
2026-10-06T17:17:03.0416493Z external/protobuf+/src/google/protobuf/generated_message_reflection.cc:3323:37: warning: 'bool google::protobuf::FieldOptions::weak() const' is deprecated [-Wdeprecated-declarations]
2026-10-06T17:17:03.0418001Z  3323 |   ABSL_DCHECK(!field->options().weak());
2026-10-06T17:17:03.0418761Z       |                ~~~~~~~~~~~~~~~~~~~~~^~
2026-10-06T17:17:03.0419897Z external/abseil-cpp+/absl/log/internal/conditions.h:68:7: note: in definition of macro 'ABSL_LOG_INTERNAL_STATELESS_CONDITION'
2026-10-06T17:17:03.0421440Z    68 |     !(condition) ? (void)0 : ::absl::log_internal::Voidify() &&
2026-10-06T17:17:03.0422189Z       |       ^~~~~~~~~
2026-10-06T17:17:03.0423149Z external/abseil-cpp+/absl/log/internal/check_impl.h:26:3: note: in expansion of macro 'ABSL_LOG_INTERNAL_CONDITION_FATAL'
2026-10-06T17:17:03.0424412Z    26 |   ABSL_LOG_INTERNAL_CONDITION_FATAL(STATELESS,                        \
2026-10-06T17:17:03.0425258Z       |   ^~~~~~~~~~~~~~~~~~~~~~~~~~~~~~~~~
2026-10-06T17:17:03.0426230Z external/abseil-cpp+/absl/log/internal/check_impl.h:27:37: note: in expansion of macro 'ABSL_PREDICT_FALSE'
2026-10-06T17:17:03.0427439Z    27 |                                     ABSL_PREDICT_FALSE(!(condition))) \
2026-10-06T17:17:03.0428277Z       |                                     ^~~~~~~~~~~~~~~~~~
2026-10-06T17:17:03.0429283Z external/abseil-cpp+/absl/log/internal/check_impl.h:43:3: note: in expansion of macro 'ABSL_LOG_INTERNAL_CHECK_IMPL'
2026-10-06T17:17:03.0430470Z    43 |   ABSL_LOG_INTERNAL_CHECK_IMPL(true || (condition), "true")
2026-10-06T17:17:03.0431429Z       |   ^~~~~~~~~~~~~~~~~~~~~~~~~~~~
2026-10-06T17:17:03.0432368Z external/abseil-cpp+/absl/log/absl_check.h:47:3: note: in expansion of macro 'ABSL_LOG_INTERNAL_DCHECK_IMPL'
2026-10-06T17:17:03.0433465Z    47 |   ABSL_LOG_INTERNAL_DCHECK_IMPL((condition), #condition)
2026-10-06T17:17:03.0434217Z       |   ^~~~~~~~~~~~~~~~~~~~~~~~~~~~~
2026-10-06T17:17:03.0435217Z external/protobuf+/src/google/protobuf/generated_message_reflection.cc:3323:3: note: in expansion of macro 'ABSL_DCHECK'
2026-10-06T17:17:03.0436321Z  3323 |   ABSL_DCHECK(!field->options().weak());
2026-10-06T17:17:03.0436954Z       |   ^~~~~~~~~~~
2026-10-06T17:17:03.0438218Z bazel-out/k8-opt-exec-ST-d57f47055a04/bin/external/protobuf+/src/google/protobuf/_virtual_includes/protobuf/google/protobuf/descriptor.pb.h:18861:13: note: declared here
2026-10-06T17:17:03.0439578Z 18861 | inline bool FieldOptions::weak() const {
2026-10-06T17:17:03.0440251Z       |             ^~~~~~~~~~~~
2026-10-06T17:17:03.0442082Z external/protobuf+/src/google/protobuf/generated_message_reflection.cc: In member function 'void google::protobuf::Reflection::ClearHasBit(google::protobuf::Message*, const google::protobuf::FieldDescriptor*) const':
2026-10-06T17:17:03.0444640Z external/protobuf+/src/google/protobuf/generated_message_reflection.cc:3332:37: warning: 'bool google::protobuf::FieldOptions::weak() const' is deprecated [-Wdeprecated-declarations]
2026-10-06T17:17:03.0446176Z  3332 |   ABSL_DCHECK(!field->options().weak());
2026-10-06T17:17:03.0447149Z       |                ~~~~~~~~~~~~~~~~~~~~~^~
2026-10-06T17:17:03.0448272Z external/abseil-cpp+/absl/log/internal/conditions.h:68:7: note: in definition of macro 'ABSL_LOG_INTERNAL_STATELESS_CONDITION'
2026-10-06T17:17:03.0449554Z    68 |     !(condition) ? (void)0 : ::absl::log_internal::Voidify() &&
2026-10-06T17:17:03.0450317Z       |       ^~~~~~~~~
2026-10-06T17:17:03.0451479Z external/abseil-cpp+/absl/log/internal/check_impl.h:26:3: note: in expansion of macro 'ABSL_LOG_INTERNAL_CONDITION_FATAL'
2026-10-06T17:17:03.0452819Z    26 |   ABSL_LOG_INTERNAL_CONDITION_FATAL(STATELESS,                        \
2026-10-06T17:17:03.0453726Z       |   ^~~~~~~~~~~~~~~~~~~~~~~~~~~~~~~~~
2026-10-06T17:17:03.0454741Z external/abseil-cpp+/absl/log/internal/check_impl.h:27:37: note: in expansion of macro 'ABSL_PREDICT_FALSE'
2026-10-06T17:17:03.0456181Z    27 |                                     ABSL_PREDICT_FALSE(!(condition))) \
2026-10-06T17:17:03.0457101Z       |                                     ^~~~~~~~~~~~~~~~~~
2026-10-06T17:17:03.0458205Z external/abseil-cpp+/absl/log/internal/check_impl.h:43:3: note: in expansion of macro 'ABSL_LOG_INTERNAL_CHECK_IMPL'
2026-10-06T17:17:03.0459445Z    43 |   ABSL_LOG_INTERNAL_CHECK_IMPL(true || (condition), "true")
2026-10-06T17:17:03.0460271Z       |   ^~~~~~~~~~~~~~~~~~~~~~~~~~~~
2026-10-06T17:17:03.0461437Z external/abseil-cpp+/absl/log/absl_check.h:47:3: note: in expansion of macro 'ABSL_LOG_INTERNAL_DCHECK_IMPL'
2026-10-06T17:17:03.0462634Z    47 |   ABSL_LOG_INTERNAL_DCHECK_IMPL((condition), #condition)
2026-10-06T17:17:03.0463434Z       |   ^~~~~~~~~~~~~~~~~~~~~~~~~~~~~
2026-10-06T17:17:03.0464552Z external/protobuf+/src/google/protobuf/generated_message_reflection.cc:3332:3: note: in expansion of macro 'ABSL_DCHECK'
2026-10-06T17:17:03.0465738Z  3332 |   ABSL_DCHECK(!field->options().weak());
2026-10-06T17:17:03.0466402Z       |   ^~~~~~~~~~~
2026-10-06T17:17:03.0467745Z bazel-out/k8-opt-exec-ST-d57f47055a04/bin/external/protobuf+/src/google/protobuf/_virtual_includes/protobuf/google/protobuf/descriptor.pb.h:18861:13: note: declared here
2026-10-06T17:17:03.0469211Z 18861 | inline bool FieldOptions::weak() const {
2026-10-06T17:17:03.0469915Z       |             ^~~~~~~~~~~~
2026-10-06T17:17:03.0471894Z external/protobuf+/src/google/protobuf/generated_message_reflection.cc: In member function 'void google::protobuf::Reflection::NaiveSwapHasBit(google::protobuf::Message*, google::protobuf::Message*, const google::protobuf::FieldDescriptor*) const':
2026-10-06T17:17:03.0474597Z external/protobuf+/src/google/protobuf/generated_message_reflection.cc:3341:37: warning: 'bool google::protobuf::FieldOptions::weak() const' is deprecated [-Wdeprecated-declarations]
2026-10-06T17:17:03.0476107Z  3341 |   ABSL_DCHECK(!field->options().weak());
2026-10-06T17:17:03.0476852Z       |                ~~~~~~~~~~~~~~~~~~~~~^~
2026-10-06T17:17:03.0477926Z external/abseil-cpp+/absl/log/internal/conditions.h:68:7: note: in definition of macro 'ABSL_LOG_INTERNAL_STATELESS_CONDITION'
2026-10-06T17:17:03.0479227Z    68 |     !(condition) ? (void)0 : ::absl::log_internal::Voidify() &&
2026-10-06T17:17:03.0479987Z       |       ^~~~~~~~~
2026-10-06T17:17:03.0480957Z external/abseil-cpp+/absl/log/internal/check_impl.h:26:3: note: in expansion of macro 'ABSL_LOG_INTERNAL_CONDITION_FATAL'
2026-10-06T17:17:03.0482476Z    26 |   ABSL_LOG_INTERNAL_CONDITION_FATAL(STATELESS,                        \
2026-10-06T17:17:03.0483375Z       |   ^~~~~~~~~~~~~~~~~~~~~~~~~~~~~~~~~
2026-10-06T17:17:03.0484375Z external/abseil-cpp+/absl/log/internal/check_impl.h:27:37: note: in expansion of macro 'ABSL_PREDICT_FALSE'
2026-10-06T17:17:03.0485533Z    27 |                                     ABSL_PREDICT_FALSE(!(condition))) \
2026-10-06T17:17:03.0486415Z       |                                     ^~~~~~~~~~~~~~~~~~
2026-10-06T17:17:03.0487522Z external/abseil-cpp+/absl/log/internal/check_impl.h:43:3: note: in expansion of macro 'ABSL_LOG_INTERNAL_CHECK_IMPL'
2026-10-06T17:17:03.0488752Z    43 |   ABSL_LOG_INTERNAL_CHECK_IMPL(true || (condition), "true")
2026-10-06T17:17:03.0489820Z       |   ^~~~~~~~~~~~~~~~~~~~~~~~~~~~
2026-10-06T17:17:03.0490804Z external/abseil-cpp+/absl/log/absl_check.h:47:3: note: in expansion of macro 'ABSL_LOG_INTERNAL_DCHECK_IMPL'
2026-10-06T17:17:03.0504148Z    47 |   ABSL_LOG_INTERNAL_DCHECK_IMPL((condition), #condition)
2026-10-06T17:17:03.0504972Z       |   ^~~~~~~~~~~~~~~~~~~~~~~~~~~~~
2026-10-06T17:17:03.0506012Z external/protobuf+/src/google/protobuf/generated_message_reflection.cc:3341:3: note: in expansion of macro 'ABSL_DCHECK'
2026-10-06T17:17:03.0507083Z  3341 |   ABSL_DCHECK(!field->options().weak());
2026-10-06T17:17:03.0507713Z       |   ^~~~~~~~~~~
2026-10-06T17:17:03.0509044Z bazel-out/k8-opt-exec-ST-d57f47055a04/bin/external/protobuf+/src/google/protobuf/_virtual_includes/protobuf/google/protobuf/descriptor.pb.h:18861:13: note: declared here
2026-10-06T17:17:03.0510739Z 18861 | inline bool FieldOptions::weak() const {
2026-10-06T17:17:03.0511759Z       |             ^~~~~~~~~~~~
2026-10-06T17:17:03.0516548Z bazel-out/k8-opt-exec-ST-d57f47055a04/bin/external/protobuf+/src/google/protobuf/_virtual_includes/protobuf/google/protobuf/reflection_visit_fields.h: In instantiation of 'static void google::protobuf::internal::ReflectionVisit::VisitFields(MessageT&, CallbackFn&&, google::protobuf::internal::FieldMask) [with MessageT = google::protobuf::Message; CallbackFn = google::protobuf::internal::ReflectionVisit::VisitMessageFields<google::protobuf::Reflection::MaybePoisonAfterClear(google::protobuf::Message&) const::<lambda(google::protobuf::Message&)> >(google::protobuf::Message&, google::protobuf::Reflection::MaybePoisonAfterClear(google::protobuf::Message&) const::<lambda(google::protobuf::Message&)>&&)::<lambda(auto:42)>]':
2026-10-06T17:17:03.0523773Z bazel-out/k8-opt-exec-ST-d57f47055a04/bin/external/protobuf+/src/google/protobuf/_virtual_includes/protobuf/google/protobuf/reflection_visit_fields.h:447:31:   required from 'static void google::protobuf::internal::ReflectionVisit::VisitMessageFields(google::protobuf::Message&, CallbackFn&&) [with CallbackFn = google::protobuf::Reflection::MaybePoisonAfterClear(google::protobuf::Message&) const::<lambda(google::protobuf::Message&)>]'
2026-10-06T17:17:03.0529054Z bazel-out/k8-opt-exec-ST-d57f47055a04/bin/external/protobuf+/src/google/protobuf/_virtual_includes/protobuf/google/protobuf/reflection_visit_fields.h:502:38:   required from 'void google::protobuf::internal::VisitMutableMessageFields(google::protobuf::Message&, CallbackFn&&) [with CallbackFn = google::protobuf::Reflection::MaybePoisonAfterClear(google::protobuf::Message&) const::<lambda(google::protobuf::Message&)>]'
2026-10-06T17:17:03.0532486Z external/protobuf+/src/google/protobuf/generated_message_reflection.cc:1390:40:   required from here
2026-10-06T17:17:03.0534752Z bazel-out/k8-opt-exec-ST-d57f47055a04/bin/external/protobuf+/src/google/protobuf/_virtual_includes/protobuf/google/protobuf/reflection_visit_fields.h:109:39: warning: 'bool google::protobuf::FieldOptions::weak() const' is deprecated [-Wdeprecated-declarations]
2026-10-06T17:17:03.0536878Z   109 |     ABSL_DCHECK(!field->options().weak()) << "weak fields are not supported";
2026-10-06T17:17:03.0537779Z       |                  ~~~~~~~~~~~~~~~~~~~~~^~
2026-10-06T17:17:03.0538871Z external/abseil-cpp+/absl/log/internal/conditions.h:68:7: note: in definition of macro 'ABSL_LOG_INTERNAL_STATELESS_CONDITION'
2026-10-06T17:17:03.0540201Z    68 |     !(condition) ? (void)0 : ::absl::log_internal::Voidify() &&
2026-10-06T17:17:03.0540957Z       |       ^~~~~~~~~
2026-10-06T17:17:03.0542109Z external/abseil-cpp+/absl/log/internal/check_impl.h:26:3: note: in expansion of macro 'ABSL_LOG_INTERNAL_CONDITION_FATAL'
2026-10-06T17:17:03.0543376Z    26 |   ABSL_LOG_INTERNAL_CONDITION_FATAL(STATELESS,                        \
2026-10-06T17:17:03.0544214Z       |   ^~~~~~~~~~~~~~~~~~~~~~~~~~~~~~~~~
2026-10-06T17:17:03.0545209Z external/abseil-cpp+/absl/log/internal/check_impl.h:27:37: note: in expansion of macro 'ABSL_PREDICT_FALSE'
2026-10-06T17:17:03.0546564Z    27 |                                     ABSL_PREDICT_FALSE(!(condition))) \
2026-10-06T17:17:03.0547382Z       |                                     ^~~~~~~~~~~~~~~~~~
2026-10-06T17:17:03.0548431Z external/abseil-cpp+/absl/log/internal/check_impl.h:43:3: note: in expansion of macro 'ABSL_LOG_INTERNAL_CHECK_IMPL'
2026-10-06T17:17:03.0549612Z    43 |   ABSL_LOG_INTERNAL_CHECK_IMPL(true || (condition), "true")
2026-10-06T17:17:03.0550402Z       |   ^~~~~~~~~~~~~~~~~~~~~~~~~~~~
2026-10-06T17:17:03.0551464Z external/abseil-cpp+/absl/log/absl_check.h:47:3: note: in expansion of macro 'ABSL_LOG_INTERNAL_DCHECK_IMPL'
2026-10-06T17:17:03.0552625Z    47 |   ABSL_LOG_INTERNAL_DCHECK_IMPL((condition), #condition)
2026-10-06T17:17:03.0553418Z       |   ^~~~~~~~~~~~~~~~~~~~~~~~~~~~~
2026-10-06T17:17:03.0555307Z bazel-out/k8-opt-exec-ST-d57f47055a04/bin/external/protobuf+/src/google/protobuf/_virtual_includes/protobuf/google/protobuf/reflection_visit_fields.h:109:5: note: in expansion of macro 'ABSL_DCHECK'
2026-10-06T17:17:03.0557149Z   109 |     ABSL_DCHECK(!field->options().weak()) << "weak fields are not supported";
2026-10-06T17:17:03.0558000Z       |     ^~~~~~~~~~~
2026-10-06T17:17:03.0559296Z bazel-out/k8-opt-exec-ST-d57f47055a04/bin/external/protobuf+/src/google/protobuf/_virtual_includes/protobuf/google/protobuf/descriptor.pb.h:18861:13: note: declared here
2026-10-06T17:17:03.0560712Z 18861 | inline bool FieldOptions::weak() const {
2026-10-06T17:17:03.0561543Z       |             ^~~~~~~~~~~~
2026-10-06T17:17:03.0563483Z bazel-out/k8-opt-exec-ST-d57f47055a04/bin/external/protobuf+/src/google/protobuf/_virtual_includes/protobuf/google/protobuf/reflection_visit_fields.h:109:39: warning: 'bool google::protobuf::FieldOptions::weak() const' is deprecated [-Wdeprecated-declarations]
2026-10-06T17:17:03.0565720Z   109 |     ABSL_DCHECK(!field->options().weak()) << "weak fields are not supported";
2026-10-06T17:17:03.0566687Z       |                  ~~~~~~~~~~~~~~~~~~~~~^~
2026-10-06T17:17:03.0567827Z external/abseil-cpp+/absl/log/internal/conditions.h:68:7: note: in definition of macro 'ABSL_LOG_INTERNAL_STATELESS_CONDITION'
2026-10-06T17:17:03.0569120Z    68 |     !(condition) ? (void)0 : ::absl::log_internal::Voidify() &&
2026-10-06T17:17:03.0569939Z       |       ^~~~~~~~~
2026-10-06T17:17:03.0570958Z external/abseil-cpp+/absl/log/internal/check_impl.h:26:3: note: in expansion of macro 'ABSL_LOG_INTERNAL_CONDITION_FATAL'
2026-10-06T17:17:03.0572477Z    26 |   ABSL_LOG_INTERNAL_CONDITION_FATAL(STATELESS,                        \
2026-10-06T17:17:03.0573376Z       |   ^~~~~~~~~~~~~~~~~~~~~~~~~~~~~~~~~
2026-10-06T17:17:03.0574396Z external/abseil-cpp+/absl/log/internal/check_impl.h:27:37: note: in expansion of macro 'ABSL_PREDICT_FALSE'
2026-10-06T17:17:03.0575608Z    27 |                                     ABSL_PREDICT_FALSE(!(condition))) \
2026-10-06T17:17:03.0576497Z       |                                     ^~~~~~~~~~~~~~~~~~
2026-10-06T17:17:03.0577598Z external/abseil-cpp+/absl/log/internal/check_impl.h:43:3: note: in expansion of macro 'ABSL_LOG_INTERNAL_CHECK_IMPL'
2026-10-06T17:17:03.0578839Z    43 |   ABSL_LOG_INTERNAL_CHECK_IMPL(true || (condition), "true")
2026-10-06T17:17:03.0579640Z       |   ^~~~~~~~~~~~~~~~~~~~~~~~~~~~
2026-10-06T17:17:03.0580581Z external/abseil-cpp+/absl/log/absl_check.h:47:3: note: in expansion of macro 'ABSL_LOG_INTERNAL_DCHECK_IMPL'
2026-10-06T17:17:03.0581941Z    47 |   ABSL_LOG_INTERNAL_DCHECK_IMPL((condition), #condition)
2026-10-06T17:17:03.0582733Z       |   ^~~~~~~~~~~~~~~~~~~~~~~~~~~~~
2026-10-06T17:17:03.0584327Z bazel-out/k8-opt-exec-ST-d57f47055a04/bin/external/protobuf+/src/google/protobuf/_virtual_includes/protobuf/google/protobuf/reflection_visit_fields.h:109:5: note: in expansion of macro 'ABSL_DCHECK'
2026-10-06T17:17:03.0586155Z   109 |     ABSL_DCHECK(!field->options().weak()) << "weak fields are not supported";
2026-10-06T17:17:03.0586989Z       |     ^~~~~~~~~~~
2026-10-06T17:17:03.0588304Z bazel-out/k8-opt-exec-ST-d57f47055a04/bin/external/protobuf+/src/google/protobuf/_virtual_includes/protobuf/google/protobuf/descriptor.pb.h:18861:13: note: declared here
2026-10-06T17:17:03.0589968Z 18861 | inline bool FieldOptions::weak() const {
2026-10-06T17:17:03.0590682Z       |             ^~~~~~~~~~~~
2026-10-06T17:17:03.1330375Z INFO: From Compiling src/google/protobuf/compiler/cpp/field_generators/message_field.cc [for tool]:
2026-10-06T17:17:03.1369396Z In file included from bazel-out/k8-opt-exec-ST-d57f47055a04/bin/external/protobuf+/src/google/protobuf/compiler/cpp/_virtual_includes/cpp/google/protobuf/compiler/cpp/field.h:26,
2026-10-06T17:17:03.1399008Z                  from external/protobuf+/src/google/protobuf/compiler/cpp/field_generators/message_field.cc:21:
2026-10-06T17:17:03.1424049Z bazel-out/k8-opt-exec-ST-d57f47055a04/bin/external/protobuf+/src/google/protobuf/compiler/cpp/_virtual_includes/names_internal/google/protobuf/compiler/cpp/helpers.h: In function 'bool google::protobuf::compiler::cpp::IsWeak(const google::protobuf::FieldDescriptor*, const Options&)':
2026-10-06T17:17:03.1453498Z bazel-out/k8-opt-exec-ST-d57f47055a04/bin/external/protobuf+/src/google/protobuf/compiler/cpp/_virtual_includes/names_internal/google/protobuf/compiler/cpp/helpers.h:347:28: warning: 'bool google::protobuf::FieldOptions::weak() const' is deprecated [-Wdeprecated-declarations]
2026-10-06T17:17:03.1461889Z   347 |   if (field->options().weak()) {
2026-10-06T17:17:03.1487307Z       |       ~~~~~~~~~~~~~~~~~~~~~^~
2026-10-06T17:17:03.1499318Z In file included from bazel-out/k8-opt-exec-ST-d57f47055a04/bin/external/protobuf+/src/google/protobuf/compiler/_virtual_includes/code_generator_lite/google/protobuf/compiler/code_generator_lite.h:18,
2026-10-06T17:17:03.1503283Z                  from bazel-out/k8-opt-exec-ST-d57f47055a04/bin/external/protobuf+/src/google/protobuf/compiler/_virtual_includes/code_generator/google/protobuf/compiler/code_generator.h:25,
2026-10-06T17:17:03.1507252Z                  from bazel-out/k8-opt-exec-ST-d57f47055a04/bin/external/protobuf+/src/google/protobuf/compiler/cpp/_virtual_includes/names_internal/google/protobuf/compiler/cpp/helpers.h:29:
2026-10-06T17:17:03.1509511Z bazel-out/k8-opt-exec-ST-d57f47055a04/bin/external/protobuf+/src/google/protobuf/_virtual_includes/protobuf/google/protobuf/descriptor.pb.h:18861:13: note: declared here
2026-10-06T17:17:03.1511075Z 18861 | inline bool FieldOptions::weak() const {
2026-10-06T17:17:03.1512022Z       |             ^~~~~~~~~~~~
2026-10-06T17:17:04.4592938Z [813 / 939] Compiling src/google/protobuf/descriptor.cc; 19s processwrapper-sandbox ... (4 actions running)
2026-10-06T17:17:06.4002812Z INFO: From Compiling src/google/protobuf/dynamic_message.cc [for tool]:
2026-10-06T17:17:06.4085514Z In file included from external/protobuf+/src/google/protobuf/dynamic_message.cc:66:
2026-10-06T17:17:06.4143686Z bazel-out/k8-opt-exec-ST-d57f47055a04/bin/external/protobuf+/src/google/protobuf/_virtual_includes/protobuf/google/protobuf/map_field.h: In constructor 'google::protobuf::internal::MapFieldBase::ReflectionPayload::ReflectionPayload(google::protobuf::Arena*, const google::protobuf::Message*)':
2026-10-06T17:17:06.4147790Z bazel-out/k8-opt-exec-ST-d57f47055a04/bin/external/protobuf+/src/google/protobuf/_virtual_includes/protobuf/google/protobuf/map_field.h:416:11: warning: 'google::protobuf::RepeatedPtrField<T>::RepeatedPtrField(google::protobuf::Arena*) [with Element = google::protobuf::Message]' is deprecated: Use Arena::Create<RepeatedPtrField<...>>(Arena*) instead [-Wdeprecated-declarations]
2026-10-06T17:17:06.4150211Z   416 |         : repeated_field_(arena), prototype_(prototype) {}
2026-10-06T17:17:06.4150830Z       |           ^~~~~~~~~~~~~~~~~~~~~~
2026-10-06T17:17:06.4152209Z In file included from bazel-out/k8-opt-exec-ST-d57f47055a04/bin/external/protobuf+/src/google/protobuf/_virtual_includes/protobuf_lite/google/protobuf/repeated_field.h:46,
2026-10-06T17:17:06.4155088Z                  from bazel-out/k8-opt-exec-ST-d57f47055a04/bin/external/protobuf+/src/google/protobuf/_virtual_includes/protobuf_lite/google/protobuf/parse_context.h:39,
2026-10-06T17:17:06.4158461Z                  from bazel-out/k8-opt-exec-ST-d57f47055a04/bin/external/protobuf+/src/google/protobuf/_virtual_includes/protobuf_lite/google/protobuf/generated_message_tctable_decl.h:25,
2026-10-06T17:17:06.4161475Z                  from bazel-out/k8-opt-exec-ST-d57f47055a04/bin/external/protobuf+/src/google/protobuf/_virtual_includes/protobuf_lite/google/protobuf/extension_set.h:40,
2026-10-06T17:17:06.4164277Z                  from bazel-out/k8-opt-exec-ST-d57f47055a04/bin/external/protobuf+/src/google/protobuf/_virtual_includes/protobuf/google/protobuf/descriptor.h:56,
2026-10-06T17:17:06.4167110Z                  from bazel-out/k8-opt-exec-ST-d57f47055a04/bin/external/protobuf+/src/google/protobuf/_virtual_includes/protobuf/google/protobuf/dynamic_message.h:27,
2026-10-06T17:17:06.4169256Z                  from external/protobuf+/src/google/protobuf/dynamic_message.cc:42:
2026-10-06T17:17:06.4170802Z bazel-out/k8-opt-exec-ST-d57f47055a04/bin/external/protobuf+/src/google/protobuf/_virtual_includes/protobuf_lite/google/protobuf/repeated_ptr_field.h:1380:8: note: declared here
2026-10-06T17:17:06.4202696Z  1380 | inline RepeatedPtrField<Element>::RepeatedPtrField(Arena* arena)
2026-10-06T17:17:06.4203410Z       |        ^~~~~~~~~~~~~~~~~~~~~~~~~
2026-10-06T17:17:06.4204401Z external/protobuf+/src/google/protobuf/dynamic_message.cc: In member function 'void google::protobuf::DynamicMessage::SharedCtor(bool)':
2026-10-06T17:17:06.4206866Z external/protobuf+/src/google/protobuf/dynamic_message.cc:574:66: warning: 'google::protobuf::RepeatedPtrField<T>::RepeatedPtrField(google::protobuf::Arena*) [with Element = std::__cxx11::basic_string<char>]' is deprecated: Use Arena::Create<RepeatedPtrField<...>>(Arena*) instead [-Wdeprecated-declarations]
2026-10-06T17:17:06.4208906Z   574 |               new (field_ptr) RepeatedPtrField<std::string>(arena);
2026-10-06T17:17:06.4209711Z       |                                                                  ^
2026-10-06T17:17:06.4211046Z bazel-out/k8-opt-exec-ST-d57f47055a04/bin/external/protobuf+/src/google/protobuf/_virtual_includes/protobuf_lite/google/protobuf/repeated_ptr_field.h:1380:8: note: declared here
2026-10-06T17:17:06.4212612Z  1380 | inline RepeatedPtrField<Element>::RepeatedPtrField(Arena* arena)
2026-10-06T17:17:06.4213287Z       |        ^~~~~~~~~~~~~~~~~~~~~~~~~
2026-10-06T17:17:06.4215182Z external/protobuf+/src/google/protobuf/dynamic_message.cc:602:60: warning: 'google::protobuf::RepeatedPtrField<T>::RepeatedPtrField(google::protobuf::Arena*) [with Element = google::protobuf::Message]' is deprecated: Use Arena::Create<RepeatedPtrField<...>>(Arena*) instead [-Wdeprecated-declarations]
2026-10-06T17:17:06.4217115Z   602 |             new (field_ptr) RepeatedPtrField<Message>(arena);
2026-10-06T17:17:06.4217827Z       |                                                            ^
2026-10-06T17:17:06.4219115Z bazel-out/k8-opt-exec-ST-d57f47055a04/bin/external/protobuf+/src/google/protobuf/_virtual_includes/protobuf_lite/google/protobuf/repeated_ptr_field.h:1380:8: note: declared here
2026-10-06T17:17:06.4220511Z  1380 | inline RepeatedPtrField<Element>::RepeatedPtrField(Arena* arena)
2026-10-06T17:17:06.4221173Z       |        ^~~~~~~~~~~~~~~~~~~~~~~~~
2026-10-06T17:17:06.4222376Z external/protobuf+/src/google/protobuf/dynamic_message.cc: In member function 'void google::protobuf::DynamicMessage::CrossLinkPrototypes()':
2026-10-06T17:17:06.4224095Z external/protobuf+/src/google/protobuf/dynamic_message.cc:774:31: warning: 'bool google::protobuf::FieldOptions::weak() const' is deprecated [-Wdeprecated-declarations]
2026-10-06T17:17:06.4225334Z   774 |         !field->options().weak() && !InRealOneof(field) &&
2026-10-06T17:17:06.4225923Z       |          ~~~~~~~~~~~~~~~~~~~~~^~
2026-10-06T17:17:06.4226581Z In file included from external/protobuf+/src/google/protobuf/dynamic_message.cc:60:
2026-10-06T17:17:06.4228026Z bazel-out/k8-opt-exec-ST-d57f47055a04/bin/external/protobuf+/src/google/protobuf/_virtual_includes/protobuf/google/protobuf/descriptor.pb.h:18861:13: note: declared here
2026-10-06T17:17:06.4229508Z 18861 | inline bool FieldOptions::weak() const {
2026-10-06T17:17:06.4230025Z       |             ^~~~~~~~~~~~
2026-10-06T17:17:06.4230804Z [814 / 939] Compiling src/google/protobuf/descriptor.cc; 21s processwrapper-sandbox ... (4 actions, 3 running)
2026-10-06T17:17:07.4613038Z [814 / 939] Compiling src/google/protobuf/descriptor.cc; 22s processwrapper-sandbox ... (4 actions running)
2026-10-06T17:17:08.9342798Z INFO: From Compiling src/google/protobuf/compiler/cpp/field_generators/primitive_field.cc [for tool]:
2026-10-06T17:17:08.9372941Z In file included from bazel-out/k8-opt-exec-ST-d57f47055a04/bin/external/protobuf+/src/google/protobuf/compiler/cpp/_virtual_includes/cpp/google/protobuf/compiler/cpp/field.h:26,
2026-10-06T17:17:08.9403761Z                  from external/protobuf+/src/google/protobuf/compiler/cpp/field_generators/primitive_field.cc:21:
2026-10-06T17:17:08.9413564Z bazel-out/k8-opt-exec-ST-d57f47055a04/bin/external/protobuf+/src/google/protobuf/compiler/cpp/_virtual_includes/names_internal/google/protobuf/compiler/cpp/helpers.h: In function 'bool google::protobuf::compiler::cpp::IsWeak(const google::protobuf::FieldDescriptor*, const Options&)':
2026-10-06T17:17:08.9453303Z bazel-out/k8-opt-exec-ST-d57f47055a04/bin/external/protobuf+/src/google/protobuf/compiler/cpp/_virtual_includes/names_internal/google/protobuf/compiler/cpp/helpers.h:347:28: warning: 'bool google::protobuf::FieldOptions::weak() const' is deprecated [-Wdeprecated-declarations]
2026-10-06T17:17:08.9455296Z   347 |   if (field->options().weak()) {
2026-10-06T17:17:08.9482008Z       |       ~~~~~~~~~~~~~~~~~~~~~^~
2026-10-06T17:17:08.9496616Z In file included from bazel-out/k8-opt-exec-ST-d57f47055a04/bin/external/protobuf+/src/google/protobuf/compiler/_virtual_includes/code_generator_lite/google/protobuf/compiler/code_generator_lite.h:18,
2026-10-06T17:17:08.9500282Z                  from bazel-out/k8-opt-exec-ST-d57f47055a04/bin/external/protobuf+/src/google/protobuf/compiler/_virtual_includes/code_generator/google/protobuf/compiler/code_generator.h:25,
2026-10-06T17:17:08.9504288Z                  from bazel-out/k8-opt-exec-ST-d57f47055a04/bin/external/protobuf+/src/google/protobuf/compiler/cpp/_virtual_includes/names_internal/google/protobuf/compiler/cpp/helpers.h:29:
2026-10-06T17:17:08.9506631Z bazel-out/k8-opt-exec-ST-d57f47055a04/bin/external/protobuf+/src/google/protobuf/_virtual_includes/protobuf/google/protobuf/descriptor.pb.h:18861:13: note: declared here
2026-10-06T17:17:08.9508128Z 18861 | inline bool FieldOptions::weak() const {
2026-10-06T17:17:08.9508801Z       |             ^~~~~~~~~~~~
2026-10-06T17:17:08.9509874Z [815 / 939] Compiling src/google/protobuf/descriptor.cc; 24s processwrapper-sandbox ... (4 actions, 3 running)
2026-10-06T17:17:10.4633091Z [815 / 939] Compiling src/google/protobuf/descriptor.cc; 25s processwrapper-sandbox ... (4 actions running)
2026-10-06T17:17:11.5392962Z [816 / 939] Compiling src/google/protobuf/descriptor.cc; 26s processwrapper-sandbox ... (4 actions, 3 running)
2026-10-06T17:17:11.8692599Z INFO: From Compiling src/google/protobuf/descriptor.cc:
2026-10-06T17:17:11.8723175Z external/protobuf+/src/google/protobuf/descriptor.cc: In member function 'void google::protobuf::FieldDescriptor::DebugString(int, std::string*, const google::protobuf::DebugStringOptions&) const':
2026-10-06T17:17:11.8743355Z external/protobuf+/src/google/protobuf/descriptor.cc:3953:65: warning: 'bool google::protobuf::FieldDescriptor::has_optional_keyword() const' is deprecated: Use has_presence() instead. [-Wdeprecated-declarations]
2026-10-06T17:17:11.8772141Z  3953 |       (!is_required() && !is_repeated() && !has_optional_keyword())) {
2026-10-06T17:17:11.8782243Z       |                                             ~~~~~~~~~~~~~~~~~~~~^~
2026-10-06T17:17:11.8812100Z In file included from external/protobuf+/src/google/protobuf/descriptor.cc:12:
2026-10-06T17:17:11.8830543Z bazel-out/k8-opt/bin/external/protobuf+/src/google/protobuf/_virtual_includes/protobuf/google/protobuf/descriptor.h:1136:8: note: declared here
2026-10-06T17:17:11.8832385Z  1136 |   bool has_optional_keyword() const;
2026-10-06T17:17:11.8832923Z       |        ^~~~~~~~~~~~~~~~~~~~
2026-10-06T17:17:11.8834406Z external/protobuf+/src/google/protobuf/descriptor.cc: In member function 'void google::protobuf::DescriptorBuilder::CrossLinkField(google::protobuf::FieldDescriptor*, const google::protobuf::FieldDescriptorProto&)':
2026-10-06T17:17:11.8837201Z external/protobuf+/src/google/protobuf/descriptor.cc:7982:65: warning: 'bool google::protobuf::FieldOptions::weak() const' is deprecated [-Wdeprecated-declarations]
2026-10-06T17:17:11.8838573Z  7982 |     bool is_weak = !pool_->enforce_weak_ && proto.options().weak();
2026-10-06T17:17:11.8839843Z       |                                             ~~~~~~~~~~~~~~~~~~~~^~
2026-10-06T17:17:11.8841070Z In file included from bazel-out/k8-opt/bin/external/protobuf+/src/google/protobuf/_virtual_includes/protobuf/google/protobuf/cpp_features.pb.h:33,
2026-10-06T17:17:11.8844768Z                  from external/protobuf+/src/google/protobuf/descriptor.cc:72:
2026-10-06T17:17:11.8846221Z bazel-out/k8-opt/bin/external/protobuf+/src/google/protobuf/_virtual_includes/protobuf/google/protobuf/descriptor.pb.h:18861:13: note: declared here
2026-10-06T17:17:11.8847426Z 18861 | inline bool FieldOptions::weak() const {
2026-10-06T17:17:11.8848072Z       |             ^~~~~~~~~~~~
2026-10-06T17:17:11.8849651Z external/protobuf+/src/google/protobuf/descriptor.cc: In function 'google::protobuf::internal::cpp::HasbitMode google::protobuf::internal::cpp::GetFieldHasbitModeWithoutProfile(const google::protobuf::FieldDescriptor*)':
2026-10-06T17:17:11.8852224Z external/protobuf+/src/google/protobuf/descriptor.cc:10700:62: warning: 'bool google::protobuf::FieldOptions::weak() const' is deprecated [-Wdeprecated-declarations]
2026-10-06T17:17:11.8853741Z 10700 |   if (field->real_containing_oneof() || field->options().weak() ||
2026-10-06T17:17:11.8854687Z       |                                         ~~~~~~~~~~~~~~~~~~~~~^~
2026-10-06T17:17:11.8855991Z bazel-out/k8-opt/bin/external/protobuf+/src/google/protobuf/_virtual_includes/protobuf/google/protobuf/descriptor.pb.h:18861:13: note: declared here
2026-10-06T17:17:11.8857268Z 18861 | inline bool FieldOptions::weak() const {
2026-10-06T17:17:11.8857929Z       |             ^~~~~~~~~~~~
2026-10-06T17:17:13.4643127Z [817 / 939] Compiling src/google/protobuf/descriptor.pb.cc [for tool]; 7s processwrapper-sandbox ... (4 actions running)
2026-10-06T17:17:15.4654912Z [818 / 939] Compiling src/google/protobuf/compiler/cpp/field_generators/string_field.cc [for tool]; 6s processwrapper-sandbox ... (4 actions running)
2026-10-06T17:17:15.7586603Z INFO: From Compiling src/google/protobuf/compiler/cpp/field_generators/string_field.cc [for tool]:
2026-10-06T17:17:15.7613152Z In file included from bazel-out/k8-opt-exec-ST-d57f47055a04/bin/external/protobuf+/src/google/protobuf/compiler/cpp/_virtual_includes/cpp/google/protobuf/compiler/cpp/field.h:26,
2026-10-06T17:17:15.7643087Z                  from external/protobuf+/src/google/protobuf/compiler/cpp/field_generators/string_field.cc:20:
2026-10-06T17:17:15.7673611Z bazel-out/k8-opt-exec-ST-d57f47055a04/bin/external/protobuf+/src/google/protobuf/compiler/cpp/_virtual_includes/names_internal/google/protobuf/compiler/cpp/helpers.h: In function 'bool google::protobuf::compiler::cpp::IsWeak(const google::protobuf::FieldDescriptor*, const Options&)':
2026-10-06T17:17:15.7703444Z bazel-out/k8-opt-exec-ST-d57f47055a04/bin/external/protobuf+/src/google/protobuf/compiler/cpp/_virtual_includes/names_internal/google/protobuf/compiler/cpp/helpers.h:347:28: warning: 'bool google::protobuf::FieldOptions::weak() const' is deprecated [-Wdeprecated-declarations]
2026-10-06T17:17:15.7732034Z   347 |   if (field->options().weak()) {
2026-10-06T17:17:15.7732901Z       |       ~~~~~~~~~~~~~~~~~~~~~^~
2026-10-06T17:17:15.7742681Z In file included from bazel-out/k8-opt-exec-ST-d57f47055a04/bin/external/protobuf+/src/google/protobuf/compiler/_virtual_includes/code_generator_lite/google/protobuf/compiler/code_generator_lite.h:18,
2026-10-06T17:17:15.7747377Z                  from bazel-out/k8-opt-exec-ST-d57f47055a04/bin/external/protobuf+/src/google/protobuf/compiler/_virtual_includes/code_generator/google/protobuf/compiler/code_generator.h:25,
2026-10-06T17:17:15.7750922Z                  from bazel-out/k8-opt-exec-ST-d57f47055a04/bin/external/protobuf+/src/google/protobuf/compiler/cpp/_virtual_includes/names_internal/google/protobuf/compiler/cpp/helpers.h:29:
2026-10-06T17:17:15.7753534Z bazel-out/k8-opt-exec-ST-d57f47055a04/bin/external/protobuf+/src/google/protobuf/_virtual_includes/protobuf/google/protobuf/descriptor.pb.h:18861:13: note: declared here
2026-10-06T17:17:15.7755108Z 18861 | inline bool FieldOptions::weak() const {
2026-10-06T17:17:15.7756224Z       |             ^~~~~~~~~~~~
2026-10-06T17:17:16.4649728Z [819 / 939] Compiling src/google/protobuf/descriptor.cc [for tool]; 4s processwrapper-sandbox ... (4 actions running)
2026-10-06T17:17:17.4673099Z [820 / 939] Compiling src/google/protobuf/descriptor.cc [for tool]; 5s processwrapper-sandbox ... (4 actions running)
2026-10-06T17:17:19.7353058Z [821 / 939] Compiling src/google/protobuf/descriptor.cc [for tool]; 8s processwrapper-sandbox ... (4 actions, 3 running)
2026-10-06T17:17:21.4683020Z [822 / 939] Compiling src/google/protobuf/descriptor.cc [for tool]; 9s processwrapper-sandbox ... (4 actions running)
2026-10-06T17:17:22.3082946Z INFO: From Compiling src/google/protobuf/compiler/cpp/field_generators/string_view_field.cc [for tool]:
2026-10-06T17:17:22.3143081Z In file included from bazel-out/k8-opt-exec-ST-d57f47055a04/bin/external/protobuf+/src/google/protobuf/compiler/cpp/_virtual_includes/cpp/google/protobuf/compiler/cpp/field.h:26,
2026-10-06T17:17:22.3172906Z                  from external/protobuf+/src/google/protobuf/compiler/cpp/field_generators/string_view_field.cc:19:
2026-10-06T17:17:22.3175323Z bazel-out/k8-opt-exec-ST-d57f47055a04/bin/external/protobuf+/src/google/protobuf/compiler/cpp/_virtual_includes/names_internal/google/protobuf/compiler/cpp/helpers.h: In function 'bool google::protobuf::compiler::cpp::IsWeak(const google::protobuf::FieldDescriptor*, const Options&)':
2026-10-06T17:17:22.3213351Z bazel-out/k8-opt-exec-ST-d57f47055a04/bin/external/protobuf+/src/google/protobuf/compiler/cpp/_virtual_includes/names_internal/google/protobuf/compiler/cpp/helpers.h:347:28: warning: 'bool google::protobuf::FieldOptions::weak() const' is deprecated [-Wdeprecated-declarations]
2026-10-06T17:17:22.3231964Z   347 |   if (field->options().weak()) {
2026-10-06T17:17:22.3246629Z       |       ~~~~~~~~~~~~~~~~~~~~~^~
2026-10-06T17:17:22.3248157Z In file included from bazel-out/k8-opt-exec-ST-d57f47055a04/bin/external/protobuf+/src/google/protobuf/compiler/_virtual_includes/code_generator_lite/google/protobuf/compiler/code_generator_lite.h:18,
2026-10-06T17:17:22.3252487Z                  from bazel-out/k8-opt-exec-ST-d57f47055a04/bin/external/protobuf+/src/google/protobuf/compiler/_virtual_includes/code_generator/google/protobuf/compiler/code_generator.h:25,
2026-10-06T17:17:22.3255829Z                  from bazel-out/k8-opt-exec-ST-d57f47055a04/bin/external/protobuf+/src/google/protobuf/compiler/cpp/_virtual_includes/names_internal/google/protobuf/compiler/cpp/helpers.h:29:
2026-10-06T17:17:22.3258050Z bazel-out/k8-opt-exec-ST-d57f47055a04/bin/external/protobuf+/src/google/protobuf/_virtual_includes/protobuf/google/protobuf/descriptor.pb.h:18861:13: note: declared here
2026-10-06T17:17:22.3261057Z 18861 | inline bool FieldOptions::weak() const {
2026-10-06T17:17:22.3262022Z       |             ^~~~~~~~~~~~
2026-10-06T17:17:22.4702826Z [823 / 939] Compiling src/google/protobuf/descriptor.cc [for tool]; 10s processwrapper-sandbox ... (4 actions running)
2026-10-06T17:17:23.9110272Z [824 / 939] Compiling src/google/protobuf/descriptor.cc [for tool]; 12s processwrapper-sandbox ... (4 actions, 3 running)
2026-10-06T17:17:25.4713038Z [825 / 939] Compiling src/google/protobuf/descriptor.cc [for tool]; 13s processwrapper-sandbox ... (4 actions running)
2026-10-06T17:17:27.5592831Z [826 / 939] Compiling src/google/protobuf/descriptor.cc [for tool]; 16s processwrapper-sandbox ... (4 actions, 3 running)
2026-10-06T17:17:29.4763080Z [827 / 939] Compiling src/google/protobuf/descriptor.cc [for tool]; 17s processwrapper-sandbox ... (4 actions running)
2026-10-06T17:17:30.8085690Z [828 / 939] Compiling src/google/protobuf/descriptor.cc [for tool]; 19s processwrapper-sandbox ... (4 actions, 3 running)
2026-10-06T17:17:31.9542600Z INFO: From Compiling src/google/protobuf/dynamic_message.cc:
2026-10-06T17:17:31.9602358Z In file included from external/protobuf+/src/google/protobuf/dynamic_message.cc:66:
2026-10-06T17:17:31.9613777Z bazel-out/k8-opt/bin/external/protobuf+/src/google/protobuf/_virtual_includes/protobuf/google/protobuf/map_field.h: In constructor 'google::protobuf::internal::MapFieldBase::ReflectionPayload::ReflectionPayload(google::protobuf::Arena*, const google::protobuf::Message*)':
2026-10-06T17:17:31.9663709Z bazel-out/k8-opt/bin/external/protobuf+/src/google/protobuf/_virtual_includes/protobuf/google/protobuf/map_field.h:416:11: warning: 'google::protobuf::RepeatedPtrField<T>::RepeatedPtrField(google::protobuf::Arena*) [with Element = google::protobuf::Message]' is deprecated: Use Arena::Create<RepeatedPtrField<...>>(Arena*) instead [-Wdeprecated-declarations]
2026-10-06T17:17:31.9692040Z   416 |         : repeated_field_(arena), prototype_(prototype) {}
2026-10-06T17:17:31.9731920Z       |           ^~~~~~~~~~~~~~~~~~~~~~
2026-10-06T17:17:31.9752640Z In file included from bazel-out/k8-opt/bin/external/protobuf+/src/google/protobuf/_virtual_includes/protobuf_lite/google/protobuf/repeated_field.h:46,
2026-10-06T17:17:31.9793280Z                  from bazel-out/k8-opt/bin/external/protobuf+/src/google/protobuf/_virtual_includes/protobuf_lite/google/protobuf/parse_context.h:39,
2026-10-06T17:17:31.9813391Z                  from bazel-out/k8-opt/bin/external/protobuf+/src/google/protobuf/_virtual_includes/protobuf_lite/google/protobuf/generated_message_tctable_decl.h:25,
2026-10-06T17:17:31.9863429Z                  from bazel-out/k8-opt/bin/external/protobuf+/src/google/protobuf/_virtual_includes/protobuf_lite/google/protobuf/extension_set.h:40,
2026-10-06T17:17:31.9866004Z                  from bazel-out/k8-opt/bin/external/protobuf+/src/google/protobuf/_virtual_includes/protobuf/google/protobuf/descriptor.h:56,
2026-10-06T17:17:31.9913375Z                  from bazel-out/k8-opt/bin/external/protobuf+/src/google/protobuf/_virtual_includes/protobuf/google/protobuf/dynamic_message.h:27,
2026-10-06T17:17:31.9915195Z                  from external/protobuf+/src/google/protobuf/dynamic_message.cc:42:
2026-10-06T17:17:31.9922704Z bazel-out/k8-opt/bin/external/protobuf+/src/google/protobuf/_virtual_includes/protobuf_lite/google/protobuf/repeated_ptr_field.h:1380:8: note: declared here
2026-10-06T17:17:31.9924197Z  1380 | inline RepeatedPtrField<Element>::RepeatedPtrField(Arena* arena)
2026-10-06T17:17:31.9924947Z       |        ^~~~~~~~~~~~~~~~~~~~~~~~~
2026-10-06T17:17:31.9925994Z external/protobuf+/src/google/protobuf/dynamic_message.cc: In member function 'void google::protobuf::DynamicMessage::SharedCtor(bool)':
2026-10-06T17:17:31.9928713Z external/protobuf+/src/google/protobuf/dynamic_message.cc:574:66: warning: 'google::protobuf::RepeatedPtrField<T>::RepeatedPtrField(google::protobuf::Arena*) [with Element = std::__cxx11::basic_string<char>]' is deprecated: Use Arena::Create<RepeatedPtrField<...>>(Arena*) instead [-Wdeprecated-declarations]
2026-10-06T17:17:31.9962283Z   574 |               new (field_ptr) RepeatedPtrField<std::string>(arena);
2026-10-06T17:17:31.9992210Z       |                                                                  ^
2026-10-06T17:17:32.0022673Z bazel-out/k8-opt/bin/external/protobuf+/src/google/protobuf/_virtual_includes/protobuf_lite/google/protobuf/repeated_ptr_field.h:1380:8: note: declared here
2026-10-06T17:17:32.0052009Z  1380 | inline RepeatedPtrField<Element>::RepeatedPtrField(Arena* arena)
2026-10-06T17:17:32.0091985Z       |        ^~~~~~~~~~~~~~~~~~~~~~~~~
2026-10-06T17:17:32.0113428Z external/protobuf+/src/google/protobuf/dynamic_message.cc:602:60: warning: 'google::protobuf::RepeatedPtrField<T>::RepeatedPtrField(google::protobuf::Arena*) [with Element = google::protobuf::Message]' is deprecated: Use Arena::Create<RepeatedPtrField<...>>(Arena*) instead [-Wdeprecated-declarations]
2026-10-06T17:17:32.0122002Z   602 |             new (field_ptr) RepeatedPtrField<Message>(arena);
2026-10-06T17:17:32.0122808Z       |                                                            ^
2026-10-06T17:17:32.0124082Z bazel-out/k8-opt/bin/external/protobuf+/src/google/protobuf/_virtual_includes/protobuf_lite/google/protobuf/repeated_ptr_field.h:1380:8: note: declared here
2026-10-06T17:17:32.0125821Z  1380 | inline RepeatedPtrField<Element>::RepeatedPtrField(Arena* arena)
2026-10-06T17:17:32.0126574Z       |        ^~~~~~~~~~~~~~~~~~~~~~~~~
2026-10-06T17:17:32.0127679Z external/protobuf+/src/google/protobuf/dynamic_message.cc: In member function 'void google::protobuf::DynamicMessage::CrossLinkPrototypes()':
2026-10-06T17:17:32.0129501Z external/protobuf+/src/google/protobuf/dynamic_message.cc:774:31: warning: 'bool google::protobuf::FieldOptions::weak() const' is deprecated [-Wdeprecated-declarations]
2026-10-06T17:17:32.0130828Z   774 |         !field->options().weak() && !InRealOneof(field) &&
2026-10-06T17:17:32.0131649Z       |          ~~~~~~~~~~~~~~~~~~~~~^~
2026-10-06T17:17:32.0132408Z In file included from external/protobuf+/src/google/protobuf/dynamic_message.cc:60:
2026-10-06T17:17:32.0152659Z bazel-out/k8-opt/bin/external/protobuf+/src/google/protobuf/_virtual_includes/protobuf/google/protobuf/descriptor.pb.h:18861:13: note: declared here
2026-10-06T17:17:32.0191901Z 18861 | inline bool FieldOptions::weak() const {
2026-10-06T17:17:32.0222135Z       |             ^~~~~~~~~~~~
2026-10-06T17:17:32.0252298Z [829 / 939] Compiling src/google/protobuf/descriptor.cc [for tool]; 20s processwrapper-sandbox ... (4 actions, 3 running)
2026-10-06T17:17:33.4742904Z [829 / 939] Compiling src/google/protobuf/descriptor.cc [for tool]; 21s processwrapper-sandbox ... (4 actions running)
2026-10-06T17:17:35.4752849Z [831 / 939] Compiling src/google/protobuf/descriptor.cc [for tool]; 23s processwrapper-sandbox ... (4 actions running)
2026-10-06T17:17:36.4772408Z [832 / 939] Compiling src/google/protobuf/descriptor.cc [for tool]; 24s processwrapper-sandbox ... (4 actions running)
2026-10-06T17:17:36.7712670Z INFO: From Compiling src/google/protobuf/compiler/cpp/file.cc [for tool]:
2026-10-06T17:17:36.7732956Z In file included from bazel-out/k8-opt-exec-ST-d57f47055a04/bin/external/protobuf+/src/google/protobuf/compiler/cpp/_virtual_includes/cpp/google/protobuf/compiler/cpp/extension.h:19,
2026-10-06T17:17:36.7753844Z                  from bazel-out/k8-opt-exec-ST-d57f47055a04/bin/external/protobuf+/src/google/protobuf/compiler/cpp/_virtual_includes/cpp/google/protobuf/compiler/cpp/file.h:26,
2026-10-06T17:17:36.7772633Z                  from external/protobuf+/src/google/protobuf/compiler/cpp/file.cc:12:
2026-10-06T17:17:36.7803636Z bazel-out/k8-opt-exec-ST-d57f47055a04/bin/external/protobuf+/src/google/protobuf/compiler/cpp/_virtual_includes/names_internal/google/protobuf/compiler/cpp/helpers.h: In function 'bool google::protobuf::compiler::cpp::IsWeak(const google::protobuf::FieldDescriptor*, const Options&)':
2026-10-06T17:17:36.7833416Z bazel-out/k8-opt-exec-ST-d57f47055a04/bin/external/protobuf+/src/google/protobuf/compiler/cpp/_virtual_includes/names_internal/google/protobuf/compiler/cpp/helpers.h:347:28: warning: 'bool google::protobuf::FieldOptions::weak() const' is deprecated [-Wdeprecated-declarations]
2026-10-06T17:17:36.7882205Z   347 |   if (field->options().weak()) {
2026-10-06T17:17:36.7893414Z       |       ~~~~~~~~~~~~~~~~~~~~~^~
2026-10-06T17:17:36.7895265Z In file included from bazel-out/k8-opt-exec-ST-d57f47055a04/bin/external/protobuf+/src/google/protobuf/compiler/_virtual_includes/code_generator_lite/google/protobuf/compiler/code_generator_lite.h:18,
2026-10-06T17:17:36.7899299Z                  from bazel-out/k8-opt-exec-ST-d57f47055a04/bin/external/protobuf+/src/google/protobuf/compiler/_virtual_includes/code_generator/google/protobuf/compiler/code_generator.h:25,
2026-10-06T17:17:36.7904885Z                  from bazel-out/k8-opt-exec-ST-d57f47055a04/bin/external/protobuf+/src/google/protobuf/compiler/cpp/_virtual_includes/names_internal/google/protobuf/compiler/cpp/helpers.h:29:
2026-10-06T17:17:36.7907512Z bazel-out/k8-opt-exec-ST-d57f47055a04/bin/external/protobuf+/src/google/protobuf/_virtual_includes/protobuf/google/protobuf/descriptor.pb.h:18861:13: note: declared here
2026-10-06T17:17:36.7909045Z 18861 | inline bool FieldOptions::weak() const {
2026-10-06T17:17:36.7910067Z       |             ^~~~~~~~~~~~
2026-10-06T17:17:36.7910881Z In file included from external/abseil-cpp+/absl/functional/any_invocable.h:44,
2026-10-06T17:17:36.7912671Z                  from external/abseil-cpp+/absl/functional/internal/function_ref.h:22,
2026-10-06T17:17:36.7914086Z                  from external/abseil-cpp+/absl/functional/function_ref.h:54,
2026-10-06T17:17:36.7915299Z                  from external/abseil-cpp+/absl/hash/hash.h:88,
2026-10-06T17:17:36.7916812Z                  from external/abseil-cpp+/absl/container/internal/hash_function_defaults.h:57,
2026-10-06T17:17:36.7918415Z                  from external/abseil-cpp+/absl/container/hash_container_defaults.h:19,
2026-10-06T17:17:36.7919844Z                  from external/abseil-cpp+/absl/container/flat_hash_map.h:43,
2026-10-06T17:17:36.7923107Z                  from bazel-out/k8-opt-exec-ST-d57f47055a04/bin/external/protobuf+/src/google/protobuf/compiler/cpp/_virtual_includes/cpp/google/protobuf/compiler/cpp/file.h:20:
2026-10-06T17:17:36.7925191Z In function 'void absl::lts_20250814::internal_any_invocable::LocalManagerTrivial(FunctionToCall, TypeErasedState*, TypeErasedState*)',
2026-10-06T17:17:36.7928809Z     inlined from 'absl::lts_20250814::internal_any_invocable::CoreImpl<SigIsNoexcept, ReturnType, P>::CoreImpl(absl::lts_20250814::internal_any_invocable::CoreImpl<SigIsNoexcept, ReturnType, P>&&) [with bool SigIsNoexcept = false; ReturnType = void; P = {google::protobuf::io::Printer*}]' at external/abseil-cpp+/absl/functional/internal/any_invocable.h:461:11,
2026-10-06T17:17:36.7933262Z     inlined from 'absl::lts_20250814::internal_any_invocable::Impl<void(google::protobuf::io::Printer*)>::Impl(absl::lts_20250814::internal_any_invocable::Impl<void(google::protobuf::io::Printer*)>&&)' at external/abseil-cpp+/absl/functional/internal/any_invocable.h:755:1,
2026-10-06T17:17:36.7936480Z     inlined from 'absl::lts_20250814::AnyInvocable<Sig>::AnyInvocable(absl::lts_20250814::AnyInvocable<Sig>&&) [with Sig = void(google::protobuf::io::Printer*)]' at external/abseil-cpp+/absl/functional/any_invocable.h:185:3,
2026-10-06T17:17:36.7940364Z     inlined from 'void std::__new_allocator<_Tp>::construct(_Up*, _Args&& ...) [with _Up = absl::lts_20250814::AnyInvocable<void(google::protobuf::io::Printer*)>; _Args = {absl::lts_20250814::AnyInvocable<void(google::protobuf::io::Printer*)>}; _Tp = absl::lts_20250814::AnyInvocable<void(google::protobuf::io::Printer*)>]' at /usr/include/c++/13/bits/new_allocator.h:191:4,
2026-10-06T17:17:36.7945603Z     inlined from 'static void std::allocator_traits<std::allocator<_Tp1> >::construct(allocator_type&, _Up*, _Args&& ...) [with _Up = absl::lts_20250814::AnyInvocable<void(google::protobuf::io::Printer*)>; _Args = {absl::lts_20250814::AnyInvocable<void(google::protobuf::io::Printer*)>}; _Tp = absl::lts_20250814::AnyInvocable<void(google::protobuf::io::Printer*)>]' at /usr/include/c++/13/bits/alloc_traits.h:538:17,
2026-10-06T17:17:36.7950470Z     inlined from 'std::vector<_Tp, _Alloc>::reference std::vector<_Tp, _Alloc>::emplace_back(_Args&& ...) [with _Args = {absl::lts_20250814::AnyInvocable<void(google::protobuf::io::Printer*)>}; _Tp = absl::lts_20250814::AnyInvocable<void(google::protobuf::io::Printer*)>; _Alloc = std::allocator<absl::lts_20250814::AnyInvocable<void(google::protobuf::io::Printer*)> >]' at /usr/include/c++/13/bits/vector.tcc:117:30,
2026-10-06T17:17:36.7955012Z     inlined from 'void std::vector<_Tp, _Alloc>::push_back(value_type&&) [with _Tp = absl::lts_20250814::AnyInvocable<void(google::protobuf::io::Printer*)>; _Alloc = std::allocator<absl::lts_20250814::AnyInvocable<void(google::protobuf::io::Printer*)> >]' at /usr/include/c++/13/bits/stl_vector.h:1299:21,
2026-10-06T17:17:36.7958196Z     inlined from 'void google::protobuf::compiler::cpp::FileGenerator::GenerateReflectionInitializationCode(google::protobuf::io::Printer*)' at external/protobuf+/src/google/protobuf/compiler/cpp/file.cc:1385:53:
2026-10-06T17:17:36.7962450Z external/abseil-cpp+/absl/functional/internal/any_invocable.h:225:7: warning: '<unnamed>.absl::lts_20250814::AnyInvocable<void(google::protobuf::io::Printer*)>::<unnamed>.absl::lts_20250814::internal_any_invocable::Impl<void(google::protobuf::io::Printer*)>::<unnamed>.absl::lts_20250814::internal_any_invocable::CoreImpl<false, void, google::protobuf::io::Printer*>::state_' may be used uninitialized [-Wmaybe-uninitialized]
2026-10-06T17:17:36.7965228Z   225 |   *to = *from;
2026-10-06T17:17:36.7965795Z       |   ~~~~^~~~~~~
2026-10-06T17:17:36.7967362Z external/protobuf+/src/google/protobuf/compiler/cpp/file.cc: In member function 'void google::protobuf::compiler::cpp::FileGenerator::GenerateReflectionInitializationCode(google::protobuf::io::Printer*)':
2026-10-06T17:17:36.7969407Z external/protobuf+/src/google/protobuf/compiler/cpp/file.cc:1385:53: note: '<anonymous>' declared here
2026-10-06T17:17:36.7970644Z  1385 |     static_initializers_[kInitPriority102].push_back([](auto* p) {
2026-10-06T17:17:36.7972058Z       |     ~~~~~~~~~~~~~~~~~~~~~~~~~~~~~~~~~~~~~~~~~~~~~~~~^~~~~~~~~~~~~~
2026-10-06T17:17:36.7972615Z  1386 |       p->Emit(R"cc(
2026-10-06T17:17:36.7973154Z       |       ~~~~~~~~~~~~~                                  
2026-10-06T17:17:36.7973720Z  1387 |         ::_pbi::AddDescriptors(&$desc_table$),
2026-10-06T17:17:36.7974353Z       |         ~~~~~~~~~~~~~~~~~~~~~~~~~~~~~~~~~~~~~~       
2026-10-06T17:17:36.7974803Z  1388 |       )cc");
2026-10-06T17:17:36.7975287Z       |       ~~~~~~                                         
2026-10-06T17:17:36.7975707Z  1389 |     });
2026-10-06T17:17:36.7976116Z       |     ~~                                               
2026-10-06T17:17:38.4792904Z [835 / 939] Compiling src/google/protobuf/descriptor.cc [for tool]; 26s processwrapper-sandbox ... (4 actions running)
2026-10-06T17:17:38.7052703Z INFO: From Compiling src/google/protobuf/descriptor.cc [for tool]:
2026-10-06T17:17:38.7073344Z external/protobuf+/src/google/protobuf/descriptor.cc: In member function 'void google::protobuf::FieldDescriptor::DebugString(int, std::string*, const google::protobuf::DebugStringOptions&) const':
2026-10-06T17:17:38.7093581Z external/protobuf+/src/google/protobuf/descriptor.cc:3953:65: warning: 'bool google::protobuf::FieldDescriptor::has_optional_keyword() const' is deprecated: Use has_presence() instead. [-Wdeprecated-declarations]
2026-10-06T17:17:38.7123843Z  3953 |       (!is_required() && !is_repeated() && !has_optional_keyword())) {
2026-10-06T17:17:38.7132081Z       |                                             ~~~~~~~~~~~~~~~~~~~~^~
2026-10-06T17:17:38.7132843Z In file included from external/protobuf+/src/google/protobuf/descriptor.cc:12:
2026-10-06T17:17:38.7134378Z bazel-out/k8-opt-exec-ST-d57f47055a04/bin/external/protobuf+/src/google/protobuf/_virtual_includes/protobuf/google/protobuf/descriptor.h:1136:8: note: declared here
2026-10-06T17:17:38.7135562Z  1136 |   bool has_optional_keyword() const;
2026-10-06T17:17:38.7136069Z       |        ^~~~~~~~~~~~~~~~~~~~
2026-10-06T17:17:38.7137513Z external/protobuf+/src/google/protobuf/descriptor.cc: In member function 'void google::protobuf::DescriptorBuilder::CrossLinkField(google::protobuf::FieldDescriptor*, const google::protobuf::FieldDescriptorProto&)':
2026-10-06T17:17:38.7139855Z external/protobuf+/src/google/protobuf/descriptor.cc:7982:65: warning: 'bool google::protobuf::FieldOptions::weak() const' is deprecated [-Wdeprecated-declarations]
2026-10-06T17:17:38.7140671Z  7982 |     bool is_weak = !pool_->enforce_weak_ && proto.options().weak();
2026-10-06T17:17:38.7141176Z       |                                             ~~~~~~~~~~~~~~~~~~~~^~
2026-10-06T17:17:38.7142593Z In file included from bazel-out/k8-opt-exec-ST-d57f47055a04/bin/external/protobuf+/src/google/protobuf/_virtual_includes/protobuf/google/protobuf/cpp_features.pb.h:33,
2026-10-06T17:17:38.7143861Z                  from external/protobuf+/src/google/protobuf/descriptor.cc:72:
2026-10-06T17:17:38.7144970Z bazel-out/k8-opt-exec-ST-d57f47055a04/bin/external/protobuf+/src/google/protobuf/_virtual_includes/protobuf/google/protobuf/descriptor.pb.h:18861:13: note: declared here
2026-10-06T17:17:38.7145745Z 18861 | inline bool FieldOptions::weak() const {
2026-10-06T17:17:38.7146093Z       |             ^~~~~~~~~~~~
2026-10-06T17:17:38.7147718Z external/protobuf+/src/google/protobuf/descriptor.cc: In function 'google::protobuf::internal::cpp::HasbitMode google::protobuf::internal::cpp::GetFieldHasbitModeWithoutProfile(const google::protobuf::FieldDescriptor*)':
2026-10-06T17:17:38.7150097Z external/protobuf+/src/google/protobuf/descriptor.cc:10700:62: warning: 'bool google::protobuf::FieldOptions::weak() const' is deprecated [-Wdeprecated-declarations]
2026-10-06T17:17:38.7172186Z 10700 |   if (field->real_containing_oneof() || field->options().weak() ||
2026-10-06T17:17:38.7192373Z       |                                         ~~~~~~~~~~~~~~~~~~~~~^~
2026-10-06T17:17:38.7193718Z bazel-out/k8-opt-exec-ST-d57f47055a04/bin/external/protobuf+/src/google/protobuf/_virtual_includes/protobuf/google/protobuf/descriptor.pb.h:18861:13: note: declared here
2026-10-06T17:17:38.7194951Z 18861 | inline bool FieldOptions::weak() const {
2026-10-06T17:17:38.7195497Z       |             ^~~~~~~~~~~~
2026-10-06T17:17:39.4813033Z [837 / 939] Compiling src/google/protobuf/feature_resolver.cc; 3s processwrapper-sandbox ... (4 actions running)
2026-10-06T17:17:40.6623089Z [838 / 939] Compiling src/google/protobuf/compiler/cpp/generator.cc [for tool]; 3s processwrapper-sandbox ... (4 actions, 3 running)
2026-10-06T17:17:42.4823126Z [838 / 939] Compiling src/google/protobuf/compiler/cpp/generator.cc [for tool]; 5s processwrapper-sandbox ... (4 actions running)
2026-10-06T17:17:42.5232904Z INFO: From Compiling src/google/protobuf/compiler/cpp/tracker.cc [for tool]:
2026-10-06T17:17:42.5258287Z In file included from external/protobuf+/src/google/protobuf/compiler/cpp/tracker.cc:20:
2026-10-06T17:17:42.5273727Z bazel-out/k8-opt-exec-ST-d57f47055a04/bin/external/protobuf+/src/google/protobuf/compiler/cpp/_virtual_includes/names_internal/google/protobuf/compiler/cpp/helpers.h: In function 'bool google::protobuf::compiler::cpp::IsWeak(const google::protobuf::FieldDescriptor*, const Options&)':
2026-10-06T17:17:42.5283449Z bazel-out/k8-opt-exec-ST-d57f47055a04/bin/external/protobuf+/src/google/protobuf/compiler/cpp/_virtual_includes/names_internal/google/protobuf/compiler/cpp/helpers.h:347:28: warning: 'bool google::protobuf::FieldOptions::weak() const' is deprecated [-Wdeprecated-declarations]
2026-10-06T17:17:42.5311883Z   347 |   if (field->options().weak()) {
2026-10-06T17:17:42.5312454Z       |       ~~~~~~~~~~~~~~~~~~~~~^~
2026-10-06T17:17:42.5313927Z In file included from bazel-out/k8-opt-exec-ST-d57f47055a04/bin/external/protobuf+/src/google/protobuf/compiler/_virtual_includes/code_generator_lite/google/protobuf/compiler/code_generator_lite.h:18,
2026-10-06T17:17:42.5317394Z                  from bazel-out/k8-opt-exec-ST-d57f47055a04/bin/external/protobuf+/src/google/protobuf/compiler/_virtual_includes/code_generator/google/protobuf/compiler/code_generator.h:25,
2026-10-06T17:17:42.5320728Z                  from bazel-out/k8-opt-exec-ST-d57f47055a04/bin/external/protobuf+/src/google/protobuf/compiler/cpp/_virtual_includes/names_internal/google/protobuf/compiler/cpp/helpers.h:29:
2026-10-06T17:17:42.5323552Z bazel-out/k8-opt-exec-ST-d57f47055a04/bin/external/protobuf+/src/google/protobuf/_virtual_includes/protobuf/google/protobuf/descriptor.pb.h:18861:13: note: declared here
2026-10-06T17:17:42.5324851Z 18861 | inline bool FieldOptions::weak() const {
2026-10-06T17:17:42.5325414Z       |             ^~~~~~~~~~~~
2026-10-06T17:17:43.1438215Z INFO: From Compiling src/google/protobuf/compiler/cpp/generator.cc [for tool]:
2026-10-06T17:17:43.1483103Z In file included from bazel-out/k8-opt-exec-ST-d57f47055a04/bin/external/protobuf+/src/google/protobuf/compiler/cpp/_virtual_includes/cpp/google/protobuf/compiler/cpp/extension.h:19,
2026-10-06T17:17:43.1504244Z                  from bazel-out/k8-opt-exec-ST-d57f47055a04/bin/external/protobuf+/src/google/protobuf/compiler/cpp/_virtual_includes/cpp/google/protobuf/compiler/cpp/file.h:26,
2026-10-06T17:17:43.1522600Z                  from external/protobuf+/src/google/protobuf/compiler/cpp/generator.cc:31:
2026-10-06T17:17:43.1553394Z bazel-out/k8-opt-exec-ST-d57f47055a04/bin/external/protobuf+/src/google/protobuf/compiler/cpp/_virtual_includes/names_internal/google/protobuf/compiler/cpp/helpers.h: In function 'bool google::protobuf::compiler::cpp::IsWeak(const google::protobuf::FieldDescriptor*, const Options&)':
2026-10-06T17:17:43.1573270Z bazel-out/k8-opt-exec-ST-d57f47055a04/bin/external/protobuf+/src/google/protobuf/compiler/cpp/_virtual_includes/names_internal/google/protobuf/compiler/cpp/helpers.h:347:28: warning: 'bool google::protobuf::FieldOptions::weak() const' is deprecated [-Wdeprecated-declarations]
2026-10-06T17:17:43.1601883Z   347 |   if (field->options().weak()) {
2026-10-06T17:17:43.1621962Z       |       ~~~~~~~~~~~~~~~~~~~~~^~
2026-10-06T17:17:43.1623522Z In file included from bazel-out/k8-opt-exec-ST-d57f47055a04/bin/external/protobuf+/src/google/protobuf/compiler/_virtual_includes/code_generator_lite/google/protobuf/compiler/code_generator_lite.h:18,
2026-10-06T17:17:43.1626917Z                  from bazel-out/k8-opt-exec-ST-d57f47055a04/bin/external/protobuf+/src/google/protobuf/compiler/_virtual_includes/code_generator/google/protobuf/compiler/code_generator.h:25,
2026-10-06T17:17:43.1630160Z                  from bazel-out/k8-opt-exec-ST-d57f47055a04/bin/external/protobuf+/src/google/protobuf/compiler/cpp/_virtual_includes/cpp/google/protobuf/compiler/cpp/generator.h:24,
2026-10-06T17:17:43.1632309Z                  from external/protobuf+/src/google/protobuf/compiler/cpp/generator.cc:12:
2026-10-06T17:17:43.1633847Z bazel-out/k8-opt-exec-ST-d57f47055a04/bin/external/protobuf+/src/google/protobuf/_virtual_includes/protobuf/google/protobuf/descriptor.pb.h:18861:13: note: declared here
2026-10-06T17:17:43.1635142Z 18861 | inline bool FieldOptions::weak() const {
2026-10-06T17:17:43.1635704Z       |             ^~~~~~~~~~~~
2026-10-06T17:17:43.4843122Z [841 / 939] Compiling src/google/protobuf/compiler/cpp/service.cc [for tool]; 4s processwrapper-sandbox ... (4 actions running)
2026-10-06T17:17:43.8409865Z INFO: From Compiling src/google/protobuf/compiler/cpp/service.cc [for tool]:
2026-10-06T17:17:43.8439046Z In file included from external/protobuf+/src/google/protobuf/compiler/cpp/service.cc:17:
2026-10-06T17:17:43.8453638Z bazel-out/k8-opt-exec-ST-d57f47055a04/bin/external/protobuf+/src/google/protobuf/compiler/cpp/_virtual_includes/names_internal/google/protobuf/compiler/cpp/helpers.h: In function 'bool google::protobuf::compiler::cpp::IsWeak(const google::protobuf::FieldDescriptor*, const Options&)':
2026-10-06T17:17:43.8483499Z bazel-out/k8-opt-exec-ST-d57f47055a04/bin/external/protobuf+/src/google/protobuf/compiler/cpp/_virtual_includes/names_internal/google/protobuf/compiler/cpp/helpers.h:347:28: warning: 'bool google::protobuf::FieldOptions::weak() const' is deprecated [-Wdeprecated-declarations]
2026-10-06T17:17:43.8511937Z   347 |   if (field->options().weak()) {
2026-10-06T17:17:43.8532109Z       |       ~~~~~~~~~~~~~~~~~~~~~^~
2026-10-06T17:17:43.8553089Z In file included from bazel-out/k8-opt-exec-ST-d57f47055a04/bin/external/protobuf+/src/google/protobuf/compiler/_virtual_includes/code_generator_lite/google/protobuf/compiler/code_generator_lite.h:18,
2026-10-06T17:17:43.8564980Z                  from bazel-out/k8-opt-exec-ST-d57f47055a04/bin/external/protobuf+/src/google/protobuf/compiler/_virtual_includes/code_generator/google/protobuf/compiler/code_generator.h:25,
2026-10-06T17:17:43.8570113Z                  from bazel-out/k8-opt-exec-ST-d57f47055a04/bin/external/protobuf+/src/google/protobuf/compiler/cpp/_virtual_includes/names_internal/google/protobuf/compiler/cpp/helpers.h:29:
2026-10-06T17:17:43.8572614Z bazel-out/k8-opt-exec-ST-d57f47055a04/bin/external/protobuf+/src/google/protobuf/_virtual_includes/protobuf/google/protobuf/descriptor.pb.h:18861:13: note: declared here
2026-10-06T17:17:43.8574294Z 18861 | inline bool FieldOptions::weak() const {
2026-10-06T17:17:43.8574978Z       |             ^~~~~~~~~~~~
2026-10-06T17:17:45.4813009Z [842 / 939] Compiling src/google/protobuf/compiler/cpp/parse_function_generator.cc [for tool]; 2s processwrapper-sandbox ... (4 actions running)
2026-10-06T17:17:46.5142982Z [844 / 939] Compiling src/google/protobuf/compiler/cpp/parse_function_generator.cc [for tool]; 3s processwrapper-sandbox ... (4 actions running)
2026-10-06T17:17:50.0531826Z INFO: From Compiling src/google/protobuf/compiler/cpp/parse_function_generator.cc [for tool]:
2026-10-06T17:17:50.0553027Z In file included from bazel-out/k8-opt-exec-ST-d57f47055a04/bin/external/protobuf+/src/google/protobuf/compiler/cpp/_virtual_includes/cpp/google/protobuf/compiler/cpp/parse_function_generator.h:18,
2026-10-06T17:17:50.0576692Z                  from external/protobuf+/src/google/protobuf/compiler/cpp/parse_function_generator.cc:8:
2026-10-06T17:17:50.0617413Z bazel-out/k8-opt-exec-ST-d57f47055a04/bin/external/protobuf+/src/google/protobuf/compiler/cpp/_virtual_includes/names_internal/google/protobuf/compiler/cpp/helpers.h: In function 'bool google::protobuf::compiler::cpp::IsWeak(const google::protobuf::FieldDescriptor*, const Options&)':
2026-10-06T17:17:50.0643517Z bazel-out/k8-opt-exec-ST-d57f47055a04/bin/external/protobuf+/src/google/protobuf/compiler/cpp/_virtual_includes/names_internal/google/protobuf/compiler/cpp/helpers.h:347:28: warning: 'bool google::protobuf::FieldOptions::weak() const' is deprecated [-Wdeprecated-declarations]
2026-10-06T17:17:50.0671971Z   347 |   if (field->options().weak()) {
2026-10-06T17:17:50.0716263Z       |       ~~~~~~~~~~~~~~~~~~~~~^~
2026-10-06T17:17:50.0745735Z In file included from bazel-out/k8-opt-exec-ST-d57f47055a04/bin/external/protobuf+/src/google/protobuf/compiler/_virtual_includes/code_generator_lite/google/protobuf/compiler/code_generator_lite.h:18,
2026-10-06T17:17:50.0775851Z                  from bazel-out/k8-opt-exec-ST-d57f47055a04/bin/external/protobuf+/src/google/protobuf/compiler/_virtual_includes/code_generator/google/protobuf/compiler/code_generator.h:25,
2026-10-06T17:17:50.0807967Z                  from bazel-out/k8-opt-exec-ST-d57f47055a04/bin/external/protobuf+/src/google/protobuf/compiler/cpp/_virtual_includes/names_internal/google/protobuf/compiler/cpp/helpers.h:29:
2026-10-06T17:17:50.0832600Z bazel-out/k8-opt-exec-ST-d57f47055a04/bin/external/protobuf+/src/google/protobuf/_virtual_includes/protobuf/google/protobuf/descriptor.pb.h:18861:13: note: declared here
2026-10-06T17:17:50.0834609Z 18861 | inline bool FieldOptions::weak() const {
2026-10-06T17:17:50.0835217Z       |             ^~~~~~~~~~~~
2026-10-06T17:17:50.0836601Z [845 / 939] Compiling src/google/protobuf/generated_message_reflection.cc; 7s processwrapper-sandbox ... (4 actions, 3 running)
2026-10-06T17:17:51.5179050Z [845 / 939] Compiling src/google/protobuf/generated_message_reflection.cc; 8s processwrapper-sandbox ... (4 actions running)
2026-10-06T17:17:51.8489672Z INFO: From Compiling src/google/protobuf/compiler/cpp/message_layout_helper.cc [for tool]:
2026-10-06T17:17:51.8523041Z In file included from bazel-out/k8-opt-exec-ST-d57f47055a04/bin/external/protobuf+/src/google/protobuf/compiler/cpp/_virtual_includes/cpp/google/protobuf/compiler/cpp/message_layout_helper.h:20,
2026-10-06T17:17:51.8525734Z                  from external/protobuf+/src/google/protobuf/compiler/cpp/message_layout_helper.cc:1:
2026-10-06T17:17:51.8553693Z bazel-out/k8-opt-exec-ST-d57f47055a04/bin/external/protobuf+/src/google/protobuf/compiler/cpp/_virtual_includes/names_internal/google/protobuf/compiler/cpp/helpers.h: In function 'bool google::protobuf::compiler::cpp::IsWeak(const google::protobuf::FieldDescriptor*, const Options&)':
2026-10-06T17:17:51.8583769Z bazel-out/k8-opt-exec-ST-d57f47055a04/bin/external/protobuf+/src/google/protobuf/compiler/cpp/_virtual_includes/names_internal/google/protobuf/compiler/cpp/helpers.h:347:28: warning: 'bool google::protobuf::FieldOptions::weak() const' is deprecated [-Wdeprecated-declarations]
2026-10-06T17:17:51.8611880Z   347 |   if (field->options().weak()) {
2026-10-06T17:17:51.8612705Z       |       ~~~~~~~~~~~~~~~~~~~~~^~
2026-10-06T17:17:51.8643004Z In file included from bazel-out/k8-opt-exec-ST-d57f47055a04/bin/external/protobuf+/src/google/protobuf/compiler/_virtual_includes/code_generator_lite/google/protobuf/compiler/code_generator_lite.h:18,
2026-10-06T17:17:51.8674023Z                  from bazel-out/k8-opt-exec-ST-d57f47055a04/bin/external/protobuf+/src/google/protobuf/compiler/_virtual_includes/code_generator/google/protobuf/compiler/code_generator.h:25,
2026-10-06T17:17:51.8703816Z                  from bazel-out/k8-opt-exec-ST-d57f47055a04/bin/external/protobuf+/src/google/protobuf/compiler/cpp/_virtual_includes/names_internal/google/protobuf/compiler/cpp/helpers.h:29:
2026-10-06T17:17:51.8706174Z bazel-out/k8-opt-exec-ST-d57f47055a04/bin/external/protobuf+/src/google/protobuf/_virtual_includes/protobuf/google/protobuf/descriptor.pb.h:18861:13: note: declared here
2026-10-06T17:17:51.8732064Z 18861 | inline bool FieldOptions::weak() const {
2026-10-06T17:17:51.8761952Z       |             ^~~~~~~~~~~~
2026-10-06T17:17:52.5183098Z [847 / 939] Compiling src/google/protobuf/generated_message_reflection.cc; 9s processwrapper-sandbox ... (4 actions running)
2026-10-06T17:17:54.0292991Z [850 / 939] Compiling src/google/protobuf/generated_message_reflection.cc; 11s processwrapper-sandbox ... (4 actions, 3 running)
2026-10-06T17:17:54.6113117Z INFO: From Compiling src/google/protobuf/generated_message_reflection.cc:
2026-10-06T17:17:54.6133966Z In file included from external/protobuf+/src/google/protobuf/generated_message_reflection.cc:51:
2026-10-06T17:17:54.6193581Z bazel-out/k8-opt/bin/external/protobuf+/src/google/protobuf/_virtual_includes/protobuf/google/protobuf/map_field.h: In constructor 'google::protobuf::internal::MapFieldBase::ReflectionPayload::ReflectionPayload(google::protobuf::Arena*, const google::protobuf::Message*)':
2026-10-06T17:17:54.6224083Z bazel-out/k8-opt/bin/external/protobuf+/src/google/protobuf/_virtual_includes/protobuf/google/protobuf/map_field.h:416:11: warning: 'google::protobuf::RepeatedPtrField<T>::RepeatedPtrField(google::protobuf::Arena*) [with Element = google::protobuf::Message]' is deprecated: Use Arena::Create<RepeatedPtrField<...>>(Arena*) instead [-Wdeprecated-declarations]
2026-10-06T17:17:54.6232069Z   416 |         : repeated_field_(arena), prototype_(prototype) {}
2026-10-06T17:17:54.6261913Z       |           ^~~~~~~~~~~~~~~~~~~~~~
2026-10-06T17:17:54.6263097Z In file included from bazel-out/k8-opt/bin/external/protobuf+/src/google/protobuf/_virtual_includes/protobuf_lite/google/protobuf/repeated_field.h:46,
2026-10-06T17:17:54.6265678Z                  from bazel-out/k8-opt/bin/external/protobuf+/src/google/protobuf/_virtual_includes/protobuf_lite/google/protobuf/parse_context.h:39,
2026-10-06T17:17:54.6268458Z                  from bazel-out/k8-opt/bin/external/protobuf+/src/google/protobuf/_virtual_includes/protobuf_lite/google/protobuf/generated_message_tctable_decl.h:25,
2026-10-06T17:17:54.6271069Z                  from bazel-out/k8-opt/bin/external/protobuf+/src/google/protobuf/_virtual_includes/protobuf_lite/google/protobuf/extension_set.h:40,
2026-10-06T17:17:54.6294388Z                  from bazel-out/k8-opt/bin/external/protobuf+/src/google/protobuf/_virtual_includes/protobuf/google/protobuf/descriptor.h:56,
2026-10-06T17:17:54.6297087Z                  from bazel-out/k8-opt/bin/external/protobuf+/src/google/protobuf/_virtual_includes/protobuf/google/protobuf/generated_message_reflection.h:26,
2026-10-06T17:17:54.6299008Z                  from external/protobuf+/src/google/protobuf/generated_message_reflection.cc:12:
2026-10-06T17:17:54.6300397Z bazel-out/k8-opt/bin/external/protobuf+/src/google/protobuf/_virtual_includes/protobuf_lite/google/protobuf/repeated_ptr_field.h:1380:8: note: declared here
2026-10-06T17:17:54.6301848Z  1380 | inline RepeatedPtrField<Element>::RepeatedPtrField(Arena* arena)
2026-10-06T17:17:54.6302793Z       |        ^~~~~~~~~~~~~~~~~~~~~~~~~
2026-10-06T17:17:54.6304377Z external/protobuf+/src/google/protobuf/generated_message_reflection.cc: In member function 'const google::protobuf::Message* google::protobuf::Reflection::GetDefaultMessageInstance(const google::protobuf::FieldDescriptor*) const':
2026-10-06T17:17:54.6306740Z external/protobuf+/src/google/protobuf/generated_message_reflection.cc:2526:55: warning: 'bool google::protobuf::FieldOptions::weak() const' is deprecated [-Wdeprecated-declarations]
2026-10-06T17:17:54.6308150Z  2526 |   if (!field->is_extension() && !field->options().weak() &&
2026-10-06T17:17:54.6308889Z       |                                  ~~~~~~~~~~~~~~~~~~~~~^~
2026-10-06T17:17:54.6309656Z In file included from external/protobuf+/src/google/protobuf/generated_message_reflection.cc:41:
2026-10-06T17:17:54.6311066Z bazel-out/k8-opt/bin/external/protobuf+/src/google/protobuf/_virtual_includes/protobuf/google/protobuf/descriptor.pb.h:18861:13: note: declared here
2026-10-06T17:17:54.6342625Z 18861 | inline bool FieldOptions::weak() const {
2026-10-06T17:17:54.6343210Z       |             ^~~~~~~~~~~~
2026-10-06T17:17:54.6343843Z In file included from external/abseil-cpp+/absl/log/internal/check_impl.h:20,
2026-10-06T17:17:54.6344946Z                  from external/abseil-cpp+/absl/log/absl_check.h:38,
2026-10-06T17:17:54.6347138Z                  from bazel-out/k8-opt/bin/external/protobuf+/src/google/protobuf/_virtual_includes/protobuf/google/protobuf/generated_message_reflection.h:25:
2026-10-06T17:17:54.6349444Z external/protobuf+/src/google/protobuf/generated_message_reflection.cc: In member function 'bool google::protobuf::Reflection::HasFieldWithHasbits(const google::protobuf::Message&, const google::protobuf::FieldDescriptor*) const':
2026-10-06T17:17:54.6352075Z external/protobuf+/src/google/protobuf/generated_message_reflection.cc:3290:37: warning: 'bool google::protobuf::FieldOptions::weak() const' is deprecated [-Wdeprecated-declarations]
2026-10-06T17:17:54.6353312Z  3290 |   ABSL_DCHECK(!field->options().weak());
2026-10-06T17:17:54.6353906Z       |                ~~~~~~~~~~~~~~~~~~~~~^~
2026-10-06T17:17:54.6354825Z external/abseil-cpp+/absl/log/internal/conditions.h:68:7: note: in definition of macro 'ABSL_LOG_INTERNAL_STATELESS_CONDITION'
2026-10-06T17:17:54.6355889Z    68 |     !(condition) ? (void)0 : ::absl::log_internal::Voidify() &&
2026-10-06T17:17:54.6356440Z       |       ^~~~~~~~~
2026-10-06T17:17:54.6357253Z external/abseil-cpp+/absl/log/internal/check_impl.h:26:3: note: in expansion of macro 'ABSL_LOG_INTERNAL_CONDITION_FATAL'
2026-10-06T17:17:54.6358361Z    26 |   ABSL_LOG_INTERNAL_CONDITION_FATAL(STATELESS,                        \
2026-10-06T17:17:54.6359058Z       |   ^~~~~~~~~~~~~~~~~~~~~~~~~~~~~~~~~
2026-10-06T17:17:54.6359811Z external/abseil-cpp+/absl/log/internal/check_impl.h:27:37: note: in expansion of macro 'ABSL_PREDICT_FALSE'
2026-10-06T17:17:54.6360775Z    27 |                                     ABSL_PREDICT_FALSE(!(condition))) \
2026-10-06T17:17:54.6361629Z       |                                     ^~~~~~~~~~~~~~~~~~
2026-10-06T17:17:54.6362801Z external/abseil-cpp+/absl/log/internal/check_impl.h:43:3: note: in expansion of macro 'ABSL_LOG_INTERNAL_CHECK_IMPL'
2026-10-06T17:17:54.6363769Z    43 |   ABSL_LOG_INTERNAL_CHECK_IMPL(true || (condition), "true")
2026-10-06T17:17:54.6364379Z       |   ^~~~~~~~~~~~~~~~~~~~~~~~~~~~
2026-10-06T17:17:54.6365124Z external/abseil-cpp+/absl/log/absl_check.h:47:3: note: in expansion of macro 'ABSL_LOG_INTERNAL_DCHECK_IMPL'
2026-10-06T17:17:54.6366058Z    47 |   ABSL_LOG_INTERNAL_DCHECK_IMPL((condition), #condition)
2026-10-06T17:17:54.6366671Z       |   ^~~~~~~~~~~~~~~~~~~~~~~~~~~~~
2026-10-06T17:17:54.6367608Z external/protobuf+/src/google/protobuf/generated_message_reflection.cc:3290:3: note: in expansion of macro 'ABSL_DCHECK'
2026-10-06T17:17:54.6368555Z  3290 |   ABSL_DCHECK(!field->options().weak());
2026-10-06T17:17:54.6369067Z       |   ^~~~~~~~~~~
2026-10-06T17:17:54.6370333Z bazel-out/k8-opt/bin/external/protobuf+/src/google/protobuf/_virtual_includes/protobuf/google/protobuf/descriptor.pb.h:18861:13: note: declared here
2026-10-06T17:17:54.6401799Z 18861 | inline bool FieldOptions::weak() const {
2026-10-06T17:17:54.6402397Z       |             ^~~~~~~~~~~~
2026-10-06T17:17:54.6403903Z external/protobuf+/src/google/protobuf/generated_message_reflection.cc: In member function 'void google::protobuf::Reflection::SetHasBit(google::protobuf::Message*, const google::protobuf::FieldDescriptor*) const':
2026-10-06T17:17:54.6406187Z external/protobuf+/src/google/protobuf/generated_message_reflection.cc:3323:37: warning: 'bool google::protobuf::FieldOptions::weak() const' is deprecated [-Wdeprecated-declarations]
2026-10-06T17:17:54.6407496Z  3323 |   ABSL_DCHECK(!field->options().weak());
2026-10-06T17:17:54.6408087Z       |                ~~~~~~~~~~~~~~~~~~~~~^~
2026-10-06T17:17:54.6408999Z external/abseil-cpp+/absl/log/internal/conditions.h:68:7: note: in definition of macro 'ABSL_LOG_INTERNAL_STATELESS_CONDITION'
2026-10-06T17:17:54.6410140Z    68 |     !(condition) ? (void)0 : ::absl::log_internal::Voidify() &&
2026-10-06T17:17:54.6410752Z       |       ^~~~~~~~~
2026-10-06T17:17:54.6411795Z external/abseil-cpp+/absl/log/internal/check_impl.h:26:3: note: in expansion of macro 'ABSL_LOG_INTERNAL_CONDITION_FATAL'
2026-10-06T17:17:54.6412949Z    26 |   ABSL_LOG_INTERNAL_CONDITION_FATAL(STATELESS,                        \
2026-10-06T17:17:54.6413654Z       |   ^~~~~~~~~~~~~~~~~~~~~~~~~~~~~~~~~
2026-10-06T17:17:54.6414476Z external/abseil-cpp+/absl/log/internal/check_impl.h:27:37: note: in expansion of macro 'ABSL_PREDICT_FALSE'
2026-10-06T17:17:54.6415480Z    27 |                                     ABSL_PREDICT_FALSE(!(condition))) \
2026-10-06T17:17:54.6416186Z       |                                     ^~~~~~~~~~~~~~~~~~
2026-10-06T17:17:54.6417091Z external/abseil-cpp+/absl/log/internal/check_impl.h:43:3: note: in expansion of macro 'ABSL_LOG_INTERNAL_CHECK_IMPL'
2026-10-06T17:17:54.6418075Z    43 |   ABSL_LOG_INTERNAL_CHECK_IMPL(true || (condition), "true")
2026-10-06T17:17:54.6418671Z       |   ^~~~~~~~~~~~~~~~~~~~~~~~~~~~
2026-10-06T17:17:54.6419438Z external/abseil-cpp+/absl/log/absl_check.h:47:3: note: in expansion of macro 'ABSL_LOG_INTERNAL_DCHECK_IMPL'
2026-10-06T17:17:54.6420413Z    47 |   ABSL_LOG_INTERNAL_DCHECK_IMPL((condition), #condition)
2026-10-06T17:17:54.6421027Z       |   ^~~~~~~~~~~~~~~~~~~~~~~~~~~~~
2026-10-06T17:17:54.6422104Z external/protobuf+/src/google/protobuf/generated_message_reflection.cc:3323:3: note: in expansion of macro 'ABSL_DCHECK'
2026-10-06T17:17:54.6423087Z  3323 |   ABSL_DCHECK(!field->options().weak());
2026-10-06T17:17:54.6423603Z       |   ^~~~~~~~~~~
2026-10-06T17:17:54.6424645Z bazel-out/k8-opt/bin/external/protobuf+/src/google/protobuf/_virtual_includes/protobuf/google/protobuf/descriptor.pb.h:18861:13: note: declared here
2026-10-06T17:17:54.6425780Z 18861 | inline bool FieldOptions::weak() const {
2026-10-06T17:17:54.6426331Z       |             ^~~~~~~~~~~~
2026-10-06T17:17:54.6427801Z external/protobuf+/src/google/protobuf/generated_message_reflection.cc: In member function 'void google::protobuf::Reflection::ClearHasBit(google::protobuf::Message*, const google::protobuf::FieldDescriptor*) const':
2026-10-06T17:17:54.6430411Z external/protobuf+/src/google/protobuf/generated_message_reflection.cc:3332:37: warning: 'bool google::protobuf::FieldOptions::weak() const' is deprecated [-Wdeprecated-declarations]
2026-10-06T17:17:54.6462081Z  3332 |   ABSL_DCHECK(!field->options().weak());
2026-10-06T17:17:54.6462652Z       |                ~~~~~~~~~~~~~~~~~~~~~^~
2026-10-06T17:17:54.6463579Z external/abseil-cpp+/absl/log/internal/conditions.h:68:7: note: in definition of macro 'ABSL_LOG_INTERNAL_STATELESS_CONDITION'
2026-10-06T17:17:54.6464682Z    68 |     !(condition) ? (void)0 : ::absl::log_internal::Voidify() &&
2026-10-06T17:17:54.6465246Z       |       ^~~~~~~~~
2026-10-06T17:17:54.6466295Z external/abseil-cpp+/absl/log/internal/check_impl.h:26:3: note: in expansion of macro 'ABSL_LOG_INTERNAL_CONDITION_FATAL'
2026-10-06T17:17:54.6467486Z    26 |   ABSL_LOG_INTERNAL_CONDITION_FATAL(STATELESS,                        \
2026-10-06T17:17:54.6468144Z       |   ^~~~~~~~~~~~~~~~~~~~~~~~~~~~~~~~~
2026-10-06T17:17:54.6468961Z external/abseil-cpp+/absl/log/internal/check_impl.h:27:37: note: in expansion of macro 'ABSL_PREDICT_FALSE'
2026-10-06T17:17:54.6469952Z    27 |                                     ABSL_PREDICT_FALSE(!(condition))) \
2026-10-06T17:17:54.6470604Z       |                                     ^~~~~~~~~~~~~~~~~~
2026-10-06T17:17:54.6471670Z external/abseil-cpp+/absl/log/internal/check_impl.h:43:3: note: in expansion of macro 'ABSL_LOG_INTERNAL_CHECK_IMPL'
2026-10-06T17:17:54.6472680Z    43 |   ABSL_LOG_INTERNAL_CHECK_IMPL(true || (condition), "true")
2026-10-06T17:17:54.6473296Z       |   ^~~~~~~~~~~~~~~~~~~~~~~~~~~~
2026-10-06T17:17:54.6474115Z external/abseil-cpp+/absl/log/absl_check.h:47:3: note: in expansion of macro 'ABSL_LOG_INTERNAL_DCHECK_IMPL'
2026-10-06T17:17:54.6475081Z    47 |   ABSL_LOG_INTERNAL_DCHECK_IMPL((condition), #condition)
2026-10-06T17:17:54.6475637Z       |   ^~~~~~~~~~~~~~~~~~~~~~~~~~~~~
2026-10-06T17:17:54.6476505Z external/protobuf+/src/google/protobuf/generated_message_reflection.cc:3332:3: note: in expansion of macro 'ABSL_DCHECK'
2026-10-06T17:17:54.6477466Z  3332 |   ABSL_DCHECK(!field->options().weak());
2026-10-06T17:17:54.6477961Z       |   ^~~~~~~~~~~
2026-10-06T17:17:54.6478984Z bazel-out/k8-opt/bin/external/protobuf+/src/google/protobuf/_virtual_includes/protobuf/google/protobuf/descriptor.pb.h:18861:13: note: declared here
2026-10-06T17:17:54.6480106Z 18861 | inline bool FieldOptions::weak() const {
2026-10-06T17:17:54.6480585Z       |             ^~~~~~~~~~~~
2026-10-06T17:17:54.6482351Z external/protobuf+/src/google/protobuf/generated_message_reflection.cc: In member function 'void google::protobuf::Reflection::NaiveSwapHasBit(google::protobuf::Message*, google::protobuf::Message*, const google::protobuf::FieldDescriptor*) const':
2026-10-06T17:17:54.6484888Z external/protobuf+/src/google/protobuf/generated_message_reflection.cc:3341:37: warning: 'bool google::protobuf::FieldOptions::weak() const' is deprecated [-Wdeprecated-declarations]
2026-10-06T17:17:54.6486200Z  3341 |   ABSL_DCHECK(!field->options().weak());
2026-10-06T17:17:54.6486752Z       |                ~~~~~~~~~~~~~~~~~~~~~^~
2026-10-06T17:17:54.6487671Z external/abseil-cpp+/absl/log/internal/conditions.h:68:7: note: in definition of macro 'ABSL_LOG_INTERNAL_STATELESS_CONDITION'
2026-10-06T17:17:54.6488793Z    68 |     !(condition) ? (void)0 : ::absl::log_internal::Voidify() &&
2026-10-06T17:17:54.6489385Z       |       ^~~~~~~~~
2026-10-06T17:17:54.6490215Z external/abseil-cpp+/absl/log/internal/check_impl.h:26:3: note: in expansion of macro 'ABSL_LOG_INTERNAL_CONDITION_FATAL'
2026-10-06T17:17:54.6521677Z    26 |   ABSL_LOG_INTERNAL_CONDITION_FATAL(STATELESS,                        \
2026-10-06T17:17:54.6522496Z       |   ^~~~~~~~~~~~~~~~~~~~~~~~~~~~~~~~~
2026-10-06T17:17:54.6523371Z external/abseil-cpp+/absl/log/internal/check_impl.h:27:37: note: in expansion of macro 'ABSL_PREDICT_FALSE'
2026-10-06T17:17:54.6524677Z    27 |                                     ABSL_PREDICT_FALSE(!(condition))) \
2026-10-06T17:17:54.6525394Z       |                                     ^~~~~~~~~~~~~~~~~~
2026-10-06T17:17:54.6526345Z external/abseil-cpp+/absl/log/internal/check_impl.h:43:3: note: in expansion of macro 'ABSL_LOG_INTERNAL_CHECK_IMPL'
2026-10-06T17:17:54.6527420Z    43 |   ABSL_LOG_INTERNAL_CHECK_IMPL(true || (condition), "true")
2026-10-06T17:17:54.6528081Z       |   ^~~~~~~~~~~~~~~~~~~~~~~~~~~~
2026-10-06T17:17:54.6528890Z external/abseil-cpp+/absl/log/absl_check.h:47:3: note: in expansion of macro 'ABSL_LOG_INTERNAL_DCHECK_IMPL'
2026-10-06T17:17:54.6529862Z    47 |   ABSL_LOG_INTERNAL_DCHECK_IMPL((condition), #condition)
2026-10-06T17:17:54.6530487Z       |   ^~~~~~~~~~~~~~~~~~~~~~~~~~~~~
2026-10-06T17:17:54.6531907Z external/protobuf+/src/google/protobuf/generated_message_reflection.cc:3341:3: note: in expansion of macro 'ABSL_DCHECK'
2026-10-06T17:17:54.6532939Z  3341 |   ABSL_DCHECK(!field->options().weak());
2026-10-06T17:17:54.6533444Z       |   ^~~~~~~~~~~
2026-10-06T17:17:54.6534500Z bazel-out/k8-opt/bin/external/protobuf+/src/google/protobuf/_virtual_includes/protobuf/google/protobuf/descriptor.pb.h:18861:13: note: declared here
2026-10-06T17:17:54.6535655Z 18861 | inline bool FieldOptions::weak() const {
2026-10-06T17:17:54.6536202Z       |             ^~~~~~~~~~~~
2026-10-06T17:17:54.6540587Z bazel-out/k8-opt/bin/external/protobuf+/src/google/protobuf/_virtual_includes/protobuf/google/protobuf/reflection_visit_fields.h: In instantiation of 'static void google::protobuf::internal::ReflectionVisit::VisitFields(MessageT&, CallbackFn&&, google::protobuf::internal::FieldMask) [with MessageT = google::protobuf::Message; CallbackFn = google::protobuf::internal::ReflectionVisit::VisitMessageFields<google::protobuf::Reflection::MaybePoisonAfterClear(google::protobuf::Message&) const::<lambda(google::protobuf::Message&)> >(google::protobuf::Message&, google::protobuf::Reflection::MaybePoisonAfterClear(google::protobuf::Message&) const::<lambda(google::protobuf::Message&)>&&)::<lambda(auto:42)>]':
2026-10-06T17:17:54.6547324Z bazel-out/k8-opt/bin/external/protobuf+/src/google/protobuf/_virtual_includes/protobuf/google/protobuf/reflection_visit_fields.h:447:31:   required from 'static void google::protobuf::internal::ReflectionVisit::VisitMessageFields(google::protobuf::Message&, CallbackFn&&) [with CallbackFn = google::protobuf::Reflection::MaybePoisonAfterClear(google::protobuf::Message&) const::<lambda(google::protobuf::Message&)>]'
2026-10-06T17:17:54.6552871Z bazel-out/k8-opt/bin/external/protobuf+/src/google/protobuf/_virtual_includes/protobuf/google/protobuf/reflection_visit_fields.h:502:38:   required from 'void google::protobuf::internal::VisitMutableMessageFields(google::protobuf::Message&, CallbackFn&&) [with CallbackFn = google::protobuf::Reflection::MaybePoisonAfterClear(google::protobuf::Message&) const::<lambda(google::protobuf::Message&)>]'
2026-10-06T17:17:54.6555721Z external/protobuf+/src/google/protobuf/generated_message_reflection.cc:1390:40:   required from here
2026-10-06T17:17:54.6557754Z bazel-out/k8-opt/bin/external/protobuf+/src/google/protobuf/_virtual_includes/protobuf/google/protobuf/reflection_visit_fields.h:109:39: warning: 'bool google::protobuf::FieldOptions::weak() const' is deprecated [-Wdeprecated-declarations]
2026-10-06T17:17:54.6559802Z   109 |     ABSL_DCHECK(!field->options().weak()) << "weak fields are not supported";
2026-10-06T17:17:54.6560522Z       |                  ~~~~~~~~~~~~~~~~~~~~~^~
2026-10-06T17:17:54.6561565Z external/abseil-cpp+/absl/log/internal/conditions.h:68:7: note: in definition of macro 'ABSL_LOG_INTERNAL_STATELESS_CONDITION'
2026-10-06T17:17:54.6562632Z    68 |     !(condition) ? (void)0 : ::absl::log_internal::Voidify() &&
2026-10-06T17:17:54.6563196Z       |       ^~~~~~~~~
2026-10-06T17:17:54.6564024Z external/abseil-cpp+/absl/log/internal/check_impl.h:26:3: note: in expansion of macro 'ABSL_LOG_INTERNAL_CONDITION_FATAL'
2026-10-06T17:17:54.6565486Z    26 |   ABSL_LOG_INTERNAL_CONDITION_FATAL(STATELESS,                        \
2026-10-06T17:17:54.6566208Z       |   ^~~~~~~~~~~~~~~~~~~~~~~~~~~~~~~~~
2026-10-06T17:17:54.6566976Z external/abseil-cpp+/absl/log/internal/check_impl.h:27:37: note: in expansion of macro 'ABSL_PREDICT_FALSE'
2026-10-06T17:17:54.6567891Z    27 |                                     ABSL_PREDICT_FALSE(!(condition))) \
2026-10-06T17:17:54.6568568Z       |                                     ^~~~~~~~~~~~~~~~~~
2026-10-06T17:17:54.6569465Z external/abseil-cpp+/absl/log/internal/check_impl.h:43:3: note: in expansion of macro 'ABSL_LOG_INTERNAL_CHECK_IMPL'
2026-10-06T17:17:54.6570505Z    43 |   ABSL_LOG_INTERNAL_CHECK_IMPL(true || (condition), "true")
2026-10-06T17:17:54.6571147Z       |   ^~~~~~~~~~~~~~~~~~~~~~~~~~~~
2026-10-06T17:17:54.6603167Z external/abseil-cpp+/absl/log/absl_check.h:47:3: note: in expansion of macro 'ABSL_LOG_INTERNAL_DCHECK_IMPL'
2026-10-06T17:17:54.6604174Z    47 |   ABSL_LOG_INTERNAL_DCHECK_IMPL((condition), #condition)
2026-10-06T17:17:54.6604811Z       |   ^~~~~~~~~~~~~~~~~~~~~~~~~~~~~
2026-10-06T17:17:54.6606115Z bazel-out/k8-opt/bin/external/protobuf+/src/google/protobuf/_virtual_includes/protobuf/google/protobuf/reflection_visit_fields.h:109:5: note: in expansion of macro 'ABSL_DCHECK'
2026-10-06T17:17:54.6607657Z   109 |     ABSL_DCHECK(!field->options().weak()) << "weak fields are not supported";
2026-10-06T17:17:54.6608334Z       |     ^~~~~~~~~~~
2026-10-06T17:17:54.6609381Z bazel-out/k8-opt/bin/external/protobuf+/src/google/protobuf/_virtual_includes/protobuf/google/protobuf/descriptor.pb.h:18861:13: note: declared here
2026-10-06T17:17:54.6610514Z 18861 | inline bool FieldOptions::weak() const {
2026-10-06T17:17:54.6611060Z       |             ^~~~~~~~~~~~
2026-10-06T17:17:54.6642229Z bazel-out/k8-opt/bin/external/protobuf+/src/google/protobuf/_virtual_includes/protobuf/google/protobuf/reflection_visit_fields.h:109:39: warning: 'bool google::protobuf::FieldOptions::weak() const' is deprecated [-Wdeprecated-declarations]
2026-10-06T17:17:54.6644214Z   109 |     ABSL_DCHECK(!field->options().weak()) << "weak fields are not supported";
2026-10-06T17:17:54.6644967Z       |                  ~~~~~~~~~~~~~~~~~~~~~^~
2026-10-06T17:17:54.6645924Z external/abseil-cpp+/absl/log/internal/conditions.h:68:7: note: in definition of macro 'ABSL_LOG_INTERNAL_STATELESS_CONDITION'
2026-10-06T17:17:54.6647075Z    68 |     !(condition) ? (void)0 : ::absl::log_internal::Voidify() &&
2026-10-06T17:17:54.6647650Z       |       ^~~~~~~~~
2026-10-06T17:17:54.6648497Z external/abseil-cpp+/absl/log/internal/check_impl.h:26:3: note: in expansion of macro 'ABSL_LOG_INTERNAL_CONDITION_FATAL'
2026-10-06T17:17:54.6649636Z    26 |   ABSL_LOG_INTERNAL_CONDITION_FATAL(STATELESS,                        \
2026-10-06T17:17:54.6650347Z       |   ^~~~~~~~~~~~~~~~~~~~~~~~~~~~~~~~~
2026-10-06T17:17:54.6651178Z external/abseil-cpp+/absl/log/internal/check_impl.h:27:37: note: in expansion of macro 'ABSL_PREDICT_FALSE'
2026-10-06T17:17:54.6652345Z    27 |                                     ABSL_PREDICT_FALSE(!(condition))) \
2026-10-06T17:17:54.6653034Z       |                                     ^~~~~~~~~~~~~~~~~~
2026-10-06T17:17:54.6653895Z external/abseil-cpp+/absl/log/internal/check_impl.h:43:3: note: in expansion of macro 'ABSL_LOG_INTERNAL_CHECK_IMPL'
2026-10-06T17:17:54.6654868Z    43 |   ABSL_LOG_INTERNAL_CHECK_IMPL(true || (condition), "true")
2026-10-06T17:17:54.6655487Z       |   ^~~~~~~~~~~~~~~~~~~~~~~~~~~~
2026-10-06T17:17:54.6656276Z external/abseil-cpp+/absl/log/absl_check.h:47:3: note: in expansion of macro 'ABSL_LOG_INTERNAL_DCHECK_IMPL'
2026-10-06T17:17:54.6657254Z    47 |   ABSL_LOG_INTERNAL_DCHECK_IMPL((condition), #condition)
2026-10-06T17:17:54.6657841Z       |   ^~~~~~~~~~~~~~~~~~~~~~~~~~~~~
2026-10-06T17:17:54.6659105Z bazel-out/k8-opt/bin/external/protobuf+/src/google/protobuf/_virtual_includes/protobuf/google/protobuf/reflection_visit_fields.h:109:5: note: in expansion of macro 'ABSL_DCHECK'
2026-10-06T17:17:54.6660921Z   109 |     ABSL_DCHECK(!field->options().weak()) << "weak fields are not supported";
2026-10-06T17:17:54.6661885Z       |     ^~~~~~~~~~~
2026-10-06T17:17:54.6662936Z bazel-out/k8-opt/bin/external/protobuf+/src/google/protobuf/_virtual_includes/protobuf/google/protobuf/descriptor.pb.h:18861:13: note: declared here
2026-10-06T17:17:54.6664057Z 18861 | inline bool FieldOptions::weak() const {
2026-10-06T17:17:54.6664597Z       |             ^~~~~~~~~~~~
2026-10-06T17:17:55.2953016Z [853 / 939] Compiling src/google/protobuf/compiler/cpp/message.cc [for tool]; 9s processwrapper-sandbox ... (4 actions, 3 running)
2026-10-06T17:17:56.5192932Z [854 / 939] Compiling src/google/protobuf/compiler/cpp/message.cc [for tool]; 10s processwrapper-sandbox ... (4 actions running)
2026-10-06T17:17:57.5233615Z [856 / 939] Compiling src/google/protobuf/compiler/cpp/message.cc [for tool]; 11s processwrapper-sandbox ... (4 actions running)
2026-10-06T17:17:59.0508395Z [857 / 939] Compiling src/google/protobuf/compiler/cpp/message.cc [for tool]; 13s processwrapper-sandbox ... (4 actions, 3 running)
2026-10-06T17:18:00.5213239Z [858 / 939] Compiling src/google/protobuf/compiler/cpp/message.cc [for tool]; 14s processwrapper-sandbox ... (4 actions running)
2026-10-06T17:18:00.9242880Z INFO: From Compiling src/google/protobuf/generated_message_tctable_gen.cc:
2026-10-06T17:18:00.9312929Z external/protobuf+/src/google/protobuf/generated_message_tctable_gen.cc: In function 'bool google::protobuf::internal::{anonymous}::HasWeakFields(const google::protobuf::Descriptor*)':
2026-10-06T17:18:00.9342879Z external/protobuf+/src/google/protobuf/generated_message_tctable_gen.cc:699:45: warning: 'bool google::protobuf::FieldOptions::weak() const' is deprecated [-Wdeprecated-declarations]
2026-10-06T17:18:00.9360990Z   699 |     if (descriptor->field(i)->options().weak()) {
2026-10-06T17:18:00.9362101Z       |         ~~~~~~~~~~~~~~~~~~~~~~~~~~~~~~~~~~~~^~
2026-10-06T17:18:00.9363391Z In file included from bazel-out/k8-opt/bin/external/protobuf+/src/google/protobuf/_virtual_includes/protobuf/google/protobuf/generated_message_tctable_gen.h:21,
2026-10-06T17:18:00.9365315Z                  from external/protobuf+/src/google/protobuf/generated_message_tctable_gen.cc:8:
2026-10-06T17:18:00.9366796Z bazel-out/k8-opt/bin/external/protobuf+/src/google/protobuf/_virtual_includes/protobuf/google/protobuf/descriptor.pb.h:18861:13: note: declared here
2026-10-06T17:18:00.9368019Z 18861 | inline bool FieldOptions::weak() const {
2026-10-06T17:18:00.9368627Z       |             ^~~~~~~~~~~~
2026-10-06T17:18:00.9370032Z external/protobuf+/src/google/protobuf/generated_message_tctable_gen.cc: In function 'bool google::protobuf::internal::IsFieldTypeEligibleForFastParsing(const google::protobuf::FieldDescriptor*)':
2026-10-06T17:18:00.9374675Z external/protobuf+/src/google/protobuf/generated_message_tctable_gen.cc:738:28: warning: 'bool google::protobuf::FieldOptions::weak() const' is deprecated [-Wdeprecated-declarations]
2026-10-06T17:18:00.9376235Z   738 |       field->options().weak()) {
2026-10-06T17:18:00.9376894Z       |       ~~~~~~~~~~~~~~~~~~~~~^~
2026-10-06T17:18:00.9378076Z bazel-out/k8-opt/bin/external/protobuf+/src/google/protobuf/_virtual_includes/protobuf/google/protobuf/descriptor.pb.h:18861:13: note: declared here
2026-10-06T17:18:00.9379281Z 18861 | inline bool FieldOptions::weak() const {
2026-10-06T17:18:00.9379929Z       |             ^~~~~~~~~~~~
2026-10-06T17:18:00.9380753Z external/protobuf+/src/google/protobuf/generated_message_tctable_gen.cc: In lambda function:
2026-10-06T17:18:00.9382633Z external/protobuf+/src/google/protobuf/generated_message_tctable_gen.cc:773:54: warning: 'bool google::protobuf::FieldOptions::weak() const' is deprecated [-Wdeprecated-declarations]
2026-10-06T17:18:00.9384124Z   773 |            !field->is_map() && !field->options().weak() &&
2026-10-06T17:18:00.9385017Z       |                                 ~~~~~~~~~~~~~~~~~~~~~^~
2026-10-06T17:18:00.9386453Z bazel-out/k8-opt/bin/external/protobuf+/src/google/protobuf/_virtual_includes/protobuf/google/protobuf/descriptor.pb.h:18861:13: note: declared here
2026-10-06T17:18:00.9388058Z 18861 | inline bool FieldOptions::weak() const {
2026-10-06T17:18:00.9388734Z       |             ^~~~~~~~~~~~
2026-10-06T17:18:00.9391212Z external/protobuf+/src/google/protobuf/generated_message_tctable_gen.cc: In static member function 'static std::vector<google::protobuf::internal::TailCallTableInfo::FieldEntryInfo> google::protobuf::internal::TailCallTableInfo::BuildFieldEntries(const google::protobuf::Descriptor*, const MessageOptions&, absl::lts_20250814::Span<const FieldOptions>, std::vector<AuxEntry>&)':
2026-10-06T17:18:00.9394956Z external/protobuf+/src/google/protobuf/generated_message_tctable_gen.cc:813:39: warning: 'bool google::protobuf::FieldOptions::weak() const' is deprecated [-Wdeprecated-declarations]
2026-10-06T17:18:00.9396737Z   813 |       } else if (field->options().weak()) {
2026-10-06T17:18:00.9397485Z       |                  ~~~~~~~~~~~~~~~~~~~~~^~
2026-10-06T17:18:00.9398786Z bazel-out/k8-opt/bin/external/protobuf+/src/google/protobuf/_virtual_includes/protobuf/google/protobuf/descriptor.pb.h:18861:13: note: declared here
2026-10-06T17:18:00.9400075Z 18861 | inline bool FieldOptions::weak() const {
2026-10-06T17:18:00.9400745Z       |             ^~~~~~~~~~~~
2026-10-06T17:18:01.5223140Z [859 / 939] Compiling src/google/protobuf/compiler/cpp/message.cc [for tool]; 15s processwrapper-sandbox ... (4 actions running)
2026-10-06T17:18:03.2303050Z [860 / 939] Compiling src/google/protobuf/compiler/cpp/message.cc [for tool]; 17s processwrapper-sandbox ... (4 actions, 3 running)
2026-10-06T17:18:04.5233131Z [861 / 939] Compiling src/google/protobuf/compiler/cpp/message.cc [for tool]; 18s processwrapper-sandbox ... (4 actions running)
2026-10-06T17:18:06.3232833Z INFO: From Compiling src/google/protobuf/compiler/cpp/message.cc [for tool]:
2026-10-06T17:18:06.3263214Z In file included from bazel-out/k8-opt-exec-ST-d57f47055a04/bin/external/protobuf+/src/google/protobuf/compiler/cpp/_virtual_includes/cpp/google/protobuf/compiler/cpp/extension.h:19,
2026-10-06T17:18:06.3293902Z                  from bazel-out/k8-opt-exec-ST-d57f47055a04/bin/external/protobuf+/src/google/protobuf/compiler/cpp/_virtual_includes/cpp/google/protobuf/compiler/cpp/message.h:25,
2026-10-06T17:18:06.3333047Z                  from external/protobuf+/src/google/protobuf/compiler/cpp/message.cc:12:
2026-10-06T17:18:06.3335690Z bazel-out/k8-opt-exec-ST-d57f47055a04/bin/external/protobuf+/src/google/protobuf/compiler/cpp/_virtual_includes/names_internal/google/protobuf/compiler/cpp/helpers.h: In function 'bool google::protobuf::compiler::cpp::IsWeak(const google::protobuf::FieldDescriptor*, const Options&)':
2026-10-06T17:18:06.3339360Z bazel-out/k8-opt-exec-ST-d57f47055a04/bin/external/protobuf+/src/google/protobuf/compiler/cpp/_virtual_includes/names_internal/google/protobuf/compiler/cpp/helpers.h:347:28: warning: 'bool google::protobuf::FieldOptions::weak() const' is deprecated [-Wdeprecated-declarations]
2026-10-06T17:18:06.3341582Z   347 |   if (field->options().weak()) {
2026-10-06T17:18:06.3342267Z       |       ~~~~~~~~~~~~~~~~~~~~~^~
2026-10-06T17:18:06.3343824Z In file included from bazel-out/k8-opt-exec-ST-d57f47055a04/bin/external/protobuf+/src/google/protobuf/compiler/_virtual_includes/code_generator_lite/google/protobuf/compiler/code_generator_lite.h:18,
2026-10-06T17:18:06.3347446Z                  from bazel-out/k8-opt-exec-ST-d57f47055a04/bin/external/protobuf+/src/google/protobuf/compiler/_virtual_includes/code_generator/google/protobuf/compiler/code_generator.h:25,
2026-10-06T17:18:06.3350915Z                  from bazel-out/k8-opt-exec-ST-d57f47055a04/bin/external/protobuf+/src/google/protobuf/compiler/cpp/_virtual_includes/names_internal/google/protobuf/compiler/cpp/helpers.h:29:
2026-10-06T17:18:06.3353736Z bazel-out/k8-opt-exec-ST-d57f47055a04/bin/external/protobuf+/src/google/protobuf/_virtual_includes/protobuf/google/protobuf/descriptor.pb.h:18861:13: note: declared here
2026-10-06T17:18:06.3355599Z 18861 | inline bool FieldOptions::weak() const {
2026-10-06T17:18:06.3356225Z       |             ^~~~~~~~~~~~
2026-10-06T17:18:06.3358094Z external/protobuf+/src/google/protobuf/compiler/cpp/message.cc: In function 'void google::protobuf::compiler::cpp::{anonymous}::PrintPresenceCheck(const google::protobuf::FieldDescriptor*, const std::vector<int>&, google::protobuf::io::Printer*, int*, const google::protobuf::compiler::cpp::Options&)':
2026-10-06T17:18:06.3360793Z external/protobuf+/src/google/protobuf/compiler/cpp/message.cc:176:29: warning: 'bool google::protobuf::FieldOptions::weak() const' is deprecated [-Wdeprecated-declarations]
2026-10-06T17:18:06.3362346Z   176 |   if (!field->options().weak()) {
2026-10-06T17:18:06.3363000Z       |        ~~~~~~~~~~~~~~~~~~~~~^~
2026-10-06T17:18:06.3364603Z bazel-out/k8-opt-exec-ST-d57f47055a04/bin/external/protobuf+/src/google/protobuf/_virtual_includes/protobuf/google/protobuf/descriptor.pb.h:18861:13: note: declared here
2026-10-06T17:18:06.3366102Z 18861 | inline bool FieldOptions::weak() const {
2026-10-06T17:18:06.3366746Z       |             ^~~~~~~~~~~~
2026-10-06T17:18:06.3368302Z external/protobuf+/src/google/protobuf/compiler/cpp/message.cc: In member function 'void google::protobuf::compiler::cpp::MessageGenerator::GenerateFieldAccessorDeclarations(google::protobuf::io::Printer*)':
2026-10-06T17:18:06.3370572Z external/protobuf+/src/google/protobuf/compiler/cpp/message.cc:775:66: warning: 'bool google::protobuf::FieldOptions::weak() const' is deprecated [-Wdeprecated-declarations]
2026-10-06T17:18:06.3372779Z   775 |     if (!field->real_containing_oneof() && !field->options().weak()) {
2026-10-06T17:18:06.3373772Z       |                                             ~~~~~~~~~~~~~~~~~~~~~^~
2026-10-06T17:18:06.3375290Z bazel-out/k8-opt-exec-ST-d57f47055a04/bin/external/protobuf+/src/google/protobuf/_virtual_includes/protobuf/google/protobuf/descriptor.pb.h:18861:13: note: declared here
2026-10-06T17:18:06.3376729Z 18861 | inline bool FieldOptions::weak() const {
2026-10-06T17:18:06.3377474Z       |             ^~~~~~~~~~~~
2026-10-06T17:18:06.3379265Z external/protobuf+/src/google/protobuf/compiler/cpp/message.cc: In member function 'void google::protobuf::compiler::cpp::MessageGenerator::GenerateSingularFieldHasBits(const google::protobuf::FieldDescriptor*, google::protobuf::io::Printer*)':
2026-10-06T17:18:06.3382063Z external/protobuf+/src/google/protobuf/compiler/cpp/message.cc:1140:28: warning: 'bool google::protobuf::FieldOptions::weak() const' is deprecated [-Wdeprecated-declarations]
2026-10-06T17:18:06.3383481Z  1140 |   if (field->options().weak()) {
2026-10-06T17:18:06.3384186Z       |       ~~~~~~~~~~~~~~~~~~~~~^~
2026-10-06T17:18:06.3385647Z bazel-out/k8-opt-exec-ST-d57f47055a04/bin/external/protobuf+/src/google/protobuf/_virtual_includes/protobuf/google/protobuf/descriptor.pb.h:18861:13: note: declared here
2026-10-06T17:18:06.3387122Z 18861 | inline bool FieldOptions::weak() const {
2026-10-06T17:18:06.3387781Z       |             ^~~~~~~~~~~~
2026-10-06T17:18:06.3389604Z external/protobuf+/src/google/protobuf/compiler/cpp/message.cc: In member function 'void google::protobuf::compiler::cpp::MessageGenerator::MaybeEmitUpdateCachedHasbits(const google::protobuf::FieldDescriptor*, google::protobuf::io::Printer*, int&) const':
2026-10-06T17:18:06.3392395Z external/protobuf+/src/google/protobuf/compiler/cpp/message.cc:1396:59: warning: 'bool google::protobuf::FieldOptions::weak() const' is deprecated [-Wdeprecated-declarations]
2026-10-06T17:18:06.3394032Z  1396 |   if (!HasHasbit(field, options_) || field->options().weak()) return;
2026-10-06T17:18:06.3394990Z       |                                      ~~~~~~~~~~~~~~~~~~~~~^~
2026-10-06T17:18:06.3396525Z bazel-out/k8-opt-exec-ST-d57f47055a04/bin/external/protobuf+/src/google/protobuf/_virtual_includes/protobuf/google/protobuf/descriptor.pb.h:18861:13: note: declared here
2026-10-06T17:18:06.3397952Z 18861 | inline bool FieldOptions::weak() const {
2026-10-06T17:18:06.3398941Z       |             ^~~~~~~~~~~~
2026-10-06T17:18:06.3399698Z external/protobuf+/src/google/protobuf/compiler/cpp/message.cc: In lambda function:
2026-10-06T17:18:06.3401533Z external/protobuf+/src/google/protobuf/compiler/cpp/message.cc:2184:64: warning: 'bool google::protobuf::FieldOptions::weak() const' is deprecated [-Wdeprecated-declarations]
2026-10-06T17:18:06.3403035Z  2184 |             if (!field->is_repeated() && !field->options().weak() &&
2026-10-06T17:18:06.3403954Z       |                                           ~~~~~~~~~~~~~~~~~~~~~^~
2026-10-06T17:18:06.3405381Z bazel-out/k8-opt-exec-ST-d57f47055a04/bin/external/protobuf+/src/google/protobuf/_virtual_includes/protobuf/google/protobuf/descriptor.pb.h:18861:13: note: declared here
2026-10-06T17:18:06.3406843Z 18861 | inline bool FieldOptions::weak() const {
2026-10-06T17:18:06.3407517Z       |             ^~~~~~~~~~~~
2026-10-06T17:18:06.3409300Z external/protobuf+/src/google/protobuf/compiler/cpp/message.cc: In member function 'size_t google::protobuf::compiler::cpp::MessageGenerator::GenerateOffsets(google::protobuf::io::Printer*)':
2026-10-06T17:18:06.3411895Z external/protobuf+/src/google/protobuf/compiler/cpp/message.cc:2717:30: warning: 'bool google::protobuf::FieldOptions::weak() const' is deprecated [-Wdeprecated-declarations]
2026-10-06T17:18:06.3413396Z  2717 |     if (field->options().weak()) {
2026-10-06T17:18:06.3414068Z       |         ~~~~~~~~~~~~~~~~~~~~~^~
2026-10-06T17:18:06.3415532Z bazel-out/k8-opt-exec-ST-d57f47055a04/bin/external/protobuf+/src/google/protobuf/_virtual_includes/protobuf/google/protobuf/descriptor.pb.h:18861:13: note: declared here
2026-10-06T17:18:06.3417002Z 18861 | inline bool FieldOptions::weak() const {
2026-10-06T17:18:06.3417723Z       |             ^~~~~~~~~~~~
2026-10-06T17:18:06.3418529Z external/protobuf+/src/google/protobuf/compiler/cpp/message.cc: In lambda function:
2026-10-06T17:18:06.3420248Z external/protobuf+/src/google/protobuf/compiler/cpp/message.cc:4372:39: warning: 'bool google::protobuf::FieldOptions::weak() const' is deprecated [-Wdeprecated-declarations]
2026-10-06T17:18:06.3421960Z  4372 |       } else if (field->options().weak() ||
2026-10-06T17:18:06.3422775Z       |                  ~~~~~~~~~~~~~~~~~~~~~^~
2026-10-06T17:18:06.3424191Z bazel-out/k8-opt-exec-ST-d57f47055a04/bin/external/protobuf+/src/google/protobuf/_virtual_includes/protobuf/google/protobuf/descriptor.pb.h:18861:13: note: declared here
2026-10-06T17:18:06.3425702Z 18861 | inline bool FieldOptions::weak() const {
2026-10-06T17:18:06.3426379Z       |             ^~~~~~~~~~~~
2026-10-06T17:18:06.3428221Z external/protobuf+/src/google/protobuf/compiler/cpp/message.cc: In member function 'void google::protobuf::compiler::cpp::MessageGenerator::GenerateSerializeOneField(google::protobuf::io::Printer*, const google::protobuf::FieldDescriptor*, int)':
2026-10-06T17:18:06.3430960Z external/protobuf+/src/google/protobuf/compiler/cpp/message.cc:4722:28: warning: 'bool google::protobuf::FieldOptions::weak() const' is deprecated [-Wdeprecated-declarations]
2026-10-06T17:18:06.3432668Z  4722 |   if (field->options().weak()) {
2026-10-06T17:18:06.3433323Z       |       ~~~~~~~~~~~~~~~~~~~~~^~
2026-10-06T17:18:06.3434771Z bazel-out/k8-opt-exec-ST-d57f47055a04/bin/external/protobuf+/src/google/protobuf/_virtual_includes/protobuf/google/protobuf/descriptor.pb.h:18861:13: note: declared here
2026-10-06T17:18:06.3436197Z 18861 | inline bool FieldOptions::weak() const {
2026-10-06T17:18:06.3436876Z       |             ^~~~~~~~~~~~
2026-10-06T17:18:06.3437654Z external/protobuf+/src/google/protobuf/compiler/cpp/message.cc: In lambda function:
2026-10-06T17:18:06.3439318Z external/protobuf+/src/google/protobuf/compiler/cpp/message.cc:5029:43: warning: 'bool google::protobuf::FieldOptions::weak() const' is deprecated [-Wdeprecated-declarations]
2026-10-06T17:18:06.3440752Z  5029 |                  if (field->options().weak()) {
2026-10-06T17:18:06.3441877Z       |                      ~~~~~~~~~~~~~~~~~~~~~^~
2026-10-06T17:18:06.3443594Z bazel-out/k8-opt-exec-ST-d57f47055a04/bin/external/protobuf+/src/google/protobuf/_virtual_includes/protobuf/google/protobuf/descriptor.pb.h:18861:13: note: declared here
2026-10-06T17:18:06.3445067Z 18861 | inline bool FieldOptions::weak() const {
2026-10-06T17:18:06.3445732Z       |             ^~~~~~~~~~~~
2026-10-06T17:18:06.3447516Z external/protobuf+/src/google/protobuf/compiler/cpp/message.cc: In member function 'void google::protobuf::compiler::cpp::MessageGenerator::EmitCheckAndSerializeField(const google::protobuf::FieldDescriptor*, google::protobuf::io::Printer*) const':
2026-10-06T17:18:06.3450071Z external/protobuf+/src/google/protobuf/compiler/cpp/message.cc:5572:28: warning: 'bool google::protobuf::FieldOptions::weak() const' is deprecated [-Wdeprecated-declarations]
2026-10-06T17:18:06.3451749Z  5572 |   if (field->options().weak()) {
2026-10-06T17:18:06.3452689Z       |       ~~~~~~~~~~~~~~~~~~~~~^~
2026-10-06T17:18:06.3454149Z bazel-out/k8-opt-exec-ST-d57f47055a04/bin/external/protobuf+/src/google/protobuf/_virtual_includes/protobuf/google/protobuf/descriptor.pb.h:18861:13: note: declared here
2026-10-06T17:18:06.3455603Z 18861 | inline bool FieldOptions::weak() const {
2026-10-06T17:18:06.3456321Z       |             ^~~~~~~~~~~~
2026-10-06T17:18:06.3458285Z external/protobuf+/src/google/protobuf/compiler/cpp/message.cc: In instantiation of 'void google::protobuf::compiler::cpp::MessageGenerator::EmitCheckAndUpdateByteSizeForField(const google::protobuf::FieldDescriptor*, google::protobuf::io::Printer*) const [with bool kIsV2 = false]':
2026-10-06T17:18:06.3460653Z external/protobuf+/src/google/protobuf/compiler/cpp/message.cc:1418:62:   required from here
2026-10-06T17:18:06.3462611Z external/protobuf+/src/google/protobuf/compiler/cpp/message.cc:1363:28: warning: 'bool google::protobuf::FieldOptions::weak() const' is deprecated [-Wdeprecated-declarations]
2026-10-06T17:18:06.3464024Z  1363 |   if (field->options().weak()) {
2026-10-06T17:18:06.3464635Z       |       ~~~~~~~~~~~~~~~~~~~~~^~
2026-10-06T17:18:06.3465929Z bazel-out/k8-opt-exec-ST-d57f47055a04/bin/external/protobuf+/src/google/protobuf/_virtual_includes/protobuf/google/protobuf/descriptor.pb.h:18861:13: note: declared here
2026-10-06T17:18:06.3467272Z 18861 | inline bool FieldOptions::weak() const {
2026-10-06T17:18:06.3467973Z       |             ^~~~~~~~~~~~
2026-10-06T17:18:06.3469278Z external/protobuf+/src/google/protobuf/compiler/cpp/message.cc:1363:28: warning: 'bool google::protobuf::FieldOptions::weak() const' is deprecated [-Wdeprecated-declarations]
2026-10-06T17:18:06.3470720Z  1363 |   if (field->options().weak()) {
2026-10-06T17:18:06.3471575Z       |       ~~~~~~~~~~~~~~~~~~~~~^~
2026-10-06T17:18:06.3472992Z bazel-out/k8-opt-exec-ST-d57f47055a04/bin/external/protobuf+/src/google/protobuf/_virtual_includes/protobuf/google/protobuf/descriptor.pb.h:18861:13: note: declared here
2026-10-06T17:18:06.3474436Z 18861 | inline bool FieldOptions::weak() const {
2026-10-06T17:18:06.3475160Z       |             ^~~~~~~~~~~~
2026-10-06T17:18:06.3476191Z [862 / 939] Compiling src/google/protobuf/util/message_differencer.cc; 9s processwrapper-sandbox ... (4 actions, 3 running)
2026-10-06T17:18:06.4722676Z INFO: From Compiling src/google/protobuf/util/message_differencer.cc:
2026-10-06T17:18:06.4762360Z In file included from external/protobuf+/src/google/protobuf/util/message_differencer.cc:36:
2026-10-06T17:18:06.4783517Z bazel-out/k8-opt/bin/external/protobuf+/src/google/protobuf/_virtual_includes/protobuf/google/protobuf/map_field.h: In constructor 'google::protobuf::internal::MapFieldBase::ReflectionPayload::ReflectionPayload(google::protobuf::Arena*, const google::protobuf::Message*)':
2026-10-06T17:18:06.4787755Z bazel-out/k8-opt/bin/external/protobuf+/src/google/protobuf/_virtual_includes/protobuf/google/protobuf/map_field.h:416:11: warning: 'google::protobuf::RepeatedPtrField<T>::RepeatedPtrField(google::protobuf::Arena*) [with Element = google::protobuf::Message]' is deprecated: Use Arena::Create<RepeatedPtrField<...>>(Arena*) instead [-Wdeprecated-declarations]
2026-10-06T17:18:06.4790462Z   416 |         : repeated_field_(arena), prototype_(prototype) {}
2026-10-06T17:18:06.4791111Z       |           ^~~~~~~~~~~~~~~~~~~~~~
2026-10-06T17:18:06.4792330Z In file included from bazel-out/k8-opt/bin/external/protobuf+/src/google/protobuf/_virtual_includes/protobuf_lite/google/protobuf/repeated_field.h:46,
2026-10-06T17:18:06.4793974Z                  from bazel-out/k8-opt/bin/external/protobuf+/src/google/protobuf/_virtual_includes/protobuf_lite/google/protobuf/parse_context.h:39,
2026-10-06T17:18:06.4795619Z                  from bazel-out/k8-opt/bin/external/protobuf+/src/google/protobuf/_virtual_includes/protobuf_lite/google/protobuf/generated_message_tctable_decl.h:25,
2026-10-06T17:18:06.4797432Z                  from bazel-out/k8-opt/bin/external/protobuf+/src/google/protobuf/_virtual_includes/protobuf_lite/google/protobuf/extension_set.h:40,
2026-10-06T17:18:06.4798810Z                  from bazel-out/k8-opt/bin/external/protobuf+/src/google/protobuf/_virtual_includes/protobuf/google/protobuf/descriptor.h:56,
2026-10-06T17:18:06.4800316Z                  from bazel-out/k8-opt/bin/external/protobuf+/src/google/protobuf/util/_virtual_includes/differencer/google/protobuf/util/message_differencer.h:33,
2026-10-06T17:18:06.4801687Z                  from external/protobuf+/src/google/protobuf/util/message_differencer.cc:12:
2026-10-06T17:18:06.4802570Z bazel-out/k8-opt/bin/external/protobuf+/src/google/protobuf/_virtual_includes/protobuf_lite/google/protobuf/repeated_ptr_field.h:1380:8: note: declared here
2026-10-06T17:18:06.4803377Z  1380 | inline RepeatedPtrField<Element>::RepeatedPtrField(Arena* arena)
2026-10-06T17:18:06.4803806Z       |        ^~~~~~~~~~~~~~~~~~~~~~~~~
2026-10-06T17:18:07.5223527Z [867 / 939] Compiling src/google/protobuf/compiler/parser.cc; 4s processwrapper-sandbox ... (4 actions running)
2026-10-06T17:18:07.9412599Z INFO: From Compiling src/google/protobuf/map_field.cc:
2026-10-06T17:18:07.9414059Z In file included from external/protobuf+/src/google/protobuf/map_field.cc:8:
2026-10-06T17:18:07.9416265Z bazel-out/k8-opt/bin/external/protobuf+/src/google/protobuf/_virtual_includes/protobuf/google/protobuf/map_field.h: In constructor 'google::protobuf::internal::MapFieldBase::ReflectionPayload::ReflectionPayload(google::protobuf::Arena*, const google::protobuf::Message*)':
2026-10-06T17:18:07.9419838Z bazel-out/k8-opt/bin/external/protobuf+/src/google/protobuf/_virtual_includes/protobuf/google/protobuf/map_field.h:416:11: warning: 'google::protobuf::RepeatedPtrField<T>::RepeatedPtrField(google::protobuf::Arena*) [with Element = google::protobuf::Message]' is deprecated: Use Arena::Create<RepeatedPtrField<...>>(Arena*) instead [-Wdeprecated-declarations]
2026-10-06T17:18:07.9422296Z   416 |         : repeated_field_(arena), prototype_(prototype) {}
2026-10-06T17:18:07.9423046Z       |           ^~~~~~~~~~~~~~~~~~~~~~
2026-10-06T17:18:07.9452845Z In file included from bazel-out/k8-opt/bin/external/protobuf+/src/google/protobuf/_virtual_includes/protobuf_lite/google/protobuf/repeated_field.h:46,
2026-10-06T17:18:07.9483476Z                  from bazel-out/k8-opt/bin/external/protobuf+/src/google/protobuf/_virtual_includes/protobuf_lite/google/protobuf/parse_context.h:39,
2026-10-06T17:18:07.9486576Z                  from bazel-out/k8-opt/bin/external/protobuf+/src/google/protobuf/_virtual_includes/protobuf_lite/google/protobuf/generated_message_tctable_decl.h:25,
2026-10-06T17:18:07.9513587Z                  from bazel-out/k8-opt/bin/external/protobuf+/src/google/protobuf/_virtual_includes/protobuf_lite/google/protobuf/extension_set.h:40,
2026-10-06T17:18:07.9530656Z                  from bazel-out/k8-opt/bin/external/protobuf+/src/google/protobuf/_virtual_includes/protobuf/google/protobuf/descriptor.h:56,
2026-10-06T17:18:07.9533567Z                  from bazel-out/k8-opt/bin/external/protobuf+/src/google/protobuf/_virtual_includes/protobuf/google/protobuf/map_field.h:23:
2026-10-06T17:18:07.9535564Z bazel-out/k8-opt/bin/external/protobuf+/src/google/protobuf/_virtual_includes/protobuf_lite/google/protobuf/repeated_ptr_field.h:1380:8: note: declared here
2026-10-06T17:18:07.9537538Z  1380 | inline RepeatedPtrField<Element>::RepeatedPtrField(Arena* arena)
2026-10-06T17:18:07.9538375Z       |        ^~~~~~~~~~~~~~~~~~~~~~~~~
2026-10-06T17:18:08.5232860Z [868 / 939] Compiling src/google/protobuf/compiler/parser.cc; 5s processwrapper-sandbox ... (4 actions running)
2026-10-06T17:18:10.1498220Z [869 / 939] Compiling src/google/protobuf/compiler/parser.cc; 6s processwrapper-sandbox ... (4 actions, 3 running)
2026-10-06T17:18:11.5243112Z [871 / 939] Compiling src/google/protobuf/wire_format.cc; 4s processwrapper-sandbox ... (4 actions running)
2026-10-06T17:18:12.7720085Z [872 / 939] Compiling src/google/protobuf/wire_format.cc; 6s processwrapper-sandbox ... (4 actions, 3 running)
2026-10-06T17:18:12.8524274Z INFO: From Compiling src/google/protobuf/wire_format.cc:
2026-10-06T17:18:12.8552364Z In file included from external/protobuf+/src/google/protobuf/wire_format.cc:31:
2026-10-06T17:18:12.8563407Z bazel-out/k8-opt/bin/external/protobuf+/src/google/protobuf/_virtual_includes/protobuf/google/protobuf/map_field.h: In constructor 'google::protobuf::internal::MapFieldBase::ReflectionPayload::ReflectionPayload(google::protobuf::Arena*, const google::protobuf::Message*)':
2026-10-06T17:18:12.8593851Z bazel-out/k8-opt/bin/external/protobuf+/src/google/protobuf/_virtual_includes/protobuf/google/protobuf/map_field.h:416:11: warning: 'google::protobuf::RepeatedPtrField<T>::RepeatedPtrField(google::protobuf::Arena*) [with Element = google::protobuf::Message]' is deprecated: Use Arena::Create<RepeatedPtrField<...>>(Arena*) instead [-Wdeprecated-declarations]
2026-10-06T17:18:12.8611977Z   416 |         : repeated_field_(arena), prototype_(prototype) {}
2026-10-06T17:18:12.8612650Z       |           ^~~~~~~~~~~~~~~~~~~~~~
2026-10-06T17:18:12.8613766Z In file included from bazel-out/k8-opt/bin/external/protobuf+/src/google/protobuf/_virtual_includes/protobuf_lite/google/protobuf/repeated_field.h:46,
2026-10-06T17:18:12.8616259Z                  from bazel-out/k8-opt/bin/external/protobuf+/src/google/protobuf/_virtual_includes/protobuf_lite/google/protobuf/parse_context.h:39,
2026-10-06T17:18:12.8618875Z                  from bazel-out/k8-opt/bin/external/protobuf+/src/google/protobuf/_virtual_includes/protobuf_lite/google/protobuf/generated_message_tctable_decl.h:25,
2026-10-06T17:18:12.8621541Z                  from bazel-out/k8-opt/bin/external/protobuf+/src/google/protobuf/_virtual_includes/protobuf_lite/google/protobuf/extension_set.h:40,
2026-10-06T17:18:12.8623850Z                  from bazel-out/k8-opt/bin/external/protobuf+/src/google/protobuf/_virtual_includes/protobuf/google/protobuf/descriptor.h:56,
2026-10-06T17:18:12.8626131Z                  from bazel-out/k8-opt/bin/external/protobuf+/src/google/protobuf/_virtual_includes/protobuf/google/protobuf/wire_format.h:26,
2026-10-06T17:18:12.8627654Z                  from external/protobuf+/src/google/protobuf/wire_format.cc:12:
2026-10-06T17:18:12.8628946Z bazel-out/k8-opt/bin/external/protobuf+/src/google/protobuf/_virtual_includes/protobuf_lite/google/protobuf/repeated_ptr_field.h:1380:8: note: declared here
2026-10-06T17:18:12.8630259Z  1380 | inline RepeatedPtrField<Element>::RepeatedPtrField(Arena* arena)
2026-10-06T17:18:12.8630936Z       |        ^~~~~~~~~~~~~~~~~~~~~~~~~
2026-10-06T17:18:13.6132783Z INFO: From Compiling src/google/protobuf/message.cc:
2026-10-06T17:18:13.6192452Z In file included from external/protobuf+/src/google/protobuf/message.cc:40:
2026-10-06T17:18:13.6253627Z bazel-out/k8-opt/bin/external/protobuf+/src/google/protobuf/_virtual_includes/protobuf/google/protobuf/map_field.h: In constructor 'google::protobuf::internal::MapFieldBase::ReflectionPayload::ReflectionPayload(google::protobuf::Arena*, const google::protobuf::Message*)':
2026-10-06T17:18:13.6257513Z bazel-out/k8-opt/bin/external/protobuf+/src/google/protobuf/_virtual_includes/protobuf/google/protobuf/map_field.h:416:11: warning: 'google::protobuf::RepeatedPtrField<T>::RepeatedPtrField(google::protobuf::Arena*) [with Element = google::protobuf::Message]' is deprecated: Use Arena::Create<RepeatedPtrField<...>>(Arena*) instead [-Wdeprecated-declarations]
2026-10-06T17:18:13.6309228Z   416 |         : repeated_field_(arena), prototype_(prototype) {}
2026-10-06T17:18:13.6332023Z       |           ^~~~~~~~~~~~~~~~~~~~~~
2026-10-06T17:18:13.6343325Z In file included from bazel-out/k8-opt/bin/external/protobuf+/src/google/protobuf/_virtual_includes/protobuf_lite/google/protobuf/repeated_field.h:46,
2026-10-06T17:18:13.6346060Z                  from bazel-out/k8-opt/bin/external/protobuf+/src/google/protobuf/_virtual_includes/protobuf_lite/google/protobuf/parse_context.h:39,
2026-10-06T17:18:13.6349195Z                  from bazel-out/k8-opt/bin/external/protobuf+/src/google/protobuf/_virtual_includes/protobuf_lite/google/protobuf/generated_message_tctable_decl.h:25,
2026-10-06T17:18:13.6352209Z                  from bazel-out/k8-opt/bin/external/protobuf+/src/google/protobuf/_virtual_includes/protobuf_lite/google/protobuf/extension_set.h:40,
2026-10-06T17:18:13.6354811Z                  from bazel-out/k8-opt/bin/external/protobuf+/src/google/protobuf/_virtual_includes/protobuf/google/protobuf/descriptor.h:56,
2026-10-06T17:18:13.6357251Z                  from bazel-out/k8-opt/bin/external/protobuf+/src/google/protobuf/_virtual_includes/protobuf/google/protobuf/message.h:112,
2026-10-06T17:18:13.6358934Z                  from external/protobuf+/src/google/protobuf/message.cc:12:
2026-10-06T17:18:13.6360439Z bazel-out/k8-opt/bin/external/protobuf+/src/google/protobuf/_virtual_includes/protobuf_lite/google/protobuf/repeated_ptr_field.h:1380:8: note: declared here
2026-10-06T17:18:13.6362159Z  1380 | inline RepeatedPtrField<Element>::RepeatedPtrField(Arena* arena)
2026-10-06T17:18:13.6362957Z       |        ^~~~~~~~~~~~~~~~~~~~~~~~~
2026-10-06T17:18:13.7931113Z [878 / 939] Compiling pkg/sentry/seccheck/points/sentry.pb.cc; 1s processwrapper-sandbox ... (4 actions, 3 running)
2026-10-06T17:18:15.5242841Z [879 / 939] Compiling pkg/sentry/seccheck/points/sentry.pb.cc; 2s processwrapper-sandbox ... (4 actions running)
2026-10-06T17:18:16.5822904Z [880 / 939] Compiling pkg/sentry/seccheck/points/sentry.pb.cc; 3s processwrapper-sandbox ... (4 actions, 3 running)
2026-10-06T17:18:17.0743402Z INFO: From Compiling src/google/protobuf/reflection_ops.cc:
2026-10-06T17:18:17.0822378Z In file included from external/protobuf+/src/google/protobuf/reflection_ops.cc:22:
2026-10-06T17:18:17.0883483Z bazel-out/k8-opt/bin/external/protobuf+/src/google/protobuf/_virtual_includes/protobuf/google/protobuf/map_field.h: In constructor 'google::protobuf::internal::MapFieldBase::ReflectionPayload::ReflectionPayload(google::protobuf::Arena*, const google::protobuf::Message*)':
2026-10-06T17:18:17.0914066Z bazel-out/k8-opt/bin/external/protobuf+/src/google/protobuf/_virtual_includes/protobuf/google/protobuf/map_field.h:416:11: warning: 'google::protobuf::RepeatedPtrField<T>::RepeatedPtrField(google::protobuf::Arena*) [with Element = google::protobuf::Message]' is deprecated: Use Arena::Create<RepeatedPtrField<...>>(Arena*) instead [-Wdeprecated-declarations]
2026-10-06T17:18:17.0932398Z   416 |         : repeated_field_(arena), prototype_(prototype) {}
2026-10-06T17:18:17.0952137Z       |           ^~~~~~~~~~~~~~~~~~~~~~
2026-10-06T17:18:17.0972660Z In file included from bazel-out/k8-opt/bin/external/protobuf+/src/google/protobuf/_virtual_includes/protobuf_lite/google/protobuf/repeated_field.h:46,
2026-10-06T17:18:17.0983682Z                  from bazel-out/k8-opt/bin/external/protobuf+/src/google/protobuf/_virtual_includes/protobuf_lite/google/protobuf/parse_context.h:39,
2026-10-06T17:18:17.1013640Z                  from bazel-out/k8-opt/bin/external/protobuf+/src/google/protobuf/_virtual_includes/protobuf_lite/google/protobuf/generated_message_tctable_decl.h:25,
2026-10-06T17:18:17.1043434Z                  from bazel-out/k8-opt/bin/external/protobuf+/src/google/protobuf/_virtual_includes/protobuf_lite/google/protobuf/extension_set.h:40,
2026-10-06T17:18:17.1046326Z                  from bazel-out/k8-opt/bin/external/protobuf+/src/google/protobuf/_virtual_includes/protobuf/google/protobuf/descriptor.h:56,
2026-10-06T17:18:17.1048740Z                  from bazel-out/k8-opt/bin/external/protobuf+/src/google/protobuf/_virtual_includes/protobuf/google/protobuf/message.h:112,
2026-10-06T17:18:17.1051194Z                  from bazel-out/k8-opt/bin/external/protobuf+/src/google/protobuf/_virtual_includes/protobuf/google/protobuf/reflection_ops.h:18,
2026-10-06T17:18:17.1053115Z                  from external/protobuf+/src/google/protobuf/reflection_ops.cc:11:
2026-10-06T17:18:17.1054473Z bazel-out/k8-opt/bin/external/protobuf+/src/google/protobuf/_virtual_includes/protobuf_lite/google/protobuf/repeated_ptr_field.h:1380:8: note: declared here
2026-10-06T17:18:17.1056164Z  1380 | inline RepeatedPtrField<Element>::RepeatedPtrField(Arena* arena)
2026-10-06T17:18:17.1056901Z       |        ^~~~~~~~~~~~~~~~~~~~~~~~~
2026-10-06T17:18:18.5293058Z [887 / 939] Compiling src/google/protobuf/text_format.cc; 5s processwrapper-sandbox ... (4 actions running)
2026-10-06T17:18:19.5532165Z [892 / 939] Compiling src/google/protobuf/text_format.cc; 6s processwrapper-sandbox ... (4 actions, 3 running)
2026-10-06T17:18:21.5292767Z [895 / 939] Compiling src/google/protobuf/text_format.cc; 8s processwrapper-sandbox ... (4 actions running)
2026-10-06T17:18:21.6482628Z INFO: From Compiling src/google/protobuf/text_format.cc:
2026-10-06T17:18:21.6532402Z In file included from external/protobuf+/src/google/protobuf/text_format.cc:54:
2026-10-06T17:18:21.6538893Z bazel-out/k8-opt/bin/external/protobuf+/src/google/protobuf/_virtual_includes/protobuf/google/protobuf/map_field.h: In constructor 'google::protobuf::internal::MapFieldBase::ReflectionPayload::ReflectionPayload(google::protobuf::Arena*, const google::protobuf::Message*)':
2026-10-06T17:18:21.6543360Z bazel-out/k8-opt/bin/external/protobuf+/src/google/protobuf/_virtual_includes/protobuf/google/protobuf/map_field.h:416:11: warning: 'google::protobuf::RepeatedPtrField<T>::RepeatedPtrField(google::protobuf::Arena*) [with Element = google::protobuf::Message]' is deprecated: Use Arena::Create<RepeatedPtrField<...>>(Arena*) instead [-Wdeprecated-declarations]
2026-10-06T17:18:21.6545960Z   416 |         : repeated_field_(arena), prototype_(prototype) {}
2026-10-06T17:18:21.6546681Z       |           ^~~~~~~~~~~~~~~~~~~~~~
2026-10-06T17:18:21.6547882Z In file included from bazel-out/k8-opt/bin/external/protobuf+/src/google/protobuf/_virtual_includes/protobuf_lite/google/protobuf/repeated_field.h:46,
2026-10-06T17:18:21.6552355Z                  from bazel-out/k8-opt/bin/external/protobuf+/src/google/protobuf/_virtual_includes/protobuf_lite/google/protobuf/parse_context.h:39,
2026-10-06T17:18:21.6555154Z                  from bazel-out/k8-opt/bin/external/protobuf+/src/google/protobuf/_virtual_includes/protobuf_lite/google/protobuf/generated_message_tctable_decl.h:25,
2026-10-06T17:18:21.6557867Z                  from bazel-out/k8-opt/bin/external/protobuf+/src/google/protobuf/_virtual_includes/protobuf_lite/google/protobuf/extension_set.h:40,
2026-10-06T17:18:21.6560395Z                  from bazel-out/k8-opt/bin/external/protobuf+/src/google/protobuf/_virtual_includes/protobuf/google/protobuf/descriptor.h:56,
2026-10-06T17:18:21.6563052Z                  from bazel-out/k8-opt/bin/external/protobuf+/src/google/protobuf/_virtual_includes/protobuf/google/protobuf/text_format.h:27,
2026-10-06T17:18:21.6564786Z                  from external/protobuf+/src/google/protobuf/text_format.cc:12:
2026-10-06T17:18:21.6566256Z bazel-out/k8-opt/bin/external/protobuf+/src/google/protobuf/_virtual_includes/protobuf_lite/google/protobuf/repeated_ptr_field.h:1380:8: note: declared here
2026-10-06T17:18:21.6567777Z  1380 | inline RepeatedPtrField<Element>::RepeatedPtrField(Arena* arena)
2026-10-06T17:18:21.6568601Z       |        ^~~~~~~~~~~~~~~~~~~~~~~~~
2026-10-06T17:18:21.6570375Z external/protobuf+/src/google/protobuf/text_format.cc: In member function 'bool google::protobuf::TextFormat::Parser::ParserImpl::ConsumeField(google::protobuf::Message*)':
2026-10-06T17:18:21.6572781Z external/protobuf+/src/google/protobuf/text_format.cc:663:54: warning: 'bool google::protobuf::FieldOptions::weak() const' is deprecated [-Wdeprecated-declarations]
2026-10-06T17:18:21.6574144Z   663 |       if (consumed_semicolon && field->options().weak() &&
2026-10-06T17:18:21.6574945Z       |                                 ~~~~~~~~~~~~~~~~~~~~~^~
2026-10-06T17:18:21.6575708Z In file included from external/protobuf+/src/google/protobuf/text_format.cc:46:
2026-10-06T17:18:21.6577151Z bazel-out/k8-opt/bin/external/protobuf+/src/google/protobuf/_virtual_includes/protobuf/google/protobuf/descriptor.pb.h:18861:13: note: declared here
2026-10-06T17:18:21.6578737Z 18861 | inline bool FieldOptions::weak() const {
2026-10-06T17:18:21.6579431Z       |             ^~~~~~~~~~~~
2026-10-06T17:18:22.6751820Z [902 / 939] Compiling pkg/sentry/seccheck/points/syscall.pb.cc; 5s processwrapper-sandbox ... (4 actions, 3 running)
2026-10-06T17:18:24.4422994Z [906 / 939] Compiling pkg/sentry/seccheck/points/syscall.pb.cc; 7s processwrapper-sandbox ... (4 actions, 3 running)
2026-10-06T17:18:25.5312942Z [913 / 939] Compiling src/google/protobuf/util/type_resolver_util.cc; 3s processwrapper-sandbox ... (4 actions running)
2026-10-06T17:18:27.1469256Z [916 / 939] Compiling external/protobuf+/src/google/protobuf/_virtual_imports/api_proto/google/protobuf/api.pb.cc; 2s processwrapper-sandbox ... (4 actions, 3 running)
2026-10-06T17:18:28.5353507Z [923 / 939] Compiling src/google/protobuf/util/field_mask_util.cc; 3s processwrapper-sandbox ... (4 actions running)
2026-10-06T17:18:29.9423034Z [924 / 939] Compiling src/google/protobuf/json/internal/untyped_message.cc; 4s processwrapper-sandbox ... (4 actions, 3 running)
2026-10-06T17:18:30.6230682Z INFO: From Compiling external/protobuf+/src/google/protobuf/_virtual_imports/struct_proto/google/protobuf/struct.pb.cc:
2026-10-06T17:18:30.6266844Z In file included from bazel-out/k8-opt/bin/external/protobuf+/src/google/protobuf/_virtual_includes/struct_proto/google/protobuf/struct.pb.h:34,
2026-10-06T17:18:30.6286552Z                  from bazel-out/k8-opt/bin/external/protobuf+/src/google/protobuf/_virtual_imports/struct_proto/google/protobuf/struct.pb.cc:6:
2026-10-06T17:18:30.6289379Z bazel-out/k8-opt/bin/external/protobuf+/src/google/protobuf/_virtual_includes/protobuf/google/protobuf/map_field.h: In constructor 'google::protobuf::internal::MapFieldBase::ReflectionPayload::ReflectionPayload(google::protobuf::Arena*, const google::protobuf::Message*)':
2026-10-06T17:18:30.6293656Z bazel-out/k8-opt/bin/external/protobuf+/src/google/protobuf/_virtual_includes/protobuf/google/protobuf/map_field.h:416:11: warning: 'google::protobuf::RepeatedPtrField<T>::RepeatedPtrField(google::protobuf::Arena*) [with Element = google::protobuf::Message]' is deprecated: Use Arena::Create<RepeatedPtrField<...>>(Arena*) instead [-Wdeprecated-declarations]
2026-10-06T17:18:30.6297750Z   416 |         : repeated_field_(arena), prototype_(prototype) {}
2026-10-06T17:18:30.6298628Z       |           ^~~~~~~~~~~~~~~~~~~~~~
2026-10-06T17:18:30.6299950Z In file included from bazel-out/k8-opt/bin/external/protobuf+/src/google/protobuf/_virtual_includes/protobuf_lite/google/protobuf/repeated_field.h:46,
2026-10-06T17:18:30.6303121Z                  from bazel-out/k8-opt/bin/external/protobuf+/src/google/protobuf/_virtual_includes/protobuf_lite/google/protobuf/parse_context.h:39,
2026-10-06T17:18:30.6306057Z                  from bazel-out/k8-opt/bin/external/protobuf+/src/google/protobuf/_virtual_includes/protobuf_lite/google/protobuf/generated_message_tctable_decl.h:25,
2026-10-06T17:18:30.6308867Z                  from bazel-out/k8-opt/bin/external/protobuf+/src/google/protobuf/_virtual_includes/struct_proto/google/protobuf/struct.pb.h:23:
2026-10-06T17:18:30.6310830Z bazel-out/k8-opt/bin/external/protobuf+/src/google/protobuf/_virtual_includes/protobuf_lite/google/protobuf/repeated_ptr_field.h:1380:8: note: declared here
2026-10-06T17:18:30.6313145Z  1380 | inline RepeatedPtrField<Element>::RepeatedPtrField(Arena* arena)
2026-10-06T17:18:30.6314091Z       |        ^~~~~~~~~~~~~~~~~~~~~~~~~
2026-10-06T17:18:31.5352890Z [929 / 939] Compiling src/google/protobuf/json/internal/untyped_message.cc; 5s processwrapper-sandbox ... (4 actions running)
2026-10-06T17:18:32.6673081Z [930 / 939] Compiling src/google/protobuf/json/internal/parser.cc; 2s processwrapper-sandbox ... (4 actions, 3 running)
2026-10-06T17:18:34.5351975Z [933 / 939] Compiling src/google/protobuf/json/internal/parser.cc; 4s processwrapper-sandbox ... (3 actions running)
2026-10-06T17:18:36.9271501Z [934 / 939] Compiling src/google/protobuf/json/internal/unparser.cc; 6s processwrapper-sandbox ... (3 actions, 2 running)
2026-10-06T17:18:38.5360515Z [937 / 939] Compiling tools/haa_gvisor_observer/observer.cc; 5s processwrapper-sandbox
2026-10-06T17:18:43.1395434Z INFO: From Compiling tools/haa_gvisor_observer/observer.cc:
2026-10-06T17:18:43.1397842Z tools/haa_gvisor_observer/observer.cc:4614:6: warning: 'bool {anonymous}::Handle(const Header&, const char*, size_t, int, std::string*, const char*, ProcessState*, NormalizedCounts*, TopologyState*, const char**, FaultSite*)' defined but not used [-Wunused-function]
2026-10-06T17:18:43.1399584Z  4614 | bool Handle(const Header& header, const char* payload, size_t payload_size, int output, std::string* container_id,
2026-10-06T17:18:43.1400184Z       |      ^~~~~~
2026-10-06T17:18:43.1401198Z tools/haa_gvisor_observer/observer.cc:3868:6: warning: 'bool {anonymous}::ParseSentryProcessAndClassify(const char*, size_t, int, std::string*, const char*, ProcessState*, const char**)' defined but not used [-Wunused-function]
2026-10-06T17:18:43.1402827Z  3868 | bool ParseSentryProcessAndClassify(const char* payload, size_t payload_size, int output, std::string* container_id,
2026-10-06T17:18:43.1403440Z       |      ^~~~~~~~~~~~~~~~~~~~~~~~~~~~~
2026-10-06T17:18:43.1404107Z tools/haa_gvisor_observer/observer.cc:262:13: warning: 'const char* {anonymous}::CommandPhaseName(CommandPhase)' defined but not used [-Wunused-function]
2026-10-06T17:18:43.1404827Z   262 | const char* CommandPhaseName(CommandPhase phase) {
2026-10-06T17:18:43.1405228Z       |             ^~~~~~~~~~~~~~~~
2026-10-06T17:18:43.1422609Z [938 / 939] [Prepa] Linking tools/haa_gvisor_observer/haa_gvisor_observer
2026-10-06T17:18:43.2724866Z INFO: Found 1 target...
2026-10-06T17:18:43.2891755Z Target //tools/haa_gvisor_observer:haa_gvisor_observer up-to-date:
2026-10-06T17:18:43.2893774Z   bazel-bin/tools/haa_gvisor_observer/haa_gvisor_observer
2026-10-06T17:18:43.3388480Z INFO: Elapsed time: 253.280s, Critical Path: 38.37s
2026-10-06T17:18:43.3389459Z INFO: 939 processes: 291 internal, 648 processwrapper-sandbox.
2026-10-06T17:18:43.5563359Z INFO: Build completed successfully, 939 total actions
2026-10-06T17:18:43.5563970Z Computing main repo mapping: 
2026-10-06T17:18:43.7771991Z WARNING: For repository 'bazel_skylib', the root module requires module version bazel_skylib@1.7.1, but got bazel_skylib@1.8.2 in the resolved dependency graph. Please update the version in your MODULE.bazel or set --check_direct_dependencies=off
2026-10-06T17:18:43.9252974Z Loading: 
2026-10-06T17:18:43.9261873Z Loading: 0 packages loaded
2026-10-06T17:18:44.0412754Z Analyzing: target //tools/haa_gvisor_observer:haa_gvisor_observer_latch_test (0 packages loaded, 0 targets configured)
2026-10-06T17:18:44.0558859Z Analyzing: target //tools/haa_gvisor_observer:haa_gvisor_observer_latch_test (0 packages loaded, 0 targets configured)
2026-10-06T17:18:44.0586325Z 
2026-10-06T17:18:44.5059687Z INFO: Analyzed target //tools/haa_gvisor_observer:haa_gvisor_observer_latch_test (38 packages loaded, 384 targets configured).
2026-10-06T17:18:45.5635588Z [938 / 940] Compiling tools/haa_gvisor_observer/observer_latch_test.cc; 0s processwrapper-sandbox
2026-10-06T17:18:56.0442736Z [938 / 940] Compiling tools/haa_gvisor_observer/observer_latch_test.cc; 11s processwrapper-sandbox
2026-10-06T17:19:04.3943684Z [939 / 940] [Prepa] Linking tools/haa_gvisor_observer/haa_gvisor_observer_latch_test
2026-10-06T17:19:04.5211208Z INFO: Found 1 target...
2026-10-06T17:19:04.5237911Z Target //tools/haa_gvisor_observer:haa_gvisor_observer_latch_test up-to-date:
2026-10-06T17:19:04.5238830Z   bazel-bin/tools/haa_gvisor_observer/haa_gvisor_observer_latch_test
2026-10-06T17:19:04.5328688Z INFO: Elapsed time: 21.083s, Critical Path: 19.95s
2026-10-06T17:19:04.5335780Z INFO: 6 processes: 4 internal, 2 processwrapper-sandbox.
2026-10-06T17:19:04.5336666Z INFO: Build completed successfully, 6 total actions
2026-10-06T17:19:04.5503133Z STARTING record_boundaries
2026-10-06T17:19:05.8408332Z profile=go-module-resolver bounded terminal={"container_id":"0202020202020202","kind":"stream-fault","reason":"EVENT_LIMIT","fault_site":"EVENT_LIMIT","fault_budget":{"charged":200000,"limit":200000,"close":199998,"fcntl":0,"raw":0,"other":2,"workspace":0}}
2026-10-06T17:19:07.6779470Z profile=go-module-build bounded terminal={"container_id":"0606060606060606","kind":"stream-fault","reason":"EVENT_LIMIT","fault_site":"EVENT_LIMIT","fault_budget":{"charged":250000,"limit":250000,"close":249998,"fcntl":0,"raw":0,"other":2,"workspace":0}}
2026-10-06T17:19:07.7625465Z profile=cargo-resolver bounded terminal={"container_id":"0808080808080808","kind":"stream-fault","reason":"EVENT_LIMIT","fault_site":"EVENT_LIMIT","fault_budget":{"charged":10000,"limit":10000,"close":9998,"fcntl":0,"raw":0,"other":2,"workspace":0}}
2026-10-06T17:19:07.8625942Z profile=npm-lifecycle bounded terminal={"container_id":"0404040404040404","kind":"stream-fault","reason":"EVENT_LIMIT","fault_site":"EVENT_LIMIT","fault_budget":{"charged":10000,"limit":10000,"close":9998,"fcntl":0,"raw":0,"other":2,"workspace":0}}
2026-10-06T17:19:07.8627632Z STARTING accessors
2026-10-06T17:19:07.9245670Z STARTING network
2026-10-06T17:19:08.8284830Z STARTING malformed_socket
2026-10-06T17:19:08.8288856Z STARTING malformed_connect
2026-10-06T17:19:08.8300716Z STARTING unknown_fd
2026-10-06T17:19:08.8302691Z STARTING process
2026-10-06T17:19:09.0320972Z STARTING correlation
2026-10-06T17:19:09.1838416Z STARTING cloexec
2026-10-06T17:19:09.2848137Z STARTING delayed
2026-10-06T17:19:09.4355462Z STARTING concurrent_python_streams
2026-10-06T17:19:09.4358970Z STARTING roles
2026-10-06T17:19:09.5372377Z STARTING oci_bootstrap
2026-10-06T17:19:09.5416181Z STARTING demotion
2026-10-06T17:19:09.5428048Z STARTING mismatch
2026-10-06T17:19:09.5430006Z STARTING dropped
2026-10-06T17:19:09.5432512Z STARTING topology_fail_closed
2026-10-06T17:19:09.5454303Z STARTING filesystem
2026-10-06T17:19:10.1689913Z STARTING npm_node
2026-10-06T17:19:10.1690369Z STARTING open_result_negative
2026-10-06T17:19:10.1751335Z STARTING open_result_positive
2026-10-06T17:19:10.5772910Z STARTING no_basename_trust
2026-10-06T17:19:10.6281069Z STARTING unexpected_exec_diagnostic
2026-10-06T17:19:10.6292391Z STARTING resolver_npm_version_node
2026-10-06T17:19:10.6292821Z STARTING resolver_npm_version_production_path
2026-10-06T17:19:10.6298708Z STARTING resolver_lock_generation_production_path
2026-10-06T17:19:10.6305463Z STARTING process_group_lifecycle
2026-10-06T17:19:10.6308129Z STARTING direct_exec_admission
2026-10-06T17:19:10.6320535Z STARTING direct_exec_admission_bound
2026-10-06T17:19:10.6367927Z STARTING session_aware_control
2026-10-06T17:19:10.6381994Z STARTING control_peer_hup_live_admission
2026-10-06T17:19:10.6385578Z STARTING pre_attribution_disconnect
2026-10-06T17:19:10.6386475Z haa_gvisor_observer_latch_test: accepted remote stream ended before attribution
2026-10-06T17:19:10.6394227Z observer latch PASS: readiness
2026-10-06T17:19:10.6394702Z observer latch PASS: pod-init profile
2026-10-06T17:19:10.6395163Z observer latch PASS: profile record limits
2026-10-06T17:19:10.6395547Z observer latch PASS: finite profile record boundary
2026-10-06T17:19:10.6396125Z observer latch PASS: normalized accessors
2026-10-06T17:19:10.6396619Z observer latch PASS: socket family classification
2026-10-06T17:19:10.6397471Z observer latch PASS: unknown socket family
2026-10-06T17:19:10.6397913Z observer latch PASS: malformed socket address
2026-10-06T17:19:10.6398399Z observer latch PASS: unknown FD state
2026-10-06T17:19:10.6398849Z observer latch PASS: process trust boundary
2026-10-06T17:19:10.6399301Z observer latch PASS: exec correlation boundary
2026-10-06T17:19:10.6399767Z observer latch PASS: CLOEXEC/re-exec boundary
2026-10-06T17:19:10.6400249Z observer latch PASS: delayed profile registration
2026-10-06T17:19:10.6400740Z observer latch PASS: concurrent Python streams
2026-10-06T17:19:10.6401219Z observer latch PASS: role handoff/provenance
2026-10-06T17:19:10.6401857Z observer latch PASS: OCI bootstrap demotion
2026-10-06T17:19:10.6402308Z observer latch PASS: setpriv demotion boundary
2026-10-06T17:19:10.6403063Z observer latch PASS: container mismatch
2026-10-06T17:19:10.6403529Z observer latch PASS: dropped events
2026-10-06T17:19:10.6403986Z observer latch PASS: topology fail-closed
2026-10-06T17:19:10.6404531Z observer latch PASS: registered nested mount boundary
2026-10-06T17:19:10.6405095Z observer latch PASS: filesystem normalization
2026-10-06T17:19:10.6405662Z observer latch PASS: Cargo resolver runtime read boundary
2026-10-06T17:19:10.6406272Z observer latch PASS: Cargo resolver self maps boundary
2026-10-06T17:19:10.6406866Z observer latch PASS: Cargo configuration read boundary
2026-10-06T17:19:10.6407483Z observer latch PASS: Cargo TAR configuration read boundary
2026-10-06T17:19:10.6408038Z observer latch PASS: Cargo entropy read boundary
2026-10-06T17:19:10.6408624Z observer latch PASS: Cargo certificate bundle read boundary
2026-10-06T17:19:10.6409223Z observer latch PASS: Cargo null input read boundary
2026-10-06T17:19:10.6409771Z observer latch PASS: Cargo Rustc query boundary
2026-10-06T17:19:10.6410367Z observer latch PASS: Cargo Rustc metadata query boundary
2026-10-06T17:19:10.6410977Z observer latch PASS: Cargo Rustc VM metadata boundary
2026-10-06T17:19:10.6411761Z observer latch PASS: Cargo Rustc self maps boundary
2026-10-06T17:19:10.6412359Z observer latch PASS: Cargo Rustc self memory stats boundary
2026-10-06T17:19:10.6412963Z observer latch PASS: Cargo Rustc self cgroup boundary
2026-10-06T17:19:10.6413560Z observer latch PASS: Cargo Rustc self mountinfo boundary
2026-10-06T17:19:10.6414139Z observer latch PASS: Cargo Rustc CPU quota boundary
2026-10-06T17:19:10.6414752Z observer latch PASS: Cargo Rustc fixed sysroot directory boundary
2026-10-06T17:19:10.6415409Z observer latch PASS: Cargo DNS configuration boundary
2026-10-06T17:19:10.6416042Z observer latch PASS: Cargo resolver configuration file boundary
2026-10-06T17:19:10.6416658Z observer latch PASS: Cargo fixed UTC boundary
2026-10-06T17:19:10.6417246Z observer latch PASS: Cargo close-on-exec entropy boundary
2026-10-06T17:19:10.6417951Z observer latch PASS: SocketPair diagnostic preserves FD authority
2026-10-06T17:19:10.6418600Z observer latch PASS: Kernel SocketPair descriptor authority
2026-10-06T17:19:10.6419222Z observer latch PASS: Cargo Rustc Zlib ABI boundary
2026-10-06T17:19:10.6419753Z observer latch PASS: Cargo Rustc ABI boundary
2026-10-06T17:19:10.6420284Z observer latch PASS: Go resolver runtime read boundary
2026-10-06T17:19:10.6420897Z observer latch PASS: Go build configuration read boundary
2026-10-06T17:19:10.6421701Z observer latch PASS: Go build handoff read boundary
2026-10-06T17:19:10.6422279Z observer latch PASS: Cargo build handoff read boundary
2026-10-06T17:19:10.6422842Z observer latch PASS: Cargo build pinned target
2026-10-06T17:19:10.6423359Z observer latch PASS: Cargo build driver read
2026-10-06T17:19:10.6423867Z observer latch PASS: Cargo build rustc child
2026-10-06T17:19:10.6424387Z observer latch PASS: Cargo build native cc child
2026-10-06T17:19:10.6424935Z observer latch PASS: Cargo build collect2 child
2026-10-06T17:19:10.6425483Z observer latch PASS: Cargo build lld launcher
2026-10-06T17:19:10.6425987Z observer latch PASS: Cargo build rust lld
2026-10-06T17:19:10.6426725Z observer latch PASS: Cargo build link inputs
2026-10-06T17:19:10.6427226Z observer latch PASS: Cargo build link sdk
2026-10-06T17:19:10.6427702Z observer latch PASS: Cargo build Rust C ABI
2026-10-06T17:19:10.6428196Z observer latch PASS: Cargo build lld entropy
2026-10-06T17:19:10.6428726Z observer latch PASS: Cargo build program
2026-10-06T17:19:10.6429209Z observer latch PASS: Cargo build program ABI
2026-10-06T17:19:10.6429714Z observer latch PASS: Cargo build program maps
2026-10-06T17:19:10.6430259Z observer latch PASS: Cargo build program rustc query
2026-10-06T17:19:10.6430843Z observer latch PASS: Cargo build program null
2026-10-06T17:19:10.6431565Z observer latch PASS: Cargo build configuration
2026-10-06T17:19:10.6432166Z observer latch PASS: Terraform provider profile isolation
2026-10-06T17:19:10.6433071Z observer latch PASS: Go build runtime metadata boundary
2026-10-06T17:19:10.6433751Z observer latch PASS: Go build exact creator diagnostic boundary
2026-10-06T17:19:10.6434407Z observer latch PASS: Go build SDK tool child boundary
2026-10-06T17:19:10.6434834Z observer latch PASS: Go build cgo GCC creator boundary
2026-10-06T17:19:10.6435228Z observer latch PASS: Go build SDK linker GCC creator boundary
2026-10-06T17:19:10.6435646Z observer latch PASS: Go build SDK linker native ancestry boundary
2026-10-06T17:19:10.6436065Z observer latch PASS: Go build native linker resolver ABI boundary
2026-10-06T17:19:10.6436464Z observer latch PASS: Go build CC1 creator and loader boundary
2026-10-06T17:19:10.6436859Z observer latch PASS: Go build CC1 readonly header boundary
2026-10-06T17:19:10.6437279Z observer latch PASS: Go build assembler creator and loader boundary
2026-10-06T17:19:10.6437750Z observer latch PASS: Go build collect2 creator and loader boundary
2026-10-06T17:19:10.6438222Z observer latch PASS: Go build native linker creator and loader boundary
2026-10-06T17:19:10.6438686Z observer latch PASS: Go build native linker fixed plugin boundary
2026-10-06T17:19:10.6439115Z observer latch PASS: Go build native linker null device boundary
2026-10-06T17:19:10.6439548Z observer latch PASS: Go build native linker C runtime input boundary
2026-10-06T17:19:10.6439969Z observer latch PASS: Go build assembler null device boundary
2026-10-06T17:19:10.6440374Z observer latch PASS: Go build CC1 readonly SDK Cgo input boundary
2026-10-06T17:19:10.6440779Z observer latch PASS: exact npm CLI-to-Node
2026-10-06T17:19:10.6441106Z observer latch PASS: OPEN_RESULT negative matrix
2026-10-06T17:19:10.6441868Z observer latch PASS: OPEN_RESULT positive matrix
2026-10-06T17:19:10.6442197Z observer latch PASS: no-basename-trust
2026-10-06T17:19:10.6442542Z observer latch PASS: unexpected exec diagnostic retention
2026-10-06T17:19:10.6442927Z observer latch PASS: exact resolver npm-version-to-Node
2026-10-06T17:19:10.6443326Z observer latch PASS: resolver npm-version production path
2026-10-06T17:19:10.6443748Z observer latch PASS: resolver lock-generation production path
2026-10-06T17:19:10.6444157Z observer latch PASS: authoritative process-group lifecycle
2026-10-06T17:19:10.6444537Z observer latch PASS: direct-exec one-shot admission
2026-10-06T17:19:10.6444927Z observer latch PASS: direct-exec terminal admission protocol
2026-10-06T17:19:10.6445303Z observer latch PASS: direct-exec admission bound
2026-10-06T17:19:10.6445633Z observer latch PASS: session-aware control
2026-10-06T17:19:10.6445953Z observer latch PASS: exact control peer binding
2026-10-06T17:19:10.6446327Z observer latch PASS: control peer HUP clears live admission
2026-10-06T17:19:10.6446698Z observer latch PASS: unaccepted remote disconnect
2026-10-06T17:19:10.6447097Z observer latch PASS: accepted pre-attribution disconnect fail-stop
2026-10-06T17:19:10.9750683Z Building helox for gVisor integration
2026-10-06T17:19:12.8492037Z go: downloading github.com/pelletier/go-toml/v2 v2.4.3
2026-10-06T17:19:13.7189217Z go: downloading golang.org/x/mod v0.40.0
2026-10-06T17:19:14.0440663Z go: downloading github.com/hashicorp/hcl/v2 v2.24.0
2026-10-06T17:19:14.1022222Z go: downloading github.com/zclconf/go-cty v1.16.3
2026-10-06T17:19:14.1908981Z go: downloading github.com/spf13/cobra v1.10.2
2026-10-06T17:19:14.2538852Z go: downloading golang.org/x/sys v0.47.0
2026-10-06T17:19:14.6656062Z go: downloading github.com/ProtonMail/go-crypto v1.5.2
2026-10-06T17:19:16.0721820Z go: downloading github.com/agext/levenshtein v1.2.1
2026-10-06T17:19:16.1063234Z go: downloading github.com/apparentlymart/go-textseg/v15 v15.0.0
2026-10-06T17:19:16.1461412Z go: downloading github.com/mitchellh/go-wordwrap v1.0.1
2026-10-06T17:19:16.3345662Z go: downloading github.com/spf13/pflag v1.0.9
2026-10-06T17:19:16.6438438Z go: downloading golang.org/x/crypto v0.41.0
2026-10-06T17:19:16.7780521Z go: downloading github.com/cloudflare/circl v1.6.3
2026-10-06T17:19:18.1499431Z go: downloading golang.org/x/text v0.39.0
2026-10-06T17:19:43.7276527Z Building network-policy helper for gVisor integration
2026-10-06T17:19:44.0913892Z Installing network-policy helper and preparing its identity contract
2026-10-06T17:19:44.1418463Z helper launch: bash=/bin/bash version=5.2.21(1)-release owner=2456
2026-10-06T17:19:46.0192117Z helper ready: pid=150245 attempt=18
2026-10-06T17:19:46.0247846Z runsc version 7c6199801fd2-dirty
2026-10-06T17:19:46.0248439Z spec: 1.2.1
2026-10-06T17:19:46.0444440Z 29.8.1
2026-10-06T17:19:46.0956931Z {"path":"/usr/libexec/heliopause/gvisor/runsc","runtimeArgs":["--sidecar-usage-policy=STRICT","--pod-init-config=/etc/heliopause/pod-init.json"],"status":{"org.opencontainers.runtime-spec.features":"{\"ociVersionMin\":\"1.0.0\",\"ociVersionMax\":\"1.2.1\",\"hooks\":[\"prestart\",\"createRuntime\",\"createContainer\",\"startContainer\",\"poststart\",\"poststop\"],\"mountOptions\":[\"acl\",\"async\",\"atime\",\"bind\",\"defaults\",\"dev\",\"diratime\",\"dirsync\",\"exec\",\"iversion\",\"loud\",\"mand\",\"noacl\",\"noatime\",\"nodev\",\"nodiratime\",\"noexec\",\"noiversion\",\"nomand\",\"norelatime\",\"nostrictatime\",\"nosuid\",\"private\",\"rbind\",\"relatime\",\"remount\",\"ro\",\"rprivate\",\"rslave\",\"runbindable\",\"rw\",\"silent\",\"slave\",\"strictatime\",\"suid\",\"sync\",\"unbindable\"],\"linux\":{\"namespaces\":[\"cgroup\",\"ipc\",\"mount\",\"network\",\"pid\",\"user\",\"uts\"],\"capabilities\":[\"CAP_SYS_RAWIO\",\"CAP_SYS_BOOT\",\"CAP_AUDIT_WRITE\",\"CAP_FOWNER\",\"CAP_KILL\",\"CAP_SETUID\",\"CAP_NET_BROADCAST\",\"CAP_NET_RAW\",\"CAP_SYS_CHROOT\",\"CAP_SYS_RESOURCE\",\"CAP_SYS_TTY_CONFIG\",\"CAP_CHOWN\",\"CAP_SETGID\",\"CAP_NET_BIND_SERVICE\",\"CAP_SYS_ADMIN\",\"CAP_LEASE\",\"CAP_MAC_ADMIN\",\"CAP_SYSLOG\",\"CAP_AUDIT_READ\",\"CAP_FSETID\",\"CAP_MKNOD\",\"CAP_AUDIT_CONTROL\",\"CAP_DAC_OVERRIDE\",\"CAP_NET_ADMIN\",\"CAP_SYS_PTRACE\",\"CAP_MAC_OVERRIDE\",\"CAP_WAKE_ALARM\",\"CAP_CHECKPOINT_RESTORE\",\"CAP_SYS_NICE\",\"CAP_SETFCAP\",\"CAP_PERFMON\",\"CAP_BPF\",\"CAP_LINUX_IMMUTABLE\",\"CAP_SYS_MODULE\",\"CAP_SYS_PACCT\",\"CAP_SYS_TIME\",\"CAP_IPC_OWNER\",\"CAP_BLOCK_SUSPEND\",\"CAP_DAC_READ_SEARCH\",\"CAP_SETPCAP\",\"CAP_IPC_LOCK\"],\"cgroup\":{\"v1\":true,\"v2\":false,\"systemd\":false,\"systemdUser\":false,\"rdma\":false},\"seccomp\":{\"enabled\":true,\"actions\":[\"SCMP_ACT_KILL\",\"SCMP_ACT_TRAP\",\"SCMP_ACT_ERRNO\",\"SCMP_ACT_TRACE\",\"SCMP_ACT_ALLOW\"],\"operators\":[\"SCMP_CMP_EQ\",\"SCMP_CMP_NE\",\"SCMP_CMP_GT\",\"SCMP_CMP_GE\",\"SCMP_CMP_LT\",\"SCMP_CMP_LE\",\"SCMP_CMP_MASKED_EQ\"],\"archs\":[\"SCMP_ARCH_X86_64\",\"SCMP_ARCH_AARCH64\"],\"knownFlags\":[\"SECCOMP_FILTER_FLAG_TSYNC\"],\"supportedFlags\":[\"SECCOMP_FILTER_FLAG_TSYNC\"]},\"apparmor\":{\"enabled\":false},\"selinux\":{\"enabled\":false},\"intelRdt\":{\"enabled\":false},\"mountExtensions\":{\"idmap\":{\"enabled\":true}}},\"annotations\":{\"dev.gvisor.container-name-remap.\":\"\",\"dev.gvisor.flag.EXPERIMENTAL-xdp\":\"off\",\"dev.gvisor.flag.EXPERIMENTAL-xdp-need-wakeup\":\"true\",\"dev.gvisor.flag.TESTONLY-afs-syscall-panic\":\"false\",\"dev.gvisor.flag.TESTONLY-autosave-image-path\":\"\",\"dev.gvisor.flag.TESTONLY-autosave-resume\":\"false\",\"dev.gvisor.flag.TESTONLY-nftables\":\"false\",\"dev.gvisor.flag.TESTONLY-test-name-env\":\"\",\"dev.gvisor.flag.TESTONLY-unsafe-nonroot\":\"false\",\"dev.gvisor.flag.allow-connected-on-save\":\"false\",\"dev.gvisor.flag.allow-flag-override\":\"false\",\"dev.gvisor.flag.allow-live-tcp-migration\":\"true\",\"dev.gvisor.flag.allow-packet-socket-write\":\"false\",\"dev.gvisor.flag.allow-rootfs-tar-annotation\":\"false\",\"dev.gvisor.flag.allow-suid\":\"false\",\"dev.gvisor.flag.alsologtostderr\":\"false\",\"dev.gvisor.flag.app-huge-pages\":\"true\",\"dev.gvisor.flag.buffer-pooling\":\"true\",\"dev.gvisor.flag.cgroupfs\":\"false\",\"dev.gvisor.flag.character-device-policy\":\"emulated-only\",\"dev.gvisor.flag.control-rpc-stop-timeout\":\"15s\",\"dev.gvisor.flag.coverage-report\":\"\",\"dev.gvisor.flag.cpu-num-from-quota\":\"true\",\"dev.gvisor.flag.dcache\":\"-1\",\"dev.gvisor.flag.debug\":\"false\",\"dev.gvisor.flag.debug-command\":\"\",\"dev.gvisor.flag.debug-log\":\"\",\"dev.gvisor.flag.debug-log-format\":\"text\",\"dev.gvisor.flag.debug-to-user-log\":\"false\",\"dev.gvisor.flag.directfs\":\"true\",\"dev.gvisor.flag.enable-core-tags\":\"false\",\"dev.gvisor.flag.fdlimit\":\"-1\",\"dev.gvisor.flag.file-access\":\"exclusive\",\"dev.gvisor.flag.file-access-mounts\":\"shared\",\"dev.gvisor.flag.final-metrics-log\":\"\",\"dev.gvisor.flag.fsgofer-host-uds\":\"false\",\"dev.gvisor.flag.fuse\":\"true\",\"dev.gvisor.flag.gofer-network-namespace\":\"null\",\"dev.gvisor.flag.gso\":\"true\",\"dev.gvisor.flag.gvisor-gro\":\"false\",\"dev.gvisor.flag.gvisor-marker-file\":\"false\",\"dev.gvisor.flag.host-fifo\":\"none\",\"dev.gvisor.flag.host-settings\":\"check\",\"dev.gvisor.flag.host-uds\":\"none\",\"dev.gvisor.flag.ignore-cgroups\":\"false\",\"dev.gvisor.flag.in-sandbox-cgroup\":\"v1\",\"dev.gvisor.flag.iouring\":\"false\",\"dev.gvisor.flag.kvm-use-cpu-nums\":\"false\",\"dev.gvisor.flag.lisafs\":\"true\",\"dev.gvisor.flag.log\":\"\",\"dev.gvisor.flag.log-format\":\"text\",\"dev.gvisor.flag.log-packets\":\"false\",\"dev.gvisor.flag.metric-server\":\"\",\"dev.gvisor.flag.mount-cgroup-v2\":\"false\",\"dev.gvisor.flag.net-disconnect-ok\":\"true\",\"dev.gvisor.flag.net-raw\":\"false\",\"dev.gvisor.flag.network\":\"sandbox\",\"dev.gvisor.flag.network-processors-per-channel\":\"0\",\"dev.gvisor.flag.num-network-channels\":\"1\",\"dev.gvisor.flag.nvproxy\":\"false\",\"dev.gvisor.flag.nvproxy-allow-unsupported-driver\":\"false\",\"dev.gvisor.flag.nvproxy-allowed-driver-capabilities\":\"utility,compute\",\"dev.gvisor.flag.nvproxy-docker\":\"false\",\"dev.gvisor.flag.nvproxy-driver-version\":\"\",\"dev.gvisor.flag.oci-seccomp\":\"false\",\"dev.gvisor.flag.overlay\":\"false\",\"dev.gvisor.flag.overlay2\":\"root:self\",\"dev.gvisor.flag.override-procs\":\"\",\"dev.gvisor.flag.panic-log\":\"\",\"dev.gvisor.flag.panic-signal\":\"-1\",\"dev.gvisor.flag.pause-external-networking\":\"false\",\"dev.gvisor.flag.pcap-log\":\"\",\"dev.gvisor.flag.platform\":\"systrap\",\"dev.gvisor.flag.platform_device_path\":\"\",\"dev.gvisor.flag.pod-init-config\":\"\",\"dev.gvisor.flag.profile\":\"false\",\"dev.gvisor.flag.profile-block\":\"\",\"dev.gvisor.flag.profile-cpu\":\"\",\"dev.gvisor.flag.profile-gc-interval\":\"0s\",\"dev.gvisor.flag.profile-heap\":\"\",\"dev.gvisor.flag.profile-mutex\":\"\",\"dev.gvisor.flag.profiling-metrics\":\"\",\"dev.gvisor.flag.profiling-metrics-log\":\"\",\"dev.gvisor.flag.profiling-metrics-rate-us\":\"1000\",\"dev.gvisor.flag.qdisc\":\"fifo\",\"dev.gvisor.flag.qdisc-tbf-burst\":\"0\",\"dev.gvisor.flag.qdisc-tbf-rate\":\"0\",\"dev.gvisor.flag.rdmaproxy\":\"false\",\"dev.gvisor.flag.ref-leak-mode\":\"disabled\",\"dev.gvisor.flag.reproduce-nat\":\"false\",\"dev.gvisor.flag.reproduce-nftables\":\"false\",\"dev.gvisor.flag.restore-spec-validation\":\"enforce\",\"dev.gvisor.flag.root\":\"\",\"dev.gvisor.flag.rootless\":\"false\",\"dev.gvisor.flag.rx-checksum-offload\":\"true\",\"dev.gvisor.flag.save-restore-netstack\":\"true\",\"dev.gvisor.flag.shared-root\":\"\",\"dev.gvisor.flag.sidecar-release-enforcement-policy\":\"IF_RELEASE_BUILD\",\"dev.gvisor.flag.sidecar-usage-policy\":\"DEFAULT\",\"dev.gvisor.flag.software-gso\":\"true\",\"dev.gvisor.flag.strace\":\"false\",\"dev.gvisor.flag.strace-event\":\"false\",\"dev.gvisor.flag.strace-log-size\":\"1024\",\"dev.gvisor.flag.strace-syscalls\":\"\",\"dev.gvisor.flag.systemd-cgroup\":\"false\",\"dev.gvisor.flag.systrap-disable-fast-path\":\"false\",\"dev.gvisor.flag.systrap-disable-syscall-patching\":\"false\",\"dev.gvisor.flag.tpuproxy\":\"false\",\"dev.gvisor.flag.trace\":\"\",\"dev.gvisor.flag.traceback\":\"system\",\"dev.gvisor.flag.tx-checksum-offload\":\"false\",\"dev.gvisor.flag.vfs2\":\"true\",\"dev.gvisor.flag.watchdog-action\":\"log\",\"dev.gvisor.internal.cpufeatures\":\"\",\"dev.gvisor.internal.seccomp.\":\"\",\"dev.gvisor.internal.seccomp.cont\":\"RuntimeDefault\",\"dev.gvisor.internal.tpuproxy\":\"\",\"dev.gvisor.tar.rootfs.upper\":\"\"},\"potentiallyUnsafeConfigAnnotations\":[\"dev.gvisor.container-name-remap.\",\"dev.gvisor.flag.EXPERIMENTAL-xdp\",\"dev.gvisor.flag.EXPERIMENTAL-xdp-need-wakeup\",\"dev.gvisor.flag.TESTONLY-afs-syscall-panic\",\"dev.gvisor.flag.TESTONLY-autosave-image-path\",\"dev.gvisor.flag.TESTONLY-autosave-resume\",\"dev.gvisor.flag.TESTONLY-nftables\",\"dev.gvisor.flag.TESTONLY-test-name-env\",\"dev.gvisor.flag.TESTONLY-unsafe-nonroot\",\"dev.gvisor.flag.allow-flag-override\",\"dev.gvisor.flag.allow-live-tcp-migration\",\"dev.gvisor.flag.allow-packet-socket-write\",\"dev.gvisor.flag.allow-rootfs-tar-annotation\",\"dev.gvisor.flag.allow-suid\",\"dev.gvisor.flag.alsologtostderr\",\"dev.gvisor.flag.app-huge-pages\",\"dev.gvisor.flag.buffer-pooling\",\"dev.gvisor.flag.cgroupfs\",\"dev.gvisor.flag.character-device-policy\",\"dev.gvisor.flag.control-rpc-stop-timeout\",\"dev.gvisor.flag.coverage-report\",\"dev.gvisor.flag.cpu-num-from-quota\",\"dev.gvisor.flag.dcache\",\"dev.gvisor.flag.debug-log\",\"dev.gvisor.flag.debug-log-format\",\"dev.gvisor.flag.directfs\",\"dev.gvisor.flag.enable-core-tags\",\"dev.gvisor.flag.fdlimit\",\"dev.gvisor.flag.file-access\",\"dev.gvisor.flag.file-access-mounts\",\"dev.gvisor.flag.final-metrics-log\",\"dev.gvisor.flag.fsgofer-host-uds\",\"dev.gvisor.flag.fuse\",\"dev.gvisor.flag.gofer-network-namespace\",\"dev.gvisor.flag.gso\",\"dev.gvisor.flag.gvisor-gro\",\"dev.gvisor.flag.gvisor-marker-file\",\"dev.gvisor.flag.host-fifo\",\"dev.gvisor.flag.host-settings\",\"dev.gvisor.flag.ignore-cgroups\",\"dev.gvisor.flag.iouring\",\"dev.gvisor.flag.kvm-use-cpu-nums\",\"dev.gvisor.flag.lisafs\",\"dev.gvisor.flag.log\",\"dev.gvisor.flag.log-format\",\"dev.gvisor.flag.log-packets\",\"dev.gvisor.flag.metric-server\",\"dev.gvisor.flag.mount-cgroup-v2\",\"dev.gvisor.flag.net-raw\",\"dev.gvisor.flag.network\",\"dev.gvisor.flag.network-processors-per-channel\",\"dev.gvisor.flag.num-network-channels\",\"dev.gvisor.flag.nvproxy\",\"dev.gvisor.flag.nvproxy-allow-unsupported-driver\",\"dev.gvisor.flag.nvproxy-allowed-driver-capabilities\",\"dev.gvisor.flag.nvproxy-docker\",\"dev.gvisor.flag.nvproxy-driver-version\",\"dev.gvisor.flag.overlay\",\"dev.gvisor.flag.override-procs\",\"dev.gvisor.flag.panic-log\",\"dev.gvisor.flag.panic-signal\",\"dev.gvisor.flag.pcap-log\",\"dev.gvisor.flag.platform\",\"dev.gvisor.flag.platform_device_path\",\"dev.gvisor.flag.pod-init-config\",\"dev.gvisor.flag.profile\",\"dev.gvisor.flag.profile-block\",\"dev.gvisor.flag.profile-cpu\",\"dev.gvisor.flag.profile-gc-interval\",\"dev.gvisor.flag.profile-heap\",\"dev.gvisor.flag.profile-mutex\",\"dev.gvisor.flag.profiling-metrics\",\"dev.gvisor.flag.profiling-metrics-log\",\"dev.gvisor.flag.profiling-metrics-rate-us\",\"dev.gvisor.flag.rdmaproxy\",\"dev.gvisor.flag.ref-leak-mode\",\"dev.gvisor.flag.reproduce-nat\",\"dev.gvisor.flag.restore-spec-validation\",\"dev.gvisor.flag.root\",\"dev.gvisor.flag.rootless\",\"dev.gvisor.flag.rx-checksum-offload\",\"dev.gvisor.flag.save-restore-netstack\",\"dev.gvisor.flag.shared-root\",\"dev.gvisor.flag.sidecar-release-enforcement-policy\",\"dev.gvisor.flag.sidecar-usage-policy\",\"dev.gvisor.flag.software-gso\",\"dev.gvisor.flag.strace-event\",\"dev.gvisor.flag.systemd-cgroup\",\"dev.gvisor.flag.systrap-disable-fast-path\",\"dev.gvisor.flag.systrap-disable-syscall-patching\",\"dev.gvisor.flag.tpuproxy\",\"dev.gvisor.flag.trace\",\"dev.gvisor.flag.traceback\",\"dev.gvisor.flag.tx-checksum-offload\",\"dev.gvisor.flag.vfs2\",\"dev.gvisor.flag.watchdog-action\",\"dev.gvisor.internal.cpufeatures\",\"dev.gvisor.internal.seccomp.\",\"dev.gvisor.internal.tpuproxy\",\"dev.gvisor.tar.rootfs.upper\"]}"}}
2026-10-06T17:20:20.9707679Z fuzz: elapsed: 0s, gathering baseline coverage: 0/3 completed
2026-10-06T17:20:20.9996136Z fuzz: elapsed: 0s, gathering baseline coverage: 3/3 completed, now fuzzing with 4 workers
2026-10-06T17:20:23.7471763Z fuzz: elapsed: 3s, execs: 12600 (4538/sec), new interesting: 18 (total: 21)
2026-10-06T17:20:23.7472394Z PASS
2026-10-06T17:20:23.7484353Z ok  	github.com/rahoney/heliopause/internal/sandbox	2.786s
2026-10-06T17:20:38.7489276Z === RUN   TestLinuxTrustedHostExecutorIntegration
2026-10-06T17:20:42.8132390Z --- PASS: TestLinuxTrustedHostExecutorIntegration (4.06s)
2026-10-06T17:20:42.8133007Z PASS
2026-10-06T17:20:42.8137887Z ok  	github.com/rahoney/heliopause/internal/hosttool	4.068s
2026-10-06T17:20:52.7039361Z ok  	github.com/rahoney/heliopause/internal/sandbox	2.175s
2026-10-06T17:20:53.8344123Z ok  	github.com/rahoney/heliopause/internal/sandbox	0.610s
2026-10-06T17:20:58.3603768Z observer_attribution sequence=1 profile=npm-lifecycle counts=NETWORK/CONNECT/INET/CONTROL_GROUP/OTHER:14
2026-10-06T17:21:03.4278376Z {"schema_version":"helox.operation-result/v1","operation_id":"op_7fy6qeabhfqurecr3yxkmefonu","operation":"INSTALL","operation_status":"COMPLETED","artifact":{"reference":{"source_id":"npm","locator":"is-number@7.0.0"}},"checks":[{"id":"npm-declared-integrity","kind":"VERIFICATION","required":true,"capability":"SUPPORTED","execution_status":"COMPLETED"},{"id":"npm-static-archive","kind":"INSPECTION","required":true,"capability":"SUPPORTED","execution_status":"COMPLETED"},{"id":"npm-dynamic-lifecycle","kind":"INSPECTION","required":true,"capability":"SUPPORTED","execution_status":"COMPLETED"}],"evidence_references":[{"id":"npm-declared-integrity-result","handle":"evidence:run_23dsyneeo7epsj4kbt5g47h6eq:npm-declared-integrity-result"},{"id":"npm-static-archive-result","handle":"evidence:run_23dsyneeo7epsj4kbt5g47h6eq:npm-static-archive-result"},{"id":"npm-dynamic-lifecycle-result","handle":"evidence:run_23dsyneeo7epsj4kbt5g47h6eq:npm-dynamic-lifecycle-result"}],"dependency_policy_attribution":[{"node":"lock-cea938ada7edc7cbce5a1360495944a7","package":"is-number","version":"7.0.0","source":"npm","entry_policy_decision":"ALLOW","entry_policy_reasons":["M3_REQUIRED_CHECKS_COMPLETED"],"dynamic_finding_codes":null}],"policy":{"decision":"ALLOW","id":"m4-npm-install-promotion","version":1,"reasons":["M4_VERIFIED_SET_COMPLETED"]},"target":"/home/runner/work/_temp/npm-target","verified_set":{"manifest_id":"431c4d49597fe736ad8e62e230d9c041b58d196bd7fb6f0d1e1b272d5c8c313a","sbom_handle":"staging:431c4d49597fe736ad8e62e230d9c041b58d196bd7fb6f0d1e1b272d5c8c313a:sbom.cdx.json","staging_handle":"staging:431c4d49597fe736ad8e62e230d9c041b58d196bd7fb6f0d1e1b272d5c8c313a","entry_count":1},"promotion_status":"COMPLETED"}
2026-10-06T17:21:13.8267572Z observer_attribution sequence=1 profile=pypi-wheel counts=NETWORK/TRUSTED_CONTROL/CONNECT/INET/DIRECT_EXEC_SESSION/PYTHON:15
2026-10-06T17:21:22.7336884Z {"schema_version":"helox.operation-result/v1","operation_id":"op_nepmnv62flrzevp34chkjyf4fe","operation":"INSTALL","operation_status":"COMPLETED","artifact":{"reference":{"source_id":"pypi","locator":"packaging@25.0"}},"checks":[{"id":"pypi-declared-sha256","kind":"VERIFICATION","required":true,"capability":"SUPPORTED","execution_status":"COMPLETED"},{"id":"pypi-static-archive","kind":"INSPECTION","required":true,"capability":"SUPPORTED","execution_status":"COMPLETED"},{"id":"pypi-dynamic-import","kind":"INSPECTION","required":true,"capability":"SUPPORTED","execution_status":"COMPLETED"}],"evidence_references":[{"id":"pypi-declared-sha256-result","handle":"evidence:run_tnqd6xnjhshxfhqnlznjms6tuy:pypi-declared-sha256-result"},{"id":"pypi-static-archive-result","handle":"evidence:run_tnqd6xnjhshxfhqnlznjms6tuy:pypi-static-archive-result"},{"id":"pypi-dynamic-import-result","handle":"evidence:run_tnqd6xnjhshxfhqnlznjms6tuy:pypi-dynamic-import-result"}],"dependency_policy_attribution":[{"node":"pypi-a08217d00fbe041ba9f9f3cea594d590","package":"packaging","version":"25.0","source":"pypi","entry_policy_decision":"ALLOW","entry_policy_reasons":["M3_REQUIRED_CHECKS_COMPLETED"],"dynamic_finding_codes":null}],"policy":{"decision":"ALLOW","id":"m5-pypi-pip","version":1,"reasons":["M5_VERIFIED_SET_COMPLETED"]},"target":"/home/runner/work/_temp/pypi-target","verified_set":{"manifest_id":"53ce9b99b6401397089a91126652733f929d5245205d3adf232d56e51f46db66","sbom_handle":"staging:53ce9b99b6401397089a91126652733f929d5245205d3adf232d56e51f46db66:sbom.cdx.json","staging_handle":"staging:53ce9b99b6401397089a91126652733f929d5245205d3adf232d56e51f46db66","entry_count":1},"promotion_status":"COMPLETED"}
2026-10-06T17:21:23.2312163Z === RUN   TestPublicTerraformProviderSourceIntegration
2026-10-06T17:21:23.2313007Z === RUN   TestPublicTerraformProviderSourceIntegration/hashicorp/random@3.7.2
2026-10-06T17:21:23.9058393Z     source_integration_linux_test.go:92: ZIP fully read; files=2; h1=h1:356j/3XnXEKr9nyicLUufzoF4Yr6hRy481KIxRVpK0c=; zh=zh:7b8434212eef0f8c83f5a90c6d76feaf850f6502b61b53c329e85b3b281cba34; executable=terraform-provider-random_v3.7.2_x5; executableSHA256=b2e1c417324b1100b67360e044d69636043320ffe024d0546f18b74ed99a7c39
2026-10-06T17:21:23.9096550Z     source_integration_linux_test.go:93: Exact public provider verified; archive=7b8434212eef0f8c83f5a90c6d76feaf850f6502b61b53c329e85b3b281cba34; envelope=43cd1fc27fb3a890570339ec3880084d29333b61f41e2fb2b15072d4a47f1f67; signer=C874011F0AB405110D02105534365D9472D7468F; trust=HASHICORP_OFFICIAL
2026-10-06T17:21:23.9098476Z     source_integration_linux_test.go:94: Qualification intake directory=/tmp/TestPublicTerraformProviderSourceIntegrationhashicorprandom@3.4224951474/001; Run=run_4b3umfxipezjkyykmd6ppum2ym
2026-10-06T17:21:23.9103559Z === RUN   TestPublicTerraformProviderSourceIntegration/integrations/github@6.6.0
2026-10-06T17:21:24.8524604Z     source_integration_linux_test.go:92: ZIP fully read; files=4; h1=h1:Fp0RrNe+w167AQkVUWC1WRAsyjhhHN7aHWUky7VkKW8=; zh=zh:772edb5890d72b32868f9fdc0a9a1d4f4701d8e7f8acb37a7ac530d053c776e3; executable=terraform-provider-github_v6.6.0; executableSHA256=eb5a89fb6f8ac65d81ed98398a89155b21b1b072ef032e7cad34ca10b477884f
2026-10-06T17:21:24.8575395Z     source_integration_linux_test.go:93: Exact public provider verified; archive=772edb5890d72b32868f9fdc0a9a1d4f4701d8e7f8acb37a7ac530d053c776e3; envelope=82bf50411243e7c1cd932a0b5834d84cfa938577ab0c6d01b0ff5cdb641e25b4; signer=F31928FACE52F1A13A6C60EA38027F80D7FD5FB2; trust=RECOGNIZED_PARTNER
2026-10-06T17:21:24.8578670Z     source_integration_linux_test.go:94: Qualification intake directory=/tmp/TestPublicTerraformProviderSourceIntegrationintegrationsgithub2735247997/001; Run=run_usiplcvysxrpoq3og4edggnn6y
2026-10-06T17:21:24.8584322Z --- PASS: TestPublicTerraformProviderSourceIntegration (1.63s)
2026-10-06T17:21:24.8585201Z     --- PASS: TestPublicTerraformProviderSourceIntegration/hashicorp/random@3.7.2 (0.68s)
2026-10-06T17:21:24.8586038Z     --- PASS: TestPublicTerraformProviderSourceIntegration/integrations/github@6.6.0 (0.95s)
2026-10-06T17:21:24.8586561Z PASS
2026-10-06T17:21:24.8614308Z ok  	github.com/rahoney/heliopause/internal/verification/terraformprovider	1.634s
2026-10-06T17:21:25.7351412Z helper reaped: pid=150245 wait=0
2026-10-06T17:21:25.7535086Z helper launch: bash=/bin/bash version=5.2.21(1)-release owner=2456
2026-10-06T17:21:27.4249957Z helper ready: pid=162531 attempt=16
2026-10-06T17:21:27.4293660Z === RUN   TestLinuxPyTorchResolverIntegration
2026-10-06T17:21:59.4780732Z observer_attribution sequence=1 profile=pypi-wheel-pytorch-cpu counts=NETWORK/TRUSTED_CONTROL/CONNECT/INET/DIRECT_EXEC_SESSION/PYTHON:151
2026-10-06T17:21:59.6730264Z --- PASS: TestLinuxPyTorchResolverIntegration (32.24s)
2026-10-06T17:21:59.6731217Z PASS
2026-10-06T17:21:59.6790639Z === RUN   TestLinuxGoIsolatedResolverIntegration
2026-10-06T17:22:02.2830854Z observer_attribution sequence=1 profile=go-module-resolver counts=NETWORK/TRUSTED_CONTROL/CONNECT/INET/DIRECT_EXEC_SESSION/OTHER:2
2026-10-06T17:22:02.4592855Z     gomodule_isolated_integration_test.go:21: isolated_command=get github.com/spf13/pflag@v1.0.9 output_bytes=0 output_sha256=e3b0c44298fc1c149afbf4c8996fb92427ae41e4649b934ca495991b7852b855
2026-10-06T17:22:03.7169481Z observer_attribution sequence=2 profile=go-module-resolver counts=NETWORK/TRUSTED_CONTROL/CONNECT/INET/DIRECT_EXEC_SESSION/OTHER:1
2026-10-06T17:22:03.8927909Z     gomodule_isolated_integration_test.go:21: isolated_command=mod download -json all output_bytes=497 output_sha256=56f6013247270cb569000a7f0014ef97099984324d026108514217ef8f7c7d4c
2026-10-06T17:22:05.0198505Z observer_attribution sequence=3 profile=go-module-resolver counts=NETWORK/TRUSTED_CONTROL/CONNECT/INET/DIRECT_EXEC_SESSION/OTHER:1
2026-10-06T17:22:05.1809773Z     gomodule_isolated_integration_test.go:21: isolated_command=mod graph output_bytes=111 output_sha256=a34d60c5aea5368cbb0e91d403dfd8f88442cc3322e0087a47dc4cd618e991b0
2026-10-06T17:22:05.1815665Z --- PASS: TestLinuxGoIsolatedResolverIntegration (5.50s)
2026-10-06T17:22:05.1816369Z === RUN   TestLinuxGoIsolatedProjectResolverIntegration
2026-10-06T17:22:06.4091431Z observer_attribution sequence=1 profile=go-module-resolver counts=NETWORK/TRUSTED_CONTROL/CONNECT/INET/DIRECT_EXEC_SESSION/OTHER:1
2026-10-06T17:22:06.5727326Z     gomodule_isolated_integration_test.go:28: isolated_command=mod download -json all output_bytes=497 output_sha256=56f6013247270cb569000a7f0014ef97099984324d026108514217ef8f7c7d4c
2026-10-06T17:22:07.7089926Z observer_attribution sequence=2 profile=go-module-resolver counts=NETWORK/TRUSTED_CONTROL/CONNECT/INET/DIRECT_EXEC_SESSION/OTHER:1
2026-10-06T17:22:07.8758740Z     gomodule_isolated_integration_test.go:28: isolated_command=mod graph output_bytes=111 output_sha256=a34d60c5aea5368cbb0e91d403dfd8f88442cc3322e0087a47dc4cd618e991b0
2026-10-06T17:22:07.8765853Z --- PASS: TestLinuxGoIsolatedProjectResolverIntegration (2.69s)
2026-10-06T17:22:09.0848257Z observer_attribution sequence=1 profile=go-module-resolver counts=NETWORK/TRUSTED_CONTROL/CONNECT/INET/DIRECT_EXEC_SESSION/OTHER:1
2026-10-06T17:22:09.0849045Z === RUN   TestLinuxGoSourceProjectSnapshotIntegration
2026-10-06T17:22:10.4063381Z observer_attribution sequence=2 profile=go-module-resolver counts=NETWORK/TRUSTED_CONTROL/CONNECT/INET/DIRECT_EXEC_SESSION/OTHER:1
2026-10-06T17:22:10.5694958Z     gomodule_isolated_integration_test.go:37: actual_project_graph_sha256=2fd85f35b1032f4332f924e60f9846cac5bd5a4f1a49a36a135879eec72a4db5 modules=1
2026-10-06T17:22:10.5700067Z --- PASS: TestLinuxGoSourceProjectSnapshotIntegration (2.69s)
2026-10-06T17:22:10.5700880Z === RUN   TestLinuxGoDependencyFreeProjectSnapshotIntegration
2026-10-06T17:22:12.8918079Z     gomodule_isolated_integration_test.go:44: actual_project_graph_sha256=5fce8efcf6e6c7e4462e816a233133217f502d87491cac38214d03de2cf441a5 modules=0
2026-10-06T17:22:12.8924025Z --- PASS: TestLinuxGoDependencyFreeProjectSnapshotIntegration (2.32s)
2026-10-06T17:22:12.8924818Z PASS
2026-10-06T17:22:12.8972820Z === RUN   TestLinuxCargoSourceProjectSnapshotIntegration
2026-10-06T17:22:12.9027807Z     cargo_isolated_integration_test.go:35: open ../artifact/cargo/testdata/metadata-v1-rust-1.99.0.lock: no such file or directory
2026-10-06T17:22:12.9033614Z --- FAIL: TestLinuxCargoSourceProjectSnapshotIntegration (0.01s)
2026-10-06T17:22:12.9034233Z FAIL
2026-10-06T17:22:12.9165124Z helper reaped: pid=162531 wait=0
2026-10-06T17:22:12.9336386Z cleanup: original=1 helper_state=CONFIRMED_STOPPED helper_stop=0 client_error=0 client_restore=0 restore_result=RESTORED pid=162531
2026-10-06T17:22:12.9354677Z ##[error]Process completed with exit code 1.
2026-10-06T17:22:12.9501571Z Post job cleanup.
2026-10-06T17:22:13.0388414Z [command]/usr/bin/git version
2026-10-06T17:22:13.0431188Z git version 2.55.0
2026-10-06T17:22:13.0465258Z Temporarily overriding HOME='/home/runner/work/_temp/d62d6002-35f6-451d-a035-1d6692cac1ee' before making global git config changes
2026-10-06T17:22:13.0466645Z Adding repository directory to the temporary git global config as a safe directory
2026-10-06T17:22:13.0470058Z [command]/usr/bin/git config --global --add safe.directory /home/runner/work/heliopause/heliopause
2026-10-06T17:22:13.0503197Z Removing SSH command configuration
2026-10-06T17:22:13.0509330Z [command]/usr/bin/git config --local --name-only --get-regexp core\.sshCommand
2026-10-06T17:22:13.0544354Z [command]/usr/bin/git submodule foreach --recursive sh -c "git config --local --name-only --get-regexp 'core\.sshCommand' && git config --local --unset-all 'core.sshCommand' || :"
2026-10-06T17:22:13.0876985Z Removing HTTP extra header
2026-10-06T17:22:13.0896536Z [command]/usr/bin/git config --local --name-only --get-regexp http\.https\:\/\/github\.com\/\.extraheader
2026-10-06T17:22:13.0992173Z [command]/usr/bin/git submodule foreach --recursive sh -c "git config --local --name-only --get-regexp 'http\.https\:\/\/github\.com\/\.extraheader' && git config --local --unset-all 'http.https://github.com/.extraheader' || :"
2026-10-06T17:22:13.1307924Z Removing includeIf entries pointing to credentials config files
2026-10-06T17:22:13.1320069Z [command]/usr/bin/git config --local --name-only --get-regexp ^includeIf\.gitdir:
2026-10-06T17:22:13.1377889Z [command]/usr/bin/git submodule foreach --recursive git config --local --show-origin --name-only --get-regexp remote.origin.url
2026-10-06T17:22:13.1826241Z Cleaning up orphan processes
2026-10-06T17:22:13.2191713Z Terminate orphan process: pid (143801) (java.lang=ALL-UNNAMED)
