2026-10-07T02:18:30.6008902Z Current runner version: '2.337.0'
2026-10-07T02:18:30.6032811Z ##[group]Runner Image Provisioner
2026-10-07T02:18:30.6033680Z Hosted Compute Agent
2026-10-07T02:18:30.6034401Z Version: 20261002.596
2026-10-07T02:18:30.6035036Z Commit: c3d12f3313a95f25162a1503be624f3b0617f8c0
2026-10-07T02:18:30.6035748Z Build Date: 2026-10-02T22:28:27Z
2026-10-07T02:18:30.6036562Z Worker ID: {51ce653c-9277-43ec-9d8e-021e2a07a516}
2026-10-07T02:18:30.6037499Z Region: westcentralus
2026-10-07T02:18:30.6038155Z Cloud: Azure
2026-10-07T02:18:30.6038720Z ##[endgroup]
2026-10-07T02:18:30.6040341Z ##[group]Operating System
2026-10-07T02:18:30.6041090Z Ubuntu
2026-10-07T02:18:30.6041623Z 24.04.5
2026-10-07T02:18:30.6042202Z LTS
2026-10-07T02:18:30.6042724Z ##[endgroup]
2026-10-07T02:18:30.6043274Z ##[group]Runner Image
2026-10-07T02:18:30.6043916Z Image: ubuntu-24.04
2026-10-07T02:18:30.6044475Z Version: 20261004.327.1
2026-10-07T02:18:30.6045778Z Included Software: https://github.com/actions/runner-images/blob/ubuntu24/20261004.327/images/ubuntu/Ubuntu2404-Readme.md
2026-10-07T02:18:30.6047735Z Image Release: https://github.com/actions/runner-images/releases/tag/ubuntu24%2F20261004.327
2026-10-07T02:18:30.6048812Z ##[endgroup]
2026-10-07T02:18:30.6049957Z ##[group]GITHUB_TOKEN Permissions
2026-10-07T02:18:30.6052119Z Contents: read
2026-10-07T02:18:30.6052745Z Metadata: read
2026-10-07T02:18:30.6053404Z ##[endgroup]
2026-10-07T02:18:30.6055428Z Secret source: Actions
2026-10-07T02:18:30.6056388Z Cache mode: write
2026-10-07T02:18:30.6057422Z Prepare workflow directory
2026-10-07T02:18:30.6519262Z Prepare all required actions
2026-10-07T02:18:30.6567785Z Getting action download info
2026-10-07T02:18:30.9681557Z Download action repository 'actions/checkout@3d3c42e5aac5ba805825da76410c181273ba90b1' (SHA:3d3c42e5aac5ba805825da76410c181273ba90b1)
2026-10-07T02:18:31.1669925Z Complete job name: gVisor Observer Helper
2026-10-07T02:18:31.2520100Z ##[group]Run actions/checkout@3d3c42e5aac5ba805825da76410c181273ba90b1
2026-10-07T02:18:31.2521206Z with:
2026-10-07T02:18:31.2521669Z   persist-credentials: false
2026-10-07T02:18:31.2522216Z   repository: rahoney/heliopause
2026-10-07T02:18:31.2525953Z   token: ***
2026-10-07T02:18:31.2526392Z   ssh-strict: true
2026-10-07T02:18:31.2526836Z   ssh-user: git
2026-10-07T02:18:31.2527482Z   clean: true
2026-10-07T02:18:31.2527937Z   sparse-checkout-cone-mode: true
2026-10-07T02:18:31.2528470Z   fetch-depth: 1
2026-10-07T02:18:31.2528907Z   fetch-tags: false
2026-10-07T02:18:31.2529360Z   show-progress: true
2026-10-07T02:18:31.2529809Z   lfs: false
2026-10-07T02:18:31.2530236Z   submodules: false
2026-10-07T02:18:31.2530690Z   set-safe-directory: true
2026-10-07T02:18:31.2531211Z   allow-unsafe-pr-checkout: false
2026-10-07T02:18:31.2531999Z ##[endgroup]
2026-10-07T02:18:31.3521470Z Syncing repository: rahoney/heliopause
2026-10-07T02:18:31.3524202Z ##[group]Getting Git version info
2026-10-07T02:18:31.3525399Z Working directory is '/home/runner/work/heliopause/heliopause'
2026-10-07T02:18:31.3527484Z [command]/usr/bin/git version
2026-10-07T02:18:31.3622362Z git version 2.55.0
2026-10-07T02:18:31.3665293Z ##[endgroup]
2026-10-07T02:18:31.3673346Z Temporarily overriding HOME='/home/runner/work/_temp/7adf5f77-9c79-4280-a292-07ccccb2f680' before making global git config changes
2026-10-07T02:18:31.3676591Z Adding repository directory to the temporary git global config as a safe directory
2026-10-07T02:18:31.3688573Z [command]/usr/bin/git config --global --add safe.directory /home/runner/work/heliopause/heliopause
2026-10-07T02:18:31.3719212Z Deleting the contents of '/home/runner/work/heliopause/heliopause'
2026-10-07T02:18:31.3721073Z ##[group]Determining repository object format
2026-10-07T02:18:31.3722516Z ##[endgroup]
2026-10-07T02:18:31.3723720Z ##[group]Initializing the repository
2026-10-07T02:18:31.3724942Z [command]/usr/bin/git init /home/runner/work/heliopause/heliopause
2026-10-07T02:18:31.3877078Z hint: Using 'master' as the name for the initial branch. This default branch name
2026-10-07T02:18:31.3879093Z hint: will change to "main" in Git 3.0. To configure the initial branch name
2026-10-07T02:18:31.3880657Z hint: to use in all of your new repositories, which will suppress this warning,
2026-10-07T02:18:31.3881979Z hint: call:
2026-10-07T02:18:31.3882608Z hint:
2026-10-07T02:18:31.3883408Z hint: 	git config --global init.defaultBranch <name>
2026-10-07T02:18:31.3884389Z hint:
2026-10-07T02:18:31.3885344Z hint: Names commonly chosen instead of 'master' are 'main', 'trunk' and
2026-10-07T02:18:31.3887142Z hint: 'development'. The just-created branch can be renamed via this command:
2026-10-07T02:18:31.3888368Z hint:
2026-10-07T02:18:31.3889020Z hint: 	git branch -m <name>
2026-10-07T02:18:31.3889764Z hint:
2026-10-07T02:18:31.3890839Z hint: Disable this message with "git config set advice.defaultBranchName false"
2026-10-07T02:18:31.3892786Z Initialized empty Git repository in /home/runner/work/heliopause/heliopause/.git/
2026-10-07T02:18:31.3895810Z [command]/usr/bin/git remote add origin https://github.com/rahoney/heliopause
2026-10-07T02:18:31.3958921Z ##[endgroup]
2026-10-07T02:18:31.3960414Z ##[group]Disabling automatic garbage collection
2026-10-07T02:18:31.3961745Z [command]/usr/bin/git config --local gc.auto 0
2026-10-07T02:18:31.3988010Z ##[endgroup]
2026-10-07T02:18:31.3989232Z ##[group]Setting up auth
2026-10-07T02:18:31.3990144Z Removing SSH command configuration
2026-10-07T02:18:31.3994028Z [command]/usr/bin/git config --local --name-only --get-regexp core\.sshCommand
2026-10-07T02:18:31.4028124Z [command]/usr/bin/git submodule foreach --recursive sh -c "git config --local --name-only --get-regexp 'core\.sshCommand' && git config --local --unset-all 'core.sshCommand' || :"
2026-10-07T02:18:31.4417330Z Removing HTTP extra header
2026-10-07T02:18:31.4422960Z [command]/usr/bin/git config --local --name-only --get-regexp http\.https\:\/\/github\.com\/\.extraheader
2026-10-07T02:18:31.4458307Z [command]/usr/bin/git submodule foreach --recursive sh -c "git config --local --name-only --get-regexp 'http\.https\:\/\/github\.com\/\.extraheader' && git config --local --unset-all 'http.https://github.com/.extraheader' || :"
2026-10-07T02:18:31.4708799Z Removing includeIf entries pointing to credentials config files
2026-10-07T02:18:31.4712451Z [command]/usr/bin/git config --local --name-only --get-regexp ^includeIf\.gitdir:
2026-10-07T02:18:31.4747153Z [command]/usr/bin/git submodule foreach --recursive git config --local --show-origin --name-only --get-regexp remote.origin.url
2026-10-07T02:18:31.4999361Z [command]/usr/bin/git config --file /home/runner/work/_temp/git-credentials-24c06a88-ef86-4381-b0b6-b15d191485a6.config http.https://github.com/.extraheader AUTHORIZATION: basic ***
2026-10-07T02:18:31.5035208Z [command]/usr/bin/git config --local includeIf.gitdir:/home/runner/work/heliopause/heliopause/.git.path /home/runner/work/_temp/git-credentials-24c06a88-ef86-4381-b0b6-b15d191485a6.config
2026-10-07T02:18:31.5070573Z [command]/usr/bin/git config --local includeIf.gitdir:/home/runner/work/heliopause/heliopause/.git/worktrees/*.path /home/runner/work/_temp/git-credentials-24c06a88-ef86-4381-b0b6-b15d191485a6.config
2026-10-07T02:18:31.5110244Z [command]/usr/bin/git config --local includeIf.gitdir:/github/workspace/.git.path /github/runner_temp/git-credentials-24c06a88-ef86-4381-b0b6-b15d191485a6.config
2026-10-07T02:18:31.5148087Z [command]/usr/bin/git config --local includeIf.gitdir:/github/workspace/.git/worktrees/*.path /github/runner_temp/git-credentials-24c06a88-ef86-4381-b0b6-b15d191485a6.config
2026-10-07T02:18:31.5180731Z ##[endgroup]
2026-10-07T02:18:31.5182560Z ##[group]Fetching the repository
2026-10-07T02:18:31.5190374Z [command]/usr/bin/git -c protocol.version=2 fetch --no-tags --prune --no-recurse-submodules --depth=1 origin +d328756f0087624093808215d1fbedd47767ef58:refs/remotes/origin/milestone/m12-go-cargo-terraform
2026-10-07T02:18:32.5762454Z From https://github.com/rahoney/heliopause
2026-10-07T02:18:32.5766294Z  * [new ref]         d328756f0087624093808215d1fbedd47767ef58 -> origin/milestone/m12-go-cargo-terraform
2026-10-07T02:18:32.5774742Z [command]/usr/bin/git branch --list --remote origin/milestone/m12-go-cargo-terraform
2026-10-07T02:18:32.5804594Z   origin/milestone/m12-go-cargo-terraform
2026-10-07T02:18:32.5813246Z [command]/usr/bin/git rev-parse refs/remotes/origin/milestone/m12-go-cargo-terraform
2026-10-07T02:18:32.5840329Z d328756f0087624093808215d1fbedd47767ef58
2026-10-07T02:18:32.5845438Z ##[endgroup]
2026-10-07T02:18:32.5847072Z ##[group]Determining the checkout info
2026-10-07T02:18:32.5849615Z ##[endgroup]
2026-10-07T02:18:32.5850716Z [command]/usr/bin/git sparse-checkout disable
2026-10-07T02:18:32.5904551Z [command]/usr/bin/git config --local --unset-all extensions.worktreeConfig
2026-10-07T02:18:32.5940466Z ##[group]Checking out the ref
2026-10-07T02:18:32.5944314Z [command]/usr/bin/git checkout --progress --force -B milestone/m12-go-cargo-terraform refs/remotes/origin/milestone/m12-go-cargo-terraform
2026-10-07T02:18:32.7118001Z Switched to a new branch 'milestone/m12-go-cargo-terraform'
2026-10-07T02:18:32.7123548Z branch 'milestone/m12-go-cargo-terraform' set up to track 'origin/milestone/m12-go-cargo-terraform'.
2026-10-07T02:18:32.7135967Z ##[endgroup]
2026-10-07T02:18:32.7186820Z [command]/usr/bin/git log -1 --format=%H
2026-10-07T02:18:32.7217589Z d328756f0087624093808215d1fbedd47767ef58
2026-10-07T02:18:32.7228262Z ##[group]Removing auth
2026-10-07T02:18:32.7230320Z Removing SSH command configuration
2026-10-07T02:18:32.7233341Z [command]/usr/bin/git config --local --name-only --get-regexp core\.sshCommand
2026-10-07T02:18:32.7275933Z [command]/usr/bin/git submodule foreach --recursive sh -c "git config --local --name-only --get-regexp 'core\.sshCommand' && git config --local --unset-all 'core.sshCommand' || :"
2026-10-07T02:18:32.7499131Z Removing HTTP extra header
2026-10-07T02:18:32.7504825Z [command]/usr/bin/git config --local --name-only --get-regexp http\.https\:\/\/github\.com\/\.extraheader
2026-10-07T02:18:32.7543191Z [command]/usr/bin/git submodule foreach --recursive sh -c "git config --local --name-only --get-regexp 'http\.https\:\/\/github\.com\/\.extraheader' && git config --local --unset-all 'http.https://github.com/.extraheader' || :"
2026-10-07T02:18:32.7779115Z Removing includeIf entries pointing to credentials config files
2026-10-07T02:18:32.7782303Z [command]/usr/bin/git config --local --name-only --get-regexp ^includeIf\.gitdir:
2026-10-07T02:18:32.7820309Z includeif.gitdir:/home/runner/work/heliopause/heliopause/.git.path
2026-10-07T02:18:32.7823980Z includeif.gitdir:/home/runner/work/heliopause/heliopause/.git/worktrees/*.path
2026-10-07T02:18:32.7827401Z includeif.gitdir:/github/workspace/.git.path
2026-10-07T02:18:32.7830456Z includeif.gitdir:/github/workspace/.git/worktrees/*.path
2026-10-07T02:18:32.7837854Z [command]/usr/bin/git config --local --get-all includeif.gitdir:/home/runner/work/heliopause/heliopause/.git.path
2026-10-07T02:18:32.7856482Z /home/runner/work/_temp/git-credentials-24c06a88-ef86-4381-b0b6-b15d191485a6.config
2026-10-07T02:18:32.7869309Z [command]/usr/bin/git config --local --unset includeif.gitdir:/home/runner/work/heliopause/heliopause/.git.path \/home\/runner\/work\/_temp\/git\-credentials\-24c06a88\-ef86\-4381\-b0b6\-b15d191485a6\.config
2026-10-07T02:18:32.7922990Z [command]/usr/bin/git config --local --get-all includeif.gitdir:/home/runner/work/heliopause/heliopause/.git/worktrees/*.path
2026-10-07T02:18:32.7950677Z /home/runner/work/_temp/git-credentials-24c06a88-ef86-4381-b0b6-b15d191485a6.config
2026-10-07T02:18:32.7960157Z [command]/usr/bin/git config --local --unset includeif.gitdir:/home/runner/work/heliopause/heliopause/.git/worktrees/*.path \/home\/runner\/work\/_temp\/git\-credentials\-24c06a88\-ef86\-4381\-b0b6\-b15d191485a6\.config
2026-10-07T02:18:32.8008746Z [command]/usr/bin/git config --local --get-all includeif.gitdir:/github/workspace/.git.path
2026-10-07T02:18:32.8046474Z /github/runner_temp/git-credentials-24c06a88-ef86-4381-b0b6-b15d191485a6.config
2026-10-07T02:18:32.8050606Z [command]/usr/bin/git config --local --unset includeif.gitdir:/github/workspace/.git.path \/github\/runner_temp\/git\-credentials\-24c06a88\-ef86\-4381\-b0b6\-b15d191485a6\.config
2026-10-07T02:18:32.8091271Z [command]/usr/bin/git config --local --get-all includeif.gitdir:/github/workspace/.git/worktrees/*.path
2026-10-07T02:18:32.8119357Z /github/runner_temp/git-credentials-24c06a88-ef86-4381-b0b6-b15d191485a6.config
2026-10-07T02:18:32.8129509Z [command]/usr/bin/git config --local --unset includeif.gitdir:/github/workspace/.git/worktrees/*.path \/github\/runner_temp\/git\-credentials\-24c06a88\-ef86\-4381\-b0b6\-b15d191485a6\.config
2026-10-07T02:18:32.8171451Z [command]/usr/bin/git submodule foreach --recursive git config --local --show-origin --name-only --get-regexp remote.origin.url
2026-10-07T02:18:32.8413256Z Removing credentials config '/home/runner/work/_temp/git-credentials-24c06a88-ef86-4381-b0b6-b15d191485a6.config'
2026-10-07T02:18:32.8423263Z ##[endgroup]
2026-10-07T02:18:32.8625989Z ##[group]Run set -eu
2026-10-07T02:18:32.8626420Z [36;1mset -eu[0m
2026-10-07T02:18:32.8626736Z [36;1mruntime_lock=scripts/runtimes.lock.json[0m
2026-10-07T02:18:32.8627464Z [36;1mtest -f "$runtime_lock"[0m
2026-10-07T02:18:32.8627938Z [36;1mgvisor_repository="$(jq -er '.gvisor.source_repository' "$runtime_lock")"[0m
2026-10-07T02:18:32.8628497Z [36;1mgvisor_commit="$(jq -er '.gvisor.commit' "$runtime_lock")"[0m
2026-10-07T02:18:32.8629012Z [36;1mgvisor_patch_path="$(jq -er '.gvisor.patch.path' "$runtime_lock")"[0m
2026-10-07T02:18:32.8629556Z [36;1mgvisor_patch_sha256="$(jq -er '.gvisor.patch.sha256' "$runtime_lock")"[0m
2026-10-07T02:18:32.8630087Z [36;1mbazel_url="$(jq -er '.bazel.linux_x86_64_url' "$runtime_lock")"[0m
2026-10-07T02:18:32.8630853Z [36;1mbazel_sha512="$(jq -er '.bazel.linux_x86_64_sha512' "$runtime_lock")"[0m
2026-10-07T02:18:32.8631382Z [36;1mcase "$gvisor_patch_path" in[0m
2026-10-07T02:18:32.8631878Z [36;1m  tools/gvisor/*.patch) ;;[0m
2026-10-07T02:18:32.8632350Z [36;1m  *) echo "runtime lock gVisor patch path is invalid" >&2; exit 1 ;;[0m
2026-10-07T02:18:32.8632787Z [36;1mesac[0m
2026-10-07T02:18:32.8633044Z [36;1mtest -f "$gvisor_patch_path"[0m
2026-10-07T02:18:32.8633535Z [36;1mtest "$(sha256sum "$gvisor_patch_path" | awk '{print $1}')" = "$gvisor_patch_sha256"[0m
2026-10-07T02:18:32.8634048Z [36;1mpatch_abs="$PWD/$gvisor_patch_path"[0m
2026-10-07T02:18:32.8634517Z [36;1mgit clone --filter=blob:none "$gvisor_repository" "$RUNNER_TEMP/gvisor"[0m
2026-10-07T02:18:32.8635068Z [36;1mgit -C "$RUNNER_TEMP/gvisor" checkout --detach "$gvisor_commit"[0m
2026-10-07T02:18:32.8635601Z [36;1mtest "$(git -C "$RUNNER_TEMP/gvisor" rev-parse HEAD)" = "$gvisor_commit"[0m
2026-10-07T02:18:32.8636109Z [36;1mgit -C "$RUNNER_TEMP/gvisor" apply --check "$patch_abs"[0m
2026-10-07T02:18:32.8636553Z [36;1mgit -C "$RUNNER_TEMP/gvisor" apply "$patch_abs"[0m
2026-10-07T02:18:32.8637393Z [36;1mcurl --fail --location --silent --show-error --output "$RUNNER_TEMP/bazel" "$bazel_url"[0m
2026-10-07T02:18:32.8638055Z [36;1mtest "$(sha512sum "$RUNNER_TEMP/bazel" | awk '{print $1}')" = "$bazel_sha512"[0m
2026-10-07T02:18:32.8638539Z [36;1mchmod 0755 "$RUNNER_TEMP/bazel"[0m
2026-10-07T02:18:32.8639014Z [36;1mcp -R tools/gvisor-observer "$RUNNER_TEMP/gvisor/tools/haa_gvisor_observer"[0m
2026-10-07T02:18:32.8639490Z [36;1mcd "$RUNNER_TEMP/gvisor"[0m
2026-10-07T02:18:32.8640179Z [36;1m"$RUNNER_TEMP/bazel" build -c opt //tools/haa_gvisor_observer:haa_gvisor_observer //tools/haa_gvisor_observer:haa_gvisor_observer_latch_test[0m
2026-10-07T02:18:32.8640984Z [36;1mbazel-bin/tools/haa_gvisor_observer/haa_gvisor_observer_latch_test[0m
2026-10-07T02:18:32.8995811Z shell: /usr/bin/bash -e {0}
2026-10-07T02:18:32.8996210Z ##[endgroup]
2026-10-07T02:18:32.9301352Z Cloning into '/home/runner/work/_temp/gvisor'...
2026-10-07T02:18:38.0280211Z Updating files:   0% (1/4375)
2026-10-07T02:18:38.0425655Z Updating files:   1% (44/4375)
2026-10-07T02:18:38.0469825Z Updating files:   2% (88/4375)
2026-10-07T02:18:38.0519916Z Updating files:   3% (132/4375)
2026-10-07T02:18:38.0545527Z Updating files:   4% (175/4375)
2026-10-07T02:18:38.0575740Z Updating files:   5% (219/4375)
2026-10-07T02:18:38.0603260Z Updating files:   6% (263/4375)
2026-10-07T02:18:38.0633760Z Updating files:   7% (307/4375)
2026-10-07T02:18:38.0660260Z Updating files:   8% (350/4375)
2026-10-07T02:18:38.0686068Z Updating files:   9% (394/4375)
2026-10-07T02:18:38.0714049Z Updating files:  10% (438/4375)
2026-10-07T02:18:38.0743825Z Updating files:  11% (482/4375)
2026-10-07T02:18:38.0772229Z Updating files:  12% (525/4375)
2026-10-07T02:18:38.0797099Z Updating files:  13% (569/4375)
2026-10-07T02:18:38.0819345Z Updating files:  14% (613/4375)
2026-10-07T02:18:38.0850198Z Updating files:  15% (657/4375)
2026-10-07T02:18:38.0881498Z Updating files:  16% (700/4375)
2026-10-07T02:18:38.0905335Z Updating files:  17% (744/4375)
2026-10-07T02:18:38.0931021Z Updating files:  18% (788/4375)
2026-10-07T02:18:38.0963072Z Updating files:  19% (832/4375)
2026-10-07T02:18:38.0990295Z Updating files:  20% (875/4375)
2026-10-07T02:18:38.1021605Z Updating files:  21% (919/4375)
2026-10-07T02:18:38.1050658Z Updating files:  22% (963/4375)
2026-10-07T02:18:38.1083712Z Updating files:  23% (1007/4375)
2026-10-07T02:18:38.1120634Z Updating files:  24% (1050/4375)
2026-10-07T02:18:38.1153227Z Updating files:  25% (1094/4375)
2026-10-07T02:18:38.1185213Z Updating files:  26% (1138/4375)
2026-10-07T02:18:38.1212744Z Updating files:  27% (1182/4375)
2026-10-07T02:18:38.1263142Z Updating files:  28% (1225/4375)
2026-10-07T02:18:38.1296193Z Updating files:  29% (1269/4375)
2026-10-07T02:18:38.1332079Z Updating files:  30% (1313/4375)
2026-10-07T02:18:38.1367581Z Updating files:  31% (1357/4375)
2026-10-07T02:18:38.1392206Z Updating files:  32% (1400/4375)
2026-10-07T02:18:38.1419263Z Updating files:  33% (1444/4375)
2026-10-07T02:18:38.1443745Z Updating files:  34% (1488/4375)
2026-10-07T02:18:38.1465471Z Updating files:  35% (1532/4375)
2026-10-07T02:18:38.1492664Z Updating files:  36% (1575/4375)
2026-10-07T02:18:38.1523179Z Updating files:  37% (1619/4375)
2026-10-07T02:18:38.1556793Z Updating files:  38% (1663/4375)
2026-10-07T02:18:38.1583090Z Updating files:  39% (1707/4375)
2026-10-07T02:18:38.1609616Z Updating files:  40% (1750/4375)
2026-10-07T02:18:38.1637124Z Updating files:  41% (1794/4375)
2026-10-07T02:18:38.1662505Z Updating files:  42% (1838/4375)
2026-10-07T02:18:38.1697562Z Updating files:  43% (1882/4375)
2026-10-07T02:18:38.1722605Z Updating files:  44% (1925/4375)
2026-10-07T02:18:38.1749483Z Updating files:  45% (1969/4375)
2026-10-07T02:18:38.1774220Z Updating files:  46% (2013/4375)
2026-10-07T02:18:38.1796757Z Updating files:  47% (2057/4375)
2026-10-07T02:18:38.1830375Z Updating files:  48% (2100/4375)
2026-10-07T02:18:38.1861080Z Updating files:  49% (2144/4375)
2026-10-07T02:18:38.1887912Z Updating files:  50% (2188/4375)
2026-10-07T02:18:38.1932758Z Updating files:  51% (2232/4375)
2026-10-07T02:18:38.1979785Z Updating files:  52% (2275/4375)
2026-10-07T02:18:38.2023918Z Updating files:  53% (2319/4375)
2026-10-07T02:18:38.2072237Z Updating files:  54% (2363/4375)
2026-10-07T02:18:38.2105953Z Updating files:  55% (2407/4375)
2026-10-07T02:18:38.2151710Z Updating files:  56% (2450/4375)
2026-10-07T02:18:38.2189738Z Updating files:  57% (2494/4375)
2026-10-07T02:18:38.2204262Z Updating files:  57% (2516/4375)
2026-10-07T02:18:38.2234250Z Updating files:  58% (2538/4375)
2026-10-07T02:18:38.2271258Z Updating files:  59% (2582/4375)
2026-10-07T02:18:38.2299457Z Updating files:  60% (2625/4375)
2026-10-07T02:18:38.2323199Z Updating files:  61% (2669/4375)
2026-10-07T02:18:38.2351037Z Updating files:  62% (2713/4375)
2026-10-07T02:18:38.2392596Z Updating files:  63% (2757/4375)
2026-10-07T02:18:38.2423944Z Updating files:  64% (2800/4375)
2026-10-07T02:18:38.2459223Z Updating files:  65% (2844/4375)
2026-10-07T02:18:38.2490675Z Updating files:  66% (2888/4375)
2026-10-07T02:18:38.2513337Z Updating files:  67% (2932/4375)
2026-10-07T02:18:38.2542113Z Updating files:  68% (2975/4375)
2026-10-07T02:18:38.2574571Z Updating files:  69% (3019/4375)
2026-10-07T02:18:38.2605247Z Updating files:  70% (3063/4375)
2026-10-07T02:18:38.2638289Z Updating files:  71% (3107/4375)
2026-10-07T02:18:38.2668060Z Updating files:  72% (3150/4375)
2026-10-07T02:18:38.2698132Z Updating files:  73% (3194/4375)
2026-10-07T02:18:38.2722322Z Updating files:  74% (3238/4375)
2026-10-07T02:18:38.2749838Z Updating files:  75% (3282/4375)
2026-10-07T02:18:38.2778449Z Updating files:  76% (3325/4375)
2026-10-07T02:18:38.2816152Z Updating files:  77% (3369/4375)
2026-10-07T02:18:38.2852603Z Updating files:  78% (3413/4375)
2026-10-07T02:18:38.2899257Z Updating files:  79% (3457/4375)
2026-10-07T02:18:38.2936290Z Updating files:  80% (3500/4375)
2026-10-07T02:18:38.2972087Z Updating files:  81% (3544/4375)
2026-10-07T02:18:38.3012726Z Updating files:  82% (3588/4375)
2026-10-07T02:18:38.3037153Z Updating files:  83% (3632/4375)
2026-10-07T02:18:38.3074171Z Updating files:  84% (3675/4375)
2026-10-07T02:18:38.3097130Z Updating files:  85% (3719/4375)
2026-10-07T02:18:38.3124355Z Updating files:  86% (3763/4375)
2026-10-07T02:18:38.3155092Z Updating files:  87% (3807/4375)
2026-10-07T02:18:38.3177750Z Updating files:  88% (3850/4375)
2026-10-07T02:18:38.3202821Z Updating files:  89% (3894/4375)
2026-10-07T02:18:38.3230313Z Updating files:  90% (3938/4375)
2026-10-07T02:18:38.3259075Z Updating files:  91% (3982/4375)
2026-10-07T02:18:38.3288990Z Updating files:  92% (4025/4375)
2026-10-07T02:18:38.3315238Z Updating files:  93% (4069/4375)
2026-10-07T02:18:38.3338413Z Updating files:  94% (4113/4375)
2026-10-07T02:18:38.3384876Z Updating files:  95% (4157/4375)
2026-10-07T02:18:38.3608676Z Updating files:  96% (4200/4375)
2026-10-07T02:18:38.4181408Z Updating files:  97% (4244/4375)
2026-10-07T02:18:38.4223883Z Updating files:  98% (4288/4375)
2026-10-07T02:18:38.4257183Z Updating files:  99% (4332/4375)
2026-10-07T02:18:38.4258156Z Updating files: 100% (4375/4375)
2026-10-07T02:18:38.4258611Z Updating files: 100% (4375/4375), done.
2026-10-07T02:18:40.1751487Z HEAD is now at 7c6199801 Support NVIDIA IMEX-620.30 in gVisor.
2026-10-07T02:18:40.9831613Z Extracting Bazel installation...
2026-10-07T02:18:41.8848107Z Starting local Bazel server (8.3.1) and connecting to it...
2026-10-07T02:18:43.3662853Z Computing main repo mapping: 
2026-10-07T02:18:44.3687781Z Computing main repo mapping: 
2026-10-07T02:18:45.3670453Z Computing main repo mapping: 
2026-10-07T02:18:47.3405941Z Computing main repo mapping: 
2026-10-07T02:18:48.3572965Z Computing main repo mapping: 
2026-10-07T02:18:49.3678848Z Computing main repo mapping: 
2026-10-07T02:18:49.7738335Z WARNING: For repository 'bazel_skylib', the root module requires module version bazel_skylib@1.7.1, but got bazel_skylib@1.8.2 in the resolved dependency graph. Please update the version in your MODULE.bazel or set --check_direct_dependencies=off
2026-10-07T02:18:50.3681620Z Computing main repo mapping: 
2026-10-07T02:18:51.5405776Z Computing main repo mapping: 
2026-10-07T02:18:52.5458147Z Loading: 
2026-10-07T02:18:52.5487938Z Loading: 2 packages loaded
2026-10-07T02:18:53.6581883Z Loading: 2 packages loaded
2026-10-07T02:18:53.6584526Z     currently loading: tools/haa_gvisor_observer
2026-10-07T02:18:54.1679571Z DEBUG: /home/runner/.cache/bazel/_bazel_runner/a1b24ff0a5ad432a517b429ddfed25d5/external/gazelle+/internal/bzlmod/go_deps.bzl:660:36: The following Go modules were required by the root module at the given versions, but were implicitly updated to higher versions due to transitive dependencies:
2026-10-07T02:18:54.1707562Z  
2026-10-07T02:18:54.1737608Z   go.opentelemetry.io/auto/sdk: v1.1.0 -> v1.2.1 
2026-10-07T02:18:54.1738909Z   go.opentelemetry.io/contrib/instrumentation/google.golang.org/grpc/otelgrpc: v0.61.0 -> v0.67.0 
2026-10-07T02:18:54.1767602Z   golang.org/x/crypto: v0.42.0 -> v0.49.0 
2026-10-07T02:18:54.1777745Z   golang.org/x/term: v0.35.0 -> v0.42.0 
2026-10-07T02:18:54.1778541Z   golang.org/x/net: v0.44.0 -> v0.52.0 
2026-10-07T02:18:54.1781968Z   go.opentelemetry.io/otel: v1.37.0 -> v1.43.0 
2026-10-07T02:18:54.1783029Z   go.opentelemetry.io/otel/metric: v1.28.0 -> v1.43.0 
2026-10-07T02:18:54.1783632Z   github.com/felixge/httpsnoop: v1.0.2 -> v1.0.4 
2026-10-07T02:18:54.1784427Z   go.opentelemetry.io/contrib/instrumentation/net/http/otelhttp: v0.53.0 -> v0.67.0 
2026-10-07T02:18:54.1785231Z   go.opentelemetry.io/otel/trace: v1.28.0 -> v1.43.0 
2026-10-07T02:18:54.1785849Z   github.com/opencontainers/image-spec: v1.0.2 -> v1.1.1 
2026-10-07T02:18:54.1786423Z   cloud.google.com/go: v0.105.0 -> v0.123.0 
2026-10-07T02:18:54.1787139Z   cloud.google.com/go/iam: v0.8.0 -> v1.7.0 
2026-10-07T02:18:54.1787620Z   cloud.google.com/go/compute/metadata: v0.8.0 -> v0.9.0 
2026-10-07T02:18:54.1788073Z   github.com/googleapis/enterprise-certificate-proxy: v0.3.6 -> v0.3.14 
2026-10-07T02:18:54.1788534Z   golang.org/x/oauth2: v0.30.0 -> v0.36.0 
2026-10-07T02:18:54.1789219Z   google.golang.org/genproto: v0.0.0-20250707201910-8d1bb00bc6a7 -> v0.0.0-20260319201613-d00831a3d3e7 
2026-10-07T02:18:54.1789734Z   github.com/googleapis/gax-go/v2: v2.15.0 -> v2.21.0 
2026-10-07T02:18:54.1789955Z 
2026-10-07T02:18:54.1790151Z Update the root module's dependencies to match the resolved versions via:
2026-10-07T02:18:54.1790450Z 
2026-10-07T02:18:54.1794878Z   bazel run @io_bazel_rules_go//go -- get go.opentelemetry.io/auto/sdk@v1.2.1 go.opentelemetry.io/contrib/instrumentation/google.golang.org/grpc/otelgrpc@v0.67.0 golang.org/x/crypto@v0.49.0 golang.org/x/term@v0.42.0 golang.org/x/net@v0.52.0 go.opentelemetry.io/otel@v1.43.0 go.opentelemetry.io/otel/metric@v1.43.0 github.com/felixge/httpsnoop@v1.0.4 go.opentelemetry.io/contrib/instrumentation/net/http/otelhttp@v0.67.0 go.opentelemetry.io/otel/trace@v1.43.0 github.com/opencontainers/image-spec@v1.1.1 cloud.google.com/go@v0.123.0 cloud.google.com/go/iam@v1.7.0 cloud.google.com/go/compute/metadata@v0.9.0 github.com/googleapis/enterprise-certificate-proxy@v0.3.14 golang.org/x/oauth2@v0.36.0 google.golang.org/genproto@v0.0.0-20260319201613-d00831a3d3e7 github.com/googleapis/gax-go/v2@v2.21.0 
2026-10-07T02:18:54.1799775Z 
2026-10-07T02:18:54.4616746Z Analyzing: 2 targets (3 packages loaded, 0 targets configured)
2026-10-07T02:18:54.4769818Z Analyzing: 2 targets (3 packages loaded, 0 targets configured)
2026-10-07T02:18:54.4797563Z 
2026-10-07T02:18:55.4991664Z Analyzing: 2 targets (64 packages loaded, 7 targets configured)
2026-10-07T02:18:55.5013575Z 
2026-10-07T02:18:56.5158226Z Analyzing: 2 targets (74 packages loaded, 1915 targets configured)
2026-10-07T02:18:56.5194109Z 
2026-10-07T02:18:57.5534326Z Analyzing: 2 targets (100 packages loaded, 5417 targets configured)
2026-10-07T02:18:57.5537265Z 
2026-10-07T02:18:59.0947177Z Analyzing: 2 targets (130 packages loaded, 6534 targets configured)
2026-10-07T02:18:59.0948006Z [1 / 1] no actions running
2026-10-07T02:18:59.1617454Z INFO: Analyzed 2 targets (130 packages loaded, 6534 targets configured).
2026-10-07T02:19:00.3763998Z [23 / 939] Compiling absl/base/internal/spinlock_wait.cc [for tool]; 1s processwrapper-sandbox ... (4 actions running)
2026-10-07T02:19:01.3772046Z [27 / 939] Linking external/abseil-cpp+/absl/base/liblog_severity.a; 0s processwrapper-sandbox ... (4 actions running)
2026-10-07T02:19:02.3845088Z [58 / 939] Compiling absl/base/internal/throw_delegate.cc [for tool]; 0s processwrapper-sandbox ... (3 actions running)
2026-10-07T02:19:03.3818524Z [130 / 939] Compiling absl/time/internal/cctz/src/civil_time_detail.cc [for tool]; 0s processwrapper-sandbox ... (4 actions running)
2026-10-07T02:19:04.3820168Z [138 / 939] Compiling absl/time/internal/cctz/src/time_zone_lookup.cc [for tool]; 0s processwrapper-sandbox ... (4 actions running)
2026-10-07T02:19:05.3848719Z [143 / 939] Compiling absl/time/internal/cctz/src/time_zone_info.cc [for tool]; 0s processwrapper-sandbox ... (4 actions running)
2026-10-07T02:19:06.3868638Z [146 / 939] Compiling absl/time/internal/cctz/src/time_zone_info.cc [for tool]; 1s processwrapper-sandbox ... (4 actions running)
2026-10-07T02:19:07.3888363Z [148 / 939] Compiling absl/time/internal/cctz/src/time_zone_info.cc [for tool]; 2s processwrapper-sandbox ... (4 actions running)
2026-10-07T02:19:08.3908623Z [152 / 939] Compiling absl/time/internal/cctz/src/time_zone_format.cc [for tool]; 1s processwrapper-sandbox ... (4 actions running)
2026-10-07T02:19:09.3905454Z [155 / 939] Compiling absl/time/internal/cctz/src/time_zone_info.cc; 1s processwrapper-sandbox ... (4 actions running)
2026-10-07T02:19:10.3941677Z [158 / 939] Compiling absl/time/internal/cctz/src/time_zone_format.cc; 1s processwrapper-sandbox ... (4 actions running)
2026-10-07T02:19:11.3955444Z [169 / 939] Compiling absl/strings/internal/memutil.cc [for tool]; 0s processwrapper-sandbox ... (4 actions running)
2026-10-07T02:19:12.3958342Z [176 / 939] Compiling absl/time/time.cc [for tool]; 0s processwrapper-sandbox ... (4 actions running)
2026-10-07T02:19:13.4018728Z [180 / 939] Compiling absl/debugging/internal/demangle.cc [for tool]; 1s processwrapper-sandbox ... (4 actions running)
2026-10-07T02:19:14.4028323Z [187 / 939] Compiling absl/crc/internal/crc.cc [for tool]; 0s processwrapper-sandbox ... (4 actions running)
2026-10-07T02:19:15.4023680Z [198 / 939] Compiling absl/strings/str_replace.cc [for tool]; 0s processwrapper-sandbox ... (4 actions running)
2026-10-07T02:19:16.4768347Z [206 / 939] Compiling absl/strings/internal/str_format/arg.cc [for tool]; 1s processwrapper-sandbox ... (4 actions, 3 running)
2026-10-07T02:19:17.7018502Z [213 / 939] Compiling absl/synchronization/mutex.cc [for tool]; 0s processwrapper-sandbox ... (4 actions, 3 running)
2026-10-07T02:19:18.8788542Z [219 / 939] Compiling absl/synchronization/internal/sem_waiter.cc [for tool]; 0s processwrapper-sandbox ... (4 actions, 3 running)
2026-10-07T02:19:19.9389413Z [226 / 939] Compiling absl/strings/internal/str_format/float_conversion.cc [for tool]; 0s processwrapper-sandbox ... (4 actions, 3 running)
2026-10-07T02:19:20.9878584Z [231 / 939] Compiling absl/strings/internal/str_format/float_conversion.cc [for tool]; 2s processwrapper-sandbox ... (4 actions, 3 running)
2026-10-07T02:19:21.9904170Z [242 / 939] Compiling absl/strings/internal/cordz_functions.cc [for tool]; 0s processwrapper-sandbox ... (4 actions, 3 running)
2026-10-07T02:19:23.3278602Z [270 / 939] Compiling absl/synchronization/internal/graphcycles.cc; 0s processwrapper-sandbox ... (4 actions, 3 running)
2026-10-07T02:19:24.4048274Z [278 / 939] Compiling absl/time/civil_time.cc [for tool]; 1s processwrapper-sandbox ... (4 actions running)
2026-10-07T02:19:25.4048229Z [287 / 939] Compiling absl/log/internal/vlog_config.cc [for tool]; 1s processwrapper-sandbox ... (4 actions running)
2026-10-07T02:19:26.4418412Z [294 / 939] Compiling absl/log/log_entry.cc [for tool]; 1s processwrapper-sandbox ... (4 actions, 3 running)
2026-10-07T02:19:27.4586278Z [304 / 939] Compiling absl/crc/internal/crc_non_temporal_memcpy.cc [for tool]; 1s processwrapper-sandbox ... (4 actions, 3 running)
2026-10-07T02:19:28.5292496Z [327 / 939] Compiling absl/debugging/internal/demangle.cc; 0s processwrapper-sandbox ... (4 actions, 3 running)
2026-10-07T02:19:29.5508385Z [392 / 939] Compiling absl/debugging/internal/demangle.cc; 1s processwrapper-sandbox ... (4 actions, 3 running)
2026-10-07T02:19:30.7838169Z [407 / 939] Compiling inflate.c [for tool]; 0s processwrapper-sandbox ... (4 actions, 3 running)
2026-10-07T02:19:31.9718384Z [419 / 939] Compiling absl/debugging/symbolize.cc; 0s processwrapper-sandbox ... (4 actions, 3 running)
2026-10-07T02:19:32.9811407Z [434 / 939] Compiling absl/log/globals.cc [for tool]; 1s processwrapper-sandbox ... (4 actions, 3 running)
2026-10-07T02:19:34.0358721Z [497 / 939] Compiling absl/container/internal/hashtablez_sampler.cc [for tool]; 0s processwrapper-sandbox ... (4 actions, 3 running)
2026-10-07T02:19:35.1500632Z [551 / 944] Compiling absl/log/internal/log_message.cc [for tool]; 1s processwrapper-sandbox ... (4 actions, 3 running)
2026-10-07T02:19:36.4078548Z [558 / 944] Compiling absl/strings/escaping.cc; 1s processwrapper-sandbox ... (4 actions running)
2026-10-07T02:19:37.4098360Z [568 / 944] Compiling absl/strings/internal/charconv_bigint.cc; 0s processwrapper-sandbox ... (4 actions running)
2026-10-07T02:19:38.5882250Z [573 / 944] Compiling absl/hash/internal/hash.cc; 1s processwrapper-sandbox ... (4 actions, 3 running)
2026-10-07T02:19:39.7193443Z [578 / 944] Compiling absl/strings/internal/cord_internal.cc [for tool]; 1s processwrapper-sandbox ... (4 actions, 3 running)
2026-10-07T02:19:40.8539444Z [584 / 944] Compiling absl/strings/internal/cord_rep_btree.cc [for tool]; 1s processwrapper-sandbox ... (4 actions, 3 running)
2026-10-07T02:19:42.4128559Z [587 / 944] Compiling absl/strings/internal/cord_rep_btree.cc [for tool]; 2s processwrapper-sandbox ... (4 actions running)
2026-10-07T02:19:43.4367561Z [592 / 944] Compiling absl/strings/internal/str_format/arg.cc; 1s processwrapper-sandbox ... (4 actions, 3 running)
2026-10-07T02:19:44.8489181Z [597 / 944] Compiling absl/strings/internal/str_format/bind.cc; 0s processwrapper-sandbox ... (4 actions, 3 running)
2026-10-07T02:19:46.2168723Z [602 / 944] Compiling absl/flags/marshalling.cc; 1s processwrapper-sandbox ... (4 actions, 3 running)
2026-10-07T02:19:47.4098451Z [606 / 944] Compiling absl/strings/internal/str_format/float_conversion.cc; 1s processwrapper-sandbox ... (4 actions running)
2026-10-07T02:19:48.4093787Z [610 / 944] Compiling src/google/protobuf/port.cc; 1s processwrapper-sandbox ... (4 actions running)
2026-10-07T02:19:49.6408322Z [621 / 944] Compiling absl/flags/internal/program_name.cc; 0s processwrapper-sandbox ... (4 actions, 3 running)
2026-10-07T02:19:50.6475143Z [626 / 944] Compiling absl/strings/internal/cordz_info.cc [for tool]; 1s processwrapper-sandbox ... (4 actions, 3 running)
2026-10-07T02:19:51.8268568Z [634 / 944] Compiling absl/strings/cord.cc [for tool]; 0s processwrapper-sandbox ... (4 actions, 3 running)
2026-10-07T02:19:53.2358529Z [639 / 944] Compiling absl/strings/cord.cc [for tool]; 2s processwrapper-sandbox ... (4 actions, 3 running)
2026-10-07T02:19:54.4108319Z [643 / 944] Compiling absl/strings/cord.cc [for tool]; 3s processwrapper-sandbox ... (4 actions running)
2026-10-07T02:19:55.6018425Z [649 / 944] Compiling absl/strings/cord.cc [for tool]; 4s processwrapper-sandbox ... (4 actions, 3 running)
2026-10-07T02:19:56.9895784Z [655 / 944] Compiling absl/strings/cord.cc [for tool]; 6s processwrapper-sandbox ... (4 actions, 3 running)
2026-10-07T02:19:58.0518448Z [660 / 944] Compiling absl/strings/cord_analysis.cc [for tool]; 0s processwrapper-sandbox ... (4 actions, 3 running)
2026-10-07T02:19:59.0699362Z [664 / 944] Compiling absl/strings/internal/cord_rep_btree.cc; 1s processwrapper-sandbox ... (4 actions, 3 running)
2026-10-07T02:20:00.1148452Z [668 / 944] Compiling absl/strings/internal/cord_rep_btree.cc; 2s processwrapper-sandbox ... (4 actions, 3 running)
2026-10-07T02:20:01.3502861Z [673 / 944] Compiling absl/strings/internal/cord_rep_btree.cc; 3s processwrapper-sandbox ... (4 actions, 3 running)
2026-10-07T02:20:02.4149656Z [675 / 944] Compiling absl/status/internal/status_internal.cc [for tool]; 1s processwrapper-sandbox ... (4 actions running)
2026-10-07T02:20:03.4168205Z [681 / 944] Compiling absl/status/status.cc [for tool]; 0s processwrapper-sandbox ... (4 actions running)
2026-10-07T02:20:04.4138219Z [682 / 944] Compiling absl/status/status.cc [for tool]; 1s processwrapper-sandbox ... (4 actions running)
2026-10-07T02:20:05.4865733Z [687 / 944] Compiling absl/container/internal/raw_hash_set.cc; 2s processwrapper-sandbox ... (4 actions, 3 running)
2026-10-07T02:20:06.7052536Z [693 / 944] Compiling src/google/protobuf/arena.cc [for tool]; 1s processwrapper-sandbox ... (4 actions, 3 running)
2026-10-07T02:20:08.0779626Z [699 / 944] Compiling absl/flags/reflection.cc; 2s processwrapper-sandbox ... (4 actions, 3 running)
2026-10-07T02:20:09.3468279Z [704 / 944] Compiling absl/status/status.cc; 1s processwrapper-sandbox ... (4 actions, 3 running)
2026-10-07T02:20:10.4178300Z [707 / 944] Compiling src/google/protobuf/any_lite.cc [for tool]; 1s processwrapper-sandbox ... (4 actions running)
2026-10-07T02:20:11.4658373Z [711 / 944] Compiling absl/strings/cord.cc; 1s processwrapper-sandbox ... (4 actions, 3 running)
2026-10-07T02:20:12.7876703Z [712 / 944] Compiling absl/strings/cord.cc; 2s processwrapper-sandbox ... (4 actions, 3 running)
2026-10-07T02:20:14.0938270Z [718 / 944] Compiling absl/strings/cord.cc; 3s processwrapper-sandbox ... (4 actions, 3 running)
2026-10-07T02:20:15.4198150Z [720 / 944] Compiling absl/strings/cord.cc; 5s processwrapper-sandbox ... (4 actions running)
2026-10-07T02:20:16.7428740Z [724 / 944] Compiling src/google/protobuf/extension_set.cc [for tool]; 3s processwrapper-sandbox ... (4 actions, 3 running)
2026-10-07T02:20:17.7976526Z [729 / 944] Compiling src/google/protobuf/extension_set.cc [for tool]; 4s processwrapper-sandbox ... (4 actions, 3 running)
2026-10-07T02:20:18.8042535Z [732 / 944] Compiling src/google/protobuf/extension_set.cc [for tool]; 5s processwrapper-sandbox ... (4 actions, 3 running)
2026-10-07T02:20:20.4189852Z [737 / 944] Compiling src/google/protobuf/io/printer.cc [for tool]; 2s processwrapper-sandbox ... (4 actions running)
2026-10-07T02:20:21.4220920Z [738 / 944] Compiling src/google/protobuf/io/printer.cc [for tool]; 3s processwrapper-sandbox ... (4 actions running)
2026-10-07T02:20:22.4248570Z [741 / 944] Compiling src/google/protobuf/io/printer.cc [for tool]; 4s processwrapper-sandbox ... (4 actions running)
2026-10-07T02:20:23.4241869Z [743 / 944] Compiling src/google/protobuf/io/printer.cc [for tool]; 5s processwrapper-sandbox ... (4 actions running)
2026-10-07T02:20:25.4248387Z [745 / 944] Compiling src/google/protobuf/extension_set_heavy.cc [for tool]; 3s processwrapper-sandbox ... (4 actions running)
2026-10-07T02:20:26.4268503Z [747 / 944] Compiling src/google/protobuf/generated_message_tctable_lite.cc [for tool]; 4s processwrapper-sandbox ... (4 actions running)
2026-10-07T02:20:28.1818584Z [748 / 944] Compiling src/google/protobuf/generated_message_tctable_lite.cc [for tool]; 6s processwrapper-sandbox ... (4 actions, 3 running)
2026-10-07T02:20:29.4268562Z [748 / 944] Compiling src/google/protobuf/generated_message_tctable_lite.cc [for tool]; 7s processwrapper-sandbox ... (4 actions running)
2026-10-07T02:20:29.6288189Z INFO: From Compiling src/google/protobuf/dynamic_message.cc [for tool]:
2026-10-07T02:20:29.6317923Z In file included from external/protobuf+/src/google/protobuf/dynamic_message.cc:66:
2026-10-07T02:20:29.6354874Z bazel-out/k8-opt-exec-ST-d57f47055a04/bin/external/protobuf+/src/google/protobuf/_virtual_includes/protobuf/google/protobuf/map_field.h: In constructor 'google::protobuf::internal::MapFieldBase::ReflectionPayload::ReflectionPayload(google::protobuf::Arena*, const google::protobuf::Message*)':
2026-10-07T02:20:29.6389620Z bazel-out/k8-opt-exec-ST-d57f47055a04/bin/external/protobuf+/src/google/protobuf/_virtual_includes/protobuf/google/protobuf/map_field.h:416:11: warning: 'google::protobuf::RepeatedPtrField<T>::RepeatedPtrField(google::protobuf::Arena*) [with Element = google::protobuf::Message]' is deprecated: Use Arena::Create<RepeatedPtrField<...>>(Arena*) instead [-Wdeprecated-declarations]
2026-10-07T02:20:29.6392514Z   416 |         : repeated_field_(arena), prototype_(prototype) {}
2026-10-07T02:20:29.6417432Z       |           ^~~~~~~~~~~~~~~~~~~~~~
2026-10-07T02:20:29.6428534Z In file included from bazel-out/k8-opt-exec-ST-d57f47055a04/bin/external/protobuf+/src/google/protobuf/_virtual_includes/protobuf_lite/google/protobuf/repeated_field.h:46,
2026-10-07T02:20:29.6430842Z                  from bazel-out/k8-opt-exec-ST-d57f47055a04/bin/external/protobuf+/src/google/protobuf/_virtual_includes/protobuf_lite/google/protobuf/parse_context.h:39,
2026-10-07T02:20:29.6433146Z                  from bazel-out/k8-opt-exec-ST-d57f47055a04/bin/external/protobuf+/src/google/protobuf/_virtual_includes/protobuf_lite/google/protobuf/generated_message_tctable_decl.h:25,
2026-10-07T02:20:29.6435400Z                  from bazel-out/k8-opt-exec-ST-d57f47055a04/bin/external/protobuf+/src/google/protobuf/_virtual_includes/protobuf_lite/google/protobuf/extension_set.h:40,
2026-10-07T02:20:29.6438131Z                  from bazel-out/k8-opt-exec-ST-d57f47055a04/bin/external/protobuf+/src/google/protobuf/_virtual_includes/protobuf/google/protobuf/descriptor.h:56,
2026-10-07T02:20:29.6440205Z                  from bazel-out/k8-opt-exec-ST-d57f47055a04/bin/external/protobuf+/src/google/protobuf/_virtual_includes/protobuf/google/protobuf/dynamic_message.h:27,
2026-10-07T02:20:29.6441793Z                  from external/protobuf+/src/google/protobuf/dynamic_message.cc:42:
2026-10-07T02:20:29.6443457Z bazel-out/k8-opt-exec-ST-d57f47055a04/bin/external/protobuf+/src/google/protobuf/_virtual_includes/protobuf_lite/google/protobuf/repeated_ptr_field.h:1380:8: note: declared here
2026-10-07T02:20:29.6445191Z  1380 | inline RepeatedPtrField<Element>::RepeatedPtrField(Arena* arena)
2026-10-07T02:20:29.6445979Z       |        ^~~~~~~~~~~~~~~~~~~~~~~~~
2026-10-07T02:20:29.6447658Z external/protobuf+/src/google/protobuf/dynamic_message.cc: In member function 'void google::protobuf::DynamicMessage::SharedCtor(bool)':
2026-10-07T02:20:29.6450564Z external/protobuf+/src/google/protobuf/dynamic_message.cc:574:66: warning: 'google::protobuf::RepeatedPtrField<T>::RepeatedPtrField(google::protobuf::Arena*) [with Element = std::__cxx11::basic_string<char>]' is deprecated: Use Arena::Create<RepeatedPtrField<...>>(Arena*) instead [-Wdeprecated-declarations]
2026-10-07T02:20:29.6453009Z   574 |               new (field_ptr) RepeatedPtrField<std::string>(arena);
2026-10-07T02:20:29.6453792Z       |                                                                  ^
2026-10-07T02:20:29.6455385Z bazel-out/k8-opt-exec-ST-d57f47055a04/bin/external/protobuf+/src/google/protobuf/_virtual_includes/protobuf_lite/google/protobuf/repeated_ptr_field.h:1380:8: note: declared here
2026-10-07T02:20:29.6457285Z  1380 | inline RepeatedPtrField<Element>::RepeatedPtrField(Arena* arena)
2026-10-07T02:20:29.6458136Z       |        ^~~~~~~~~~~~~~~~~~~~~~~~~
2026-10-07T02:20:29.6460242Z external/protobuf+/src/google/protobuf/dynamic_message.cc:602:60: warning: 'google::protobuf::RepeatedPtrField<T>::RepeatedPtrField(google::protobuf::Arena*) [with Element = google::protobuf::Message]' is deprecated: Use Arena::Create<RepeatedPtrField<...>>(Arena*) instead [-Wdeprecated-declarations]
2026-10-07T02:20:29.6462474Z   602 |             new (field_ptr) RepeatedPtrField<Message>(arena);
2026-10-07T02:20:29.6463182Z       |                                                            ^
2026-10-07T02:20:29.6464660Z bazel-out/k8-opt-exec-ST-d57f47055a04/bin/external/protobuf+/src/google/protobuf/_virtual_includes/protobuf_lite/google/protobuf/repeated_ptr_field.h:1380:8: note: declared here
2026-10-07T02:20:29.6466235Z  1380 | inline RepeatedPtrField<Element>::RepeatedPtrField(Arena* arena)
2026-10-07T02:20:29.6467462Z       |        ^~~~~~~~~~~~~~~~~~~~~~~~~
2026-10-07T02:20:29.6468651Z external/protobuf+/src/google/protobuf/dynamic_message.cc: In member function 'void google::protobuf::DynamicMessage::CrossLinkPrototypes()':
2026-10-07T02:20:29.6470724Z external/protobuf+/src/google/protobuf/dynamic_message.cc:774:31: warning: 'bool google::protobuf::FieldOptions::weak() const' is deprecated [-Wdeprecated-declarations]
2026-10-07T02:20:29.6472169Z   774 |         !field->options().weak() && !InRealOneof(field) &&
2026-10-07T02:20:29.6472877Z       |          ~~~~~~~~~~~~~~~~~~~~~^~
2026-10-07T02:20:29.6473664Z In file included from external/protobuf+/src/google/protobuf/dynamic_message.cc:60:
2026-10-07T02:20:29.6475363Z bazel-out/k8-opt-exec-ST-d57f47055a04/bin/external/protobuf+/src/google/protobuf/_virtual_includes/protobuf/google/protobuf/descriptor.pb.h:18861:13: note: declared here
2026-10-07T02:20:29.6476812Z 18861 | inline bool FieldOptions::weak() const {
2026-10-07T02:20:29.6477675Z       |             ^~~~~~~~~~~~
2026-10-07T02:20:30.4269702Z [752 / 944] Compiling src/google/protobuf/generated_message_tctable_lite.cc [for tool]; 8s processwrapper-sandbox ... (4 actions running)
2026-10-07T02:20:31.8548569Z [753 / 944] Compiling src/google/protobuf/generated_message_tctable_lite.cc [for tool]; 9s processwrapper-sandbox ... (4 actions, 3 running)
2026-10-07T02:20:32.9474086Z [754 / 944] Compiling src/google/protobuf/feature_resolver.cc [for tool]; 3s processwrapper-sandbox ... (4 actions, 3 running)
2026-10-07T02:20:34.4316294Z [755 / 944] Compiling src/google/protobuf/feature_resolver.cc [for tool]; 4s processwrapper-sandbox ... (4 actions running)
2026-10-07T02:20:35.4318315Z [757 / 944] Compiling src/google/protobuf/generated_message_tctable_lite.cc; 3s processwrapper-sandbox ... (4 actions running)
2026-10-07T02:20:36.4688485Z [758 / 944] Compiling src/google/protobuf/generated_message_tctable_lite.cc; 4s processwrapper-sandbox ... (4 actions, 3 running)
2026-10-07T02:20:38.4328563Z [760 / 944] Compiling src/google/protobuf/generated_message_tctable_lite.cc; 6s processwrapper-sandbox ... (4 actions running)
2026-10-07T02:20:39.4358912Z [761 / 944] Compiling src/google/protobuf/generated_message_tctable_lite.cc; 7s processwrapper-sandbox ... (4 actions running)
2026-10-07T02:20:39.5468133Z INFO: From Compiling src/google/protobuf/map.cc [for tool]:
2026-10-07T02:20:39.5492824Z In file included from bazel-out/k8-opt-exec-ST-d57f47055a04/bin/external/protobuf+/src/google/protobuf/_virtual_includes/protobuf_lite/google/protobuf/generated_enum_util.h:20,
2026-10-07T02:20:39.5495066Z                  from bazel-out/k8-opt-exec-ST-d57f47055a04/bin/external/protobuf+/src/google/protobuf/_virtual_includes/protobuf_lite/google/protobuf/map.h:41,
2026-10-07T02:20:39.5508389Z                  from external/protobuf+/src/google/protobuf/map.cc:8:
2026-10-07T02:20:39.5509931Z In function 'const google::protobuf::internal::ClassData* google::protobuf::internal::GetClassData(const Type&) [with Type = google::protobuf::MessageLite]',
2026-10-07T02:20:39.5512549Z     inlined from 'google::protobuf::internal::Offsets google::protobuf::internal::AlignAndAddSizeDynamic(size_t, UntypedMapBase::TypeKind, const google::protobuf::MessageLite*, size_t&)' at external/protobuf+/src/google/protobuf/map.cc:229:38,
2026-10-07T02:20:39.5517601Z     inlined from 'static google::protobuf::internal::UntypedMapBase::TypeInfo google::protobuf::internal::UntypedMapBase::GetTypeInfoDynamic(TypeKind, TypeKind, const google::protobuf::MessageLite*)' at external/protobuf+/src/google/protobuf/map.cc:249:29:
2026-10-07T02:20:39.5520360Z bazel-out/k8-opt-exec-ST-d57f47055a04/bin/external/protobuf+/src/google/protobuf/_virtual_includes/protobuf_lite/google/protobuf/message_lite.h:1230:28: warning: 'this' pointer is null [-Wnonnull]
2026-10-07T02:20:39.5521927Z  1230 |     return msg.GetClassData();
2026-10-07T02:20:39.5522482Z       |            ~~~~~~~~~~~~~~~~^~
2026-10-07T02:20:40.4368298Z [763 / 944] Compiling src/google/protobuf/generated_message_tctable_lite.cc; 8s processwrapper-sandbox ... (4 actions running)
2026-10-07T02:20:42.4358370Z [766 / 944] Compiling src/google/protobuf/generated_message_tctable_lite.cc; 10s processwrapper-sandbox ... (4 actions running)
2026-10-07T02:20:43.4358419Z [771 / 944] Compiling src/google/protobuf/descriptor_database.cc [for tool]; 6s processwrapper-sandbox ... (4 actions running)
2026-10-07T02:20:44.4408519Z [773 / 944] Compiling src/google/protobuf/descriptor_database.cc [for tool]; 7s processwrapper-sandbox ... (4 actions running)
2026-10-07T02:20:45.4418404Z [776 / 944] Compiling src/google/protobuf/descriptor_database.cc [for tool]; 8s processwrapper-sandbox ... (4 actions running)
2026-10-07T02:20:46.4393840Z [777 / 944] Compiling src/google/protobuf/any.cc; 2s processwrapper-sandbox ... (4 actions running)
2026-10-07T02:20:47.4408249Z [779 / 944] Compiling src/google/protobuf/io/printer.cc; 2s processwrapper-sandbox ... (4 actions running)
2026-10-07T02:20:49.1148314Z [780 / 944] Compiling src/google/protobuf/io/printer.cc; 4s processwrapper-sandbox ... (4 actions, 3 running)
2026-10-07T02:20:50.4308606Z [782 / 944] Compiling src/google/protobuf/generated_message_reflection.cc [for tool]; 4s processwrapper-sandbox ... (4 actions, 3 running)
2026-10-07T02:20:51.4430756Z [783 / 944] Compiling src/google/protobuf/generated_message_reflection.cc [for tool]; 5s processwrapper-sandbox ... (4 actions running)
2026-10-07T02:20:52.3167898Z INFO: From Compiling src/google/protobuf/map.cc:
2026-10-07T02:20:52.3198165Z In file included from bazel-out/k8-opt/bin/external/protobuf+/src/google/protobuf/_virtual_includes/protobuf_lite/google/protobuf/generated_enum_util.h:20,
2026-10-07T02:20:52.3238139Z                  from bazel-out/k8-opt/bin/external/protobuf+/src/google/protobuf/_virtual_includes/protobuf_lite/google/protobuf/map.h:41,
2026-10-07T02:20:52.3267571Z                  from external/protobuf+/src/google/protobuf/map.cc:8:
2026-10-07T02:20:52.3268969Z In function 'const google::protobuf::internal::ClassData* google::protobuf::internal::GetClassData(const Type&) [with Type = google::protobuf::MessageLite]',
2026-10-07T02:20:52.3288970Z     inlined from 'google::protobuf::internal::Offsets google::protobuf::internal::AlignAndAddSizeDynamic(size_t, UntypedMapBase::TypeKind, const google::protobuf::MessageLite*, size_t&)' at external/protobuf+/src/google/protobuf/map.cc:229:38,
2026-10-07T02:20:52.3318696Z     inlined from 'static google::protobuf::internal::UntypedMapBase::TypeInfo google::protobuf::internal::UntypedMapBase::GetTypeInfoDynamic(TypeKind, TypeKind, const google::protobuf::MessageLite*)' at external/protobuf+/src/google/protobuf/map.cc:249:29:
2026-10-07T02:20:52.3328342Z bazel-out/k8-opt/bin/external/protobuf+/src/google/protobuf/_virtual_includes/protobuf_lite/google/protobuf/message_lite.h:1230:28: warning: 'this' pointer is null [-Wnonnull]
2026-10-07T02:20:52.3357617Z  1230 |     return msg.GetClassData();
2026-10-07T02:20:52.3387500Z       |            ~~~~~~~~~~~~~~~~^~
2026-10-07T02:20:52.7408509Z [785 / 944] Compiling src/google/protobuf/generated_message_reflection.cc [for tool]; 6s processwrapper-sandbox ... (4 actions, 3 running)
2026-10-07T02:20:54.4421948Z [786 / 944] Compiling src/google/protobuf/generated_message_reflection.cc [for tool]; 8s processwrapper-sandbox ... (4 actions running)
2026-10-07T02:20:55.4444094Z [787 / 944] Compiling src/google/protobuf/generated_message_reflection.cc [for tool]; 9s processwrapper-sandbox ... (4 actions running)
2026-10-07T02:20:56.7448537Z [788 / 944] Compiling src/google/protobuf/generated_message_reflection.cc [for tool]; 10s processwrapper-sandbox ... (4 actions, 3 running)
2026-10-07T02:20:58.4488435Z [789 / 944] Compiling src/google/protobuf/generated_message_reflection.cc [for tool]; 12s processwrapper-sandbox ... (4 actions running)
2026-10-07T02:20:58.5838309Z INFO: From Compiling src/google/protobuf/generated_message_reflection.cc [for tool]:
2026-10-07T02:20:58.5868682Z In file included from external/protobuf+/src/google/protobuf/generated_message_reflection.cc:51:
2026-10-07T02:20:58.5919212Z bazel-out/k8-opt-exec-ST-d57f47055a04/bin/external/protobuf+/src/google/protobuf/_virtual_includes/protobuf/google/protobuf/map_field.h: In constructor 'google::protobuf::internal::MapFieldBase::ReflectionPayload::ReflectionPayload(google::protobuf::Arena*, const google::protobuf::Message*)':
2026-10-07T02:20:58.5949728Z bazel-out/k8-opt-exec-ST-d57f47055a04/bin/external/protobuf+/src/google/protobuf/_virtual_includes/protobuf/google/protobuf/map_field.h:416:11: warning: 'google::protobuf::RepeatedPtrField<T>::RepeatedPtrField(google::protobuf::Arena*) [with Element = google::protobuf::Message]' is deprecated: Use Arena::Create<RepeatedPtrField<...>>(Arena*) instead [-Wdeprecated-declarations]
2026-10-07T02:20:58.6007579Z   416 |         : repeated_field_(arena), prototype_(prototype) {}
2026-10-07T02:20:58.6017640Z       |           ^~~~~~~~~~~~~~~~~~~~~~
2026-10-07T02:20:58.6078331Z In file included from bazel-out/k8-opt-exec-ST-d57f47055a04/bin/external/protobuf+/src/google/protobuf/_virtual_includes/protobuf_lite/google/protobuf/repeated_field.h:46,
2026-10-07T02:20:58.6118329Z                  from bazel-out/k8-opt-exec-ST-d57f47055a04/bin/external/protobuf+/src/google/protobuf/_virtual_includes/protobuf_lite/google/protobuf/parse_context.h:39,
2026-10-07T02:20:58.6136429Z                  from bazel-out/k8-opt-exec-ST-d57f47055a04/bin/external/protobuf+/src/google/protobuf/_virtual_includes/protobuf_lite/google/protobuf/generated_message_tctable_decl.h:25,
2026-10-07T02:20:58.6139072Z                  from bazel-out/k8-opt-exec-ST-d57f47055a04/bin/external/protobuf+/src/google/protobuf/_virtual_includes/protobuf_lite/google/protobuf/extension_set.h:40,
2026-10-07T02:20:58.6158188Z                  from bazel-out/k8-opt-exec-ST-d57f47055a04/bin/external/protobuf+/src/google/protobuf/_virtual_includes/protobuf/google/protobuf/descriptor.h:56,
2026-10-07T02:20:58.6161182Z                  from bazel-out/k8-opt-exec-ST-d57f47055a04/bin/external/protobuf+/src/google/protobuf/_virtual_includes/protobuf/google/protobuf/generated_message_reflection.h:26,
2026-10-07T02:20:58.6163327Z                  from external/protobuf+/src/google/protobuf/generated_message_reflection.cc:12:
2026-10-07T02:20:58.6165206Z bazel-out/k8-opt-exec-ST-d57f47055a04/bin/external/protobuf+/src/google/protobuf/_virtual_includes/protobuf_lite/google/protobuf/repeated_ptr_field.h:1380:8: note: declared here
2026-10-07T02:20:58.6167140Z  1380 | inline RepeatedPtrField<Element>::RepeatedPtrField(Arena* arena)
2026-10-07T02:20:58.6167988Z       |        ^~~~~~~~~~~~~~~~~~~~~~~~~
2026-10-07T02:20:58.6169749Z external/protobuf+/src/google/protobuf/generated_message_reflection.cc: In member function 'const google::protobuf::Message* google::protobuf::Reflection::GetDefaultMessageInstance(const google::protobuf::FieldDescriptor*) const':
2026-10-07T02:20:58.6172463Z external/protobuf+/src/google/protobuf/generated_message_reflection.cc:2526:55: warning: 'bool google::protobuf::FieldOptions::weak() const' is deprecated [-Wdeprecated-declarations]
2026-10-07T02:20:58.6174030Z  2526 |   if (!field->is_extension() && !field->options().weak() &&
2026-10-07T02:20:58.6174786Z       |                                  ~~~~~~~~~~~~~~~~~~~~~^~
2026-10-07T02:20:58.6175761Z In file included from external/protobuf+/src/google/protobuf/generated_message_reflection.cc:41:
2026-10-07T02:20:58.6177957Z bazel-out/k8-opt-exec-ST-d57f47055a04/bin/external/protobuf+/src/google/protobuf/_virtual_includes/protobuf/google/protobuf/descriptor.pb.h:18861:13: note: declared here
2026-10-07T02:20:58.6179817Z 18861 | inline bool FieldOptions::weak() const {
2026-10-07T02:20:58.6180560Z       |             ^~~~~~~~~~~~
2026-10-07T02:20:58.6181445Z In file included from external/abseil-cpp+/absl/log/internal/check_impl.h:20,
2026-10-07T02:20:58.6182478Z                  from external/abseil-cpp+/absl/log/absl_check.h:38,
2026-10-07T02:20:58.6184072Z                  from bazel-out/k8-opt-exec-ST-d57f47055a04/bin/external/protobuf+/src/google/protobuf/_virtual_includes/protobuf/google/protobuf/generated_message_reflection.h:25:
2026-10-07T02:20:58.6186844Z external/protobuf+/src/google/protobuf/generated_message_reflection.cc: In member function 'bool google::protobuf::Reflection::HasFieldWithHasbits(const google::protobuf::Message&, const google::protobuf::FieldDescriptor*) const':
2026-10-07T02:20:58.6190137Z external/protobuf+/src/google/protobuf/generated_message_reflection.cc:3290:37: warning: 'bool google::protobuf::FieldOptions::weak() const' is deprecated [-Wdeprecated-declarations]
2026-10-07T02:20:58.6191903Z  3290 |   ABSL_DCHECK(!field->options().weak());
2026-10-07T02:20:58.6192595Z       |                ~~~~~~~~~~~~~~~~~~~~~^~
2026-10-07T02:20:58.6193883Z external/abseil-cpp+/absl/log/internal/conditions.h:68:7: note: in definition of macro 'ABSL_LOG_INTERNAL_STATELESS_CONDITION'
2026-10-07T02:20:58.6195220Z    68 |     !(condition) ? (void)0 : ::absl::log_internal::Voidify() &&
2026-10-07T02:20:58.6196111Z       |       ^~~~~~~~~
2026-10-07T02:20:58.6197402Z external/abseil-cpp+/absl/log/internal/check_impl.h:26:3: note: in expansion of macro 'ABSL_LOG_INTERNAL_CONDITION_FATAL'
2026-10-07T02:20:58.6198795Z    26 |   ABSL_LOG_INTERNAL_CONDITION_FATAL(STATELESS,                        \
2026-10-07T02:20:58.6199978Z       |   ^~~~~~~~~~~~~~~~~~~~~~~~~~~~~~~~~
2026-10-07T02:20:58.6201075Z external/abseil-cpp+/absl/log/internal/check_impl.h:27:37: note: in expansion of macro 'ABSL_PREDICT_FALSE'
2026-10-07T02:20:58.6202185Z    27 |                                     ABSL_PREDICT_FALSE(!(condition))) \
2026-10-07T02:20:58.6203032Z       |                                     ^~~~~~~~~~~~~~~~~~
2026-10-07T02:20:58.6204157Z external/abseil-cpp+/absl/log/internal/check_impl.h:43:3: note: in expansion of macro 'ABSL_LOG_INTERNAL_CHECK_IMPL'
2026-10-07T02:20:58.6205464Z    43 |   ABSL_LOG_INTERNAL_CHECK_IMPL(true || (condition), "true")
2026-10-07T02:20:58.6206213Z       |   ^~~~~~~~~~~~~~~~~~~~~~~~~~~~
2026-10-07T02:20:58.6207489Z external/abseil-cpp+/absl/log/absl_check.h:47:3: note: in expansion of macro 'ABSL_LOG_INTERNAL_DCHECK_IMPL'
2026-10-07T02:20:58.6208966Z    47 |   ABSL_LOG_INTERNAL_DCHECK_IMPL((condition), #condition)
2026-10-07T02:20:58.6209817Z       |   ^~~~~~~~~~~~~~~~~~~~~~~~~~~~~
2026-10-07T02:20:58.6210956Z external/protobuf+/src/google/protobuf/generated_message_reflection.cc:3290:3: note: in expansion of macro 'ABSL_DCHECK'
2026-10-07T02:20:58.6212223Z  3290 |   ABSL_DCHECK(!field->options().weak());
2026-10-07T02:20:58.6212862Z       |   ^~~~~~~~~~~
2026-10-07T02:20:58.6214301Z bazel-out/k8-opt-exec-ST-d57f47055a04/bin/external/protobuf+/src/google/protobuf/_virtual_includes/protobuf/google/protobuf/descriptor.pb.h:18861:13: note: declared here
2026-10-07T02:20:58.6215863Z 18861 | inline bool FieldOptions::weak() const {
2026-10-07T02:20:58.6216540Z       |             ^~~~~~~~~~~~
2026-10-07T02:20:58.6218513Z external/protobuf+/src/google/protobuf/generated_message_reflection.cc: In member function 'void google::protobuf::Reflection::SetHasBit(google::protobuf::Message*, const google::protobuf::FieldDescriptor*) const':
2026-10-07T02:20:58.6229754Z external/protobuf+/src/google/protobuf/generated_message_reflection.cc:3323:37: warning: 'bool google::protobuf::FieldOptions::weak() const' is deprecated [-Wdeprecated-declarations]
2026-10-07T02:20:58.6231248Z  3323 |   ABSL_DCHECK(!field->options().weak());
2026-10-07T02:20:58.6231785Z       |                ~~~~~~~~~~~~~~~~~~~~~^~
2026-10-07T02:20:58.6232784Z external/abseil-cpp+/absl/log/internal/conditions.h:68:7: note: in definition of macro 'ABSL_LOG_INTERNAL_STATELESS_CONDITION'
2026-10-07T02:20:58.6233904Z    68 |     !(condition) ? (void)0 : ::absl::log_internal::Voidify() &&
2026-10-07T02:20:58.6234533Z       |       ^~~~~~~~~
2026-10-07T02:20:58.6235376Z external/abseil-cpp+/absl/log/internal/check_impl.h:26:3: note: in expansion of macro 'ABSL_LOG_INTERNAL_CONDITION_FATAL'
2026-10-07T02:20:58.6236473Z    26 |   ABSL_LOG_INTERNAL_CONDITION_FATAL(STATELESS,                        \
2026-10-07T02:20:58.6237438Z       |   ^~~~~~~~~~~~~~~~~~~~~~~~~~~~~~~~~
2026-10-07T02:20:58.6238346Z external/abseil-cpp+/absl/log/internal/check_impl.h:27:37: note: in expansion of macro 'ABSL_PREDICT_FALSE'
2026-10-07T02:20:58.6239324Z    27 |                                     ABSL_PREDICT_FALSE(!(condition))) \
2026-10-07T02:20:58.6239938Z       |                                     ^~~~~~~~~~~~~~~~~~
2026-10-07T02:20:58.6240861Z external/abseil-cpp+/absl/log/internal/check_impl.h:43:3: note: in expansion of macro 'ABSL_LOG_INTERNAL_CHECK_IMPL'
2026-10-07T02:20:58.6241881Z    43 |   ABSL_LOG_INTERNAL_CHECK_IMPL(true || (condition), "true")
2026-10-07T02:20:58.6242474Z       |   ^~~~~~~~~~~~~~~~~~~~~~~~~~~~
2026-10-07T02:20:58.6243314Z external/abseil-cpp+/absl/log/absl_check.h:47:3: note: in expansion of macro 'ABSL_LOG_INTERNAL_DCHECK_IMPL'
2026-10-07T02:20:58.6244317Z    47 |   ABSL_LOG_INTERNAL_DCHECK_IMPL((condition), #condition)
2026-10-07T02:20:58.6244906Z       |   ^~~~~~~~~~~~~~~~~~~~~~~~~~~~~
2026-10-07T02:20:58.6245878Z external/protobuf+/src/google/protobuf/generated_message_reflection.cc:3323:3: note: in expansion of macro 'ABSL_DCHECK'
2026-10-07T02:20:58.6247200Z  3323 |   ABSL_DCHECK(!field->options().weak());
2026-10-07T02:20:58.6248034Z       |   ^~~~~~~~~~~
2026-10-07T02:20:58.6249281Z bazel-out/k8-opt-exec-ST-d57f47055a04/bin/external/protobuf+/src/google/protobuf/_virtual_includes/protobuf/google/protobuf/descriptor.pb.h:18861:13: note: declared here
2026-10-07T02:20:58.6250716Z 18861 | inline bool FieldOptions::weak() const {
2026-10-07T02:20:58.6251241Z       |             ^~~~~~~~~~~~
2026-10-07T02:20:58.6252785Z external/protobuf+/src/google/protobuf/generated_message_reflection.cc: In member function 'void google::protobuf::Reflection::ClearHasBit(google::protobuf::Message*, const google::protobuf::FieldDescriptor*) const':
2026-10-07T02:20:58.6255217Z external/protobuf+/src/google/protobuf/generated_message_reflection.cc:3332:37: warning: 'bool google::protobuf::FieldOptions::weak() const' is deprecated [-Wdeprecated-declarations]
2026-10-07T02:20:58.6287251Z  3332 |   ABSL_DCHECK(!field->options().weak());
2026-10-07T02:20:58.6287877Z       |                ~~~~~~~~~~~~~~~~~~~~~^~
2026-10-07T02:20:58.6288939Z external/abseil-cpp+/absl/log/internal/conditions.h:68:7: note: in definition of macro 'ABSL_LOG_INTERNAL_STATELESS_CONDITION'
2026-10-07T02:20:58.6290116Z    68 |     !(condition) ? (void)0 : ::absl::log_internal::Voidify() &&
2026-10-07T02:20:58.6290791Z       |       ^~~~~~~~~
2026-10-07T02:20:58.6291659Z external/abseil-cpp+/absl/log/internal/check_impl.h:26:3: note: in expansion of macro 'ABSL_LOG_INTERNAL_CONDITION_FATAL'
2026-10-07T02:20:58.6292808Z    26 |   ABSL_LOG_INTERNAL_CONDITION_FATAL(STATELESS,                        \
2026-10-07T02:20:58.6293490Z       |   ^~~~~~~~~~~~~~~~~~~~~~~~~~~~~~~~~
2026-10-07T02:20:58.6294372Z external/abseil-cpp+/absl/log/internal/check_impl.h:27:37: note: in expansion of macro 'ABSL_PREDICT_FALSE'
2026-10-07T02:20:58.6295373Z    27 |                                     ABSL_PREDICT_FALSE(!(condition))) \
2026-10-07T02:20:58.6296021Z       |                                     ^~~~~~~~~~~~~~~~~~
2026-10-07T02:20:58.6297235Z external/abseil-cpp+/absl/log/internal/check_impl.h:43:3: note: in expansion of macro 'ABSL_LOG_INTERNAL_CHECK_IMPL'
2026-10-07T02:20:58.6298327Z    43 |   ABSL_LOG_INTERNAL_CHECK_IMPL(true || (condition), "true")
2026-10-07T02:20:58.6298916Z       |   ^~~~~~~~~~~~~~~~~~~~~~~~~~~~
2026-10-07T02:20:58.6299746Z external/abseil-cpp+/absl/log/absl_check.h:47:3: note: in expansion of macro 'ABSL_LOG_INTERNAL_DCHECK_IMPL'
2026-10-07T02:20:58.6300801Z    47 |   ABSL_LOG_INTERNAL_DCHECK_IMPL((condition), #condition)
2026-10-07T02:20:58.6301391Z       |   ^~~~~~~~~~~~~~~~~~~~~~~~~~~~~
2026-10-07T02:20:58.6302352Z external/protobuf+/src/google/protobuf/generated_message_reflection.cc:3332:3: note: in expansion of macro 'ABSL_DCHECK'
2026-10-07T02:20:58.6303402Z  3332 |   ABSL_DCHECK(!field->options().weak());
2026-10-07T02:20:58.6303907Z       |   ^~~~~~~~~~~
2026-10-07T02:20:58.6305124Z bazel-out/k8-opt-exec-ST-d57f47055a04/bin/external/protobuf+/src/google/protobuf/_virtual_includes/protobuf/google/protobuf/descriptor.pb.h:18861:13: note: declared here
2026-10-07T02:20:58.6306552Z 18861 | inline bool FieldOptions::weak() const {
2026-10-07T02:20:58.6307343Z       |             ^~~~~~~~~~~~
2026-10-07T02:20:58.6309065Z external/protobuf+/src/google/protobuf/generated_message_reflection.cc: In member function 'void google::protobuf::Reflection::NaiveSwapHasBit(google::protobuf::Message*, google::protobuf::Message*, const google::protobuf::FieldDescriptor*) const':
2026-10-07T02:20:58.6311780Z external/protobuf+/src/google/protobuf/generated_message_reflection.cc:3341:37: warning: 'bool google::protobuf::FieldOptions::weak() const' is deprecated [-Wdeprecated-declarations]
2026-10-07T02:20:58.6313205Z  3341 |   ABSL_DCHECK(!field->options().weak());
2026-10-07T02:20:58.6347560Z       |                ~~~~~~~~~~~~~~~~~~~~~^~
2026-10-07T02:20:58.6348648Z external/abseil-cpp+/absl/log/internal/conditions.h:68:7: note: in definition of macro 'ABSL_LOG_INTERNAL_STATELESS_CONDITION'
2026-10-07T02:20:58.6349837Z    68 |     !(condition) ? (void)0 : ::absl::log_internal::Voidify() &&
2026-10-07T02:20:58.6350747Z       |       ^~~~~~~~~
2026-10-07T02:20:58.6351638Z external/abseil-cpp+/absl/log/internal/check_impl.h:26:3: note: in expansion of macro 'ABSL_LOG_INTERNAL_CONDITION_FATAL'
2026-10-07T02:20:58.6352801Z    26 |   ABSL_LOG_INTERNAL_CONDITION_FATAL(STATELESS,                        \
2026-10-07T02:20:58.6353488Z       |   ^~~~~~~~~~~~~~~~~~~~~~~~~~~~~~~~~
2026-10-07T02:20:58.6354362Z external/abseil-cpp+/absl/log/internal/check_impl.h:27:37: note: in expansion of macro 'ABSL_PREDICT_FALSE'
2026-10-07T02:20:58.6355328Z    27 |                                     ABSL_PREDICT_FALSE(!(condition))) \
2026-10-07T02:20:58.6355967Z       |                                     ^~~~~~~~~~~~~~~~~~
2026-10-07T02:20:58.6357181Z external/abseil-cpp+/absl/log/internal/check_impl.h:43:3: note: in expansion of macro 'ABSL_LOG_INTERNAL_CHECK_IMPL'
2026-10-07T02:20:58.6358566Z    43 |   ABSL_LOG_INTERNAL_CHECK_IMPL(true || (condition), "true")
2026-10-07T02:20:58.6359195Z       |   ^~~~~~~~~~~~~~~~~~~~~~~~~~~~
2026-10-07T02:20:58.6360036Z external/abseil-cpp+/absl/log/absl_check.h:47:3: note: in expansion of macro 'ABSL_LOG_INTERNAL_DCHECK_IMPL'
2026-10-07T02:20:58.6361025Z    47 |   ABSL_LOG_INTERNAL_DCHECK_IMPL((condition), #condition)
2026-10-07T02:20:58.6361618Z       |   ^~~~~~~~~~~~~~~~~~~~~~~~~~~~~
2026-10-07T02:20:58.6362553Z external/protobuf+/src/google/protobuf/generated_message_reflection.cc:3341:3: note: in expansion of macro 'ABSL_DCHECK'
2026-10-07T02:20:58.6363603Z  3341 |   ABSL_DCHECK(!field->options().weak());
2026-10-07T02:20:58.6364108Z       |   ^~~~~~~~~~~
2026-10-07T02:20:58.6365339Z bazel-out/k8-opt-exec-ST-d57f47055a04/bin/external/protobuf+/src/google/protobuf/_virtual_includes/protobuf/google/protobuf/descriptor.pb.h:18861:13: note: declared here
2026-10-07T02:20:58.6366730Z 18861 | inline bool FieldOptions::weak() const {
2026-10-07T02:20:58.6367610Z       |             ^~~~~~~~~~~~
2026-10-07T02:20:58.6372336Z bazel-out/k8-opt-exec-ST-d57f47055a04/bin/external/protobuf+/src/google/protobuf/_virtual_includes/protobuf/google/protobuf/reflection_visit_fields.h: In instantiation of 'static void google::protobuf::internal::ReflectionVisit::VisitFields(MessageT&, CallbackFn&&, google::protobuf::internal::FieldMask) [with MessageT = google::protobuf::Message; CallbackFn = google::protobuf::internal::ReflectionVisit::VisitMessageFields<google::protobuf::Reflection::MaybePoisonAfterClear(google::protobuf::Message&) const::<lambda(google::protobuf::Message&)> >(google::protobuf::Message&, google::protobuf::Reflection::MaybePoisonAfterClear(google::protobuf::Message&) const::<lambda(google::protobuf::Message&)>&&)::<lambda(auto:42)>]':
2026-10-07T02:20:58.6400140Z bazel-out/k8-opt-exec-ST-d57f47055a04/bin/external/protobuf+/src/google/protobuf/_virtual_includes/protobuf/google/protobuf/reflection_visit_fields.h:447:31:   required from 'static void google::protobuf::internal::ReflectionVisit::VisitMessageFields(google::protobuf::Message&, CallbackFn&&) [with CallbackFn = google::protobuf::Reflection::MaybePoisonAfterClear(google::protobuf::Message&) const::<lambda(google::protobuf::Message&)>]'
2026-10-07T02:20:58.6405569Z bazel-out/k8-opt-exec-ST-d57f47055a04/bin/external/protobuf+/src/google/protobuf/_virtual_includes/protobuf/google/protobuf/reflection_visit_fields.h:502:38:   required from 'void google::protobuf::internal::VisitMutableMessageFields(google::protobuf::Message&, CallbackFn&&) [with CallbackFn = google::protobuf::Reflection::MaybePoisonAfterClear(google::protobuf::Message&) const::<lambda(google::protobuf::Message&)>]'
2026-10-07T02:20:58.6409134Z external/protobuf+/src/google/protobuf/generated_message_reflection.cc:1390:40:   required from here
2026-10-07T02:20:58.6411479Z bazel-out/k8-opt-exec-ST-d57f47055a04/bin/external/protobuf+/src/google/protobuf/_virtual_includes/protobuf/google/protobuf/reflection_visit_fields.h:109:39: warning: 'bool google::protobuf::FieldOptions::weak() const' is deprecated [-Wdeprecated-declarations]
2026-10-07T02:20:58.6413898Z   109 |     ABSL_DCHECK(!field->options().weak()) << "weak fields are not supported";
2026-10-07T02:20:58.6414634Z       |                  ~~~~~~~~~~~~~~~~~~~~~^~
2026-10-07T02:20:58.6415673Z external/abseil-cpp+/absl/log/internal/conditions.h:68:7: note: in definition of macro 'ABSL_LOG_INTERNAL_STATELESS_CONDITION'
2026-10-07T02:20:58.6416821Z    68 |     !(condition) ? (void)0 : ::absl::log_internal::Voidify() &&
2026-10-07T02:20:58.6417805Z       |       ^~~~~~~~~
2026-10-07T02:20:58.6418679Z external/abseil-cpp+/absl/log/internal/check_impl.h:26:3: note: in expansion of macro 'ABSL_LOG_INTERNAL_CONDITION_FATAL'
2026-10-07T02:20:58.6419840Z    26 |   ABSL_LOG_INTERNAL_CONDITION_FATAL(STATELESS,                        \
2026-10-07T02:20:58.6420515Z       |   ^~~~~~~~~~~~~~~~~~~~~~~~~~~~~~~~~
2026-10-07T02:20:58.6421634Z external/abseil-cpp+/absl/log/internal/check_impl.h:27:37: note: in expansion of macro 'ABSL_PREDICT_FALSE'
2026-10-07T02:20:58.6422606Z    27 |                                     ABSL_PREDICT_FALSE(!(condition))) \
2026-10-07T02:20:58.6423259Z       |                                     ^~~~~~~~~~~~~~~~~~
2026-10-07T02:20:58.6424244Z external/abseil-cpp+/absl/log/internal/check_impl.h:43:3: note: in expansion of macro 'ABSL_LOG_INTERNAL_CHECK_IMPL'
2026-10-07T02:20:58.6425335Z    43 |   ABSL_LOG_INTERNAL_CHECK_IMPL(true || (condition), "true")
2026-10-07T02:20:58.6425922Z       |   ^~~~~~~~~~~~~~~~~~~~~~~~~~~~
2026-10-07T02:20:58.6426780Z external/abseil-cpp+/absl/log/absl_check.h:47:3: note: in expansion of macro 'ABSL_LOG_INTERNAL_DCHECK_IMPL'
2026-10-07T02:20:58.6446660Z    47 |   ABSL_LOG_INTERNAL_DCHECK_IMPL((condition), #condition)
2026-10-07T02:20:58.6447536Z       |   ^~~~~~~~~~~~~~~~~~~~~~~~~~~~~
2026-10-07T02:20:58.6449059Z bazel-out/k8-opt-exec-ST-d57f47055a04/bin/external/protobuf+/src/google/protobuf/_virtual_includes/protobuf/google/protobuf/reflection_visit_fields.h:109:5: note: in expansion of macro 'ABSL_DCHECK'
2026-10-07T02:20:58.6450823Z   109 |     ABSL_DCHECK(!field->options().weak()) << "weak fields are not supported";
2026-10-07T02:20:58.6451530Z       |     ^~~~~~~~~~~
2026-10-07T02:20:58.6452784Z bazel-out/k8-opt-exec-ST-d57f47055a04/bin/external/protobuf+/src/google/protobuf/_virtual_includes/protobuf/google/protobuf/descriptor.pb.h:18861:13: note: declared here
2026-10-07T02:20:58.6454190Z 18861 | inline bool FieldOptions::weak() const {
2026-10-07T02:20:58.6454706Z       |             ^~~~~~~~~~~~
2026-10-07T02:20:58.6456555Z bazel-out/k8-opt-exec-ST-d57f47055a04/bin/external/protobuf+/src/google/protobuf/_virtual_includes/protobuf/google/protobuf/reflection_visit_fields.h:109:39: warning: 'bool google::protobuf::FieldOptions::weak() const' is deprecated [-Wdeprecated-declarations]
2026-10-07T02:20:58.6458898Z   109 |     ABSL_DCHECK(!field->options().weak()) << "weak fields are not supported";
2026-10-07T02:20:58.6459666Z       |                  ~~~~~~~~~~~~~~~~~~~~~^~
2026-10-07T02:20:58.6460660Z external/abseil-cpp+/absl/log/internal/conditions.h:68:7: note: in definition of macro 'ABSL_LOG_INTERNAL_STATELESS_CONDITION'
2026-10-07T02:20:58.6461806Z    68 |     !(condition) ? (void)0 : ::absl::log_internal::Voidify() &&
2026-10-07T02:20:58.6462394Z       |       ^~~~~~~~~
2026-10-07T02:20:58.6463266Z external/abseil-cpp+/absl/log/internal/check_impl.h:26:3: note: in expansion of macro 'ABSL_LOG_INTERNAL_CONDITION_FATAL'
2026-10-07T02:20:58.6464401Z    26 |   ABSL_LOG_INTERNAL_CONDITION_FATAL(STATELESS,                        \
2026-10-07T02:20:58.6465080Z       |   ^~~~~~~~~~~~~~~~~~~~~~~~~~~~~~~~~
2026-10-07T02:20:58.6465955Z external/abseil-cpp+/absl/log/internal/check_impl.h:27:37: note: in expansion of macro 'ABSL_PREDICT_FALSE'
2026-10-07T02:20:58.6467431Z    27 |                                     ABSL_PREDICT_FALSE(!(condition))) \
2026-10-07T02:20:58.6468118Z       |                                     ^~~~~~~~~~~~~~~~~~
2026-10-07T02:20:58.6469138Z external/abseil-cpp+/absl/log/internal/check_impl.h:43:3: note: in expansion of macro 'ABSL_LOG_INTERNAL_CHECK_IMPL'
2026-10-07T02:20:58.6470515Z    43 |   ABSL_LOG_INTERNAL_CHECK_IMPL(true || (condition), "true")
2026-10-07T02:20:58.6471122Z       |   ^~~~~~~~~~~~~~~~~~~~~~~~~~~~
2026-10-07T02:20:58.6471977Z external/abseil-cpp+/absl/log/absl_check.h:47:3: note: in expansion of macro 'ABSL_LOG_INTERNAL_DCHECK_IMPL'
2026-10-07T02:20:58.6472961Z    47 |   ABSL_LOG_INTERNAL_DCHECK_IMPL((condition), #condition)
2026-10-07T02:20:58.6473514Z       |   ^~~~~~~~~~~~~~~~~~~~~~~~~~~~~
2026-10-07T02:20:58.6474993Z bazel-out/k8-opt-exec-ST-d57f47055a04/bin/external/protobuf+/src/google/protobuf/_virtual_includes/protobuf/google/protobuf/reflection_visit_fields.h:109:5: note: in expansion of macro 'ABSL_DCHECK'
2026-10-07T02:20:58.6476757Z   109 |     ABSL_DCHECK(!field->options().weak()) << "weak fields are not supported";
2026-10-07T02:20:58.6477757Z       |     ^~~~~~~~~~~
2026-10-07T02:20:58.6479302Z bazel-out/k8-opt-exec-ST-d57f47055a04/bin/external/protobuf+/src/google/protobuf/_virtual_includes/protobuf/google/protobuf/descriptor.pb.h:18861:13: note: declared here
2026-10-07T02:20:58.6480743Z 18861 | inline bool FieldOptions::weak() const {
2026-10-07T02:20:58.6481261Z       |             ^~~~~~~~~~~~
2026-10-07T02:20:59.4488476Z [792 / 944] Compiling src/google/protobuf/descriptor.cc; 9s processwrapper-sandbox ... (4 actions running)
2026-10-07T02:21:00.4980224Z [794 / 944] Compiling src/google/protobuf/descriptor.cc; 10s processwrapper-sandbox ... (4 actions, 3 running)
2026-10-07T02:21:02.4008366Z [795 / 944] Compiling src/google/protobuf/descriptor.cc; 12s processwrapper-sandbox ... (4 actions, 3 running)
2026-10-07T02:21:03.4498252Z [795 / 944] Compiling src/google/protobuf/descriptor.cc; 13s processwrapper-sandbox ... (4 actions running)
2026-10-07T02:21:04.4501419Z [797 / 944] Compiling src/google/protobuf/descriptor.cc; 14s processwrapper-sandbox ... (4 actions running)
2026-10-07T02:21:06.5944350Z [798 / 944] Compiling src/google/protobuf/descriptor.cc; 16s processwrapper-sandbox ... (4 actions, 3 running)
2026-10-07T02:21:08.4506850Z [800 / 944] Compiling src/google/protobuf/descriptor.cc; 18s processwrapper-sandbox ... (4 actions running)
2026-10-07T02:21:09.4528187Z [802 / 944] Compiling src/google/protobuf/descriptor.cc; 19s processwrapper-sandbox ... (4 actions running)
2026-10-07T02:21:09.7298157Z INFO: From Compiling src/google/protobuf/util/message_differencer.cc:
2026-10-07T02:21:09.7308046Z In file included from external/protobuf+/src/google/protobuf/util/message_differencer.cc:36:
2026-10-07T02:21:09.7349159Z bazel-out/k8-opt/bin/external/protobuf+/src/google/protobuf/_virtual_includes/protobuf/google/protobuf/map_field.h: In constructor 'google::protobuf::internal::MapFieldBase::ReflectionPayload::ReflectionPayload(google::protobuf::Arena*, const google::protobuf::Message*)':
2026-10-07T02:21:09.7372831Z bazel-out/k8-opt/bin/external/protobuf+/src/google/protobuf/_virtual_includes/protobuf/google/protobuf/map_field.h:416:11: warning: 'google::protobuf::RepeatedPtrField<T>::RepeatedPtrField(google::protobuf::Arena*) [with Element = google::protobuf::Message]' is deprecated: Use Arena::Create<RepeatedPtrField<...>>(Arena*) instead [-Wdeprecated-declarations]
2026-10-07T02:21:09.7376169Z   416 |         : repeated_field_(arena), prototype_(prototype) {}
2026-10-07T02:21:09.7377153Z       |           ^~~~~~~~~~~~~~~~~~~~~~
2026-10-07T02:21:09.7378488Z In file included from bazel-out/k8-opt/bin/external/protobuf+/src/google/protobuf/_virtual_includes/protobuf_lite/google/protobuf/repeated_field.h:46,
2026-10-07T02:21:09.7380392Z                  from bazel-out/k8-opt/bin/external/protobuf+/src/google/protobuf/_virtual_includes/protobuf_lite/google/protobuf/parse_context.h:39,
2026-10-07T02:21:09.7383764Z                  from bazel-out/k8-opt/bin/external/protobuf+/src/google/protobuf/_virtual_includes/protobuf_lite/google/protobuf/generated_message_tctable_decl.h:25,
2026-10-07T02:21:09.7385803Z                  from bazel-out/k8-opt/bin/external/protobuf+/src/google/protobuf/_virtual_includes/protobuf_lite/google/protobuf/extension_set.h:40,
2026-10-07T02:21:09.7388289Z                  from bazel-out/k8-opt/bin/external/protobuf+/src/google/protobuf/_virtual_includes/protobuf/google/protobuf/descriptor.h:56,
2026-10-07T02:21:09.7390348Z                  from bazel-out/k8-opt/bin/external/protobuf+/src/google/protobuf/util/_virtual_includes/differencer/google/protobuf/util/message_differencer.h:33,
2026-10-07T02:21:09.7392080Z                  from external/protobuf+/src/google/protobuf/util/message_differencer.cc:12:
2026-10-07T02:21:09.7393831Z bazel-out/k8-opt/bin/external/protobuf+/src/google/protobuf/_virtual_includes/protobuf_lite/google/protobuf/repeated_ptr_field.h:1380:8: note: declared here
2026-10-07T02:21:09.7395439Z  1380 | inline RepeatedPtrField<Element>::RepeatedPtrField(Arena* arena)
2026-10-07T02:21:09.7396289Z       |        ^~~~~~~~~~~~~~~~~~~~~~~~~
2026-10-07T02:21:10.4590602Z [804 / 944] Compiling src/google/protobuf/descriptor.cc; 20s processwrapper-sandbox ... (4 actions running)
2026-10-07T02:21:11.4597119Z [805 / 944] Compiling src/google/protobuf/descriptor.cc; 21s processwrapper-sandbox ... (4 actions running)
2026-10-07T02:21:12.6555243Z [806 / 944] Compiling src/google/protobuf/descriptor.cc; 22s processwrapper-sandbox ... (4 actions, 3 running)
2026-10-07T02:21:14.1398260Z [807 / 944] Compiling src/google/protobuf/descriptor.cc; 24s processwrapper-sandbox ... (4 actions, 3 running)
2026-10-07T02:21:15.4608121Z [809 / 944] Compiling src/google/protobuf/descriptor.cc; 25s processwrapper-sandbox ... (4 actions running)
2026-10-07T02:21:18.3468044Z INFO: From Compiling src/google/protobuf/descriptor.cc:
2026-10-07T02:21:18.3489486Z external/protobuf+/src/google/protobuf/descriptor.cc: In member function 'void google::protobuf::FieldDescriptor::DebugString(int, std::string*, const google::protobuf::DebugStringOptions&) const':
2026-10-07T02:21:18.3521547Z external/protobuf+/src/google/protobuf/descriptor.cc:3953:65: warning: 'bool google::protobuf::FieldDescriptor::has_optional_keyword() const' is deprecated: Use has_presence() instead. [-Wdeprecated-declarations]
2026-10-07T02:21:18.3557785Z  3953 |       (!is_required() && !is_repeated() && !has_optional_keyword())) {
2026-10-07T02:21:18.3587806Z       |                                             ~~~~~~~~~~~~~~~~~~~~^~
2026-10-07T02:21:18.3614919Z In file included from external/protobuf+/src/google/protobuf/descriptor.cc:12:
2026-10-07T02:21:18.3648286Z bazel-out/k8-opt/bin/external/protobuf+/src/google/protobuf/_virtual_includes/protobuf/google/protobuf/descriptor.h:1136:8: note: declared here
2026-10-07T02:21:18.3677567Z  1136 |   bool has_optional_keyword() const;
2026-10-07T02:21:18.3707522Z       |        ^~~~~~~~~~~~~~~~~~~~
2026-10-07T02:21:18.3738710Z external/protobuf+/src/google/protobuf/descriptor.cc: In member function 'void google::protobuf::DescriptorBuilder::CrossLinkField(google::protobuf::FieldDescriptor*, const google::protobuf::FieldDescriptorProto&)':
2026-10-07T02:21:18.3768479Z external/protobuf+/src/google/protobuf/descriptor.cc:7982:65: warning: 'bool google::protobuf::FieldOptions::weak() const' is deprecated [-Wdeprecated-declarations]
2026-10-07T02:21:18.3797610Z  7982 |     bool is_weak = !pool_->enforce_weak_ && proto.options().weak();
2026-10-07T02:21:18.3827497Z       |                                             ~~~~~~~~~~~~~~~~~~~~^~
2026-10-07T02:21:18.3858137Z In file included from bazel-out/k8-opt/bin/external/protobuf+/src/google/protobuf/_virtual_includes/protobuf/google/protobuf/cpp_features.pb.h:33,
2026-10-07T02:21:18.3887639Z                  from external/protobuf+/src/google/protobuf/descriptor.cc:72:
2026-10-07T02:21:18.3918166Z bazel-out/k8-opt/bin/external/protobuf+/src/google/protobuf/_virtual_includes/protobuf/google/protobuf/descriptor.pb.h:18861:13: note: declared here
2026-10-07T02:21:18.3947537Z 18861 | inline bool FieldOptions::weak() const {
2026-10-07T02:21:18.3977479Z       |             ^~~~~~~~~~~~
2026-10-07T02:21:18.4008574Z external/protobuf+/src/google/protobuf/descriptor.cc: In function 'google::protobuf::internal::cpp::HasbitMode google::protobuf::internal::cpp::GetFieldHasbitModeWithoutProfile(const google::protobuf::FieldDescriptor*)':
2026-10-07T02:21:18.4038216Z external/protobuf+/src/google/protobuf/descriptor.cc:10700:62: warning: 'bool google::protobuf::FieldOptions::weak() const' is deprecated [-Wdeprecated-declarations]
2026-10-07T02:21:18.4067594Z 10700 |   if (field->real_containing_oneof() || field->options().weak() ||
2026-10-07T02:21:18.4097472Z       |                                         ~~~~~~~~~~~~~~~~~~~~~^~
2026-10-07T02:21:18.4128128Z bazel-out/k8-opt/bin/external/protobuf+/src/google/protobuf/_virtual_includes/protobuf/google/protobuf/descriptor.pb.h:18861:13: note: declared here
2026-10-07T02:21:18.4157511Z 18861 | inline bool FieldOptions::weak() const {
2026-10-07T02:21:18.4187411Z       |             ^~~~~~~~~~~~
2026-10-07T02:21:18.4218464Z [810 / 944] Compiling src/google/protobuf/descriptor.cc [for tool]; 9s processwrapper-sandbox ... (4 actions, 3 running)
2026-10-07T02:21:19.4058454Z [812 / 944] Compiling src/google/protobuf/descriptor.cc [for tool]; 10s processwrapper-sandbox ... (4 actions, 3 running)
2026-10-07T02:21:20.4615997Z [812 / 944] Compiling src/google/protobuf/descriptor.cc [for tool]; 11s processwrapper-sandbox ... (4 actions running)
2026-10-07T02:21:21.5628646Z [813 / 944] Compiling src/google/protobuf/descriptor.cc [for tool]; 12s processwrapper-sandbox ... (4 actions, 3 running)
2026-10-07T02:21:22.8773500Z [815 / 944] Compiling src/google/protobuf/descriptor.cc [for tool]; 13s processwrapper-sandbox ... (4 actions, 3 running)
2026-10-07T02:21:24.4638329Z [816 / 944] Compiling src/google/protobuf/descriptor.cc [for tool]; 15s processwrapper-sandbox ... (4 actions running)
2026-10-07T02:21:26.1943791Z [817 / 944] Compiling src/google/protobuf/descriptor.cc [for tool]; 16s processwrapper-sandbox ... (4 actions, 3 running)
2026-10-07T02:21:27.4628278Z [818 / 944] Compiling src/google/protobuf/descriptor.cc [for tool]; 18s processwrapper-sandbox ... (4 actions running)
2026-10-07T02:21:28.0278115Z INFO: From Compiling src/google/protobuf/wire_format.cc:
2026-10-07T02:21:28.0307937Z In file included from external/protobuf+/src/google/protobuf/wire_format.cc:31:
2026-10-07T02:21:28.0329005Z bazel-out/k8-opt/bin/external/protobuf+/src/google/protobuf/_virtual_includes/protobuf/google/protobuf/map_field.h: In constructor 'google::protobuf::internal::MapFieldBase::ReflectionPayload::ReflectionPayload(google::protobuf::Arena*, const google::protobuf::Message*)':
2026-10-07T02:21:28.0349458Z bazel-out/k8-opt/bin/external/protobuf+/src/google/protobuf/_virtual_includes/protobuf/google/protobuf/map_field.h:416:11: warning: 'google::protobuf::RepeatedPtrField<T>::RepeatedPtrField(google::protobuf::Arena*) [with Element = google::protobuf::Message]' is deprecated: Use Arena::Create<RepeatedPtrField<...>>(Arena*) instead [-Wdeprecated-declarations]
2026-10-07T02:21:28.0352350Z   416 |         : repeated_field_(arena), prototype_(prototype) {}
2026-10-07T02:21:28.0387429Z       |           ^~~~~~~~~~~~~~~~~~~~~~
2026-10-07T02:21:28.0392555Z In file included from bazel-out/k8-opt/bin/external/protobuf+/src/google/protobuf/_virtual_includes/protobuf_lite/google/protobuf/repeated_field.h:46,
2026-10-07T02:21:28.0395126Z                  from bazel-out/k8-opt/bin/external/protobuf+/src/google/protobuf/_virtual_includes/protobuf_lite/google/protobuf/parse_context.h:39,
2026-10-07T02:21:28.0397865Z                  from bazel-out/k8-opt/bin/external/protobuf+/src/google/protobuf/_virtual_includes/protobuf_lite/google/protobuf/generated_message_tctable_decl.h:25,
2026-10-07T02:21:28.0399982Z                  from bazel-out/k8-opt/bin/external/protobuf+/src/google/protobuf/_virtual_includes/protobuf_lite/google/protobuf/extension_set.h:40,
2026-10-07T02:21:28.0401971Z                  from bazel-out/k8-opt/bin/external/protobuf+/src/google/protobuf/_virtual_includes/protobuf/google/protobuf/descriptor.h:56,
2026-10-07T02:21:28.0404168Z                  from bazel-out/k8-opt/bin/external/protobuf+/src/google/protobuf/_virtual_includes/protobuf/google/protobuf/wire_format.h:26,
2026-10-07T02:21:28.0405683Z                  from external/protobuf+/src/google/protobuf/wire_format.cc:12:
2026-10-07T02:21:28.0407545Z bazel-out/k8-opt/bin/external/protobuf+/src/google/protobuf/_virtual_includes/protobuf_lite/google/protobuf/repeated_ptr_field.h:1380:8: note: declared here
2026-10-07T02:21:28.0409187Z  1380 | inline RepeatedPtrField<Element>::RepeatedPtrField(Arena* arena)
2026-10-07T02:21:28.0410061Z       |        ^~~~~~~~~~~~~~~~~~~~~~~~~
2026-10-07T02:21:28.4658162Z [819 / 944] Compiling src/google/protobuf/descriptor.cc [for tool]; 19s processwrapper-sandbox ... (4 actions running)
2026-10-07T02:21:29.5798468Z [820 / 944] Compiling src/google/protobuf/descriptor.cc [for tool]; 20s processwrapper-sandbox ... (4 actions, 3 running)
2026-10-07T02:21:30.9829919Z [821 / 944] Compiling src/google/protobuf/descriptor.cc [for tool]; 21s processwrapper-sandbox ... (4 actions, 3 running)
2026-10-07T02:21:32.4678337Z [821 / 944] Compiling src/google/protobuf/descriptor.cc [for tool]; 23s processwrapper-sandbox ... (4 actions running)
2026-10-07T02:21:33.4678289Z [823 / 944] Compiling src/google/protobuf/descriptor.cc [for tool]; 24s processwrapper-sandbox ... (4 actions running)
2026-10-07T02:21:35.5784098Z [824 / 944] Compiling src/google/protobuf/descriptor.cc [for tool]; 26s processwrapper-sandbox ... (4 actions, 3 running)
2026-10-07T02:21:36.6726367Z [825 / 944] Compiling src/google/protobuf/descriptor.cc [for tool]; 27s processwrapper-sandbox ... (4 actions, 3 running)
2026-10-07T02:21:37.6343898Z INFO: From Compiling src/google/protobuf/descriptor.cc [for tool]:
2026-10-07T02:21:37.6367499Z external/protobuf+/src/google/protobuf/descriptor.cc: In member function 'void google::protobuf::FieldDescriptor::DebugString(int, std::string*, const google::protobuf::DebugStringOptions&) const':
2026-10-07T02:21:37.6408857Z external/protobuf+/src/google/protobuf/descriptor.cc:3953:65: warning: 'bool google::protobuf::FieldDescriptor::has_optional_keyword() const' is deprecated: Use has_presence() instead. [-Wdeprecated-declarations]
2026-10-07T02:21:37.6410949Z  3953 |       (!is_required() && !is_repeated() && !has_optional_keyword())) {
2026-10-07T02:21:37.6437693Z       |                                             ~~~~~~~~~~~~~~~~~~~~^~
2026-10-07T02:21:37.6467897Z In file included from external/protobuf+/src/google/protobuf/descriptor.cc:12:
2026-10-07T02:21:37.6486554Z bazel-out/k8-opt-exec-ST-d57f47055a04/bin/external/protobuf+/src/google/protobuf/_virtual_includes/protobuf/google/protobuf/descriptor.h:1136:8: note: declared here
2026-10-07T02:21:37.6492870Z  1136 |   bool has_optional_keyword() const;
2026-10-07T02:21:37.6493657Z       |        ^~~~~~~~~~~~~~~~~~~~
2026-10-07T02:21:37.6495483Z external/protobuf+/src/google/protobuf/descriptor.cc: In member function 'void google::protobuf::DescriptorBuilder::CrossLinkField(google::protobuf::FieldDescriptor*, const google::protobuf::FieldDescriptorProto&)':
2026-10-07T02:21:37.6498745Z external/protobuf+/src/google/protobuf/descriptor.cc:7982:65: warning: 'bool google::protobuf::FieldOptions::weak() const' is deprecated [-Wdeprecated-declarations]
2026-10-07T02:21:37.6500389Z  7982 |     bool is_weak = !pool_->enforce_weak_ && proto.options().weak();
2026-10-07T02:21:37.6501315Z       |                                             ~~~~~~~~~~~~~~~~~~~~^~
2026-10-07T02:21:37.6502960Z In file included from bazel-out/k8-opt-exec-ST-d57f47055a04/bin/external/protobuf+/src/google/protobuf/_virtual_includes/protobuf/google/protobuf/cpp_features.pb.h:33,
2026-10-07T02:21:37.6504716Z                  from external/protobuf+/src/google/protobuf/descriptor.cc:72:
2026-10-07T02:21:37.6507851Z bazel-out/k8-opt-exec-ST-d57f47055a04/bin/external/protobuf+/src/google/protobuf/_virtual_includes/protobuf/google/protobuf/descriptor.pb.h:18861:13: note: declared here
2026-10-07T02:21:37.6509496Z 18861 | inline bool FieldOptions::weak() const {
2026-10-07T02:21:37.6510526Z       |             ^~~~~~~~~~~~
2026-10-07T02:21:37.6512301Z external/protobuf+/src/google/protobuf/descriptor.cc: In function 'google::protobuf::internal::cpp::HasbitMode google::protobuf::internal::cpp::GetFieldHasbitModeWithoutProfile(const google::protobuf::FieldDescriptor*)':
2026-10-07T02:21:37.6514929Z external/protobuf+/src/google/protobuf/descriptor.cc:10700:62: warning: 'bool google::protobuf::FieldOptions::weak() const' is deprecated [-Wdeprecated-declarations]
2026-10-07T02:21:37.6516654Z 10700 |   if (field->real_containing_oneof() || field->options().weak() ||
2026-10-07T02:21:37.6518060Z       |                                         ~~~~~~~~~~~~~~~~~~~~~^~
2026-10-07T02:21:37.6519692Z bazel-out/k8-opt-exec-ST-d57f47055a04/bin/external/protobuf+/src/google/protobuf/_virtual_includes/protobuf/google/protobuf/descriptor.pb.h:18861:13: note: declared here
2026-10-07T02:21:37.6545814Z 18861 | inline bool FieldOptions::weak() const {
2026-10-07T02:21:37.6547547Z       |             ^~~~~~~~~~~~
2026-10-07T02:21:38.4680709Z [827 / 944] Compiling src/google/protobuf/text_format.cc; 7s processwrapper-sandbox ... (4 actions running)
2026-10-07T02:21:39.4008093Z INFO: From Compiling src/google/protobuf/dynamic_message.cc:
2026-10-07T02:21:39.4057769Z In file included from external/protobuf+/src/google/protobuf/dynamic_message.cc:66:
2026-10-07T02:21:39.4129071Z bazel-out/k8-opt/bin/external/protobuf+/src/google/protobuf/_virtual_includes/protobuf/google/protobuf/map_field.h: In constructor 'google::protobuf::internal::MapFieldBase::ReflectionPayload::ReflectionPayload(google::protobuf::Arena*, const google::protobuf::Message*)':
2026-10-07T02:21:39.4169407Z bazel-out/k8-opt/bin/external/protobuf+/src/google/protobuf/_virtual_includes/protobuf/google/protobuf/map_field.h:416:11: warning: 'google::protobuf::RepeatedPtrField<T>::RepeatedPtrField(google::protobuf::Arena*) [with Element = google::protobuf::Message]' is deprecated: Use Arena::Create<RepeatedPtrField<...>>(Arena*) instead [-Wdeprecated-declarations]
2026-10-07T02:21:39.4197582Z   416 |         : repeated_field_(arena), prototype_(prototype) {}
2026-10-07T02:21:39.4227423Z       |           ^~~~~~~~~~~~~~~~~~~~~~
2026-10-07T02:21:39.4228619Z In file included from bazel-out/k8-opt/bin/external/protobuf+/src/google/protobuf/_virtual_includes/protobuf_lite/google/protobuf/repeated_field.h:46,
2026-10-07T02:21:39.4230369Z                  from bazel-out/k8-opt/bin/external/protobuf+/src/google/protobuf/_virtual_includes/protobuf_lite/google/protobuf/parse_context.h:39,
2026-10-07T02:21:39.4232088Z                  from bazel-out/k8-opt/bin/external/protobuf+/src/google/protobuf/_virtual_includes/protobuf_lite/google/protobuf/generated_message_tctable_decl.h:25,
2026-10-07T02:21:39.4233797Z                  from bazel-out/k8-opt/bin/external/protobuf+/src/google/protobuf/_virtual_includes/protobuf_lite/google/protobuf/extension_set.h:40,
2026-10-07T02:21:39.4235353Z                  from bazel-out/k8-opt/bin/external/protobuf+/src/google/protobuf/_virtual_includes/protobuf/google/protobuf/descriptor.h:56,
2026-10-07T02:21:39.4236824Z                  from bazel-out/k8-opt/bin/external/protobuf+/src/google/protobuf/_virtual_includes/protobuf/google/protobuf/dynamic_message.h:27,
2026-10-07T02:21:39.4238449Z                  from external/protobuf+/src/google/protobuf/dynamic_message.cc:42:
2026-10-07T02:21:39.4239817Z bazel-out/k8-opt/bin/external/protobuf+/src/google/protobuf/_virtual_includes/protobuf_lite/google/protobuf/repeated_ptr_field.h:1380:8: note: declared here
2026-10-07T02:21:39.4241154Z  1380 | inline RepeatedPtrField<Element>::RepeatedPtrField(Arena* arena)
2026-10-07T02:21:39.4241807Z       |        ^~~~~~~~~~~~~~~~~~~~~~~~~
2026-10-07T02:21:39.4243033Z external/protobuf+/src/google/protobuf/dynamic_message.cc: In member function 'void google::protobuf::DynamicMessage::SharedCtor(bool)':
2026-10-07T02:21:39.4245698Z external/protobuf+/src/google/protobuf/dynamic_message.cc:574:66: warning: 'google::protobuf::RepeatedPtrField<T>::RepeatedPtrField(google::protobuf::Arena*) [with Element = std::__cxx11::basic_string<char>]' is deprecated: Use Arena::Create<RepeatedPtrField<...>>(Arena*) instead [-Wdeprecated-declarations]
2026-10-07T02:21:39.4248460Z   574 |               new (field_ptr) RepeatedPtrField<std::string>(arena);
2026-10-07T02:21:39.4249103Z       |                                                                  ^
2026-10-07T02:21:39.4250348Z bazel-out/k8-opt/bin/external/protobuf+/src/google/protobuf/_virtual_includes/protobuf_lite/google/protobuf/repeated_ptr_field.h:1380:8: note: declared here
2026-10-07T02:21:39.4251766Z  1380 | inline RepeatedPtrField<Element>::RepeatedPtrField(Arena* arena)
2026-10-07T02:21:39.4277442Z       |        ^~~~~~~~~~~~~~~~~~~~~~~~~
2026-10-07T02:21:39.4339502Z external/protobuf+/src/google/protobuf/dynamic_message.cc:602:60: warning: 'google::protobuf::RepeatedPtrField<T>::RepeatedPtrField(google::protobuf::Arena*) [with Element = google::protobuf::Message]' is deprecated: Use Arena::Create<RepeatedPtrField<...>>(Arena*) instead [-Wdeprecated-declarations]
2026-10-07T02:21:39.4377541Z   602 |             new (field_ptr) RepeatedPtrField<Message>(arena);
2026-10-07T02:21:39.4397493Z       |                                                            ^
2026-10-07T02:21:39.4398751Z bazel-out/k8-opt/bin/external/protobuf+/src/google/protobuf/_virtual_includes/protobuf_lite/google/protobuf/repeated_ptr_field.h:1380:8: note: declared here
2026-10-07T02:21:39.4400136Z  1380 | inline RepeatedPtrField<Element>::RepeatedPtrField(Arena* arena)
2026-10-07T02:21:39.4400780Z       |        ^~~~~~~~~~~~~~~~~~~~~~~~~
2026-10-07T02:21:39.4401833Z external/protobuf+/src/google/protobuf/dynamic_message.cc: In member function 'void google::protobuf::DynamicMessage::CrossLinkPrototypes()':
2026-10-07T02:21:39.4403750Z external/protobuf+/src/google/protobuf/dynamic_message.cc:774:31: warning: 'bool google::protobuf::FieldOptions::weak() const' is deprecated [-Wdeprecated-declarations]
2026-10-07T02:21:39.4405146Z   774 |         !field->options().weak() && !InRealOneof(field) &&
2026-10-07T02:21:39.4405740Z       |          ~~~~~~~~~~~~~~~~~~~~~^~
2026-10-07T02:21:39.4406512Z In file included from external/protobuf+/src/google/protobuf/dynamic_message.cc:60:
2026-10-07T02:21:39.4428247Z bazel-out/k8-opt/bin/external/protobuf+/src/google/protobuf/_virtual_includes/protobuf/google/protobuf/descriptor.pb.h:18861:13: note: declared here
2026-10-07T02:21:39.4457498Z 18861 | inline bool FieldOptions::weak() const {
2026-10-07T02:21:39.4458026Z       |             ^~~~~~~~~~~~
2026-10-07T02:21:40.0638127Z INFO: From Compiling src/google/protobuf/text_format.cc:
2026-10-07T02:21:40.0697834Z In file included from external/protobuf+/src/google/protobuf/text_format.cc:54:
2026-10-07T02:21:40.0728980Z bazel-out/k8-opt/bin/external/protobuf+/src/google/protobuf/_virtual_includes/protobuf/google/protobuf/map_field.h: In constructor 'google::protobuf::internal::MapFieldBase::ReflectionPayload::ReflectionPayload(google::protobuf::Arena*, const google::protobuf::Message*)':
2026-10-07T02:21:40.0732762Z bazel-out/k8-opt/bin/external/protobuf+/src/google/protobuf/_virtual_includes/protobuf/google/protobuf/map_field.h:416:11: warning: 'google::protobuf::RepeatedPtrField<T>::RepeatedPtrField(google::protobuf::Arena*) [with Element = google::protobuf::Message]' is deprecated: Use Arena::Create<RepeatedPtrField<...>>(Arena*) instead [-Wdeprecated-declarations]
2026-10-07T02:21:40.0735285Z   416 |         : repeated_field_(arena), prototype_(prototype) {}
2026-10-07T02:21:40.0735889Z       |           ^~~~~~~~~~~~~~~~~~~~~~
2026-10-07T02:21:40.0758175Z In file included from bazel-out/k8-opt/bin/external/protobuf+/src/google/protobuf/_virtual_includes/protobuf_lite/google/protobuf/repeated_field.h:46,
2026-10-07T02:21:40.0759960Z                  from bazel-out/k8-opt/bin/external/protobuf+/src/google/protobuf/_virtual_includes/protobuf_lite/google/protobuf/parse_context.h:39,
2026-10-07T02:21:40.0761754Z                  from bazel-out/k8-opt/bin/external/protobuf+/src/google/protobuf/_virtual_includes/protobuf_lite/google/protobuf/generated_message_tctable_decl.h:25,
2026-10-07T02:21:40.0763924Z                  from bazel-out/k8-opt/bin/external/protobuf+/src/google/protobuf/_virtual_includes/protobuf_lite/google/protobuf/extension_set.h:40,
2026-10-07T02:21:40.0765494Z                  from bazel-out/k8-opt/bin/external/protobuf+/src/google/protobuf/_virtual_includes/protobuf/google/protobuf/descriptor.h:56,
2026-10-07T02:21:40.0767327Z                  from bazel-out/k8-opt/bin/external/protobuf+/src/google/protobuf/_virtual_includes/protobuf/google/protobuf/text_format.h:27,
2026-10-07T02:21:40.0768591Z                  from external/protobuf+/src/google/protobuf/text_format.cc:12:
2026-10-07T02:21:40.0770260Z bazel-out/k8-opt/bin/external/protobuf+/src/google/protobuf/_virtual_includes/protobuf_lite/google/protobuf/repeated_ptr_field.h:1380:8: note: declared here
2026-10-07T02:21:40.0771801Z  1380 | inline RepeatedPtrField<Element>::RepeatedPtrField(Arena* arena)
2026-10-07T02:21:40.0772546Z       |        ^~~~~~~~~~~~~~~~~~~~~~~~~
2026-10-07T02:21:40.0773763Z external/protobuf+/src/google/protobuf/text_format.cc: In member function 'bool google::protobuf::TextFormat::Parser::ParserImpl::ConsumeField(google::protobuf::Message*)':
2026-10-07T02:21:40.0775765Z external/protobuf+/src/google/protobuf/text_format.cc:663:54: warning: 'bool google::protobuf::FieldOptions::weak() const' is deprecated [-Wdeprecated-declarations]
2026-10-07T02:21:40.0777371Z   663 |       if (consumed_semicolon && field->options().weak() &&
2026-10-07T02:21:40.0777947Z       |                                 ~~~~~~~~~~~~~~~~~~~~~^~
2026-10-07T02:21:40.0778641Z In file included from external/protobuf+/src/google/protobuf/text_format.cc:46:
2026-10-07T02:21:40.0780009Z bazel-out/k8-opt/bin/external/protobuf+/src/google/protobuf/_virtual_includes/protobuf/google/protobuf/descriptor.pb.h:18861:13: note: declared here
2026-10-07T02:21:40.0781224Z 18861 | inline bool FieldOptions::weak() const {
2026-10-07T02:21:40.0781748Z       |             ^~~~~~~~~~~~
2026-10-07T02:21:40.0782690Z [829 / 944] Compiling src/google/protobuf/compiler/cpp/enum.cc [for tool]; 3s processwrapper-sandbox ... (4 actions, 3 running)
2026-10-07T02:21:41.4692537Z [831 / 944] Compiling src/google/protobuf/compiler/cpp/enum.cc [for tool]; 4s processwrapper-sandbox ... (4 actions running)
2026-10-07T02:21:43.6996605Z [832 / 944] Compiling src/google/protobuf/compiler/cpp/enum.cc [for tool]; 6s processwrapper-sandbox ... (4 actions, 3 running)
2026-10-07T02:21:44.1738238Z INFO: From Compiling src/google/protobuf/reflection_ops.cc:
2026-10-07T02:21:44.1767835Z In file included from external/protobuf+/src/google/protobuf/reflection_ops.cc:22:
2026-10-07T02:21:44.1799125Z bazel-out/k8-opt/bin/external/protobuf+/src/google/protobuf/_virtual_includes/protobuf/google/protobuf/map_field.h: In constructor 'google::protobuf::internal::MapFieldBase::ReflectionPayload::ReflectionPayload(google::protobuf::Arena*, const google::protobuf::Message*)':
2026-10-07T02:21:44.1829570Z bazel-out/k8-opt/bin/external/protobuf+/src/google/protobuf/_virtual_includes/protobuf/google/protobuf/map_field.h:416:11: warning: 'google::protobuf::RepeatedPtrField<T>::RepeatedPtrField(google::protobuf::Arena*) [with Element = google::protobuf::Message]' is deprecated: Use Arena::Create<RepeatedPtrField<...>>(Arena*) instead [-Wdeprecated-declarations]
2026-10-07T02:21:44.1847784Z   416 |         : repeated_field_(arena), prototype_(prototype) {}
2026-10-07T02:21:44.1857549Z       |           ^~~~~~~~~~~~~~~~~~~~~~
2026-10-07T02:21:44.1874240Z In file included from bazel-out/k8-opt/bin/external/protobuf+/src/google/protobuf/_virtual_includes/protobuf_lite/google/protobuf/repeated_field.h:46,
2026-10-07T02:21:44.1876690Z                  from bazel-out/k8-opt/bin/external/protobuf+/src/google/protobuf/_virtual_includes/protobuf_lite/google/protobuf/parse_context.h:39,
2026-10-07T02:21:44.1879196Z                  from bazel-out/k8-opt/bin/external/protobuf+/src/google/protobuf/_virtual_includes/protobuf_lite/google/protobuf/generated_message_tctable_decl.h:25,
2026-10-07T02:21:44.1882084Z                  from bazel-out/k8-opt/bin/external/protobuf+/src/google/protobuf/_virtual_includes/protobuf_lite/google/protobuf/extension_set.h:40,
2026-10-07T02:21:44.1883931Z                  from bazel-out/k8-opt/bin/external/protobuf+/src/google/protobuf/_virtual_includes/protobuf/google/protobuf/descriptor.h:56,
2026-10-07T02:21:44.1885766Z                  from bazel-out/k8-opt/bin/external/protobuf+/src/google/protobuf/_virtual_includes/protobuf/google/protobuf/message.h:112,
2026-10-07T02:21:44.1887895Z                  from bazel-out/k8-opt/bin/external/protobuf+/src/google/protobuf/_virtual_includes/protobuf/google/protobuf/reflection_ops.h:18,
2026-10-07T02:21:44.1890812Z                  from external/protobuf+/src/google/protobuf/reflection_ops.cc:11:
2026-10-07T02:21:44.1892697Z bazel-out/k8-opt/bin/external/protobuf+/src/google/protobuf/_virtual_includes/protobuf_lite/google/protobuf/repeated_ptr_field.h:1380:8: note: declared here
2026-10-07T02:21:44.1894332Z  1380 | inline RepeatedPtrField<Element>::RepeatedPtrField(Arena* arena)
2026-10-07T02:21:44.1895155Z       |        ^~~~~~~~~~~~~~~~~~~~~~~~~
2026-10-07T02:21:44.9728000Z INFO: From Compiling src/google/protobuf/generated_message_tctable_gen.cc [for tool]:
2026-10-07T02:21:44.9775078Z external/protobuf+/src/google/protobuf/generated_message_tctable_gen.cc: In function 'bool google::protobuf::internal::{anonymous}::HasWeakFields(const google::protobuf::Descriptor*)':
2026-10-07T02:21:44.9798670Z external/protobuf+/src/google/protobuf/generated_message_tctable_gen.cc:699:45: warning: 'bool google::protobuf::FieldOptions::weak() const' is deprecated [-Wdeprecated-declarations]
2026-10-07T02:21:44.9821933Z   699 |     if (descriptor->field(i)->options().weak()) {
2026-10-07T02:21:44.9856023Z       |         ~~~~~~~~~~~~~~~~~~~~~~~~~~~~~~~~~~~~^~
2026-10-07T02:21:44.9870157Z In file included from bazel-out/k8-opt-exec-ST-d57f47055a04/bin/external/protobuf+/src/google/protobuf/_virtual_includes/protobuf/google/protobuf/generated_message_tctable_gen.h:21,
2026-10-07T02:21:44.9895550Z                  from external/protobuf+/src/google/protobuf/generated_message_tctable_gen.cc:8:
2026-10-07T02:21:44.9897421Z bazel-out/k8-opt-exec-ST-d57f47055a04/bin/external/protobuf+/src/google/protobuf/_virtual_includes/protobuf/google/protobuf/descriptor.pb.h:18861:13: note: declared here
2026-10-07T02:21:44.9899558Z 18861 | inline bool FieldOptions::weak() const {
2026-10-07T02:21:44.9900269Z       |             ^~~~~~~~~~~~
2026-10-07T02:21:44.9901825Z external/protobuf+/src/google/protobuf/generated_message_tctable_gen.cc: In function 'bool google::protobuf::internal::IsFieldTypeEligibleForFastParsing(const google::protobuf::FieldDescriptor*)':
2026-10-07T02:21:44.9904296Z external/protobuf+/src/google/protobuf/generated_message_tctable_gen.cc:738:28: warning: 'bool google::protobuf::FieldOptions::weak() const' is deprecated [-Wdeprecated-declarations]
2026-10-07T02:21:44.9905882Z   738 |       field->options().weak()) {
2026-10-07T02:21:44.9907912Z       |       ~~~~~~~~~~~~~~~~~~~~~^~
2026-10-07T02:21:44.9909374Z bazel-out/k8-opt-exec-ST-d57f47055a04/bin/external/protobuf+/src/google/protobuf/_virtual_includes/protobuf/google/protobuf/descriptor.pb.h:18861:13: note: declared here
2026-10-07T02:21:44.9911019Z 18861 | inline bool FieldOptions::weak() const {
2026-10-07T02:21:44.9911763Z       |             ^~~~~~~~~~~~
2026-10-07T02:21:44.9912716Z external/protobuf+/src/google/protobuf/generated_message_tctable_gen.cc: In lambda function:
2026-10-07T02:21:44.9914554Z external/protobuf+/src/google/protobuf/generated_message_tctable_gen.cc:773:54: warning: 'bool google::protobuf::FieldOptions::weak() const' is deprecated [-Wdeprecated-declarations]
2026-10-07T02:21:44.9916257Z   773 |            !field->is_map() && !field->options().weak() &&
2026-10-07T02:21:44.9917313Z       |                                 ~~~~~~~~~~~~~~~~~~~~~^~
2026-10-07T02:21:44.9919164Z bazel-out/k8-opt-exec-ST-d57f47055a04/bin/external/protobuf+/src/google/protobuf/_virtual_includes/protobuf/google/protobuf/descriptor.pb.h:18861:13: note: declared here
2026-10-07T02:21:44.9920804Z 18861 | inline bool FieldOptions::weak() const {
2026-10-07T02:21:44.9921539Z       |             ^~~~~~~~~~~~
2026-10-07T02:21:44.9924238Z external/protobuf+/src/google/protobuf/generated_message_tctable_gen.cc: In static member function 'static std::vector<google::protobuf::internal::TailCallTableInfo::FieldEntryInfo> google::protobuf::internal::TailCallTableInfo::BuildFieldEntries(const google::protobuf::Descriptor*, const MessageOptions&, absl::lts_20250814::Span<const FieldOptions>, std::vector<AuxEntry>&)':
2026-10-07T02:21:44.9928620Z external/protobuf+/src/google/protobuf/generated_message_tctable_gen.cc:813:39: warning: 'bool google::protobuf::FieldOptions::weak() const' is deprecated [-Wdeprecated-declarations]
2026-10-07T02:21:44.9930018Z   813 |       } else if (field->options().weak()) {
2026-10-07T02:21:44.9930537Z       |                  ~~~~~~~~~~~~~~~~~~~~~^~
2026-10-07T02:21:44.9931811Z bazel-out/k8-opt-exec-ST-d57f47055a04/bin/external/protobuf+/src/google/protobuf/_virtual_includes/protobuf/google/protobuf/descriptor.pb.h:18861:13: note: declared here
2026-10-07T02:21:44.9933186Z 18861 | inline bool FieldOptions::weak() const {
2026-10-07T02:21:44.9933703Z       |             ^~~~~~~~~~~~
2026-10-07T02:21:44.9934609Z [835 / 944] Compiling src/google/protobuf/compiler/cpp/enum.cc [for tool]; 8s processwrapper-sandbox ... (4 actions, 3 running)
2026-10-07T02:21:44.9935770Z INFO: From Compiling src/google/protobuf/compiler/cpp/enum.cc [for tool]:
2026-10-07T02:21:44.9936682Z In file included from external/protobuf+/src/google/protobuf/compiler/cpp/enum.cc:29:
2026-10-07T02:21:44.9939147Z bazel-out/k8-opt-exec-ST-d57f47055a04/bin/external/protobuf+/src/google/protobuf/compiler/cpp/_virtual_includes/names_internal/google/protobuf/compiler/cpp/helpers.h: In function 'bool google::protobuf::compiler::cpp::IsWeak(const google::protobuf::FieldDescriptor*, const Options&)':
2026-10-07T02:21:44.9942481Z bazel-out/k8-opt-exec-ST-d57f47055a04/bin/external/protobuf+/src/google/protobuf/compiler/cpp/_virtual_includes/names_internal/google/protobuf/compiler/cpp/helpers.h:347:28: warning: 'bool google::protobuf::FieldOptions::weak() const' is deprecated [-Wdeprecated-declarations]
2026-10-07T02:21:44.9944372Z   347 |   if (field->options().weak()) {
2026-10-07T02:21:44.9944813Z       |       ~~~~~~~~~~~~~~~~~~~~~^~
2026-10-07T02:21:44.9946181Z In file included from bazel-out/k8-opt-exec-ST-d57f47055a04/bin/external/protobuf+/src/google/protobuf/compiler/_virtual_includes/code_generator_lite/google/protobuf/compiler/code_generator_lite.h:18,
2026-10-07T02:21:44.9948681Z                  from bazel-out/k8-opt-exec-ST-d57f47055a04/bin/external/protobuf+/src/google/protobuf/compiler/_virtual_includes/code_generator/google/protobuf/compiler/code_generator.h:25,
2026-10-07T02:21:44.9950779Z                  from bazel-out/k8-opt-exec-ST-d57f47055a04/bin/external/protobuf+/src/google/protobuf/compiler/cpp/_virtual_includes/cpp/google/protobuf/compiler/cpp/generator.h:24,
2026-10-07T02:21:44.9952221Z                  from external/protobuf+/src/google/protobuf/compiler/cpp/enum.cc:28:
2026-10-07T02:21:44.9953655Z bazel-out/k8-opt-exec-ST-d57f47055a04/bin/external/protobuf+/src/google/protobuf/_virtual_includes/protobuf/google/protobuf/descriptor.pb.h:18861:13: note: declared here
2026-10-07T02:21:44.9954942Z 18861 | inline bool FieldOptions::weak() const {
2026-10-07T02:21:44.9955419Z       |             ^~~~~~~~~~~~
2026-10-07T02:21:46.4708434Z [836 / 944] Compiling src/google/protobuf/feature_resolver.cc; 2s processwrapper-sandbox ... (4 actions running)
2026-10-07T02:21:48.4706349Z [837 / 944] Compiling src/google/protobuf/feature_resolver.cc; 4s processwrapper-sandbox ... (4 actions running)
2026-10-07T02:21:49.4709735Z [838 / 944] Compiling src/google/protobuf/message.cc; 5s processwrapper-sandbox ... (4 actions running)
2026-10-07T02:21:50.1348034Z INFO: From Compiling src/google/protobuf/message.cc:
2026-10-07T02:21:50.1367810Z In file included from external/protobuf+/src/google/protobuf/message.cc:40:
2026-10-07T02:21:50.1398817Z bazel-out/k8-opt/bin/external/protobuf+/src/google/protobuf/_virtual_includes/protobuf/google/protobuf/map_field.h: In constructor 'google::protobuf::internal::MapFieldBase::ReflectionPayload::ReflectionPayload(google::protobuf::Arena*, const google::protobuf::Message*)':
2026-10-07T02:21:50.1429384Z bazel-out/k8-opt/bin/external/protobuf+/src/google/protobuf/_virtual_includes/protobuf/google/protobuf/map_field.h:416:11: warning: 'google::protobuf::RepeatedPtrField<T>::RepeatedPtrField(google::protobuf::Arena*) [with Element = google::protobuf::Message]' is deprecated: Use Arena::Create<RepeatedPtrField<...>>(Arena*) instead [-Wdeprecated-declarations]
2026-10-07T02:21:50.1457879Z   416 |         : repeated_field_(arena), prototype_(prototype) {}
2026-10-07T02:21:50.1487354Z       |           ^~~~~~~~~~~~~~~~~~~~~~
2026-10-07T02:21:50.1516701Z In file included from bazel-out/k8-opt/bin/external/protobuf+/src/google/protobuf/_virtual_includes/protobuf_lite/google/protobuf/repeated_field.h:46,
2026-10-07T02:21:50.1543730Z                  from bazel-out/k8-opt/bin/external/protobuf+/src/google/protobuf/_virtual_includes/protobuf_lite/google/protobuf/parse_context.h:39,
2026-10-07T02:21:50.1568226Z                  from bazel-out/k8-opt/bin/external/protobuf+/src/google/protobuf/_virtual_includes/protobuf_lite/google/protobuf/generated_message_tctable_decl.h:25,
2026-10-07T02:21:50.1570088Z                  from bazel-out/k8-opt/bin/external/protobuf+/src/google/protobuf/_virtual_includes/protobuf_lite/google/protobuf/extension_set.h:40,
2026-10-07T02:21:50.1571789Z                  from bazel-out/k8-opt/bin/external/protobuf+/src/google/protobuf/_virtual_includes/protobuf/google/protobuf/descriptor.h:56,
2026-10-07T02:21:50.1573418Z                  from bazel-out/k8-opt/bin/external/protobuf+/src/google/protobuf/_virtual_includes/protobuf/google/protobuf/message.h:112,
2026-10-07T02:21:50.1574661Z                  from external/protobuf+/src/google/protobuf/message.cc:12:
2026-10-07T02:21:50.1576049Z bazel-out/k8-opt/bin/external/protobuf+/src/google/protobuf/_virtual_includes/protobuf_lite/google/protobuf/repeated_ptr_field.h:1380:8: note: declared here
2026-10-07T02:21:50.1577758Z  1380 | inline RepeatedPtrField<Element>::RepeatedPtrField(Arena* arena)
2026-10-07T02:21:50.1578426Z       |        ^~~~~~~~~~~~~~~~~~~~~~~~~
2026-10-07T02:21:50.5136503Z [840 / 944] Compiling src/google/protobuf/compiler/cpp/extension.cc [for tool]; 5s processwrapper-sandbox ... (4 actions, 3 running)
2026-10-07T02:21:52.4725291Z [841 / 944] Compiling src/google/protobuf/compiler/cpp/extension.cc [for tool]; 7s processwrapper-sandbox ... (4 actions running)
2026-10-07T02:21:52.5308112Z INFO: From Compiling src/google/protobuf/compiler/cpp/extension.cc [for tool]:
2026-10-07T02:21:52.5338445Z In file included from bazel-out/k8-opt-exec-ST-d57f47055a04/bin/external/protobuf+/src/google/protobuf/compiler/cpp/_virtual_includes/cpp/google/protobuf/compiler/cpp/extension.h:19,
2026-10-07T02:21:52.5349357Z                  from external/protobuf+/src/google/protobuf/compiler/cpp/extension.cc:12:
2026-10-07T02:21:52.5377669Z bazel-out/k8-opt-exec-ST-d57f47055a04/bin/external/protobuf+/src/google/protobuf/compiler/cpp/_virtual_includes/names_internal/google/protobuf/compiler/cpp/helpers.h: In function 'bool google::protobuf::compiler::cpp::IsWeak(const google::protobuf::FieldDescriptor*, const Options&)':
2026-10-07T02:21:52.5399064Z bazel-out/k8-opt-exec-ST-d57f47055a04/bin/external/protobuf+/src/google/protobuf/compiler/cpp/_virtual_includes/names_internal/google/protobuf/compiler/cpp/helpers.h:347:28: warning: 'bool google::protobuf::FieldOptions::weak() const' is deprecated [-Wdeprecated-declarations]
2026-10-07T02:21:52.5427509Z   347 |   if (field->options().weak()) {
2026-10-07T02:21:52.5440648Z       |       ~~~~~~~~~~~~~~~~~~~~~^~
2026-10-07T02:21:52.5442194Z In file included from bazel-out/k8-opt-exec-ST-d57f47055a04/bin/external/protobuf+/src/google/protobuf/compiler/_virtual_includes/code_generator_lite/google/protobuf/compiler/code_generator_lite.h:18,
2026-10-07T02:21:52.5445286Z                  from bazel-out/k8-opt-exec-ST-d57f47055a04/bin/external/protobuf+/src/google/protobuf/compiler/_virtual_includes/code_generator/google/protobuf/compiler/code_generator.h:25,
2026-10-07T02:21:52.5447951Z                  from bazel-out/k8-opt-exec-ST-d57f47055a04/bin/external/protobuf+/src/google/protobuf/compiler/cpp/_virtual_includes/names_internal/google/protobuf/compiler/cpp/helpers.h:29:
2026-10-07T02:21:52.5450412Z bazel-out/k8-opt-exec-ST-d57f47055a04/bin/external/protobuf+/src/google/protobuf/_virtual_includes/protobuf/google/protobuf/descriptor.pb.h:18861:13: note: declared here
2026-10-07T02:21:52.5452367Z 18861 | inline bool FieldOptions::weak() const {
2026-10-07T02:21:52.5453176Z       |             ^~~~~~~~~~~~
2026-10-07T02:21:53.4721166Z [842 / 944] Compiling src/google/protobuf/map_field.cc; 3s processwrapper-sandbox ... (4 actions running)
2026-10-07T02:21:54.2769145Z INFO: From Compiling src/google/protobuf/map_field.cc:
2026-10-07T02:21:54.2797735Z In file included from external/protobuf+/src/google/protobuf/map_field.cc:8:
2026-10-07T02:21:54.2828920Z bazel-out/k8-opt/bin/external/protobuf+/src/google/protobuf/_virtual_includes/protobuf/google/protobuf/map_field.h: In constructor 'google::protobuf::internal::MapFieldBase::ReflectionPayload::ReflectionPayload(google::protobuf::Arena*, const google::protobuf::Message*)':
2026-10-07T02:21:54.2859481Z bazel-out/k8-opt/bin/external/protobuf+/src/google/protobuf/_virtual_includes/protobuf/google/protobuf/map_field.h:416:11: warning: 'google::protobuf::RepeatedPtrField<T>::RepeatedPtrField(google::protobuf::Arena*) [with Element = google::protobuf::Message]' is deprecated: Use Arena::Create<RepeatedPtrField<...>>(Arena*) instead [-Wdeprecated-declarations]
2026-10-07T02:21:54.2887678Z   416 |         : repeated_field_(arena), prototype_(prototype) {}
2026-10-07T02:21:54.2917552Z       |           ^~~~~~~~~~~~~~~~~~~~~~
2026-10-07T02:21:54.2938373Z In file included from bazel-out/k8-opt/bin/external/protobuf+/src/google/protobuf/_virtual_includes/protobuf_lite/google/protobuf/repeated_field.h:46,
2026-10-07T02:21:54.2940495Z                  from bazel-out/k8-opt/bin/external/protobuf+/src/google/protobuf/_virtual_includes/protobuf_lite/google/protobuf/parse_context.h:39,
2026-10-07T02:21:54.2942546Z                  from bazel-out/k8-opt/bin/external/protobuf+/src/google/protobuf/_virtual_includes/protobuf_lite/google/protobuf/generated_message_tctable_decl.h:25,
2026-10-07T02:21:54.2944503Z                  from bazel-out/k8-opt/bin/external/protobuf+/src/google/protobuf/_virtual_includes/protobuf_lite/google/protobuf/extension_set.h:40,
2026-10-07T02:21:54.2946339Z                  from bazel-out/k8-opt/bin/external/protobuf+/src/google/protobuf/_virtual_includes/protobuf/google/protobuf/descriptor.h:56,
2026-10-07T02:21:54.2948430Z                  from bazel-out/k8-opt/bin/external/protobuf+/src/google/protobuf/_virtual_includes/protobuf/google/protobuf/map_field.h:23:
2026-10-07T02:21:54.2950168Z bazel-out/k8-opt/bin/external/protobuf+/src/google/protobuf/_virtual_includes/protobuf_lite/google/protobuf/repeated_ptr_field.h:1380:8: note: declared here
2026-10-07T02:21:54.2951520Z  1380 | inline RepeatedPtrField<Element>::RepeatedPtrField(Arena* arena)
2026-10-07T02:21:54.2952183Z       |        ^~~~~~~~~~~~~~~~~~~~~~~~~
2026-10-07T02:21:54.5648044Z INFO: From Compiling src/google/protobuf/map_field.cc [for tool]:
2026-10-07T02:21:54.5683613Z In file included from external/protobuf+/src/google/protobuf/map_field.cc:8:
2026-10-07T02:21:54.5709189Z bazel-out/k8-opt-exec-ST-d57f47055a04/bin/external/protobuf+/src/google/protobuf/_virtual_includes/protobuf/google/protobuf/map_field.h: In constructor 'google::protobuf::internal::MapFieldBase::ReflectionPayload::ReflectionPayload(google::protobuf::Arena*, const google::protobuf::Message*)':
2026-10-07T02:21:54.5739582Z bazel-out/k8-opt-exec-ST-d57f47055a04/bin/external/protobuf+/src/google/protobuf/_virtual_includes/protobuf/google/protobuf/map_field.h:416:11: warning: 'google::protobuf::RepeatedPtrField<T>::RepeatedPtrField(google::protobuf::Arena*) [with Element = google::protobuf::Message]' is deprecated: Use Arena::Create<RepeatedPtrField<...>>(Arena*) instead [-Wdeprecated-declarations]
2026-10-07T02:21:54.5742330Z   416 |         : repeated_field_(arena), prototype_(prototype) {}
2026-10-07T02:21:54.5742893Z       |           ^~~~~~~~~~~~~~~~~~~~~~
2026-10-07T02:21:54.5744129Z In file included from bazel-out/k8-opt-exec-ST-d57f47055a04/bin/external/protobuf+/src/google/protobuf/_virtual_includes/protobuf_lite/google/protobuf/repeated_field.h:46,
2026-10-07T02:21:54.5746411Z                  from bazel-out/k8-opt-exec-ST-d57f47055a04/bin/external/protobuf+/src/google/protobuf/_virtual_includes/protobuf_lite/google/protobuf/parse_context.h:39,
2026-10-07T02:21:54.5748675Z                  from bazel-out/k8-opt-exec-ST-d57f47055a04/bin/external/protobuf+/src/google/protobuf/_virtual_includes/protobuf_lite/google/protobuf/generated_message_tctable_decl.h:25,
2026-10-07T02:21:54.5750712Z                  from bazel-out/k8-opt-exec-ST-d57f47055a04/bin/external/protobuf+/src/google/protobuf/_virtual_includes/protobuf_lite/google/protobuf/extension_set.h:40,
2026-10-07T02:21:54.5752641Z                  from bazel-out/k8-opt-exec-ST-d57f47055a04/bin/external/protobuf+/src/google/protobuf/_virtual_includes/protobuf/google/protobuf/descriptor.h:56,
2026-10-07T02:21:54.5754450Z                  from bazel-out/k8-opt-exec-ST-d57f47055a04/bin/external/protobuf+/src/google/protobuf/_virtual_includes/protobuf/google/protobuf/map_field.h:23:
2026-10-07T02:21:54.5768391Z bazel-out/k8-opt-exec-ST-d57f47055a04/bin/external/protobuf+/src/google/protobuf/_virtual_includes/protobuf_lite/google/protobuf/repeated_ptr_field.h:1380:8: note: declared here
2026-10-07T02:21:54.5769995Z  1380 | inline RepeatedPtrField<Element>::RepeatedPtrField(Arena* arena)
2026-10-07T02:21:54.5777468Z       |        ^~~~~~~~~~~~~~~~~~~~~~~~~
2026-10-07T02:21:54.5778762Z [844 / 944] Compiling src/google/protobuf/generated_message_reflection.cc; 3s processwrapper-sandbox ... (4 actions, 3 running)
2026-10-07T02:21:56.4742653Z [844 / 944] Compiling src/google/protobuf/generated_message_reflection.cc; 5s processwrapper-sandbox ... (4 actions running)
2026-10-07T02:21:57.5538383Z [845 / 944] Compiling src/google/protobuf/generated_message_reflection.cc; 6s processwrapper-sandbox ... (4 actions, 3 running)
2026-10-07T02:21:59.4788359Z [845 / 944] Compiling src/google/protobuf/generated_message_reflection.cc; 8s processwrapper-sandbox ... (4 actions running)
2026-10-07T02:21:59.8058196Z INFO: From Compiling src/google/protobuf/compiler/cpp/field.cc [for tool]:
2026-10-07T02:21:59.8068507Z In file included from bazel-out/k8-opt-exec-ST-d57f47055a04/bin/external/protobuf+/src/google/protobuf/compiler/cpp/_virtual_includes/cpp/google/protobuf/compiler/cpp/field.h:26,
2026-10-07T02:21:59.8097895Z                  from external/protobuf+/src/google/protobuf/compiler/cpp/field.cc:12:
2026-10-07T02:21:59.8119050Z bazel-out/k8-opt-exec-ST-d57f47055a04/bin/external/protobuf+/src/google/protobuf/compiler/cpp/_virtual_includes/names_internal/google/protobuf/compiler/cpp/helpers.h: In function 'bool google::protobuf::compiler::cpp::IsWeak(const google::protobuf::FieldDescriptor*, const Options&)':
2026-10-07T02:21:59.8149012Z bazel-out/k8-opt-exec-ST-d57f47055a04/bin/external/protobuf+/src/google/protobuf/compiler/cpp/_virtual_includes/names_internal/google/protobuf/compiler/cpp/helpers.h:347:28: warning: 'bool google::protobuf::FieldOptions::weak() const' is deprecated [-Wdeprecated-declarations]
2026-10-07T02:21:59.8151120Z   347 |   if (field->options().weak()) {
2026-10-07T02:21:59.8174164Z       |       ~~~~~~~~~~~~~~~~~~~~~^~
2026-10-07T02:21:59.8218573Z In file included from bazel-out/k8-opt-exec-ST-d57f47055a04/bin/external/protobuf+/src/google/protobuf/compiler/_virtual_includes/code_generator_lite/google/protobuf/compiler/code_generator_lite.h:18,
2026-10-07T02:21:59.8221242Z                  from bazel-out/k8-opt-exec-ST-d57f47055a04/bin/external/protobuf+/src/google/protobuf/compiler/_virtual_includes/code_generator/google/protobuf/compiler/code_generator.h:25,
2026-10-07T02:21:59.8229267Z                  from bazel-out/k8-opt-exec-ST-d57f47055a04/bin/external/protobuf+/src/google/protobuf/compiler/cpp/_virtual_includes/names_internal/google/protobuf/compiler/cpp/helpers.h:29:
2026-10-07T02:21:59.8231665Z bazel-out/k8-opt-exec-ST-d57f47055a04/bin/external/protobuf+/src/google/protobuf/_virtual_includes/protobuf/google/protobuf/descriptor.pb.h:18861:13: note: declared here
2026-10-07T02:21:59.8233231Z 18861 | inline bool FieldOptions::weak() const {
2026-10-07T02:21:59.8234077Z       |             ^~~~~~~~~~~~
2026-10-07T02:22:00.3248026Z INFO: From Compiling src/google/protobuf/message.cc [for tool]:
2026-10-07T02:22:00.3307782Z In file included from external/protobuf+/src/google/protobuf/message.cc:40:
2026-10-07T02:22:00.3310206Z bazel-out/k8-opt-exec-ST-d57f47055a04/bin/external/protobuf+/src/google/protobuf/_virtual_includes/protobuf/google/protobuf/map_field.h: In constructor 'google::protobuf::internal::MapFieldBase::ReflectionPayload::ReflectionPayload(google::protobuf::Arena*, const google::protobuf::Message*)':
2026-10-07T02:22:00.3339735Z bazel-out/k8-opt-exec-ST-d57f47055a04/bin/external/protobuf+/src/google/protobuf/_virtual_includes/protobuf/google/protobuf/map_field.h:416:11: warning: 'google::protobuf::RepeatedPtrField<T>::RepeatedPtrField(google::protobuf::Arena*) [with Element = google::protobuf::Message]' is deprecated: Use Arena::Create<RepeatedPtrField<...>>(Arena*) instead [-Wdeprecated-declarations]
2026-10-07T02:22:00.3366602Z   416 |         : repeated_field_(arena), prototype_(prototype) {}
2026-10-07T02:22:00.3371608Z       |           ^~~~~~~~~~~~~~~~~~~~~~
2026-10-07T02:22:00.3372952Z In file included from bazel-out/k8-opt-exec-ST-d57f47055a04/bin/external/protobuf+/src/google/protobuf/_virtual_includes/protobuf_lite/google/protobuf/repeated_field.h:46,
2026-10-07T02:22:00.3375640Z                  from bazel-out/k8-opt-exec-ST-d57f47055a04/bin/external/protobuf+/src/google/protobuf/_virtual_includes/protobuf_lite/google/protobuf/parse_context.h:39,
2026-10-07T02:22:00.3378289Z                  from bazel-out/k8-opt-exec-ST-d57f47055a04/bin/external/protobuf+/src/google/protobuf/_virtual_includes/protobuf_lite/google/protobuf/generated_message_tctable_decl.h:25,
2026-10-07T02:22:00.3380855Z                  from bazel-out/k8-opt-exec-ST-d57f47055a04/bin/external/protobuf+/src/google/protobuf/_virtual_includes/protobuf_lite/google/protobuf/extension_set.h:40,
2026-10-07T02:22:00.3383058Z                  from bazel-out/k8-opt-exec-ST-d57f47055a04/bin/external/protobuf+/src/google/protobuf/_virtual_includes/protobuf/google/protobuf/descriptor.h:56,
2026-10-07T02:22:00.3385248Z                  from bazel-out/k8-opt-exec-ST-d57f47055a04/bin/external/protobuf+/src/google/protobuf/_virtual_includes/protobuf/google/protobuf/message.h:112,
2026-10-07T02:22:00.3386822Z                  from external/protobuf+/src/google/protobuf/message.cc:12:
2026-10-07T02:22:00.3388943Z bazel-out/k8-opt-exec-ST-d57f47055a04/bin/external/protobuf+/src/google/protobuf/_virtual_includes/protobuf_lite/google/protobuf/repeated_ptr_field.h:1380:8: note: declared here
2026-10-07T02:22:00.3390728Z  1380 | inline RepeatedPtrField<Element>::RepeatedPtrField(Arena* arena)
2026-10-07T02:22:00.3391598Z       |        ^~~~~~~~~~~~~~~~~~~~~~~~~
2026-10-07T02:22:00.4796620Z [848 / 944] Compiling src/google/protobuf/generated_message_reflection.cc; 9s processwrapper-sandbox ... (4 actions running)
2026-10-07T02:22:01.6849210Z INFO: From Compiling src/google/protobuf/generated_message_tctable_gen.cc:
2026-10-07T02:22:01.6864215Z external/protobuf+/src/google/protobuf/generated_message_tctable_gen.cc: In function 'bool google::protobuf::internal::{anonymous}::HasWeakFields(const google::protobuf::Descriptor*)':
2026-10-07T02:22:01.6898761Z external/protobuf+/src/google/protobuf/generated_message_tctable_gen.cc:699:45: warning: 'bool google::protobuf::FieldOptions::weak() const' is deprecated [-Wdeprecated-declarations]
2026-10-07T02:22:01.6917595Z   699 |     if (descriptor->field(i)->options().weak()) {
2026-10-07T02:22:01.6947459Z       |         ~~~~~~~~~~~~~~~~~~~~~~~~~~~~~~~~~~~~^~
2026-10-07T02:22:01.6958259Z In file included from bazel-out/k8-opt/bin/external/protobuf+/src/google/protobuf/_virtual_includes/protobuf/google/protobuf/generated_message_tctable_gen.h:21,
2026-10-07T02:22:01.6976582Z                  from external/protobuf+/src/google/protobuf/generated_message_tctable_gen.cc:8:
2026-10-07T02:22:01.6978765Z bazel-out/k8-opt/bin/external/protobuf+/src/google/protobuf/_virtual_includes/protobuf/google/protobuf/descriptor.pb.h:18861:13: note: declared here
2026-10-07T02:22:01.6980557Z 18861 | inline bool FieldOptions::weak() const {
2026-10-07T02:22:01.6981567Z       |             ^~~~~~~~~~~~
2026-10-07T02:22:01.6983130Z external/protobuf+/src/google/protobuf/generated_message_tctable_gen.cc: In function 'bool google::protobuf::internal::IsFieldTypeEligibleForFastParsing(const google::protobuf::FieldDescriptor*)':
2026-10-07T02:22:01.6985673Z external/protobuf+/src/google/protobuf/generated_message_tctable_gen.cc:738:28: warning: 'bool google::protobuf::FieldOptions::weak() const' is deprecated [-Wdeprecated-declarations]
2026-10-07T02:22:01.6987554Z   738 |       field->options().weak()) {
2026-10-07T02:22:01.6988256Z       |       ~~~~~~~~~~~~~~~~~~~~~^~
2026-10-07T02:22:01.6989612Z bazel-out/k8-opt/bin/external/protobuf+/src/google/protobuf/_virtual_includes/protobuf/google/protobuf/descriptor.pb.h:18861:13: note: declared here
2026-10-07T02:22:01.6991109Z 18861 | inline bool FieldOptions::weak() const {
2026-10-07T02:22:01.6991845Z       |             ^~~~~~~~~~~~
2026-10-07T02:22:01.6992839Z external/protobuf+/src/google/protobuf/generated_message_tctable_gen.cc: In lambda function:
2026-10-07T02:22:01.6994787Z external/protobuf+/src/google/protobuf/generated_message_tctable_gen.cc:773:54: warning: 'bool google::protobuf::FieldOptions::weak() const' is deprecated [-Wdeprecated-declarations]
2026-10-07T02:22:01.6996423Z   773 |            !field->is_map() && !field->options().weak() &&
2026-10-07T02:22:01.6997435Z       |                                 ~~~~~~~~~~~~~~~~~~~~~^~
2026-10-07T02:22:01.6998778Z bazel-out/k8-opt/bin/external/protobuf+/src/google/protobuf/_virtual_includes/protobuf/google/protobuf/descriptor.pb.h:18861:13: note: declared here
2026-10-07T02:22:01.7000050Z 18861 | inline bool FieldOptions::weak() const {
2026-10-07T02:22:01.7000717Z       |             ^~~~~~~~~~~~
2026-10-07T02:22:01.7003432Z external/protobuf+/src/google/protobuf/generated_message_tctable_gen.cc: In static member function 'static std::vector<google::protobuf::internal::TailCallTableInfo::FieldEntryInfo> google::protobuf::internal::TailCallTableInfo::BuildFieldEntries(const google::protobuf::Descriptor*, const MessageOptions&, absl::lts_20250814::Span<const FieldOptions>, std::vector<AuxEntry>&)':
2026-10-07T02:22:01.7007408Z external/protobuf+/src/google/protobuf/generated_message_tctable_gen.cc:813:39: warning: 'bool google::protobuf::FieldOptions::weak() const' is deprecated [-Wdeprecated-declarations]
2026-10-07T02:22:01.7008965Z   813 |       } else if (field->options().weak()) {
2026-10-07T02:22:01.7009610Z       |                  ~~~~~~~~~~~~~~~~~~~~~^~
2026-10-07T02:22:01.7010934Z bazel-out/k8-opt/bin/external/protobuf+/src/google/protobuf/_virtual_includes/protobuf/google/protobuf/descriptor.pb.h:18861:13: note: declared here
2026-10-07T02:22:01.7012328Z 18861 | inline bool FieldOptions::weak() const {
2026-10-07T02:22:01.7012962Z       |             ^~~~~~~~~~~~
2026-10-07T02:22:01.7014097Z [849 / 944] Compiling src/google/protobuf/generated_message_reflection.cc; 10s processwrapper-sandbox ... (4 actions, 3 running)
2026-10-07T02:22:03.4818465Z [849 / 944] Compiling src/google/protobuf/generated_message_reflection.cc; 12s processwrapper-sandbox ... (4 actions running)
2026-10-07T02:22:03.5588253Z INFO: From Compiling src/google/protobuf/generated_message_reflection.cc:
2026-10-07T02:22:03.5648251Z In file included from external/protobuf+/src/google/protobuf/generated_message_reflection.cc:51:
2026-10-07T02:22:03.5679017Z bazel-out/k8-opt/bin/external/protobuf+/src/google/protobuf/_virtual_includes/protobuf/google/protobuf/map_field.h: In constructor 'google::protobuf::internal::MapFieldBase::ReflectionPayload::ReflectionPayload(google::protobuf::Arena*, const google::protobuf::Message*)':
2026-10-07T02:22:03.5739814Z bazel-out/k8-opt/bin/external/protobuf+/src/google/protobuf/_virtual_includes/protobuf/google/protobuf/map_field.h:416:11: warning: 'google::protobuf::RepeatedPtrField<T>::RepeatedPtrField(google::protobuf::Arena*) [with Element = google::protobuf::Message]' is deprecated: Use Arena::Create<RepeatedPtrField<...>>(Arena*) instead [-Wdeprecated-declarations]
2026-10-07T02:22:03.5797629Z   416 |         : repeated_field_(arena), prototype_(prototype) {}
2026-10-07T02:22:03.5857479Z       |           ^~~~~~~~~~~~~~~~~~~~~~
2026-10-07T02:22:03.5918238Z In file included from bazel-out/k8-opt/bin/external/protobuf+/src/google/protobuf/_virtual_includes/protobuf_lite/google/protobuf/repeated_field.h:46,
2026-10-07T02:22:03.5948129Z                  from bazel-out/k8-opt/bin/external/protobuf+/src/google/protobuf/_virtual_includes/protobuf_lite/google/protobuf/parse_context.h:39,
2026-10-07T02:22:03.5998244Z                  from bazel-out/k8-opt/bin/external/protobuf+/src/google/protobuf/_virtual_includes/protobuf_lite/google/protobuf/generated_message_tctable_decl.h:25,
2026-10-07T02:22:03.6050503Z                  from bazel-out/k8-opt/bin/external/protobuf+/src/google/protobuf/_virtual_includes/protobuf_lite/google/protobuf/extension_set.h:40,
2026-10-07T02:22:03.6081493Z                  from bazel-out/k8-opt/bin/external/protobuf+/src/google/protobuf/_virtual_includes/protobuf/google/protobuf/descriptor.h:56,
2026-10-07T02:22:03.6098131Z                  from bazel-out/k8-opt/bin/external/protobuf+/src/google/protobuf/_virtual_includes/protobuf/google/protobuf/generated_message_reflection.h:26,
2026-10-07T02:22:03.6127756Z                  from external/protobuf+/src/google/protobuf/generated_message_reflection.cc:12:
2026-10-07T02:22:03.6158008Z bazel-out/k8-opt/bin/external/protobuf+/src/google/protobuf/_virtual_includes/protobuf_lite/google/protobuf/repeated_ptr_field.h:1380:8: note: declared here
2026-10-07T02:22:03.6159378Z  1380 | inline RepeatedPtrField<Element>::RepeatedPtrField(Arena* arena)
2026-10-07T02:22:03.6189125Z       |        ^~~~~~~~~~~~~~~~~~~~~~~~~
2026-10-07T02:22:03.6218771Z external/protobuf+/src/google/protobuf/generated_message_reflection.cc: In member function 'const google::protobuf::Message* google::protobuf::Reflection::GetDefaultMessageInstance(const google::protobuf::FieldDescriptor*) const':
2026-10-07T02:22:03.6248240Z external/protobuf+/src/google/protobuf/generated_message_reflection.cc:2526:55: warning: 'bool google::protobuf::FieldOptions::weak() const' is deprecated [-Wdeprecated-declarations]
2026-10-07T02:22:03.6277556Z  2526 |   if (!field->is_extension() && !field->options().weak() &&
2026-10-07T02:22:03.6278413Z       |                                  ~~~~~~~~~~~~~~~~~~~~~^~
2026-10-07T02:22:03.6307846Z In file included from external/protobuf+/src/google/protobuf/generated_message_reflection.cc:41:
2026-10-07T02:22:03.6309380Z bazel-out/k8-opt/bin/external/protobuf+/src/google/protobuf/_virtual_includes/protobuf/google/protobuf/descriptor.pb.h:18861:13: note: declared here
2026-10-07T02:22:03.6347511Z 18861 | inline bool FieldOptions::weak() const {
2026-10-07T02:22:03.6367504Z       |             ^~~~~~~~~~~~
2026-10-07T02:22:03.6377692Z In file included from external/abseil-cpp+/absl/log/internal/check_impl.h:20,
2026-10-07T02:22:03.6417521Z                  from external/abseil-cpp+/absl/log/absl_check.h:38,
2026-10-07T02:22:03.6428293Z                  from bazel-out/k8-opt/bin/external/protobuf+/src/google/protobuf/_virtual_includes/protobuf/google/protobuf/generated_message_reflection.h:25:
2026-10-07T02:22:03.6458722Z external/protobuf+/src/google/protobuf/generated_message_reflection.cc: In member function 'bool google::protobuf::Reflection::HasFieldWithHasbits(const google::protobuf::Message&, const google::protobuf::FieldDescriptor*) const':
2026-10-07T02:22:03.6478358Z external/protobuf+/src/google/protobuf/generated_message_reflection.cc:3290:37: warning: 'bool google::protobuf::FieldOptions::weak() const' is deprecated [-Wdeprecated-declarations]
2026-10-07T02:22:03.6507468Z  3290 |   ABSL_DCHECK(!field->options().weak());
2026-10-07T02:22:03.6517543Z       |                ~~~~~~~~~~~~~~~~~~~~~^~
2026-10-07T02:22:03.6548332Z external/abseil-cpp+/absl/log/internal/conditions.h:68:7: note: in definition of macro 'ABSL_LOG_INTERNAL_STATELESS_CONDITION'
2026-10-07T02:22:03.6568575Z    68 |     !(condition) ? (void)0 : ::absl::log_internal::Voidify() &&
2026-10-07T02:22:03.6577513Z       |       ^~~~~~~~~
2026-10-07T02:22:03.6608161Z external/abseil-cpp+/absl/log/internal/check_impl.h:26:3: note: in expansion of macro 'ABSL_LOG_INTERNAL_CONDITION_FATAL'
2026-10-07T02:22:03.6637715Z    26 |   ABSL_LOG_INTERNAL_CONDITION_FATAL(STATELESS,                        \
2026-10-07T02:22:03.6647444Z       |   ^~~~~~~~~~~~~~~~~~~~~~~~~~~~~~~~~
2026-10-07T02:22:03.6667917Z external/abseil-cpp+/absl/log/internal/check_impl.h:27:37: note: in expansion of macro 'ABSL_PREDICT_FALSE'
2026-10-07T02:22:03.6697575Z    27 |                                     ABSL_PREDICT_FALSE(!(condition))) \
2026-10-07T02:22:03.6707605Z       |                                     ^~~~~~~~~~~~~~~~~~
2026-10-07T02:22:03.6727991Z external/abseil-cpp+/absl/log/internal/check_impl.h:43:3: note: in expansion of macro 'ABSL_LOG_INTERNAL_CHECK_IMPL'
2026-10-07T02:22:03.6729121Z    43 |   ABSL_LOG_INTERNAL_CHECK_IMPL(true || (condition), "true")
2026-10-07T02:22:03.6729722Z       |   ^~~~~~~~~~~~~~~~~~~~~~~~~~~~
2026-10-07T02:22:03.6730539Z external/abseil-cpp+/absl/log/absl_check.h:47:3: note: in expansion of macro 'ABSL_LOG_INTERNAL_DCHECK_IMPL'
2026-10-07T02:22:03.6731458Z    47 |   ABSL_LOG_INTERNAL_DCHECK_IMPL((condition), #condition)
2026-10-07T02:22:03.6732035Z       |   ^~~~~~~~~~~~~~~~~~~~~~~~~~~~~
2026-10-07T02:22:03.6732973Z external/protobuf+/src/google/protobuf/generated_message_reflection.cc:3290:3: note: in expansion of macro 'ABSL_DCHECK'
2026-10-07T02:22:03.6734031Z  3290 |   ABSL_DCHECK(!field->options().weak());
2026-10-07T02:22:03.6734589Z       |   ^~~~~~~~~~~
2026-10-07T02:22:03.6735610Z bazel-out/k8-opt/bin/external/protobuf+/src/google/protobuf/_virtual_includes/protobuf/google/protobuf/descriptor.pb.h:18861:13: note: declared here
2026-10-07T02:22:03.6757628Z 18861 | inline bool FieldOptions::weak() const {
2026-10-07T02:22:03.6787405Z       |             ^~~~~~~~~~~~
2026-10-07T02:22:03.6789057Z external/protobuf+/src/google/protobuf/generated_message_reflection.cc: In member function 'void google::protobuf::Reflection::SetHasBit(google::protobuf::Message*, const google::protobuf::FieldDescriptor*) const':
2026-10-07T02:22:03.6818373Z external/protobuf+/src/google/protobuf/generated_message_reflection.cc:3323:37: warning: 'bool google::protobuf::FieldOptions::weak() const' is deprecated [-Wdeprecated-declarations]
2026-10-07T02:22:03.6847494Z  3323 |   ABSL_DCHECK(!field->options().weak());
2026-10-07T02:22:03.6848074Z       |                ~~~~~~~~~~~~~~~~~~~~~^~
2026-10-07T02:22:03.6897972Z external/abseil-cpp+/absl/log/internal/conditions.h:68:7: note: in definition of macro 'ABSL_LOG_INTERNAL_STATELESS_CONDITION'
2026-10-07T02:22:03.6907730Z    68 |     !(condition) ? (void)0 : ::absl::log_internal::Voidify() &&
2026-10-07T02:22:03.6937409Z       |       ^~~~~~~~~
2026-10-07T02:22:03.6947968Z external/abseil-cpp+/absl/log/internal/check_impl.h:26:3: note: in expansion of macro 'ABSL_LOG_INTERNAL_CONDITION_FATAL'
2026-10-07T02:22:03.6967777Z    26 |   ABSL_LOG_INTERNAL_CONDITION_FATAL(STATELESS,                        \
2026-10-07T02:22:03.6997443Z       |   ^~~~~~~~~~~~~~~~~~~~~~~~~~~~~~~~~
2026-10-07T02:22:03.7008022Z external/abseil-cpp+/absl/log/internal/check_impl.h:27:37: note: in expansion of macro 'ABSL_PREDICT_FALSE'
2026-10-07T02:22:03.7037531Z    27 |                                     ABSL_PREDICT_FALSE(!(condition))) \
2026-10-07T02:22:03.7057478Z       |                                     ^~~~~~~~~~~~~~~~~~
2026-10-07T02:22:03.7088023Z external/abseil-cpp+/absl/log/internal/check_impl.h:43:3: note: in expansion of macro 'ABSL_LOG_INTERNAL_CHECK_IMPL'
2026-10-07T02:22:03.7097530Z    43 |   ABSL_LOG_INTERNAL_CHECK_IMPL(true || (condition), "true")
2026-10-07T02:22:03.7127397Z       |   ^~~~~~~~~~~~~~~~~~~~~~~~~~~~
2026-10-07T02:22:03.7148379Z external/abseil-cpp+/absl/log/absl_check.h:47:3: note: in expansion of macro 'ABSL_LOG_INTERNAL_DCHECK_IMPL'
2026-10-07T02:22:03.7157538Z    47 |   ABSL_LOG_INTERNAL_DCHECK_IMPL((condition), #condition)
2026-10-07T02:22:03.7187401Z       |   ^~~~~~~~~~~~~~~~~~~~~~~~~~~~~
2026-10-07T02:22:03.7208148Z external/protobuf+/src/google/protobuf/generated_message_reflection.cc:3323:3: note: in expansion of macro 'ABSL_DCHECK'
2026-10-07T02:22:03.7211138Z  3323 |   ABSL_DCHECK(!field->options().weak());
2026-10-07T02:22:03.7211851Z       |   ^~~~~~~~~~~
2026-10-07T02:22:03.7213349Z bazel-out/k8-opt/bin/external/protobuf+/src/google/protobuf/_virtual_includes/protobuf/google/protobuf/descriptor.pb.h:18861:13: note: declared here
2026-10-07T02:22:03.7214844Z 18861 | inline bool FieldOptions::weak() const {
2026-10-07T02:22:03.7215526Z       |             ^~~~~~~~~~~~
2026-10-07T02:22:03.7217506Z external/protobuf+/src/google/protobuf/generated_message_reflection.cc: In member function 'void google::protobuf::Reflection::ClearHasBit(google::protobuf::Message*, const google::protobuf::FieldDescriptor*) const':
2026-10-07T02:22:03.7220080Z external/protobuf+/src/google/protobuf/generated_message_reflection.cc:3332:37: warning: 'bool google::protobuf::FieldOptions::weak() const' is deprecated [-Wdeprecated-declarations]
2026-10-07T02:22:03.7277740Z  3332 |   ABSL_DCHECK(!field->options().weak());
2026-10-07T02:22:03.7307690Z       |                ~~~~~~~~~~~~~~~~~~~~~^~
2026-10-07T02:22:03.7338011Z external/abseil-cpp+/absl/log/internal/conditions.h:68:7: note: in definition of macro 'ABSL_LOG_INTERNAL_STATELESS_CONDITION'
2026-10-07T02:22:03.7367579Z    68 |     !(condition) ? (void)0 : ::absl::log_internal::Voidify() &&
2026-10-07T02:22:03.7368142Z       |       ^~~~~~~~~
2026-10-07T02:22:03.7369032Z external/abseil-cpp+/absl/log/internal/check_impl.h:26:3: note: in expansion of macro 'ABSL_LOG_INTERNAL_CONDITION_FATAL'
2026-10-07T02:22:03.7397671Z    26 |   ABSL_LOG_INTERNAL_CONDITION_FATAL(STATELESS,                        \
2026-10-07T02:22:03.7427479Z       |   ^~~~~~~~~~~~~~~~~~~~~~~~~~~~~~~~~
2026-10-07T02:22:03.7428431Z external/abseil-cpp+/absl/log/internal/check_impl.h:27:37: note: in expansion of macro 'ABSL_PREDICT_FALSE'
2026-10-07T02:22:03.7429425Z    27 |                                     ABSL_PREDICT_FALSE(!(condition))) \
2026-10-07T02:22:03.7430080Z       |                                     ^~~~~~~~~~~~~~~~~~
2026-10-07T02:22:03.7431070Z external/abseil-cpp+/absl/log/internal/check_impl.h:43:3: note: in expansion of macro 'ABSL_LOG_INTERNAL_CHECK_IMPL'
2026-10-07T02:22:03.7432161Z    43 |   ABSL_LOG_INTERNAL_CHECK_IMPL(true || (condition), "true")
2026-10-07T02:22:03.7432760Z       |   ^~~~~~~~~~~~~~~~~~~~~~~~~~~~
2026-10-07T02:22:03.7433625Z external/abseil-cpp+/absl/log/absl_check.h:47:3: note: in expansion of macro 'ABSL_LOG_INTERNAL_DCHECK_IMPL'
2026-10-07T02:22:03.7434633Z    47 |   ABSL_LOG_INTERNAL_DCHECK_IMPL((condition), #condition)
2026-10-07T02:22:03.7435234Z       |   ^~~~~~~~~~~~~~~~~~~~~~~~~~~~~
2026-10-07T02:22:03.7436242Z external/protobuf+/src/google/protobuf/generated_message_reflection.cc:3332:3: note: in expansion of macro 'ABSL_DCHECK'
2026-10-07T02:22:03.7438048Z  3332 |   ABSL_DCHECK(!field->options().weak());
2026-10-07T02:22:03.7438574Z       |   ^~~~~~~~~~~
2026-10-07T02:22:03.7439681Z bazel-out/k8-opt/bin/external/protobuf+/src/google/protobuf/_virtual_includes/protobuf/google/protobuf/descriptor.pb.h:18861:13: note: declared here
2026-10-07T02:22:03.7467512Z 18861 | inline bool FieldOptions::weak() const {
2026-10-07T02:22:03.7497526Z       |             ^~~~~~~~~~~~
2026-10-07T02:22:03.7499329Z external/protobuf+/src/google/protobuf/generated_message_reflection.cc: In member function 'void google::protobuf::Reflection::NaiveSwapHasBit(google::protobuf::Message*, google::protobuf::Message*, const google::protobuf::FieldDescriptor*) const':
2026-10-07T02:22:03.7528691Z external/protobuf+/src/google/protobuf/generated_message_reflection.cc:3341:37: warning: 'bool google::protobuf::FieldOptions::weak() const' is deprecated [-Wdeprecated-declarations]
2026-10-07T02:22:03.7557592Z  3341 |   ABSL_DCHECK(!field->options().weak());
2026-10-07T02:22:03.7558151Z       |                ~~~~~~~~~~~~~~~~~~~~~^~
2026-10-07T02:22:03.7559152Z external/abseil-cpp+/absl/log/internal/conditions.h:68:7: note: in definition of macro 'ABSL_LOG_INTERNAL_STATELESS_CONDITION'
2026-10-07T02:22:03.7587642Z    68 |     !(condition) ? (void)0 : ::absl::log_internal::Voidify() &&
2026-10-07T02:22:03.7588302Z       |       ^~~~~~~~~
2026-10-07T02:22:03.7618046Z external/abseil-cpp+/absl/log/internal/check_impl.h:26:3: note: in expansion of macro 'ABSL_LOG_INTERNAL_CONDITION_FATAL'
2026-10-07T02:22:03.7647676Z    26 |   ABSL_LOG_INTERNAL_CONDITION_FATAL(STATELESS,                        \
2026-10-07T02:22:03.7648414Z       |   ^~~~~~~~~~~~~~~~~~~~~~~~~~~~~~~~~
2026-10-07T02:22:03.7677916Z external/abseil-cpp+/absl/log/internal/check_impl.h:27:37: note: in expansion of macro 'ABSL_PREDICT_FALSE'
2026-10-07T02:22:03.7678953Z    27 |                                     ABSL_PREDICT_FALSE(!(condition))) \
2026-10-07T02:22:03.7679586Z       |                                     ^~~~~~~~~~~~~~~~~~
2026-10-07T02:22:03.7680497Z external/abseil-cpp+/absl/log/internal/check_impl.h:43:3: note: in expansion of macro 'ABSL_LOG_INTERNAL_CHECK_IMPL'
2026-10-07T02:22:03.7681566Z    43 |   ABSL_LOG_INTERNAL_CHECK_IMPL(true || (condition), "true")
2026-10-07T02:22:03.7682185Z       |   ^~~~~~~~~~~~~~~~~~~~~~~~~~~~
2026-10-07T02:22:03.7683002Z external/abseil-cpp+/absl/log/absl_check.h:47:3: note: in expansion of macro 'ABSL_LOG_INTERNAL_DCHECK_IMPL'
2026-10-07T02:22:03.7683971Z    47 |   ABSL_LOG_INTERNAL_DCHECK_IMPL((condition), #condition)
2026-10-07T02:22:03.7684550Z       |   ^~~~~~~~~~~~~~~~~~~~~~~~~~~~~
2026-10-07T02:22:03.7685476Z external/protobuf+/src/google/protobuf/generated_message_reflection.cc:3341:3: note: in expansion of macro 'ABSL_DCHECK'
2026-10-07T02:22:03.7686486Z  3341 |   ABSL_DCHECK(!field->options().weak());
2026-10-07T02:22:03.7687165Z       |   ^~~~~~~~~~~
2026-10-07T02:22:03.7688169Z bazel-out/k8-opt/bin/external/protobuf+/src/google/protobuf/_virtual_includes/protobuf/google/protobuf/descriptor.pb.h:18861:13: note: declared here
2026-10-07T02:22:03.7689333Z 18861 | inline bool FieldOptions::weak() const {
2026-10-07T02:22:03.7689804Z       |             ^~~~~~~~~~~~
2026-10-07T02:22:03.7693905Z bazel-out/k8-opt/bin/external/protobuf+/src/google/protobuf/_virtual_includes/protobuf/google/protobuf/reflection_visit_fields.h: In instantiation of 'static void google::protobuf::internal::ReflectionVisit::VisitFields(MessageT&, CallbackFn&&, google::protobuf::internal::FieldMask) [with MessageT = google::protobuf::Message; CallbackFn = google::protobuf::internal::ReflectionVisit::VisitMessageFields<google::protobuf::Reflection::MaybePoisonAfterClear(google::protobuf::Message&) const::<lambda(google::protobuf::Message&)> >(google::protobuf::Message&, google::protobuf::Reflection::MaybePoisonAfterClear(google::protobuf::Message&) const::<lambda(google::protobuf::Message&)>&&)::<lambda(auto:42)>]':
2026-10-07T02:22:03.7709904Z bazel-out/k8-opt/bin/external/protobuf+/src/google/protobuf/_virtual_includes/protobuf/google/protobuf/reflection_visit_fields.h:447:31:   required from 'static void google::protobuf::internal::ReflectionVisit::VisitMessageFields(google::protobuf::Message&, CallbackFn&&) [with CallbackFn = google::protobuf::Reflection::MaybePoisonAfterClear(google::protobuf::Message&) const::<lambda(google::protobuf::Message&)>]'
2026-10-07T02:22:03.7714953Z bazel-out/k8-opt/bin/external/protobuf+/src/google/protobuf/_virtual_includes/protobuf/google/protobuf/reflection_visit_fields.h:502:38:   required from 'void google::protobuf::internal::VisitMutableMessageFields(google::protobuf::Message&, CallbackFn&&) [with CallbackFn = google::protobuf::Reflection::MaybePoisonAfterClear(google::protobuf::Message&) const::<lambda(google::protobuf::Message&)>]'
2026-10-07T02:22:03.7748177Z external/protobuf+/src/google/protobuf/generated_message_reflection.cc:1390:40:   required from here
2026-10-07T02:22:03.7788724Z bazel-out/k8-opt/bin/external/protobuf+/src/google/protobuf/_virtual_includes/protobuf/google/protobuf/reflection_visit_fields.h:109:39: warning: 'bool google::protobuf::FieldOptions::weak() const' is deprecated [-Wdeprecated-declarations]
2026-10-07T02:22:03.7807823Z   109 |     ABSL_DCHECK(!field->options().weak()) << "weak fields are not supported";
2026-10-07T02:22:03.7817553Z       |                  ~~~~~~~~~~~~~~~~~~~~~^~
2026-10-07T02:22:03.7837967Z external/abseil-cpp+/absl/log/internal/conditions.h:68:7: note: in definition of macro 'ABSL_LOG_INTERNAL_STATELESS_CONDITION'
2026-10-07T02:22:03.7867804Z    68 |     !(condition) ? (void)0 : ::absl::log_internal::Voidify() &&
2026-10-07T02:22:03.7877781Z       |       ^~~~~~~~~
2026-10-07T02:22:03.7907953Z external/abseil-cpp+/absl/log/internal/check_impl.h:26:3: note: in expansion of macro 'ABSL_LOG_INTERNAL_CONDITION_FATAL'
2026-10-07T02:22:03.7927699Z    26 |   ABSL_LOG_INTERNAL_CONDITION_FATAL(STATELESS,                        \
2026-10-07T02:22:03.7928394Z       |   ^~~~~~~~~~~~~~~~~~~~~~~~~~~~~~~~~
2026-10-07T02:22:03.7929247Z external/abseil-cpp+/absl/log/internal/check_impl.h:27:37: note: in expansion of macro 'ABSL_PREDICT_FALSE'
2026-10-07T02:22:03.7930137Z    27 |                                     ABSL_PREDICT_FALSE(!(condition))) \
2026-10-07T02:22:03.7930709Z       |                                     ^~~~~~~~~~~~~~~~~~
2026-10-07T02:22:03.7931618Z external/abseil-cpp+/absl/log/internal/check_impl.h:43:3: note: in expansion of macro 'ABSL_LOG_INTERNAL_CHECK_IMPL'
2026-10-07T02:22:03.7932641Z    43 |   ABSL_LOG_INTERNAL_CHECK_IMPL(true || (condition), "true")
2026-10-07T02:22:03.7933267Z       |   ^~~~~~~~~~~~~~~~~~~~~~~~~~~~
2026-10-07T02:22:03.7934086Z external/abseil-cpp+/absl/log/absl_check.h:47:3: note: in expansion of macro 'ABSL_LOG_INTERNAL_DCHECK_IMPL'
2026-10-07T02:22:03.7935078Z    47 |   ABSL_LOG_INTERNAL_DCHECK_IMPL((condition), #condition)
2026-10-07T02:22:03.7935679Z       |   ^~~~~~~~~~~~~~~~~~~~~~~~~~~~~
2026-10-07T02:22:03.7937254Z bazel-out/k8-opt/bin/external/protobuf+/src/google/protobuf/_virtual_includes/protobuf/google/protobuf/reflection_visit_fields.h:109:5: note: in expansion of macro 'ABSL_DCHECK'
2026-10-07T02:22:03.7939052Z   109 |     ABSL_DCHECK(!field->options().weak()) << "weak fields are not supported";
2026-10-07T02:22:03.7939728Z       |     ^~~~~~~~~~~
2026-10-07T02:22:03.7940721Z bazel-out/k8-opt/bin/external/protobuf+/src/google/protobuf/_virtual_includes/protobuf/google/protobuf/descriptor.pb.h:18861:13: note: declared here
2026-10-07T02:22:03.7941972Z 18861 | inline bool FieldOptions::weak() const {
2026-10-07T02:22:03.7942485Z       |             ^~~~~~~~~~~~
2026-10-07T02:22:03.7944151Z bazel-out/k8-opt/bin/external/protobuf+/src/google/protobuf/_virtual_includes/protobuf/google/protobuf/reflection_visit_fields.h:109:39: warning: 'bool google::protobuf::FieldOptions::weak() const' is deprecated [-Wdeprecated-declarations]
2026-10-07T02:22:03.7946161Z   109 |     ABSL_DCHECK(!field->options().weak()) << "weak fields are not supported";
2026-10-07T02:22:03.7947457Z       |                  ~~~~~~~~~~~~~~~~~~~~~^~
2026-10-07T02:22:03.7948461Z external/abseil-cpp+/absl/log/internal/conditions.h:68:7: note: in definition of macro 'ABSL_LOG_INTERNAL_STATELESS_CONDITION'
2026-10-07T02:22:03.7949605Z    68 |     !(condition) ? (void)0 : ::absl::log_internal::Voidify() &&
2026-10-07T02:22:03.7950200Z       |       ^~~~~~~~~
2026-10-07T02:22:03.7951073Z external/abseil-cpp+/absl/log/internal/check_impl.h:26:3: note: in expansion of macro 'ABSL_LOG_INTERNAL_CONDITION_FATAL'
2026-10-07T02:22:03.7952193Z    26 |   ABSL_LOG_INTERNAL_CONDITION_FATAL(STATELESS,                        \
2026-10-07T02:22:03.7952855Z       |   ^~~~~~~~~~~~~~~~~~~~~~~~~~~~~~~~~
2026-10-07T02:22:03.7953734Z external/abseil-cpp+/absl/log/internal/check_impl.h:27:37: note: in expansion of macro 'ABSL_PREDICT_FALSE'
2026-10-07T02:22:03.7954951Z    27 |                                     ABSL_PREDICT_FALSE(!(condition))) \
2026-10-07T02:22:03.7955585Z       |                                     ^~~~~~~~~~~~~~~~~~
2026-10-07T02:22:03.7956528Z external/abseil-cpp+/absl/log/internal/check_impl.h:43:3: note: in expansion of macro 'ABSL_LOG_INTERNAL_CHECK_IMPL'
2026-10-07T02:22:03.7987910Z    43 |   ABSL_LOG_INTERNAL_CHECK_IMPL(true || (condition), "true")
2026-10-07T02:22:03.7988508Z       |   ^~~~~~~~~~~~~~~~~~~~~~~~~~~~
2026-10-07T02:22:03.7989363Z external/abseil-cpp+/absl/log/absl_check.h:47:3: note: in expansion of macro 'ABSL_LOG_INTERNAL_DCHECK_IMPL'
2026-10-07T02:22:03.7990329Z    47 |   ABSL_LOG_INTERNAL_DCHECK_IMPL((condition), #condition)
2026-10-07T02:22:03.7990892Z       |   ^~~~~~~~~~~~~~~~~~~~~~~~~~~~~
2026-10-07T02:22:03.7992217Z bazel-out/k8-opt/bin/external/protobuf+/src/google/protobuf/_virtual_includes/protobuf/google/protobuf/reflection_visit_fields.h:109:5: note: in expansion of macro 'ABSL_DCHECK'
2026-10-07T02:22:03.7993809Z   109 |     ABSL_DCHECK(!field->options().weak()) << "weak fields are not supported";
2026-10-07T02:22:03.7994507Z       |     ^~~~~~~~~~~
2026-10-07T02:22:03.7995586Z bazel-out/k8-opt/bin/external/protobuf+/src/google/protobuf/_virtual_includes/protobuf/google/protobuf/descriptor.pb.h:18861:13: note: declared here
2026-10-07T02:22:03.7996808Z 18861 | inline bool FieldOptions::weak() const {
2026-10-07T02:22:03.7997592Z       |             ^~~~~~~~~~~~
2026-10-07T02:22:03.8808205Z INFO: From Compiling src/google/protobuf/compiler/cpp/field_chunk.cc [for tool]:
2026-10-07T02:22:03.8838432Z In file included from bazel-out/k8-opt-exec-ST-d57f47055a04/bin/external/protobuf+/src/google/protobuf/compiler/cpp/_virtual_includes/cpp/google/protobuf/compiler/cpp/field_chunk.h:10,
2026-10-07T02:22:03.8859191Z                  from external/protobuf+/src/google/protobuf/compiler/cpp/field_chunk.cc:1:
2026-10-07T02:22:03.8909185Z bazel-out/k8-opt-exec-ST-d57f47055a04/bin/external/protobuf+/src/google/protobuf/compiler/cpp/_virtual_includes/names_internal/google/protobuf/compiler/cpp/helpers.h: In function 'bool google::protobuf::compiler::cpp::IsWeak(const google::protobuf::FieldDescriptor*, const Options&)':
2026-10-07T02:22:03.8929013Z bazel-out/k8-opt-exec-ST-d57f47055a04/bin/external/protobuf+/src/google/protobuf/compiler/cpp/_virtual_includes/names_internal/google/protobuf/compiler/cpp/helpers.h:347:28: warning: 'bool google::protobuf::FieldOptions::weak() const' is deprecated [-Wdeprecated-declarations]
2026-10-07T02:22:03.8957585Z   347 |   if (field->options().weak()) {
2026-10-07T02:22:03.8987514Z       |       ~~~~~~~~~~~~~~~~~~~~~^~
2026-10-07T02:22:03.9018487Z In file included from bazel-out/k8-opt-exec-ST-d57f47055a04/bin/external/protobuf+/src/google/protobuf/compiler/_virtual_includes/code_generator_lite/google/protobuf/compiler/code_generator_lite.h:18,
2026-10-07T02:22:03.9048334Z                  from bazel-out/k8-opt-exec-ST-d57f47055a04/bin/external/protobuf+/src/google/protobuf/compiler/_virtual_includes/code_generator/google/protobuf/compiler/code_generator.h:25,
2026-10-07T02:22:03.9078395Z                  from bazel-out/k8-opt-exec-ST-d57f47055a04/bin/external/protobuf+/src/google/protobuf/compiler/cpp/_virtual_includes/names_internal/google/protobuf/compiler/cpp/helpers.h:29:
2026-10-07T02:22:03.9108339Z bazel-out/k8-opt-exec-ST-d57f47055a04/bin/external/protobuf+/src/google/protobuf/_virtual_includes/protobuf/google/protobuf/descriptor.pb.h:18861:13: note: declared here
2026-10-07T02:22:03.9137471Z 18861 | inline bool FieldOptions::weak() const {
2026-10-07T02:22:03.9167478Z       |             ^~~~~~~~~~~~
2026-10-07T02:22:04.1428231Z INFO: From Compiling src/google/protobuf/reflection_ops.cc [for tool]:
2026-10-07T02:22:04.1448356Z In file included from external/protobuf+/src/google/protobuf/reflection_ops.cc:22:
2026-10-07T02:22:04.1509491Z bazel-out/k8-opt-exec-ST-d57f47055a04/bin/external/protobuf+/src/google/protobuf/_virtual_includes/protobuf/google/protobuf/map_field.h: In constructor 'google::protobuf::internal::MapFieldBase::ReflectionPayload::ReflectionPayload(google::protobuf::Arena*, const google::protobuf::Message*)':
2026-10-07T02:22:04.1539592Z bazel-out/k8-opt-exec-ST-d57f47055a04/bin/external/protobuf+/src/google/protobuf/_virtual_includes/protobuf/google/protobuf/map_field.h:416:11: warning: 'google::protobuf::RepeatedPtrField<T>::RepeatedPtrField(google::protobuf::Arena*) [with Element = google::protobuf::Message]' is deprecated: Use Arena::Create<RepeatedPtrField<...>>(Arena*) instead [-Wdeprecated-declarations]
2026-10-07T02:22:04.1597502Z   416 |         : repeated_field_(arena), prototype_(prototype) {}
2026-10-07T02:22:04.1607526Z       |           ^~~~~~~~~~~~~~~~~~~~~~
2026-10-07T02:22:04.1639053Z In file included from bazel-out/k8-opt-exec-ST-d57f47055a04/bin/external/protobuf+/src/google/protobuf/_virtual_includes/protobuf_lite/google/protobuf/repeated_field.h:46,
2026-10-07T02:22:04.1670724Z                  from bazel-out/k8-opt-exec-ST-d57f47055a04/bin/external/protobuf+/src/google/protobuf/_virtual_includes/protobuf_lite/google/protobuf/parse_context.h:39,
2026-10-07T02:22:04.1702218Z                  from bazel-out/k8-opt-exec-ST-d57f47055a04/bin/external/protobuf+/src/google/protobuf/_virtual_includes/protobuf_lite/google/protobuf/generated_message_tctable_decl.h:25,
2026-10-07T02:22:04.1738156Z                  from bazel-out/k8-opt-exec-ST-d57f47055a04/bin/external/protobuf+/src/google/protobuf/_virtual_includes/protobuf_lite/google/protobuf/extension_set.h:40,
2026-10-07T02:22:04.1768067Z                  from bazel-out/k8-opt-exec-ST-d57f47055a04/bin/external/protobuf+/src/google/protobuf/_virtual_includes/protobuf/google/protobuf/descriptor.h:56,
2026-10-07T02:22:04.1798057Z                  from bazel-out/k8-opt-exec-ST-d57f47055a04/bin/external/protobuf+/src/google/protobuf/_virtual_includes/protobuf/google/protobuf/message.h:112,
2026-10-07T02:22:04.1828121Z                  from bazel-out/k8-opt-exec-ST-d57f47055a04/bin/external/protobuf+/src/google/protobuf/_virtual_includes/protobuf/google/protobuf/reflection_ops.h:18,
2026-10-07T02:22:04.1857553Z                  from external/protobuf+/src/google/protobuf/reflection_ops.cc:11:
2026-10-07T02:22:04.1888191Z bazel-out/k8-opt-exec-ST-d57f47055a04/bin/external/protobuf+/src/google/protobuf/_virtual_includes/protobuf_lite/google/protobuf/repeated_ptr_field.h:1380:8: note: declared here
2026-10-07T02:22:04.1917571Z  1380 | inline RepeatedPtrField<Element>::RepeatedPtrField(Arena* arena)
2026-10-07T02:22:04.1937674Z       |        ^~~~~~~~~~~~~~~~~~~~~~~~~
2026-10-07T02:22:04.7584794Z [855 / 944] Compiling src/google/protobuf/compiler/cpp/main.cc [for tool]; 1s processwrapper-sandbox ... (4 actions, 3 running)
2026-10-07T02:22:06.4810858Z [855 / 944] Compiling src/google/protobuf/compiler/cpp/main.cc [for tool]; 2s processwrapper-sandbox ... (4 actions running)
2026-10-07T02:22:08.4815785Z [856 / 944] Compiling src/google/protobuf/compiler/cpp/field_generators/cord_field.cc [for tool]; 4s processwrapper-sandbox ... (4 actions running)
2026-10-07T02:22:09.8038872Z INFO: From Compiling src/google/protobuf/compiler/cpp/field_generators/cord_field.cc [for tool]:
2026-10-07T02:22:09.8061447Z In file included from bazel-out/k8-opt-exec-ST-d57f47055a04/bin/external/protobuf+/src/google/protobuf/compiler/cpp/_virtual_includes/cpp/google/protobuf/compiler/cpp/field.h:26,
2026-10-07T02:22:09.8087917Z                  from external/protobuf+/src/google/protobuf/compiler/cpp/field_generators/cord_field.cc:23:
2026-10-07T02:22:09.8128814Z bazel-out/k8-opt-exec-ST-d57f47055a04/bin/external/protobuf+/src/google/protobuf/compiler/cpp/_virtual_includes/names_internal/google/protobuf/compiler/cpp/helpers.h: In function 'bool google::protobuf::compiler::cpp::IsWeak(const google::protobuf::FieldDescriptor*, const Options&)':
2026-10-07T02:22:09.8150021Z bazel-out/k8-opt-exec-ST-d57f47055a04/bin/external/protobuf+/src/google/protobuf/compiler/cpp/_virtual_includes/names_internal/google/protobuf/compiler/cpp/helpers.h:347:28: warning: 'bool google::protobuf::FieldOptions::weak() const' is deprecated [-Wdeprecated-declarations]
2026-10-07T02:22:09.8177492Z   347 |   if (field->options().weak()) {
2026-10-07T02:22:09.8177943Z       |       ~~~~~~~~~~~~~~~~~~~~~^~
2026-10-07T02:22:09.8179363Z In file included from bazel-out/k8-opt-exec-ST-d57f47055a04/bin/external/protobuf+/src/google/protobuf/compiler/_virtual_includes/code_generator_lite/google/protobuf/compiler/code_generator_lite.h:18,
2026-10-07T02:22:09.8181745Z                  from bazel-out/k8-opt-exec-ST-d57f47055a04/bin/external/protobuf+/src/google/protobuf/compiler/_virtual_includes/code_generator/google/protobuf/compiler/code_generator.h:25,
2026-10-07T02:22:09.8183872Z                  from bazel-out/k8-opt-exec-ST-d57f47055a04/bin/external/protobuf+/src/google/protobuf/compiler/cpp/_virtual_includes/names_internal/google/protobuf/compiler/cpp/helpers.h:29:
2026-10-07T02:22:09.8185900Z bazel-out/k8-opt-exec-ST-d57f47055a04/bin/external/protobuf+/src/google/protobuf/_virtual_includes/protobuf/google/protobuf/descriptor.pb.h:18861:13: note: declared here
2026-10-07T02:22:09.8187334Z 18861 | inline bool FieldOptions::weak() const {
2026-10-07T02:22:09.8187784Z       |             ^~~~~~~~~~~~
2026-10-07T02:22:09.8188592Z [857 / 944] Compiling src/google/protobuf/compiler/cpp/helpers.cc [for tool]; 5s processwrapper-sandbox ... (4 actions, 3 running)
2026-10-07T02:22:11.4821247Z [857 / 944] Compiling src/google/protobuf/compiler/cpp/helpers.cc [for tool]; 7s processwrapper-sandbox ... (4 actions running)
2026-10-07T02:22:12.3788105Z INFO: From Compiling src/google/protobuf/compiler/cpp/tracker.cc [for tool]:
2026-10-07T02:22:12.3817778Z In file included from external/protobuf+/src/google/protobuf/compiler/cpp/tracker.cc:20:
2026-10-07T02:22:12.3859011Z bazel-out/k8-opt-exec-ST-d57f47055a04/bin/external/protobuf+/src/google/protobuf/compiler/cpp/_virtual_includes/names_internal/google/protobuf/compiler/cpp/helpers.h: In function 'bool google::protobuf::compiler::cpp::IsWeak(const google::protobuf::FieldDescriptor*, const Options&)':
2026-10-07T02:22:12.3862638Z bazel-out/k8-opt-exec-ST-d57f47055a04/bin/external/protobuf+/src/google/protobuf/compiler/cpp/_virtual_includes/names_internal/google/protobuf/compiler/cpp/helpers.h:347:28: warning: 'bool google::protobuf::FieldOptions::weak() const' is deprecated [-Wdeprecated-declarations]
2026-10-07T02:22:12.3864661Z   347 |   if (field->options().weak()) {
2026-10-07T02:22:12.3865169Z       |       ~~~~~~~~~~~~~~~~~~~~~^~
2026-10-07T02:22:12.3866650Z In file included from bazel-out/k8-opt-exec-ST-d57f47055a04/bin/external/protobuf+/src/google/protobuf/compiler/_virtual_includes/code_generator_lite/google/protobuf/compiler/code_generator_lite.h:18,
2026-10-07T02:22:12.3869356Z                  from bazel-out/k8-opt-exec-ST-d57f47055a04/bin/external/protobuf+/src/google/protobuf/compiler/_virtual_includes/code_generator/google/protobuf/compiler/code_generator.h:25,
2026-10-07T02:22:12.3871646Z                  from bazel-out/k8-opt-exec-ST-d57f47055a04/bin/external/protobuf+/src/google/protobuf/compiler/cpp/_virtual_includes/names_internal/google/protobuf/compiler/cpp/helpers.h:29:
2026-10-07T02:22:12.3874372Z bazel-out/k8-opt-exec-ST-d57f47055a04/bin/external/protobuf+/src/google/protobuf/_virtual_includes/protobuf/google/protobuf/descriptor.pb.h:18861:13: note: declared here
2026-10-07T02:22:12.3875772Z 18861 | inline bool FieldOptions::weak() const {
2026-10-07T02:22:12.3876300Z       |             ^~~~~~~~~~~~
2026-10-07T02:22:12.4878515Z [858 / 944] Compiling src/google/protobuf/compiler/cpp/helpers.cc [for tool]; 8s processwrapper-sandbox ... (4 actions running)
2026-10-07T02:22:13.8035797Z INFO: From Compiling src/google/protobuf/text_format.cc [for tool]:
2026-10-07T02:22:13.8067982Z In file included from external/protobuf+/src/google/protobuf/text_format.cc:54:
2026-10-07T02:22:13.8089485Z bazel-out/k8-opt-exec-ST-d57f47055a04/bin/external/protobuf+/src/google/protobuf/_virtual_includes/protobuf/google/protobuf/map_field.h: In constructor 'google::protobuf::internal::MapFieldBase::ReflectionPayload::ReflectionPayload(google::protobuf::Arena*, const google::protobuf::Message*)':
2026-10-07T02:22:13.8099806Z bazel-out/k8-opt-exec-ST-d57f47055a04/bin/external/protobuf+/src/google/protobuf/_virtual_includes/protobuf/google/protobuf/map_field.h:416:11: warning: 'google::protobuf::RepeatedPtrField<T>::RepeatedPtrField(google::protobuf::Arena*) [with Element = google::protobuf::Message]' is deprecated: Use Arena::Create<RepeatedPtrField<...>>(Arena*) instead [-Wdeprecated-declarations]
2026-10-07T02:22:13.8127649Z   416 |         : repeated_field_(arena), prototype_(prototype) {}
2026-10-07T02:22:13.8157540Z       |           ^~~~~~~~~~~~~~~~~~~~~~
2026-10-07T02:22:13.8178410Z In file included from bazel-out/k8-opt-exec-ST-d57f47055a04/bin/external/protobuf+/src/google/protobuf/_virtual_includes/protobuf_lite/google/protobuf/repeated_field.h:46,
2026-10-07T02:22:13.8188385Z                  from bazel-out/k8-opt-exec-ST-d57f47055a04/bin/external/protobuf+/src/google/protobuf/_virtual_includes/protobuf_lite/google/protobuf/parse_context.h:39,
2026-10-07T02:22:13.8218377Z                  from bazel-out/k8-opt-exec-ST-d57f47055a04/bin/external/protobuf+/src/google/protobuf/_virtual_includes/protobuf_lite/google/protobuf/generated_message_tctable_decl.h:25,
2026-10-07T02:22:13.8248294Z                  from bazel-out/k8-opt-exec-ST-d57f47055a04/bin/external/protobuf+/src/google/protobuf/_virtual_includes/protobuf_lite/google/protobuf/extension_set.h:40,
2026-10-07T02:22:13.8256164Z                  from bazel-out/k8-opt-exec-ST-d57f47055a04/bin/external/protobuf+/src/google/protobuf/_virtual_includes/protobuf/google/protobuf/descriptor.h:56,
2026-10-07T02:22:13.8278273Z                  from bazel-out/k8-opt-exec-ST-d57f47055a04/bin/external/protobuf+/src/google/protobuf/_virtual_includes/protobuf/google/protobuf/text_format.h:27,
2026-10-07T02:22:13.8307698Z                  from external/protobuf+/src/google/protobuf/text_format.cc:12:
2026-10-07T02:22:13.8338498Z bazel-out/k8-opt-exec-ST-d57f47055a04/bin/external/protobuf+/src/google/protobuf/_virtual_includes/protobuf_lite/google/protobuf/repeated_ptr_field.h:1380:8: note: declared here
2026-10-07T02:22:13.8357757Z  1380 | inline RepeatedPtrField<Element>::RepeatedPtrField(Arena* arena)
2026-10-07T02:22:13.8367515Z       |        ^~~~~~~~~~~~~~~~~~~~~~~~~
2026-10-07T02:22:13.8398420Z external/protobuf+/src/google/protobuf/text_format.cc: In member function 'bool google::protobuf::TextFormat::Parser::ParserImpl::ConsumeField(google::protobuf::Message*)':
2026-10-07T02:22:13.8428299Z external/protobuf+/src/google/protobuf/text_format.cc:663:54: warning: 'bool google::protobuf::FieldOptions::weak() const' is deprecated [-Wdeprecated-declarations]
2026-10-07T02:22:13.8437717Z   663 |       if (consumed_semicolon && field->options().weak() &&
2026-10-07T02:22:13.8457683Z       |                                 ~~~~~~~~~~~~~~~~~~~~~^~
2026-10-07T02:22:13.8487875Z In file included from external/protobuf+/src/google/protobuf/text_format.cc:46:
2026-10-07T02:22:13.8518408Z bazel-out/k8-opt-exec-ST-d57f47055a04/bin/external/protobuf+/src/google/protobuf/_virtual_includes/protobuf/google/protobuf/descriptor.pb.h:18861:13: note: declared here
2026-10-07T02:22:13.8520250Z 18861 | inline bool FieldOptions::weak() const {
2026-10-07T02:22:13.8547539Z       |             ^~~~~~~~~~~~
2026-10-07T02:22:13.8578216Z [859 / 944] Compiling src/google/protobuf/compiler/cpp/helpers.cc [for tool]; 9s processwrapper-sandbox ... (4 actions, 3 running)
2026-10-07T02:22:15.4862689Z [859 / 944] Compiling src/google/protobuf/compiler/cpp/helpers.cc [for tool]; 11s processwrapper-sandbox ... (4 actions running)
2026-10-07T02:22:15.9428445Z INFO: From Compiling src/google/protobuf/compiler/cpp/field_generators/enum_field.cc [for tool]:
2026-10-07T02:22:15.9468481Z In file included from bazel-out/k8-opt-exec-ST-d57f47055a04/bin/external/protobuf+/src/google/protobuf/compiler/cpp/_virtual_includes/cpp/google/protobuf/compiler/cpp/field.h:26,
2026-10-07T02:22:15.9470568Z                  from external/protobuf+/src/google/protobuf/compiler/cpp/field_generators/enum_field.cc:20:
2026-10-07T02:22:15.9499006Z bazel-out/k8-opt-exec-ST-d57f47055a04/bin/external/protobuf+/src/google/protobuf/compiler/cpp/_virtual_includes/names_internal/google/protobuf/compiler/cpp/helpers.h: In function 'bool google::protobuf::compiler::cpp::IsWeak(const google::protobuf::FieldDescriptor*, const Options&)':
2026-10-07T02:22:15.9528914Z bazel-out/k8-opt-exec-ST-d57f47055a04/bin/external/protobuf+/src/google/protobuf/compiler/cpp/_virtual_includes/names_internal/google/protobuf/compiler/cpp/helpers.h:347:28: warning: 'bool google::protobuf::FieldOptions::weak() const' is deprecated [-Wdeprecated-declarations]
2026-10-07T02:22:15.9557552Z   347 |   if (field->options().weak()) {
2026-10-07T02:22:15.9587475Z       |       ~~~~~~~~~~~~~~~~~~~~~^~
2026-10-07T02:22:15.9619046Z In file included from bazel-out/k8-opt-exec-ST-d57f47055a04/bin/external/protobuf+/src/google/protobuf/compiler/_virtual_includes/code_generator_lite/google/protobuf/compiler/code_generator_lite.h:18,
2026-10-07T02:22:15.9622602Z                  from bazel-out/k8-opt-exec-ST-d57f47055a04/bin/external/protobuf+/src/google/protobuf/compiler/_virtual_includes/code_generator/google/protobuf/compiler/code_generator.h:25,
2026-10-07T02:22:15.9658357Z                  from bazel-out/k8-opt-exec-ST-d57f47055a04/bin/external/protobuf+/src/google/protobuf/compiler/cpp/_virtual_includes/names_internal/google/protobuf/compiler/cpp/helpers.h:29:
2026-10-07T02:22:15.9678372Z bazel-out/k8-opt-exec-ST-d57f47055a04/bin/external/protobuf+/src/google/protobuf/_virtual_includes/protobuf/google/protobuf/descriptor.pb.h:18861:13: note: declared here
2026-10-07T02:22:15.9707649Z 18861 | inline bool FieldOptions::weak() const {
2026-10-07T02:22:15.9735239Z       |             ^~~~~~~~~~~~
2026-10-07T02:22:16.2598265Z INFO: From Compiling src/google/protobuf/compiler/cpp/helpers.cc [for tool]:
2026-10-07T02:22:16.2612154Z In file included from external/protobuf+/src/google/protobuf/compiler/cpp/helpers.cc:12:
2026-10-07T02:22:16.2619167Z bazel-out/k8-opt-exec-ST-d57f47055a04/bin/external/protobuf+/src/google/protobuf/compiler/cpp/_virtual_includes/names_internal/google/protobuf/compiler/cpp/helpers.h: In function 'bool google::protobuf::compiler::cpp::IsWeak(const google::protobuf::FieldDescriptor*, const Options&)':
2026-10-07T02:22:16.2622889Z bazel-out/k8-opt-exec-ST-d57f47055a04/bin/external/protobuf+/src/google/protobuf/compiler/cpp/_virtual_includes/names_internal/google/protobuf/compiler/cpp/helpers.h:347:28: warning: 'bool google::protobuf::FieldOptions::weak() const' is deprecated [-Wdeprecated-declarations]
2026-10-07T02:22:16.2625078Z   347 |   if (field->options().weak()) {
2026-10-07T02:22:16.2625696Z       |       ~~~~~~~~~~~~~~~~~~~~~^~
2026-10-07T02:22:16.2627505Z In file included from bazel-out/k8-opt-exec-ST-d57f47055a04/bin/external/protobuf+/src/google/protobuf/compiler/_virtual_includes/code_generator_lite/google/protobuf/compiler/code_generator_lite.h:18,
2026-10-07T02:22:16.2630145Z                  from bazel-out/k8-opt-exec-ST-d57f47055a04/bin/external/protobuf+/src/google/protobuf/compiler/_virtual_includes/code_generator/google/protobuf/compiler/code_generator.h:25,
2026-10-07T02:22:16.2632892Z                  from bazel-out/k8-opt-exec-ST-d57f47055a04/bin/external/protobuf+/src/google/protobuf/compiler/cpp/_virtual_includes/names_internal/google/protobuf/compiler/cpp/helpers.h:29:
2026-10-07T02:22:16.2635165Z bazel-out/k8-opt-exec-ST-d57f47055a04/bin/external/protobuf+/src/google/protobuf/_virtual_includes/protobuf/google/protobuf/descriptor.pb.h:18861:13: note: declared here
2026-10-07T02:22:16.2636636Z 18861 | inline bool FieldOptions::weak() const {
2026-10-07T02:22:16.2637703Z       |             ^~~~~~~~~~~~
2026-10-07T02:22:16.2639529Z external/protobuf+/src/google/protobuf/compiler/cpp/helpers.cc: In member function 'google::protobuf::compiler::cpp::MessageAnalysis google::protobuf::compiler::cpp::MessageSCCAnalyzer::GetSCCAnalysis(const google::protobuf::compiler::SCC*)':
2026-10-07T02:22:16.2642460Z external/protobuf+/src/google/protobuf/compiler/cpp/helpers.cc:1802:32: warning: 'bool google::protobuf::FieldOptions::weak() const' is deprecated [-Wdeprecated-declarations]
2026-10-07T02:22:16.2644058Z  1802 |       if (field->options().weak()) {
2026-10-07T02:22:16.2644684Z       |           ~~~~~~~~~~~~~~~~~~~~~^~
2026-10-07T02:22:16.2646098Z bazel-out/k8-opt-exec-ST-d57f47055a04/bin/external/protobuf+/src/google/protobuf/_virtual_includes/protobuf/google/protobuf/descriptor.pb.h:18861:13: note: declared here
2026-10-07T02:22:16.2647816Z 18861 | inline bool FieldOptions::weak() const {
2026-10-07T02:22:16.2648468Z       |             ^~~~~~~~~~~~
2026-10-07T02:22:16.7428405Z [863 / 944] Compiling src/google/protobuf/compiler/cpp/service.cc [for tool]; 4s processwrapper-sandbox ... (4 actions, 3 running)
2026-10-07T02:22:17.6947150Z INFO: From Compiling src/google/protobuf/compiler/cpp/service.cc [for tool]:
2026-10-07T02:22:17.6948803Z In file included from external/protobuf+/src/google/protobuf/compiler/cpp/service.cc:17:
2026-10-07T02:22:17.6951392Z bazel-out/k8-opt-exec-ST-d57f47055a04/bin/external/protobuf+/src/google/protobuf/compiler/cpp/_virtual_includes/names_internal/google/protobuf/compiler/cpp/helpers.h: In function 'bool google::protobuf::compiler::cpp::IsWeak(const google::protobuf::FieldDescriptor*, const Options&)':
2026-10-07T02:22:17.6955166Z bazel-out/k8-opt-exec-ST-d57f47055a04/bin/external/protobuf+/src/google/protobuf/compiler/cpp/_virtual_includes/names_internal/google/protobuf/compiler/cpp/helpers.h:347:28: warning: 'bool google::protobuf::FieldOptions::weak() const' is deprecated [-Wdeprecated-declarations]
2026-10-07T02:22:17.6957592Z   347 |   if (field->options().weak()) {
2026-10-07T02:22:17.6958245Z       |       ~~~~~~~~~~~~~~~~~~~~~^~
2026-10-07T02:22:17.6959929Z In file included from bazel-out/k8-opt-exec-ST-d57f47055a04/bin/external/protobuf+/src/google/protobuf/compiler/_virtual_includes/code_generator_lite/google/protobuf/compiler/code_generator_lite.h:18,
2026-10-07T02:22:17.6962535Z                  from bazel-out/k8-opt-exec-ST-d57f47055a04/bin/external/protobuf+/src/google/protobuf/compiler/_virtual_includes/code_generator/google/protobuf/compiler/code_generator.h:25,
2026-10-07T02:22:17.6965042Z                  from bazel-out/k8-opt-exec-ST-d57f47055a04/bin/external/protobuf+/src/google/protobuf/compiler/cpp/_virtual_includes/names_internal/google/protobuf/compiler/cpp/helpers.h:29:
2026-10-07T02:22:17.6967692Z bazel-out/k8-opt-exec-ST-d57f47055a04/bin/external/protobuf+/src/google/protobuf/_virtual_includes/protobuf/google/protobuf/descriptor.pb.h:18861:13: note: declared here
2026-10-07T02:22:17.6970460Z 18861 | inline bool FieldOptions::weak() const {
2026-10-07T02:22:17.6971453Z       |             ^~~~~~~~~~~~
2026-10-07T02:22:18.4869797Z [864 / 944] Compiling src/google/protobuf/compiler/cpp/field_generators/map_field.cc [for tool]; 2s processwrapper-sandbox ... (4 actions running)
2026-10-07T02:22:20.2648589Z [865 / 944] Compiling src/google/protobuf/compiler/cpp/field_generators/map_field.cc [for tool]; 4s processwrapper-sandbox ... (4 actions, 3 running)
2026-10-07T02:22:21.4884244Z [865 / 944] Compiling src/google/protobuf/compiler/cpp/field_generators/map_field.cc [for tool]; 5s processwrapper-sandbox ... (4 actions running)
2026-10-07T02:22:22.9618456Z INFO: From Compiling src/google/protobuf/compiler/cpp/field_generators/map_field.cc [for tool]:
2026-10-07T02:22:22.9648441Z In file included from bazel-out/k8-opt-exec-ST-d57f47055a04/bin/external/protobuf+/src/google/protobuf/compiler/cpp/_virtual_includes/cpp/google/protobuf/compiler/cpp/field.h:26,
2026-10-07T02:22:22.9697865Z                  from external/protobuf+/src/google/protobuf/compiler/cpp/field_generators/map_field.cc:19:
2026-10-07T02:22:22.9739700Z bazel-out/k8-opt-exec-ST-d57f47055a04/bin/external/protobuf+/src/google/protobuf/compiler/cpp/_virtual_includes/names_internal/google/protobuf/compiler/cpp/helpers.h: In function 'bool google::protobuf::compiler::cpp::IsWeak(const google::protobuf::FieldDescriptor*, const Options&)':
2026-10-07T02:22:22.9749035Z bazel-out/k8-opt-exec-ST-d57f47055a04/bin/external/protobuf+/src/google/protobuf/compiler/cpp/_virtual_includes/names_internal/google/protobuf/compiler/cpp/helpers.h:347:28: warning: 'bool google::protobuf::FieldOptions::weak() const' is deprecated [-Wdeprecated-declarations]
2026-10-07T02:22:22.9777430Z   347 |   if (field->options().weak()) {
2026-10-07T02:22:22.9789357Z       |       ~~~~~~~~~~~~~~~~~~~~~^~
2026-10-07T02:22:22.9791146Z In file included from bazel-out/k8-opt-exec-ST-d57f47055a04/bin/external/protobuf+/src/google/protobuf/compiler/_virtual_includes/code_generator_lite/google/protobuf/compiler/code_generator_lite.h:18,
2026-10-07T02:22:22.9793745Z                  from bazel-out/k8-opt-exec-ST-d57f47055a04/bin/external/protobuf+/src/google/protobuf/compiler/_virtual_includes/code_generator/google/protobuf/compiler/code_generator.h:25,
2026-10-07T02:22:22.9796206Z                  from bazel-out/k8-opt-exec-ST-d57f47055a04/bin/external/protobuf+/src/google/protobuf/compiler/cpp/_virtual_includes/names_internal/google/protobuf/compiler/cpp/helpers.h:29:
2026-10-07T02:22:22.9798983Z bazel-out/k8-opt-exec-ST-d57f47055a04/bin/external/protobuf+/src/google/protobuf/_virtual_includes/protobuf/google/protobuf/descriptor.pb.h:18861:13: note: declared here
2026-10-07T02:22:22.9800530Z 18861 | inline bool FieldOptions::weak() const {
2026-10-07T02:22:22.9801261Z       |             ^~~~~~~~~~~~
2026-10-07T02:22:22.9802525Z [866 / 944] Compiling src/google/protobuf/compiler/cpp/parse_function_generator.cc [for tool]; 6s processwrapper-sandbox ... (4 actions, 3 running)
2026-10-07T02:22:23.0348012Z INFO: From Compiling src/google/protobuf/wire_format.cc [for tool]:
2026-10-07T02:22:23.0411423Z In file included from external/protobuf+/src/google/protobuf/wire_format.cc:31:
2026-10-07T02:22:23.0439055Z bazel-out/k8-opt-exec-ST-d57f47055a04/bin/external/protobuf+/src/google/protobuf/_virtual_includes/protobuf/google/protobuf/map_field.h: In constructor 'google::protobuf::internal::MapFieldBase::ReflectionPayload::ReflectionPayload(google::protobuf::Arena*, const google::protobuf::Message*)':
2026-10-07T02:22:23.0469633Z bazel-out/k8-opt-exec-ST-d57f47055a04/bin/external/protobuf+/src/google/protobuf/_virtual_includes/protobuf/google/protobuf/map_field.h:416:11: warning: 'google::protobuf::RepeatedPtrField<T>::RepeatedPtrField(google::protobuf::Arena*) [with Element = google::protobuf::Message]' is deprecated: Use Arena::Create<RepeatedPtrField<...>>(Arena*) instead [-Wdeprecated-declarations]
2026-10-07T02:22:23.0497527Z   416 |         : repeated_field_(arena), prototype_(prototype) {}
2026-10-07T02:22:23.0519599Z       |           ^~~~~~~~~~~~~~~~~~~~~~
2026-10-07T02:22:23.0528281Z In file included from bazel-out/k8-opt-exec-ST-d57f47055a04/bin/external/protobuf+/src/google/protobuf/_virtual_includes/protobuf_lite/google/protobuf/repeated_field.h:46,
2026-10-07T02:22:23.0530360Z                  from bazel-out/k8-opt-exec-ST-d57f47055a04/bin/external/protobuf+/src/google/protobuf/_virtual_includes/protobuf_lite/google/protobuf/parse_context.h:39,
2026-10-07T02:22:23.0532633Z                  from bazel-out/k8-opt-exec-ST-d57f47055a04/bin/external/protobuf+/src/google/protobuf/_virtual_includes/protobuf_lite/google/protobuf/generated_message_tctable_decl.h:25,
2026-10-07T02:22:23.0534641Z                  from bazel-out/k8-opt-exec-ST-d57f47055a04/bin/external/protobuf+/src/google/protobuf/_virtual_includes/protobuf_lite/google/protobuf/extension_set.h:40,
2026-10-07T02:22:23.0536542Z                  from bazel-out/k8-opt-exec-ST-d57f47055a04/bin/external/protobuf+/src/google/protobuf/_virtual_includes/protobuf/google/protobuf/descriptor.h:56,
2026-10-07T02:22:23.0568848Z                  from bazel-out/k8-opt-exec-ST-d57f47055a04/bin/external/protobuf+/src/google/protobuf/_virtual_includes/protobuf/google/protobuf/wire_format.h:26,
2026-10-07T02:22:23.0570201Z                  from external/protobuf+/src/google/protobuf/wire_format.cc:12:
2026-10-07T02:22:23.0572023Z bazel-out/k8-opt-exec-ST-d57f47055a04/bin/external/protobuf+/src/google/protobuf/_virtual_includes/protobuf_lite/google/protobuf/repeated_ptr_field.h:1380:8: note: declared here
2026-10-07T02:22:23.0573580Z  1380 | inline RepeatedPtrField<Element>::RepeatedPtrField(Arena* arena)
2026-10-07T02:22:23.0574230Z       |        ^~~~~~~~~~~~~~~~~~~~~~~~~
2026-10-07T02:22:24.3063014Z INFO: From Compiling src/google/protobuf/compiler/cpp/parse_function_generator.cc [for tool]:
2026-10-07T02:22:24.3138190Z In file included from bazel-out/k8-opt-exec-ST-d57f47055a04/bin/external/protobuf+/src/google/protobuf/compiler/cpp/_virtual_includes/cpp/google/protobuf/compiler/cpp/parse_function_generator.h:18,
2026-10-07T02:22:24.3168233Z                  from external/protobuf+/src/google/protobuf/compiler/cpp/parse_function_generator.cc:8:
2026-10-07T02:22:24.3199077Z bazel-out/k8-opt-exec-ST-d57f47055a04/bin/external/protobuf+/src/google/protobuf/compiler/cpp/_virtual_includes/names_internal/google/protobuf/compiler/cpp/helpers.h: In function 'bool google::protobuf::compiler::cpp::IsWeak(const google::protobuf::FieldDescriptor*, const Options&)':
2026-10-07T02:22:24.3208922Z bazel-out/k8-opt-exec-ST-d57f47055a04/bin/external/protobuf+/src/google/protobuf/compiler/cpp/_virtual_includes/names_internal/google/protobuf/compiler/cpp/helpers.h:347:28: warning: 'bool google::protobuf::FieldOptions::weak() const' is deprecated [-Wdeprecated-declarations]
2026-10-07T02:22:24.3227606Z   347 |   if (field->options().weak()) {
2026-10-07T02:22:24.3257429Z       |       ~~~~~~~~~~~~~~~~~~~~~^~
2026-10-07T02:22:24.3268361Z In file included from bazel-out/k8-opt-exec-ST-d57f47055a04/bin/external/protobuf+/src/google/protobuf/compiler/_virtual_includes/code_generator_lite/google/protobuf/compiler/code_generator_lite.h:18,
2026-10-07T02:22:24.3270749Z                  from bazel-out/k8-opt-exec-ST-d57f47055a04/bin/external/protobuf+/src/google/protobuf/compiler/_virtual_includes/code_generator/google/protobuf/compiler/code_generator.h:25,
2026-10-07T02:22:24.3272905Z                  from bazel-out/k8-opt-exec-ST-d57f47055a04/bin/external/protobuf+/src/google/protobuf/compiler/cpp/_virtual_includes/names_internal/google/protobuf/compiler/cpp/helpers.h:29:
2026-10-07T02:22:24.3274488Z bazel-out/k8-opt-exec-ST-d57f47055a04/bin/external/protobuf+/src/google/protobuf/_virtual_includes/protobuf/google/protobuf/descriptor.pb.h:18861:13: note: declared here
2026-10-07T02:22:24.3275845Z 18861 | inline bool FieldOptions::weak() const {
2026-10-07T02:22:24.3276366Z       |             ^~~~~~~~~~~~
2026-10-07T02:22:24.3277647Z [869 / 944] Compiling src/google/protobuf/compiler/cpp/message_layout_helper.cc [for tool]; 4s processwrapper-sandbox ... (4 actions, 3 running)
2026-10-07T02:22:25.4958383Z [869 / 944] Compiling src/google/protobuf/compiler/cpp/message_layout_helper.cc [for tool]; 5s processwrapper-sandbox ... (4 actions running)
2026-10-07T02:22:26.4665347Z INFO: From Compiling src/google/protobuf/compiler/cpp/message_layout_helper.cc [for tool]:
2026-10-07T02:22:26.4718643Z In file included from bazel-out/k8-opt-exec-ST-d57f47055a04/bin/external/protobuf+/src/google/protobuf/compiler/cpp/_virtual_includes/cpp/google/protobuf/compiler/cpp/message_layout_helper.h:20,
2026-10-07T02:22:26.4748064Z                  from external/protobuf+/src/google/protobuf/compiler/cpp/message_layout_helper.cc:1:
2026-10-07T02:22:26.4779032Z bazel-out/k8-opt-exec-ST-d57f47055a04/bin/external/protobuf+/src/google/protobuf/compiler/cpp/_virtual_includes/names_internal/google/protobuf/compiler/cpp/helpers.h: In function 'bool google::protobuf::compiler::cpp::IsWeak(const google::protobuf::FieldDescriptor*, const Options&)':
2026-10-07T02:22:26.4782588Z bazel-out/k8-opt-exec-ST-d57f47055a04/bin/external/protobuf+/src/google/protobuf/compiler/cpp/_virtual_includes/names_internal/google/protobuf/compiler/cpp/helpers.h:347:28: warning: 'bool google::protobuf::FieldOptions::weak() const' is deprecated [-Wdeprecated-declarations]
2026-10-07T02:22:26.4804766Z   347 |   if (field->options().weak()) {
2026-10-07T02:22:26.4810295Z       |       ~~~~~~~~~~~~~~~~~~~~~^~
2026-10-07T02:22:26.4812229Z In file included from bazel-out/k8-opt-exec-ST-d57f47055a04/bin/external/protobuf+/src/google/protobuf/compiler/_virtual_includes/code_generator_lite/google/protobuf/compiler/code_generator_lite.h:18,
2026-10-07T02:22:26.4815389Z                  from bazel-out/k8-opt-exec-ST-d57f47055a04/bin/external/protobuf+/src/google/protobuf/compiler/_virtual_includes/code_generator/google/protobuf/compiler/code_generator.h:25,
2026-10-07T02:22:26.4818327Z                  from bazel-out/k8-opt-exec-ST-d57f47055a04/bin/external/protobuf+/src/google/protobuf/compiler/cpp/_virtual_includes/names_internal/google/protobuf/compiler/cpp/helpers.h:29:
2026-10-07T02:22:26.4820738Z bazel-out/k8-opt-exec-ST-d57f47055a04/bin/external/protobuf+/src/google/protobuf/_virtual_includes/protobuf/google/protobuf/descriptor.pb.h:18861:13: note: declared here
2026-10-07T02:22:26.4822403Z 18861 | inline bool FieldOptions::weak() const {
2026-10-07T02:22:26.4823118Z       |             ^~~~~~~~~~~~
2026-10-07T02:22:26.4948381Z [870 / 944] Compiling src/google/protobuf/compiler/cpp/field_generators/message_field.cc [for tool]; 3s processwrapper-sandbox ... (4 actions running)
2026-10-07T02:22:27.4959690Z [871 / 944] Compiling src/google/protobuf/compiler/cpp/field_generators/message_field.cc [for tool]; 4s processwrapper-sandbox ... (4 actions running)
2026-10-07T02:22:30.8114033Z INFO: From Compiling src/google/protobuf/compiler/cpp/field_generators/message_field.cc [for tool]:
2026-10-07T02:22:30.8117600Z In file included from bazel-out/k8-opt-exec-ST-d57f47055a04/bin/external/protobuf+/src/google/protobuf/compiler/cpp/_virtual_includes/cpp/google/protobuf/compiler/cpp/field.h:26,
2026-10-07T02:22:30.8119364Z                  from external/protobuf+/src/google/protobuf/compiler/cpp/field_generators/message_field.cc:21:
2026-10-07T02:22:30.8121793Z bazel-out/k8-opt-exec-ST-d57f47055a04/bin/external/protobuf+/src/google/protobuf/compiler/cpp/_virtual_includes/names_internal/google/protobuf/compiler/cpp/helpers.h: In function 'bool google::protobuf::compiler::cpp::IsWeak(const google::protobuf::FieldDescriptor*, const Options&)':
2026-10-07T02:22:30.8125142Z bazel-out/k8-opt-exec-ST-d57f47055a04/bin/external/protobuf+/src/google/protobuf/compiler/cpp/_virtual_includes/names_internal/google/protobuf/compiler/cpp/helpers.h:347:28: warning: 'bool google::protobuf::FieldOptions::weak() const' is deprecated [-Wdeprecated-declarations]
2026-10-07T02:22:30.8127348Z   347 |   if (field->options().weak()) {
2026-10-07T02:22:30.8127939Z       |       ~~~~~~~~~~~~~~~~~~~~~^~
2026-10-07T02:22:30.8129459Z In file included from bazel-out/k8-opt-exec-ST-d57f47055a04/bin/external/protobuf+/src/google/protobuf/compiler/_virtual_includes/code_generator_lite/google/protobuf/compiler/code_generator_lite.h:18,
2026-10-07T02:22:30.8132001Z                  from bazel-out/k8-opt-exec-ST-d57f47055a04/bin/external/protobuf+/src/google/protobuf/compiler/_virtual_includes/code_generator/google/protobuf/compiler/code_generator.h:25,
2026-10-07T02:22:30.8134783Z                  from bazel-out/k8-opt-exec-ST-d57f47055a04/bin/external/protobuf+/src/google/protobuf/compiler/cpp/_virtual_includes/names_internal/google/protobuf/compiler/cpp/helpers.h:29:
2026-10-07T02:22:30.8137384Z bazel-out/k8-opt-exec-ST-d57f47055a04/bin/external/protobuf+/src/google/protobuf/_virtual_includes/protobuf/google/protobuf/descriptor.pb.h:18861:13: note: declared here
2026-10-07T02:22:30.8138890Z 18861 | inline bool FieldOptions::weak() const {
2026-10-07T02:22:30.8139513Z       |             ^~~~~~~~~~~~
2026-10-07T02:22:30.8140635Z [872 / 944] Compiling src/google/protobuf/compiler/cpp/message.cc [for tool]; 7s processwrapper-sandbox ... (4 actions, 3 running)
2026-10-07T02:22:32.4940376Z [872 / 944] Compiling src/google/protobuf/compiler/cpp/message.cc [for tool]; 9s processwrapper-sandbox ... (4 actions running)
2026-10-07T02:22:33.2988562Z INFO: From Compiling src/google/protobuf/compiler/cpp/generator.cc [for tool]:
2026-10-07T02:22:33.2998396Z In file included from bazel-out/k8-opt-exec-ST-d57f47055a04/bin/external/protobuf+/src/google/protobuf/compiler/cpp/_virtual_includes/cpp/google/protobuf/compiler/cpp/extension.h:19,
2026-10-07T02:22:33.3018318Z                  from bazel-out/k8-opt-exec-ST-d57f47055a04/bin/external/protobuf+/src/google/protobuf/compiler/cpp/_virtual_includes/cpp/google/protobuf/compiler/cpp/file.h:26,
2026-10-07T02:22:33.3047681Z                  from external/protobuf+/src/google/protobuf/compiler/cpp/generator.cc:31:
2026-10-07T02:22:33.3078966Z bazel-out/k8-opt-exec-ST-d57f47055a04/bin/external/protobuf+/src/google/protobuf/compiler/cpp/_virtual_includes/names_internal/google/protobuf/compiler/cpp/helpers.h: In function 'bool google::protobuf::compiler::cpp::IsWeak(const google::protobuf::FieldDescriptor*, const Options&)':
2026-10-07T02:22:33.3082566Z bazel-out/k8-opt-exec-ST-d57f47055a04/bin/external/protobuf+/src/google/protobuf/compiler/cpp/_virtual_includes/names_internal/google/protobuf/compiler/cpp/helpers.h:347:28: warning: 'bool google::protobuf::FieldOptions::weak() const' is deprecated [-Wdeprecated-declarations]
2026-10-07T02:22:33.3107415Z   347 |   if (field->options().weak()) {
2026-10-07T02:22:33.3137420Z       |       ~~~~~~~~~~~~~~~~~~~~~^~
2026-10-07T02:22:33.3148747Z In file included from bazel-out/k8-opt-exec-ST-d57f47055a04/bin/external/protobuf+/src/google/protobuf/compiler/_virtual_includes/code_generator_lite/google/protobuf/compiler/code_generator_lite.h:18,
2026-10-07T02:22:33.3151496Z                  from bazel-out/k8-opt-exec-ST-d57f47055a04/bin/external/protobuf+/src/google/protobuf/compiler/_virtual_includes/code_generator/google/protobuf/compiler/code_generator.h:25,
2026-10-07T02:22:33.3154191Z                  from bazel-out/k8-opt-exec-ST-d57f47055a04/bin/external/protobuf+/src/google/protobuf/compiler/cpp/_virtual_includes/cpp/google/protobuf/compiler/cpp/generator.h:24,
2026-10-07T02:22:33.3156092Z                  from external/protobuf+/src/google/protobuf/compiler/cpp/generator.cc:12:
2026-10-07T02:22:33.3158209Z bazel-out/k8-opt-exec-ST-d57f47055a04/bin/external/protobuf+/src/google/protobuf/_virtual_includes/protobuf/google/protobuf/descriptor.pb.h:18861:13: note: declared here
2026-10-07T02:22:33.3159889Z 18861 | inline bool FieldOptions::weak() const {
2026-10-07T02:22:33.3160657Z       |             ^~~~~~~~~~~~
2026-10-07T02:22:34.4945303Z [873 / 944] Compiling src/google/protobuf/compiler/cpp/message.cc [for tool]; 11s processwrapper-sandbox ... (4 actions running)
2026-10-07T02:22:36.9178435Z INFO: From Compiling src/google/protobuf/compiler/cpp/field_generators/primitive_field.cc [for tool]:
2026-10-07T02:22:36.9198302Z In file included from bazel-out/k8-opt-exec-ST-d57f47055a04/bin/external/protobuf+/src/google/protobuf/compiler/cpp/_virtual_includes/cpp/google/protobuf/compiler/cpp/field.h:26,
2026-10-07T02:22:36.9235258Z                  from external/protobuf+/src/google/protobuf/compiler/cpp/field_generators/primitive_field.cc:21:
2026-10-07T02:22:36.9249066Z bazel-out/k8-opt-exec-ST-d57f47055a04/bin/external/protobuf+/src/google/protobuf/compiler/cpp/_virtual_includes/names_internal/google/protobuf/compiler/cpp/helpers.h: In function 'bool google::protobuf::compiler::cpp::IsWeak(const google::protobuf::FieldDescriptor*, const Options&)':
2026-10-07T02:22:36.9278943Z bazel-out/k8-opt-exec-ST-d57f47055a04/bin/external/protobuf+/src/google/protobuf/compiler/cpp/_virtual_includes/names_internal/google/protobuf/compiler/cpp/helpers.h:347:28: warning: 'bool google::protobuf::FieldOptions::weak() const' is deprecated [-Wdeprecated-declarations]
2026-10-07T02:22:36.9297451Z   347 |   if (field->options().weak()) {
2026-10-07T02:22:36.9327479Z       |       ~~~~~~~~~~~~~~~~~~~~~^~
2026-10-07T02:22:36.9328916Z In file included from bazel-out/k8-opt-exec-ST-d57f47055a04/bin/external/protobuf+/src/google/protobuf/compiler/_virtual_includes/code_generator_lite/google/protobuf/compiler/code_generator_lite.h:18,
2026-10-07T02:22:36.9331625Z                  from bazel-out/k8-opt-exec-ST-d57f47055a04/bin/external/protobuf+/src/google/protobuf/compiler/_virtual_includes/code_generator/google/protobuf/compiler/code_generator.h:25,
2026-10-07T02:22:36.9333806Z                  from bazel-out/k8-opt-exec-ST-d57f47055a04/bin/external/protobuf+/src/google/protobuf/compiler/cpp/_virtual_includes/names_internal/google/protobuf/compiler/cpp/helpers.h:29:
2026-10-07T02:22:36.9335990Z bazel-out/k8-opt-exec-ST-d57f47055a04/bin/external/protobuf+/src/google/protobuf/_virtual_includes/protobuf/google/protobuf/descriptor.pb.h:18861:13: note: declared here
2026-10-07T02:22:36.9337657Z 18861 | inline bool FieldOptions::weak() const {
2026-10-07T02:22:36.9338172Z       |             ^~~~~~~~~~~~
2026-10-07T02:22:36.9339140Z [874 / 944] Compiling src/google/protobuf/compiler/cpp/message.cc [for tool]; 13s processwrapper-sandbox ... (4 actions, 3 running)
2026-10-07T02:22:38.4978788Z [874 / 944] Compiling src/google/protobuf/compiler/cpp/message.cc [for tool]; 15s processwrapper-sandbox ... (4 actions running)
2026-10-07T02:22:40.0737752Z INFO: From Compiling src/google/protobuf/compiler/cpp/field_generators/string_view_field.cc [for tool]:
2026-10-07T02:22:40.0762454Z In file included from bazel-out/k8-opt-exec-ST-d57f47055a04/bin/external/protobuf+/src/google/protobuf/compiler/cpp/_virtual_includes/cpp/google/protobuf/compiler/cpp/field.h:26,
2026-10-07T02:22:40.0764601Z                  from external/protobuf+/src/google/protobuf/compiler/cpp/field_generators/string_view_field.cc:19:
2026-10-07T02:22:40.0767711Z bazel-out/k8-opt-exec-ST-d57f47055a04/bin/external/protobuf+/src/google/protobuf/compiler/cpp/_virtual_includes/names_internal/google/protobuf/compiler/cpp/helpers.h: In function 'bool google::protobuf::compiler::cpp::IsWeak(const google::protobuf::FieldDescriptor*, const Options&)':
2026-10-07T02:22:40.0771548Z bazel-out/k8-opt-exec-ST-d57f47055a04/bin/external/protobuf+/src/google/protobuf/compiler/cpp/_virtual_includes/names_internal/google/protobuf/compiler/cpp/helpers.h:347:28: warning: 'bool google::protobuf::FieldOptions::weak() const' is deprecated [-Wdeprecated-declarations]
2026-10-07T02:22:40.0773868Z   347 |   if (field->options().weak()) {
2026-10-07T02:22:40.0774554Z       |       ~~~~~~~~~~~~~~~~~~~~~^~
2026-10-07T02:22:40.0776211Z In file included from bazel-out/k8-opt-exec-ST-d57f47055a04/bin/external/protobuf+/src/google/protobuf/compiler/_virtual_includes/code_generator_lite/google/protobuf/compiler/code_generator_lite.h:18,
2026-10-07T02:22:40.0779114Z                  from bazel-out/k8-opt-exec-ST-d57f47055a04/bin/external/protobuf+/src/google/protobuf/compiler/_virtual_includes/code_generator/google/protobuf/compiler/code_generator.h:25,
2026-10-07T02:22:40.0781624Z                  from bazel-out/k8-opt-exec-ST-d57f47055a04/bin/external/protobuf+/src/google/protobuf/compiler/cpp/_virtual_includes/names_internal/google/protobuf/compiler/cpp/helpers.h:29:
2026-10-07T02:22:40.0784128Z bazel-out/k8-opt-exec-ST-d57f47055a04/bin/external/protobuf+/src/google/protobuf/_virtual_includes/protobuf/google/protobuf/descriptor.pb.h:18861:13: note: declared here
2026-10-07T02:22:40.0786056Z 18861 | inline bool FieldOptions::weak() const {
2026-10-07T02:22:40.0786799Z       |             ^~~~~~~~~~~~
2026-10-07T02:22:40.4990247Z [875 / 944] Compiling src/google/protobuf/compiler/cpp/message.cc [for tool]; 17s processwrapper-sandbox ... (3 actions running)
2026-10-07T02:22:41.7978396Z INFO: From Compiling src/google/protobuf/compiler/cpp/file.cc [for tool]:
2026-10-07T02:22:41.8011037Z In file included from bazel-out/k8-opt-exec-ST-d57f47055a04/bin/external/protobuf+/src/google/protobuf/compiler/cpp/_virtual_includes/cpp/google/protobuf/compiler/cpp/extension.h:19,
2026-10-07T02:22:41.8013446Z                  from bazel-out/k8-opt-exec-ST-d57f47055a04/bin/external/protobuf+/src/google/protobuf/compiler/cpp/_virtual_includes/cpp/google/protobuf/compiler/cpp/file.h:26,
2026-10-07T02:22:41.8015245Z                  from external/protobuf+/src/google/protobuf/compiler/cpp/file.cc:12:
2026-10-07T02:22:41.8017744Z bazel-out/k8-opt-exec-ST-d57f47055a04/bin/external/protobuf+/src/google/protobuf/compiler/cpp/_virtual_includes/names_internal/google/protobuf/compiler/cpp/helpers.h: In function 'bool google::protobuf::compiler::cpp::IsWeak(const google::protobuf::FieldDescriptor*, const Options&)':
2026-10-07T02:22:41.8021058Z bazel-out/k8-opt-exec-ST-d57f47055a04/bin/external/protobuf+/src/google/protobuf/compiler/cpp/_virtual_includes/names_internal/google/protobuf/compiler/cpp/helpers.h:347:28: warning: 'bool google::protobuf::FieldOptions::weak() const' is deprecated [-Wdeprecated-declarations]
2026-10-07T02:22:41.8022995Z   347 |   if (field->options().weak()) {
2026-10-07T02:22:41.8023444Z       |       ~~~~~~~~~~~~~~~~~~~~~^~
2026-10-07T02:22:41.8024915Z In file included from bazel-out/k8-opt-exec-ST-d57f47055a04/bin/external/protobuf+/src/google/protobuf/compiler/_virtual_includes/code_generator_lite/google/protobuf/compiler/code_generator_lite.h:18,
2026-10-07T02:22:41.8027605Z                  from bazel-out/k8-opt-exec-ST-d57f47055a04/bin/external/protobuf+/src/google/protobuf/compiler/_virtual_includes/code_generator/google/protobuf/compiler/code_generator.h:25,
2026-10-07T02:22:41.8029846Z                  from bazel-out/k8-opt-exec-ST-d57f47055a04/bin/external/protobuf+/src/google/protobuf/compiler/cpp/_virtual_includes/names_internal/google/protobuf/compiler/cpp/helpers.h:29:
2026-10-07T02:22:41.8031988Z bazel-out/k8-opt-exec-ST-d57f47055a04/bin/external/protobuf+/src/google/protobuf/_virtual_includes/protobuf/google/protobuf/descriptor.pb.h:18861:13: note: declared here
2026-10-07T02:22:41.8033316Z 18861 | inline bool FieldOptions::weak() const {
2026-10-07T02:22:41.8033820Z       |             ^~~~~~~~~~~~
2026-10-07T02:22:41.8034468Z In file included from external/abseil-cpp+/absl/functional/any_invocable.h:44,
2026-10-07T02:22:41.8035408Z                  from external/abseil-cpp+/absl/functional/internal/function_ref.h:22,
2026-10-07T02:22:41.8036280Z                  from external/abseil-cpp+/absl/functional/function_ref.h:54,
2026-10-07T02:22:41.8037293Z                  from external/abseil-cpp+/absl/hash/hash.h:88,
2026-10-07T02:22:41.8038154Z                  from external/abseil-cpp+/absl/container/internal/hash_function_defaults.h:57,
2026-10-07T02:22:41.8039146Z                  from external/abseil-cpp+/absl/container/hash_container_defaults.h:19,
2026-10-07T02:22:41.8040016Z                  from external/abseil-cpp+/absl/container/flat_hash_map.h:43,
2026-10-07T02:22:41.8041473Z                  from bazel-out/k8-opt-exec-ST-d57f47055a04/bin/external/protobuf+/src/google/protobuf/compiler/cpp/_virtual_includes/cpp/google/protobuf/compiler/cpp/file.h:20:
2026-10-07T02:22:41.8043372Z In function 'void absl::lts_20250814::internal_any_invocable::LocalManagerTrivial(FunctionToCall, TypeErasedState*, TypeErasedState*)',
2026-10-07T02:22:41.8046294Z     inlined from 'absl::lts_20250814::internal_any_invocable::CoreImpl<SigIsNoexcept, ReturnType, P>::CoreImpl(absl::lts_20250814::internal_any_invocable::CoreImpl<SigIsNoexcept, ReturnType, P>&&) [with bool SigIsNoexcept = false; ReturnType = void; P = {google::protobuf::io::Printer*}]' at external/abseil-cpp+/absl/functional/internal/any_invocable.h:461:11,
2026-10-07T02:22:41.8050482Z     inlined from 'absl::lts_20250814::internal_any_invocable::Impl<void(google::protobuf::io::Printer*)>::Impl(absl::lts_20250814::internal_any_invocable::Impl<void(google::protobuf::io::Printer*)>&&)' at external/abseil-cpp+/absl/functional/internal/any_invocable.h:755:1,
2026-10-07T02:22:41.8053223Z     inlined from 'absl::lts_20250814::AnyInvocable<Sig>::AnyInvocable(absl::lts_20250814::AnyInvocable<Sig>&&) [with Sig = void(google::protobuf::io::Printer*)]' at external/abseil-cpp+/absl/functional/any_invocable.h:185:3,
2026-10-07T02:22:41.8056762Z     inlined from 'void std::__new_allocator<_Tp>::construct(_Up*, _Args&& ...) [with _Up = absl::lts_20250814::AnyInvocable<void(google::protobuf::io::Printer*)>; _Args = {absl::lts_20250814::AnyInvocable<void(google::protobuf::io::Printer*)>}; _Tp = absl::lts_20250814::AnyInvocable<void(google::protobuf::io::Printer*)>]' at /usr/include/c++/13/bits/new_allocator.h:191:4,
2026-10-07T02:22:41.8061332Z     inlined from 'static void std::allocator_traits<std::allocator<_Tp1> >::construct(allocator_type&, _Up*, _Args&& ...) [with _Up = absl::lts_20250814::AnyInvocable<void(google::protobuf::io::Printer*)>; _Args = {absl::lts_20250814::AnyInvocable<void(google::protobuf::io::Printer*)>}; _Tp = absl::lts_20250814::AnyInvocable<void(google::protobuf::io::Printer*)>]' at /usr/include/c++/13/bits/alloc_traits.h:538:17,
2026-10-07T02:22:41.8065867Z     inlined from 'std::vector<_Tp, _Alloc>::reference std::vector<_Tp, _Alloc>::emplace_back(_Args&& ...) [with _Args = {absl::lts_20250814::AnyInvocable<void(google::protobuf::io::Printer*)>}; _Tp = absl::lts_20250814::AnyInvocable<void(google::protobuf::io::Printer*)>; _Alloc = std::allocator<absl::lts_20250814::AnyInvocable<void(google::protobuf::io::Printer*)> >]' at /usr/include/c++/13/bits/vector.tcc:117:30,
2026-10-07T02:22:41.8070029Z     inlined from 'void std::vector<_Tp, _Alloc>::push_back(value_type&&) [with _Tp = absl::lts_20250814::AnyInvocable<void(google::protobuf::io::Printer*)>; _Alloc = std::allocator<absl::lts_20250814::AnyInvocable<void(google::protobuf::io::Printer*)> >]' at /usr/include/c++/13/bits/stl_vector.h:1299:21,
2026-10-07T02:22:41.8072939Z     inlined from 'void google::protobuf::compiler::cpp::FileGenerator::GenerateReflectionInitializationCode(google::protobuf::io::Printer*)' at external/protobuf+/src/google/protobuf/compiler/cpp/file.cc:1385:53:
2026-10-07T02:22:41.8076579Z external/abseil-cpp+/absl/functional/internal/any_invocable.h:225:7: warning: '<unnamed>.absl::lts_20250814::AnyInvocable<void(google::protobuf::io::Printer*)>::<unnamed>.absl::lts_20250814::internal_any_invocable::Impl<void(google::protobuf::io::Printer*)>::<unnamed>.absl::lts_20250814::internal_any_invocable::CoreImpl<false, void, google::protobuf::io::Printer*>::state_' may be used uninitialized [-Wmaybe-uninitialized]
2026-10-07T02:22:41.8079555Z   225 |   *to = *from;
2026-10-07T02:22:41.8079936Z       |   ~~~~^~~~~~~
2026-10-07T02:22:41.8081403Z external/protobuf+/src/google/protobuf/compiler/cpp/file.cc: In member function 'void google::protobuf::compiler::cpp::FileGenerator::GenerateReflectionInitializationCode(google::protobuf::io::Printer*)':
2026-10-07T02:22:41.8083366Z external/protobuf+/src/google/protobuf/compiler/cpp/file.cc:1385:53: note: '<anonymous>' declared here
2026-10-07T02:22:41.8084461Z  1385 |     static_initializers_[kInitPriority102].push_back([](auto* p) {
2026-10-07T02:22:41.8085214Z       |     ~~~~~~~~~~~~~~~~~~~~~~~~~~~~~~~~~~~~~~~~~~~~~~~~^~~~~~~~~~~~~~
2026-10-07T02:22:41.8085779Z  1386 |       p->Emit(R"cc(
2026-10-07T02:22:41.8086237Z       |       ~~~~~~~~~~~~~                                  
2026-10-07T02:22:41.8087105Z  1387 |         ::_pbi::AddDescriptors(&$desc_table$),
2026-10-07T02:22:41.8087702Z       |         ~~~~~~~~~~~~~~~~~~~~~~~~~~~~~~~~~~~~~~       
2026-10-07T02:22:41.8088477Z  1388 |       )cc");
2026-10-07T02:22:41.8088888Z       |       ~~~~~~                                         
2026-10-07T02:22:41.8089374Z  1389 |     });
2026-10-07T02:22:41.8089752Z       |     ~~                                               
2026-10-07T02:22:42.4980251Z [876 / 944] Compiling src/google/protobuf/compiler/cpp/message.cc [for tool]; 19s processwrapper-sandbox ... (2 actions running)
2026-10-07T02:22:42.6075476Z INFO: From Compiling src/google/protobuf/compiler/cpp/field_generators/string_field.cc [for tool]:
2026-10-07T02:22:42.6078037Z In file included from bazel-out/k8-opt-exec-ST-d57f47055a04/bin/external/protobuf+/src/google/protobuf/compiler/cpp/_virtual_includes/cpp/google/protobuf/compiler/cpp/field.h:26,
2026-10-07T02:22:42.6079848Z                  from external/protobuf+/src/google/protobuf/compiler/cpp/field_generators/string_field.cc:20:
2026-10-07T02:22:42.6082475Z bazel-out/k8-opt-exec-ST-d57f47055a04/bin/external/protobuf+/src/google/protobuf/compiler/cpp/_virtual_includes/names_internal/google/protobuf/compiler/cpp/helpers.h: In function 'bool google::protobuf::compiler::cpp::IsWeak(const google::protobuf::FieldDescriptor*, const Options&)':
2026-10-07T02:22:42.6085963Z bazel-out/k8-opt-exec-ST-d57f47055a04/bin/external/protobuf+/src/google/protobuf/compiler/cpp/_virtual_includes/names_internal/google/protobuf/compiler/cpp/helpers.h:347:28: warning: 'bool google::protobuf::FieldOptions::weak() const' is deprecated [-Wdeprecated-declarations]
2026-10-07T02:22:42.6087903Z   347 |   if (field->options().weak()) {
2026-10-07T02:22:42.6088259Z       |       ~~~~~~~~~~~~~~~~~~~~~^~
2026-10-07T02:22:42.6089151Z In file included from bazel-out/k8-opt-exec-ST-d57f47055a04/bin/external/protobuf+/src/google/protobuf/compiler/_virtual_includes/code_generator_lite/google/protobuf/compiler/code_generator_lite.h:18,
2026-10-07T02:22:42.6090600Z                  from bazel-out/k8-opt-exec-ST-d57f47055a04/bin/external/protobuf+/src/google/protobuf/compiler/_virtual_includes/code_generator/google/protobuf/compiler/code_generator.h:25,
2026-10-07T02:22:42.6091932Z                  from bazel-out/k8-opt-exec-ST-d57f47055a04/bin/external/protobuf+/src/google/protobuf/compiler/cpp/_virtual_includes/names_internal/google/protobuf/compiler/cpp/helpers.h:29:
2026-10-07T02:22:42.6093198Z bazel-out/k8-opt-exec-ST-d57f47055a04/bin/external/protobuf+/src/google/protobuf/_virtual_includes/protobuf/google/protobuf/descriptor.pb.h:18861:13: note: declared here
2026-10-07T02:22:42.6094018Z 18861 | inline bool FieldOptions::weak() const {
2026-10-07T02:22:42.6094376Z       |             ^~~~~~~~~~~~
2026-10-07T02:22:43.4523652Z INFO: From Compiling src/google/protobuf/compiler/cpp/message.cc [for tool]:
2026-10-07T02:22:43.4538114Z In file included from bazel-out/k8-opt-exec-ST-d57f47055a04/bin/external/protobuf+/src/google/protobuf/compiler/cpp/_virtual_includes/cpp/google/protobuf/compiler/cpp/extension.h:19,
2026-10-07T02:22:43.4540180Z                  from bazel-out/k8-opt-exec-ST-d57f47055a04/bin/external/protobuf+/src/google/protobuf/compiler/cpp/_virtual_includes/cpp/google/protobuf/compiler/cpp/message.h:25,
2026-10-07T02:22:43.4541679Z                  from external/protobuf+/src/google/protobuf/compiler/cpp/message.cc:12:
2026-10-07T02:22:43.4543642Z bazel-out/k8-opt-exec-ST-d57f47055a04/bin/external/protobuf+/src/google/protobuf/compiler/cpp/_virtual_includes/names_internal/google/protobuf/compiler/cpp/helpers.h: In function 'bool google::protobuf::compiler::cpp::IsWeak(const google::protobuf::FieldDescriptor*, const Options&)':
2026-10-07T02:22:43.4546819Z bazel-out/k8-opt-exec-ST-d57f47055a04/bin/external/protobuf+/src/google/protobuf/compiler/cpp/_virtual_includes/names_internal/google/protobuf/compiler/cpp/helpers.h:347:28: warning: 'bool google::protobuf::FieldOptions::weak() const' is deprecated [-Wdeprecated-declarations]
2026-10-07T02:22:43.4548834Z   347 |   if (field->options().weak()) {
2026-10-07T02:22:43.4549296Z       |       ~~~~~~~~~~~~~~~~~~~~~^~
2026-10-07T02:22:43.4550915Z In file included from bazel-out/k8-opt-exec-ST-d57f47055a04/bin/external/protobuf+/src/google/protobuf/compiler/_virtual_includes/code_generator_lite/google/protobuf/compiler/code_generator_lite.h:18,
2026-10-07T02:22:43.4553179Z                  from bazel-out/k8-opt-exec-ST-d57f47055a04/bin/external/protobuf+/src/google/protobuf/compiler/_virtual_includes/code_generator/google/protobuf/compiler/code_generator.h:25,
2026-10-07T02:22:43.4555364Z                  from bazel-out/k8-opt-exec-ST-d57f47055a04/bin/external/protobuf+/src/google/protobuf/compiler/cpp/_virtual_includes/names_internal/google/protobuf/compiler/cpp/helpers.h:29:
2026-10-07T02:22:43.4557703Z bazel-out/k8-opt-exec-ST-d57f47055a04/bin/external/protobuf+/src/google/protobuf/_virtual_includes/protobuf/google/protobuf/descriptor.pb.h:18861:13: note: declared here
2026-10-07T02:22:43.4559079Z 18861 | inline bool FieldOptions::weak() const {
2026-10-07T02:22:43.4559796Z       |             ^~~~~~~~~~~~
2026-10-07T02:22:43.4561766Z external/protobuf+/src/google/protobuf/compiler/cpp/message.cc: In function 'void google::protobuf::compiler::cpp::{anonymous}::PrintPresenceCheck(const google::protobuf::FieldDescriptor*, const std::vector<int>&, google::protobuf::io::Printer*, int*, const google::protobuf::compiler::cpp::Options&)':
2026-10-07T02:22:43.4564546Z external/protobuf+/src/google/protobuf/compiler/cpp/message.cc:176:29: warning: 'bool google::protobuf::FieldOptions::weak() const' is deprecated [-Wdeprecated-declarations]
2026-10-07T02:22:43.4565822Z   176 |   if (!field->options().weak()) {
2026-10-07T02:22:43.4566272Z       |        ~~~~~~~~~~~~~~~~~~~~~^~
2026-10-07T02:22:43.4567834Z bazel-out/k8-opt-exec-ST-d57f47055a04/bin/external/protobuf+/src/google/protobuf/_virtual_includes/protobuf/google/protobuf/descriptor.pb.h:18861:13: note: declared here
2026-10-07T02:22:43.4569138Z 18861 | inline bool FieldOptions::weak() const {
2026-10-07T02:22:43.4569600Z       |             ^~~~~~~~~~~~
2026-10-07T02:22:43.4570544Z external/protobuf+/src/google/protobuf/compiler/cpp/message.cc: In member function 'void google::protobuf::compiler::cpp::MessageGenerator::GenerateFieldAccessorDeclarations(google::protobuf::io::Printer*)':
2026-10-07T02:22:43.4572139Z external/protobuf+/src/google/protobuf/compiler/cpp/message.cc:775:66: warning: 'bool google::protobuf::FieldOptions::weak() const' is deprecated [-Wdeprecated-declarations]
2026-10-07T02:22:43.4572959Z   775 |     if (!field->real_containing_oneof() && !field->options().weak()) {
2026-10-07T02:22:43.4573355Z       |                                             ~~~~~~~~~~~~~~~~~~~~~^~
2026-10-07T02:22:43.4574116Z bazel-out/k8-opt-exec-ST-d57f47055a04/bin/external/protobuf+/src/google/protobuf/_virtual_includes/protobuf/google/protobuf/descriptor.pb.h:18861:13: note: declared here
2026-10-07T02:22:43.4574867Z 18861 | inline bool FieldOptions::weak() const {
2026-10-07T02:22:43.4575261Z       |             ^~~~~~~~~~~~
2026-10-07T02:22:43.4576210Z external/protobuf+/src/google/protobuf/compiler/cpp/message.cc: In member function 'void google::protobuf::compiler::cpp::MessageGenerator::GenerateSingularFieldHasBits(const google::protobuf::FieldDescriptor*, google::protobuf::io::Printer*)':
2026-10-07T02:22:43.4578495Z external/protobuf+/src/google/protobuf/compiler/cpp/message.cc:1140:28: warning: 'bool google::protobuf::FieldOptions::weak() const' is deprecated [-Wdeprecated-declarations]
2026-10-07T02:22:43.4579360Z  1140 |   if (field->options().weak()) {
2026-10-07T02:22:43.4579625Z       |       ~~~~~~~~~~~~~~~~~~~~~^~
2026-10-07T02:22:43.4580339Z bazel-out/k8-opt-exec-ST-d57f47055a04/bin/external/protobuf+/src/google/protobuf/_virtual_includes/protobuf/google/protobuf/descriptor.pb.h:18861:13: note: declared here
2026-10-07T02:22:43.4581082Z 18861 | inline bool FieldOptions::weak() const {
2026-10-07T02:22:43.4581364Z       |             ^~~~~~~~~~~~
2026-10-07T02:22:43.4582344Z external/protobuf+/src/google/protobuf/compiler/cpp/message.cc: In member function 'void google::protobuf::compiler::cpp::MessageGenerator::MaybeEmitUpdateCachedHasbits(const google::protobuf::FieldDescriptor*, google::protobuf::io::Printer*, int&) const':
2026-10-07T02:22:43.4583961Z external/protobuf+/src/google/protobuf/compiler/cpp/message.cc:1396:59: warning: 'bool google::protobuf::FieldOptions::weak() const' is deprecated [-Wdeprecated-declarations]
2026-10-07T02:22:43.4584765Z  1396 |   if (!HasHasbit(field, options_) || field->options().weak()) return;
2026-10-07T02:22:43.4585152Z       |                                      ~~~~~~~~~~~~~~~~~~~~~^~
2026-10-07T02:22:43.4585887Z bazel-out/k8-opt-exec-ST-d57f47055a04/bin/external/protobuf+/src/google/protobuf/_virtual_includes/protobuf/google/protobuf/descriptor.pb.h:18861:13: note: declared here
2026-10-07T02:22:43.4586648Z 18861 | inline bool FieldOptions::weak() const {
2026-10-07T02:22:43.4587187Z       |             ^~~~~~~~~~~~
2026-10-07T02:22:43.4587705Z external/protobuf+/src/google/protobuf/compiler/cpp/message.cc: In lambda function:
2026-10-07T02:22:43.4588585Z external/protobuf+/src/google/protobuf/compiler/cpp/message.cc:2184:64: warning: 'bool google::protobuf::FieldOptions::weak() const' is deprecated [-Wdeprecated-declarations]
2026-10-07T02:22:43.4589361Z  2184 |             if (!field->is_repeated() && !field->options().weak() &&
2026-10-07T02:22:43.4589727Z       |                                           ~~~~~~~~~~~~~~~~~~~~~^~
2026-10-07T02:22:43.4590466Z bazel-out/k8-opt-exec-ST-d57f47055a04/bin/external/protobuf+/src/google/protobuf/_virtual_includes/protobuf/google/protobuf/descriptor.pb.h:18861:13: note: declared here
2026-10-07T02:22:43.4591197Z 18861 | inline bool FieldOptions::weak() const {
2026-10-07T02:22:43.4591470Z       |             ^~~~~~~~~~~~
2026-10-07T02:22:43.4592209Z external/protobuf+/src/google/protobuf/compiler/cpp/message.cc: In member function 'size_t google::protobuf::compiler::cpp::MessageGenerator::GenerateOffsets(google::protobuf::io::Printer*)':
2026-10-07T02:22:43.4593413Z external/protobuf+/src/google/protobuf/compiler/cpp/message.cc:2717:30: warning: 'bool google::protobuf::FieldOptions::weak() const' is deprecated [-Wdeprecated-declarations]
2026-10-07T02:22:43.4594124Z  2717 |     if (field->options().weak()) {
2026-10-07T02:22:43.4594390Z       |         ~~~~~~~~~~~~~~~~~~~~~^~
2026-10-07T02:22:43.4595088Z bazel-out/k8-opt-exec-ST-d57f47055a04/bin/external/protobuf+/src/google/protobuf/_virtual_includes/protobuf/google/protobuf/descriptor.pb.h:18861:13: note: declared here
2026-10-07T02:22:43.4595813Z 18861 | inline bool FieldOptions::weak() const {
2026-10-07T02:22:43.4596079Z       |             ^~~~~~~~~~~~
2026-10-07T02:22:43.4596451Z external/protobuf+/src/google/protobuf/compiler/cpp/message.cc: In lambda function:
2026-10-07T02:22:43.4597595Z external/protobuf+/src/google/protobuf/compiler/cpp/message.cc:4372:39: warning: 'bool google::protobuf::FieldOptions::weak() const' is deprecated [-Wdeprecated-declarations]
2026-10-07T02:22:43.4598330Z  4372 |       } else if (field->options().weak() ||
2026-10-07T02:22:43.4598613Z       |                  ~~~~~~~~~~~~~~~~~~~~~^~
2026-10-07T02:22:43.4599312Z bazel-out/k8-opt-exec-ST-d57f47055a04/bin/external/protobuf+/src/google/protobuf/_virtual_includes/protobuf/google/protobuf/descriptor.pb.h:18861:13: note: declared here
2026-10-07T02:22:43.4600034Z 18861 | inline bool FieldOptions::weak() const {
2026-10-07T02:22:43.4600299Z       |             ^~~~~~~~~~~~
2026-10-07T02:22:43.4601213Z external/protobuf+/src/google/protobuf/compiler/cpp/message.cc: In member function 'void google::protobuf::compiler::cpp::MessageGenerator::GenerateSerializeOneField(google::protobuf::io::Printer*, const google::protobuf::FieldDescriptor*, int)':
2026-10-07T02:22:43.4602593Z external/protobuf+/src/google/protobuf/compiler/cpp/message.cc:4722:28: warning: 'bool google::protobuf::FieldOptions::weak() const' is deprecated [-Wdeprecated-declarations]
2026-10-07T02:22:43.4603295Z  4722 |   if (field->options().weak()) {
2026-10-07T02:22:43.4603548Z       |       ~~~~~~~~~~~~~~~~~~~~~^~
2026-10-07T02:22:43.4604366Z bazel-out/k8-opt-exec-ST-d57f47055a04/bin/external/protobuf+/src/google/protobuf/_virtual_includes/protobuf/google/protobuf/descriptor.pb.h:18861:13: note: declared here
2026-10-07T02:22:43.4605099Z 18861 | inline bool FieldOptions::weak() const {
2026-10-07T02:22:43.4605364Z       |             ^~~~~~~~~~~~
2026-10-07T02:22:43.4605729Z external/protobuf+/src/google/protobuf/compiler/cpp/message.cc: In lambda function:
2026-10-07T02:22:43.4606568Z external/protobuf+/src/google/protobuf/compiler/cpp/message.cc:5029:43: warning: 'bool google::protobuf::FieldOptions::weak() const' is deprecated [-Wdeprecated-declarations]
2026-10-07T02:22:43.4607519Z  5029 |                  if (field->options().weak()) {
2026-10-07T02:22:43.4607812Z       |                      ~~~~~~~~~~~~~~~~~~~~~^~
2026-10-07T02:22:43.4608644Z bazel-out/k8-opt-exec-ST-d57f47055a04/bin/external/protobuf+/src/google/protobuf/_virtual_includes/protobuf/google/protobuf/descriptor.pb.h:18861:13: note: declared here
2026-10-07T02:22:43.4609382Z 18861 | inline bool FieldOptions::weak() const {
2026-10-07T02:22:43.4609648Z       |             ^~~~~~~~~~~~
2026-10-07T02:22:43.4610580Z external/protobuf+/src/google/protobuf/compiler/cpp/message.cc: In member function 'void google::protobuf::compiler::cpp::MessageGenerator::EmitCheckAndSerializeField(const google::protobuf::FieldDescriptor*, google::protobuf::io::Printer*) const':
2026-10-07T02:22:43.4611974Z external/protobuf+/src/google/protobuf/compiler/cpp/message.cc:5572:28: warning: 'bool google::protobuf::FieldOptions::weak() const' is deprecated [-Wdeprecated-declarations]
2026-10-07T02:22:43.4612675Z  5572 |   if (field->options().weak()) {
2026-10-07T02:22:43.4612925Z       |       ~~~~~~~~~~~~~~~~~~~~~^~
2026-10-07T02:22:43.4613609Z bazel-out/k8-opt-exec-ST-d57f47055a04/bin/external/protobuf+/src/google/protobuf/_virtual_includes/protobuf/google/protobuf/descriptor.pb.h:18861:13: note: declared here
2026-10-07T02:22:43.4614331Z 18861 | inline bool FieldOptions::weak() const {
2026-10-07T02:22:43.4614600Z       |             ^~~~~~~~~~~~
2026-10-07T02:22:43.4615651Z external/protobuf+/src/google/protobuf/compiler/cpp/message.cc: In instantiation of 'void google::protobuf::compiler::cpp::MessageGenerator::EmitCheckAndUpdateByteSizeForField(const google::protobuf::FieldDescriptor*, google::protobuf::io::Printer*) const [with bool kIsV2 = false]':
2026-10-07T02:22:43.4617229Z external/protobuf+/src/google/protobuf/compiler/cpp/message.cc:1418:62:   required from here
2026-10-07T02:22:43.4618148Z external/protobuf+/src/google/protobuf/compiler/cpp/message.cc:1363:28: warning: 'bool google::protobuf::FieldOptions::weak() const' is deprecated [-Wdeprecated-declarations]
2026-10-07T02:22:43.4618859Z  1363 |   if (field->options().weak()) {
2026-10-07T02:22:43.4619114Z       |       ~~~~~~~~~~~~~~~~~~~~~^~
2026-10-07T02:22:43.4619806Z bazel-out/k8-opt-exec-ST-d57f47055a04/bin/external/protobuf+/src/google/protobuf/_virtual_includes/protobuf/google/protobuf/descriptor.pb.h:18861:13: note: declared here
2026-10-07T02:22:43.4620536Z 18861 | inline bool FieldOptions::weak() const {
2026-10-07T02:22:43.4620807Z       |             ^~~~~~~~~~~~
2026-10-07T02:22:43.4621473Z external/protobuf+/src/google/protobuf/compiler/cpp/message.cc:1363:28: warning: 'bool google::protobuf::FieldOptions::weak() const' is deprecated [-Wdeprecated-declarations]
2026-10-07T02:22:43.4622172Z  1363 |   if (field->options().weak()) {
2026-10-07T02:22:43.4622419Z       |       ~~~~~~~~~~~~~~~~~~~~~^~
2026-10-07T02:22:43.4623099Z bazel-out/k8-opt-exec-ST-d57f47055a04/bin/external/protobuf+/src/google/protobuf/_virtual_includes/protobuf/google/protobuf/descriptor.pb.h:18861:13: note: declared here
2026-10-07T02:22:43.4623821Z 18861 | inline bool FieldOptions::weak() const {
2026-10-07T02:22:43.4624088Z       |             ^~~~~~~~~~~~
2026-10-07T02:22:43.5236402Z [879 / 944] [Prepa] Linking external/protobuf+/src/google/protobuf/compiler/cpp/protoc-gen-cpp [for tool]
2026-10-07T02:22:45.4990186Z [891 / 944] Compiling external/protobuf+/src/google/protobuf/_virtual_imports/wrappers_proto/google/protobuf/wrappers.pb.cc; 1s processwrapper-sandbox ... (4 actions running)
2026-10-07T02:22:46.5038839Z [892 / 944] Compiling external/protobuf+/src/google/protobuf/_virtual_imports/wrappers_proto/google/protobuf/wrappers.pb.cc; 2s processwrapper-sandbox ... (4 actions, 3 running)
2026-10-07T02:22:48.4178941Z [904 / 944] Compiling external/protobuf+/src/google/protobuf/_virtual_imports/field_mask_proto/google/protobuf/field_mask.pb.cc; 1s processwrapper-sandbox ... (4 actions, 3 running)
2026-10-07T02:22:49.4998692Z [906 / 944] Compiling external/protobuf+/src/google/protobuf/_virtual_imports/struct_proto/google/protobuf/struct.pb.cc; 2s processwrapper-sandbox ... (4 actions running)
2026-10-07T02:22:50.1050514Z INFO: From Compiling external/protobuf+/src/google/protobuf/_virtual_imports/struct_proto/google/protobuf/struct.pb.cc:
2026-10-07T02:22:50.1072980Z In file included from bazel-out/k8-opt/bin/external/protobuf+/src/google/protobuf/_virtual_includes/struct_proto/google/protobuf/struct.pb.h:34,
2026-10-07T02:22:50.1079724Z                  from bazel-out/k8-opt/bin/external/protobuf+/src/google/protobuf/_virtual_imports/struct_proto/google/protobuf/struct.pb.cc:6:
2026-10-07T02:22:50.1082906Z bazel-out/k8-opt/bin/external/protobuf+/src/google/protobuf/_virtual_includes/protobuf/google/protobuf/map_field.h: In constructor 'google::protobuf::internal::MapFieldBase::ReflectionPayload::ReflectionPayload(google::protobuf::Arena*, const google::protobuf::Message*)':
2026-10-07T02:22:50.1087460Z bazel-out/k8-opt/bin/external/protobuf+/src/google/protobuf/_virtual_includes/protobuf/google/protobuf/map_field.h:416:11: warning: 'google::protobuf::RepeatedPtrField<T>::RepeatedPtrField(google::protobuf::Arena*) [with Element = google::protobuf::Message]' is deprecated: Use Arena::Create<RepeatedPtrField<...>>(Arena*) instead [-Wdeprecated-declarations]
2026-10-07T02:22:50.1090296Z   416 |         : repeated_field_(arena), prototype_(prototype) {}
2026-10-07T02:22:50.1091144Z       |           ^~~~~~~~~~~~~~~~~~~~~~
2026-10-07T02:22:50.1092526Z In file included from bazel-out/k8-opt/bin/external/protobuf+/src/google/protobuf/_virtual_includes/protobuf_lite/google/protobuf/repeated_field.h:46,
2026-10-07T02:22:50.1094571Z                  from bazel-out/k8-opt/bin/external/protobuf+/src/google/protobuf/_virtual_includes/protobuf_lite/google/protobuf/parse_context.h:39,
2026-10-07T02:22:50.1096592Z                  from bazel-out/k8-opt/bin/external/protobuf+/src/google/protobuf/_virtual_includes/protobuf_lite/google/protobuf/generated_message_tctable_decl.h:25,
2026-10-07T02:22:50.1098974Z                  from bazel-out/k8-opt/bin/external/protobuf+/src/google/protobuf/_virtual_includes/struct_proto/google/protobuf/struct.pb.h:23:
2026-10-07T02:22:50.1100980Z bazel-out/k8-opt/bin/external/protobuf+/src/google/protobuf/_virtual_includes/protobuf_lite/google/protobuf/repeated_ptr_field.h:1380:8: note: declared here
2026-10-07T02:22:50.1102875Z  1380 | inline RepeatedPtrField<Element>::RepeatedPtrField(Arena* arena)
2026-10-07T02:22:50.1103774Z       |        ^~~~~~~~~~~~~~~~~~~~~~~~~
2026-10-07T02:22:50.5028554Z [914 / 944] Compiling pkg/sentry/seccheck/points/container.pb.cc; 2s processwrapper-sandbox ... (4 actions running)
2026-10-07T02:22:52.2343369Z [916 / 944] Compiling src/google/protobuf/util/field_mask_util.cc; 3s processwrapper-sandbox ... (4 actions, 3 running)
2026-10-07T02:22:53.5007444Z [919 / 944] Compiling src/google/protobuf/util/field_mask_util.cc; 4s processwrapper-sandbox ... (4 actions running)
2026-10-07T02:22:54.5021895Z [922 / 944] Compiling external/protobuf+/src/google/protobuf/_virtual_imports/api_proto/google/protobuf/api.pb.cc; 2s processwrapper-sandbox ... (4 actions running)
2026-10-07T02:22:55.5125549Z [924 / 944] Compiling pkg/sentry/seccheck/points/syscall.pb.cc; 1s processwrapper-sandbox ... (4 actions, 3 running)
2026-10-07T02:22:57.5016637Z [926 / 944] Compiling pkg/sentry/seccheck/points/syscall.pb.cc; 3s processwrapper-sandbox ... (4 actions running)
2026-10-07T02:22:58.5028474Z [927 / 944] Compiling pkg/sentry/seccheck/points/syscall.pb.cc; 4s processwrapper-sandbox ... (4 actions running)
2026-10-07T02:22:59.5045203Z [930 / 944] Compiling pkg/sentry/seccheck/points/syscall.pb.cc; 5s processwrapper-sandbox ... (4 actions running)
2026-10-07T02:23:02.0519399Z [931 / 944] Compiling src/google/protobuf/json/internal/untyped_message.cc; 6s processwrapper-sandbox ... (4 actions, 3 running)
2026-10-07T02:23:03.5068224Z [934 / 944] Compiling src/google/protobuf/json/internal/parser.cc; 5s processwrapper-sandbox ... (4 actions running)
2026-10-07T02:23:04.7732779Z [935 / 944] Compiling src/google/protobuf/json/internal/parser.cc; 6s processwrapper-sandbox ... (4 actions, 3 running)
2026-10-07T02:23:06.5088458Z [936 / 944] Compiling src/google/protobuf/json/internal/parser.cc; 8s processwrapper-sandbox ... (4 actions running)
2026-10-07T02:23:08.5080283Z [940 / 944] Compiling tools/haa_gvisor_observer/observer_latch_test.cc; 5s processwrapper-sandbox ... (2 actions running)
2026-10-07T02:23:14.4501729Z INFO: From Compiling tools/haa_gvisor_observer/observer.cc:
2026-10-07T02:23:14.4504667Z tools/haa_gvisor_observer/observer.cc:4614:6: warning: 'bool {anonymous}::Handle(const Header&, const char*, size_t, int, std::string*, const char*, ProcessState*, NormalizedCounts*, TopologyState*, const char**, FaultSite*)' defined but not used [-Wunused-function]
2026-10-07T02:23:14.4507312Z  4614 | bool Handle(const Header& header, const char* payload, size_t payload_size, int output, std::string* container_id,
2026-10-07T02:23:14.4508461Z       |      ^~~~~~
2026-10-07T02:23:14.4510185Z tools/haa_gvisor_observer/observer.cc:3868:6: warning: 'bool {anonymous}::ParseSentryProcessAndClassify(const char*, size_t, int, std::string*, const char*, ProcessState*, const char**)' defined but not used [-Wunused-function]
2026-10-07T02:23:14.4513193Z  3868 | bool ParseSentryProcessAndClassify(const char* payload, size_t payload_size, int output, std::string* container_id,
2026-10-07T02:23:14.4514663Z       |      ^~~~~~~~~~~~~~~~~~~~~~~~~~~~~
2026-10-07T02:23:14.4516003Z tools/haa_gvisor_observer/observer.cc:262:13: warning: 'const char* {anonymous}::CommandPhaseName(CommandPhase)' defined but not used [-Wunused-function]
2026-10-07T02:23:14.4517741Z   262 | const char* CommandPhaseName(CommandPhase phase) {
2026-10-07T02:23:14.4518495Z       |             ^~~~~~~~~~~~~~~~
2026-10-07T02:23:14.4519657Z [941 / 944] Compiling tools/haa_gvisor_observer/observer_latch_test.cc; 11s processwrapper-sandbox ... (2 actions, 1 running)
2026-10-07T02:23:15.5089614Z [942 / 944] Compiling tools/haa_gvisor_observer/observer_latch_test.cc; 12s processwrapper-sandbox
2026-10-07T02:23:23.1888003Z [943 / 944] [Prepa] Linking tools/haa_gvisor_observer/haa_gvisor_observer_latch_test
2026-10-07T02:23:23.3005302Z INFO: Found 2 targets...
2026-10-07T02:23:23.3698231Z INFO: Elapsed time: 282.317s, Critical Path: 49.93s
2026-10-07T02:23:23.3699402Z INFO: 944 processes: 294 internal, 650 processwrapper-sandbox.
2026-10-07T02:23:23.3700466Z INFO: Build completed successfully, 944 total actions
2026-10-07T02:23:23.4489621Z STARTING record_boundaries
2026-10-07T02:23:24.5799489Z profile=go-module-resolver bounded terminal={"container_id":"0202020202020202","kind":"stream-fault","reason":"EVENT_LIMIT","fault_site":"EVENT_LIMIT","fault_budget":{"charged":200000,"limit":200000,"close":199998,"fcntl":0,"raw":0,"other":2,"workspace":0}}
2026-10-07T02:23:26.1821616Z profile=go-module-build bounded terminal={"container_id":"0606060606060606","kind":"stream-fault","reason":"EVENT_LIMIT","fault_site":"EVENT_LIMIT","fault_budget":{"charged":250000,"limit":250000,"close":249998,"fcntl":0,"raw":0,"other":2,"workspace":0}}
2026-10-07T02:23:26.2590700Z profile=cargo-resolver bounded terminal={"container_id":"0808080808080808","kind":"stream-fault","reason":"EVENT_LIMIT","fault_site":"EVENT_LIMIT","fault_budget":{"charged":10000,"limit":10000,"close":9998,"fcntl":0,"raw":0,"other":2,"workspace":0}}
2026-10-07T02:23:26.3515794Z profile=npm-lifecycle bounded terminal={"container_id":"0404040404040404","kind":"stream-fault","reason":"EVENT_LIMIT","fault_site":"EVENT_LIMIT","fault_budget":{"charged":10000,"limit":10000,"close":9998,"fcntl":0,"raw":0,"other":2,"workspace":0}}
2026-10-07T02:23:26.3517115Z STARTING accessors
2026-10-07T02:23:26.4140815Z STARTING network
2026-10-07T02:23:27.3175995Z STARTING malformed_socket
2026-10-07T02:23:27.3182017Z STARTING malformed_connect
2026-10-07T02:23:27.3194541Z STARTING unknown_fd
2026-10-07T02:23:27.3196652Z STARTING process
2026-10-07T02:23:27.5215416Z STARTING correlation
2026-10-07T02:23:27.6732377Z STARTING cloexec
2026-10-07T02:23:27.7742458Z STARTING delayed
2026-10-07T02:23:27.9249123Z STARTING concurrent_python_streams
2026-10-07T02:23:27.9252988Z STARTING roles
2026-10-07T02:23:28.0264953Z STARTING oci_bootstrap
2026-10-07T02:23:28.0316592Z STARTING demotion
2026-10-07T02:23:28.0329587Z STARTING mismatch
2026-10-07T02:23:28.0331777Z STARTING dropped
2026-10-07T02:23:28.0334210Z STARTING topology_fail_closed
2026-10-07T02:23:28.0356671Z STARTING filesystem
2026-10-07T02:23:28.6599242Z STARTING npm_node
2026-10-07T02:23:28.6599952Z STARTING open_result_negative
2026-10-07T02:23:28.6666722Z STARTING open_result_positive
2026-10-07T02:23:29.0685003Z STARTING no_basename_trust
2026-10-07T02:23:29.1193357Z STARTING unexpected_exec_diagnostic
2026-10-07T02:23:29.1205485Z STARTING resolver_npm_version_node
2026-10-07T02:23:29.1206007Z STARTING resolver_npm_version_production_path
2026-10-07T02:23:29.1210492Z STARTING resolver_lock_generation_production_path
2026-10-07T02:23:29.1216642Z STARTING process_group_lifecycle
2026-10-07T02:23:29.1219255Z STARTING direct_exec_admission
2026-10-07T02:23:29.1231229Z STARTING direct_exec_admission_bound
2026-10-07T02:23:29.1289395Z STARTING session_aware_control
2026-10-07T02:23:29.1303981Z STARTING control_peer_hup_live_admission
2026-10-07T02:23:29.1308074Z STARTING pre_attribution_disconnect
2026-10-07T02:23:29.1308925Z haa_gvisor_observer_latch_test: accepted remote stream ended before attribution
2026-10-07T02:23:29.1314236Z observer latch PASS: readiness
2026-10-07T02:23:29.1314760Z observer latch PASS: pod-init profile
2026-10-07T02:23:29.1315184Z observer latch PASS: profile record limits
2026-10-07T02:23:29.1315774Z observer latch PASS: finite profile record boundary
2026-10-07T02:23:29.1316366Z observer latch PASS: normalized accessors
2026-10-07T02:23:29.1317275Z observer latch PASS: socket family classification
2026-10-07T02:23:29.1317836Z observer latch PASS: unknown socket family
2026-10-07T02:23:29.1318382Z observer latch PASS: malformed socket address
2026-10-07T02:23:29.1318883Z observer latch PASS: unknown FD state
2026-10-07T02:23:29.1319353Z observer latch PASS: process trust boundary
2026-10-07T02:23:29.1319865Z observer latch PASS: exec correlation boundary
2026-10-07T02:23:29.1320387Z observer latch PASS: CLOEXEC/re-exec boundary
2026-10-07T02:23:29.1320929Z observer latch PASS: delayed profile registration
2026-10-07T02:23:29.1321412Z observer latch PASS: concurrent Python streams
2026-10-07T02:23:29.1321724Z observer latch PASS: role handoff/provenance
2026-10-07T02:23:29.1322020Z observer latch PASS: OCI bootstrap demotion
2026-10-07T02:23:29.1322322Z observer latch PASS: setpriv demotion boundary
2026-10-07T02:23:29.1322614Z observer latch PASS: container mismatch
2026-10-07T02:23:29.1322922Z observer latch PASS: dropped events
2026-10-07T02:23:29.1323331Z observer latch PASS: topology fail-closed
2026-10-07T02:23:29.1323892Z observer latch PASS: registered nested mount boundary
2026-10-07T02:23:29.1324452Z observer latch PASS: filesystem normalization
2026-10-07T02:23:29.1324995Z observer latch PASS: Cargo resolver runtime read boundary
2026-10-07T02:23:29.1325626Z observer latch PASS: Cargo resolver self maps boundary
2026-10-07T02:23:29.1326252Z observer latch PASS: Cargo configuration read boundary
2026-10-07T02:23:29.1326769Z observer latch PASS: Cargo TAR configuration read boundary
2026-10-07T02:23:29.1327597Z observer latch PASS: Cargo entropy read boundary
2026-10-07T02:23:29.1327966Z observer latch PASS: Cargo certificate bundle read boundary
2026-10-07T02:23:29.1328335Z observer latch PASS: Cargo null input read boundary
2026-10-07T02:23:29.1328658Z observer latch PASS: Cargo Rustc query boundary
2026-10-07T02:23:29.1328992Z observer latch PASS: Cargo Rustc metadata query boundary
2026-10-07T02:23:29.1329343Z observer latch PASS: Cargo Rustc VM metadata boundary
2026-10-07T02:23:29.1329669Z observer latch PASS: Cargo Rustc self maps boundary
2026-10-07T02:23:29.1330023Z observer latch PASS: Cargo Rustc self memory stats boundary
2026-10-07T02:23:29.1330377Z observer latch PASS: Cargo Rustc self cgroup boundary
2026-10-07T02:23:29.1330731Z observer latch PASS: Cargo Rustc self mountinfo boundary
2026-10-07T02:23:29.1331072Z observer latch PASS: Cargo Rustc CPU quota boundary
2026-10-07T02:23:29.1331567Z observer latch PASS: Cargo Rustc fixed sysroot directory boundary
2026-10-07T02:23:29.1331952Z observer latch PASS: Cargo DNS configuration boundary
2026-10-07T02:23:29.1332325Z observer latch PASS: Cargo resolver configuration file boundary
2026-10-07T02:23:29.1332684Z observer latch PASS: Cargo fixed UTC boundary
2026-10-07T02:23:29.1333023Z observer latch PASS: Cargo close-on-exec entropy boundary
2026-10-07T02:23:29.1333422Z observer latch PASS: SocketPair diagnostic preserves FD authority
2026-10-07T02:23:29.1333826Z observer latch PASS: Kernel SocketPair descriptor authority
2026-10-07T02:23:29.1334181Z observer latch PASS: Cargo Rustc Zlib ABI boundary
2026-10-07T02:23:29.1334500Z observer latch PASS: Cargo Rustc ABI boundary
2026-10-07T02:23:29.1334826Z observer latch PASS: Go resolver runtime read boundary
2026-10-07T02:23:29.1335184Z observer latch PASS: Go build configuration read boundary
2026-10-07T02:23:29.1335532Z observer latch PASS: Go build handoff read boundary
2026-10-07T02:23:29.1335906Z observer latch PASS: Cargo build handoff read boundary
2026-10-07T02:23:29.1336244Z observer latch PASS: Cargo build pinned target
2026-10-07T02:23:29.1336574Z observer latch PASS: Cargo build driver read
2026-10-07T02:23:29.1337066Z observer latch PASS: Cargo build rustc child
2026-10-07T02:23:29.1337385Z observer latch PASS: Cargo build native cc child
2026-10-07T02:23:29.1337701Z observer latch PASS: Cargo build collect2 child
2026-10-07T02:23:29.1338010Z observer latch PASS: Cargo build lld launcher
2026-10-07T02:23:29.1338300Z observer latch PASS: Cargo build rust lld
2026-10-07T02:23:29.1338597Z observer latch PASS: Cargo build link inputs
2026-10-07T02:23:29.1338879Z observer latch PASS: Cargo build link sdk
2026-10-07T02:23:29.1339155Z observer latch PASS: Cargo build Rust C ABI
2026-10-07T02:23:29.1339441Z observer latch PASS: Cargo build lld entropy
2026-10-07T02:23:29.1339723Z observer latch PASS: Cargo build program
2026-10-07T02:23:29.1340005Z observer latch PASS: Cargo build program ABI
2026-10-07T02:23:29.1340303Z observer latch PASS: Cargo build program maps
2026-10-07T02:23:29.1340622Z observer latch PASS: Cargo build program rustc query
2026-10-07T02:23:29.1340938Z observer latch PASS: Cargo build program null
2026-10-07T02:23:29.1341239Z observer latch PASS: Cargo build configuration
2026-10-07T02:23:29.1341582Z observer latch PASS: Terraform provider profile isolation
2026-10-07T02:23:29.1341943Z observer latch PASS: Go build runtime metadata boundary
2026-10-07T02:23:29.1342316Z observer latch PASS: Go build exact creator diagnostic boundary
2026-10-07T02:23:29.1342695Z observer latch PASS: Go build SDK tool child boundary
2026-10-07T02:23:29.1343032Z observer latch PASS: Go build cgo GCC creator boundary
2026-10-07T02:23:29.1343392Z observer latch PASS: Go build SDK linker GCC creator boundary
2026-10-07T02:23:29.1343795Z observer latch PASS: Go build SDK linker native ancestry boundary
2026-10-07T02:23:29.1344201Z observer latch PASS: Go build native linker resolver ABI boundary
2026-10-07T02:23:29.1344599Z observer latch PASS: Go build CC1 creator and loader boundary
2026-10-07T02:23:29.1345141Z observer latch PASS: Go build CC1 readonly header boundary
2026-10-07T02:23:29.1345540Z observer latch PASS: Go build assembler creator and loader boundary
2026-10-07T02:23:29.1345964Z observer latch PASS: Go build collect2 creator and loader boundary
2026-10-07T02:23:29.1346389Z observer latch PASS: Go build native linker creator and loader boundary
2026-10-07T02:23:29.1346816Z observer latch PASS: Go build native linker fixed plugin boundary
2026-10-07T02:23:29.1347442Z observer latch PASS: Go build native linker null device boundary
2026-10-07T02:23:29.1347859Z observer latch PASS: Go build native linker C runtime input boundary
2026-10-07T02:23:29.1348265Z observer latch PASS: Go build assembler null device boundary
2026-10-07T02:23:29.1348664Z observer latch PASS: Go build CC1 readonly SDK Cgo input boundary
2026-10-07T02:23:29.1349044Z observer latch PASS: exact npm CLI-to-Node
2026-10-07T02:23:29.1349466Z observer latch PASS: OPEN_RESULT negative matrix
2026-10-07T02:23:29.1349784Z observer latch PASS: OPEN_RESULT positive matrix
2026-10-07T02:23:29.1350089Z observer latch PASS: no-basename-trust
2026-10-07T02:23:29.1350409Z observer latch PASS: unexpected exec diagnostic retention
2026-10-07T02:23:29.1350775Z observer latch PASS: exact resolver npm-version-to-Node
2026-10-07T02:23:29.1351155Z observer latch PASS: resolver npm-version production path
2026-10-07T02:23:29.1351559Z observer latch PASS: resolver lock-generation production path
2026-10-07T02:23:29.1351954Z observer latch PASS: authoritative process-group lifecycle
2026-10-07T02:23:29.1352318Z observer latch PASS: direct-exec one-shot admission
2026-10-07T02:23:29.1352684Z observer latch PASS: direct-exec terminal admission protocol
2026-10-07T02:23:29.1353041Z observer latch PASS: direct-exec admission bound
2026-10-07T02:23:29.1353347Z observer latch PASS: session-aware control
2026-10-07T02:23:29.1353648Z observer latch PASS: exact control peer binding
2026-10-07T02:23:29.1354000Z observer latch PASS: control peer HUP clears live admission
2026-10-07T02:23:29.1354355Z observer latch PASS: unaccepted remote disconnect
2026-10-07T02:23:29.1354730Z observer latch PASS: accepted pre-attribution disconnect fail-stop
2026-10-07T02:23:29.1475354Z Post job cleanup.
2026-10-07T02:23:29.2294778Z [command]/usr/bin/git version
2026-10-07T02:23:29.2336743Z git version 2.55.0
2026-10-07T02:23:29.2392306Z Temporarily overriding HOME='/home/runner/work/_temp/50ddf288-e18c-4110-989a-d06ff3a83137' before making global git config changes
2026-10-07T02:23:29.2393561Z Adding repository directory to the temporary git global config as a safe directory
2026-10-07T02:23:29.2399832Z [command]/usr/bin/git config --global --add safe.directory /home/runner/work/heliopause/heliopause
2026-10-07T02:23:29.2432219Z Removing SSH command configuration
2026-10-07T02:23:29.2439149Z [command]/usr/bin/git config --local --name-only --get-regexp core\.sshCommand
2026-10-07T02:23:29.2478868Z [command]/usr/bin/git submodule foreach --recursive sh -c "git config --local --name-only --get-regexp 'core\.sshCommand' && git config --local --unset-all 'core.sshCommand' || :"
2026-10-07T02:23:29.2722100Z Removing HTTP extra header
2026-10-07T02:23:29.2729007Z [command]/usr/bin/git config --local --name-only --get-regexp http\.https\:\/\/github\.com\/\.extraheader
2026-10-07T02:23:29.2765441Z [command]/usr/bin/git submodule foreach --recursive sh -c "git config --local --name-only --get-regexp 'http\.https\:\/\/github\.com\/\.extraheader' && git config --local --unset-all 'http.https://github.com/.extraheader' || :"
2026-10-07T02:23:29.3010751Z Removing includeIf entries pointing to credentials config files
2026-10-07T02:23:29.3020888Z [command]/usr/bin/git config --local --name-only --get-regexp ^includeIf\.gitdir:
2026-10-07T02:23:29.3057622Z [command]/usr/bin/git submodule foreach --recursive git config --local --show-origin --name-only --get-regexp remote.origin.url
2026-10-07T02:23:29.3495286Z Cleaning up orphan processes
2026-10-07T02:23:29.3815101Z Terminate orphan process: pid (2538) (java.lang=ALL-UNNAMED)
