2026-10-07T04:15:02.5599646Z Current runner version: '2.337.0'
2026-10-07T04:15:02.5615135Z ##[group]Runner Image Provisioner
2026-10-07T04:15:02.5615670Z Hosted Compute Agent
2026-10-07T04:15:02.5616066Z Version: 20260901.588
2026-10-07T04:15:02.5616424Z Commit: f88ec8081b781fac6c440065ac7ff9e710ce3d0b
2026-10-07T04:15:02.5616831Z Build Date: 2026-09-01T19:56:44Z
2026-10-07T04:15:02.5617257Z Worker ID: {31c10f50-fe21-422e-993b-6be92e20ac03}
2026-10-07T04:15:02.5617687Z Azure Region: centralus
2026-10-07T04:15:02.5618043Z ##[endgroup]
2026-10-07T04:15:02.5618840Z ##[group]Operating System
2026-10-07T04:15:02.5619169Z Ubuntu
2026-10-07T04:15:02.5619541Z 24.04.5
2026-10-07T04:15:02.5619834Z LTS
2026-10-07T04:15:02.5620153Z ##[endgroup]
2026-10-07T04:15:02.5620475Z ##[group]Runner Image
2026-10-07T04:15:02.5620814Z Image: ubuntu-24.04
2026-10-07T04:15:02.5621171Z Version: 20260927.320.1
2026-10-07T04:15:02.5622014Z Included Software: https://github.com/actions/runner-images/blob/ubuntu24/20260927.320/images/ubuntu/Ubuntu2404-Readme.md
2026-10-07T04:15:02.5622872Z Image Release: https://github.com/actions/runner-images/releases/tag/ubuntu24%2F20260927.320
2026-10-07T04:15:02.5623400Z ##[endgroup]
2026-10-07T04:15:02.5624142Z ##[group]GITHUB_TOKEN Permissions
2026-10-07T04:15:02.5625360Z Contents: read
2026-10-07T04:15:02.5625728Z Metadata: read
2026-10-07T04:15:02.5626072Z ##[endgroup]
2026-10-07T04:15:02.5627270Z Secret source: Actions
2026-10-07T04:15:02.5627812Z Cache mode: write
2026-10-07T04:15:02.5628191Z Prepare workflow directory
2026-10-07T04:15:02.5863994Z Prepare all required actions
2026-10-07T04:15:02.5892828Z Getting action download info
2026-10-07T04:15:02.8121781Z Download action repository 'actions/checkout@3d3c42e5aac5ba805825da76410c181273ba90b1' (SHA:3d3c42e5aac5ba805825da76410c181273ba90b1)
2026-10-07T04:15:02.9358919Z Complete job name: gVisor Observer Helper
2026-10-07T04:15:02.9847107Z ##[group]Run actions/checkout@3d3c42e5aac5ba805825da76410c181273ba90b1
2026-10-07T04:15:02.9847585Z with:
2026-10-07T04:15:02.9847822Z   persist-credentials: false
2026-10-07T04:15:02.9848110Z   repository: rahoney/heliopause
2026-10-07T04:15:02.9849922Z   token: ***
2026-10-07T04:15:02.9850154Z   ssh-strict: true
2026-10-07T04:15:02.9850387Z   ssh-user: git
2026-10-07T04:15:02.9850611Z   clean: true
2026-10-07T04:15:02.9850846Z   sparse-checkout-cone-mode: true
2026-10-07T04:15:02.9851121Z   fetch-depth: 1
2026-10-07T04:15:02.9851350Z   fetch-tags: false
2026-10-07T04:15:02.9851704Z   show-progress: true
2026-10-07T04:15:02.9851942Z   lfs: false
2026-10-07T04:15:02.9852165Z   submodules: false
2026-10-07T04:15:02.9852405Z   set-safe-directory: true
2026-10-07T04:15:02.9852686Z   allow-unsafe-pr-checkout: false
2026-10-07T04:15:02.9853032Z ##[endgroup]
2026-10-07T04:15:03.0479242Z Syncing repository: rahoney/heliopause
2026-10-07T04:15:03.0480602Z ##[group]Getting Git version info
2026-10-07T04:15:03.0481197Z Working directory is '/home/runner/work/heliopause/heliopause'
2026-10-07T04:15:03.0482253Z [command]/usr/bin/git version
2026-10-07T04:15:03.0567387Z git version 2.55.0
2026-10-07T04:15:03.0580996Z ##[endgroup]
2026-10-07T04:15:03.0591280Z Temporarily overriding HOME='/home/runner/work/_temp/81f08b5b-7426-4352-8053-68e4016a9617' before making global git config changes
2026-10-07T04:15:03.0592657Z Adding repository directory to the temporary git global config as a safe directory
2026-10-07T04:15:03.0595605Z [command]/usr/bin/git config --global --add safe.directory /home/runner/work/heliopause/heliopause
2026-10-07T04:15:03.0637881Z Deleting the contents of '/home/runner/work/heliopause/heliopause'
2026-10-07T04:15:03.0640400Z ##[group]Determining repository object format
2026-10-07T04:15:03.0641505Z ##[endgroup]
2026-10-07T04:15:03.0642242Z ##[group]Initializing the repository
2026-10-07T04:15:03.0645067Z [command]/usr/bin/git init /home/runner/work/heliopause/heliopause
2026-10-07T04:15:03.0755901Z hint: Using 'master' as the name for the initial branch. This default branch name
2026-10-07T04:15:03.0757170Z hint: will change to "main" in Git 3.0. To configure the initial branch name
2026-10-07T04:15:03.0758481Z hint: to use in all of your new repositories, which will suppress this warning,
2026-10-07T04:15:03.0759252Z hint: call:
2026-10-07T04:15:03.0759735Z hint:
2026-10-07T04:15:03.0760328Z hint: 	git config --global init.defaultBranch <name>
2026-10-07T04:15:03.0760996Z hint:
2026-10-07T04:15:03.0762464Z hint: Names commonly chosen instead of 'master' are 'main', 'trunk' and
2026-10-07T04:15:03.0763433Z hint: 'development'. The just-created branch can be renamed via this command:
2026-10-07T04:15:03.0764220Z hint:
2026-10-07T04:15:03.0764703Z hint: 	git branch -m <name>
2026-10-07T04:15:03.0765234Z hint:
2026-10-07T04:15:03.0765886Z hint: Disable this message with "git config set advice.defaultBranchName false"
2026-10-07T04:15:03.0767025Z Initialized empty Git repository in /home/runner/work/heliopause/heliopause/.git/
2026-10-07T04:15:03.0768969Z [command]/usr/bin/git remote add origin https://github.com/rahoney/heliopause
2026-10-07T04:15:03.0817917Z ##[endgroup]
2026-10-07T04:15:03.0818536Z ##[group]Disabling automatic garbage collection
2026-10-07T04:15:03.0821111Z [command]/usr/bin/git config --local gc.auto 0
2026-10-07T04:15:03.0850471Z ##[endgroup]
2026-10-07T04:15:03.0851433Z ##[group]Setting up auth
2026-10-07T04:15:03.0854336Z Removing SSH command configuration
2026-10-07T04:15:03.0861699Z [command]/usr/bin/git config --local --name-only --get-regexp core\.sshCommand
2026-10-07T04:15:03.0885201Z [command]/usr/bin/git submodule foreach --recursive sh -c "git config --local --name-only --get-regexp 'core\.sshCommand' && git config --local --unset-all 'core.sshCommand' || :"
2026-10-07T04:15:03.1160755Z Removing HTTP extra header
2026-10-07T04:15:03.1163997Z [command]/usr/bin/git config --local --name-only --get-regexp http\.https\:\/\/github\.com\/\.extraheader
2026-10-07T04:15:03.1189771Z [command]/usr/bin/git submodule foreach --recursive sh -c "git config --local --name-only --get-regexp 'http\.https\:\/\/github\.com\/\.extraheader' && git config --local --unset-all 'http.https://github.com/.extraheader' || :"
2026-10-07T04:15:03.1348154Z Removing includeIf entries pointing to credentials config files
2026-10-07T04:15:03.1351003Z [command]/usr/bin/git config --local --name-only --get-regexp ^includeIf\.gitdir:
2026-10-07T04:15:03.1375683Z [command]/usr/bin/git submodule foreach --recursive git config --local --show-origin --name-only --get-regexp remote.origin.url
2026-10-07T04:15:03.1542372Z [command]/usr/bin/git config --file /home/runner/work/_temp/git-credentials-3ba787f6-c7fb-4304-b28b-264873601b16.config http.https://github.com/.extraheader AUTHORIZATION: basic ***
2026-10-07T04:15:03.1570923Z [command]/usr/bin/git config --local includeIf.gitdir:/home/runner/work/heliopause/heliopause/.git.path /home/runner/work/_temp/git-credentials-3ba787f6-c7fb-4304-b28b-264873601b16.config
2026-10-07T04:15:03.1595966Z [command]/usr/bin/git config --local includeIf.gitdir:/home/runner/work/heliopause/heliopause/.git/worktrees/*.path /home/runner/work/_temp/git-credentials-3ba787f6-c7fb-4304-b28b-264873601b16.config
2026-10-07T04:15:03.1624080Z [command]/usr/bin/git config --local includeIf.gitdir:/github/workspace/.git.path /github/runner_temp/git-credentials-3ba787f6-c7fb-4304-b28b-264873601b16.config
2026-10-07T04:15:03.1651133Z [command]/usr/bin/git config --local includeIf.gitdir:/github/workspace/.git/worktrees/*.path /github/runner_temp/git-credentials-3ba787f6-c7fb-4304-b28b-264873601b16.config
2026-10-07T04:15:03.1675498Z ##[endgroup]
2026-10-07T04:15:03.1675967Z ##[group]Fetching the repository
2026-10-07T04:15:03.1679425Z [command]/usr/bin/git -c protocol.version=2 fetch --no-tags --prune --no-recurse-submodules --depth=1 origin +d328756f0087624093808215d1fbedd47767ef58:refs/remotes/origin/milestone/m12-go-cargo-terraform
2026-10-07T04:15:03.8959560Z From https://github.com/rahoney/heliopause
2026-10-07T04:15:03.8960241Z  * [new ref]         d328756f0087624093808215d1fbedd47767ef58 -> origin/milestone/m12-go-cargo-terraform
2026-10-07T04:15:03.8967966Z [command]/usr/bin/git branch --list --remote origin/milestone/m12-go-cargo-terraform
2026-10-07T04:15:03.8990907Z   origin/milestone/m12-go-cargo-terraform
2026-10-07T04:15:03.8996387Z [command]/usr/bin/git rev-parse refs/remotes/origin/milestone/m12-go-cargo-terraform
2026-10-07T04:15:03.9016348Z d328756f0087624093808215d1fbedd47767ef58
2026-10-07T04:15:03.9019082Z ##[endgroup]
2026-10-07T04:15:03.9019757Z ##[group]Determining the checkout info
2026-10-07T04:15:03.9020469Z ##[endgroup]
2026-10-07T04:15:03.9021542Z [command]/usr/bin/git sparse-checkout disable
2026-10-07T04:15:03.9096046Z [command]/usr/bin/git config --local --unset-all extensions.worktreeConfig
2026-10-07T04:15:03.9122384Z ##[group]Checking out the ref
2026-10-07T04:15:03.9124385Z [command]/usr/bin/git checkout --progress --force -B milestone/m12-go-cargo-terraform refs/remotes/origin/milestone/m12-go-cargo-terraform
2026-10-07T04:15:03.9947323Z Switched to a new branch 'milestone/m12-go-cargo-terraform'
2026-10-07T04:15:03.9949214Z branch 'milestone/m12-go-cargo-terraform' set up to track 'origin/milestone/m12-go-cargo-terraform'.
2026-10-07T04:15:03.9952452Z ##[endgroup]
2026-10-07T04:15:03.9990022Z [command]/usr/bin/git log -1 --format=%H
2026-10-07T04:15:04.0012859Z d328756f0087624093808215d1fbedd47767ef58
2026-10-07T04:15:04.0019664Z ##[group]Removing auth
2026-10-07T04:15:04.0020274Z Removing SSH command configuration
2026-10-07T04:15:04.0022345Z [command]/usr/bin/git config --local --name-only --get-regexp core\.sshCommand
2026-10-07T04:15:04.0050962Z [command]/usr/bin/git submodule foreach --recursive sh -c "git config --local --name-only --get-regexp 'core\.sshCommand' && git config --local --unset-all 'core.sshCommand' || :"
2026-10-07T04:15:04.0216244Z Removing HTTP extra header
2026-10-07T04:15:04.0218375Z [command]/usr/bin/git config --local --name-only --get-regexp http\.https\:\/\/github\.com\/\.extraheader
2026-10-07T04:15:04.0245666Z [command]/usr/bin/git submodule foreach --recursive sh -c "git config --local --name-only --get-regexp 'http\.https\:\/\/github\.com\/\.extraheader' && git config --local --unset-all 'http.https://github.com/.extraheader' || :"
2026-10-07T04:15:04.0406092Z Removing includeIf entries pointing to credentials config files
2026-10-07T04:15:04.0407991Z [command]/usr/bin/git config --local --name-only --get-regexp ^includeIf\.gitdir:
2026-10-07T04:15:04.0430843Z includeif.gitdir:/home/runner/work/heliopause/heliopause/.git.path
2026-10-07T04:15:04.0432854Z includeif.gitdir:/home/runner/work/heliopause/heliopause/.git/worktrees/*.path
2026-10-07T04:15:04.0434386Z includeif.gitdir:/github/workspace/.git.path
2026-10-07T04:15:04.0435876Z includeif.gitdir:/github/workspace/.git/worktrees/*.path
2026-10-07T04:15:04.0438677Z [command]/usr/bin/git config --local --get-all includeif.gitdir:/home/runner/work/heliopause/heliopause/.git.path
2026-10-07T04:15:04.0458250Z /home/runner/work/_temp/git-credentials-3ba787f6-c7fb-4304-b28b-264873601b16.config
2026-10-07T04:15:04.0465758Z [command]/usr/bin/git config --local --unset includeif.gitdir:/home/runner/work/heliopause/heliopause/.git.path \/home\/runner\/work\/_temp\/git\-credentials\-3ba787f6\-c7fb\-4304\-b28b\-264873601b16\.config
2026-10-07T04:15:04.0494773Z [command]/usr/bin/git config --local --get-all includeif.gitdir:/home/runner/work/heliopause/heliopause/.git/worktrees/*.path
2026-10-07T04:15:04.0547961Z /home/runner/work/_temp/git-credentials-3ba787f6-c7fb-4304-b28b-264873601b16.config
2026-10-07T04:15:04.0553938Z [command]/usr/bin/git config --local --unset includeif.gitdir:/home/runner/work/heliopause/heliopause/.git/worktrees/*.path \/home\/runner\/work\/_temp\/git\-credentials\-3ba787f6\-c7fb\-4304\-b28b\-264873601b16\.config
2026-10-07T04:15:04.0585384Z [command]/usr/bin/git config --local --get-all includeif.gitdir:/github/workspace/.git.path
2026-10-07T04:15:04.0616427Z /github/runner_temp/git-credentials-3ba787f6-c7fb-4304-b28b-264873601b16.config
2026-10-07T04:15:04.0620874Z [command]/usr/bin/git config --local --unset includeif.gitdir:/github/workspace/.git.path \/github\/runner_temp\/git\-credentials\-3ba787f6\-c7fb\-4304\-b28b\-264873601b16\.config
2026-10-07T04:15:04.0670372Z [command]/usr/bin/git config --local --get-all includeif.gitdir:/github/workspace/.git/worktrees/*.path
2026-10-07T04:15:04.0690644Z /github/runner_temp/git-credentials-3ba787f6-c7fb-4304-b28b-264873601b16.config
2026-10-07T04:15:04.0695566Z [command]/usr/bin/git config --local --unset includeif.gitdir:/github/workspace/.git/worktrees/*.path \/github\/runner_temp\/git\-credentials\-3ba787f6\-c7fb\-4304\-b28b\-264873601b16\.config
2026-10-07T04:15:04.0723975Z [command]/usr/bin/git submodule foreach --recursive git config --local --show-origin --name-only --get-regexp remote.origin.url
2026-10-07T04:15:04.0883629Z Removing credentials config '/home/runner/work/_temp/git-credentials-3ba787f6-c7fb-4304-b28b-264873601b16.config'
2026-10-07T04:15:04.0889207Z ##[endgroup]
2026-10-07T04:15:04.1053599Z ##[group]Run set -eu
2026-10-07T04:15:04.1054260Z [36;1mset -eu[0m
2026-10-07T04:15:04.1054936Z [36;1mruntime_lock=scripts/runtimes.lock.json[0m
2026-10-07T04:15:04.1055769Z [36;1mtest -f "$runtime_lock"[0m
2026-10-07T04:15:04.1056774Z [36;1mgvisor_repository="$(jq -er '.gvisor.source_repository' "$runtime_lock")"[0m
2026-10-07T04:15:04.1058027Z [36;1mgvisor_commit="$(jq -er '.gvisor.commit' "$runtime_lock")"[0m
2026-10-07T04:15:04.1059223Z [36;1mgvisor_patch_path="$(jq -er '.gvisor.patch.path' "$runtime_lock")"[0m
2026-10-07T04:15:04.1060504Z [36;1mgvisor_patch_sha256="$(jq -er '.gvisor.patch.sha256' "$runtime_lock")"[0m
2026-10-07T04:15:04.1061941Z [36;1mbazel_url="$(jq -er '.bazel.linux_x86_64_url' "$runtime_lock")"[0m
2026-10-07T04:15:04.1063122Z [36;1mbazel_sha512="$(jq -er '.bazel.linux_x86_64_sha512' "$runtime_lock")"[0m
2026-10-07T04:15:04.1064126Z [36;1mcase "$gvisor_patch_path" in[0m
2026-10-07T04:15:04.1064843Z [36;1m  tools/gvisor/*.patch) ;;[0m
2026-10-07T04:15:04.1065807Z [36;1m  *) echo "runtime lock gVisor patch path is invalid" >&2; exit 1 ;;[0m
2026-10-07T04:15:04.1066777Z [36;1mesac[0m
2026-10-07T04:15:04.1067329Z [36;1mtest -f "$gvisor_patch_path"[0m
2026-10-07T04:15:04.1068560Z [36;1mtest "$(sha256sum "$gvisor_patch_path" | awk '{print $1}')" = "$gvisor_patch_sha256"[0m
2026-10-07T04:15:04.1069716Z [36;1mpatch_abs="$PWD/$gvisor_patch_path"[0m
2026-10-07T04:15:04.1070926Z [36;1mgit clone --filter=blob:none "$gvisor_repository" "$RUNNER_TEMP/gvisor"[0m
2026-10-07T04:15:04.1072308Z [36;1mgit -C "$RUNNER_TEMP/gvisor" checkout --detach "$gvisor_commit"[0m
2026-10-07T04:15:04.1073543Z [36;1mtest "$(git -C "$RUNNER_TEMP/gvisor" rev-parse HEAD)" = "$gvisor_commit"[0m
2026-10-07T04:15:04.1074734Z [36;1mgit -C "$RUNNER_TEMP/gvisor" apply --check "$patch_abs"[0m
2026-10-07T04:15:04.1075737Z [36;1mgit -C "$RUNNER_TEMP/gvisor" apply "$patch_abs"[0m
2026-10-07T04:15:04.1077005Z [36;1mcurl --fail --location --silent --show-error --output "$RUNNER_TEMP/bazel" "$bazel_url"[0m
2026-10-07T04:15:04.1078493Z [36;1mtest "$(sha512sum "$RUNNER_TEMP/bazel" | awk '{print $1}')" = "$bazel_sha512"[0m
2026-10-07T04:15:04.1079582Z [36;1mchmod 0755 "$RUNNER_TEMP/bazel"[0m
2026-10-07T04:15:04.1080641Z [36;1mcp -R tools/gvisor-observer "$RUNNER_TEMP/gvisor/tools/haa_gvisor_observer"[0m
2026-10-07T04:15:04.1081799Z [36;1mcd "$RUNNER_TEMP/gvisor"[0m
2026-10-07T04:15:04.1083379Z [36;1m"$RUNNER_TEMP/bazel" build -c opt //tools/haa_gvisor_observer:haa_gvisor_observer //tools/haa_gvisor_observer:haa_gvisor_observer_latch_test[0m
2026-10-07T04:15:04.1085288Z [36;1mbazel-bin/tools/haa_gvisor_observer/haa_gvisor_observer_latch_test[0m
2026-10-07T04:15:04.1301515Z shell: /usr/bin/bash -e {0}
2026-10-07T04:15:04.1302296Z ##[endgroup]
2026-10-07T04:15:04.1523164Z Cloning into '/home/runner/work/_temp/gvisor'...
2026-10-07T04:15:08.1394221Z Updating files:   0% (1/4377)
2026-10-07T04:15:08.1494792Z Updating files:   1% (44/4377)
2026-10-07T04:15:08.1524326Z Updating files:   2% (88/4377)
2026-10-07T04:15:08.1559111Z Updating files:   3% (132/4377)
2026-10-07T04:15:08.1575494Z Updating files:   4% (176/4377)
2026-10-07T04:15:08.1595018Z Updating files:   5% (219/4377)
2026-10-07T04:15:08.1612906Z Updating files:   6% (263/4377)
2026-10-07T04:15:08.1633457Z Updating files:   7% (307/4377)
2026-10-07T04:15:08.1650662Z Updating files:   8% (351/4377)
2026-10-07T04:15:08.1668975Z Updating files:   9% (394/4377)
2026-10-07T04:15:08.1687673Z Updating files:  10% (438/4377)
2026-10-07T04:15:08.1708545Z Updating files:  11% (482/4377)
2026-10-07T04:15:08.1727591Z Updating files:  12% (526/4377)
2026-10-07T04:15:08.1743771Z Updating files:  13% (570/4377)
2026-10-07T04:15:08.1758593Z Updating files:  14% (613/4377)
2026-10-07T04:15:08.1779695Z Updating files:  15% (657/4377)
2026-10-07T04:15:08.1801193Z Updating files:  16% (701/4377)
2026-10-07T04:15:08.1817075Z Updating files:  17% (745/4377)
2026-10-07T04:15:08.1834139Z Updating files:  18% (788/4377)
2026-10-07T04:15:08.1856814Z Updating files:  19% (832/4377)
2026-10-07T04:15:08.1875188Z Updating files:  20% (876/4377)
2026-10-07T04:15:08.1896379Z Updating files:  21% (920/4377)
2026-10-07T04:15:08.1915817Z Updating files:  22% (963/4377)
2026-10-07T04:15:08.1938985Z Updating files:  23% (1007/4377)
2026-10-07T04:15:08.1964804Z Updating files:  24% (1051/4377)
2026-10-07T04:15:08.1986951Z Updating files:  25% (1095/4377)
2026-10-07T04:15:08.2008533Z Updating files:  26% (1139/4377)
2026-10-07T04:15:08.2026660Z Updating files:  27% (1182/4377)
2026-10-07T04:15:08.2061981Z Updating files:  28% (1226/4377)
2026-10-07T04:15:08.2085175Z Updating files:  29% (1270/4377)
2026-10-07T04:15:08.2108776Z Updating files:  30% (1314/4377)
2026-10-07T04:15:08.2133920Z Updating files:  31% (1357/4377)
2026-10-07T04:15:08.2149832Z Updating files:  32% (1401/4377)
2026-10-07T04:15:08.2168357Z Updating files:  33% (1445/4377)
2026-10-07T04:15:08.2184448Z Updating files:  34% (1489/4377)
2026-10-07T04:15:08.2200038Z Updating files:  35% (1532/4377)
2026-10-07T04:15:08.2218196Z Updating files:  36% (1576/4377)
2026-10-07T04:15:08.2238574Z Updating files:  37% (1620/4377)
2026-10-07T04:15:08.2261163Z Updating files:  38% (1664/4377)
2026-10-07T04:15:08.2278988Z Updating files:  39% (1708/4377)
2026-10-07T04:15:08.2297026Z Updating files:  40% (1751/4377)
2026-10-07T04:15:08.2316417Z Updating files:  41% (1795/4377)
2026-10-07T04:15:08.2333990Z Updating files:  42% (1839/4377)
2026-10-07T04:15:08.2357765Z Updating files:  43% (1883/4377)
2026-10-07T04:15:08.2374716Z Updating files:  44% (1926/4377)
2026-10-07T04:15:08.2392667Z Updating files:  45% (1970/4377)
2026-10-07T04:15:08.2409393Z Updating files:  46% (2014/4377)
2026-10-07T04:15:08.2424918Z Updating files:  47% (2058/4377)
2026-10-07T04:15:08.2447764Z Updating files:  48% (2101/4377)
2026-10-07T04:15:08.2467896Z Updating files:  49% (2145/4377)
2026-10-07T04:15:08.2485571Z Updating files:  50% (2189/4377)
2026-10-07T04:15:08.2517507Z Updating files:  51% (2233/4377)
2026-10-07T04:15:08.2550070Z Updating files:  52% (2277/4377)
2026-10-07T04:15:08.2734801Z Updating files:  53% (2320/4377)
2026-10-07T04:15:08.2770914Z Updating files:  54% (2364/4377)
2026-10-07T04:15:08.2793745Z Updating files:  55% (2408/4377)
2026-10-07T04:15:08.2824861Z Updating files:  56% (2452/4377)
2026-10-07T04:15:08.2845373Z Updating files:  57% (2495/4377)
2026-10-07T04:15:08.2866265Z Updating files:  58% (2539/4377)
2026-10-07T04:15:08.2891925Z Updating files:  59% (2583/4377)
2026-10-07T04:15:08.2910093Z Updating files:  60% (2627/4377)
2026-10-07T04:15:08.2926348Z Updating files:  61% (2670/4377)
2026-10-07T04:15:08.2945849Z Updating files:  62% (2714/4377)
2026-10-07T04:15:08.2975034Z Updating files:  63% (2758/4377)
2026-10-07T04:15:08.2995667Z Updating files:  64% (2802/4377)
2026-10-07T04:15:08.3018391Z Updating files:  65% (2846/4377)
2026-10-07T04:15:08.3038822Z Updating files:  66% (2889/4377)
2026-10-07T04:15:08.3054338Z Updating files:  67% (2933/4377)
2026-10-07T04:15:08.3072600Z Updating files:  68% (2977/4377)
2026-10-07T04:15:08.3093535Z Updating files:  69% (3021/4377)
2026-10-07T04:15:08.3114232Z Updating files:  70% (3064/4377)
2026-10-07T04:15:08.3136324Z Updating files:  71% (3108/4377)
2026-10-07T04:15:08.3156399Z Updating files:  72% (3152/4377)
2026-10-07T04:15:08.3175762Z Updating files:  73% (3196/4377)
2026-10-07T04:15:08.3191871Z Updating files:  74% (3239/4377)
2026-10-07T04:15:08.3210072Z Updating files:  75% (3283/4377)
2026-10-07T04:15:08.3229668Z Updating files:  76% (3327/4377)
2026-10-07T04:15:08.3255529Z Updating files:  77% (3371/4377)
2026-10-07T04:15:08.3279798Z Updating files:  78% (3415/4377)
2026-10-07T04:15:08.3312948Z Updating files:  79% (3458/4377)
2026-10-07T04:15:08.3338551Z Updating files:  80% (3502/4377)
2026-10-07T04:15:08.3362262Z Updating files:  81% (3546/4377)
2026-10-07T04:15:08.3390112Z Updating files:  82% (3590/4377)
2026-10-07T04:15:08.3407351Z Updating files:  83% (3633/4377)
2026-10-07T04:15:08.3432025Z Updating files:  84% (3677/4377)
2026-10-07T04:15:08.3448671Z Updating files:  85% (3721/4377)
2026-10-07T04:15:08.3465159Z Updating files:  86% (3765/4377)
2026-10-07T04:15:08.3485274Z Updating files:  87% (3808/4377)
2026-10-07T04:15:08.3499904Z Updating files:  88% (3852/4377)
2026-10-07T04:15:08.3516236Z Updating files:  89% (3896/4377)
2026-10-07T04:15:08.3534086Z Updating files:  90% (3940/4377)
2026-10-07T04:15:08.3552636Z Updating files:  91% (3984/4377)
2026-10-07T04:15:08.3572366Z Updating files:  92% (4027/4377)
2026-10-07T04:15:08.3589295Z Updating files:  93% (4071/4377)
2026-10-07T04:15:08.3603935Z Updating files:  94% (4115/4377)
2026-10-07T04:15:08.3634525Z Updating files:  95% (4159/4377)
2026-10-07T04:15:08.3775604Z Updating files:  96% (4202/4377)
2026-10-07T04:15:08.4169019Z Updating files:  97% (4246/4377)
2026-10-07T04:15:08.4197483Z Updating files:  98% (4290/4377)
2026-10-07T04:15:08.4219651Z Updating files:  99% (4334/4377)
2026-10-07T04:15:08.4220023Z Updating files: 100% (4377/4377)
2026-10-07T04:15:08.4220211Z Updating files: 100% (4377/4377), done.
2026-10-07T04:15:09.8890853Z HEAD is now at 7c6199801 Support NVIDIA IMEX-620.30 in gVisor.
2026-10-07T04:15:10.3599636Z Extracting Bazel installation...
2026-10-07T04:15:12.0669200Z Starting local Bazel server (8.3.1) and connecting to it...
2026-10-07T04:15:13.0048098Z Computing main repo mapping: 
2026-10-07T04:15:14.0077541Z Computing main repo mapping: 
2026-10-07T04:15:15.0073182Z Computing main repo mapping: 
2026-10-07T04:15:16.0179607Z Computing main repo mapping: 
2026-10-07T04:15:17.0206286Z Computing main repo mapping: 
2026-10-07T04:15:18.0450751Z Computing main repo mapping: 
2026-10-07T04:15:18.1389497Z WARNING: For repository 'bazel_skylib', the root module requires module version bazel_skylib@1.7.1, but got bazel_skylib@1.8.2 in the resolved dependency graph. Please update the version in your MODULE.bazel or set --check_direct_dependencies=off
2026-10-07T04:15:19.4386061Z Computing main repo mapping: 
2026-10-07T04:15:20.1124227Z Loading: 
2026-10-07T04:15:20.1130963Z Loading: 2 packages loaded
2026-10-07T04:15:21.1573269Z Loading: 2 packages loaded
2026-10-07T04:15:21.1621977Z     currently loading: tools/haa_gvisor_observer
2026-10-07T04:15:21.2924165Z DEBUG: /home/runner/.cache/bazel/_bazel_runner/a1b24ff0a5ad432a517b429ddfed25d5/external/gazelle+/internal/bzlmod/go_deps.bzl:660:36: The following Go modules were required by the root module at the given versions, but were implicitly updated to higher versions due to transitive dependencies:
2026-10-07T04:15:21.2925353Z  
2026-10-07T04:15:21.2925778Z   go.opentelemetry.io/auto/sdk: v1.1.0 -> v1.2.1 
2026-10-07T04:15:21.2926336Z   go.opentelemetry.io/contrib/instrumentation/google.golang.org/grpc/otelgrpc: v0.61.0 -> v0.67.0 
2026-10-07T04:15:21.2926872Z   golang.org/x/crypto: v0.42.0 -> v0.49.0 
2026-10-07T04:15:21.2927235Z   golang.org/x/term: v0.35.0 -> v0.42.0 
2026-10-07T04:15:21.2927583Z   golang.org/x/net: v0.44.0 -> v0.52.0 
2026-10-07T04:15:21.2927954Z   go.opentelemetry.io/otel: v1.37.0 -> v1.43.0 
2026-10-07T04:15:21.2928377Z   go.opentelemetry.io/otel/metric: v1.28.0 -> v1.43.0 
2026-10-07T04:15:21.2928777Z   github.com/felixge/httpsnoop: v1.0.2 -> v1.0.4 
2026-10-07T04:15:21.2929533Z   go.opentelemetry.io/contrib/instrumentation/net/http/otelhttp: v0.53.0 -> v0.67.0 
2026-10-07T04:15:21.2930051Z   go.opentelemetry.io/otel/trace: v1.28.0 -> v1.43.0 
2026-10-07T04:15:21.2930470Z   github.com/opencontainers/image-spec: v1.0.2 -> v1.1.1 
2026-10-07T04:15:21.2930868Z   cloud.google.com/go: v0.105.0 -> v0.123.0 
2026-10-07T04:15:21.2931238Z   cloud.google.com/go/iam: v0.8.0 -> v1.7.0 
2026-10-07T04:15:21.2931738Z   cloud.google.com/go/compute/metadata: v0.8.0 -> v0.9.0 
2026-10-07T04:15:21.2932224Z   github.com/googleapis/enterprise-certificate-proxy: v0.3.6 -> v0.3.14 
2026-10-07T04:15:21.2932677Z   golang.org/x/oauth2: v0.30.0 -> v0.36.0 
2026-10-07T04:15:21.2933196Z   google.golang.org/genproto: v0.0.0-20250707201910-8d1bb00bc6a7 -> v0.0.0-20260319201613-d00831a3d3e7 
2026-10-07T04:15:21.2933874Z   github.com/googleapis/gax-go/v2: v2.15.0 -> v2.21.0 
2026-10-07T04:15:21.2934183Z 
2026-10-07T04:15:21.2934459Z Update the root module's dependencies to match the resolved versions via:
2026-10-07T04:15:21.2934835Z 
2026-10-07T04:15:21.2937311Z   bazel run @io_bazel_rules_go//go -- get go.opentelemetry.io/auto/sdk@v1.2.1 go.opentelemetry.io/contrib/instrumentation/google.golang.org/grpc/otelgrpc@v0.67.0 golang.org/x/crypto@v0.49.0 golang.org/x/term@v0.42.0 golang.org/x/net@v0.52.0 go.opentelemetry.io/otel@v1.43.0 go.opentelemetry.io/otel/metric@v1.43.0 github.com/felixge/httpsnoop@v1.0.4 go.opentelemetry.io/contrib/instrumentation/net/http/otelhttp@v0.67.0 go.opentelemetry.io/otel/trace@v1.43.0 github.com/opencontainers/image-spec@v1.1.1 cloud.google.com/go@v0.123.0 cloud.google.com/go/iam@v1.7.0 cloud.google.com/go/compute/metadata@v0.9.0 github.com/googleapis/enterprise-certificate-proxy@v0.3.14 golang.org/x/oauth2@v0.36.0 google.golang.org/genproto@v0.0.0-20260319201613-d00831a3d3e7 github.com/googleapis/gax-go/v2@v2.21.0 
2026-10-07T04:15:21.2940681Z 
2026-10-07T04:15:21.4670920Z Analyzing: 2 targets (3 packages loaded, 0 targets configured)
2026-10-07T04:15:21.4792663Z Analyzing: 2 targets (3 packages loaded, 0 targets configured)
2026-10-07T04:15:21.4828886Z 
2026-10-07T04:15:22.7560847Z Analyzing: 2 targets (68 packages loaded, 1889 targets configured)
2026-10-07T04:15:22.7662053Z 
2026-10-07T04:15:24.0144326Z Analyzing: 2 targets (130 packages loaded, 6498 targets configured)
2026-10-07T04:15:24.0171957Z 
2026-10-07T04:15:24.2190322Z INFO: Analyzed 2 targets (130 packages loaded, 6534 targets configured).
2026-10-07T04:15:25.0742716Z [27 / 892] Linking external/abseil-cpp+/absl/log/internal/libnullguard.a [for tool]; 0s processwrapper-sandbox ... (3 actions, 1 running)
2026-10-07T04:15:26.1422875Z [52 / 939] Compiling absl/time/internal/cctz/src/zone_info_source.cc [for tool]; 0s processwrapper-sandbox ... (4 actions, 3 running)
2026-10-07T04:15:27.1434494Z [65 / 939] Compiling absl/time/internal/cctz/src/time_zone_lookup.cc; 0s processwrapper-sandbox ... (4 actions, 3 running)
2026-10-07T04:15:28.2715031Z [77 / 939] Compiling absl/time/internal/cctz/src/time_zone_info.cc [for tool]; 1s processwrapper-sandbox ... (4 actions, 3 running)
2026-10-07T04:15:29.3072770Z [91 / 939] Compiling absl/time/internal/cctz/src/time_zone_format.cc [for tool]; 1s processwrapper-sandbox ... (4 actions, 3 running)
2026-10-07T04:15:30.3143879Z [192 / 939] Compiling absl/time/internal/cctz/src/time_zone_format.cc; 0s processwrapper-sandbox ... (4 actions, 3 running)
2026-10-07T04:15:31.3464704Z [365 / 939] Compiling absl/debugging/internal/demangle.cc; 0s processwrapper-sandbox ... (4 actions, 3 running)
2026-10-07T04:15:32.4025590Z [380 / 939] Compiling absl/debugging/internal/demangle.cc [for tool]; 0s processwrapper-sandbox ... (4 actions, 3 running)
2026-10-07T04:15:33.4842898Z [402 / 939] Compiling absl/crc/internal/crc_x86_arm_combined.cc; 0s processwrapper-sandbox ... (4 actions, 3 running)
2026-10-07T04:15:34.5222899Z [427 / 939] Compiling absl/debugging/symbolize.cc [for tool]; 0s processwrapper-sandbox ... (4 actions, 3 running)
2026-10-07T04:15:35.5969972Z [473 / 939] Compiling absl/hash/internal/hash.cc [for tool]; 0s processwrapper-sandbox ... (4 actions, 3 running)
2026-10-07T04:15:36.6404817Z [492 / 943] Compiling absl/debugging/internal/examine_stack.cc; 0s processwrapper-sandbox ... (4 actions, 3 running)
2026-10-07T04:15:37.6477135Z [507 / 944] Compiling absl/strings/numbers.cc [for tool]; 0s processwrapper-sandbox ... (4 actions, 3 running)
2026-10-07T04:15:38.7042766Z [519 / 944] Compiling absl/strings/internal/charconv_bigint.cc [for tool]; 0s processwrapper-sandbox ... (4 actions, 3 running)
2026-10-07T04:15:39.9828995Z [528 / 944] Compiling absl/strings/charconv.cc [for tool]; 0s processwrapper-sandbox ... (4 actions, 3 running)
2026-10-07T04:15:41.0213365Z [540 / 944] Compiling absl/log/internal/log_format.cc [for tool]; 0s processwrapper-sandbox ... (4 actions running)
2026-10-07T04:15:42.2233257Z [552 / 944] Compiling absl/synchronization/mutex.cc [for tool]; 0s processwrapper-sandbox ... (4 actions, 3 running)
2026-10-07T04:15:43.2687614Z [560 / 944] Compiling absl/strings/internal/cord_rep_btree.cc [for tool]; 1s processwrapper-sandbox ... (4 actions, 3 running)
2026-10-07T04:15:44.5202933Z [571 / 944] Compiling absl/strings/internal/cordz_info.cc [for tool]; 0s processwrapper-sandbox ... (4 actions, 3 running)
2026-10-07T04:15:45.6162939Z [580 / 944] Compiling absl/strings/cord.cc [for tool]; 1s processwrapper-sandbox ... (4 actions, 3 running)
2026-10-07T04:15:46.7032813Z [590 / 944] Compiling absl/strings/cord.cc [for tool]; 2s processwrapper-sandbox ... (4 actions, 3 running)
2026-10-07T04:15:47.8722949Z [597 / 944] Compiling absl/strings/cord.cc [for tool]; 3s processwrapper-sandbox ... (4 actions, 3 running)
2026-10-07T04:15:48.8733073Z [610 / 944] Compiling absl/crc/internal/crc_memcpy_x86_arm_combined.cc [for tool]; 0s processwrapper-sandbox ... (4 actions running)
2026-10-07T04:15:50.0242742Z [614 / 944] Compiling absl/container/internal/raw_hash_set.cc [for tool]; 1s processwrapper-sandbox ... (4 actions running)
2026-10-07T04:15:51.0232868Z [622 / 944] Compiling absl/strings/internal/str_format/arg.cc [for tool]; 0s processwrapper-sandbox ... (4 actions running)
2026-10-07T04:15:52.2952948Z [634 / 944] Compiling absl/status/statusor.cc [for tool]; 0s processwrapper-sandbox ... (4 actions, 3 running)
2026-10-07T04:15:53.6042912Z [644 / 944] Compiling src/google/protobuf/port.cc; 0s processwrapper-sandbox ... (4 actions, 3 running)
2026-10-07T04:15:54.6262703Z [655 / 944] Compiling absl/strings/numbers.cc; 0s processwrapper-sandbox ... (4 actions, 3 running)
2026-10-07T04:15:55.7656987Z [665 / 944] Compiling src/google/protobuf/io/zero_copy_stream.cc [for tool]; 0s processwrapper-sandbox ... (4 actions, 3 running)
2026-10-07T04:15:57.0212856Z [672 / 944] Compiling absl/strings/internal/charconv_bigint.cc; 0s processwrapper-sandbox ... (4 actions, 3 running)
2026-10-07T04:15:58.0242794Z [677 / 944] Compiling absl/container/internal/raw_hash_set.cc; 0s processwrapper-sandbox ... (4 actions running)
2026-10-07T04:15:59.1297928Z [684 / 944] Compiling src/google/protobuf/extension_set.cc [for tool]; 1s processwrapper-sandbox ... (4 actions, 3 running)
2026-10-07T04:16:00.1962735Z [691 / 944] Compiling src/google/protobuf/extension_set.cc [for tool]; 2s processwrapper-sandbox ... (4 actions, 3 running)
2026-10-07T04:16:01.3263009Z [696 / 944] Compiling src/google/protobuf/extension_set.cc [for tool]; 3s processwrapper-sandbox ... (4 actions, 3 running)
2026-10-07T04:16:02.6942952Z [701 / 944] Compiling src/google/protobuf/io/printer.cc [for tool]; 2s processwrapper-sandbox ... (4 actions, 3 running)
2026-10-07T04:16:03.6923058Z [708 / 944] Compiling src/google/protobuf/generated_message_tctable_lite.cc [for tool]; 1s processwrapper-sandbox ... (4 actions, 3 running)
2026-10-07T04:16:04.9911929Z [713 / 944] Compiling src/google/protobuf/generated_message_tctable_lite.cc [for tool]; 2s processwrapper-sandbox ... (4 actions, 3 running)
2026-10-07T04:16:06.0263060Z [722 / 944] Compiling src/google/protobuf/generated_message_tctable_lite.cc [for tool]; 3s processwrapper-sandbox ... (4 actions running)
2026-10-07T04:16:07.0258327Z [726 / 944] Compiling src/google/protobuf/generated_message_tctable_lite.cc [for tool]; 4s processwrapper-sandbox ... (4 actions running)
2026-10-07T04:16:08.0313068Z [729 / 944] Compiling src/google/protobuf/generated_message_tctable_lite.cc [for tool]; 5s processwrapper-sandbox ... (4 actions running)
2026-10-07T04:16:09.0273048Z [732 / 944] Compiling src/google/protobuf/generated_message_tctable_lite.cc [for tool]; 6s processwrapper-sandbox ... (4 actions running)
2026-10-07T04:16:10.0305320Z [734 / 944] Compiling src/google/protobuf/extension_set.cc; 2s processwrapper-sandbox ... (4 actions running)
2026-10-07T04:16:11.0342985Z [735 / 944] Compiling src/google/protobuf/extension_set.cc; 3s processwrapper-sandbox ... (4 actions running)
2026-10-07T04:16:12.1013207Z [739 / 944] Compiling src/google/protobuf/descriptor.cc [for tool]; 3s processwrapper-sandbox ... (4 actions, 3 running)
2026-10-07T04:16:13.1106953Z [744 / 944] Compiling src/google/protobuf/descriptor.cc [for tool]; 4s processwrapper-sandbox ... (4 actions, 3 running)
2026-10-07T04:16:14.1402827Z INFO: From Compiling src/google/protobuf/map.cc [for tool]:
2026-10-07T04:16:14.1432923Z In file included from bazel-out/k8-opt-exec-ST-d57f47055a04/bin/external/protobuf+/src/google/protobuf/_virtual_includes/protobuf_lite/google/protobuf/generated_enum_util.h:20,
2026-10-07T04:16:14.1482546Z                  from bazel-out/k8-opt-exec-ST-d57f47055a04/bin/external/protobuf+/src/google/protobuf/_virtual_includes/protobuf_lite/google/protobuf/map.h:41,
2026-10-07T04:16:14.1487511Z                  from external/protobuf+/src/google/protobuf/map.cc:8:
2026-10-07T04:16:14.1497467Z In function 'const google::protobuf::internal::ClassData* google::protobuf::internal::GetClassData(const Type&) [with Type = google::protobuf::MessageLite]',
2026-10-07T04:16:14.1498639Z     inlined from 'google::protobuf::internal::Offsets google::protobuf::internal::AlignAndAddSizeDynamic(size_t, UntypedMapBase::TypeKind, const google::protobuf::MessageLite*, size_t&)' at external/protobuf+/src/google/protobuf/map.cc:229:38,
2026-10-07T04:16:14.1500221Z     inlined from 'static google::protobuf::internal::UntypedMapBase::TypeInfo google::protobuf::internal::UntypedMapBase::GetTypeInfoDynamic(TypeKind, TypeKind, const google::protobuf::MessageLite*)' at external/protobuf+/src/google/protobuf/map.cc:249:29:
2026-10-07T04:16:14.1503156Z bazel-out/k8-opt-exec-ST-d57f47055a04/bin/external/protobuf+/src/google/protobuf/_virtual_includes/protobuf_lite/google/protobuf/message_lite.h:1230:28: warning: 'this' pointer is null [-Wnonnull]
2026-10-07T04:16:14.1503998Z  1230 |     return msg.GetClassData();
2026-10-07T04:16:14.1504286Z       |            ~~~~~~~~~~~~~~~~^~
2026-10-07T04:16:14.1504827Z [746 / 944] Compiling src/google/protobuf/descriptor.cc [for tool]; 5s processwrapper-sandbox ... (4 actions, 3 running)
2026-10-07T04:16:15.7963000Z [747 / 944] Compiling src/google/protobuf/descriptor.cc [for tool]; 7s processwrapper-sandbox ... (4 actions, 3 running)
2026-10-07T04:16:17.0367099Z [747 / 944] Compiling src/google/protobuf/descriptor.cc [for tool]; 8s processwrapper-sandbox ... (4 actions running)
2026-10-07T04:16:18.1152983Z [752 / 944] Compiling src/google/protobuf/descriptor.cc [for tool]; 9s processwrapper-sandbox ... (4 actions, 3 running)
2026-10-07T04:16:19.1512966Z [757 / 944] Compiling src/google/protobuf/descriptor.cc [for tool]; 10s processwrapper-sandbox ... (4 actions, 3 running)
2026-10-07T04:16:20.2188690Z [761 / 944] Compiling src/google/protobuf/descriptor.cc [for tool]; 11s processwrapper-sandbox ... (4 actions, 3 running)
2026-10-07T04:16:21.2338245Z [764 / 944] Compiling src/google/protobuf/descriptor.cc [for tool]; 12s processwrapper-sandbox ... (4 actions, 3 running)
2026-10-07T04:16:22.2893035Z [765 / 944] Compiling src/google/protobuf/descriptor.cc [for tool]; 13s processwrapper-sandbox ... (4 actions, 3 running)
2026-10-07T04:16:23.6021513Z [768 / 944] Compiling src/google/protobuf/descriptor.cc [for tool]; 14s processwrapper-sandbox ... (4 actions, 3 running)
2026-10-07T04:16:23.9478075Z INFO: From Compiling src/google/protobuf/map.cc:
2026-10-07T04:16:23.9519970Z In file included from bazel-out/k8-opt/bin/external/protobuf+/src/google/protobuf/_virtual_includes/protobuf_lite/google/protobuf/generated_enum_util.h:20,
2026-10-07T04:16:23.9542390Z                  from bazel-out/k8-opt/bin/external/protobuf+/src/google/protobuf/_virtual_includes/protobuf_lite/google/protobuf/map.h:41,
2026-10-07T04:16:23.9543338Z                  from external/protobuf+/src/google/protobuf/map.cc:8:
2026-10-07T04:16:23.9559201Z In function 'const google::protobuf::internal::ClassData* google::protobuf::internal::GetClassData(const Type&) [with Type = google::protobuf::MessageLite]',
2026-10-07T04:16:23.9562710Z     inlined from 'google::protobuf::internal::Offsets google::protobuf::internal::AlignAndAddSizeDynamic(size_t, UntypedMapBase::TypeKind, const google::protobuf::MessageLite*, size_t&)' at external/protobuf+/src/google/protobuf/map.cc:229:38,
2026-10-07T04:16:23.9564411Z     inlined from 'static google::protobuf::internal::UntypedMapBase::TypeInfo google::protobuf::internal::UntypedMapBase::GetTypeInfoDynamic(TypeKind, TypeKind, const google::protobuf::MessageLite*)' at external/protobuf+/src/google/protobuf/map.cc:249:29:
2026-10-07T04:16:23.9565945Z bazel-out/k8-opt/bin/external/protobuf+/src/google/protobuf/_virtual_includes/protobuf_lite/google/protobuf/message_lite.h:1230:28: warning: 'this' pointer is null [-Wnonnull]
2026-10-07T04:16:23.9566744Z  1230 |     return msg.GetClassData();
2026-10-07T04:16:23.9571948Z       |            ~~~~~~~~~~~~~~~~^~
2026-10-07T04:16:25.0367687Z [771 / 944] Compiling src/google/protobuf/descriptor.cc [for tool]; 16s processwrapper-sandbox ... (4 actions running)
2026-10-07T04:16:25.8402902Z INFO: From Compiling src/google/protobuf/descriptor.cc [for tool]:
2026-10-07T04:16:25.8428535Z external/protobuf+/src/google/protobuf/descriptor.cc: In member function 'void google::protobuf::FieldDescriptor::DebugString(int, std::string*, const google::protobuf::DebugStringOptions&) const':
2026-10-07T04:16:25.8453018Z external/protobuf+/src/google/protobuf/descriptor.cc:3953:65: warning: 'bool google::protobuf::FieldDescriptor::has_optional_keyword() const' is deprecated: Use has_presence() instead. [-Wdeprecated-declarations]
2026-10-07T04:16:25.8454033Z  3953 |       (!is_required() && !is_repeated() && !has_optional_keyword())) {
2026-10-07T04:16:25.8486816Z       |                                             ~~~~~~~~~~~~~~~~~~~~^~
2026-10-07T04:16:25.8512028Z In file included from external/protobuf+/src/google/protobuf/descriptor.cc:12:
2026-10-07T04:16:25.8542388Z bazel-out/k8-opt-exec-ST-d57f47055a04/bin/external/protobuf+/src/google/protobuf/_virtual_includes/protobuf/google/protobuf/descriptor.h:1136:8: note: declared here
2026-10-07T04:16:25.8552147Z  1136 |   bool has_optional_keyword() const;
2026-10-07T04:16:25.8572049Z       |        ^~~~~~~~~~~~~~~~~~~~
2026-10-07T04:16:25.8602621Z external/protobuf+/src/google/protobuf/descriptor.cc: In member function 'void google::protobuf::DescriptorBuilder::CrossLinkField(google::protobuf::FieldDescriptor*, const google::protobuf::FieldDescriptorProto&)':
2026-10-07T04:16:25.8632365Z external/protobuf+/src/google/protobuf/descriptor.cc:7982:65: warning: 'bool google::protobuf::FieldOptions::weak() const' is deprecated [-Wdeprecated-declarations]
2026-10-07T04:16:25.8633328Z  7982 |     bool is_weak = !pool_->enforce_weak_ && proto.options().weak();
2026-10-07T04:16:25.8662036Z       |                                             ~~~~~~~~~~~~~~~~~~~~^~
2026-10-07T04:16:25.8692462Z In file included from bazel-out/k8-opt-exec-ST-d57f47055a04/bin/external/protobuf+/src/google/protobuf/_virtual_includes/protobuf/google/protobuf/cpp_features.pb.h:33,
2026-10-07T04:16:25.8702012Z                  from external/protobuf+/src/google/protobuf/descriptor.cc:72:
2026-10-07T04:16:25.8722417Z bazel-out/k8-opt-exec-ST-d57f47055a04/bin/external/protobuf+/src/google/protobuf/_virtual_includes/protobuf/google/protobuf/descriptor.pb.h:18861:13: note: declared here
2026-10-07T04:16:25.8752025Z 18861 | inline bool FieldOptions::weak() const {
2026-10-07T04:16:25.8781896Z       |             ^~~~~~~~~~~~
2026-10-07T04:16:25.8782832Z external/protobuf+/src/google/protobuf/descriptor.cc: In function 'google::protobuf::internal::cpp::HasbitMode google::protobuf::internal::cpp::GetFieldHasbitModeWithoutProfile(const google::protobuf::FieldDescriptor*)':
2026-10-07T04:16:25.8812385Z external/protobuf+/src/google/protobuf/descriptor.cc:10700:62: warning: 'bool google::protobuf::FieldOptions::weak() const' is deprecated [-Wdeprecated-declarations]
2026-10-07T04:16:25.8842109Z 10700 |   if (field->real_containing_oneof() || field->options().weak() ||
2026-10-07T04:16:25.8872192Z       |                                         ~~~~~~~~~~~~~~~~~~~~~^~
2026-10-07T04:16:25.8882649Z bazel-out/k8-opt-exec-ST-d57f47055a04/bin/external/protobuf+/src/google/protobuf/_virtual_includes/protobuf/google/protobuf/descriptor.pb.h:18861:13: note: declared here
2026-10-07T04:16:25.8902065Z 18861 | inline bool FieldOptions::weak() const {
2026-10-07T04:16:25.8932516Z       |             ^~~~~~~~~~~~
2026-10-07T04:16:26.0402847Z [775 / 944] Compiling src/google/protobuf/cpp_features.pb.cc; 1s processwrapper-sandbox ... (4 actions running)
2026-10-07T04:16:27.5693047Z [777 / 944] Compiling src/google/protobuf/compiler/code_generator.cc [for tool]; 1s processwrapper-sandbox ... (4 actions, 3 running)
2026-10-07T04:16:28.5928545Z [780 / 944] Compiling src/google/protobuf/descriptor.pb.cc [for tool]; 2s processwrapper-sandbox ... (4 actions, 3 running)
2026-10-07T04:16:29.6476486Z [781 / 944] Compiling src/google/protobuf/descriptor.pb.cc [for tool]; 3s processwrapper-sandbox ... (4 actions, 3 running)
2026-10-07T04:16:30.7011765Z [783 / 944] Compiling src/google/protobuf/descriptor.cc; 4s processwrapper-sandbox ... (4 actions, 3 running)
2026-10-07T04:16:31.9354874Z [786 / 944] Compiling src/google/protobuf/descriptor.cc; 5s processwrapper-sandbox ... (4 actions, 3 running)
2026-10-07T04:16:33.0407751Z [789 / 944] Compiling src/google/protobuf/descriptor.cc; 6s processwrapper-sandbox ... (4 actions running)
2026-10-07T04:16:34.3052954Z [791 / 944] Compiling src/google/protobuf/descriptor.cc; 7s processwrapper-sandbox ... (4 actions, 3 running)
2026-10-07T04:16:35.9803024Z [793 / 944] Compiling src/google/protobuf/descriptor.cc; 9s processwrapper-sandbox ... (4 actions, 3 running)
2026-10-07T04:16:37.0442784Z [795 / 944] Compiling src/google/protobuf/descriptor.cc; 10s processwrapper-sandbox ... (4 actions running)
2026-10-07T04:16:38.2451259Z INFO: From Compiling src/google/protobuf/dynamic_message.cc [for tool]:
2026-10-07T04:16:38.2462073Z In file included from external/protobuf+/src/google/protobuf/dynamic_message.cc:66:
2026-10-07T04:16:38.2463258Z bazel-out/k8-opt-exec-ST-d57f47055a04/bin/external/protobuf+/src/google/protobuf/_virtual_includes/protobuf/google/protobuf/map_field.h: In constructor 'google::protobuf::internal::MapFieldBase::ReflectionPayload::ReflectionPayload(google::protobuf::Arena*, const google::protobuf::Message*)':
2026-10-07T04:16:38.2553390Z bazel-out/k8-opt-exec-ST-d57f47055a04/bin/external/protobuf+/src/google/protobuf/_virtual_includes/protobuf/google/protobuf/map_field.h:416:11: warning: 'google::protobuf::RepeatedPtrField<T>::RepeatedPtrField(google::protobuf::Arena*) [with Element = google::protobuf::Message]' is deprecated: Use Arena::Create<RepeatedPtrField<...>>(Arena*) instead [-Wdeprecated-declarations]
2026-10-07T04:16:38.2581989Z   416 |         : repeated_field_(arena), prototype_(prototype) {}
2026-10-07T04:16:38.2592089Z       |           ^~~~~~~~~~~~~~~~~~~~~~
2026-10-07T04:16:38.2652494Z In file included from bazel-out/k8-opt-exec-ST-d57f47055a04/bin/external/protobuf+/src/google/protobuf/_virtual_includes/protobuf_lite/google/protobuf/repeated_field.h:46,
2026-10-07T04:16:38.2702407Z                  from bazel-out/k8-opt-exec-ST-d57f47055a04/bin/external/protobuf+/src/google/protobuf/_virtual_includes/protobuf_lite/google/protobuf/parse_context.h:39,
2026-10-07T04:16:38.2703853Z                  from bazel-out/k8-opt-exec-ST-d57f47055a04/bin/external/protobuf+/src/google/protobuf/_virtual_includes/protobuf_lite/google/protobuf/generated_message_tctable_decl.h:25,
2026-10-07T04:16:38.2742327Z                  from bazel-out/k8-opt-exec-ST-d57f47055a04/bin/external/protobuf+/src/google/protobuf/_virtual_includes/protobuf_lite/google/protobuf/extension_set.h:40,
2026-10-07T04:16:38.2743298Z                  from bazel-out/k8-opt-exec-ST-d57f47055a04/bin/external/protobuf+/src/google/protobuf/_virtual_includes/protobuf/google/protobuf/descriptor.h:56,
2026-10-07T04:16:38.2775031Z                  from bazel-out/k8-opt-exec-ST-d57f47055a04/bin/external/protobuf+/src/google/protobuf/_virtual_includes/protobuf/google/protobuf/dynamic_message.h:27,
2026-10-07T04:16:38.2802361Z                  from external/protobuf+/src/google/protobuf/dynamic_message.cc:42:
2026-10-07T04:16:38.2832393Z bazel-out/k8-opt-exec-ST-d57f47055a04/bin/external/protobuf+/src/google/protobuf/_virtual_includes/protobuf_lite/google/protobuf/repeated_ptr_field.h:1380:8: note: declared here
2026-10-07T04:16:38.2852110Z  1380 | inline RepeatedPtrField<Element>::RepeatedPtrField(Arena* arena)
2026-10-07T04:16:38.2852452Z       |        ^~~~~~~~~~~~~~~~~~~~~~~~~
2026-10-07T04:16:38.2852975Z external/protobuf+/src/google/protobuf/dynamic_message.cc: In member function 'void google::protobuf::DynamicMessage::SharedCtor(bool)':
2026-10-07T04:16:38.2854288Z external/protobuf+/src/google/protobuf/dynamic_message.cc:574:66: warning: 'google::protobuf::RepeatedPtrField<T>::RepeatedPtrField(google::protobuf::Arena*) [with Element = std::__cxx11::basic_string<char>]' is deprecated: Use Arena::Create<RepeatedPtrField<...>>(Arena*) instead [-Wdeprecated-declarations]
2026-10-07T04:16:38.2855393Z   574 |               new (field_ptr) RepeatedPtrField<std::string>(arena);
2026-10-07T04:16:38.2855744Z       |                                                                  ^
2026-10-07T04:16:38.2856435Z bazel-out/k8-opt-exec-ST-d57f47055a04/bin/external/protobuf+/src/google/protobuf/_virtual_includes/protobuf_lite/google/protobuf/repeated_ptr_field.h:1380:8: note: declared here
2026-10-07T04:16:38.2857184Z  1380 | inline RepeatedPtrField<Element>::RepeatedPtrField(Arena* arena)
2026-10-07T04:16:38.2857509Z       |        ^~~~~~~~~~~~~~~~~~~~~~~~~
2026-10-07T04:16:38.2858495Z external/protobuf+/src/google/protobuf/dynamic_message.cc:602:60: warning: 'google::protobuf::RepeatedPtrField<T>::RepeatedPtrField(google::protobuf::Arena*) [with Element = google::protobuf::Message]' is deprecated: Use Arena::Create<RepeatedPtrField<...>>(Arena*) instead [-Wdeprecated-declarations]
2026-10-07T04:16:38.2859526Z   602 |             new (field_ptr) RepeatedPtrField<Message>(arena);
2026-10-07T04:16:38.2859832Z       |                                                            ^
2026-10-07T04:16:38.2860499Z bazel-out/k8-opt-exec-ST-d57f47055a04/bin/external/protobuf+/src/google/protobuf/_virtual_includes/protobuf_lite/google/protobuf/repeated_ptr_field.h:1380:8: note: declared here
2026-10-07T04:16:38.2861233Z  1380 | inline RepeatedPtrField<Element>::RepeatedPtrField(Arena* arena)
2026-10-07T04:16:38.2861551Z       |        ^~~~~~~~~~~~~~~~~~~~~~~~~
2026-10-07T04:16:38.2864710Z external/protobuf+/src/google/protobuf/dynamic_message.cc: In member function 'void google::protobuf::DynamicMessage::CrossLinkPrototypes()':
2026-10-07T04:16:38.2892360Z external/protobuf+/src/google/protobuf/dynamic_message.cc:774:31: warning: 'bool google::protobuf::FieldOptions::weak() const' is deprecated [-Wdeprecated-declarations]
2026-10-07T04:16:38.2893174Z   774 |         !field->options().weak() && !InRealOneof(field) &&
2026-10-07T04:16:38.2921966Z       |          ~~~~~~~~~~~~~~~~~~~~~^~
2026-10-07T04:16:38.2942397Z In file included from external/protobuf+/src/google/protobuf/dynamic_message.cc:60:
2026-10-07T04:16:38.2982358Z bazel-out/k8-opt-exec-ST-d57f47055a04/bin/external/protobuf+/src/google/protobuf/_virtual_includes/protobuf/google/protobuf/descriptor.pb.h:18861:13: note: declared here
2026-10-07T04:16:38.3012007Z 18861 | inline bool FieldOptions::weak() const {
2026-10-07T04:16:38.3041909Z       |             ^~~~~~~~~~~~
2026-10-07T04:16:38.3072153Z [800 / 944] Compiling src/google/protobuf/descriptor.cc; 11s processwrapper-sandbox ... (4 actions, 3 running)
2026-10-07T04:16:39.1297548Z INFO: From Compiling src/google/protobuf/compiler/cpp/helpers.cc [for tool]:
2026-10-07T04:16:39.1322550Z In file included from external/protobuf+/src/google/protobuf/compiler/cpp/helpers.cc:12:
2026-10-07T04:16:39.1351019Z bazel-out/k8-opt-exec-ST-d57f47055a04/bin/external/protobuf+/src/google/protobuf/compiler/cpp/_virtual_includes/names_internal/google/protobuf/compiler/cpp/helpers.h: In function 'bool google::protobuf::compiler::cpp::IsWeak(const google::protobuf::FieldDescriptor*, const Options&)':
2026-10-07T04:16:39.1353477Z bazel-out/k8-opt-exec-ST-d57f47055a04/bin/external/protobuf+/src/google/protobuf/compiler/cpp/_virtual_includes/names_internal/google/protobuf/compiler/cpp/helpers.h:347:28: warning: 'bool google::protobuf::FieldOptions::weak() const' is deprecated [-Wdeprecated-declarations]
2026-10-07T04:16:39.1354619Z   347 |   if (field->options().weak()) {
2026-10-07T04:16:39.1366114Z       |       ~~~~~~~~~~~~~~~~~~~~~^~
2026-10-07T04:16:39.1367002Z In file included from bazel-out/k8-opt-exec-ST-d57f47055a04/bin/external/protobuf+/src/google/protobuf/compiler/_virtual_includes/code_generator_lite/google/protobuf/compiler/code_generator_lite.h:18,
2026-10-07T04:16:39.1368273Z                  from bazel-out/k8-opt-exec-ST-d57f47055a04/bin/external/protobuf+/src/google/protobuf/compiler/_virtual_includes/code_generator/google/protobuf/compiler/code_generator.h:25,
2026-10-07T04:16:39.1369503Z                  from bazel-out/k8-opt-exec-ST-d57f47055a04/bin/external/protobuf+/src/google/protobuf/compiler/cpp/_virtual_includes/names_internal/google/protobuf/compiler/cpp/helpers.h:29:
2026-10-07T04:16:39.1370700Z bazel-out/k8-opt-exec-ST-d57f47055a04/bin/external/protobuf+/src/google/protobuf/_virtual_includes/protobuf/google/protobuf/descriptor.pb.h:18861:13: note: declared here
2026-10-07T04:16:39.1371527Z 18861 | inline bool FieldOptions::weak() const {
2026-10-07T04:16:39.1372242Z       |             ^~~~~~~~~~~~
2026-10-07T04:16:39.1385366Z external/protobuf+/src/google/protobuf/compiler/cpp/helpers.cc: In member function 'google::protobuf::compiler::cpp::MessageAnalysis google::protobuf::compiler::cpp::MessageSCCAnalyzer::GetSCCAnalysis(const google::protobuf::compiler::SCC*)':
2026-10-07T04:16:39.1386978Z external/protobuf+/src/google/protobuf/compiler/cpp/helpers.cc:1802:32: warning: 'bool google::protobuf::FieldOptions::weak() const' is deprecated [-Wdeprecated-declarations]
2026-10-07T04:16:39.1413673Z  1802 |       if (field->options().weak()) {
2026-10-07T04:16:39.1423803Z       |           ~~~~~~~~~~~~~~~~~~~~~^~
2026-10-07T04:16:39.1424637Z bazel-out/k8-opt-exec-ST-d57f47055a04/bin/external/protobuf+/src/google/protobuf/_virtual_includes/protobuf/google/protobuf/descriptor.pb.h:18861:13: note: declared here
2026-10-07T04:16:39.1425444Z 18861 | inline bool FieldOptions::weak() const {
2026-10-07T04:16:39.1425821Z       |             ^~~~~~~~~~~~
2026-10-07T04:16:40.0452841Z [804 / 944] Compiling src/google/protobuf/descriptor.cc; 13s processwrapper-sandbox ... (4 actions running)
2026-10-07T04:16:42.0442934Z [807 / 944] Compiling src/google/protobuf/descriptor.cc; 15s processwrapper-sandbox ... (4 actions running)
2026-10-07T04:16:43.0453637Z [808 / 944] Compiling src/google/protobuf/descriptor.cc; 16s processwrapper-sandbox ... (4 actions running)
2026-10-07T04:16:43.7700197Z INFO: From Compiling src/google/protobuf/descriptor.cc:
2026-10-07T04:16:43.7722642Z external/protobuf+/src/google/protobuf/descriptor.cc: In member function 'void google::protobuf::FieldDescriptor::DebugString(int, std::string*, const google::protobuf::DebugStringOptions&) const':
2026-10-07T04:16:43.7752470Z external/protobuf+/src/google/protobuf/descriptor.cc:3953:65: warning: 'bool google::protobuf::FieldDescriptor::has_optional_keyword() const' is deprecated: Use has_presence() instead. [-Wdeprecated-declarations]
2026-10-07T04:16:43.7782026Z  3953 |       (!is_required() && !is_repeated() && !has_optional_keyword())) {
2026-10-07T04:16:43.7802056Z       |                                             ~~~~~~~~~~~~~~~~~~~~^~
2026-10-07T04:16:43.7842326Z In file included from external/protobuf+/src/google/protobuf/descriptor.cc:12:
2026-10-07T04:16:43.7844714Z bazel-out/k8-opt/bin/external/protobuf+/src/google/protobuf/_virtual_includes/protobuf/google/protobuf/descriptor.h:1136:8: note: declared here
2026-10-07T04:16:43.7872009Z  1136 |   bool has_optional_keyword() const;
2026-10-07T04:16:43.7901944Z       |        ^~~~~~~~~~~~~~~~~~~~
2026-10-07T04:16:43.7922857Z external/protobuf+/src/google/protobuf/descriptor.cc: In member function 'void google::protobuf::DescriptorBuilder::CrossLinkField(google::protobuf::FieldDescriptor*, const google::protobuf::FieldDescriptorProto&)':
2026-10-07T04:16:43.7952475Z external/protobuf+/src/google/protobuf/descriptor.cc:7982:65: warning: 'bool google::protobuf::FieldOptions::weak() const' is deprecated [-Wdeprecated-declarations]
2026-10-07T04:16:43.7962096Z  7982 |     bool is_weak = !pool_->enforce_weak_ && proto.options().weak();
2026-10-07T04:16:43.7992005Z       |                                             ~~~~~~~~~~~~~~~~~~~~^~
2026-10-07T04:16:43.7992602Z In file included from bazel-out/k8-opt/bin/external/protobuf+/src/google/protobuf/_virtual_includes/protobuf/google/protobuf/cpp_features.pb.h:33,
2026-10-07T04:16:43.7993248Z                  from external/protobuf+/src/google/protobuf/descriptor.cc:72:
2026-10-07T04:16:43.7993894Z bazel-out/k8-opt/bin/external/protobuf+/src/google/protobuf/_virtual_includes/protobuf/google/protobuf/descriptor.pb.h:18861:13: note: declared here
2026-10-07T04:16:43.7994466Z 18861 | inline bool FieldOptions::weak() const {
2026-10-07T04:16:43.7994721Z       |             ^~~~~~~~~~~~
2026-10-07T04:16:43.7995435Z external/protobuf+/src/google/protobuf/descriptor.cc: In function 'google::protobuf::internal::cpp::HasbitMode google::protobuf::internal::cpp::GetFieldHasbitModeWithoutProfile(const google::protobuf::FieldDescriptor*)':
2026-10-07T04:16:43.7996513Z external/protobuf+/src/google/protobuf/descriptor.cc:10700:62: warning: 'bool google::protobuf::FieldOptions::weak() const' is deprecated [-Wdeprecated-declarations]
2026-10-07T04:16:43.7997186Z 10700 |   if (field->real_containing_oneof() || field->options().weak() ||
2026-10-07T04:16:43.7997517Z       |                                         ~~~~~~~~~~~~~~~~~~~~~^~
2026-10-07T04:16:43.7998067Z bazel-out/k8-opt/bin/external/protobuf+/src/google/protobuf/_virtual_includes/protobuf/google/protobuf/descriptor.pb.h:18861:13: note: declared here
2026-10-07T04:16:43.7998654Z 18861 | inline bool FieldOptions::weak() const {
2026-10-07T04:16:43.7998898Z       |             ^~~~~~~~~~~~
2026-10-07T04:16:44.0482823Z [810 / 944] Compiling src/google/protobuf/compiler/cpp/enum.cc [for tool]; 4s processwrapper-sandbox ... (4 actions running)
2026-10-07T04:16:44.3921956Z INFO: From Compiling src/google/protobuf/compiler/cpp/enum.cc [for tool]:
2026-10-07T04:16:44.3959631Z In file included from external/protobuf+/src/google/protobuf/compiler/cpp/enum.cc:29:
2026-10-07T04:16:44.3983168Z bazel-out/k8-opt-exec-ST-d57f47055a04/bin/external/protobuf+/src/google/protobuf/compiler/cpp/_virtual_includes/names_internal/google/protobuf/compiler/cpp/helpers.h: In function 'bool google::protobuf::compiler::cpp::IsWeak(const google::protobuf::FieldDescriptor*, const Options&)':
2026-10-07T04:16:44.4012991Z bazel-out/k8-opt-exec-ST-d57f47055a04/bin/external/protobuf+/src/google/protobuf/compiler/cpp/_virtual_includes/names_internal/google/protobuf/compiler/cpp/helpers.h:347:28: warning: 'bool google::protobuf::FieldOptions::weak() const' is deprecated [-Wdeprecated-declarations]
2026-10-07T04:16:44.4029142Z   347 |   if (field->options().weak()) {
2026-10-07T04:16:44.4032885Z       |       ~~~~~~~~~~~~~~~~~~~~~^~
2026-10-07T04:16:44.4033691Z In file included from bazel-out/k8-opt-exec-ST-d57f47055a04/bin/external/protobuf+/src/google/protobuf/compiler/_virtual_includes/code_generator_lite/google/protobuf/compiler/code_generator_lite.h:18,
2026-10-07T04:16:44.4034954Z                  from bazel-out/k8-opt-exec-ST-d57f47055a04/bin/external/protobuf+/src/google/protobuf/compiler/_virtual_includes/code_generator/google/protobuf/compiler/code_generator.h:25,
2026-10-07T04:16:44.4036243Z                  from bazel-out/k8-opt-exec-ST-d57f47055a04/bin/external/protobuf+/src/google/protobuf/compiler/cpp/_virtual_includes/cpp/google/protobuf/compiler/cpp/generator.h:24,
2026-10-07T04:16:44.4037100Z                  from external/protobuf+/src/google/protobuf/compiler/cpp/enum.cc:28:
2026-10-07T04:16:44.4038214Z bazel-out/k8-opt-exec-ST-d57f47055a04/bin/external/protobuf+/src/google/protobuf/_virtual_includes/protobuf/google/protobuf/descriptor.pb.h:18861:13: note: declared here
2026-10-07T04:16:44.4039081Z 18861 | inline bool FieldOptions::weak() const {
2026-10-07T04:16:44.4039453Z       |             ^~~~~~~~~~~~
2026-10-07T04:16:45.0730339Z [812 / 944] Compiling src/google/protobuf/compiler/cpp/tracker.cc [for tool]; 2s processwrapper-sandbox ... (4 actions, 3 running)
2026-10-07T04:16:46.1242875Z INFO: From Compiling src/google/protobuf/compiler/cpp/tracker.cc [for tool]:
2026-10-07T04:16:46.1302562Z In file included from external/protobuf+/src/google/protobuf/compiler/cpp/tracker.cc:20:
2026-10-07T04:16:46.1363175Z bazel-out/k8-opt-exec-ST-d57f47055a04/bin/external/protobuf+/src/google/protobuf/compiler/cpp/_virtual_includes/names_internal/google/protobuf/compiler/cpp/helpers.h: In function 'bool google::protobuf::compiler::cpp::IsWeak(const google::protobuf::FieldDescriptor*, const Options&)':
2026-10-07T04:16:46.1392924Z bazel-out/k8-opt-exec-ST-d57f47055a04/bin/external/protobuf+/src/google/protobuf/compiler/cpp/_virtual_includes/names_internal/google/protobuf/compiler/cpp/helpers.h:347:28: warning: 'bool google::protobuf::FieldOptions::weak() const' is deprecated [-Wdeprecated-declarations]
2026-10-07T04:16:46.1393928Z   347 |   if (field->options().weak()) {
2026-10-07T04:16:46.1394169Z       |       ~~~~~~~~~~~~~~~~~~~~~^~
2026-10-07T04:16:46.1394867Z In file included from bazel-out/k8-opt-exec-ST-d57f47055a04/bin/external/protobuf+/src/google/protobuf/compiler/_virtual_includes/code_generator_lite/google/protobuf/compiler/code_generator_lite.h:18,
2026-10-07T04:16:46.1395969Z                  from bazel-out/k8-opt-exec-ST-d57f47055a04/bin/external/protobuf+/src/google/protobuf/compiler/_virtual_includes/code_generator/google/protobuf/compiler/code_generator.h:25,
2026-10-07T04:16:46.1397052Z                  from bazel-out/k8-opt-exec-ST-d57f47055a04/bin/external/protobuf+/src/google/protobuf/compiler/cpp/_virtual_includes/names_internal/google/protobuf/compiler/cpp/helpers.h:29:
2026-10-07T04:16:46.1398087Z bazel-out/k8-opt-exec-ST-d57f47055a04/bin/external/protobuf+/src/google/protobuf/_virtual_includes/protobuf/google/protobuf/descriptor.pb.h:18861:13: note: declared here
2026-10-07T04:16:46.1398776Z 18861 | inline bool FieldOptions::weak() const {
2026-10-07T04:16:46.1399026Z       |             ^~~~~~~~~~~~
2026-10-07T04:16:46.1399412Z [813 / 944] Compiling src/google/protobuf/descriptor.pb.cc; 2s processwrapper-sandbox ... (4 actions, 3 running)
2026-10-07T04:16:48.0492751Z [813 / 944] Compiling src/google/protobuf/descriptor.pb.cc; 4s processwrapper-sandbox ... (4 actions running)
2026-10-07T04:16:48.8002775Z INFO: From Compiling src/google/protobuf/compiler/cpp/extension.cc [for tool]:
2026-10-07T04:16:48.8029261Z In file included from bazel-out/k8-opt-exec-ST-d57f47055a04/bin/external/protobuf+/src/google/protobuf/compiler/cpp/_virtual_includes/cpp/google/protobuf/compiler/cpp/extension.h:19,
2026-10-07T04:16:48.8062323Z                  from external/protobuf+/src/google/protobuf/compiler/cpp/extension.cc:12:
2026-10-07T04:16:48.8073039Z bazel-out/k8-opt-exec-ST-d57f47055a04/bin/external/protobuf+/src/google/protobuf/compiler/cpp/_virtual_includes/names_internal/google/protobuf/compiler/cpp/helpers.h: In function 'bool google::protobuf::compiler::cpp::IsWeak(const google::protobuf::FieldDescriptor*, const Options&)':
2026-10-07T04:16:48.8102776Z bazel-out/k8-opt-exec-ST-d57f47055a04/bin/external/protobuf+/src/google/protobuf/compiler/cpp/_virtual_includes/names_internal/google/protobuf/compiler/cpp/helpers.h:347:28: warning: 'bool google::protobuf::FieldOptions::weak() const' is deprecated [-Wdeprecated-declarations]
2026-10-07T04:16:48.8130473Z   347 |   if (field->options().weak()) {
2026-10-07T04:16:48.8130884Z       |       ~~~~~~~~~~~~~~~~~~~~~^~
2026-10-07T04:16:48.8132124Z In file included from bazel-out/k8-opt-exec-ST-d57f47055a04/bin/external/protobuf+/src/google/protobuf/compiler/_virtual_includes/code_generator_lite/google/protobuf/compiler/code_generator_lite.h:18,
2026-10-07T04:16:48.8133805Z                  from bazel-out/k8-opt-exec-ST-d57f47055a04/bin/external/protobuf+/src/google/protobuf/compiler/_virtual_includes/code_generator/google/protobuf/compiler/code_generator.h:25,
2026-10-07T04:16:48.8135000Z                  from bazel-out/k8-opt-exec-ST-d57f47055a04/bin/external/protobuf+/src/google/protobuf/compiler/cpp/_virtual_includes/names_internal/google/protobuf/compiler/cpp/helpers.h:29:
2026-10-07T04:16:48.8136134Z bazel-out/k8-opt-exec-ST-d57f47055a04/bin/external/protobuf+/src/google/protobuf/_virtual_includes/protobuf/google/protobuf/descriptor.pb.h:18861:13: note: declared here
2026-10-07T04:16:48.8136878Z 18861 | inline bool FieldOptions::weak() const {
2026-10-07T04:16:48.8137295Z       |             ^~~~~~~~~~~~
2026-10-07T04:16:49.2488124Z INFO: From Compiling src/google/protobuf/compiler/cpp/service.cc [for tool]:
2026-10-07T04:16:49.2532496Z In file included from external/protobuf+/src/google/protobuf/compiler/cpp/service.cc:17:
2026-10-07T04:16:49.2563071Z bazel-out/k8-opt-exec-ST-d57f47055a04/bin/external/protobuf+/src/google/protobuf/compiler/cpp/_virtual_includes/names_internal/google/protobuf/compiler/cpp/helpers.h: In function 'bool google::protobuf::compiler::cpp::IsWeak(const google::protobuf::FieldDescriptor*, const Options&)':
2026-10-07T04:16:49.2592744Z bazel-out/k8-opt-exec-ST-d57f47055a04/bin/external/protobuf+/src/google/protobuf/compiler/cpp/_virtual_includes/names_internal/google/protobuf/compiler/cpp/helpers.h:347:28: warning: 'bool google::protobuf::FieldOptions::weak() const' is deprecated [-Wdeprecated-declarations]
2026-10-07T04:16:49.2593882Z   347 |   if (field->options().weak()) {
2026-10-07T04:16:49.2604164Z       |       ~~~~~~~~~~~~~~~~~~~~~^~
2026-10-07T04:16:49.2606906Z In file included from bazel-out/k8-opt-exec-ST-d57f47055a04/bin/external/protobuf+/src/google/protobuf/compiler/_virtual_includes/code_generator_lite/google/protobuf/compiler/code_generator_lite.h:18,
2026-10-07T04:16:49.2608153Z                  from bazel-out/k8-opt-exec-ST-d57f47055a04/bin/external/protobuf+/src/google/protobuf/compiler/_virtual_includes/code_generator/google/protobuf/compiler/code_generator.h:25,
2026-10-07T04:16:49.2610537Z                  from bazel-out/k8-opt-exec-ST-d57f47055a04/bin/external/protobuf+/src/google/protobuf/compiler/cpp/_virtual_includes/names_internal/google/protobuf/compiler/cpp/helpers.h:29:
2026-10-07T04:16:49.2611915Z bazel-out/k8-opt-exec-ST-d57f47055a04/bin/external/protobuf+/src/google/protobuf/_virtual_includes/protobuf/google/protobuf/descriptor.pb.h:18861:13: note: declared here
2026-10-07T04:16:49.2612697Z 18861 | inline bool FieldOptions::weak() const {
2026-10-07T04:16:49.2613051Z       |             ^~~~~~~~~~~~
2026-10-07T04:16:49.2613683Z [816 / 944] Compiling src/google/protobuf/generated_message_reflection.cc [for tool]; 4s processwrapper-sandbox ... (4 actions, 3 running)
2026-10-07T04:16:51.0482864Z [816 / 944] Compiling src/google/protobuf/generated_message_reflection.cc [for tool]; 5s processwrapper-sandbox ... (4 actions running)
2026-10-07T04:16:52.2853399Z INFO: From Compiling src/google/protobuf/generated_message_reflection.cc [for tool]:
2026-10-07T04:16:52.2917244Z In file included from external/protobuf+/src/google/protobuf/generated_message_reflection.cc:51:
2026-10-07T04:16:52.2942896Z bazel-out/k8-opt-exec-ST-d57f47055a04/bin/external/protobuf+/src/google/protobuf/_virtual_includes/protobuf/google/protobuf/map_field.h: In constructor 'google::protobuf::internal::MapFieldBase::ReflectionPayload::ReflectionPayload(google::protobuf::Arena*, const google::protobuf::Message*)':
2026-10-07T04:16:52.2972336Z bazel-out/k8-opt-exec-ST-d57f47055a04/bin/external/protobuf+/src/google/protobuf/_virtual_includes/protobuf/google/protobuf/map_field.h:416:11: warning: 'google::protobuf::RepeatedPtrField<T>::RepeatedPtrField(google::protobuf::Arena*) [with Element = google::protobuf::Message]' is deprecated: Use Arena::Create<RepeatedPtrField<...>>(Arena*) instead [-Wdeprecated-declarations]
2026-10-07T04:16:52.2987758Z   416 |         : repeated_field_(arena), prototype_(prototype) {}
2026-10-07T04:16:52.3001122Z       |           ^~~~~~~~~~~~~~~~~~~~~~
2026-10-07T04:16:52.3002093Z In file included from bazel-out/k8-opt-exec-ST-d57f47055a04/bin/external/protobuf+/src/google/protobuf/_virtual_includes/protobuf_lite/google/protobuf/repeated_field.h:46,
2026-10-07T04:16:52.3003186Z                  from bazel-out/k8-opt-exec-ST-d57f47055a04/bin/external/protobuf+/src/google/protobuf/_virtual_includes/protobuf_lite/google/protobuf/parse_context.h:39,
2026-10-07T04:16:52.3004290Z                  from bazel-out/k8-opt-exec-ST-d57f47055a04/bin/external/protobuf+/src/google/protobuf/_virtual_includes/protobuf_lite/google/protobuf/generated_message_tctable_decl.h:25,
2026-10-07T04:16:52.3005393Z                  from bazel-out/k8-opt-exec-ST-d57f47055a04/bin/external/protobuf+/src/google/protobuf/_virtual_includes/protobuf_lite/google/protobuf/extension_set.h:40,
2026-10-07T04:16:52.3006392Z                  from bazel-out/k8-opt-exec-ST-d57f47055a04/bin/external/protobuf+/src/google/protobuf/_virtual_includes/protobuf/google/protobuf/descriptor.h:56,
2026-10-07T04:16:52.3007464Z                  from bazel-out/k8-opt-exec-ST-d57f47055a04/bin/external/protobuf+/src/google/protobuf/_virtual_includes/protobuf/google/protobuf/generated_message_reflection.h:26,
2026-10-07T04:16:52.3052462Z                  from external/protobuf+/src/google/protobuf/generated_message_reflection.cc:12:
2026-10-07T04:16:52.3053847Z bazel-out/k8-opt-exec-ST-d57f47055a04/bin/external/protobuf+/src/google/protobuf/_virtual_includes/protobuf_lite/google/protobuf/repeated_ptr_field.h:1380:8: note: declared here
2026-10-07T04:16:52.3082177Z  1380 | inline RepeatedPtrField<Element>::RepeatedPtrField(Arena* arena)
2026-10-07T04:16:52.3112031Z       |        ^~~~~~~~~~~~~~~~~~~~~~~~~
2026-10-07T04:16:52.3122539Z external/protobuf+/src/google/protobuf/generated_message_reflection.cc: In member function 'const google::protobuf::Message* google::protobuf::Reflection::GetDefaultMessageInstance(const google::protobuf::FieldDescriptor*) const':
2026-10-07T04:16:52.3142517Z external/protobuf+/src/google/protobuf/generated_message_reflection.cc:2526:55: warning: 'bool google::protobuf::FieldOptions::weak() const' is deprecated [-Wdeprecated-declarations]
2026-10-07T04:16:52.3152099Z  2526 |   if (!field->is_extension() && !field->options().weak() &&
2026-10-07T04:16:52.3182040Z       |                                  ~~~~~~~~~~~~~~~~~~~~~^~
2026-10-07T04:16:52.3212195Z In file included from external/protobuf+/src/google/protobuf/generated_message_reflection.cc:41:
2026-10-07T04:16:52.3213131Z bazel-out/k8-opt-exec-ST-d57f47055a04/bin/external/protobuf+/src/google/protobuf/_virtual_includes/protobuf/google/protobuf/descriptor.pb.h:18861:13: note: declared here
2026-10-07T04:16:52.3242058Z 18861 | inline bool FieldOptions::weak() const {
2026-10-07T04:16:52.3272022Z       |             ^~~~~~~~~~~~
2026-10-07T04:16:52.3302107Z In file included from external/abseil-cpp+/absl/log/internal/check_impl.h:20,
2026-10-07T04:16:52.3303037Z                  from external/abseil-cpp+/absl/log/absl_check.h:38,
2026-10-07T04:16:52.3332422Z                  from bazel-out/k8-opt-exec-ST-d57f47055a04/bin/external/protobuf+/src/google/protobuf/_virtual_includes/protobuf/google/protobuf/generated_message_reflection.h:25:
2026-10-07T04:16:52.3362607Z external/protobuf+/src/google/protobuf/generated_message_reflection.cc: In member function 'bool google::protobuf::Reflection::HasFieldWithHasbits(const google::protobuf::Message&, const google::protobuf::FieldDescriptor*) const':
2026-10-07T04:16:52.3364459Z external/protobuf+/src/google/protobuf/generated_message_reflection.cc:3290:37: warning: 'bool google::protobuf::FieldOptions::weak() const' is deprecated [-Wdeprecated-declarations]
2026-10-07T04:16:52.3392007Z  3290 |   ABSL_DCHECK(!field->options().weak());
2026-10-07T04:16:52.3422427Z       |                ~~~~~~~~~~~~~~~~~~~~~^~
2026-10-07T04:16:52.3452437Z external/abseil-cpp+/absl/log/internal/conditions.h:68:7: note: in definition of macro 'ABSL_LOG_INTERNAL_STATELESS_CONDITION'
2026-10-07T04:16:52.3453174Z    68 |     !(condition) ? (void)0 : ::absl::log_internal::Voidify() &&
2026-10-07T04:16:52.3482037Z       |       ^~~~~~~~~
2026-10-07T04:16:52.3512282Z external/abseil-cpp+/absl/log/internal/check_impl.h:26:3: note: in expansion of macro 'ABSL_LOG_INTERNAL_CONDITION_FATAL'
2026-10-07T04:16:52.3542161Z    26 |   ABSL_LOG_INTERNAL_CONDITION_FATAL(STATELESS,                        \
2026-10-07T04:16:52.3542766Z       |   ^~~~~~~~~~~~~~~~~~~~~~~~~~~~~~~~~
2026-10-07T04:16:52.3572308Z external/abseil-cpp+/absl/log/internal/check_impl.h:27:37: note: in expansion of macro 'ABSL_PREDICT_FALSE'
2026-10-07T04:16:52.3602113Z    27 |                                     ABSL_PREDICT_FALSE(!(condition))) \
2026-10-07T04:16:52.3602585Z       |                                     ^~~~~~~~~~~~~~~~~~
2026-10-07T04:16:52.3632398Z external/abseil-cpp+/absl/log/internal/check_impl.h:43:3: note: in expansion of macro 'ABSL_LOG_INTERNAL_CHECK_IMPL'
2026-10-07T04:16:52.3662148Z    43 |   ABSL_LOG_INTERNAL_CHECK_IMPL(true || (condition), "true")
2026-10-07T04:16:52.3692206Z       |   ^~~~~~~~~~~~~~~~~~~~~~~~~~~~
2026-10-07T04:16:52.3702197Z external/abseil-cpp+/absl/log/absl_check.h:47:3: note: in expansion of macro 'ABSL_LOG_INTERNAL_DCHECK_IMPL'
2026-10-07T04:16:52.3732045Z    47 |   ABSL_LOG_INTERNAL_DCHECK_IMPL((condition), #condition)
2026-10-07T04:16:52.3752052Z       |   ^~~~~~~~~~~~~~~~~~~~~~~~~~~~~
2026-10-07T04:16:52.3752558Z external/protobuf+/src/google/protobuf/generated_message_reflection.cc:3290:3: note: in expansion of macro 'ABSL_DCHECK'
2026-10-07T04:16:52.3753054Z  3290 |   ABSL_DCHECK(!field->options().weak());
2026-10-07T04:16:52.3753284Z       |   ^~~~~~~~~~~
2026-10-07T04:16:52.3753856Z bazel-out/k8-opt-exec-ST-d57f47055a04/bin/external/protobuf+/src/google/protobuf/_virtual_includes/protobuf/google/protobuf/descriptor.pb.h:18861:13: note: declared here
2026-10-07T04:16:52.3754508Z 18861 | inline bool FieldOptions::weak() const {
2026-10-07T04:16:52.3754764Z       |             ^~~~~~~~~~~~
2026-10-07T04:16:52.3755452Z external/protobuf+/src/google/protobuf/generated_message_reflection.cc: In member function 'void google::protobuf::Reflection::SetHasBit(google::protobuf::Message*, const google::protobuf::FieldDescriptor*) const':
2026-10-07T04:16:52.3756586Z external/protobuf+/src/google/protobuf/generated_message_reflection.cc:3323:37: warning: 'bool google::protobuf::FieldOptions::weak() const' is deprecated [-Wdeprecated-declarations]
2026-10-07T04:16:52.3757236Z  3323 |   ABSL_DCHECK(!field->options().weak());
2026-10-07T04:16:52.3757482Z       |                ~~~~~~~~~~~~~~~~~~~~~^~
2026-10-07T04:16:52.3757950Z external/abseil-cpp+/absl/log/internal/conditions.h:68:7: note: in definition of macro 'ABSL_LOG_INTERNAL_STATELESS_CONDITION'
2026-10-07T04:16:52.3758487Z    68 |     !(condition) ? (void)0 : ::absl::log_internal::Voidify() &&
2026-10-07T04:16:52.3758760Z       |       ^~~~~~~~~
2026-10-07T04:16:52.3759417Z external/abseil-cpp+/absl/log/internal/check_impl.h:26:3: note: in expansion of macro 'ABSL_LOG_INTERNAL_CONDITION_FATAL'
2026-10-07T04:16:52.3759946Z    26 |   ABSL_LOG_INTERNAL_CONDITION_FATAL(STATELESS,                        \
2026-10-07T04:16:52.3760261Z       |   ^~~~~~~~~~~~~~~~~~~~~~~~~~~~~~~~~
2026-10-07T04:16:52.3760684Z external/abseil-cpp+/absl/log/internal/check_impl.h:27:37: note: in expansion of macro 'ABSL_PREDICT_FALSE'
2026-10-07T04:16:52.3761142Z    27 |                                     ABSL_PREDICT_FALSE(!(condition))) \
2026-10-07T04:16:52.3761427Z       |                                     ^~~~~~~~~~~~~~~~~~
2026-10-07T04:16:52.3762011Z external/abseil-cpp+/absl/log/internal/check_impl.h:43:3: note: in expansion of macro 'ABSL_LOG_INTERNAL_CHECK_IMPL'
2026-10-07T04:16:52.3762526Z    43 |   ABSL_LOG_INTERNAL_CHECK_IMPL(true || (condition), "true")
2026-10-07T04:16:52.3763177Z       |   ^~~~~~~~~~~~~~~~~~~~~~~~~~~~
2026-10-07T04:16:52.3763569Z external/abseil-cpp+/absl/log/absl_check.h:47:3: note: in expansion of macro 'ABSL_LOG_INTERNAL_DCHECK_IMPL'
2026-10-07T04:16:52.3764018Z    47 |   ABSL_LOG_INTERNAL_DCHECK_IMPL((condition), #condition)
2026-10-07T04:16:52.3764297Z       |   ^~~~~~~~~~~~~~~~~~~~~~~~~~~~~
2026-10-07T04:16:52.3764740Z external/protobuf+/src/google/protobuf/generated_message_reflection.cc:3323:3: note: in expansion of macro 'ABSL_DCHECK'
2026-10-07T04:16:52.3765219Z  3323 |   ABSL_DCHECK(!field->options().weak());
2026-10-07T04:16:52.3765450Z       |   ^~~~~~~~~~~
2026-10-07T04:16:52.3766031Z bazel-out/k8-opt-exec-ST-d57f47055a04/bin/external/protobuf+/src/google/protobuf/_virtual_includes/protobuf/google/protobuf/descriptor.pb.h:18861:13: note: declared here
2026-10-07T04:16:52.3766691Z 18861 | inline bool FieldOptions::weak() const {
2026-10-07T04:16:52.3766961Z       |             ^~~~~~~~~~~~
2026-10-07T04:16:52.3792510Z external/protobuf+/src/google/protobuf/generated_message_reflection.cc: In member function 'void google::protobuf::Reflection::ClearHasBit(google::protobuf::Message*, const google::protobuf::FieldDescriptor*) const':
2026-10-07T04:16:52.3822476Z external/protobuf+/src/google/protobuf/generated_message_reflection.cc:3332:37: warning: 'bool google::protobuf::FieldOptions::weak() const' is deprecated [-Wdeprecated-declarations]
2026-10-07T04:16:52.3851971Z  3332 |   ABSL_DCHECK(!field->options().weak());
2026-10-07T04:16:52.3852395Z       |                ~~~~~~~~~~~~~~~~~~~~~^~
2026-10-07T04:16:52.3882249Z external/abseil-cpp+/absl/log/internal/conditions.h:68:7: note: in definition of macro 'ABSL_LOG_INTERNAL_STATELESS_CONDITION'
2026-10-07T04:16:52.3882826Z    68 |     !(condition) ? (void)0 : ::absl::log_internal::Voidify() &&
2026-10-07T04:16:52.3883116Z       |       ^~~~~~~~~
2026-10-07T04:16:52.3883521Z external/abseil-cpp+/absl/log/internal/check_impl.h:26:3: note: in expansion of macro 'ABSL_LOG_INTERNAL_CONDITION_FATAL'
2026-10-07T04:16:52.3884042Z    26 |   ABSL_LOG_INTERNAL_CONDITION_FATAL(STATELESS,                        \
2026-10-07T04:16:52.3884354Z       |   ^~~~~~~~~~~~~~~~~~~~~~~~~~~~~~~~~
2026-10-07T04:16:52.3884743Z external/abseil-cpp+/absl/log/internal/check_impl.h:27:37: note: in expansion of macro 'ABSL_PREDICT_FALSE'
2026-10-07T04:16:52.3885179Z    27 |                                     ABSL_PREDICT_FALSE(!(condition))) \
2026-10-07T04:16:52.3885467Z       |                                     ^~~~~~~~~~~~~~~~~~
2026-10-07T04:16:52.3885900Z external/abseil-cpp+/absl/log/internal/check_impl.h:43:3: note: in expansion of macro 'ABSL_LOG_INTERNAL_CHECK_IMPL'
2026-10-07T04:16:52.3886377Z    43 |   ABSL_LOG_INTERNAL_CHECK_IMPL(true || (condition), "true")
2026-10-07T04:16:52.3886649Z       |   ^~~~~~~~~~~~~~~~~~~~~~~~~~~~
2026-10-07T04:16:52.3887024Z external/abseil-cpp+/absl/log/absl_check.h:47:3: note: in expansion of macro 'ABSL_LOG_INTERNAL_DCHECK_IMPL'
2026-10-07T04:16:52.3887485Z    47 |   ABSL_LOG_INTERNAL_DCHECK_IMPL((condition), #condition)
2026-10-07T04:16:52.3887752Z       |   ^~~~~~~~~~~~~~~~~~~~~~~~~~~~~
2026-10-07T04:16:52.3888500Z external/protobuf+/src/google/protobuf/generated_message_reflection.cc:3332:3: note: in expansion of macro 'ABSL_DCHECK'
2026-10-07T04:16:52.3888982Z  3332 |   ABSL_DCHECK(!field->options().weak());
2026-10-07T04:16:52.3889219Z       |   ^~~~~~~~~~~
2026-10-07T04:16:52.3889784Z bazel-out/k8-opt-exec-ST-d57f47055a04/bin/external/protobuf+/src/google/protobuf/_virtual_includes/protobuf/google/protobuf/descriptor.pb.h:18861:13: note: declared here
2026-10-07T04:16:52.3890427Z 18861 | inline bool FieldOptions::weak() const {
2026-10-07T04:16:52.3890673Z       |             ^~~~~~~~~~~~
2026-10-07T04:16:52.3891504Z external/protobuf+/src/google/protobuf/generated_message_reflection.cc: In member function 'void google::protobuf::Reflection::NaiveSwapHasBit(google::protobuf::Message*, google::protobuf::Message*, const google::protobuf::FieldDescriptor*) const':
2026-10-07T04:16:52.3893141Z external/protobuf+/src/google/protobuf/generated_message_reflection.cc:3341:37: warning: 'bool google::protobuf::FieldOptions::weak() const' is deprecated [-Wdeprecated-declarations]
2026-10-07T04:16:52.3893800Z  3341 |   ABSL_DCHECK(!field->options().weak());
2026-10-07T04:16:52.3894047Z       |                ~~~~~~~~~~~~~~~~~~~~~^~
2026-10-07T04:16:52.3894550Z external/abseil-cpp+/absl/log/internal/conditions.h:68:7: note: in definition of macro 'ABSL_LOG_INTERNAL_STATELESS_CONDITION'
2026-10-07T04:16:52.3895109Z    68 |     !(condition) ? (void)0 : ::absl::log_internal::Voidify() &&
2026-10-07T04:16:52.3895385Z       |       ^~~~~~~~~
2026-10-07T04:16:52.3895779Z external/abseil-cpp+/absl/log/internal/check_impl.h:26:3: note: in expansion of macro 'ABSL_LOG_INTERNAL_CONDITION_FATAL'
2026-10-07T04:16:52.3896315Z    26 |   ABSL_LOG_INTERNAL_CONDITION_FATAL(STATELESS,                        \
2026-10-07T04:16:52.3896628Z       |   ^~~~~~~~~~~~~~~~~~~~~~~~~~~~~~~~~
2026-10-07T04:16:52.3897039Z external/abseil-cpp+/absl/log/internal/check_impl.h:27:37: note: in expansion of macro 'ABSL_PREDICT_FALSE'
2026-10-07T04:16:52.3897512Z    27 |                                     ABSL_PREDICT_FALSE(!(condition))) \
2026-10-07T04:16:52.3897797Z       |                                     ^~~~~~~~~~~~~~~~~~
2026-10-07T04:16:52.3898244Z external/abseil-cpp+/absl/log/internal/check_impl.h:43:3: note: in expansion of macro 'ABSL_LOG_INTERNAL_CHECK_IMPL'
2026-10-07T04:16:52.3898722Z    43 |   ABSL_LOG_INTERNAL_CHECK_IMPL(true || (condition), "true")
2026-10-07T04:16:52.3899003Z       |   ^~~~~~~~~~~~~~~~~~~~~~~~~~~~
2026-10-07T04:16:52.3899390Z external/abseil-cpp+/absl/log/absl_check.h:47:3: note: in expansion of macro 'ABSL_LOG_INTERNAL_DCHECK_IMPL'
2026-10-07T04:16:52.3899842Z    47 |   ABSL_LOG_INTERNAL_DCHECK_IMPL((condition), #condition)
2026-10-07T04:16:52.3900117Z       |   ^~~~~~~~~~~~~~~~~~~~~~~~~~~~~
2026-10-07T04:16:52.3900572Z external/protobuf+/src/google/protobuf/generated_message_reflection.cc:3341:3: note: in expansion of macro 'ABSL_DCHECK'
2026-10-07T04:16:52.3901061Z  3341 |   ABSL_DCHECK(!field->options().weak());
2026-10-07T04:16:52.3901300Z       |   ^~~~~~~~~~~
2026-10-07T04:16:52.3902028Z bazel-out/k8-opt-exec-ST-d57f47055a04/bin/external/protobuf+/src/google/protobuf/_virtual_includes/protobuf/google/protobuf/descriptor.pb.h:18861:13: note: declared here
2026-10-07T04:16:52.3902656Z 18861 | inline bool FieldOptions::weak() const {
2026-10-07T04:16:52.3902893Z       |             ^~~~~~~~~~~~
2026-10-07T04:16:52.3905102Z bazel-out/k8-opt-exec-ST-d57f47055a04/bin/external/protobuf+/src/google/protobuf/_virtual_includes/protobuf/google/protobuf/reflection_visit_fields.h: In instantiation of 'static void google::protobuf::internal::ReflectionVisit::VisitFields(MessageT&, CallbackFn&&, google::protobuf::internal::FieldMask) [with MessageT = google::protobuf::Message; CallbackFn = google::protobuf::internal::ReflectionVisit::VisitMessageFields<google::protobuf::Reflection::MaybePoisonAfterClear(google::protobuf::Message&) const::<lambda(google::protobuf::Message&)> >(google::protobuf::Message&, google::protobuf::Reflection::MaybePoisonAfterClear(google::protobuf::Message&) const::<lambda(google::protobuf::Message&)>&&)::<lambda(auto:42)>]':
2026-10-07T04:16:52.3908696Z bazel-out/k8-opt-exec-ST-d57f47055a04/bin/external/protobuf+/src/google/protobuf/_virtual_includes/protobuf/google/protobuf/reflection_visit_fields.h:447:31:   required from 'static void google::protobuf::internal::ReflectionVisit::VisitMessageFields(google::protobuf::Message&, CallbackFn&&) [with CallbackFn = google::protobuf::Reflection::MaybePoisonAfterClear(google::protobuf::Message&) const::<lambda(google::protobuf::Message&)>]'
2026-10-07T04:16:52.3911285Z bazel-out/k8-opt-exec-ST-d57f47055a04/bin/external/protobuf+/src/google/protobuf/_virtual_includes/protobuf/google/protobuf/reflection_visit_fields.h:502:38:   required from 'void google::protobuf::internal::VisitMutableMessageFields(google::protobuf::Message&, CallbackFn&&) [with CallbackFn = google::protobuf::Reflection::MaybePoisonAfterClear(google::protobuf::Message&) const::<lambda(google::protobuf::Message&)>]'
2026-10-07T04:16:52.3943099Z external/protobuf+/src/google/protobuf/generated_message_reflection.cc:1390:40:   required from here
2026-10-07T04:16:52.3944196Z bazel-out/k8-opt-exec-ST-d57f47055a04/bin/external/protobuf+/src/google/protobuf/_virtual_includes/protobuf/google/protobuf/reflection_visit_fields.h:109:39: warning: 'bool google::protobuf::FieldOptions::weak() const' is deprecated [-Wdeprecated-declarations]
2026-10-07T04:16:52.3945155Z   109 |     ABSL_DCHECK(!field->options().weak()) << "weak fields are not supported";
2026-10-07T04:16:52.3945502Z       |                  ~~~~~~~~~~~~~~~~~~~~~^~
2026-10-07T04:16:52.3945967Z external/abseil-cpp+/absl/log/internal/conditions.h:68:7: note: in definition of macro 'ABSL_LOG_INTERNAL_STATELESS_CONDITION'
2026-10-07T04:16:52.3946510Z    68 |     !(condition) ? (void)0 : ::absl::log_internal::Voidify() &&
2026-10-07T04:16:52.3946797Z       |       ^~~~~~~~~
2026-10-07T04:16:52.3947200Z external/abseil-cpp+/absl/log/internal/check_impl.h:26:3: note: in expansion of macro 'ABSL_LOG_INTERNAL_CONDITION_FATAL'
2026-10-07T04:16:52.3947732Z    26 |   ABSL_LOG_INTERNAL_CONDITION_FATAL(STATELESS,                        \
2026-10-07T04:16:52.3948051Z       |   ^~~~~~~~~~~~~~~~~~~~~~~~~~~~~~~~~
2026-10-07T04:16:52.3948464Z external/abseil-cpp+/absl/log/internal/check_impl.h:27:37: note: in expansion of macro 'ABSL_PREDICT_FALSE'
2026-10-07T04:16:52.3948916Z    27 |                                     ABSL_PREDICT_FALSE(!(condition))) \
2026-10-07T04:16:52.3949214Z       |                                     ^~~~~~~~~~~~~~~~~~
2026-10-07T04:16:52.3949662Z external/abseil-cpp+/absl/log/internal/check_impl.h:43:3: note: in expansion of macro 'ABSL_LOG_INTERNAL_CHECK_IMPL'
2026-10-07T04:16:52.3950153Z    43 |   ABSL_LOG_INTERNAL_CHECK_IMPL(true || (condition), "true")
2026-10-07T04:16:52.3950430Z       |   ^~~~~~~~~~~~~~~~~~~~~~~~~~~~
2026-10-07T04:16:52.3950826Z external/abseil-cpp+/absl/log/absl_check.h:47:3: note: in expansion of macro 'ABSL_LOG_INTERNAL_DCHECK_IMPL'
2026-10-07T04:16:52.3951285Z    47 |   ABSL_LOG_INTERNAL_DCHECK_IMPL((condition), #condition)
2026-10-07T04:16:52.3951558Z       |   ^~~~~~~~~~~~~~~~~~~~~~~~~~~~~
2026-10-07T04:16:52.3952380Z bazel-out/k8-opt-exec-ST-d57f47055a04/bin/external/protobuf+/src/google/protobuf/_virtual_includes/protobuf/google/protobuf/reflection_visit_fields.h:109:5: note: in expansion of macro 'ABSL_DCHECK'
2026-10-07T04:16:52.3953193Z   109 |     ABSL_DCHECK(!field->options().weak()) << "weak fields are not supported";
2026-10-07T04:16:52.3953520Z       |     ^~~~~~~~~~~
2026-10-07T04:16:52.3954080Z bazel-out/k8-opt-exec-ST-d57f47055a04/bin/external/protobuf+/src/google/protobuf/_virtual_includes/protobuf/google/protobuf/descriptor.pb.h:18861:13: note: declared here
2026-10-07T04:16:52.3954711Z 18861 | inline bool FieldOptions::weak() const {
2026-10-07T04:16:52.3954963Z       |             ^~~~~~~~~~~~
2026-10-07T04:16:52.3955814Z bazel-out/k8-opt-exec-ST-d57f47055a04/bin/external/protobuf+/src/google/protobuf/_virtual_includes/protobuf/google/protobuf/reflection_visit_fields.h:109:39: warning: 'bool google::protobuf::FieldOptions::weak() const' is deprecated [-Wdeprecated-declarations]
2026-10-07T04:16:52.3956974Z   109 |     ABSL_DCHECK(!field->options().weak()) << "weak fields are not supported";
2026-10-07T04:16:52.3957311Z       |                  ~~~~~~~~~~~~~~~~~~~~~^~
2026-10-07T04:16:52.3957773Z external/abseil-cpp+/absl/log/internal/conditions.h:68:7: note: in definition of macro 'ABSL_LOG_INTERNAL_STATELESS_CONDITION'
2026-10-07T04:16:52.3958298Z    68 |     !(condition) ? (void)0 : ::absl::log_internal::Voidify() &&
2026-10-07T04:16:52.3958576Z       |       ^~~~~~~~~
2026-10-07T04:16:52.3958965Z external/abseil-cpp+/absl/log/internal/check_impl.h:26:3: note: in expansion of macro 'ABSL_LOG_INTERNAL_CONDITION_FATAL'
2026-10-07T04:16:52.3959663Z    26 |   ABSL_LOG_INTERNAL_CONDITION_FATAL(STATELESS,                        \
2026-10-07T04:16:52.3959982Z       |   ^~~~~~~~~~~~~~~~~~~~~~~~~~~~~~~~~
2026-10-07T04:16:52.3960382Z external/abseil-cpp+/absl/log/internal/check_impl.h:27:37: note: in expansion of macro 'ABSL_PREDICT_FALSE'
2026-10-07T04:16:52.3960825Z    27 |                                     ABSL_PREDICT_FALSE(!(condition))) \
2026-10-07T04:16:52.3961095Z       |                                     ^~~~~~~~~~~~~~~~~~
2026-10-07T04:16:52.3961522Z external/abseil-cpp+/absl/log/internal/check_impl.h:43:3: note: in expansion of macro 'ABSL_LOG_INTERNAL_CHECK_IMPL'
2026-10-07T04:16:52.3962154Z    43 |   ABSL_LOG_INTERNAL_CHECK_IMPL(true || (condition), "true")
2026-10-07T04:16:52.3962425Z       |   ^~~~~~~~~~~~~~~~~~~~~~~~~~~~
2026-10-07T04:16:52.3962800Z external/abseil-cpp+/absl/log/absl_check.h:47:3: note: in expansion of macro 'ABSL_LOG_INTERNAL_DCHECK_IMPL'
2026-10-07T04:16:52.3963241Z    47 |   ABSL_LOG_INTERNAL_DCHECK_IMPL((condition), #condition)
2026-10-07T04:16:52.3963509Z       |   ^~~~~~~~~~~~~~~~~~~~~~~~~~~~~
2026-10-07T04:16:52.3964182Z bazel-out/k8-opt-exec-ST-d57f47055a04/bin/external/protobuf+/src/google/protobuf/_virtual_includes/protobuf/google/protobuf/reflection_visit_fields.h:109:5: note: in expansion of macro 'ABSL_DCHECK'
2026-10-07T04:16:52.3964968Z   109 |     ABSL_DCHECK(!field->options().weak()) << "weak fields are not supported";
2026-10-07T04:16:52.3965289Z       |     ^~~~~~~~~~~
2026-10-07T04:16:52.3965849Z bazel-out/k8-opt-exec-ST-d57f47055a04/bin/external/protobuf+/src/google/protobuf/_virtual_includes/protobuf/google/protobuf/descriptor.pb.h:18861:13: note: declared here
2026-10-07T04:16:52.3966471Z 18861 | inline bool FieldOptions::weak() const {
2026-10-07T04:16:52.3966708Z       |             ^~~~~~~~~~~~
2026-10-07T04:16:52.3967120Z [817 / 944] Compiling src/google/protobuf/descriptor_database.cc; 3s processwrapper-sandbox ... (4 actions, 3 running)
2026-10-07T04:16:52.9542748Z INFO: From Compiling src/google/protobuf/compiler/cpp/field.cc [for tool]:
2026-10-07T04:16:52.9543614Z In file included from bazel-out/k8-opt-exec-ST-d57f47055a04/bin/external/protobuf+/src/google/protobuf/compiler/cpp/_virtual_includes/cpp/google/protobuf/compiler/cpp/field.h:26,
2026-10-07T04:16:52.9562439Z                  from external/protobuf+/src/google/protobuf/compiler/cpp/field.cc:12:
2026-10-07T04:16:52.9589517Z bazel-out/k8-opt-exec-ST-d57f47055a04/bin/external/protobuf+/src/google/protobuf/compiler/cpp/_virtual_includes/names_internal/google/protobuf/compiler/cpp/helpers.h: In function 'bool google::protobuf::compiler::cpp::IsWeak(const google::protobuf::FieldDescriptor*, const Options&)':
2026-10-07T04:16:52.9612783Z bazel-out/k8-opt-exec-ST-d57f47055a04/bin/external/protobuf+/src/google/protobuf/compiler/cpp/_virtual_includes/names_internal/google/protobuf/compiler/cpp/helpers.h:347:28: warning: 'bool google::protobuf::FieldOptions::weak() const' is deprecated [-Wdeprecated-declarations]
2026-10-07T04:16:52.9652038Z   347 |   if (field->options().weak()) {
2026-10-07T04:16:52.9657550Z       |       ~~~~~~~~~~~~~~~~~~~~~^~
2026-10-07T04:16:52.9702557Z In file included from bazel-out/k8-opt-exec-ST-d57f47055a04/bin/external/protobuf+/src/google/protobuf/compiler/_virtual_includes/code_generator_lite/google/protobuf/compiler/code_generator_lite.h:18,
2026-10-07T04:16:52.9732478Z                  from bazel-out/k8-opt-exec-ST-d57f47055a04/bin/external/protobuf+/src/google/protobuf/compiler/_virtual_includes/code_generator/google/protobuf/compiler/code_generator.h:25,
2026-10-07T04:16:52.9760192Z                  from bazel-out/k8-opt-exec-ST-d57f47055a04/bin/external/protobuf+/src/google/protobuf/compiler/cpp/_virtual_includes/names_internal/google/protobuf/compiler/cpp/helpers.h:29:
2026-10-07T04:16:52.9762623Z bazel-out/k8-opt-exec-ST-d57f47055a04/bin/external/protobuf+/src/google/protobuf/_virtual_includes/protobuf/google/protobuf/descriptor.pb.h:18861:13: note: declared here
2026-10-07T04:16:52.9792059Z 18861 | inline bool FieldOptions::weak() const {
2026-10-07T04:16:52.9802236Z       |             ^~~~~~~~~~~~
2026-10-07T04:16:53.6282743Z [819 / 944] Compiling src/google/protobuf/descriptor_database.cc; 5s processwrapper-sandbox ... (4 actions, 3 running)
2026-10-07T04:16:53.8533680Z INFO: From Compiling src/google/protobuf/compiler/cpp/parse_function_generator.cc [for tool]:
2026-10-07T04:16:53.8553012Z In file included from bazel-out/k8-opt-exec-ST-d57f47055a04/bin/external/protobuf+/src/google/protobuf/compiler/cpp/_virtual_includes/cpp/google/protobuf/compiler/cpp/parse_function_generator.h:18,
2026-10-07T04:16:53.8582738Z                  from external/protobuf+/src/google/protobuf/compiler/cpp/parse_function_generator.cc:8:
2026-10-07T04:16:53.8592697Z bazel-out/k8-opt-exec-ST-d57f47055a04/bin/external/protobuf+/src/google/protobuf/compiler/cpp/_virtual_includes/names_internal/google/protobuf/compiler/cpp/helpers.h: In function 'bool google::protobuf::compiler::cpp::IsWeak(const google::protobuf::FieldDescriptor*, const Options&)':
2026-10-07T04:16:53.8622592Z bazel-out/k8-opt-exec-ST-d57f47055a04/bin/external/protobuf+/src/google/protobuf/compiler/cpp/_virtual_includes/names_internal/google/protobuf/compiler/cpp/helpers.h:347:28: warning: 'bool google::protobuf::FieldOptions::weak() const' is deprecated [-Wdeprecated-declarations]
2026-10-07T04:16:53.8642101Z   347 |   if (field->options().weak()) {
2026-10-07T04:16:53.8652069Z       |       ~~~~~~~~~~~~~~~~~~~~~^~
2026-10-07T04:16:53.8672690Z In file included from bazel-out/k8-opt-exec-ST-d57f47055a04/bin/external/protobuf+/src/google/protobuf/compiler/_virtual_includes/code_generator_lite/google/protobuf/compiler/code_generator_lite.h:18,
2026-10-07T04:16:53.8674053Z                  from bazel-out/k8-opt-exec-ST-d57f47055a04/bin/external/protobuf+/src/google/protobuf/compiler/_virtual_includes/code_generator/google/protobuf/compiler/code_generator.h:25,
2026-10-07T04:16:53.8675383Z                  from bazel-out/k8-opt-exec-ST-d57f47055a04/bin/external/protobuf+/src/google/protobuf/compiler/cpp/_virtual_includes/names_internal/google/protobuf/compiler/cpp/helpers.h:29:
2026-10-07T04:16:53.8676603Z bazel-out/k8-opt-exec-ST-d57f47055a04/bin/external/protobuf+/src/google/protobuf/_virtual_includes/protobuf/google/protobuf/descriptor.pb.h:18861:13: note: declared here
2026-10-07T04:16:53.8677493Z 18861 | inline bool FieldOptions::weak() const {
2026-10-07T04:16:53.8677887Z       |             ^~~~~~~~~~~~
2026-10-07T04:16:55.0513044Z [821 / 944] Compiling src/google/protobuf/compiler/cpp/field_chunk.cc [for tool]; 2s processwrapper-sandbox ... (4 actions running)
2026-10-07T04:16:55.2404718Z INFO: From Compiling src/google/protobuf/compiler/cpp/field_chunk.cc [for tool]:
2026-10-07T04:16:55.2472717Z In file included from bazel-out/k8-opt-exec-ST-d57f47055a04/bin/external/protobuf+/src/google/protobuf/compiler/cpp/_virtual_includes/cpp/google/protobuf/compiler/cpp/field_chunk.h:10,
2026-10-07T04:16:55.2512182Z                  from external/protobuf+/src/google/protobuf/compiler/cpp/field_chunk.cc:1:
2026-10-07T04:16:55.2533084Z bazel-out/k8-opt-exec-ST-d57f47055a04/bin/external/protobuf+/src/google/protobuf/compiler/cpp/_virtual_includes/names_internal/google/protobuf/compiler/cpp/helpers.h: In function 'bool google::protobuf::compiler::cpp::IsWeak(const google::protobuf::FieldDescriptor*, const Options&)':
2026-10-07T04:16:55.2535268Z bazel-out/k8-opt-exec-ST-d57f47055a04/bin/external/protobuf+/src/google/protobuf/compiler/cpp/_virtual_includes/names_internal/google/protobuf/compiler/cpp/helpers.h:347:28: warning: 'bool google::protobuf::FieldOptions::weak() const' is deprecated [-Wdeprecated-declarations]
2026-10-07T04:16:55.2536295Z   347 |   if (field->options().weak()) {
2026-10-07T04:16:55.2536590Z       |       ~~~~~~~~~~~~~~~~~~~~~^~
2026-10-07T04:16:55.2537407Z In file included from bazel-out/k8-opt-exec-ST-d57f47055a04/bin/external/protobuf+/src/google/protobuf/compiler/_virtual_includes/code_generator_lite/google/protobuf/compiler/code_generator_lite.h:18,
2026-10-07T04:16:55.2538683Z                  from bazel-out/k8-opt-exec-ST-d57f47055a04/bin/external/protobuf+/src/google/protobuf/compiler/_virtual_includes/code_generator/google/protobuf/compiler/code_generator.h:25,
2026-10-07T04:16:55.2539803Z                  from bazel-out/k8-opt-exec-ST-d57f47055a04/bin/external/protobuf+/src/google/protobuf/compiler/cpp/_virtual_includes/names_internal/google/protobuf/compiler/cpp/helpers.h:29:
2026-10-07T04:16:55.2540878Z bazel-out/k8-opt-exec-ST-d57f47055a04/bin/external/protobuf+/src/google/protobuf/_virtual_includes/protobuf/google/protobuf/descriptor.pb.h:18861:13: note: declared here
2026-10-07T04:16:55.2541703Z 18861 | inline bool FieldOptions::weak() const {
2026-10-07T04:16:55.2542016Z       |             ^~~~~~~~~~~~
2026-10-07T04:16:56.0195904Z INFO: From Compiling src/google/protobuf/generated_message_tctable_gen.cc [for tool]:
2026-10-07T04:16:56.0242440Z external/protobuf+/src/google/protobuf/generated_message_tctable_gen.cc: In function 'bool google::protobuf::internal::{anonymous}::HasWeakFields(const google::protobuf::Descriptor*)':
2026-10-07T04:16:56.0272830Z external/protobuf+/src/google/protobuf/generated_message_tctable_gen.cc:699:45: warning: 'bool google::protobuf::FieldOptions::weak() const' is deprecated [-Wdeprecated-declarations]
2026-10-07T04:16:56.0297352Z   699 |     if (descriptor->field(i)->options().weak()) {
2026-10-07T04:16:56.0300782Z       |         ~~~~~~~~~~~~~~~~~~~~~~~~~~~~~~~~~~~~^~
2026-10-07T04:16:56.0307627Z In file included from bazel-out/k8-opt-exec-ST-d57f47055a04/bin/external/protobuf+/src/google/protobuf/_virtual_includes/protobuf/google/protobuf/generated_message_tctable_gen.h:21,
2026-10-07T04:16:56.0308644Z                  from external/protobuf+/src/google/protobuf/generated_message_tctable_gen.cc:8:
2026-10-07T04:16:56.0309545Z bazel-out/k8-opt-exec-ST-d57f47055a04/bin/external/protobuf+/src/google/protobuf/_virtual_includes/protobuf/google/protobuf/descriptor.pb.h:18861:13: note: declared here
2026-10-07T04:16:56.0310335Z 18861 | inline bool FieldOptions::weak() const {
2026-10-07T04:16:56.0310729Z       |             ^~~~~~~~~~~~
2026-10-07T04:16:56.0312864Z external/protobuf+/src/google/protobuf/generated_message_tctable_gen.cc: In function 'bool google::protobuf::internal::IsFieldTypeEligibleForFastParsing(const google::protobuf::FieldDescriptor*)':
2026-10-07T04:16:56.0314095Z external/protobuf+/src/google/protobuf/generated_message_tctable_gen.cc:738:28: warning: 'bool google::protobuf::FieldOptions::weak() const' is deprecated [-Wdeprecated-declarations]
2026-10-07T04:16:56.0314839Z   738 |       field->options().weak()) {
2026-10-07T04:16:56.0315184Z       |       ~~~~~~~~~~~~~~~~~~~~~^~
2026-10-07T04:16:56.0315902Z bazel-out/k8-opt-exec-ST-d57f47055a04/bin/external/protobuf+/src/google/protobuf/_virtual_includes/protobuf/google/protobuf/descriptor.pb.h:18861:13: note: declared here
2026-10-07T04:16:56.0316662Z 18861 | inline bool FieldOptions::weak() const {
2026-10-07T04:16:56.0317021Z       |             ^~~~~~~~~~~~
2026-10-07T04:16:56.0317489Z external/protobuf+/src/google/protobuf/generated_message_tctable_gen.cc: In lambda function:
2026-10-07T04:16:56.0318379Z external/protobuf+/src/google/protobuf/generated_message_tctable_gen.cc:773:54: warning: 'bool google::protobuf::FieldOptions::weak() const' is deprecated [-Wdeprecated-declarations]
2026-10-07T04:16:56.0319436Z   773 |            !field->is_map() && !field->options().weak() &&
2026-10-07T04:16:56.0319832Z       |                                 ~~~~~~~~~~~~~~~~~~~~~^~
2026-10-07T04:16:56.0320566Z bazel-out/k8-opt-exec-ST-d57f47055a04/bin/external/protobuf+/src/google/protobuf/_virtual_includes/protobuf/google/protobuf/descriptor.pb.h:18861:13: note: declared here
2026-10-07T04:16:56.0321296Z 18861 | inline bool FieldOptions::weak() const {
2026-10-07T04:16:56.0321851Z       |             ^~~~~~~~~~~~
2026-10-07T04:16:56.0323285Z external/protobuf+/src/google/protobuf/generated_message_tctable_gen.cc: In static member function 'static std::vector<google::protobuf::internal::TailCallTableInfo::FieldEntryInfo> google::protobuf::internal::TailCallTableInfo::BuildFieldEntries(const google::protobuf::Descriptor*, const MessageOptions&, absl::lts_20250814::Span<const FieldOptions>, std::vector<AuxEntry>&)':
2026-10-07T04:16:56.0325066Z external/protobuf+/src/google/protobuf/generated_message_tctable_gen.cc:813:39: warning: 'bool google::protobuf::FieldOptions::weak() const' is deprecated [-Wdeprecated-declarations]
2026-10-07T04:16:56.0325956Z   813 |       } else if (field->options().weak()) {
2026-10-07T04:16:56.0326425Z       |                  ~~~~~~~~~~~~~~~~~~~~~^~
2026-10-07T04:16:56.0327115Z bazel-out/k8-opt-exec-ST-d57f47055a04/bin/external/protobuf+/src/google/protobuf/_virtual_includes/protobuf/google/protobuf/descriptor.pb.h:18861:13: note: declared here
2026-10-07T04:16:56.0327784Z 18861 | inline bool FieldOptions::weak() const {
2026-10-07T04:16:56.0328048Z       |             ^~~~~~~~~~~~
2026-10-07T04:16:56.0377421Z INFO: From Compiling src/google/protobuf/dynamic_message.cc:
2026-10-07T04:16:56.0402488Z In file included from external/protobuf+/src/google/protobuf/dynamic_message.cc:66:
2026-10-07T04:16:56.0462685Z bazel-out/k8-opt/bin/external/protobuf+/src/google/protobuf/_virtual_includes/protobuf/google/protobuf/map_field.h: In constructor 'google::protobuf::internal::MapFieldBase::ReflectionPayload::ReflectionPayload(google::protobuf::Arena*, const google::protobuf::Message*)':
2026-10-07T04:16:56.0464832Z bazel-out/k8-opt/bin/external/protobuf+/src/google/protobuf/_virtual_includes/protobuf/google/protobuf/map_field.h:416:11: warning: 'google::protobuf::RepeatedPtrField<T>::RepeatedPtrField(google::protobuf::Arena*) [with Element = google::protobuf::Message]' is deprecated: Use Arena::Create<RepeatedPtrField<...>>(Arena*) instead [-Wdeprecated-declarations]
2026-10-07T04:16:56.0477564Z   416 |         : repeated_field_(arena), prototype_(prototype) {}
2026-10-07T04:16:56.0478038Z       |           ^~~~~~~~~~~~~~~~~~~~~~
2026-10-07T04:16:56.0478773Z In file included from bazel-out/k8-opt/bin/external/protobuf+/src/google/protobuf/_virtual_includes/protobuf_lite/google/protobuf/repeated_field.h:46,
2026-10-07T04:16:56.0479800Z                  from bazel-out/k8-opt/bin/external/protobuf+/src/google/protobuf/_virtual_includes/protobuf_lite/google/protobuf/parse_context.h:39,
2026-10-07T04:16:56.0480802Z                  from bazel-out/k8-opt/bin/external/protobuf+/src/google/protobuf/_virtual_includes/protobuf_lite/google/protobuf/generated_message_tctable_decl.h:25,
2026-10-07T04:16:56.0482012Z                  from bazel-out/k8-opt/bin/external/protobuf+/src/google/protobuf/_virtual_includes/protobuf_lite/google/protobuf/extension_set.h:40,
2026-10-07T04:16:56.0482939Z                  from bazel-out/k8-opt/bin/external/protobuf+/src/google/protobuf/_virtual_includes/protobuf/google/protobuf/descriptor.h:56,
2026-10-07T04:16:56.0483855Z                  from bazel-out/k8-opt/bin/external/protobuf+/src/google/protobuf/_virtual_includes/protobuf/google/protobuf/dynamic_message.h:27,
2026-10-07T04:16:56.0484605Z                  from external/protobuf+/src/google/protobuf/dynamic_message.cc:42:
2026-10-07T04:16:56.0485716Z bazel-out/k8-opt/bin/external/protobuf+/src/google/protobuf/_virtual_includes/protobuf_lite/google/protobuf/repeated_ptr_field.h:1380:8: note: declared here
2026-10-07T04:16:56.0486559Z  1380 | inline RepeatedPtrField<Element>::RepeatedPtrField(Arena* arena)
2026-10-07T04:16:56.0487035Z       |        ^~~~~~~~~~~~~~~~~~~~~~~~~
2026-10-07T04:16:56.0487693Z external/protobuf+/src/google/protobuf/dynamic_message.cc: In member function 'void google::protobuf::DynamicMessage::SharedCtor(bool)':
2026-10-07T04:16:56.0489082Z external/protobuf+/src/google/protobuf/dynamic_message.cc:574:66: warning: 'google::protobuf::RepeatedPtrField<T>::RepeatedPtrField(google::protobuf::Arena*) [with Element = std::__cxx11::basic_string<char>]' is deprecated: Use Arena::Create<RepeatedPtrField<...>>(Arena*) instead [-Wdeprecated-declarations]
2026-10-07T04:16:56.0490477Z   574 |               new (field_ptr) RepeatedPtrField<std::string>(arena);
2026-10-07T04:16:56.0490954Z       |                                                                  ^
2026-10-07T04:16:56.0491899Z bazel-out/k8-opt/bin/external/protobuf+/src/google/protobuf/_virtual_includes/protobuf_lite/google/protobuf/repeated_ptr_field.h:1380:8: note: declared here
2026-10-07T04:16:56.0492720Z  1380 | inline RepeatedPtrField<Element>::RepeatedPtrField(Arena* arena)
2026-10-07T04:16:56.0493187Z       |        ^~~~~~~~~~~~~~~~~~~~~~~~~
2026-10-07T04:16:56.0494306Z external/protobuf+/src/google/protobuf/dynamic_message.cc:602:60: warning: 'google::protobuf::RepeatedPtrField<T>::RepeatedPtrField(google::protobuf::Arena*) [with Element = google::protobuf::Message]' is deprecated: Use Arena::Create<RepeatedPtrField<...>>(Arena*) instead [-Wdeprecated-declarations]
2026-10-07T04:16:56.0495485Z   602 |             new (field_ptr) RepeatedPtrField<Message>(arena);
2026-10-07T04:16:56.0495924Z       |                                                            ^
2026-10-07T04:16:56.0496651Z bazel-out/k8-opt/bin/external/protobuf+/src/google/protobuf/_virtual_includes/protobuf_lite/google/protobuf/repeated_ptr_field.h:1380:8: note: declared here
2026-10-07T04:16:56.0497467Z  1380 | inline RepeatedPtrField<Element>::RepeatedPtrField(Arena* arena)
2026-10-07T04:16:56.0497922Z       |        ^~~~~~~~~~~~~~~~~~~~~~~~~
2026-10-07T04:16:56.0498582Z external/protobuf+/src/google/protobuf/dynamic_message.cc: In member function 'void google::protobuf::DynamicMessage::CrossLinkPrototypes()':
2026-10-07T04:16:56.0499685Z external/protobuf+/src/google/protobuf/dynamic_message.cc:774:31: warning: 'bool google::protobuf::FieldOptions::weak() const' is deprecated [-Wdeprecated-declarations]
2026-10-07T04:16:56.0500548Z   774 |         !field->options().weak() && !InRealOneof(field) &&
2026-10-07T04:16:56.0500962Z       |          ~~~~~~~~~~~~~~~~~~~~~^~
2026-10-07T04:16:56.0501441Z In file included from external/protobuf+/src/google/protobuf/dynamic_message.cc:60:
2026-10-07T04:16:56.0502400Z bazel-out/k8-opt/bin/external/protobuf+/src/google/protobuf/_virtual_includes/protobuf/google/protobuf/descriptor.pb.h:18861:13: note: declared here
2026-10-07T04:16:56.0503135Z 18861 | inline bool FieldOptions::weak() const {
2026-10-07T04:16:56.0503910Z       |             ^~~~~~~~~~~~
2026-10-07T04:16:56.0510660Z [825 / 944] Compiling src/google/protobuf/compiler/cpp/message_layout_helper.cc [for tool]; 0s processwrapper-sandbox ... (4 actions running)
2026-10-07T04:16:57.8752980Z [826 / 944] Compiling src/google/protobuf/compiler/cpp/message_layout_helper.cc [for tool]; 2s processwrapper-sandbox ... (4 actions, 3 running)
2026-10-07T04:16:58.6302771Z INFO: From Compiling src/google/protobuf/compiler/cpp/message_layout_helper.cc [for tool]:
2026-10-07T04:16:58.6332822Z In file included from bazel-out/k8-opt-exec-ST-d57f47055a04/bin/external/protobuf+/src/google/protobuf/compiler/cpp/_virtual_includes/cpp/google/protobuf/compiler/cpp/message_layout_helper.h:20,
2026-10-07T04:16:58.6362370Z                  from external/protobuf+/src/google/protobuf/compiler/cpp/message_layout_helper.cc:1:
2026-10-07T04:16:58.6392787Z bazel-out/k8-opt-exec-ST-d57f47055a04/bin/external/protobuf+/src/google/protobuf/compiler/cpp/_virtual_includes/names_internal/google/protobuf/compiler/cpp/helpers.h: In function 'bool google::protobuf::compiler::cpp::IsWeak(const google::protobuf::FieldDescriptor*, const Options&)':
2026-10-07T04:16:58.6394497Z bazel-out/k8-opt-exec-ST-d57f47055a04/bin/external/protobuf+/src/google/protobuf/compiler/cpp/_virtual_includes/names_internal/google/protobuf/compiler/cpp/helpers.h:347:28: warning: 'bool google::protobuf::FieldOptions::weak() const' is deprecated [-Wdeprecated-declarations]
2026-10-07T04:16:58.6417929Z   347 |   if (field->options().weak()) {
2026-10-07T04:16:58.6418277Z       |       ~~~~~~~~~~~~~~~~~~~~~^~
2026-10-07T04:16:58.6419437Z In file included from bazel-out/k8-opt-exec-ST-d57f47055a04/bin/external/protobuf+/src/google/protobuf/compiler/_virtual_includes/code_generator_lite/google/protobuf/compiler/code_generator_lite.h:18,
2026-10-07T04:16:58.6420901Z                  from bazel-out/k8-opt-exec-ST-d57f47055a04/bin/external/protobuf+/src/google/protobuf/compiler/_virtual_includes/code_generator/google/protobuf/compiler/code_generator.h:25,
2026-10-07T04:16:58.6422254Z                  from bazel-out/k8-opt-exec-ST-d57f47055a04/bin/external/protobuf+/src/google/protobuf/compiler/cpp/_virtual_includes/names_internal/google/protobuf/compiler/cpp/helpers.h:29:
2026-10-07T04:16:58.6423362Z bazel-out/k8-opt-exec-ST-d57f47055a04/bin/external/protobuf+/src/google/protobuf/_virtual_includes/protobuf/google/protobuf/descriptor.pb.h:18861:13: note: declared here
2026-10-07T04:16:58.6424134Z 18861 | inline bool FieldOptions::weak() const {
2026-10-07T04:16:58.6424502Z       |             ^~~~~~~~~~~~
2026-10-07T04:16:58.7192965Z INFO: From Compiling src/google/protobuf/compiler/cpp/field_generators/cord_field.cc [for tool]:
2026-10-07T04:16:58.7252773Z In file included from bazel-out/k8-opt-exec-ST-d57f47055a04/bin/external/protobuf+/src/google/protobuf/compiler/cpp/_virtual_includes/cpp/google/protobuf/compiler/cpp/field.h:26,
2026-10-07T04:16:58.7253646Z                  from external/protobuf+/src/google/protobuf/compiler/cpp/field_generators/cord_field.cc:23:
2026-10-07T04:16:58.7254783Z bazel-out/k8-opt-exec-ST-d57f47055a04/bin/external/protobuf+/src/google/protobuf/compiler/cpp/_virtual_includes/names_internal/google/protobuf/compiler/cpp/helpers.h: In function 'bool google::protobuf::compiler::cpp::IsWeak(const google::protobuf::FieldDescriptor*, const Options&)':
2026-10-07T04:16:58.7256439Z bazel-out/k8-opt-exec-ST-d57f47055a04/bin/external/protobuf+/src/google/protobuf/compiler/cpp/_virtual_includes/names_internal/google/protobuf/compiler/cpp/helpers.h:347:28: warning: 'bool google::protobuf::FieldOptions::weak() const' is deprecated [-Wdeprecated-declarations]
2026-10-07T04:16:58.7257335Z   347 |   if (field->options().weak()) {
2026-10-07T04:16:58.7257578Z       |       ~~~~~~~~~~~~~~~~~~~~~^~
2026-10-07T04:16:58.7258263Z In file included from bazel-out/k8-opt-exec-ST-d57f47055a04/bin/external/protobuf+/src/google/protobuf/compiler/_virtual_includes/code_generator_lite/google/protobuf/compiler/code_generator_lite.h:18,
2026-10-07T04:16:58.7259371Z                  from bazel-out/k8-opt-exec-ST-d57f47055a04/bin/external/protobuf+/src/google/protobuf/compiler/_virtual_includes/code_generator/google/protobuf/compiler/code_generator.h:25,
2026-10-07T04:16:58.7260434Z                  from bazel-out/k8-opt-exec-ST-d57f47055a04/bin/external/protobuf+/src/google/protobuf/compiler/cpp/_virtual_includes/names_internal/google/protobuf/compiler/cpp/helpers.h:29:
2026-10-07T04:16:58.7261479Z bazel-out/k8-opt-exec-ST-d57f47055a04/bin/external/protobuf+/src/google/protobuf/_virtual_includes/protobuf/google/protobuf/descriptor.pb.h:18861:13: note: declared here
2026-10-07T04:16:58.7262267Z 18861 | inline bool FieldOptions::weak() const {
2026-10-07T04:16:58.7262511Z       |             ^~~~~~~~~~~~
2026-10-07T04:16:59.0532821Z [829 / 944] Compiling src/google/protobuf/map_field.cc [for tool]; 1s processwrapper-sandbox ... (4 actions running)
2026-10-07T04:17:00.1592626Z INFO: From Compiling src/google/protobuf/map_field.cc [for tool]:
2026-10-07T04:17:00.1622504Z In file included from external/protobuf+/src/google/protobuf/map_field.cc:8:
2026-10-07T04:17:00.1653011Z bazel-out/k8-opt-exec-ST-d57f47055a04/bin/external/protobuf+/src/google/protobuf/_virtual_includes/protobuf/google/protobuf/map_field.h: In constructor 'google::protobuf::internal::MapFieldBase::ReflectionPayload::ReflectionPayload(google::protobuf::Arena*, const google::protobuf::Message*)':
2026-10-07T04:17:00.1683453Z bazel-out/k8-opt-exec-ST-d57f47055a04/bin/external/protobuf+/src/google/protobuf/_virtual_includes/protobuf/google/protobuf/map_field.h:416:11: warning: 'google::protobuf::RepeatedPtrField<T>::RepeatedPtrField(google::protobuf::Arena*) [with Element = google::protobuf::Message]' is deprecated: Use Arena::Create<RepeatedPtrField<...>>(Arena*) instead [-Wdeprecated-declarations]
2026-10-07T04:17:00.1712101Z   416 |         : repeated_field_(arena), prototype_(prototype) {}
2026-10-07T04:17:00.1742113Z       |           ^~~~~~~~~~~~~~~~~~~~~~
2026-10-07T04:17:00.1748546Z In file included from bazel-out/k8-opt-exec-ST-d57f47055a04/bin/external/protobuf+/src/google/protobuf/_virtual_includes/protobuf_lite/google/protobuf/repeated_field.h:46,
2026-10-07T04:17:00.1749681Z                  from bazel-out/k8-opt-exec-ST-d57f47055a04/bin/external/protobuf+/src/google/protobuf/_virtual_includes/protobuf_lite/google/protobuf/parse_context.h:39,
2026-10-07T04:17:00.1750759Z                  from bazel-out/k8-opt-exec-ST-d57f47055a04/bin/external/protobuf+/src/google/protobuf/_virtual_includes/protobuf_lite/google/protobuf/generated_message_tctable_decl.h:25,
2026-10-07T04:17:00.1751995Z                  from bazel-out/k8-opt-exec-ST-d57f47055a04/bin/external/protobuf+/src/google/protobuf/_virtual_includes/protobuf_lite/google/protobuf/extension_set.h:40,
2026-10-07T04:17:00.1753002Z                  from bazel-out/k8-opt-exec-ST-d57f47055a04/bin/external/protobuf+/src/google/protobuf/_virtual_includes/protobuf/google/protobuf/descriptor.h:56,
2026-10-07T04:17:00.1753973Z                  from bazel-out/k8-opt-exec-ST-d57f47055a04/bin/external/protobuf+/src/google/protobuf/_virtual_includes/protobuf/google/protobuf/map_field.h:23:
2026-10-07T04:17:00.1755041Z bazel-out/k8-opt-exec-ST-d57f47055a04/bin/external/protobuf+/src/google/protobuf/_virtual_includes/protobuf_lite/google/protobuf/repeated_ptr_field.h:1380:8: note: declared here
2026-10-07T04:17:00.1755879Z  1380 | inline RepeatedPtrField<Element>::RepeatedPtrField(Arena* arena)
2026-10-07T04:17:00.1756311Z       |        ^~~~~~~~~~~~~~~~~~~~~~~~~
2026-10-07T04:17:00.1756855Z [830 / 944] Compiling src/google/protobuf/feature_resolver.cc; 1s processwrapper-sandbox ... (4 actions, 3 running)
2026-10-07T04:17:01.3767548Z [831 / 944] Compiling src/google/protobuf/compiler/cpp/message.cc [for tool]; 2s processwrapper-sandbox ... (4 actions, 3 running)
2026-10-07T04:17:02.2312812Z INFO: From Compiling src/google/protobuf/compiler/cpp/field_generators/enum_field.cc [for tool]:
2026-10-07T04:17:02.2382840Z In file included from bazel-out/k8-opt-exec-ST-d57f47055a04/bin/external/protobuf+/src/google/protobuf/compiler/cpp/_virtual_includes/cpp/google/protobuf/compiler/cpp/field.h:26,
2026-10-07T04:17:02.2432314Z                  from external/protobuf+/src/google/protobuf/compiler/cpp/field_generators/enum_field.cc:20:
2026-10-07T04:17:02.2493261Z bazel-out/k8-opt-exec-ST-d57f47055a04/bin/external/protobuf+/src/google/protobuf/compiler/cpp/_virtual_includes/names_internal/google/protobuf/compiler/cpp/helpers.h: In function 'bool google::protobuf::compiler::cpp::IsWeak(const google::protobuf::FieldDescriptor*, const Options&)':
2026-10-07T04:17:02.2508492Z bazel-out/k8-opt-exec-ST-d57f47055a04/bin/external/protobuf+/src/google/protobuf/compiler/cpp/_virtual_includes/names_internal/google/protobuf/compiler/cpp/helpers.h:347:28: warning: 'bool google::protobuf::FieldOptions::weak() const' is deprecated [-Wdeprecated-declarations]
2026-10-07T04:17:02.2510073Z   347 |   if (field->options().weak()) {
2026-10-07T04:17:02.2510430Z       |       ~~~~~~~~~~~~~~~~~~~~~^~
2026-10-07T04:17:02.2511230Z In file included from bazel-out/k8-opt-exec-ST-d57f47055a04/bin/external/protobuf+/src/google/protobuf/compiler/_virtual_includes/code_generator_lite/google/protobuf/compiler/code_generator_lite.h:18,
2026-10-07T04:17:02.2512810Z                  from bazel-out/k8-opt-exec-ST-d57f47055a04/bin/external/protobuf+/src/google/protobuf/compiler/_virtual_includes/code_generator/google/protobuf/compiler/code_generator.h:25,
2026-10-07T04:17:02.2514131Z                  from bazel-out/k8-opt-exec-ST-d57f47055a04/bin/external/protobuf+/src/google/protobuf/compiler/cpp/_virtual_includes/names_internal/google/protobuf/compiler/cpp/helpers.h:29:
2026-10-07T04:17:02.2515465Z bazel-out/k8-opt-exec-ST-d57f47055a04/bin/external/protobuf+/src/google/protobuf/_virtual_includes/protobuf/google/protobuf/descriptor.pb.h:18861:13: note: declared here
2026-10-07T04:17:02.2516194Z 18861 | inline bool FieldOptions::weak() const {
2026-10-07T04:17:02.2516530Z       |             ^~~~~~~~~~~~
2026-10-07T04:17:02.7182840Z [833 / 944] Compiling src/google/protobuf/compiler/cpp/message.cc [for tool]; 4s processwrapper-sandbox ... (4 actions, 3 running)
2026-10-07T04:17:03.5902813Z INFO: From Compiling src/google/protobuf/message.cc [for tool]:
2026-10-07T04:17:03.5903304Z In file included from external/protobuf+/src/google/protobuf/message.cc:40:
2026-10-07T04:17:03.5963184Z bazel-out/k8-opt-exec-ST-d57f47055a04/bin/external/protobuf+/src/google/protobuf/_virtual_includes/protobuf/google/protobuf/map_field.h: In constructor 'google::protobuf::internal::MapFieldBase::ReflectionPayload::ReflectionPayload(google::protobuf::Arena*, const google::protobuf::Message*)':
2026-10-07T04:17:03.5993292Z bazel-out/k8-opt-exec-ST-d57f47055a04/bin/external/protobuf+/src/google/protobuf/_virtual_includes/protobuf/google/protobuf/map_field.h:416:11: warning: 'google::protobuf::RepeatedPtrField<T>::RepeatedPtrField(google::protobuf::Arena*) [with Element = google::protobuf::Message]' is deprecated: Use Arena::Create<RepeatedPtrField<...>>(Arena*) instead [-Wdeprecated-declarations]
2026-10-07T04:17:03.5994537Z   416 |         : repeated_field_(arena), prototype_(prototype) {}
2026-10-07T04:17:03.6002274Z       |           ^~~~~~~~~~~~~~~~~~~~~~
2026-10-07T04:17:03.6003286Z In file included from bazel-out/k8-opt-exec-ST-d57f47055a04/bin/external/protobuf+/src/google/protobuf/_virtual_includes/protobuf_lite/google/protobuf/repeated_field.h:46,
2026-10-07T04:17:03.6004389Z                  from bazel-out/k8-opt-exec-ST-d57f47055a04/bin/external/protobuf+/src/google/protobuf/_virtual_includes/protobuf_lite/google/protobuf/parse_context.h:39,
2026-10-07T04:17:03.6005449Z                  from bazel-out/k8-opt-exec-ST-d57f47055a04/bin/external/protobuf+/src/google/protobuf/_virtual_includes/protobuf_lite/google/protobuf/generated_message_tctable_decl.h:25,
2026-10-07T04:17:03.6006539Z                  from bazel-out/k8-opt-exec-ST-d57f47055a04/bin/external/protobuf+/src/google/protobuf/_virtual_includes/protobuf_lite/google/protobuf/extension_set.h:40,
2026-10-07T04:17:03.6007508Z                  from bazel-out/k8-opt-exec-ST-d57f47055a04/bin/external/protobuf+/src/google/protobuf/_virtual_includes/protobuf/google/protobuf/descriptor.h:56,
2026-10-07T04:17:03.6008490Z                  from bazel-out/k8-opt-exec-ST-d57f47055a04/bin/external/protobuf+/src/google/protobuf/_virtual_includes/protobuf/google/protobuf/message.h:112,
2026-10-07T04:17:03.6009193Z                  from external/protobuf+/src/google/protobuf/message.cc:12:
2026-10-07T04:17:03.6010002Z bazel-out/k8-opt-exec-ST-d57f47055a04/bin/external/protobuf+/src/google/protobuf/_virtual_includes/protobuf_lite/google/protobuf/repeated_ptr_field.h:1380:8: note: declared here
2026-10-07T04:17:03.6010805Z  1380 | inline RepeatedPtrField<Element>::RepeatedPtrField(Arena* arena)
2026-10-07T04:17:03.6011230Z       |        ^~~~~~~~~~~~~~~~~~~~~~~~~
2026-10-07T04:17:04.0582953Z [835 / 944] Compiling src/google/protobuf/compiler/cpp/message.cc [for tool]; 5s processwrapper-sandbox ... (4 actions running)
2026-10-07T04:17:05.7272814Z INFO: From Compiling src/google/protobuf/reflection_ops.cc [for tool]:
2026-10-07T04:17:05.7331220Z In file included from external/protobuf+/src/google/protobuf/reflection_ops.cc:22:
2026-10-07T04:17:05.7393411Z bazel-out/k8-opt-exec-ST-d57f47055a04/bin/external/protobuf+/src/google/protobuf/_virtual_includes/protobuf/google/protobuf/map_field.h: In constructor 'google::protobuf::internal::MapFieldBase::ReflectionPayload::ReflectionPayload(google::protobuf::Arena*, const google::protobuf::Message*)':
2026-10-07T04:17:05.7413420Z bazel-out/k8-opt-exec-ST-d57f47055a04/bin/external/protobuf+/src/google/protobuf/_virtual_includes/protobuf/google/protobuf/map_field.h:416:11: warning: 'google::protobuf::RepeatedPtrField<T>::RepeatedPtrField(google::protobuf::Arena*) [with Element = google::protobuf::Message]' is deprecated: Use Arena::Create<RepeatedPtrField<...>>(Arena*) instead [-Wdeprecated-declarations]
2026-10-07T04:17:05.7452087Z   416 |         : repeated_field_(arena), prototype_(prototype) {}
2026-10-07T04:17:05.7480755Z       |           ^~~~~~~~~~~~~~~~~~~~~~
2026-10-07T04:17:05.7481523Z In file included from bazel-out/k8-opt-exec-ST-d57f47055a04/bin/external/protobuf+/src/google/protobuf/_virtual_includes/protobuf_lite/google/protobuf/repeated_field.h:46,
2026-10-07T04:17:05.7482769Z                  from bazel-out/k8-opt-exec-ST-d57f47055a04/bin/external/protobuf+/src/google/protobuf/_virtual_includes/protobuf_lite/google/protobuf/parse_context.h:39,
2026-10-07T04:17:05.7485146Z                  from bazel-out/k8-opt-exec-ST-d57f47055a04/bin/external/protobuf+/src/google/protobuf/_virtual_includes/protobuf_lite/google/protobuf/generated_message_tctable_decl.h:25,
2026-10-07T04:17:05.7486244Z                  from bazel-out/k8-opt-exec-ST-d57f47055a04/bin/external/protobuf+/src/google/protobuf/_virtual_includes/protobuf_lite/google/protobuf/extension_set.h:40,
2026-10-07T04:17:05.7487369Z                  from bazel-out/k8-opt-exec-ST-d57f47055a04/bin/external/protobuf+/src/google/protobuf/_virtual_includes/protobuf/google/protobuf/descriptor.h:56,
2026-10-07T04:17:05.7488445Z                  from bazel-out/k8-opt-exec-ST-d57f47055a04/bin/external/protobuf+/src/google/protobuf/_virtual_includes/protobuf/google/protobuf/message.h:112,
2026-10-07T04:17:05.7489474Z                  from bazel-out/k8-opt-exec-ST-d57f47055a04/bin/external/protobuf+/src/google/protobuf/_virtual_includes/protobuf/google/protobuf/reflection_ops.h:18,
2026-10-07T04:17:05.7490262Z                  from external/protobuf+/src/google/protobuf/reflection_ops.cc:11:
2026-10-07T04:17:05.7491118Z bazel-out/k8-opt-exec-ST-d57f47055a04/bin/external/protobuf+/src/google/protobuf/_virtual_includes/protobuf_lite/google/protobuf/repeated_ptr_field.h:1380:8: note: declared here
2026-10-07T04:17:05.7492190Z  1380 | inline RepeatedPtrField<Element>::RepeatedPtrField(Arena* arena)
2026-10-07T04:17:05.7492643Z       |        ^~~~~~~~~~~~~~~~~~~~~~~~~
2026-10-07T04:17:05.7493284Z [836 / 944] Compiling src/google/protobuf/compiler/cpp/message.cc [for tool]; 7s processwrapper-sandbox ... (4 actions, 3 running)
2026-10-07T04:17:06.2536564Z INFO: From Compiling src/google/protobuf/compiler/cpp/field_generators/map_field.cc [for tool]:
2026-10-07T04:17:06.2562736Z In file included from bazel-out/k8-opt-exec-ST-d57f47055a04/bin/external/protobuf+/src/google/protobuf/compiler/cpp/_virtual_includes/cpp/google/protobuf/compiler/cpp/field.h:26,
2026-10-07T04:17:06.2582621Z                  from external/protobuf+/src/google/protobuf/compiler/cpp/field_generators/map_field.cc:19:
2026-10-07T04:17:06.2622876Z bazel-out/k8-opt-exec-ST-d57f47055a04/bin/external/protobuf+/src/google/protobuf/compiler/cpp/_virtual_includes/names_internal/google/protobuf/compiler/cpp/helpers.h: In function 'bool google::protobuf::compiler::cpp::IsWeak(const google::protobuf::FieldDescriptor*, const Options&)':
2026-10-07T04:17:06.2652875Z bazel-out/k8-opt-exec-ST-d57f47055a04/bin/external/protobuf+/src/google/protobuf/compiler/cpp/_virtual_includes/names_internal/google/protobuf/compiler/cpp/helpers.h:347:28: warning: 'bool google::protobuf::FieldOptions::weak() const' is deprecated [-Wdeprecated-declarations]
2026-10-07T04:17:06.2662280Z   347 |   if (field->options().weak()) {
2026-10-07T04:17:06.2662696Z       |       ~~~~~~~~~~~~~~~~~~~~~^~
2026-10-07T04:17:06.2663535Z In file included from bazel-out/k8-opt-exec-ST-d57f47055a04/bin/external/protobuf+/src/google/protobuf/compiler/_virtual_includes/code_generator_lite/google/protobuf/compiler/code_generator_lite.h:18,
2026-10-07T04:17:06.2664751Z                  from bazel-out/k8-opt-exec-ST-d57f47055a04/bin/external/protobuf+/src/google/protobuf/compiler/_virtual_includes/code_generator/google/protobuf/compiler/code_generator.h:25,
2026-10-07T04:17:06.2666193Z                  from bazel-out/k8-opt-exec-ST-d57f47055a04/bin/external/protobuf+/src/google/protobuf/compiler/cpp/_virtual_includes/names_internal/google/protobuf/compiler/cpp/helpers.h:29:
2026-10-07T04:17:06.2667365Z bazel-out/k8-opt-exec-ST-d57f47055a04/bin/external/protobuf+/src/google/protobuf/_virtual_includes/protobuf/google/protobuf/descriptor.pb.h:18861:13: note: declared here
2026-10-07T04:17:06.2668141Z 18861 | inline bool FieldOptions::weak() const {
2026-10-07T04:17:06.2668463Z       |             ^~~~~~~~~~~~
2026-10-07T04:17:07.0583094Z [838 / 944] Compiling src/google/protobuf/compiler/cpp/message.cc [for tool]; 8s processwrapper-sandbox ... (4 actions running)
2026-10-07T04:17:09.9271959Z INFO: From Compiling src/google/protobuf/generated_message_reflection.cc:
2026-10-07T04:17:09.9303283Z In file included from external/protobuf+/src/google/protobuf/generated_message_reflection.cc:51:
2026-10-07T04:17:09.9319335Z bazel-out/k8-opt/bin/external/protobuf+/src/google/protobuf/_virtual_includes/protobuf/google/protobuf/map_field.h: In constructor 'google::protobuf::internal::MapFieldBase::ReflectionPayload::ReflectionPayload(google::protobuf::Arena*, const google::protobuf::Message*)':
2026-10-07T04:17:09.9343116Z bazel-out/k8-opt/bin/external/protobuf+/src/google/protobuf/_virtual_includes/protobuf/google/protobuf/map_field.h:416:11: warning: 'google::protobuf::RepeatedPtrField<T>::RepeatedPtrField(google::protobuf::Arena*) [with Element = google::protobuf::Message]' is deprecated: Use Arena::Create<RepeatedPtrField<...>>(Arena*) instead [-Wdeprecated-declarations]
2026-10-07T04:17:09.9372223Z   416 |         : repeated_field_(arena), prototype_(prototype) {}
2026-10-07T04:17:09.9402616Z       |           ^~~~~~~~~~~~~~~~~~~~~~
2026-10-07T04:17:09.9425770Z In file included from bazel-out/k8-opt/bin/external/protobuf+/src/google/protobuf/_virtual_includes/protobuf_lite/google/protobuf/repeated_field.h:46,
2026-10-07T04:17:09.9452395Z                  from bazel-out/k8-opt/bin/external/protobuf+/src/google/protobuf/_virtual_includes/protobuf_lite/google/protobuf/parse_context.h:39,
2026-10-07T04:17:09.9472426Z                  from bazel-out/k8-opt/bin/external/protobuf+/src/google/protobuf/_virtual_includes/protobuf_lite/google/protobuf/generated_message_tctable_decl.h:25,
2026-10-07T04:17:09.9482362Z                  from bazel-out/k8-opt/bin/external/protobuf+/src/google/protobuf/_virtual_includes/protobuf_lite/google/protobuf/extension_set.h:40,
2026-10-07T04:17:09.9512231Z                  from bazel-out/k8-opt/bin/external/protobuf+/src/google/protobuf/_virtual_includes/protobuf/google/protobuf/descriptor.h:56,
2026-10-07T04:17:09.9543048Z                  from bazel-out/k8-opt/bin/external/protobuf+/src/google/protobuf/_virtual_includes/protobuf/google/protobuf/generated_message_reflection.h:26,
2026-10-07T04:17:09.9572184Z                  from external/protobuf+/src/google/protobuf/generated_message_reflection.cc:12:
2026-10-07T04:17:09.9573186Z bazel-out/k8-opt/bin/external/protobuf+/src/google/protobuf/_virtual_includes/protobuf_lite/google/protobuf/repeated_ptr_field.h:1380:8: note: declared here
2026-10-07T04:17:09.9602247Z  1380 | inline RepeatedPtrField<Element>::RepeatedPtrField(Arena* arena)
2026-10-07T04:17:09.9631954Z       |        ^~~~~~~~~~~~~~~~~~~~~~~~~
2026-10-07T04:17:09.9645386Z external/protobuf+/src/google/protobuf/generated_message_reflection.cc: In member function 'const google::protobuf::Message* google::protobuf::Reflection::GetDefaultMessageInstance(const google::protobuf::FieldDescriptor*) const':
2026-10-07T04:17:09.9663027Z external/protobuf+/src/google/protobuf/generated_message_reflection.cc:2526:55: warning: 'bool google::protobuf::FieldOptions::weak() const' is deprecated [-Wdeprecated-declarations]
2026-10-07T04:17:09.9692191Z  2526 |   if (!field->is_extension() && !field->options().weak() &&
2026-10-07T04:17:09.9721939Z       |                                  ~~~~~~~~~~~~~~~~~~~~~^~
2026-10-07T04:17:09.9752437Z In file included from external/protobuf+/src/google/protobuf/generated_message_reflection.cc:41:
2026-10-07T04:17:09.9753391Z bazel-out/k8-opt/bin/external/protobuf+/src/google/protobuf/_virtual_includes/protobuf/google/protobuf/descriptor.pb.h:18861:13: note: declared here
2026-10-07T04:17:09.9782151Z 18861 | inline bool FieldOptions::weak() const {
2026-10-07T04:17:09.9811920Z       |             ^~~~~~~~~~~~
2026-10-07T04:17:09.9812493Z In file included from external/abseil-cpp+/absl/log/internal/check_impl.h:20,
2026-10-07T04:17:09.9842128Z                  from external/abseil-cpp+/absl/log/absl_check.h:38,
2026-10-07T04:17:09.9872333Z                  from bazel-out/k8-opt/bin/external/protobuf+/src/google/protobuf/_virtual_includes/protobuf/google/protobuf/generated_message_reflection.h:25:
2026-10-07T04:17:09.9902462Z external/protobuf+/src/google/protobuf/generated_message_reflection.cc: In member function 'bool google::protobuf::Reflection::HasFieldWithHasbits(const google::protobuf::Message&, const google::protobuf::FieldDescriptor*) const':
2026-10-07T04:17:09.9903990Z external/protobuf+/src/google/protobuf/generated_message_reflection.cc:3290:37: warning: 'bool google::protobuf::FieldOptions::weak() const' is deprecated [-Wdeprecated-declarations]
2026-10-07T04:17:09.9932101Z  3290 |   ABSL_DCHECK(!field->options().weak());
2026-10-07T04:17:09.9961958Z       |                ~~~~~~~~~~~~~~~~~~~~~^~
2026-10-07T04:17:09.9990317Z external/abseil-cpp+/absl/log/internal/conditions.h:68:7: note: in definition of macro 'ABSL_LOG_INTERNAL_STATELESS_CONDITION'
2026-10-07T04:17:09.9991073Z    68 |     !(condition) ? (void)0 : ::absl::log_internal::Voidify() &&
2026-10-07T04:17:09.9991525Z       |       ^~~~~~~~~
2026-10-07T04:17:09.9992394Z external/abseil-cpp+/absl/log/internal/check_impl.h:26:3: note: in expansion of macro 'ABSL_LOG_INTERNAL_CONDITION_FATAL'
2026-10-07T04:17:09.9993080Z    26 |   ABSL_LOG_INTERNAL_CONDITION_FATAL(STATELESS,                        \
2026-10-07T04:17:09.9993544Z       |   ^~~~~~~~~~~~~~~~~~~~~~~~~~~~~~~~~
2026-10-07T04:17:09.9994116Z external/abseil-cpp+/absl/log/internal/check_impl.h:27:37: note: in expansion of macro 'ABSL_PREDICT_FALSE'
2026-10-07T04:17:09.9994740Z    27 |                                     ABSL_PREDICT_FALSE(!(condition))) \
2026-10-07T04:17:09.9995178Z       |                                     ^~~~~~~~~~~~~~~~~~
2026-10-07T04:17:09.9995787Z external/abseil-cpp+/absl/log/internal/check_impl.h:43:3: note: in expansion of macro 'ABSL_LOG_INTERNAL_CHECK_IMPL'
2026-10-07T04:17:09.9996441Z    43 |   ABSL_LOG_INTERNAL_CHECK_IMPL(true || (condition), "true")
2026-10-07T04:17:09.9996871Z       |   ^~~~~~~~~~~~~~~~~~~~~~~~~~~~
2026-10-07T04:17:09.9997421Z external/abseil-cpp+/absl/log/absl_check.h:47:3: note: in expansion of macro 'ABSL_LOG_INTERNAL_DCHECK_IMPL'
2026-10-07T04:17:09.9998039Z    47 |   ABSL_LOG_INTERNAL_DCHECK_IMPL((condition), #condition)
2026-10-07T04:17:09.9998469Z       |   ^~~~~~~~~~~~~~~~~~~~~~~~~~~~~
2026-10-07T04:17:09.9999092Z external/protobuf+/src/google/protobuf/generated_message_reflection.cc:3290:3: note: in expansion of macro 'ABSL_DCHECK'
2026-10-07T04:17:09.9999745Z  3290 |   ABSL_DCHECK(!field->options().weak());
2026-10-07T04:17:10.0000485Z       |   ^~~~~~~~~~~
2026-10-07T04:17:10.0001151Z bazel-out/k8-opt/bin/external/protobuf+/src/google/protobuf/_virtual_includes/protobuf/google/protobuf/descriptor.pb.h:18861:13: note: declared here
2026-10-07T04:17:10.0002025Z 18861 | inline bool FieldOptions::weak() const {
2026-10-07T04:17:10.0002417Z       |             ^~~~~~~~~~~~
2026-10-07T04:17:10.0003307Z external/protobuf+/src/google/protobuf/generated_message_reflection.cc: In member function 'void google::protobuf::Reflection::SetHasBit(google::protobuf::Message*, const google::protobuf::FieldDescriptor*) const':
2026-10-07T04:17:10.0004658Z external/protobuf+/src/google/protobuf/generated_message_reflection.cc:3323:37: warning: 'bool google::protobuf::FieldOptions::weak() const' is deprecated [-Wdeprecated-declarations]
2026-10-07T04:17:10.0005639Z  3323 |   ABSL_DCHECK(!field->options().weak());
2026-10-07T04:17:10.0006037Z       |                ~~~~~~~~~~~~~~~~~~~~~^~
2026-10-07T04:17:10.0006653Z external/abseil-cpp+/absl/log/internal/conditions.h:68:7: note: in definition of macro 'ABSL_LOG_INTERNAL_STATELESS_CONDITION'
2026-10-07T04:17:10.0007326Z    68 |     !(condition) ? (void)0 : ::absl::log_internal::Voidify() &&
2026-10-07T04:17:10.0007750Z       |       ^~~~~~~~~
2026-10-07T04:17:10.0008294Z external/abseil-cpp+/absl/log/internal/check_impl.h:26:3: note: in expansion of macro 'ABSL_LOG_INTERNAL_CONDITION_FATAL'
2026-10-07T04:17:10.0008964Z    26 |   ABSL_LOG_INTERNAL_CONDITION_FATAL(STATELESS,                        \
2026-10-07T04:17:10.0009421Z       |   ^~~~~~~~~~~~~~~~~~~~~~~~~~~~~~~~~
2026-10-07T04:17:10.0009974Z external/abseil-cpp+/absl/log/internal/check_impl.h:27:37: note: in expansion of macro 'ABSL_PREDICT_FALSE'
2026-10-07T04:17:10.0010578Z    27 |                                     ABSL_PREDICT_FALSE(!(condition))) \
2026-10-07T04:17:10.0011010Z       |                                     ^~~~~~~~~~~~~~~~~~
2026-10-07T04:17:10.0011724Z external/abseil-cpp+/absl/log/internal/check_impl.h:43:3: note: in expansion of macro 'ABSL_LOG_INTERNAL_CHECK_IMPL'
2026-10-07T04:17:10.0012583Z    43 |   ABSL_LOG_INTERNAL_CHECK_IMPL(true || (condition), "true")
2026-10-07T04:17:10.0013057Z       |   ^~~~~~~~~~~~~~~~~~~~~~~~~~~~
2026-10-07T04:17:10.0013613Z external/abseil-cpp+/absl/log/absl_check.h:47:3: note: in expansion of macro 'ABSL_LOG_INTERNAL_DCHECK_IMPL'
2026-10-07T04:17:10.0014229Z    47 |   ABSL_LOG_INTERNAL_DCHECK_IMPL((condition), #condition)
2026-10-07T04:17:10.0014643Z       |   ^~~~~~~~~~~~~~~~~~~~~~~~~~~~~
2026-10-07T04:17:10.0015229Z external/protobuf+/src/google/protobuf/generated_message_reflection.cc:3323:3: note: in expansion of macro 'ABSL_DCHECK'
2026-10-07T04:17:10.0015856Z  3323 |   ABSL_DCHECK(!field->options().weak());
2026-10-07T04:17:10.0016232Z       |   ^~~~~~~~~~~
2026-10-07T04:17:10.0016879Z bazel-out/k8-opt/bin/external/protobuf+/src/google/protobuf/_virtual_includes/protobuf/google/protobuf/descriptor.pb.h:18861:13: note: declared here
2026-10-07T04:17:10.0017607Z 18861 | inline bool FieldOptions::weak() const {
2026-10-07T04:17:10.0017982Z       |             ^~~~~~~~~~~~
2026-10-07T04:17:10.0018861Z external/protobuf+/src/google/protobuf/generated_message_reflection.cc: In member function 'void google::protobuf::Reflection::ClearHasBit(google::protobuf::Message*, const google::protobuf::FieldDescriptor*) const':
2026-10-07T04:17:10.0020166Z external/protobuf+/src/google/protobuf/generated_message_reflection.cc:3332:37: warning: 'bool google::protobuf::FieldOptions::weak() const' is deprecated [-Wdeprecated-declarations]
2026-10-07T04:17:10.0020974Z  3332 |   ABSL_DCHECK(!field->options().weak());
2026-10-07T04:17:10.0021355Z       |                ~~~~~~~~~~~~~~~~~~~~~^~
2026-10-07T04:17:10.0022068Z external/abseil-cpp+/absl/log/internal/conditions.h:68:7: note: in definition of macro 'ABSL_LOG_INTERNAL_STATELESS_CONDITION'
2026-10-07T04:17:10.0022762Z    68 |     !(condition) ? (void)0 : ::absl::log_internal::Voidify() &&
2026-10-07T04:17:10.0023364Z       |       ^~~~~~~~~
2026-10-07T04:17:10.0023958Z external/abseil-cpp+/absl/log/internal/check_impl.h:26:3: note: in expansion of macro 'ABSL_LOG_INTERNAL_CONDITION_FATAL'
2026-10-07T04:17:10.0024638Z    26 |   ABSL_LOG_INTERNAL_CONDITION_FATAL(STATELESS,                        \
2026-10-07T04:17:10.0025084Z       |   ^~~~~~~~~~~~~~~~~~~~~~~~~~~~~~~~~
2026-10-07T04:17:10.0025623Z external/abseil-cpp+/absl/log/internal/check_impl.h:27:37: note: in expansion of macro 'ABSL_PREDICT_FALSE'
2026-10-07T04:17:10.0026220Z    27 |                                     ABSL_PREDICT_FALSE(!(condition))) \
2026-10-07T04:17:10.0026652Z       |                                     ^~~~~~~~~~~~~~~~~~
2026-10-07T04:17:10.0027239Z external/abseil-cpp+/absl/log/internal/check_impl.h:43:3: note: in expansion of macro 'ABSL_LOG_INTERNAL_CHECK_IMPL'
2026-10-07T04:17:10.0027989Z    43 |   ABSL_LOG_INTERNAL_CHECK_IMPL(true || (condition), "true")
2026-10-07T04:17:10.0028403Z       |   ^~~~~~~~~~~~~~~~~~~~~~~~~~~~
2026-10-07T04:17:10.0028941Z external/abseil-cpp+/absl/log/absl_check.h:47:3: note: in expansion of macro 'ABSL_LOG_INTERNAL_DCHECK_IMPL'
2026-10-07T04:17:10.0029546Z    47 |   ABSL_LOG_INTERNAL_DCHECK_IMPL((condition), #condition)
2026-10-07T04:17:10.0029956Z       |   ^~~~~~~~~~~~~~~~~~~~~~~~~~~~~
2026-10-07T04:17:10.0030542Z external/protobuf+/src/google/protobuf/generated_message_reflection.cc:3332:3: note: in expansion of macro 'ABSL_DCHECK'
2026-10-07T04:17:10.0031174Z  3332 |   ABSL_DCHECK(!field->options().weak());
2026-10-07T04:17:10.0031549Z       |   ^~~~~~~~~~~
2026-10-07T04:17:10.0032444Z bazel-out/k8-opt/bin/external/protobuf+/src/google/protobuf/_virtual_includes/protobuf/google/protobuf/descriptor.pb.h:18861:13: note: declared here
2026-10-07T04:17:10.0033173Z 18861 | inline bool FieldOptions::weak() const {
2026-10-07T04:17:10.0033609Z       |             ^~~~~~~~~~~~
2026-10-07T04:17:10.0034569Z external/protobuf+/src/google/protobuf/generated_message_reflection.cc: In member function 'void google::protobuf::Reflection::NaiveSwapHasBit(google::protobuf::Message*, google::protobuf::Message*, const google::protobuf::FieldDescriptor*) const':
2026-10-07T04:17:10.0036006Z external/protobuf+/src/google/protobuf/generated_message_reflection.cc:3341:37: warning: 'bool google::protobuf::FieldOptions::weak() const' is deprecated [-Wdeprecated-declarations]
2026-10-07T04:17:10.0036808Z  3341 |   ABSL_DCHECK(!field->options().weak());
2026-10-07T04:17:10.0037192Z       |                ~~~~~~~~~~~~~~~~~~~~~^~
2026-10-07T04:17:10.0037801Z external/abseil-cpp+/absl/log/internal/conditions.h:68:7: note: in definition of macro 'ABSL_LOG_INTERNAL_STATELESS_CONDITION'
2026-10-07T04:17:10.0038472Z    68 |     !(condition) ? (void)0 : ::absl::log_internal::Voidify() &&
2026-10-07T04:17:10.0038891Z       |       ^~~~~~~~~
2026-10-07T04:17:10.0039435Z external/abseil-cpp+/absl/log/internal/check_impl.h:26:3: note: in expansion of macro 'ABSL_LOG_INTERNAL_CONDITION_FATAL'
2026-10-07T04:17:10.0040108Z    26 |   ABSL_LOG_INTERNAL_CONDITION_FATAL(STATELESS,                        \
2026-10-07T04:17:10.0040564Z       |   ^~~~~~~~~~~~~~~~~~~~~~~~~~~~~~~~~
2026-10-07T04:17:10.0041107Z external/abseil-cpp+/absl/log/internal/check_impl.h:27:37: note: in expansion of macro 'ABSL_PREDICT_FALSE'
2026-10-07T04:17:10.0041781Z    27 |                                     ABSL_PREDICT_FALSE(!(condition))) \
2026-10-07T04:17:10.0042186Z       |                                     ^~~~~~~~~~~~~~~~~~
2026-10-07T04:17:10.0042750Z external/abseil-cpp+/absl/log/internal/check_impl.h:43:3: note: in expansion of macro 'ABSL_LOG_INTERNAL_CHECK_IMPL'
2026-10-07T04:17:10.0043362Z    43 |   ABSL_LOG_INTERNAL_CHECK_IMPL(true || (condition), "true")
2026-10-07T04:17:10.0043761Z       |   ^~~~~~~~~~~~~~~~~~~~~~~~~~~~
2026-10-07T04:17:10.0044270Z external/abseil-cpp+/absl/log/absl_check.h:47:3: note: in expansion of macro 'ABSL_LOG_INTERNAL_DCHECK_IMPL'
2026-10-07T04:17:10.0044851Z    47 |   ABSL_LOG_INTERNAL_DCHECK_IMPL((condition), #condition)
2026-10-07T04:17:10.0045374Z       |   ^~~~~~~~~~~~~~~~~~~~~~~~~~~~~
2026-10-07T04:17:10.0045951Z external/protobuf+/src/google/protobuf/generated_message_reflection.cc:3341:3: note: in expansion of macro 'ABSL_DCHECK'
2026-10-07T04:17:10.0046560Z  3341 |   ABSL_DCHECK(!field->options().weak());
2026-10-07T04:17:10.0046911Z       |   ^~~~~~~~~~~
2026-10-07T04:17:10.0047530Z bazel-out/k8-opt/bin/external/protobuf+/src/google/protobuf/_virtual_includes/protobuf/google/protobuf/descriptor.pb.h:18861:13: note: declared here
2026-10-07T04:17:10.0048239Z 18861 | inline bool FieldOptions::weak() const {
2026-10-07T04:17:10.0048597Z       |             ^~~~~~~~~~~~
2026-10-07T04:17:10.0051050Z bazel-out/k8-opt/bin/external/protobuf+/src/google/protobuf/_virtual_includes/protobuf/google/protobuf/reflection_visit_fields.h: In instantiation of 'static void google::protobuf::internal::ReflectionVisit::VisitFields(MessageT&, CallbackFn&&, google::protobuf::internal::FieldMask) [with MessageT = google::protobuf::Message; CallbackFn = google::protobuf::internal::ReflectionVisit::VisitMessageFields<google::protobuf::Reflection::MaybePoisonAfterClear(google::protobuf::Message&) const::<lambda(google::protobuf::Message&)> >(google::protobuf::Message&, google::protobuf::Reflection::MaybePoisonAfterClear(google::protobuf::Message&) const::<lambda(google::protobuf::Message&)>&&)::<lambda(auto:42)>]':
2026-10-07T04:17:10.0054631Z bazel-out/k8-opt/bin/external/protobuf+/src/google/protobuf/_virtual_includes/protobuf/google/protobuf/reflection_visit_fields.h:447:31:   required from 'static void google::protobuf::internal::ReflectionVisit::VisitMessageFields(google::protobuf::Message&, CallbackFn&&) [with CallbackFn = google::protobuf::Reflection::MaybePoisonAfterClear(google::protobuf::Message&) const::<lambda(google::protobuf::Message&)>]'
2026-10-07T04:17:10.0057223Z bazel-out/k8-opt/bin/external/protobuf+/src/google/protobuf/_virtual_includes/protobuf/google/protobuf/reflection_visit_fields.h:502:38:   required from 'void google::protobuf::internal::VisitMutableMessageFields(google::protobuf::Message&, CallbackFn&&) [with CallbackFn = google::protobuf::Reflection::MaybePoisonAfterClear(google::protobuf::Message&) const::<lambda(google::protobuf::Message&)>]'
2026-10-07T04:17:10.0058835Z external/protobuf+/src/google/protobuf/generated_message_reflection.cc:1390:40:   required from here
2026-10-07T04:17:10.0059962Z bazel-out/k8-opt/bin/external/protobuf+/src/google/protobuf/_virtual_includes/protobuf/google/protobuf/reflection_visit_fields.h:109:39: warning: 'bool google::protobuf::FieldOptions::weak() const' is deprecated [-Wdeprecated-declarations]
2026-10-07T04:17:10.0061012Z   109 |     ABSL_DCHECK(!field->options().weak()) << "weak fields are not supported";
2026-10-07T04:17:10.0061472Z       |                  ~~~~~~~~~~~~~~~~~~~~~^~
2026-10-07T04:17:10.0062208Z external/abseil-cpp+/absl/log/internal/conditions.h:68:7: note: in definition of macro 'ABSL_LOG_INTERNAL_STATELESS_CONDITION'
2026-10-07T04:17:10.0062938Z    68 |     !(condition) ? (void)0 : ::absl::log_internal::Voidify() &&
2026-10-07T04:17:10.0063502Z       |       ^~~~~~~~~
2026-10-07T04:17:10.0064038Z external/abseil-cpp+/absl/log/internal/check_impl.h:26:3: note: in expansion of macro 'ABSL_LOG_INTERNAL_CONDITION_FATAL'
2026-10-07T04:17:10.0064715Z    26 |   ABSL_LOG_INTERNAL_CONDITION_FATAL(STATELESS,                        \
2026-10-07T04:17:10.0065158Z       |   ^~~~~~~~~~~~~~~~~~~~~~~~~~~~~~~~~
2026-10-07T04:17:10.0065701Z external/abseil-cpp+/absl/log/internal/check_impl.h:27:37: note: in expansion of macro 'ABSL_PREDICT_FALSE'
2026-10-07T04:17:10.0066294Z    27 |                                     ABSL_PREDICT_FALSE(!(condition))) \
2026-10-07T04:17:10.0066712Z       |                                     ^~~~~~~~~~~~~~~~~~
2026-10-07T04:17:10.0067294Z external/abseil-cpp+/absl/log/internal/check_impl.h:43:3: note: in expansion of macro 'ABSL_LOG_INTERNAL_CHECK_IMPL'
2026-10-07T04:17:10.0067927Z    43 |   ABSL_LOG_INTERNAL_CHECK_IMPL(true || (condition), "true")
2026-10-07T04:17:10.0068482Z       |   ^~~~~~~~~~~~~~~~~~~~~~~~~~~~
2026-10-07T04:17:10.0068990Z external/abseil-cpp+/absl/log/absl_check.h:47:3: note: in expansion of macro 'ABSL_LOG_INTERNAL_DCHECK_IMPL'
2026-10-07T04:17:10.0069572Z    47 |   ABSL_LOG_INTERNAL_DCHECK_IMPL((condition), #condition)
2026-10-07T04:17:10.0069960Z       |   ^~~~~~~~~~~~~~~~~~~~~~~~~~~~~
2026-10-07T04:17:10.0070700Z bazel-out/k8-opt/bin/external/protobuf+/src/google/protobuf/_virtual_includes/protobuf/google/protobuf/reflection_visit_fields.h:109:5: note: in expansion of macro 'ABSL_DCHECK'
2026-10-07T04:17:10.0071567Z   109 |     ABSL_DCHECK(!field->options().weak()) << "weak fields are not supported";
2026-10-07T04:17:10.0072145Z       |     ^~~~~~~~~~~
2026-10-07T04:17:10.0072783Z bazel-out/k8-opt/bin/external/protobuf+/src/google/protobuf/_virtual_includes/protobuf/google/protobuf/descriptor.pb.h:18861:13: note: declared here
2026-10-07T04:17:10.0073679Z 18861 | inline bool FieldOptions::weak() const {
2026-10-07T04:17:10.0074054Z       |             ^~~~~~~~~~~~
2026-10-07T04:17:10.0074957Z bazel-out/k8-opt/bin/external/protobuf+/src/google/protobuf/_virtual_includes/protobuf/google/protobuf/reflection_visit_fields.h:109:39: warning: 'bool google::protobuf::FieldOptions::weak() const' is deprecated [-Wdeprecated-declarations]
2026-10-07T04:17:10.0075986Z   109 |     ABSL_DCHECK(!field->options().weak()) << "weak fields are not supported";
2026-10-07T04:17:10.0076441Z       |                  ~~~~~~~~~~~~~~~~~~~~~^~
2026-10-07T04:17:10.0077020Z external/abseil-cpp+/absl/log/internal/conditions.h:68:7: note: in definition of macro 'ABSL_LOG_INTERNAL_STATELESS_CONDITION'
2026-10-07T04:17:10.0077669Z    68 |     !(condition) ? (void)0 : ::absl::log_internal::Voidify() &&
2026-10-07T04:17:10.0078066Z       |       ^~~~~~~~~
2026-10-07T04:17:10.0078583Z external/abseil-cpp+/absl/log/internal/check_impl.h:26:3: note: in expansion of macro 'ABSL_LOG_INTERNAL_CONDITION_FATAL'
2026-10-07T04:17:10.0079243Z    26 |   ABSL_LOG_INTERNAL_CONDITION_FATAL(STATELESS,                        \
2026-10-07T04:17:10.0079674Z       |   ^~~~~~~~~~~~~~~~~~~~~~~~~~~~~~~~~
2026-10-07T04:17:10.0080196Z external/abseil-cpp+/absl/log/internal/check_impl.h:27:37: note: in expansion of macro 'ABSL_PREDICT_FALSE'
2026-10-07T04:17:10.0080768Z    27 |                                     ABSL_PREDICT_FALSE(!(condition))) \
2026-10-07T04:17:10.0081218Z       |                                     ^~~~~~~~~~~~~~~~~~
2026-10-07T04:17:10.0081910Z external/abseil-cpp+/absl/log/internal/check_impl.h:43:3: note: in expansion of macro 'ABSL_LOG_INTERNAL_CHECK_IMPL'
2026-10-07T04:17:10.0082521Z    43 |   ABSL_LOG_INTERNAL_CHECK_IMPL(true || (condition), "true")
2026-10-07T04:17:10.0082920Z       |   ^~~~~~~~~~~~~~~~~~~~~~~~~~~~
2026-10-07T04:17:10.0083421Z external/abseil-cpp+/absl/log/absl_check.h:47:3: note: in expansion of macro 'ABSL_LOG_INTERNAL_DCHECK_IMPL'
2026-10-07T04:17:10.0084005Z    47 |   ABSL_LOG_INTERNAL_DCHECK_IMPL((condition), #condition)
2026-10-07T04:17:10.0084407Z       |   ^~~~~~~~~~~~~~~~~~~~~~~~~~~~~
2026-10-07T04:17:10.0085153Z bazel-out/k8-opt/bin/external/protobuf+/src/google/protobuf/_virtual_includes/protobuf/google/protobuf/reflection_visit_fields.h:109:5: note: in expansion of macro 'ABSL_DCHECK'
2026-10-07T04:17:10.0086015Z   109 |     ABSL_DCHECK(!field->options().weak()) << "weak fields are not supported";
2026-10-07T04:17:10.0086461Z       |     ^~~~~~~~~~~
2026-10-07T04:17:10.0087082Z bazel-out/k8-opt/bin/external/protobuf+/src/google/protobuf/_virtual_includes/protobuf/google/protobuf/descriptor.pb.h:18861:13: note: declared here
2026-10-07T04:17:10.0087776Z 18861 | inline bool FieldOptions::weak() const {
2026-10-07T04:17:10.0088140Z       |             ^~~~~~~~~~~~
2026-10-07T04:17:10.0088721Z [839 / 944] Compiling src/google/protobuf/compiler/cpp/message.cc [for tool]; 11s processwrapper-sandbox ... (4 actions, 3 running)
2026-10-07T04:17:10.7144840Z INFO: From Compiling src/google/protobuf/compiler/cpp/field_generators/message_field.cc [for tool]:
2026-10-07T04:17:10.7170781Z In file included from bazel-out/k8-opt-exec-ST-d57f47055a04/bin/external/protobuf+/src/google/protobuf/compiler/cpp/_virtual_includes/cpp/google/protobuf/compiler/cpp/field.h:26,
2026-10-07T04:17:10.7192831Z                  from external/protobuf+/src/google/protobuf/compiler/cpp/field_generators/message_field.cc:21:
2026-10-07T04:17:10.7242837Z bazel-out/k8-opt-exec-ST-d57f47055a04/bin/external/protobuf+/src/google/protobuf/compiler/cpp/_virtual_includes/names_internal/google/protobuf/compiler/cpp/helpers.h: In function 'bool google::protobuf::compiler::cpp::IsWeak(const google::protobuf::FieldDescriptor*, const Options&)':
2026-10-07T04:17:10.7253190Z bazel-out/k8-opt-exec-ST-d57f47055a04/bin/external/protobuf+/src/google/protobuf/compiler/cpp/_virtual_includes/names_internal/google/protobuf/compiler/cpp/helpers.h:347:28: warning: 'bool google::protobuf::FieldOptions::weak() const' is deprecated [-Wdeprecated-declarations]
2026-10-07T04:17:10.7254301Z   347 |   if (field->options().weak()) {
2026-10-07T04:17:10.7254632Z       |       ~~~~~~~~~~~~~~~~~~~~~^~
2026-10-07T04:17:10.7255407Z In file included from bazel-out/k8-opt-exec-ST-d57f47055a04/bin/external/protobuf+/src/google/protobuf/compiler/_virtual_includes/code_generator_lite/google/protobuf/compiler/code_generator_lite.h:18,
2026-10-07T04:17:10.7256676Z                  from bazel-out/k8-opt-exec-ST-d57f47055a04/bin/external/protobuf+/src/google/protobuf/compiler/_virtual_includes/code_generator/google/protobuf/compiler/code_generator.h:25,
2026-10-07T04:17:10.7257837Z                  from bazel-out/k8-opt-exec-ST-d57f47055a04/bin/external/protobuf+/src/google/protobuf/compiler/cpp/_virtual_includes/names_internal/google/protobuf/compiler/cpp/helpers.h:29:
2026-10-07T04:17:10.7258939Z bazel-out/k8-opt-exec-ST-d57f47055a04/bin/external/protobuf+/src/google/protobuf/_virtual_includes/protobuf/google/protobuf/descriptor.pb.h:18861:13: note: declared here
2026-10-07T04:17:10.7259680Z 18861 | inline bool FieldOptions::weak() const {
2026-10-07T04:17:10.7260011Z       |             ^~~~~~~~~~~~
2026-10-07T04:17:11.0602809Z [840 / 944] Compiling src/google/protobuf/compiler/cpp/message.cc [for tool]; 12s processwrapper-sandbox ... (4 actions running)
2026-10-07T04:17:11.3928183Z INFO: From Compiling src/google/protobuf/compiler/cpp/message.cc [for tool]:
2026-10-07T04:17:11.3944444Z In file included from bazel-out/k8-opt-exec-ST-d57f47055a04/bin/external/protobuf+/src/google/protobuf/compiler/cpp/_virtual_includes/cpp/google/protobuf/compiler/cpp/extension.h:19,
2026-10-07T04:17:11.3970077Z                  from bazel-out/k8-opt-exec-ST-d57f47055a04/bin/external/protobuf+/src/google/protobuf/compiler/cpp/_virtual_includes/cpp/google/protobuf/compiler/cpp/message.h:25,
2026-10-07T04:17:11.3995045Z                  from external/protobuf+/src/google/protobuf/compiler/cpp/message.cc:12:
2026-10-07T04:17:11.4022979Z bazel-out/k8-opt-exec-ST-d57f47055a04/bin/external/protobuf+/src/google/protobuf/compiler/cpp/_virtual_includes/names_internal/google/protobuf/compiler/cpp/helpers.h: In function 'bool google::protobuf::compiler::cpp::IsWeak(const google::protobuf::FieldDescriptor*, const Options&)':
2026-10-07T04:17:11.4032979Z bazel-out/k8-opt-exec-ST-d57f47055a04/bin/external/protobuf+/src/google/protobuf/compiler/cpp/_virtual_includes/names_internal/google/protobuf/compiler/cpp/helpers.h:347:28: warning: 'bool google::protobuf::FieldOptions::weak() const' is deprecated [-Wdeprecated-declarations]
2026-10-07T04:17:11.4063025Z   347 |   if (field->options().weak()) {
2026-10-07T04:17:11.4074501Z       |       ~~~~~~~~~~~~~~~~~~~~~^~
2026-10-07T04:17:11.4075341Z In file included from bazel-out/k8-opt-exec-ST-d57f47055a04/bin/external/protobuf+/src/google/protobuf/compiler/_virtual_includes/code_generator_lite/google/protobuf/compiler/code_generator_lite.h:18,
2026-10-07T04:17:11.4076598Z                  from bazel-out/k8-opt-exec-ST-d57f47055a04/bin/external/protobuf+/src/google/protobuf/compiler/_virtual_includes/code_generator/google/protobuf/compiler/code_generator.h:25,
2026-10-07T04:17:11.4078048Z                  from bazel-out/k8-opt-exec-ST-d57f47055a04/bin/external/protobuf+/src/google/protobuf/compiler/cpp/_virtual_includes/names_internal/google/protobuf/compiler/cpp/helpers.h:29:
2026-10-07T04:17:11.4079210Z bazel-out/k8-opt-exec-ST-d57f47055a04/bin/external/protobuf+/src/google/protobuf/_virtual_includes/protobuf/google/protobuf/descriptor.pb.h:18861:13: note: declared here
2026-10-07T04:17:11.4080009Z 18861 | inline bool FieldOptions::weak() const {
2026-10-07T04:17:11.4080382Z       |             ^~~~~~~~~~~~
2026-10-07T04:17:11.4081398Z external/protobuf+/src/google/protobuf/compiler/cpp/message.cc: In function 'void google::protobuf::compiler::cpp::{anonymous}::PrintPresenceCheck(const google::protobuf::FieldDescriptor*, const std::vector<int>&, google::protobuf::io::Printer*, int*, const google::protobuf::compiler::cpp::Options&)':
2026-10-07T04:17:11.4083301Z external/protobuf+/src/google/protobuf/compiler/cpp/message.cc:176:29: warning: 'bool google::protobuf::FieldOptions::weak() const' is deprecated [-Wdeprecated-declarations]
2026-10-07T04:17:11.4084053Z   176 |   if (!field->options().weak()) {
2026-10-07T04:17:11.4084401Z       |        ~~~~~~~~~~~~~~~~~~~~~^~
2026-10-07T04:17:11.4085124Z bazel-out/k8-opt-exec-ST-d57f47055a04/bin/external/protobuf+/src/google/protobuf/_virtual_includes/protobuf/google/protobuf/descriptor.pb.h:18861:13: note: declared here
2026-10-07T04:17:11.4085878Z 18861 | inline bool FieldOptions::weak() const {
2026-10-07T04:17:11.4086239Z       |             ^~~~~~~~~~~~
2026-10-07T04:17:11.4087059Z external/protobuf+/src/google/protobuf/compiler/cpp/message.cc: In member function 'void google::protobuf::compiler::cpp::MessageGenerator::GenerateFieldAccessorDeclarations(google::protobuf::io::Printer*)':
2026-10-07T04:17:11.4088304Z external/protobuf+/src/google/protobuf/compiler/cpp/message.cc:775:66: warning: 'bool google::protobuf::FieldOptions::weak() const' is deprecated [-Wdeprecated-declarations]
2026-10-07T04:17:11.4089102Z   775 |     if (!field->real_containing_oneof() && !field->options().weak()) {
2026-10-07T04:17:11.4089560Z       |                                             ~~~~~~~~~~~~~~~~~~~~~^~
2026-10-07T04:17:11.4090322Z bazel-out/k8-opt-exec-ST-d57f47055a04/bin/external/protobuf+/src/google/protobuf/_virtual_includes/protobuf/google/protobuf/descriptor.pb.h:18861:13: note: declared here
2026-10-07T04:17:11.4091087Z 18861 | inline bool FieldOptions::weak() const {
2026-10-07T04:17:11.4091443Z       |             ^~~~~~~~~~~~
2026-10-07T04:17:11.4092507Z external/protobuf+/src/google/protobuf/compiler/cpp/message.cc: In member function 'void google::protobuf::compiler::cpp::MessageGenerator::GenerateSingularFieldHasBits(const google::protobuf::FieldDescriptor*, google::protobuf::io::Printer*)':
2026-10-07T04:17:11.4093840Z external/protobuf+/src/google/protobuf/compiler/cpp/message.cc:1140:28: warning: 'bool google::protobuf::FieldOptions::weak() const' is deprecated [-Wdeprecated-declarations]
2026-10-07T04:17:11.4094588Z  1140 |   if (field->options().weak()) {
2026-10-07T04:17:11.4094931Z       |       ~~~~~~~~~~~~~~~~~~~~~^~
2026-10-07T04:17:11.4095714Z bazel-out/k8-opt-exec-ST-d57f47055a04/bin/external/protobuf+/src/google/protobuf/_virtual_includes/protobuf/google/protobuf/descriptor.pb.h:18861:13: note: declared here
2026-10-07T04:17:11.4096479Z 18861 | inline bool FieldOptions::weak() const {
2026-10-07T04:17:11.4096841Z       |             ^~~~~~~~~~~~
2026-10-07T04:17:11.4097789Z external/protobuf+/src/google/protobuf/compiler/cpp/message.cc: In member function 'void google::protobuf::compiler::cpp::MessageGenerator::MaybeEmitUpdateCachedHasbits(const google::protobuf::FieldDescriptor*, google::protobuf::io::Printer*, int&) const':
2026-10-07T04:17:11.4099177Z external/protobuf+/src/google/protobuf/compiler/cpp/message.cc:1396:59: warning: 'bool google::protobuf::FieldOptions::weak() const' is deprecated [-Wdeprecated-declarations]
2026-10-07T04:17:11.4100003Z  1396 |   if (!HasHasbit(field, options_) || field->options().weak()) return;
2026-10-07T04:17:11.4100664Z       |                                      ~~~~~~~~~~~~~~~~~~~~~^~
2026-10-07T04:17:11.4101392Z bazel-out/k8-opt-exec-ST-d57f47055a04/bin/external/protobuf+/src/google/protobuf/_virtual_includes/protobuf/google/protobuf/descriptor.pb.h:18861:13: note: declared here
2026-10-07T04:17:11.4102293Z 18861 | inline bool FieldOptions::weak() const {
2026-10-07T04:17:11.4102655Z       |             ^~~~~~~~~~~~
2026-10-07T04:17:11.4103104Z external/protobuf+/src/google/protobuf/compiler/cpp/message.cc: In lambda function:
2026-10-07T04:17:11.4103953Z external/protobuf+/src/google/protobuf/compiler/cpp/message.cc:2184:64: warning: 'bool google::protobuf::FieldOptions::weak() const' is deprecated [-Wdeprecated-declarations]
2026-10-07T04:17:11.4104750Z  2184 |             if (!field->is_repeated() && !field->options().weak() &&
2026-10-07T04:17:11.4105364Z       |                                           ~~~~~~~~~~~~~~~~~~~~~^~
2026-10-07T04:17:11.4106129Z bazel-out/k8-opt-exec-ST-d57f47055a04/bin/external/protobuf+/src/google/protobuf/_virtual_includes/protobuf/google/protobuf/descriptor.pb.h:18861:13: note: declared here
2026-10-07T04:17:11.4106879Z 18861 | inline bool FieldOptions::weak() const {
2026-10-07T04:17:11.4107234Z       |             ^~~~~~~~~~~~
2026-10-07T04:17:11.4107979Z external/protobuf+/src/google/protobuf/compiler/cpp/message.cc: In member function 'size_t google::protobuf::compiler::cpp::MessageGenerator::GenerateOffsets(google::protobuf::io::Printer*)':
2026-10-07T04:17:11.4109123Z external/protobuf+/src/google/protobuf/compiler/cpp/message.cc:2717:30: warning: 'bool google::protobuf::FieldOptions::weak() const' is deprecated [-Wdeprecated-declarations]
2026-10-07T04:17:11.4109869Z  2717 |     if (field->options().weak()) {
2026-10-07T04:17:11.4110222Z       |         ~~~~~~~~~~~~~~~~~~~~~^~
2026-10-07T04:17:11.4110947Z bazel-out/k8-opt-exec-ST-d57f47055a04/bin/external/protobuf+/src/google/protobuf/_virtual_includes/protobuf/google/protobuf/descriptor.pb.h:18861:13: note: declared here
2026-10-07T04:17:11.4112238Z 18861 | inline bool FieldOptions::weak() const {
2026-10-07T04:17:11.4112613Z       |             ^~~~~~~~~~~~
2026-10-07T04:17:11.4113057Z external/protobuf+/src/google/protobuf/compiler/cpp/message.cc: In lambda function:
2026-10-07T04:17:11.4113985Z external/protobuf+/src/google/protobuf/compiler/cpp/message.cc:4372:39: warning: 'bool google::protobuf::FieldOptions::weak() const' is deprecated [-Wdeprecated-declarations]
2026-10-07T04:17:11.4114734Z  4372 |       } else if (field->options().weak() ||
2026-10-07T04:17:11.4115102Z       |                  ~~~~~~~~~~~~~~~~~~~~~^~
2026-10-07T04:17:11.4115821Z bazel-out/k8-opt-exec-ST-d57f47055a04/bin/external/protobuf+/src/google/protobuf/_virtual_includes/protobuf/google/protobuf/descriptor.pb.h:18861:13: note: declared here
2026-10-07T04:17:11.4116589Z 18861 | inline bool FieldOptions::weak() const {
2026-10-07T04:17:11.4116944Z       |             ^~~~~~~~~~~~
2026-10-07T04:17:11.4117862Z external/protobuf+/src/google/protobuf/compiler/cpp/message.cc: In member function 'void google::protobuf::compiler::cpp::MessageGenerator::GenerateSerializeOneField(google::protobuf::io::Printer*, const google::protobuf::FieldDescriptor*, int)':
2026-10-07T04:17:11.4119205Z external/protobuf+/src/google/protobuf/compiler/cpp/message.cc:4722:28: warning: 'bool google::protobuf::FieldOptions::weak() const' is deprecated [-Wdeprecated-declarations]
2026-10-07T04:17:11.4119958Z  4722 |   if (field->options().weak()) {
2026-10-07T04:17:11.4120309Z       |       ~~~~~~~~~~~~~~~~~~~~~^~
2026-10-07T04:17:11.4121025Z bazel-out/k8-opt-exec-ST-d57f47055a04/bin/external/protobuf+/src/google/protobuf/_virtual_includes/protobuf/google/protobuf/descriptor.pb.h:18861:13: note: declared here
2026-10-07T04:17:11.4121933Z 18861 | inline bool FieldOptions::weak() const {
2026-10-07T04:17:11.4122300Z       |             ^~~~~~~~~~~~
2026-10-07T04:17:11.4122744Z external/protobuf+/src/google/protobuf/compiler/cpp/message.cc: In lambda function:
2026-10-07T04:17:11.4123790Z external/protobuf+/src/google/protobuf/compiler/cpp/message.cc:5029:43: warning: 'bool google::protobuf::FieldOptions::weak() const' is deprecated [-Wdeprecated-declarations]
2026-10-07T04:17:11.4124562Z  5029 |                  if (field->options().weak()) {
2026-10-07T04:17:11.4124979Z       |                      ~~~~~~~~~~~~~~~~~~~~~^~
2026-10-07T04:17:11.4125713Z bazel-out/k8-opt-exec-ST-d57f47055a04/bin/external/protobuf+/src/google/protobuf/_virtual_includes/protobuf/google/protobuf/descriptor.pb.h:18861:13: note: declared here
2026-10-07T04:17:11.4126479Z 18861 | inline bool FieldOptions::weak() const {
2026-10-07T04:17:11.4126841Z       |             ^~~~~~~~~~~~
2026-10-07T04:17:11.4127950Z external/protobuf+/src/google/protobuf/compiler/cpp/message.cc: In member function 'void google::protobuf::compiler::cpp::MessageGenerator::EmitCheckAndSerializeField(const google::protobuf::FieldDescriptor*, google::protobuf::io::Printer*) const':
2026-10-07T04:17:11.4129333Z external/protobuf+/src/google/protobuf/compiler/cpp/message.cc:5572:28: warning: 'bool google::protobuf::FieldOptions::weak() const' is deprecated [-Wdeprecated-declarations]
2026-10-07T04:17:11.4130086Z  5572 |   if (field->options().weak()) {
2026-10-07T04:17:11.4130427Z       |       ~~~~~~~~~~~~~~~~~~~~~^~
2026-10-07T04:17:11.4131118Z bazel-out/k8-opt-exec-ST-d57f47055a04/bin/external/protobuf+/src/google/protobuf/_virtual_includes/protobuf/google/protobuf/descriptor.pb.h:18861:13: note: declared here
2026-10-07T04:17:11.4131997Z 18861 | inline bool FieldOptions::weak() const {
2026-10-07T04:17:11.4132323Z       |             ^~~~~~~~~~~~
2026-10-07T04:17:11.4133335Z external/protobuf+/src/google/protobuf/compiler/cpp/message.cc: In instantiation of 'void google::protobuf::compiler::cpp::MessageGenerator::EmitCheckAndUpdateByteSizeForField(const google::protobuf::FieldDescriptor*, google::protobuf::io::Printer*) const [with bool kIsV2 = false]':
2026-10-07T04:17:11.4134494Z external/protobuf+/src/google/protobuf/compiler/cpp/message.cc:1418:62:   required from here
2026-10-07T04:17:11.4135359Z external/protobuf+/src/google/protobuf/compiler/cpp/message.cc:1363:28: warning: 'bool google::protobuf::FieldOptions::weak() const' is deprecated [-Wdeprecated-declarations]
2026-10-07T04:17:11.4136087Z  1363 |   if (field->options().weak()) {
2026-10-07T04:17:11.4136425Z       |       ~~~~~~~~~~~~~~~~~~~~~^~
2026-10-07T04:17:11.4137123Z bazel-out/k8-opt-exec-ST-d57f47055a04/bin/external/protobuf+/src/google/protobuf/_virtual_includes/protobuf/google/protobuf/descriptor.pb.h:18861:13: note: declared here
2026-10-07T04:17:11.4137867Z 18861 | inline bool FieldOptions::weak() const {
2026-10-07T04:17:11.4138222Z       |             ^~~~~~~~~~~~
2026-10-07T04:17:11.4138916Z external/protobuf+/src/google/protobuf/compiler/cpp/message.cc:1363:28: warning: 'bool google::protobuf::FieldOptions::weak() const' is deprecated [-Wdeprecated-declarations]
2026-10-07T04:17:11.4139665Z  1363 |   if (field->options().weak()) {
2026-10-07T04:17:11.4140003Z       |       ~~~~~~~~~~~~~~~~~~~~~^~
2026-10-07T04:17:11.4140685Z bazel-out/k8-opt-exec-ST-d57f47055a04/bin/external/protobuf+/src/google/protobuf/_virtual_includes/protobuf/google/protobuf/descriptor.pb.h:18861:13: note: declared here
2026-10-07T04:17:11.4141434Z 18861 | inline bool FieldOptions::weak() const {
2026-10-07T04:17:11.4141923Z       |             ^~~~~~~~~~~~
2026-10-07T04:17:11.5312698Z INFO: From Compiling src/google/protobuf/text_format.cc [for tool]:
2026-10-07T04:17:11.5342573Z In file included from external/protobuf+/src/google/protobuf/text_format.cc:54:
2026-10-07T04:17:11.5362916Z bazel-out/k8-opt-exec-ST-d57f47055a04/bin/external/protobuf+/src/google/protobuf/_virtual_includes/protobuf/google/protobuf/map_field.h: In constructor 'google::protobuf::internal::MapFieldBase::ReflectionPayload::ReflectionPayload(google::protobuf::Arena*, const google::protobuf::Message*)':
2026-10-07T04:17:11.5373075Z bazel-out/k8-opt-exec-ST-d57f47055a04/bin/external/protobuf+/src/google/protobuf/_virtual_includes/protobuf/google/protobuf/map_field.h:416:11: warning: 'google::protobuf::RepeatedPtrField<T>::RepeatedPtrField(google::protobuf::Arena*) [with Element = google::protobuf::Message]' is deprecated: Use Arena::Create<RepeatedPtrField<...>>(Arena*) instead [-Wdeprecated-declarations]
2026-10-07T04:17:11.5374697Z   416 |         : repeated_field_(arena), prototype_(prototype) {}
2026-10-07T04:17:11.5374997Z       |           ^~~~~~~~~~~~~~~~~~~~~~
2026-10-07T04:17:11.5375624Z In file included from bazel-out/k8-opt-exec-ST-d57f47055a04/bin/external/protobuf+/src/google/protobuf/_virtual_includes/protobuf_lite/google/protobuf/repeated_field.h:46,
2026-10-07T04:17:11.5376605Z                  from bazel-out/k8-opt-exec-ST-d57f47055a04/bin/external/protobuf+/src/google/protobuf/_virtual_includes/protobuf_lite/google/protobuf/parse_context.h:39,
2026-10-07T04:17:11.5377738Z                  from bazel-out/k8-opt-exec-ST-d57f47055a04/bin/external/protobuf+/src/google/protobuf/_virtual_includes/protobuf_lite/google/protobuf/generated_message_tctable_decl.h:25,
2026-10-07T04:17:11.5378795Z                  from bazel-out/k8-opt-exec-ST-d57f47055a04/bin/external/protobuf+/src/google/protobuf/_virtual_includes/protobuf_lite/google/protobuf/extension_set.h:40,
2026-10-07T04:17:11.5379733Z                  from bazel-out/k8-opt-exec-ST-d57f47055a04/bin/external/protobuf+/src/google/protobuf/_virtual_includes/protobuf/google/protobuf/descriptor.h:56,
2026-10-07T04:17:11.5380653Z                  from bazel-out/k8-opt-exec-ST-d57f47055a04/bin/external/protobuf+/src/google/protobuf/_virtual_includes/protobuf/google/protobuf/text_format.h:27,
2026-10-07T04:17:11.5381312Z                  from external/protobuf+/src/google/protobuf/text_format.cc:12:
2026-10-07T04:17:11.5382167Z bazel-out/k8-opt-exec-ST-d57f47055a04/bin/external/protobuf+/src/google/protobuf/_virtual_includes/protobuf_lite/google/protobuf/repeated_ptr_field.h:1380:8: note: declared here
2026-10-07T04:17:11.5382906Z  1380 | inline RepeatedPtrField<Element>::RepeatedPtrField(Arena* arena)
2026-10-07T04:17:11.5383208Z       |        ^~~~~~~~~~~~~~~~~~~~~~~~~
2026-10-07T04:17:11.5383776Z external/protobuf+/src/google/protobuf/text_format.cc: In member function 'bool google::protobuf::TextFormat::Parser::ParserImpl::ConsumeField(google::protobuf::Message*)':
2026-10-07T04:17:11.5384694Z external/protobuf+/src/google/protobuf/text_format.cc:663:54: warning: 'bool google::protobuf::FieldOptions::weak() const' is deprecated [-Wdeprecated-declarations]
2026-10-07T04:17:11.5385305Z   663 |       if (consumed_semicolon && field->options().weak() &&
2026-10-07T04:17:11.5385588Z       |                                 ~~~~~~~~~~~~~~~~~~~~~^~
2026-10-07T04:17:11.5385924Z In file included from external/protobuf+/src/google/protobuf/text_format.cc:46:
2026-10-07T04:17:11.5386629Z bazel-out/k8-opt-exec-ST-d57f47055a04/bin/external/protobuf+/src/google/protobuf/_virtual_includes/protobuf/google/protobuf/descriptor.pb.h:18861:13: note: declared here
2026-10-07T04:17:11.5387281Z 18861 | inline bool FieldOptions::weak() const {
2026-10-07T04:17:11.5387524Z       |             ^~~~~~~~~~~~
2026-10-07T04:17:12.0632862Z [843 / 944] Compiling src/google/protobuf/compiler/cpp/field_generators/primitive_field.cc [for tool]; 1s processwrapper-sandbox ... (4 actions running)
2026-10-07T04:17:13.1753684Z [845 / 944] Compiling src/google/protobuf/compiler/cpp/field_generators/primitive_field.cc [for tool]; 2s processwrapper-sandbox ... (4 actions, 3 running)
2026-10-07T04:17:13.7035654Z INFO: From Compiling src/google/protobuf/generated_message_tctable_gen.cc:
2026-10-07T04:17:13.7066879Z external/protobuf+/src/google/protobuf/generated_message_tctable_gen.cc: In function 'bool google::protobuf::internal::{anonymous}::HasWeakFields(const google::protobuf::Descriptor*)':
2026-10-07T04:17:13.7082703Z external/protobuf+/src/google/protobuf/generated_message_tctable_gen.cc:699:45: warning: 'bool google::protobuf::FieldOptions::weak() const' is deprecated [-Wdeprecated-declarations]
2026-10-07T04:17:13.7112225Z   699 |     if (descriptor->field(i)->options().weak()) {
2026-10-07T04:17:13.7123784Z       |         ~~~~~~~~~~~~~~~~~~~~~~~~~~~~~~~~~~~~^~
2026-10-07T04:17:13.7124585Z In file included from bazel-out/k8-opt/bin/external/protobuf+/src/google/protobuf/_virtual_includes/protobuf/google/protobuf/generated_message_tctable_gen.h:21,
2026-10-07T04:17:13.7125448Z                  from external/protobuf+/src/google/protobuf/generated_message_tctable_gen.cc:8:
2026-10-07T04:17:13.7126272Z bazel-out/k8-opt/bin/external/protobuf+/src/google/protobuf/_virtual_includes/protobuf/google/protobuf/descriptor.pb.h:18861:13: note: declared here
2026-10-07T04:17:13.7126922Z 18861 | inline bool FieldOptions::weak() const {
2026-10-07T04:17:13.7127285Z       |             ^~~~~~~~~~~~
2026-10-07T04:17:13.7128285Z external/protobuf+/src/google/protobuf/generated_message_tctable_gen.cc: In function 'bool google::protobuf::internal::IsFieldTypeEligibleForFastParsing(const google::protobuf::FieldDescriptor*)':
2026-10-07T04:17:13.7129579Z external/protobuf+/src/google/protobuf/generated_message_tctable_gen.cc:738:28: warning: 'bool google::protobuf::FieldOptions::weak() const' is deprecated [-Wdeprecated-declarations]
2026-10-07T04:17:13.7130357Z   738 |       field->options().weak()) {
2026-10-07T04:17:13.7130705Z       |       ~~~~~~~~~~~~~~~~~~~~~^~
2026-10-07T04:17:13.7131342Z bazel-out/k8-opt/bin/external/protobuf+/src/google/protobuf/_virtual_includes/protobuf/google/protobuf/descriptor.pb.h:18861:13: note: declared here
2026-10-07T04:17:13.7132195Z 18861 | inline bool FieldOptions::weak() const {
2026-10-07T04:17:13.7132564Z       |             ^~~~~~~~~~~~
2026-10-07T04:17:13.7133031Z external/protobuf+/src/google/protobuf/generated_message_tctable_gen.cc: In lambda function:
2026-10-07T04:17:13.7133904Z external/protobuf+/src/google/protobuf/generated_message_tctable_gen.cc:773:54: warning: 'bool google::protobuf::FieldOptions::weak() const' is deprecated [-Wdeprecated-declarations]
2026-10-07T04:17:13.7135000Z   773 |            !field->is_map() && !field->options().weak() &&
2026-10-07T04:17:13.7135386Z       |                                 ~~~~~~~~~~~~~~~~~~~~~^~
2026-10-07T04:17:13.7136059Z bazel-out/k8-opt/bin/external/protobuf+/src/google/protobuf/_virtual_includes/protobuf/google/protobuf/descriptor.pb.h:18861:13: note: declared here
2026-10-07T04:17:13.7136736Z 18861 | inline bool FieldOptions::weak() const {
2026-10-07T04:17:13.7137098Z       |             ^~~~~~~~~~~~
2026-10-07T04:17:13.7138432Z external/protobuf+/src/google/protobuf/generated_message_tctable_gen.cc: In static member function 'static std::vector<google::protobuf::internal::TailCallTableInfo::FieldEntryInfo> google::protobuf::internal::TailCallTableInfo::BuildFieldEntries(const google::protobuf::Descriptor*, const MessageOptions&, absl::lts_20250814::Span<const FieldOptions>, std::vector<AuxEntry>&)':
2026-10-07T04:17:13.7140294Z external/protobuf+/src/google/protobuf/generated_message_tctable_gen.cc:813:39: warning: 'bool google::protobuf::FieldOptions::weak() const' is deprecated [-Wdeprecated-declarations]
2026-10-07T04:17:13.7141091Z   813 |       } else if (field->options().weak()) {
2026-10-07T04:17:13.7141468Z       |                  ~~~~~~~~~~~~~~~~~~~~~^~
2026-10-07T04:17:13.7143476Z bazel-out/k8-opt/bin/external/protobuf+/src/google/protobuf/_virtual_includes/protobuf/google/protobuf/descriptor.pb.h:18861:13: note: declared here
2026-10-07T04:17:13.7144193Z 18861 | inline bool FieldOptions::weak() const {
2026-10-07T04:17:13.7144558Z       |             ^~~~~~~~~~~~
2026-10-07T04:17:14.3212876Z INFO: From Compiling src/google/protobuf/compiler/cpp/field_generators/primitive_field.cc [for tool]:
2026-10-07T04:17:14.3256075Z In file included from bazel-out/k8-opt-exec-ST-d57f47055a04/bin/external/protobuf+/src/google/protobuf/compiler/cpp/_virtual_includes/cpp/google/protobuf/compiler/cpp/field.h:26,
2026-10-07T04:17:14.3282402Z                  from external/protobuf+/src/google/protobuf/compiler/cpp/field_generators/primitive_field.cc:21:
2026-10-07T04:17:14.3302718Z bazel-out/k8-opt-exec-ST-d57f47055a04/bin/external/protobuf+/src/google/protobuf/compiler/cpp/_virtual_includes/names_internal/google/protobuf/compiler/cpp/helpers.h: In function 'bool google::protobuf::compiler::cpp::IsWeak(const google::protobuf::FieldDescriptor*, const Options&)':
2026-10-07T04:17:14.3321308Z bazel-out/k8-opt-exec-ST-d57f47055a04/bin/external/protobuf+/src/google/protobuf/compiler/cpp/_virtual_includes/names_internal/google/protobuf/compiler/cpp/helpers.h:347:28: warning: 'bool google::protobuf::FieldOptions::weak() const' is deprecated [-Wdeprecated-declarations]
2026-10-07T04:17:14.3349685Z   347 |   if (field->options().weak()) {
2026-10-07T04:17:14.3350067Z       |       ~~~~~~~~~~~~~~~~~~~~~^~
2026-10-07T04:17:14.3351096Z In file included from bazel-out/k8-opt-exec-ST-d57f47055a04/bin/external/protobuf+/src/google/protobuf/compiler/_virtual_includes/code_generator_lite/google/protobuf/compiler/code_generator_lite.h:18,
2026-10-07T04:17:14.3352471Z                  from bazel-out/k8-opt-exec-ST-d57f47055a04/bin/external/protobuf+/src/google/protobuf/compiler/_virtual_includes/code_generator/google/protobuf/compiler/code_generator.h:25,
2026-10-07T04:17:14.3353607Z                  from bazel-out/k8-opt-exec-ST-d57f47055a04/bin/external/protobuf+/src/google/protobuf/compiler/cpp/_virtual_includes/names_internal/google/protobuf/compiler/cpp/helpers.h:29:
2026-10-07T04:17:14.3354723Z bazel-out/k8-opt-exec-ST-d57f47055a04/bin/external/protobuf+/src/google/protobuf/_virtual_includes/protobuf/google/protobuf/descriptor.pb.h:18861:13: note: declared here
2026-10-07T04:17:14.3355447Z 18861 | inline bool FieldOptions::weak() const {
2026-10-07T04:17:14.3355772Z       |             ^~~~~~~~~~~~
2026-10-07T04:17:14.3356354Z [847 / 944] Compiling src/google/protobuf/compiler/cpp/generator.cc [for tool]; 1s processwrapper-sandbox ... (4 actions, 3 running)
2026-10-07T04:17:15.5482351Z [848 / 944] Compiling src/google/protobuf/compiler/cpp/generator.cc [for tool]; 2s processwrapper-sandbox ... (4 actions, 3 running)
2026-10-07T04:17:16.7288070Z INFO: From Compiling src/google/protobuf/compiler/cpp/generator.cc [for tool]:
2026-10-07T04:17:16.7289188Z In file included from bazel-out/k8-opt-exec-ST-d57f47055a04/bin/external/protobuf+/src/google/protobuf/compiler/cpp/_virtual_includes/cpp/google/protobuf/compiler/cpp/extension.h:19,
2026-10-07T04:17:16.7290510Z                  from bazel-out/k8-opt-exec-ST-d57f47055a04/bin/external/protobuf+/src/google/protobuf/compiler/cpp/_virtual_includes/cpp/google/protobuf/compiler/cpp/file.h:26,
2026-10-07T04:17:16.7291421Z                  from external/protobuf+/src/google/protobuf/compiler/cpp/generator.cc:31:
2026-10-07T04:17:16.7293068Z bazel-out/k8-opt-exec-ST-d57f47055a04/bin/external/protobuf+/src/google/protobuf/compiler/cpp/_virtual_includes/names_internal/google/protobuf/compiler/cpp/helpers.h: In function 'bool google::protobuf::compiler::cpp::IsWeak(const google::protobuf::FieldDescriptor*, const Options&)':
2026-10-07T04:17:16.7294898Z bazel-out/k8-opt-exec-ST-d57f47055a04/bin/external/protobuf+/src/google/protobuf/compiler/cpp/_virtual_includes/names_internal/google/protobuf/compiler/cpp/helpers.h:347:28: warning: 'bool google::protobuf::FieldOptions::weak() const' is deprecated [-Wdeprecated-declarations]
2026-10-07T04:17:16.7295932Z   347 |   if (field->options().weak()) {
2026-10-07T04:17:16.7296287Z       |       ~~~~~~~~~~~~~~~~~~~~~^~
2026-10-07T04:17:16.7297067Z In file included from bazel-out/k8-opt-exec-ST-d57f47055a04/bin/external/protobuf+/src/google/protobuf/compiler/_virtual_includes/code_generator_lite/google/protobuf/compiler/code_generator_lite.h:18,
2026-10-07T04:17:16.7298315Z                  from bazel-out/k8-opt-exec-ST-d57f47055a04/bin/external/protobuf+/src/google/protobuf/compiler/_virtual_includes/code_generator/google/protobuf/compiler/code_generator.h:25,
2026-10-07T04:17:16.7299486Z                  from bazel-out/k8-opt-exec-ST-d57f47055a04/bin/external/protobuf+/src/google/protobuf/compiler/cpp/_virtual_includes/cpp/google/protobuf/compiler/cpp/generator.h:24,
2026-10-07T04:17:16.7300605Z                  from external/protobuf+/src/google/protobuf/compiler/cpp/generator.cc:12:
2026-10-07T04:17:16.7301473Z bazel-out/k8-opt-exec-ST-d57f47055a04/bin/external/protobuf+/src/google/protobuf/_virtual_includes/protobuf/google/protobuf/descriptor.pb.h:18861:13: note: declared here
2026-10-07T04:17:16.7302360Z 18861 | inline bool FieldOptions::weak() const {
2026-10-07T04:17:16.7302747Z       |             ^~~~~~~~~~~~
2026-10-07T04:17:16.7303326Z [849 / 944] Compiling src/google/protobuf/wire_format.cc [for tool]; 3s processwrapper-sandbox ... (4 actions, 3 running)
2026-10-07T04:17:16.8144630Z INFO: From Compiling src/google/protobuf/wire_format.cc [for tool]:
2026-10-07T04:17:16.8147038Z In file included from external/protobuf+/src/google/protobuf/wire_format.cc:31:
2026-10-07T04:17:16.8148444Z bazel-out/k8-opt-exec-ST-d57f47055a04/bin/external/protobuf+/src/google/protobuf/_virtual_includes/protobuf/google/protobuf/map_field.h: In constructor 'google::protobuf::internal::MapFieldBase::ReflectionPayload::ReflectionPayload(google::protobuf::Arena*, const google::protobuf::Message*)':
2026-10-07T04:17:16.8150616Z bazel-out/k8-opt-exec-ST-d57f47055a04/bin/external/protobuf+/src/google/protobuf/_virtual_includes/protobuf/google/protobuf/map_field.h:416:11: warning: 'google::protobuf::RepeatedPtrField<T>::RepeatedPtrField(google::protobuf::Arena*) [with Element = google::protobuf::Message]' is deprecated: Use Arena::Create<RepeatedPtrField<...>>(Arena*) instead [-Wdeprecated-declarations]
2026-10-07T04:17:16.8152244Z   416 |         : repeated_field_(arena), prototype_(prototype) {}
2026-10-07T04:17:16.8152750Z       |           ^~~~~~~~~~~~~~~~~~~~~~
2026-10-07T04:17:16.8153519Z In file included from bazel-out/k8-opt-exec-ST-d57f47055a04/bin/external/protobuf+/src/google/protobuf/_virtual_includes/protobuf_lite/google/protobuf/repeated_field.h:46,
2026-10-07T04:17:16.8154660Z                  from bazel-out/k8-opt-exec-ST-d57f47055a04/bin/external/protobuf+/src/google/protobuf/_virtual_includes/protobuf_lite/google/protobuf/parse_context.h:39,
2026-10-07T04:17:16.8155791Z                  from bazel-out/k8-opt-exec-ST-d57f47055a04/bin/external/protobuf+/src/google/protobuf/_virtual_includes/protobuf_lite/google/protobuf/generated_message_tctable_decl.h:25,
2026-10-07T04:17:16.8156922Z                  from bazel-out/k8-opt-exec-ST-d57f47055a04/bin/external/protobuf+/src/google/protobuf/_virtual_includes/protobuf_lite/google/protobuf/extension_set.h:40,
2026-10-07T04:17:16.8157980Z                  from bazel-out/k8-opt-exec-ST-d57f47055a04/bin/external/protobuf+/src/google/protobuf/_virtual_includes/protobuf/google/protobuf/descriptor.h:56,
2026-10-07T04:17:16.8159015Z                  from bazel-out/k8-opt-exec-ST-d57f47055a04/bin/external/protobuf+/src/google/protobuf/_virtual_includes/protobuf/google/protobuf/wire_format.h:26,
2026-10-07T04:17:16.8159805Z                  from external/protobuf+/src/google/protobuf/wire_format.cc:12:
2026-10-07T04:17:16.8160657Z bazel-out/k8-opt-exec-ST-d57f47055a04/bin/external/protobuf+/src/google/protobuf/_virtual_includes/protobuf_lite/google/protobuf/repeated_ptr_field.h:1380:8: note: declared here
2026-10-07T04:17:16.8161562Z  1380 | inline RepeatedPtrField<Element>::RepeatedPtrField(Arena* arena)
2026-10-07T04:17:16.8162189Z       |        ^~~~~~~~~~~~~~~~~~~~~~~~~
2026-10-07T04:17:17.8512850Z INFO: From Compiling src/google/protobuf/map_field.cc:
2026-10-07T04:17:17.8542487Z In file included from external/protobuf+/src/google/protobuf/map_field.cc:8:
2026-10-07T04:17:17.8592887Z bazel-out/k8-opt/bin/external/protobuf+/src/google/protobuf/_virtual_includes/protobuf/google/protobuf/map_field.h: In constructor 'google::protobuf::internal::MapFieldBase::ReflectionPayload::ReflectionPayload(google::protobuf::Arena*, const google::protobuf::Message*)':
2026-10-07T04:17:17.8613130Z bazel-out/k8-opt/bin/external/protobuf+/src/google/protobuf/_virtual_includes/protobuf/google/protobuf/map_field.h:416:11: warning: 'google::protobuf::RepeatedPtrField<T>::RepeatedPtrField(google::protobuf::Arena*) [with Element = google::protobuf::Message]' is deprecated: Use Arena::Create<RepeatedPtrField<...>>(Arena*) instead [-Wdeprecated-declarations]
2026-10-07T04:17:17.8632046Z   416 |         : repeated_field_(arena), prototype_(prototype) {}
2026-10-07T04:17:17.8638244Z       |           ^~~~~~~~~~~~~~~~~~~~~~
2026-10-07T04:17:17.8638976Z In file included from bazel-out/k8-opt/bin/external/protobuf+/src/google/protobuf/_virtual_includes/protobuf_lite/google/protobuf/repeated_field.h:46,
2026-10-07T04:17:17.8639960Z                  from bazel-out/k8-opt/bin/external/protobuf+/src/google/protobuf/_virtual_includes/protobuf_lite/google/protobuf/parse_context.h:39,
2026-10-07T04:17:17.8641146Z                  from bazel-out/k8-opt/bin/external/protobuf+/src/google/protobuf/_virtual_includes/protobuf_lite/google/protobuf/generated_message_tctable_decl.h:25,
2026-10-07T04:17:17.8642334Z                  from bazel-out/k8-opt/bin/external/protobuf+/src/google/protobuf/_virtual_includes/protobuf_lite/google/protobuf/extension_set.h:40,
2026-10-07T04:17:17.8643181Z                  from bazel-out/k8-opt/bin/external/protobuf+/src/google/protobuf/_virtual_includes/protobuf/google/protobuf/descriptor.h:56,
2026-10-07T04:17:17.8644022Z                  from bazel-out/k8-opt/bin/external/protobuf+/src/google/protobuf/_virtual_includes/protobuf/google/protobuf/map_field.h:23:
2026-10-07T04:17:17.8644915Z bazel-out/k8-opt/bin/external/protobuf+/src/google/protobuf/_virtual_includes/protobuf_lite/google/protobuf/repeated_ptr_field.h:1380:8: note: declared here
2026-10-07T04:17:17.8645709Z  1380 | inline RepeatedPtrField<Element>::RepeatedPtrField(Arena* arena)
2026-10-07T04:17:17.8646088Z       |        ^~~~~~~~~~~~~~~~~~~~~~~~~
2026-10-07T04:17:17.8646716Z [852 / 944] Compiling src/google/protobuf/compiler/cpp/field_generators/string_field.cc [for tool]; 3s processwrapper-sandbox ... (4 actions, 3 running)
2026-10-07T04:17:18.4692958Z INFO: From Compiling src/google/protobuf/compiler/cpp/field_generators/string_field.cc [for tool]:
2026-10-07T04:17:18.4722652Z In file included from bazel-out/k8-opt-exec-ST-d57f47055a04/bin/external/protobuf+/src/google/protobuf/compiler/cpp/_virtual_includes/cpp/google/protobuf/compiler/cpp/field.h:26,
2026-10-07T04:17:18.4752476Z                  from external/protobuf+/src/google/protobuf/compiler/cpp/field_generators/string_field.cc:20:
2026-10-07T04:17:18.4802966Z bazel-out/k8-opt-exec-ST-d57f47055a04/bin/external/protobuf+/src/google/protobuf/compiler/cpp/_virtual_includes/names_internal/google/protobuf/compiler/cpp/helpers.h: In function 'bool google::protobuf::compiler::cpp::IsWeak(const google::protobuf::FieldDescriptor*, const Options&)':
2026-10-07T04:17:18.4832995Z bazel-out/k8-opt-exec-ST-d57f47055a04/bin/external/protobuf+/src/google/protobuf/compiler/cpp/_virtual_includes/names_internal/google/protobuf/compiler/cpp/helpers.h:347:28: warning: 'bool google::protobuf::FieldOptions::weak() const' is deprecated [-Wdeprecated-declarations]
2026-10-07T04:17:18.4872113Z   347 |   if (field->options().weak()) {
2026-10-07T04:17:18.4902160Z       |       ~~~~~~~~~~~~~~~~~~~~~^~
2026-10-07T04:17:18.4932602Z In file included from bazel-out/k8-opt-exec-ST-d57f47055a04/bin/external/protobuf+/src/google/protobuf/compiler/_virtual_includes/code_generator_lite/google/protobuf/compiler/code_generator_lite.h:18,
2026-10-07T04:17:18.4952533Z                  from bazel-out/k8-opt-exec-ST-d57f47055a04/bin/external/protobuf+/src/google/protobuf/compiler/_virtual_includes/code_generator/google/protobuf/compiler/code_generator.h:25,
2026-10-07T04:17:18.4962489Z                  from bazel-out/k8-opt-exec-ST-d57f47055a04/bin/external/protobuf+/src/google/protobuf/compiler/cpp/_virtual_includes/names_internal/google/protobuf/compiler/cpp/helpers.h:29:
2026-10-07T04:17:18.4992565Z bazel-out/k8-opt-exec-ST-d57f47055a04/bin/external/protobuf+/src/google/protobuf/_virtual_includes/protobuf/google/protobuf/descriptor.pb.h:18861:13: note: declared here
2026-10-07T04:17:18.5022126Z 18861 | inline bool FieldOptions::weak() const {
2026-10-07T04:17:18.5051890Z       |             ^~~~~~~~~~~~
2026-10-07T04:17:19.0644395Z [853 / 944] Compiling src/google/protobuf/compiler/cpp/file.cc [for tool]; 2s processwrapper-sandbox ... (4 actions running)
2026-10-07T04:17:20.5118044Z [855 / 944] Compiling src/google/protobuf/compiler/cpp/file.cc [for tool]; 3s processwrapper-sandbox ... (4 actions, 3 running)
2026-10-07T04:17:20.8554584Z INFO: From Compiling src/google/protobuf/compiler/cpp/field_generators/string_view_field.cc [for tool]:
2026-10-07T04:17:20.8616007Z In file included from bazel-out/k8-opt-exec-ST-d57f47055a04/bin/external/protobuf+/src/google/protobuf/compiler/cpp/_virtual_includes/cpp/google/protobuf/compiler/cpp/field.h:26,
2026-10-07T04:17:20.8652666Z                  from external/protobuf+/src/google/protobuf/compiler/cpp/field_generators/string_view_field.cc:19:
2026-10-07T04:17:20.8669005Z bazel-out/k8-opt-exec-ST-d57f47055a04/bin/external/protobuf+/src/google/protobuf/compiler/cpp/_virtual_includes/names_internal/google/protobuf/compiler/cpp/helpers.h: In function 'bool google::protobuf::compiler::cpp::IsWeak(const google::protobuf::FieldDescriptor*, const Options&)':
2026-10-07T04:17:20.8722937Z bazel-out/k8-opt-exec-ST-d57f47055a04/bin/external/protobuf+/src/google/protobuf/compiler/cpp/_virtual_includes/names_internal/google/protobuf/compiler/cpp/helpers.h:347:28: warning: 'bool google::protobuf::FieldOptions::weak() const' is deprecated [-Wdeprecated-declarations]
2026-10-07T04:17:20.8781961Z   347 |   if (field->options().weak()) {
2026-10-07T04:17:20.8813509Z       |       ~~~~~~~~~~~~~~~~~~~~~^~
2026-10-07T04:17:20.8815022Z In file included from bazel-out/k8-opt-exec-ST-d57f47055a04/bin/external/protobuf+/src/google/protobuf/compiler/_virtual_includes/code_generator_lite/google/protobuf/compiler/code_generator_lite.h:18,
2026-10-07T04:17:20.8823031Z                  from bazel-out/k8-opt-exec-ST-d57f47055a04/bin/external/protobuf+/src/google/protobuf/compiler/_virtual_includes/code_generator/google/protobuf/compiler/code_generator.h:25,
2026-10-07T04:17:20.8824313Z                  from bazel-out/k8-opt-exec-ST-d57f47055a04/bin/external/protobuf+/src/google/protobuf/compiler/cpp/_virtual_includes/names_internal/google/protobuf/compiler/cpp/helpers.h:29:
2026-10-07T04:17:20.8825439Z bazel-out/k8-opt-exec-ST-d57f47055a04/bin/external/protobuf+/src/google/protobuf/_virtual_includes/protobuf/google/protobuf/descriptor.pb.h:18861:13: note: declared here
2026-10-07T04:17:20.8826240Z 18861 | inline bool FieldOptions::weak() const {
2026-10-07T04:17:20.8826625Z       |             ^~~~~~~~~~~~
2026-10-07T04:17:21.2526656Z INFO: From Compiling src/google/protobuf/message.cc:
2026-10-07T04:17:21.2552586Z In file included from external/protobuf+/src/google/protobuf/message.cc:40:
2026-10-07T04:17:21.2613100Z bazel-out/k8-opt/bin/external/protobuf+/src/google/protobuf/_virtual_includes/protobuf/google/protobuf/map_field.h: In constructor 'google::protobuf::internal::MapFieldBase::ReflectionPayload::ReflectionPayload(google::protobuf::Arena*, const google::protobuf::Message*)':
2026-10-07T04:17:21.2673172Z bazel-out/k8-opt/bin/external/protobuf+/src/google/protobuf/_virtual_includes/protobuf/google/protobuf/map_field.h:416:11: warning: 'google::protobuf::RepeatedPtrField<T>::RepeatedPtrField(google::protobuf::Arena*) [with Element = google::protobuf::Message]' is deprecated: Use Arena::Create<RepeatedPtrField<...>>(Arena*) instead [-Wdeprecated-declarations]
2026-10-07T04:17:21.2712196Z   416 |         : repeated_field_(arena), prototype_(prototype) {}
2026-10-07T04:17:21.2742046Z       |           ^~~~~~~~~~~~~~~~~~~~~~
2026-10-07T04:17:21.2771105Z In file included from bazel-out/k8-opt/bin/external/protobuf+/src/google/protobuf/_virtual_includes/protobuf_lite/google/protobuf/repeated_field.h:46,
2026-10-07T04:17:21.2782374Z                  from bazel-out/k8-opt/bin/external/protobuf+/src/google/protobuf/_virtual_includes/protobuf_lite/google/protobuf/parse_context.h:39,
2026-10-07T04:17:21.2802349Z                  from bazel-out/k8-opt/bin/external/protobuf+/src/google/protobuf/_virtual_includes/protobuf_lite/google/protobuf/generated_message_tctable_decl.h:25,
2026-10-07T04:17:21.2803237Z                  from bazel-out/k8-opt/bin/external/protobuf+/src/google/protobuf/_virtual_includes/protobuf_lite/google/protobuf/extension_set.h:40,
2026-10-07T04:17:21.2804017Z                  from bazel-out/k8-opt/bin/external/protobuf+/src/google/protobuf/_virtual_includes/protobuf/google/protobuf/descriptor.h:56,
2026-10-07T04:17:21.2804793Z                  from bazel-out/k8-opt/bin/external/protobuf+/src/google/protobuf/_virtual_includes/protobuf/google/protobuf/message.h:112,
2026-10-07T04:17:21.2805632Z                  from external/protobuf+/src/google/protobuf/message.cc:12:
2026-10-07T04:17:21.2806301Z bazel-out/k8-opt/bin/external/protobuf+/src/google/protobuf/_virtual_includes/protobuf_lite/google/protobuf/repeated_ptr_field.h:1380:8: note: declared here
2026-10-07T04:17:21.2807007Z  1380 | inline RepeatedPtrField<Element>::RepeatedPtrField(Arena* arena)
2026-10-07T04:17:21.2807336Z       |        ^~~~~~~~~~~~~~~~~~~~~~~~~
2026-10-07T04:17:21.5203010Z [861 / 944] Compiling src/google/protobuf/compiler/cpp/file.cc [for tool]; 4s processwrapper-sandbox ... (4 actions, 3 running)
2026-10-07T04:17:23.0692836Z [863 / 944] Compiling src/google/protobuf/compiler/cpp/file.cc [for tool]; 6s processwrapper-sandbox ... (4 actions running)
2026-10-07T04:17:23.3499110Z INFO: From Compiling src/google/protobuf/reflection_ops.cc:
2026-10-07T04:17:23.3528452Z In file included from external/protobuf+/src/google/protobuf/reflection_ops.cc:22:
2026-10-07T04:17:23.3552880Z bazel-out/k8-opt/bin/external/protobuf+/src/google/protobuf/_virtual_includes/protobuf/google/protobuf/map_field.h: In constructor 'google::protobuf::internal::MapFieldBase::ReflectionPayload::ReflectionPayload(google::protobuf::Arena*, const google::protobuf::Message*)':
2026-10-07T04:17:23.3554754Z bazel-out/k8-opt/bin/external/protobuf+/src/google/protobuf/_virtual_includes/protobuf/google/protobuf/map_field.h:416:11: warning: 'google::protobuf::RepeatedPtrField<T>::RepeatedPtrField(google::protobuf::Arena*) [with Element = google::protobuf::Message]' is deprecated: Use Arena::Create<RepeatedPtrField<...>>(Arena*) instead [-Wdeprecated-declarations]
2026-10-07T04:17:23.3555955Z   416 |         : repeated_field_(arena), prototype_(prototype) {}
2026-10-07T04:17:23.3556250Z       |           ^~~~~~~~~~~~~~~~~~~~~~
2026-10-07T04:17:23.3556777Z In file included from bazel-out/k8-opt/bin/external/protobuf+/src/google/protobuf/_virtual_includes/protobuf_lite/google/protobuf/repeated_field.h:46,
2026-10-07T04:17:23.3557603Z                  from bazel-out/k8-opt/bin/external/protobuf+/src/google/protobuf/_virtual_includes/protobuf_lite/google/protobuf/parse_context.h:39,
2026-10-07T04:17:23.3558443Z                  from bazel-out/k8-opt/bin/external/protobuf+/src/google/protobuf/_virtual_includes/protobuf_lite/google/protobuf/generated_message_tctable_decl.h:25,
2026-10-07T04:17:23.3559293Z                  from bazel-out/k8-opt/bin/external/protobuf+/src/google/protobuf/_virtual_includes/protobuf_lite/google/protobuf/extension_set.h:40,
2026-10-07T04:17:23.3560084Z                  from bazel-out/k8-opt/bin/external/protobuf+/src/google/protobuf/_virtual_includes/protobuf/google/protobuf/descriptor.h:56,
2026-10-07T04:17:23.3560814Z                  from bazel-out/k8-opt/bin/external/protobuf+/src/google/protobuf/_virtual_includes/protobuf/google/protobuf/message.h:112,
2026-10-07T04:17:23.3561555Z                  from bazel-out/k8-opt/bin/external/protobuf+/src/google/protobuf/_virtual_includes/protobuf/google/protobuf/reflection_ops.h:18,
2026-10-07T04:17:23.3586997Z                  from external/protobuf+/src/google/protobuf/reflection_ops.cc:11:
2026-10-07T04:17:23.3587684Z bazel-out/k8-opt/bin/external/protobuf+/src/google/protobuf/_virtual_includes/protobuf_lite/google/protobuf/repeated_ptr_field.h:1380:8: note: declared here
2026-10-07T04:17:23.3588631Z  1380 | inline RepeatedPtrField<Element>::RepeatedPtrField(Arena* arena)
2026-10-07T04:17:23.3588946Z       |        ^~~~~~~~~~~~~~~~~~~~~~~~~
2026-10-07T04:17:24.4862661Z [867 / 944] Compiling src/google/protobuf/compiler/cpp/file.cc [for tool]; 7s processwrapper-sandbox ... (4 actions, 3 running)
2026-10-07T04:17:25.8732815Z INFO: From Compiling src/google/protobuf/compiler/cpp/file.cc [for tool]:
2026-10-07T04:17:25.8733598Z In file included from bazel-out/k8-opt-exec-ST-d57f47055a04/bin/external/protobuf+/src/google/protobuf/compiler/cpp/_virtual_includes/cpp/google/protobuf/compiler/cpp/extension.h:19,
2026-10-07T04:17:25.8763130Z                  from bazel-out/k8-opt-exec-ST-d57f47055a04/bin/external/protobuf+/src/google/protobuf/compiler/cpp/_virtual_includes/cpp/google/protobuf/compiler/cpp/file.h:26,
2026-10-07T04:17:25.8764051Z                  from external/protobuf+/src/google/protobuf/compiler/cpp/file.cc:12:
2026-10-07T04:17:25.8786598Z bazel-out/k8-opt-exec-ST-d57f47055a04/bin/external/protobuf+/src/google/protobuf/compiler/cpp/_virtual_includes/names_internal/google/protobuf/compiler/cpp/helpers.h: In function 'bool google::protobuf::compiler::cpp::IsWeak(const google::protobuf::FieldDescriptor*, const Options&)':
2026-10-07T04:17:25.8788642Z bazel-out/k8-opt-exec-ST-d57f47055a04/bin/external/protobuf+/src/google/protobuf/compiler/cpp/_virtual_includes/names_internal/google/protobuf/compiler/cpp/helpers.h:347:28: warning: 'bool google::protobuf::FieldOptions::weak() const' is deprecated [-Wdeprecated-declarations]
2026-10-07T04:17:25.8789805Z   347 |   if (field->options().weak()) {
2026-10-07T04:17:25.8790144Z       |       ~~~~~~~~~~~~~~~~~~~~~^~
2026-10-07T04:17:25.8791043Z In file included from bazel-out/k8-opt-exec-ST-d57f47055a04/bin/external/protobuf+/src/google/protobuf/compiler/_virtual_includes/code_generator_lite/google/protobuf/compiler/code_generator_lite.h:18,
2026-10-07T04:17:25.8792585Z                  from bazel-out/k8-opt-exec-ST-d57f47055a04/bin/external/protobuf+/src/google/protobuf/compiler/_virtual_includes/code_generator/google/protobuf/compiler/code_generator.h:25,
2026-10-07T04:17:25.8793835Z                  from bazel-out/k8-opt-exec-ST-d57f47055a04/bin/external/protobuf+/src/google/protobuf/compiler/cpp/_virtual_includes/names_internal/google/protobuf/compiler/cpp/helpers.h:29:
2026-10-07T04:17:25.8795053Z bazel-out/k8-opt-exec-ST-d57f47055a04/bin/external/protobuf+/src/google/protobuf/_virtual_includes/protobuf/google/protobuf/descriptor.pb.h:18861:13: note: declared here
2026-10-07T04:17:25.8795904Z 18861 | inline bool FieldOptions::weak() const {
2026-10-07T04:17:25.8796249Z       |             ^~~~~~~~~~~~
2026-10-07T04:17:25.8796687Z In file included from external/abseil-cpp+/absl/functional/any_invocable.h:44,
2026-10-07T04:17:25.8797301Z                  from external/abseil-cpp+/absl/functional/internal/function_ref.h:22,
2026-10-07T04:17:25.8797838Z                  from external/abseil-cpp+/absl/functional/function_ref.h:54,
2026-10-07T04:17:25.8798351Z                  from external/abseil-cpp+/absl/hash/hash.h:88,
2026-10-07T04:17:25.8798840Z                  from external/abseil-cpp+/absl/container/internal/hash_function_defaults.h:57,
2026-10-07T04:17:25.8799491Z                  from external/abseil-cpp+/absl/container/hash_container_defaults.h:19,
2026-10-07T04:17:25.8799996Z                  from external/abseil-cpp+/absl/container/flat_hash_map.h:43,
2026-10-07T04:17:25.8800860Z                  from bazel-out/k8-opt-exec-ST-d57f47055a04/bin/external/protobuf+/src/google/protobuf/compiler/cpp/_virtual_includes/cpp/google/protobuf/compiler/cpp/file.h:20:
2026-10-07T04:17:25.8802027Z In function 'void absl::lts_20250814::internal_any_invocable::LocalManagerTrivial(FunctionToCall, TypeErasedState*, TypeErasedState*)',
2026-10-07T04:17:25.8803622Z     inlined from 'absl::lts_20250814::internal_any_invocable::CoreImpl<SigIsNoexcept, ReturnType, P>::CoreImpl(absl::lts_20250814::internal_any_invocable::CoreImpl<SigIsNoexcept, ReturnType, P>&&) [with bool SigIsNoexcept = false; ReturnType = void; P = {google::protobuf::io::Printer*}]' at external/abseil-cpp+/absl/functional/internal/any_invocable.h:461:11,
2026-10-07T04:17:25.8805801Z     inlined from 'absl::lts_20250814::internal_any_invocable::Impl<void(google::protobuf::io::Printer*)>::Impl(absl::lts_20250814::internal_any_invocable::Impl<void(google::protobuf::io::Printer*)>&&)' at external/abseil-cpp+/absl/functional/internal/any_invocable.h:755:1,
2026-10-07T04:17:25.8807267Z     inlined from 'absl::lts_20250814::AnyInvocable<Sig>::AnyInvocable(absl::lts_20250814::AnyInvocable<Sig>&&) [with Sig = void(google::protobuf::io::Printer*)]' at external/abseil-cpp+/absl/functional/any_invocable.h:185:3,
2026-10-07T04:17:25.8809182Z     inlined from 'void std::__new_allocator<_Tp>::construct(_Up*, _Args&& ...) [with _Up = absl::lts_20250814::AnyInvocable<void(google::protobuf::io::Printer*)>; _Args = {absl::lts_20250814::AnyInvocable<void(google::protobuf::io::Printer*)>}; _Tp = absl::lts_20250814::AnyInvocable<void(google::protobuf::io::Printer*)>]' at /usr/include/c++/13/bits/new_allocator.h:191:4,
2026-10-07T04:17:25.8811404Z     inlined from 'static void std::allocator_traits<std::allocator<_Tp1> >::construct(allocator_type&, _Up*, _Args&& ...) [with _Up = absl::lts_20250814::AnyInvocable<void(google::protobuf::io::Printer*)>; _Args = {absl::lts_20250814::AnyInvocable<void(google::protobuf::io::Printer*)>}; _Tp = absl::lts_20250814::AnyInvocable<void(google::protobuf::io::Printer*)>]' at /usr/include/c++/13/bits/alloc_traits.h:538:17,
2026-10-07T04:17:25.8813787Z     inlined from 'std::vector<_Tp, _Alloc>::reference std::vector<_Tp, _Alloc>::emplace_back(_Args&& ...) [with _Args = {absl::lts_20250814::AnyInvocable<void(google::protobuf::io::Printer*)>}; _Tp = absl::lts_20250814::AnyInvocable<void(google::protobuf::io::Printer*)>; _Alloc = std::allocator<absl::lts_20250814::AnyInvocable<void(google::protobuf::io::Printer*)> >]' at /usr/include/c++/13/bits/vector.tcc:117:30,
2026-10-07T04:17:25.8815842Z     inlined from 'void std::vector<_Tp, _Alloc>::push_back(value_type&&) [with _Tp = absl::lts_20250814::AnyInvocable<void(google::protobuf::io::Printer*)>; _Alloc = std::allocator<absl::lts_20250814::AnyInvocable<void(google::protobuf::io::Printer*)> >]' at /usr/include/c++/13/bits/stl_vector.h:1299:21,
2026-10-07T04:17:25.8817374Z     inlined from 'void google::protobuf::compiler::cpp::FileGenerator::GenerateReflectionInitializationCode(google::protobuf::io::Printer*)' at external/protobuf+/src/google/protobuf/compiler/cpp/file.cc:1385:53:
2026-10-07T04:17:25.8819321Z external/abseil-cpp+/absl/functional/internal/any_invocable.h:225:7: warning: '<unnamed>.absl::lts_20250814::AnyInvocable<void(google::protobuf::io::Printer*)>::<unnamed>.absl::lts_20250814::internal_any_invocable::Impl<void(google::protobuf::io::Printer*)>::<unnamed>.absl::lts_20250814::internal_any_invocable::CoreImpl<false, void, google::protobuf::io::Printer*>::state_' may be used uninitialized [-Wmaybe-uninitialized]
2026-10-07T04:17:25.8820695Z   225 |   *to = *from;
2026-10-07T04:17:25.8820971Z       |   ~~~~^~~~~~~
2026-10-07T04:17:25.8822379Z external/protobuf+/src/google/protobuf/compiler/cpp/file.cc: In member function 'void google::protobuf::compiler::cpp::FileGenerator::GenerateReflectionInitializationCode(google::protobuf::io::Printer*)':
2026-10-07T04:17:25.8823462Z external/protobuf+/src/google/protobuf/compiler/cpp/file.cc:1385:53: note: '<anonymous>' declared here
2026-10-07T04:17:25.8824147Z  1385 |     static_initializers_[kInitPriority102].push_back([](auto* p) {
2026-10-07T04:17:25.8824589Z       |     ~~~~~~~~~~~~~~~~~~~~~~~~~~~~~~~~~~~~~~~~~~~~~~~~^~~~~~~~~~~~~~
2026-10-07T04:17:25.8825054Z  1386 |       p->Emit(R"cc(
2026-10-07T04:17:25.8825379Z       |       ~~~~~~~~~~~~~                                  
2026-10-07T04:17:25.8825804Z  1387 |         ::_pbi::AddDescriptors(&$desc_table$),
2026-10-07T04:17:25.8826371Z       |         ~~~~~~~~~~~~~~~~~~~~~~~~~~~~~~~~~~~~~~       
2026-10-07T04:17:25.8826704Z  1388 |       )cc");
2026-10-07T04:17:25.8827024Z       |       ~~~~~~                                         
2026-10-07T04:17:25.8827424Z  1389 |     });
2026-10-07T04:17:25.8827708Z       |     ~~                                               
2026-10-07T04:17:25.8828300Z [869 / 944] Compiling src/google/protobuf/util/message_differencer.cc; 2s processwrapper-sandbox ... (4 actions, 3 running)
2026-10-07T04:17:27.0373019Z [873 / 944] Compiling src/google/protobuf/util/message_differencer.cc; 3s processwrapper-sandbox ... (4 actions, 3 running)
2026-10-07T04:17:28.0678813Z [873 / 944] Compiling src/google/protobuf/util/message_differencer.cc; 4s processwrapper-sandbox ... (4 actions running)
2026-10-07T04:17:29.0692738Z INFO: From Compiling src/google/protobuf/text_format.cc:
2026-10-07T04:17:29.0722680Z In file included from external/protobuf+/src/google/protobuf/text_format.cc:54:
2026-10-07T04:17:29.0752676Z bazel-out/k8-opt/bin/external/protobuf+/src/google/protobuf/_virtual_includes/protobuf/google/protobuf/map_field.h: In constructor 'google::protobuf::internal::MapFieldBase::ReflectionPayload::ReflectionPayload(google::protobuf::Arena*, const google::protobuf::Message*)':
2026-10-07T04:17:29.0772875Z bazel-out/k8-opt/bin/external/protobuf+/src/google/protobuf/_virtual_includes/protobuf/google/protobuf/map_field.h:416:11: warning: 'google::protobuf::RepeatedPtrField<T>::RepeatedPtrField(google::protobuf::Arena*) [with Element = google::protobuf::Message]' is deprecated: Use Arena::Create<RepeatedPtrField<...>>(Arena*) instead [-Wdeprecated-declarations]
2026-10-07T04:17:29.0774093Z   416 |         : repeated_field_(arena), prototype_(prototype) {}
2026-10-07T04:17:29.0774388Z       |           ^~~~~~~~~~~~~~~~~~~~~~
2026-10-07T04:17:29.0774967Z In file included from bazel-out/k8-opt/bin/external/protobuf+/src/google/protobuf/_virtual_includes/protobuf_lite/google/protobuf/repeated_field.h:46,
2026-10-07T04:17:29.0812391Z                  from bazel-out/k8-opt/bin/external/protobuf+/src/google/protobuf/_virtual_includes/protobuf_lite/google/protobuf/parse_context.h:39,
2026-10-07T04:17:29.0842416Z                  from bazel-out/k8-opt/bin/external/protobuf+/src/google/protobuf/_virtual_includes/protobuf_lite/google/protobuf/generated_message_tctable_decl.h:25,
2026-10-07T04:17:29.0872244Z                  from bazel-out/k8-opt/bin/external/protobuf+/src/google/protobuf/_virtual_includes/protobuf_lite/google/protobuf/extension_set.h:40,
2026-10-07T04:17:29.0902235Z                  from bazel-out/k8-opt/bin/external/protobuf+/src/google/protobuf/_virtual_includes/protobuf/google/protobuf/descriptor.h:56,
2026-10-07T04:17:29.0922306Z                  from bazel-out/k8-opt/bin/external/protobuf+/src/google/protobuf/_virtual_includes/protobuf/google/protobuf/text_format.h:27,
2026-10-07T04:17:29.0962060Z                  from external/protobuf+/src/google/protobuf/text_format.cc:12:
2026-10-07T04:17:29.0972355Z bazel-out/k8-opt/bin/external/protobuf+/src/google/protobuf/_virtual_includes/protobuf_lite/google/protobuf/repeated_ptr_field.h:1380:8: note: declared here
2026-10-07T04:17:29.0992088Z  1380 | inline RepeatedPtrField<Element>::RepeatedPtrField(Arena* arena)
2026-10-07T04:17:29.1021953Z       |        ^~~~~~~~~~~~~~~~~~~~~~~~~
2026-10-07T04:17:29.1052235Z external/protobuf+/src/google/protobuf/text_format.cc: In member function 'bool google::protobuf::TextFormat::Parser::ParserImpl::ConsumeField(google::protobuf::Message*)':
2026-10-07T04:17:29.1072419Z external/protobuf+/src/google/protobuf/text_format.cc:663:54: warning: 'bool google::protobuf::FieldOptions::weak() const' is deprecated [-Wdeprecated-declarations]
2026-10-07T04:17:29.1073108Z   663 |       if (consumed_semicolon && field->options().weak() &&
2026-10-07T04:17:29.1073406Z       |                                 ~~~~~~~~~~~~~~~~~~~~~^~
2026-10-07T04:17:29.1073767Z In file included from external/protobuf+/src/google/protobuf/text_format.cc:46:
2026-10-07T04:17:29.1074860Z bazel-out/k8-opt/bin/external/protobuf+/src/google/protobuf/_virtual_includes/protobuf/google/protobuf/descriptor.pb.h:18861:13: note: declared here
2026-10-07T04:17:29.1075458Z 18861 | inline bool FieldOptions::weak() const {
2026-10-07T04:17:29.1075712Z       |             ^~~~~~~~~~~~
2026-10-07T04:17:29.1076165Z [875 / 944] Compiling src/google/protobuf/util/message_differencer.cc; 5s processwrapper-sandbox ... (4 actions, 3 running)
2026-10-07T04:17:29.1892680Z INFO: From Compiling src/google/protobuf/util/message_differencer.cc:
2026-10-07T04:17:29.1952574Z In file included from external/protobuf+/src/google/protobuf/util/message_differencer.cc:36:
2026-10-07T04:17:29.1963391Z bazel-out/k8-opt/bin/external/protobuf+/src/google/protobuf/_virtual_includes/protobuf/google/protobuf/map_field.h: In constructor 'google::protobuf::internal::MapFieldBase::ReflectionPayload::ReflectionPayload(google::protobuf::Arena*, const google::protobuf::Message*)':
2026-10-07T04:17:29.1992947Z bazel-out/k8-opt/bin/external/protobuf+/src/google/protobuf/_virtual_includes/protobuf/google/protobuf/map_field.h:416:11: warning: 'google::protobuf::RepeatedPtrField<T>::RepeatedPtrField(google::protobuf::Arena*) [with Element = google::protobuf::Message]' is deprecated: Use Arena::Create<RepeatedPtrField<...>>(Arena*) instead [-Wdeprecated-declarations]
2026-10-07T04:17:29.1994249Z   416 |         : repeated_field_(arena), prototype_(prototype) {}
2026-10-07T04:17:29.1994536Z       |           ^~~~~~~~~~~~~~~~~~~~~~
2026-10-07T04:17:29.1995076Z In file included from bazel-out/k8-opt/bin/external/protobuf+/src/google/protobuf/_virtual_includes/protobuf_lite/google/protobuf/repeated_field.h:46,
2026-10-07T04:17:29.1995904Z                  from bazel-out/k8-opt/bin/external/protobuf+/src/google/protobuf/_virtual_includes/protobuf_lite/google/protobuf/parse_context.h:39,
2026-10-07T04:17:29.1996768Z                  from bazel-out/k8-opt/bin/external/protobuf+/src/google/protobuf/_virtual_includes/protobuf_lite/google/protobuf/generated_message_tctable_decl.h:25,
2026-10-07T04:17:29.1997622Z                  from bazel-out/k8-opt/bin/external/protobuf+/src/google/protobuf/_virtual_includes/protobuf_lite/google/protobuf/extension_set.h:40,
2026-10-07T04:17:29.1998390Z                  from bazel-out/k8-opt/bin/external/protobuf+/src/google/protobuf/_virtual_includes/protobuf/google/protobuf/descriptor.h:56,
2026-10-07T04:17:29.1999208Z                  from bazel-out/k8-opt/bin/external/protobuf+/src/google/protobuf/util/_virtual_includes/differencer/google/protobuf/util/message_differencer.h:33,
2026-10-07T04:17:29.1999883Z                  from external/protobuf+/src/google/protobuf/util/message_differencer.cc:12:
2026-10-07T04:17:29.2000571Z bazel-out/k8-opt/bin/external/protobuf+/src/google/protobuf/_virtual_includes/protobuf_lite/google/protobuf/repeated_ptr_field.h:1380:8: note: declared here
2026-10-07T04:17:29.2001242Z  1380 | inline RepeatedPtrField<Element>::RepeatedPtrField(Arena* arena)
2026-10-07T04:17:29.2001560Z       |        ^~~~~~~~~~~~~~~~~~~~~~~~~
2026-10-07T04:17:30.6912957Z [879 / 944] Compiling src/google/protobuf/compiler/parser.cc; 3s processwrapper-sandbox ... (4 actions, 3 running)
2026-10-07T04:17:32.0092850Z [886 / 944] Compiling src/google/protobuf/wire_format.cc; 2s processwrapper-sandbox ... (4 actions, 3 running)
2026-10-07T04:17:32.9542573Z INFO: From Compiling src/google/protobuf/wire_format.cc:
2026-10-07T04:17:32.9584568Z In file included from external/protobuf+/src/google/protobuf/wire_format.cc:31:
2026-10-07T04:17:32.9615033Z bazel-out/k8-opt/bin/external/protobuf+/src/google/protobuf/_virtual_includes/protobuf/google/protobuf/map_field.h: In constructor 'google::protobuf::internal::MapFieldBase::ReflectionPayload::ReflectionPayload(google::protobuf::Arena*, const google::protobuf::Message*)':
2026-10-07T04:17:32.9643191Z bazel-out/k8-opt/bin/external/protobuf+/src/google/protobuf/_virtual_includes/protobuf/google/protobuf/map_field.h:416:11: warning: 'google::protobuf::RepeatedPtrField<T>::RepeatedPtrField(google::protobuf::Arena*) [with Element = google::protobuf::Message]' is deprecated: Use Arena::Create<RepeatedPtrField<...>>(Arena*) instead [-Wdeprecated-declarations]
2026-10-07T04:17:32.9644808Z   416 |         : repeated_field_(arena), prototype_(prototype) {}
2026-10-07T04:17:32.9672340Z       |           ^~~~~~~~~~~~~~~~~~~~~~
2026-10-07T04:17:32.9702349Z In file included from bazel-out/k8-opt/bin/external/protobuf+/src/google/protobuf/_virtual_includes/protobuf_lite/google/protobuf/repeated_field.h:46,
2026-10-07T04:17:32.9707286Z                  from bazel-out/k8-opt/bin/external/protobuf+/src/google/protobuf/_virtual_includes/protobuf_lite/google/protobuf/parse_context.h:39,
2026-10-07T04:17:32.9742396Z                  from bazel-out/k8-opt/bin/external/protobuf+/src/google/protobuf/_virtual_includes/protobuf_lite/google/protobuf/generated_message_tctable_decl.h:25,
2026-10-07T04:17:32.9762725Z                  from bazel-out/k8-opt/bin/external/protobuf+/src/google/protobuf/_virtual_includes/protobuf_lite/google/protobuf/extension_set.h:40,
2026-10-07T04:17:32.9822471Z                  from bazel-out/k8-opt/bin/external/protobuf+/src/google/protobuf/_virtual_includes/protobuf/google/protobuf/descriptor.h:56,
2026-10-07T04:17:32.9852467Z                  from bazel-out/k8-opt/bin/external/protobuf+/src/google/protobuf/_virtual_includes/protobuf/google/protobuf/wire_format.h:26,
2026-10-07T04:17:32.9882152Z                  from external/protobuf+/src/google/protobuf/wire_format.cc:12:
2026-10-07T04:17:32.9883028Z bazel-out/k8-opt/bin/external/protobuf+/src/google/protobuf/_virtual_includes/protobuf_lite/google/protobuf/repeated_ptr_field.h:1380:8: note: declared here
2026-10-07T04:17:32.9912181Z  1380 | inline RepeatedPtrField<Element>::RepeatedPtrField(Arena* arena)
2026-10-07T04:17:32.9942051Z       |        ^~~~~~~~~~~~~~~~~~~~~~~~~
2026-10-07T04:17:33.0104136Z [893 / 944] Compiling pkg/sentry/seccheck/points/syscall.pb.cc; 0s processwrapper-sandbox ... (4 actions, 3 running)
2026-10-07T04:17:34.0111917Z [902 / 944] Compiling pkg/sentry/seccheck/points/syscall.pb.cc; 2s processwrapper-sandbox ... (4 actions, 3 running)
2026-10-07T04:17:35.0602964Z [908 / 944] Compiling pkg/sentry/seccheck/points/syscall.pb.cc; 3s processwrapper-sandbox ... (4 actions, 3 running)
2026-10-07T04:17:36.0733055Z [912 / 944] Compiling pkg/sentry/seccheck/points/syscall.pb.cc; 4s processwrapper-sandbox ... (4 actions running)
2026-10-07T04:17:37.5493047Z [921 / 944] Compiling src/google/protobuf/util/field_mask_util.cc; 1s processwrapper-sandbox ... (4 actions, 3 running)
2026-10-07T04:17:38.7020686Z [927 / 944] Compiling external/protobuf+/src/google/protobuf/_virtual_imports/struct_proto/google/protobuf/struct.pb.cc; 1s processwrapper-sandbox ... (4 actions, 3 running)
2026-10-07T04:17:38.9814543Z INFO: From Compiling external/protobuf+/src/google/protobuf/_virtual_imports/struct_proto/google/protobuf/struct.pb.cc:
2026-10-07T04:17:38.9842749Z In file included from bazel-out/k8-opt/bin/external/protobuf+/src/google/protobuf/_virtual_includes/struct_proto/google/protobuf/struct.pb.h:34,
2026-10-07T04:17:38.9871581Z                  from bazel-out/k8-opt/bin/external/protobuf+/src/google/protobuf/_virtual_imports/struct_proto/google/protobuf/struct.pb.cc:6:
2026-10-07T04:17:38.9873218Z bazel-out/k8-opt/bin/external/protobuf+/src/google/protobuf/_virtual_includes/protobuf/google/protobuf/map_field.h: In constructor 'google::protobuf::internal::MapFieldBase::ReflectionPayload::ReflectionPayload(google::protobuf::Arena*, const google::protobuf::Message*)':
2026-10-07T04:17:38.9875529Z bazel-out/k8-opt/bin/external/protobuf+/src/google/protobuf/_virtual_includes/protobuf/google/protobuf/map_field.h:416:11: warning: 'google::protobuf::RepeatedPtrField<T>::RepeatedPtrField(google::protobuf::Arena*) [with Element = google::protobuf::Message]' is deprecated: Use Arena::Create<RepeatedPtrField<...>>(Arena*) instead [-Wdeprecated-declarations]
2026-10-07T04:17:38.9876975Z   416 |         : repeated_field_(arena), prototype_(prototype) {}
2026-10-07T04:17:38.9877661Z       |           ^~~~~~~~~~~~~~~~~~~~~~
2026-10-07T04:17:38.9878302Z In file included from bazel-out/k8-opt/bin/external/protobuf+/src/google/protobuf/_virtual_includes/protobuf_lite/google/protobuf/repeated_field.h:46,
2026-10-07T04:17:38.9879219Z                  from bazel-out/k8-opt/bin/external/protobuf+/src/google/protobuf/_virtual_includes/protobuf_lite/google/protobuf/parse_context.h:39,
2026-10-07T04:17:38.9880274Z                  from bazel-out/k8-opt/bin/external/protobuf+/src/google/protobuf/_virtual_includes/protobuf_lite/google/protobuf/generated_message_tctable_decl.h:25,
2026-10-07T04:17:38.9881184Z                  from bazel-out/k8-opt/bin/external/protobuf+/src/google/protobuf/_virtual_includes/struct_proto/google/protobuf/struct.pb.h:23:
2026-10-07T04:17:38.9882411Z bazel-out/k8-opt/bin/external/protobuf+/src/google/protobuf/_virtual_includes/protobuf_lite/google/protobuf/repeated_ptr_field.h:1380:8: note: declared here
2026-10-07T04:17:38.9883197Z  1380 | inline RepeatedPtrField<Element>::RepeatedPtrField(Arena* arena)
2026-10-07T04:17:38.9883604Z       |        ^~~~~~~~~~~~~~~~~~~~~~~~~
2026-10-07T04:17:39.8737886Z [931 / 944] Compiling src/google/protobuf/json/internal/untyped_message.cc; 2s processwrapper-sandbox ... (4 actions, 3 running)
2026-10-07T04:17:41.0782939Z [932 / 944] Compiling src/google/protobuf/json/internal/untyped_message.cc; 3s processwrapper-sandbox ... (4 actions running)
2026-10-07T04:17:42.0754420Z [936 / 944] Compiling src/google/protobuf/json/internal/parser.cc; 3s processwrapper-sandbox ... (4 actions running)
2026-10-07T04:17:43.7945017Z [937 / 944] Compiling src/google/protobuf/json/internal/parser.cc; 5s processwrapper-sandbox ... (4 actions, 3 running)
2026-10-07T04:17:45.0773851Z [940 / 944] Compiling tools/haa_gvisor_observer/observer_latch_test.cc; 3s processwrapper-sandbox ... (2 actions running)
2026-10-07T04:17:47.8163355Z INFO: From Compiling tools/haa_gvisor_observer/observer.cc:
2026-10-07T04:17:47.8164558Z tools/haa_gvisor_observer/observer.cc:4614:6: warning: 'bool {anonymous}::Handle(const Header&, const char*, size_t, int, std::string*, const char*, ProcessState*, NormalizedCounts*, TopologyState*, const char**, FaultSite*)' defined but not used [-Wunused-function]
2026-10-07T04:17:47.8165883Z  4614 | bool Handle(const Header& header, const char* payload, size_t payload_size, int output, std::string* container_id,
2026-10-07T04:17:47.8166428Z       |      ^~~~~~
2026-10-07T04:17:47.8167207Z tools/haa_gvisor_observer/observer.cc:3868:6: warning: 'bool {anonymous}::ParseSentryProcessAndClassify(const char*, size_t, int, std::string*, const char*, ProcessState*, const char**)' defined but not used [-Wunused-function]
2026-10-07T04:17:47.8168297Z  3868 | bool ParseSentryProcessAndClassify(const char* payload, size_t payload_size, int output, std::string* container_id,
2026-10-07T04:17:47.8168878Z       |      ^~~~~~~~~~~~~~~~~~~~~~~~~~~~~
2026-10-07T04:17:47.8169423Z tools/haa_gvisor_observer/observer.cc:262:13: warning: 'const char* {anonymous}::CommandPhaseName(CommandPhase)' defined but not used [-Wunused-function]
2026-10-07T04:17:47.8170054Z   262 | const char* CommandPhaseName(CommandPhase phase) {
2026-10-07T04:17:47.8170308Z       |             ^~~~~~~~~~~~~~~~
2026-10-07T04:17:47.8182587Z [941 / 944] Compiling tools/haa_gvisor_observer/observer_latch_test.cc; 6s processwrapper-sandbox ... (2 actions, 1 running)
2026-10-07T04:17:49.0781579Z [942 / 944] Compiling tools/haa_gvisor_observer/observer_latch_test.cc; 7s processwrapper-sandbox
2026-10-07T04:17:53.6386759Z [943 / 944] [Prepa] Linking tools/haa_gvisor_observer/haa_gvisor_observer_latch_test
2026-10-07T04:17:53.7131994Z INFO: Found 2 targets...
2026-10-07T04:17:53.7467504Z INFO: Elapsed time: 163.355s, Critical Path: 29.65s
2026-10-07T04:17:53.7467912Z INFO: 944 processes: 294 internal, 650 processwrapper-sandbox.
2026-10-07T04:17:53.7468301Z INFO: Build completed successfully, 944 total actions
2026-10-07T04:17:53.8034535Z STARTING record_boundaries
2026-10-07T04:17:54.6210924Z profile=go-module-resolver bounded terminal={"container_id":"0202020202020202","kind":"stream-fault","reason":"EVENT_LIMIT","fault_site":"EVENT_LIMIT","fault_budget":{"charged":200000,"limit":200000,"close":199998,"fcntl":0,"raw":0,"other":2,"workspace":0}}
2026-10-07T04:17:55.8003055Z profile=go-module-build bounded terminal={"container_id":"0606060606060606","kind":"stream-fault","reason":"EVENT_LIMIT","fault_site":"EVENT_LIMIT","fault_budget":{"charged":250000,"limit":250000,"close":249998,"fcntl":0,"raw":0,"other":2,"workspace":0}}
2026-10-07T04:17:55.8548992Z profile=cargo-resolver bounded terminal={"container_id":"0808080808080808","kind":"stream-fault","reason":"EVENT_LIMIT","fault_site":"EVENT_LIMIT","fault_budget":{"charged":10000,"limit":10000,"close":9998,"fcntl":0,"raw":0,"other":2,"workspace":0}}
2026-10-07T04:17:55.9233604Z profile=npm-lifecycle bounded terminal={"container_id":"0404040404040404","kind":"stream-fault","reason":"EVENT_LIMIT","fault_site":"EVENT_LIMIT","fault_budget":{"charged":10000,"limit":10000,"close":9998,"fcntl":0,"raw":0,"other":2,"workspace":0}}
2026-10-07T04:17:55.9234363Z STARTING accessors
2026-10-07T04:17:55.9826845Z STARTING network
2026-10-07T04:17:56.8847560Z STARTING malformed_socket
2026-10-07T04:17:56.8850064Z STARTING malformed_connect
2026-10-07T04:17:56.8857555Z STARTING unknown_fd
2026-10-07T04:17:56.8858865Z STARTING process
2026-10-07T04:17:57.0869314Z STARTING correlation
2026-10-07T04:17:57.2377739Z STARTING cloexec
2026-10-07T04:17:57.3383157Z STARTING delayed
2026-10-07T04:17:57.4887958Z STARTING concurrent_python_streams
2026-10-07T04:17:57.4890439Z STARTING roles
2026-10-07T04:17:57.5897650Z STARTING oci_bootstrap
2026-10-07T04:17:57.5922995Z STARTING demotion
2026-10-07T04:17:57.5930266Z STARTING mismatch
2026-10-07T04:17:57.5931542Z STARTING dropped
2026-10-07T04:17:57.5933006Z STARTING topology_fail_closed
2026-10-07T04:17:57.5946883Z STARTING filesystem
2026-10-07T04:17:58.2080057Z STARTING npm_node
2026-10-07T04:17:58.2080272Z STARTING open_result_negative
2026-10-07T04:17:58.2120684Z STARTING open_result_positive
2026-10-07T04:17:58.6131301Z STARTING no_basename_trust
2026-10-07T04:17:58.6635652Z STARTING unexpected_exec_diagnostic
2026-10-07T04:17:58.6642538Z STARTING resolver_npm_version_node
2026-10-07T04:17:58.6642795Z STARTING resolver_npm_version_production_path
2026-10-07T04:17:58.6645445Z STARTING resolver_lock_generation_production_path
2026-10-07T04:17:58.6649168Z STARTING process_group_lifecycle
2026-10-07T04:17:58.6650307Z STARTING direct_exec_admission
2026-10-07T04:17:58.6657583Z STARTING direct_exec_admission_bound
2026-10-07T04:17:58.6690041Z STARTING session_aware_control
2026-10-07T04:17:58.6699581Z STARTING control_peer_hup_live_admission
2026-10-07T04:17:58.6702222Z STARTING pre_attribution_disconnect
2026-10-07T04:17:58.6702799Z haa_gvisor_observer_latch_test: accepted remote stream ended before attribution
2026-10-07T04:17:58.6707636Z observer latch PASS: readiness
2026-10-07T04:17:58.6707879Z observer latch PASS: pod-init profile
2026-10-07T04:17:58.6708092Z observer latch PASS: profile record limits
2026-10-07T04:17:58.6708262Z observer latch PASS: finite profile record boundary
2026-10-07T04:17:58.6708430Z observer latch PASS: normalized accessors
2026-10-07T04:17:58.6708591Z observer latch PASS: socket family classification
2026-10-07T04:17:58.6708754Z observer latch PASS: unknown socket family
2026-10-07T04:17:58.6708909Z observer latch PASS: malformed socket address
2026-10-07T04:17:58.6709061Z observer latch PASS: unknown FD state
2026-10-07T04:17:58.6709205Z observer latch PASS: process trust boundary
2026-10-07T04:17:58.6709363Z observer latch PASS: exec correlation boundary
2026-10-07T04:17:58.6709527Z observer latch PASS: CLOEXEC/re-exec boundary
2026-10-07T04:17:58.6709691Z observer latch PASS: delayed profile registration
2026-10-07T04:17:58.6709860Z observer latch PASS: concurrent Python streams
2026-10-07T04:17:58.6710022Z observer latch PASS: role handoff/provenance
2026-10-07T04:17:58.6710366Z observer latch PASS: OCI bootstrap demotion
2026-10-07T04:17:58.6710525Z observer latch PASS: setpriv demotion boundary
2026-10-07T04:17:58.6710678Z observer latch PASS: container mismatch
2026-10-07T04:17:58.6710823Z observer latch PASS: dropped events
2026-10-07T04:17:58.6710969Z observer latch PASS: topology fail-closed
2026-10-07T04:17:58.6711138Z observer latch PASS: registered nested mount boundary
2026-10-07T04:17:58.6711310Z observer latch PASS: filesystem normalization
2026-10-07T04:17:58.6711487Z observer latch PASS: Cargo resolver runtime read boundary
2026-10-07T04:17:58.6711830Z observer latch PASS: Cargo resolver self maps boundary
2026-10-07T04:17:58.6712018Z observer latch PASS: Cargo configuration read boundary
2026-10-07T04:17:58.6712207Z observer latch PASS: Cargo TAR configuration read boundary
2026-10-07T04:17:58.6712391Z observer latch PASS: Cargo entropy read boundary
2026-10-07T04:17:58.6712716Z observer latch PASS: Cargo certificate bundle read boundary
2026-10-07T04:17:58.6713001Z observer latch PASS: Cargo null input read boundary
2026-10-07T04:17:58.6713258Z observer latch PASS: Cargo Rustc query boundary
2026-10-07T04:17:58.6713536Z observer latch PASS: Cargo Rustc metadata query boundary
2026-10-07T04:17:58.6713817Z observer latch PASS: Cargo Rustc VM metadata boundary
2026-10-07T04:17:58.6714096Z observer latch PASS: Cargo Rustc self maps boundary
2026-10-07T04:17:58.6714386Z observer latch PASS: Cargo Rustc self memory stats boundary
2026-10-07T04:17:58.6714679Z observer latch PASS: Cargo Rustc self cgroup boundary
2026-10-07T04:17:58.6714997Z observer latch PASS: Cargo Rustc self mountinfo boundary
2026-10-07T04:17:58.6715281Z observer latch PASS: Cargo Rustc CPU quota boundary
2026-10-07T04:17:58.6715704Z observer latch PASS: Cargo Rustc fixed sysroot directory boundary
2026-10-07T04:17:58.6716009Z observer latch PASS: Cargo DNS configuration boundary
2026-10-07T04:17:58.6716307Z observer latch PASS: Cargo resolver configuration file boundary
2026-10-07T04:17:58.6716594Z observer latch PASS: Cargo fixed UTC boundary
2026-10-07T04:17:58.6716830Z observer latch PASS: Cargo close-on-exec entropy boundary
2026-10-07T04:17:58.6717039Z observer latch PASS: SocketPair diagnostic preserves FD authority
2026-10-07T04:17:58.6717253Z observer latch PASS: Kernel SocketPair descriptor authority
2026-10-07T04:17:58.6717439Z observer latch PASS: Cargo Rustc Zlib ABI boundary
2026-10-07T04:17:58.6717608Z observer latch PASS: Cargo Rustc ABI boundary
2026-10-07T04:17:58.6717779Z observer latch PASS: Go resolver runtime read boundary
2026-10-07T04:17:58.6717968Z observer latch PASS: Go build configuration read boundary
2026-10-07T04:17:58.6718152Z observer latch PASS: Go build handoff read boundary
2026-10-07T04:17:58.6718329Z observer latch PASS: Cargo build handoff read boundary
2026-10-07T04:17:58.6718501Z observer latch PASS: Cargo build pinned target
2026-10-07T04:17:58.6718665Z observer latch PASS: Cargo build driver read
2026-10-07T04:17:58.6718820Z observer latch PASS: Cargo build rustc child
2026-10-07T04:17:58.6718981Z observer latch PASS: Cargo build native cc child
2026-10-07T04:17:58.6719147Z observer latch PASS: Cargo build collect2 child
2026-10-07T04:17:58.6719328Z observer latch PASS: Cargo build lld launcher
2026-10-07T04:17:58.6719482Z observer latch PASS: Cargo build rust lld
2026-10-07T04:17:58.6719633Z observer latch PASS: Cargo build link inputs
2026-10-07T04:17:58.6719784Z observer latch PASS: Cargo build link sdk
2026-10-07T04:17:58.6719932Z observer latch PASS: Cargo build Rust C ABI
2026-10-07T04:17:58.6720084Z observer latch PASS: Cargo build lld entropy
2026-10-07T04:17:58.6720234Z observer latch PASS: Cargo build program
2026-10-07T04:17:58.6720385Z observer latch PASS: Cargo build program ABI
2026-10-07T04:17:58.6720541Z observer latch PASS: Cargo build program maps
2026-10-07T04:17:58.6720709Z observer latch PASS: Cargo build program rustc query
2026-10-07T04:17:58.6720881Z observer latch PASS: Cargo build program null
2026-10-07T04:17:58.6721040Z observer latch PASS: Cargo build configuration
2026-10-07T04:17:58.6721317Z observer latch PASS: Terraform provider profile isolation
2026-10-07T04:17:58.6721510Z observer latch PASS: Go build runtime metadata boundary
2026-10-07T04:17:58.6721889Z observer latch PASS: Go build exact creator diagnostic boundary
2026-10-07T04:17:58.6722090Z observer latch PASS: Go build SDK tool child boundary
2026-10-07T04:17:58.6722270Z observer latch PASS: Go build cgo GCC creator boundary
2026-10-07T04:17:58.6722462Z observer latch PASS: Go build SDK linker GCC creator boundary
2026-10-07T04:17:58.6722673Z observer latch PASS: Go build SDK linker native ancestry boundary
2026-10-07T04:17:58.6722886Z observer latch PASS: Go build native linker resolver ABI boundary
2026-10-07T04:17:58.6723094Z observer latch PASS: Go build CC1 creator and loader boundary
2026-10-07T04:17:58.6723297Z observer latch PASS: Go build CC1 readonly header boundary
2026-10-07T04:17:58.6723584Z observer latch PASS: Go build assembler creator and loader boundary
2026-10-07T04:17:58.6723812Z observer latch PASS: Go build collect2 creator and loader boundary
2026-10-07T04:17:58.6724039Z observer latch PASS: Go build native linker creator and loader boundary
2026-10-07T04:17:58.6724263Z observer latch PASS: Go build native linker fixed plugin boundary
2026-10-07T04:17:58.6724476Z observer latch PASS: Go build native linker null device boundary
2026-10-07T04:17:58.6724695Z observer latch PASS: Go build native linker C runtime input boundary
2026-10-07T04:17:58.6724909Z observer latch PASS: Go build assembler null device boundary
2026-10-07T04:17:58.6725118Z observer latch PASS: Go build CC1 readonly SDK Cgo input boundary
2026-10-07T04:17:58.6725307Z observer latch PASS: exact npm CLI-to-Node
2026-10-07T04:17:58.6725469Z observer latch PASS: OPEN_RESULT negative matrix
2026-10-07T04:17:58.6725639Z observer latch PASS: OPEN_RESULT positive matrix
2026-10-07T04:17:58.6725805Z observer latch PASS: no-basename-trust
2026-10-07T04:17:58.6725976Z observer latch PASS: unexpected exec diagnostic retention
2026-10-07T04:17:58.6726173Z observer latch PASS: exact resolver npm-version-to-Node
2026-10-07T04:17:58.6726366Z observer latch PASS: resolver npm-version production path
2026-10-07T04:17:58.6726598Z observer latch PASS: resolver lock-generation production path
2026-10-07T04:17:58.6726802Z observer latch PASS: authoritative process-group lifecycle
2026-10-07T04:17:58.6726991Z observer latch PASS: direct-exec one-shot admission
2026-10-07T04:17:58.6727182Z observer latch PASS: direct-exec terminal admission protocol
2026-10-07T04:17:58.6727369Z observer latch PASS: direct-exec admission bound
2026-10-07T04:17:58.6727531Z observer latch PASS: session-aware control
2026-10-07T04:17:58.6727690Z observer latch PASS: exact control peer binding
2026-10-07T04:17:58.6727873Z observer latch PASS: control peer HUP clears live admission
2026-10-07T04:17:58.6728063Z observer latch PASS: unaccepted remote disconnect
2026-10-07T04:17:58.6728263Z observer latch PASS: accepted pre-attribution disconnect fail-stop
2026-10-07T04:17:58.6803548Z Post job cleanup.
2026-10-07T04:17:58.7333186Z [command]/usr/bin/git version
2026-10-07T04:17:58.7362976Z git version 2.55.0
2026-10-07T04:17:58.7390873Z Temporarily overriding HOME='/home/runner/work/_temp/c2f063cd-9d9b-4e5f-b6d8-7b99ef3cd58a' before making global git config changes
2026-10-07T04:17:58.7391398Z Adding repository directory to the temporary git global config as a safe directory
2026-10-07T04:17:58.7394271Z [command]/usr/bin/git config --global --add safe.directory /home/runner/work/heliopause/heliopause
2026-10-07T04:17:58.7417735Z Removing SSH command configuration
2026-10-07T04:17:58.7421878Z [command]/usr/bin/git config --local --name-only --get-regexp core\.sshCommand
2026-10-07T04:17:58.7445909Z [command]/usr/bin/git submodule foreach --recursive sh -c "git config --local --name-only --get-regexp 'core\.sshCommand' && git config --local --unset-all 'core.sshCommand' || :"
2026-10-07T04:17:58.7626776Z Removing HTTP extra header
2026-10-07T04:17:58.7632025Z [command]/usr/bin/git config --local --name-only --get-regexp http\.https\:\/\/github\.com\/\.extraheader
2026-10-07T04:17:58.7658859Z [command]/usr/bin/git submodule foreach --recursive sh -c "git config --local --name-only --get-regexp 'http\.https\:\/\/github\.com\/\.extraheader' && git config --local --unset-all 'http.https://github.com/.extraheader' || :"
2026-10-07T04:17:58.7840503Z Removing includeIf entries pointing to credentials config files
2026-10-07T04:17:58.7847528Z [command]/usr/bin/git config --local --name-only --get-regexp ^includeIf\.gitdir:
2026-10-07T04:17:58.7874717Z [command]/usr/bin/git submodule foreach --recursive git config --local --show-origin --name-only --get-regexp remote.origin.url
2026-10-07T04:17:58.8154381Z Cleaning up orphan processes
2026-10-07T04:17:58.8348689Z Terminate orphan process: pid (2260) (java.lang=ALL-UNNAMED)
