2026-10-07T01:22:46.2795002Z Current runner version: '2.337.0'
2026-10-07T01:22:46.2820159Z ##[group]Runner Image Provisioner
2026-10-07T01:22:46.2821154Z Hosted Compute Agent
2026-10-07T01:22:46.2821675Z Version: 20260901.588
2026-10-07T01:22:46.2822320Z Commit: f88ec8081b781fac6c440065ac7ff9e710ce3d0b
2026-10-07T01:22:46.2822991Z Build Date: 2026-09-01T19:56:44Z
2026-10-07T01:22:46.2823606Z Worker ID: {0f6c61c2-3364-4de2-a371-de635cedeb34}
2026-10-07T01:22:46.2824288Z Azure Region: westus3
2026-10-07T01:22:46.2824800Z ##[endgroup]
2026-10-07T01:22:46.2826585Z ##[group]Operating System
2026-10-07T01:22:46.2827198Z Ubuntu
2026-10-07T01:22:46.2827727Z 24.04.5
2026-10-07T01:22:46.2828200Z LTS
2026-10-07T01:22:46.2828662Z ##[endgroup]
2026-10-07T01:22:46.2829171Z ##[group]Runner Image
2026-10-07T01:22:46.2829709Z Image: ubuntu-24.04
2026-10-07T01:22:46.2830203Z Version: 20260927.320.1
2026-10-07T01:22:46.2831594Z Included Software: https://github.com/actions/runner-images/blob/ubuntu24/20260927.320/images/ubuntu/Ubuntu2404-Readme.md
2026-10-07T01:22:46.2833032Z Image Release: https://github.com/actions/runner-images/releases/tag/ubuntu24%2F20260927.320
2026-10-07T01:22:46.2833895Z ##[endgroup]
2026-10-07T01:22:46.2834982Z ##[group]GITHUB_TOKEN Permissions
2026-10-07T01:22:46.2836891Z Contents: read
2026-10-07T01:22:46.2837400Z Metadata: read
2026-10-07T01:22:46.2837971Z ##[endgroup]
2026-10-07T01:22:46.2840047Z Secret source: Actions
2026-10-07T01:22:46.2841156Z Cache mode: write
2026-10-07T01:22:46.2841802Z Prepare workflow directory
2026-10-07T01:22:46.3248276Z Prepare all required actions
2026-10-07T01:22:46.3297771Z Getting action download info
2026-10-07T01:22:46.6227102Z Download action repository 'actions/checkout@3d3c42e5aac5ba805825da76410c181273ba90b1' (SHA:3d3c42e5aac5ba805825da76410c181273ba90b1)
2026-10-07T01:22:46.7284629Z Download action repository 'actions/setup-go@b7ad1dad31e06c5925ef5d2fc7ad053ef454303e' (SHA:b7ad1dad31e06c5925ef5d2fc7ad053ef454303e)
2026-10-07T01:22:47.5577627Z Complete job name: gVisor Linux Integration
2026-10-07T01:22:47.6464387Z ##[group]Run actions/checkout@3d3c42e5aac5ba805825da76410c181273ba90b1
2026-10-07T01:22:47.6465576Z with:
2026-10-07T01:22:47.6466082Z   persist-credentials: false
2026-10-07T01:22:47.6466657Z   repository: rahoney/heliopause
2026-10-07T01:22:47.6470883Z   token: ***
2026-10-07T01:22:47.6471580Z   ssh-strict: true
2026-10-07T01:22:47.6472072Z   ssh-user: git
2026-10-07T01:22:47.6472547Z   clean: true
2026-10-07T01:22:47.6473056Z   sparse-checkout-cone-mode: true
2026-10-07T01:22:47.6473635Z   fetch-depth: 1
2026-10-07T01:22:47.6474122Z   fetch-tags: false
2026-10-07T01:22:47.6474612Z   show-progress: true
2026-10-07T01:22:47.6475106Z   lfs: false
2026-10-07T01:22:47.6475572Z   submodules: false
2026-10-07T01:22:47.6476075Z   set-safe-directory: true
2026-10-07T01:22:47.6476635Z   allow-unsafe-pr-checkout: false
2026-10-07T01:22:47.6477515Z env:
2026-10-07T01:22:47.6477960Z   GOTOOLCHAIN: local
2026-10-07T01:22:47.6478474Z ##[endgroup]
2026-10-07T01:22:47.7482432Z Syncing repository: rahoney/heliopause
2026-10-07T01:22:47.7486086Z ##[group]Getting Git version info
2026-10-07T01:22:47.7487455Z Working directory is '/home/runner/work/heliopause/heliopause'
2026-10-07T01:22:47.7488715Z [command]/usr/bin/git version
2026-10-07T01:22:47.7551045Z git version 2.55.0
2026-10-07T01:22:47.7571254Z ##[endgroup]
2026-10-07T01:22:47.7585057Z Temporarily overriding HOME='/home/runner/work/_temp/1d4ffcee-7a10-4db4-8c79-3fb4cc080123' before making global git config changes
2026-10-07T01:22:47.7592249Z Adding repository directory to the temporary git global config as a safe directory
2026-10-07T01:22:47.7594510Z [command]/usr/bin/git config --global --add safe.directory /home/runner/work/heliopause/heliopause
2026-10-07T01:22:47.7640033Z Deleting the contents of '/home/runner/work/heliopause/heliopause'
2026-10-07T01:22:47.7643110Z ##[group]Determining repository object format
2026-10-07T01:22:47.7644748Z ##[endgroup]
2026-10-07T01:22:47.7646211Z ##[group]Initializing the repository
2026-10-07T01:22:47.7650239Z [command]/usr/bin/git init /home/runner/work/heliopause/heliopause
2026-10-07T01:22:47.7746238Z hint: Using 'master' as the name for the initial branch. This default branch name
2026-10-07T01:22:47.7748452Z hint: will change to "main" in Git 3.0. To configure the initial branch name
2026-10-07T01:22:47.7750441Z hint: to use in all of your new repositories, which will suppress this warning,
2026-10-07T01:22:47.7752157Z hint: call:
2026-10-07T01:22:47.7752978Z hint:
2026-10-07T01:22:47.7754033Z hint: 	git config --global init.defaultBranch <name>
2026-10-07T01:22:47.7755339Z hint:
2026-10-07T01:22:47.7756583Z hint: Names commonly chosen instead of 'master' are 'main', 'trunk' and
2026-10-07T01:22:47.7758541Z hint: 'development'. The just-created branch can be renamed via this command:
2026-10-07T01:22:47.7760126Z hint:
2026-10-07T01:22:47.7761383Z hint: 	git branch -m <name>
2026-10-07T01:22:47.7762462Z hint:
2026-10-07T01:22:47.7763855Z hint: Disable this message with "git config set advice.defaultBranchName false"
2026-10-07T01:22:47.7766046Z Initialized empty Git repository in /home/runner/work/heliopause/heliopause/.git/
2026-10-07T01:22:47.7769663Z [command]/usr/bin/git remote add origin https://github.com/rahoney/heliopause
2026-10-07T01:22:47.7802141Z ##[endgroup]
2026-10-07T01:22:47.7803697Z ##[group]Disabling automatic garbage collection
2026-10-07T01:22:47.7806113Z [command]/usr/bin/git config --local gc.auto 0
2026-10-07T01:22:47.7834747Z ##[endgroup]
2026-10-07T01:22:47.7836158Z ##[group]Setting up auth
2026-10-07T01:22:47.7837491Z Removing SSH command configuration
2026-10-07T01:22:47.7843030Z [command]/usr/bin/git config --local --name-only --get-regexp core\.sshCommand
2026-10-07T01:22:47.7872782Z [command]/usr/bin/git submodule foreach --recursive sh -c "git config --local --name-only --get-regexp 'core\.sshCommand' && git config --local --unset-all 'core.sshCommand' || :"
2026-10-07T01:22:47.8176175Z Removing HTTP extra header
2026-10-07T01:22:47.8180864Z [command]/usr/bin/git config --local --name-only --get-regexp http\.https\:\/\/github\.com\/\.extraheader
2026-10-07T01:22:47.8214451Z [command]/usr/bin/git submodule foreach --recursive sh -c "git config --local --name-only --get-regexp 'http\.https\:\/\/github\.com\/\.extraheader' && git config --local --unset-all 'http.https://github.com/.extraheader' || :"
2026-10-07T01:22:47.8413511Z Removing includeIf entries pointing to credentials config files
2026-10-07T01:22:47.8419477Z [command]/usr/bin/git config --local --name-only --get-regexp ^includeIf\.gitdir:
2026-10-07T01:22:47.8448727Z [command]/usr/bin/git submodule foreach --recursive git config --local --show-origin --name-only --get-regexp remote.origin.url
2026-10-07T01:22:47.8655642Z [command]/usr/bin/git config --file /home/runner/work/_temp/git-credentials-a083ecdc-70c3-4aba-a3c1-32757dc8794c.config http.https://github.com/.extraheader AUTHORIZATION: basic ***
2026-10-07T01:22:47.8665278Z [command]/usr/bin/git config --local includeIf.gitdir:/home/runner/work/heliopause/heliopause/.git.path /home/runner/work/_temp/git-credentials-a083ecdc-70c3-4aba-a3c1-32757dc8794c.config
2026-10-07T01:22:47.8691471Z [command]/usr/bin/git config --local includeIf.gitdir:/home/runner/work/heliopause/heliopause/.git/worktrees/*.path /home/runner/work/_temp/git-credentials-a083ecdc-70c3-4aba-a3c1-32757dc8794c.config
2026-10-07T01:22:47.8721180Z [command]/usr/bin/git config --local includeIf.gitdir:/github/workspace/.git.path /github/runner_temp/git-credentials-a083ecdc-70c3-4aba-a3c1-32757dc8794c.config
2026-10-07T01:22:47.8749824Z [command]/usr/bin/git config --local includeIf.gitdir:/github/workspace/.git/worktrees/*.path /github/runner_temp/git-credentials-a083ecdc-70c3-4aba-a3c1-32757dc8794c.config
2026-10-07T01:22:47.8773538Z ##[endgroup]
2026-10-07T01:22:47.8774991Z ##[group]Fetching the repository
2026-10-07T01:22:47.8781265Z [command]/usr/bin/git -c protocol.version=2 fetch --no-tags --prune --no-recurse-submodules --depth=1 origin +6f0a519852c7ddcc1ac80d4e91f6bcd45214f885:refs/remotes/pull/29/merge
2026-10-07T01:22:49.1239477Z From https://github.com/rahoney/heliopause
2026-10-07T01:22:49.1242951Z  * [new ref]         6f0a519852c7ddcc1ac80d4e91f6bcd45214f885 -> pull/29/merge
2026-10-07T01:22:49.1249068Z ##[endgroup]
2026-10-07T01:22:49.1251414Z ##[group]Determining the checkout info
2026-10-07T01:22:49.1254018Z ##[endgroup]
2026-10-07T01:22:49.1255479Z [command]/usr/bin/git sparse-checkout disable
2026-10-07T01:22:49.1307642Z [command]/usr/bin/git config --local --unset-all extensions.worktreeConfig
2026-10-07T01:22:49.1332413Z ##[group]Checking out the ref
2026-10-07T01:22:49.1338238Z [command]/usr/bin/git checkout --progress --force refs/remotes/pull/29/merge
2026-10-07T01:22:49.2210726Z Note: switching to 'refs/remotes/pull/29/merge'.
2026-10-07T01:22:49.2212701Z 
2026-10-07T01:22:49.2213981Z You are in 'detached HEAD' state. You can look around, make experimental
2026-10-07T01:22:49.2217158Z changes and commit them, and you can discard any commits you make in this
2026-10-07T01:22:49.2220660Z state without impacting any branches by switching back to a branch.
2026-10-07T01:22:49.2223204Z 
2026-10-07T01:22:49.2224640Z If you want to create a new branch to retain commits you create, you may
2026-10-07T01:22:49.2228198Z do so (now or later) by using -c with the switch command. Example:
2026-10-07T01:22:49.2230196Z 
2026-10-07T01:22:49.2231159Z   git switch -c <new-branch-name>
2026-10-07T01:22:49.2232580Z 
2026-10-07T01:22:49.2233379Z Or undo this operation with:
2026-10-07T01:22:49.2234828Z 
2026-10-07T01:22:49.2235718Z   git switch -
2026-10-07T01:22:49.2236695Z 
2026-10-07T01:22:49.2238240Z Turn off this advice by setting config variable advice.detachedHead to false
2026-10-07T01:22:49.2240542Z 
2026-10-07T01:22:49.2243338Z HEAD is now at 6f0a519 Merge 8791fdcff573b1d85681ca74b65cf5a9e3ccf27a into 62c3b595e8e27a4a1d836849643c372692a39b8b
2026-10-07T01:22:49.2250791Z ##[endgroup]
2026-10-07T01:22:49.2266880Z [command]/usr/bin/git log -1 --format=%H
2026-10-07T01:22:49.2292226Z 6f0a519852c7ddcc1ac80d4e91f6bcd45214f885
2026-10-07T01:22:49.2301380Z ##[group]Removing auth
2026-10-07T01:22:49.2302767Z Removing SSH command configuration
2026-10-07T01:22:49.2306243Z [command]/usr/bin/git config --local --name-only --get-regexp core\.sshCommand
2026-10-07T01:22:49.2338828Z [command]/usr/bin/git submodule foreach --recursive sh -c "git config --local --name-only --get-regexp 'core\.sshCommand' && git config --local --unset-all 'core.sshCommand' || :"
2026-10-07T01:22:49.2519650Z Removing HTTP extra header
2026-10-07T01:22:49.2523392Z [command]/usr/bin/git config --local --name-only --get-regexp http\.https\:\/\/github\.com\/\.extraheader
2026-10-07T01:22:49.2554325Z [command]/usr/bin/git submodule foreach --recursive sh -c "git config --local --name-only --get-regexp 'http\.https\:\/\/github\.com\/\.extraheader' && git config --local --unset-all 'http.https://github.com/.extraheader' || :"
2026-10-07T01:22:49.2731711Z Removing includeIf entries pointing to credentials config files
2026-10-07T01:22:49.2734248Z [command]/usr/bin/git config --local --name-only --get-regexp ^includeIf\.gitdir:
2026-10-07T01:22:49.2759220Z includeif.gitdir:/home/runner/work/heliopause/heliopause/.git.path
2026-10-07T01:22:49.2763235Z includeif.gitdir:/home/runner/work/heliopause/heliopause/.git/worktrees/*.path
2026-10-07T01:22:49.2766220Z includeif.gitdir:/github/workspace/.git.path
2026-10-07T01:22:49.2768634Z includeif.gitdir:/github/workspace/.git/worktrees/*.path
2026-10-07T01:22:49.2774897Z [command]/usr/bin/git config --local --get-all includeif.gitdir:/home/runner/work/heliopause/heliopause/.git.path
2026-10-07T01:22:49.2791217Z /home/runner/work/_temp/git-credentials-a083ecdc-70c3-4aba-a3c1-32757dc8794c.config
2026-10-07T01:22:49.2802487Z [command]/usr/bin/git config --local --unset includeif.gitdir:/home/runner/work/heliopause/heliopause/.git.path \/home\/runner\/work\/_temp\/git\-credentials\-a083ecdc\-70c3\-4aba\-a3c1\-32757dc8794c\.config
2026-10-07T01:22:49.2830127Z [command]/usr/bin/git config --local --get-all includeif.gitdir:/home/runner/work/heliopause/heliopause/.git/worktrees/*.path
2026-10-07T01:22:49.2851481Z /home/runner/work/_temp/git-credentials-a083ecdc-70c3-4aba-a3c1-32757dc8794c.config
2026-10-07T01:22:49.2859325Z [command]/usr/bin/git config --local --unset includeif.gitdir:/home/runner/work/heliopause/heliopause/.git/worktrees/*.path \/home\/runner\/work\/_temp\/git\-credentials\-a083ecdc\-70c3\-4aba\-a3c1\-32757dc8794c\.config
2026-10-07T01:22:49.2888087Z [command]/usr/bin/git config --local --get-all includeif.gitdir:/github/workspace/.git.path
2026-10-07T01:22:49.2909720Z /github/runner_temp/git-credentials-a083ecdc-70c3-4aba-a3c1-32757dc8794c.config
2026-10-07T01:22:49.2917834Z [command]/usr/bin/git config --local --unset includeif.gitdir:/github/workspace/.git.path \/github\/runner_temp\/git\-credentials\-a083ecdc\-70c3\-4aba\-a3c1\-32757dc8794c\.config
2026-10-07T01:22:49.2945475Z [command]/usr/bin/git config --local --get-all includeif.gitdir:/github/workspace/.git/worktrees/*.path
2026-10-07T01:22:49.2966540Z /github/runner_temp/git-credentials-a083ecdc-70c3-4aba-a3c1-32757dc8794c.config
2026-10-07T01:22:49.2995265Z [command]/usr/bin/git config --local --unset includeif.gitdir:/github/workspace/.git/worktrees/*.path \/github\/runner_temp\/git\-credentials\-a083ecdc\-70c3\-4aba\-a3c1\-32757dc8794c\.config
2026-10-07T01:22:49.3055621Z [command]/usr/bin/git submodule foreach --recursive git config --local --show-origin --name-only --get-regexp remote.origin.url
2026-10-07T01:22:49.3233882Z Removing credentials config '/home/runner/work/_temp/git-credentials-a083ecdc-70c3-4aba-a3c1-32757dc8794c.config'
2026-10-07T01:22:49.3241215Z ##[endgroup]
2026-10-07T01:22:49.3557248Z ##[group]Run actions/setup-go@b7ad1dad31e06c5925ef5d2fc7ad053ef454303e
2026-10-07T01:22:49.3558740Z with:
2026-10-07T01:22:49.3559540Z   go-version: 1.26.8
2026-10-07T01:22:49.3560434Z   check-latest: false
2026-10-07T01:22:49.3561456Z   cache: false
2026-10-07T01:22:49.3569902Z   token: ***
2026-10-07T01:22:49.3570694Z env:
2026-10-07T01:22:49.3571686Z   GOTOOLCHAIN: local
2026-10-07T01:22:49.3572559Z ##[endgroup]
2026-10-07T01:22:49.4712585Z Setup go version spec 1.26.8
2026-10-07T01:22:49.4831676Z Found in cache @ /opt/hostedtoolcache/go/1.26.8/x64
2026-10-07T01:22:49.4833305Z Added go to the path
2026-10-07T01:22:49.4836078Z Successfully set up Go version 1.26.8
2026-10-07T01:22:50.0934358Z go version go1.26.8 linux/amd64
2026-10-07T01:22:50.0934635Z 
2026-10-07T01:22:50.0935000Z ##[group]go env
2026-10-07T01:22:50.2462995Z AR='ar'
2026-10-07T01:22:50.2463267Z CC='gcc'
2026-10-07T01:22:50.2463667Z CGO_CFLAGS='-O2 -g'
2026-10-07T01:22:50.2464105Z CGO_CPPFLAGS=''
2026-10-07T01:22:50.2464592Z CGO_CXXFLAGS='-O2 -g'
2026-10-07T01:22:50.2464977Z CGO_ENABLED='1'
2026-10-07T01:22:50.2465450Z CGO_FFLAGS='-O2 -g'
2026-10-07T01:22:50.2465872Z CGO_LDFLAGS='-O2 -g'
2026-10-07T01:22:50.2466246Z CXX='g++'
2026-10-07T01:22:50.2466578Z GCCGO='gccgo'
2026-10-07T01:22:50.2466995Z GO111MODULE=''
2026-10-07T01:22:50.2467358Z GOAMD64='v1'
2026-10-07T01:22:50.2467739Z GOARCH='amd64'
2026-10-07T01:22:50.2467989Z GOAUTH='netrc'
2026-10-07T01:22:50.2468621Z GOBIN=''
2026-10-07T01:22:50.2468981Z GOCACHE='/home/runner/.cache/go-build'
2026-10-07T01:22:50.2469571Z GOCACHEPROG=''
2026-10-07T01:22:50.2470101Z GODEBUG=''
2026-10-07T01:22:50.2470838Z GOENV='/home/runner/.config/go/env'
2026-10-07T01:22:50.2471495Z GOEXE=''
2026-10-07T01:22:50.2471825Z GOEXPERIMENT=''
2026-10-07T01:22:50.2472074Z GOFIPS140='off'
2026-10-07T01:22:50.2472507Z GOFLAGS=''
2026-10-07T01:22:50.2473620Z GOGCCFLAGS='-fPIC -m64 -pthread -Wl,--no-gc-sections -fmessage-length=0 -ffile-prefix-map=/tmp/go-build717179063=/tmp/go-build -gno-record-gcc-switches'
2026-10-07T01:22:50.2474653Z GOHOSTARCH='amd64'
2026-10-07T01:22:50.2475156Z GOHOSTOS='linux'
2026-10-07T01:22:50.2475690Z GOINSECURE=''
2026-10-07T01:22:50.2476291Z GOMOD='/home/runner/work/heliopause/heliopause/go.mod'
2026-10-07T01:22:50.2477003Z GOMODCACHE='/home/runner/go/pkg/mod'
2026-10-07T01:22:50.2477591Z GONOPROXY=''
2026-10-07T01:22:50.2478063Z GONOSUMDB=''
2026-10-07T01:22:50.2478766Z GOOS='linux'
2026-10-07T01:22:50.2479264Z GOPATH='/home/runner/go'
2026-10-07T01:22:50.2479768Z GOPRIVATE=''
2026-10-07T01:22:50.2480355Z GOPROXY='https://proxy.golang.org,direct'
2026-10-07T01:22:50.2481055Z GOROOT='/opt/hostedtoolcache/go/1.26.8/x64'
2026-10-07T01:22:50.2482067Z GOSUMDB='sum.golang.org'
2026-10-07T01:22:50.2482693Z GOTELEMETRY='local'
2026-10-07T01:22:50.2483214Z GOTELEMETRYDIR='/home/runner/.config/go/telemetry'
2026-10-07T01:22:50.2483670Z GOTMPDIR=''
2026-10-07T01:22:50.2483925Z GOTOOLCHAIN='local'
2026-10-07T01:22:50.2484332Z GOTOOLDIR='/opt/hostedtoolcache/go/1.26.8/x64/pkg/tool/linux_amd64'
2026-10-07T01:22:50.2484776Z GOVCS=''
2026-10-07T01:22:50.2485018Z GOVERSION='go1.26.8'
2026-10-07T01:22:50.2485288Z GOWORK=''
2026-10-07T01:22:50.2485615Z PKG_CONFIG='pkg-config'
2026-10-07T01:22:50.2485806Z 
2026-10-07T01:22:50.2486281Z ##[endgroup]
2026-10-07T01:22:50.3184073Z ##[group]Run set -eu
2026-10-07T01:22:50.3184980Z [36;1mset -eu[0m
2026-10-07T01:22:50.3185304Z [36;1mruntime_lock=scripts/runtimes.lock.json[0m
2026-10-07T01:22:50.3185681Z [36;1mtest -f "$runtime_lock"[0m
2026-10-07T01:22:50.3186240Z [36;1mdocker_package_version="$(jq -er '.docker.ci_ubuntu_24_04_amd64.docker_ce_package' "$runtime_lock")"[0m
2026-10-07T01:22:50.3186946Z [36;1mcontainerd_package_version="$(jq -er '.docker.ci_ubuntu_24_04_amd64.containerd_package' "$runtime_lock")"[0m
2026-10-07T01:22:50.3187574Z [36;1mdocker_engine_version="$(jq -er '.docker.ci_engine_version' "$runtime_lock")"[0m
2026-10-07T01:22:50.3188065Z [36;1mnode_image="$(jq -er '.node_image.reference' "$runtime_lock")"[0m
2026-10-07T01:22:50.3188526Z [36;1mpython_image="$(jq -er '.python_image.reference' "$runtime_lock")"[0m
2026-10-07T01:22:50.3188970Z [36;1mgo_image="$(jq -er '.go_image.reference' "$runtime_lock")"[0m
2026-10-07T01:22:50.3189442Z [36;1mrust_image="$(jq -er '.rust_image.reference' "$runtime_lock")"[0m
2026-10-07T01:22:50.3189811Z [36;1mconflicting_packages=()[0m
2026-10-07T01:22:50.3190390Z [36;1mfor package in docker.io docker-compose docker-compose-v2 docker-doc podman-docker containerd runc moby-engine moby-cli; do[0m
2026-10-07T01:22:50.3191392Z [36;1m  if dpkg-query -W -f='${db:Status-Abbrev}' "$package" 2>/dev/null | grep -q '^ii'; then[0m
2026-10-07T01:22:50.3191872Z [36;1m    conflicting_packages+=("$package")[0m
2026-10-07T01:22:50.3192180Z [36;1m  fi[0m
2026-10-07T01:22:50.3192402Z [36;1mdone[0m
2026-10-07T01:22:50.3192645Z [36;1mif ((${#conflicting_packages[@]})); then[0m
2026-10-07T01:22:50.3193016Z [36;1m  sudo apt-get remove -y "${conflicting_packages[@]}"[0m
2026-10-07T01:22:50.3193339Z [36;1mfi[0m
2026-10-07T01:22:50.3193588Z [36;1msudo install -m 0755 -d /etc/apt/keyrings[0m
2026-10-07T01:22:50.3194291Z [36;1mcurl --fail --location --silent --show-error https://download.docker.com/linux/ubuntu/gpg | sudo tee /etc/apt/keyrings/docker.asc >/dev/null[0m
2026-10-07T01:22:50.3194970Z [36;1msudo chmod a+r /etc/apt/keyrings/docker.asc[0m
2026-10-07T01:22:50.3195283Z [36;1mprintf '%s\n' \[0m
2026-10-07T01:22:50.3195525Z [36;1m  'Types: deb' \[0m
2026-10-07T01:22:50.3195850Z [36;1m  'URIs: https://download.docker.com/linux/ubuntu' \[0m
2026-10-07T01:22:50.3196190Z [36;1m  'Suites: noble' \[0m
2026-10-07T01:22:50.3196441Z [36;1m  'Components: stable' \[0m
2026-10-07T01:22:50.3196716Z [36;1m  'Architectures: amd64' \[0m
2026-10-07T01:22:50.3197210Z [36;1m  'Signed-By: /etc/apt/keyrings/docker.asc' | sudo tee /etc/apt/sources.list.d/docker.sources >/dev/null[0m
2026-10-07T01:22:50.3197703Z [36;1msudo apt-get update[0m
2026-10-07T01:22:50.3198078Z [36;1msudo apt-get install -y --allow-downgrades --no-install-recommends \[0m
2026-10-07T01:22:50.3198498Z [36;1m  "docker-ce=$docker_package_version" \[0m
2026-10-07T01:22:50.3198844Z [36;1m  "docker-ce-cli=$docker_package_version" \[0m
2026-10-07T01:22:50.3199210Z [36;1m  "containerd.io=$containerd_package_version" \[0m
2026-10-07T01:22:50.3199551Z [36;1m  binutils-aarch64-linux-gnu \[0m
2026-10-07T01:22:50.3200026Z [36;1m  gcc-aarch64-linux-gnu \[0m
2026-10-07T01:22:50.3200306Z [36;1m  g++-aarch64-linux-gnu \[0m
2026-10-07T01:22:50.3200570Z [36;1m  libbpf-dev \[0m
2026-10-07T01:22:50.3200812Z [36;1m  libc6-dev-i386 \[0m
2026-10-07T01:22:50.3201273Z [36;1m  libc6-dev-arm64-cross[0m
2026-10-07T01:22:50.3201570Z [36;1mtest -f /usr/include/bpf/bpf_helpers.h[0m
2026-10-07T01:22:50.3201948Z [36;1mtest -f /usr/include/x86_64-linux-gnu/gnu/stubs-32.h[0m
2026-10-07T01:22:50.3202303Z [36;1mcommand -v clang >/dev/null[0m
2026-10-07T01:22:50.3202604Z [36;1mfor tool in gcc g++ as ld objcopy; do[0m
2026-10-07T01:22:50.3202947Z [36;1m  command -v "aarch64-linux-gnu-$tool" >/dev/null[0m
2026-10-07T01:22:50.3203263Z [36;1mdone[0m
2026-10-07T01:22:50.3203564Z [36;1mtest -x "$(aarch64-linux-gnu-g++ -print-prog-name=cc1plus)"[0m
2026-10-07T01:22:50.3204049Z [36;1mfor header in \[0m
2026-10-07T01:22:50.3204341Z [36;1m  asm/sigcontext.h \[0m
2026-10-07T01:22:50.3204596Z [36;1m  asm/unistd.h \[0m
2026-10-07T01:22:50.3204852Z [36;1m  errno.h \[0m
2026-10-07T01:22:50.3205084Z [36;1m  linux/audit.h \[0m
2026-10-07T01:22:50.3205335Z [36;1m  linux/futex.h \[0m
2026-10-07T01:22:50.3205574Z [36;1m  linux/unistd.h \[0m
2026-10-07T01:22:50.3205820Z [36;1m  signal.h \[0m
2026-10-07T01:22:50.3206051Z [36;1m  stdint.h \[0m
2026-10-07T01:22:50.3206271Z [36;1m  stdlib.h \[0m
2026-10-07T01:22:50.3206489Z [36;1m  sys/prctl.h \[0m
2026-10-07T01:22:50.3206722Z [36;1m  sys/types.h \[0m
2026-10-07T01:22:50.3206954Z [36;1m  sys/ucontext.h \[0m
2026-10-07T01:22:50.3207202Z [36;1m  sys/user.h; do[0m
2026-10-07T01:22:50.3207494Z [36;1m  test -f "/usr/aarch64-linux-gnu/include/$header"[0m
2026-10-07T01:22:50.3207806Z [36;1mdone[0m
2026-10-07T01:22:50.3208150Z [36;1maarch64_gcc_include="$(aarch64-linux-gnu-gcc -print-file-name=include)"[0m
2026-10-07T01:22:50.3208622Z [36;1mtest -f "$aarch64_gcc_include/stdbool.h"[0m
2026-10-07T01:22:50.3208996Z [36;1mtest -f "$aarch64_gcc_include/stddef.h"[0m
2026-10-07T01:22:50.3209448Z [36;1mtest "$(docker version --format '{{.Server.Version}}')" = "$docker_engine_version"[0m
2026-10-07T01:22:50.3209972Z [36;1mscripts/build-gvisor-runtime-bundle.sh "$RUNNER_TEMP/gvisor"[0m
2026-10-07T01:22:50.3210455Z [36;1msudo install -d -m 0755 /usr/libexec/heliopause/gvisor/gvisor-bin[0m
2026-10-07T01:22:50.3211178Z [36;1mjq -er '.gvisor.runtime_bundle.members[].path' "$runtime_lock" | while IFS= read -r member; do[0m
2026-10-07T01:22:50.3211820Z [36;1m  sudo install -m 0755 "$RUNNER_TEMP/gvisor/$member" "/usr/libexec/heliopause/gvisor/$member"[0m
2026-10-07T01:22:50.3212257Z [36;1mdone[0m
2026-10-07T01:22:50.3212799Z [36;1msudo install -m 0644 "$RUNNER_TEMP/gvisor/gvisor-bundle.manifest.json" /usr/libexec/heliopause/gvisor/gvisor-bundle.manifest.json[0m
2026-10-07T01:22:50.3213584Z [36;1mtest "$(jq -er '.members | length' "$RUNNER_TEMP/gvisor/gvisor-bundle.manifest.json")" = 6[0m
2026-10-07T01:22:50.3214051Z [36;1mwhile IFS=' ' read -r member sha512; do[0m
2026-10-07T01:22:50.3214555Z [36;1m  test "$(sudo sha512sum "/usr/libexec/heliopause/gvisor/$member" | awk '{print $1}')" = "$sha512"[0m
2026-10-07T01:22:50.3215019Z [36;1mdone <<EOF[0m
2026-10-07T01:22:50.3215407Z [36;1m$(jq -er '.members[] | "\(.path) \(.sha512)"' "$RUNNER_TEMP/gvisor/gvisor-bundle.manifest.json")[0m
2026-10-07T01:22:50.3215828Z [36;1mEOF[0m
2026-10-07T01:22:50.3216166Z [36;1msudo install -d -m 0700 -o "$USER" -g "$(id -gn)" /run/heliopause-observer[0m
2026-10-07T01:22:50.3216599Z [36;1msudo install -d -m 0755 /etc/heliopause[0m
2026-10-07T01:22:50.3217074Z [36;1msudo install -m 0600 tools/gvisor-observer/pod-init.json /etc/heliopause/pod-init.json[0m
2026-10-07T01:22:50.3218107Z [36;1msudo /usr/libexec/heliopause/gvisor/runsc install --download-sidecars=NEVER --require-sidecars=ALWAYS --runtime=runsc-trace -- --sidecar-usage-policy=STRICT --pod-init-config=/etc/heliopause/pod-init.json[0m
2026-10-07T01:22:50.3219803Z [36;1msudo python3 -c 'import json; from pathlib import Path; path = Path("/etc/docker/daemon.json"); config = json.loads(path.read_text()) if path.exists() else {}; config.update({"firewall-backend": "iptables", "iptables": True, "ip6tables": False}); path.write_text(json.dumps(config, sort_keys=True) + "\n")'[0m
2026-10-07T01:22:50.3221604Z [36;1msudo systemctl restart docker || { sudo systemctl status docker --no-pager || true; sudo journalctl -u docker --no-pager -n 100 || true; exit 1; }[0m
2026-10-07T01:22:50.3222237Z [36;1msudo iptables -S DOCKER-USER[0m
2026-10-07T01:22:50.3222518Z [36;1mdocker pull "$node_image"[0m
2026-10-07T01:22:50.3222796Z [36;1mdocker pull "$python_image"[0m
2026-10-07T01:22:50.3223073Z [36;1mdocker pull "$go_image"[0m
2026-10-07T01:22:50.3223339Z [36;1mdocker pull "$rust_image"[0m
2026-10-07T01:22:50.3223765Z [36;1mscripts/build-gvisor-observer-release.sh "$RUNNER_TEMP/haa_gvisor_observer"[0m
2026-10-07T01:22:50.3224506Z [36;1msudo install -m 0755 "$RUNNER_TEMP/haa_gvisor_observer" /usr/libexec/heliopause/haa_gvisor_observer[0m
2026-10-07T01:22:50.3225018Z [36;1m[0m
2026-10-07T01:22:50.3225265Z [36;1msource scripts/ci-integration-cleanup.sh[0m
2026-10-07T01:22:50.3225597Z [36;1mhaa_ci_initialize[0m
2026-10-07T01:22:50.3225896Z [36;1mecho 'Building helox for gVisor integration'[0m
2026-10-07T01:22:50.3226274Z [36;1mgo build -trimpath -o "$RUNNER_TEMP/helox" ./cmd/helox[0m
2026-10-07T01:22:50.3226705Z [36;1mecho 'Building network-policy helper for gVisor integration'[0m
2026-10-07T01:22:50.3227272Z [36;1mgo build -trimpath -o "$RUNNER_TEMP/haa-network-policy-helper" ./cmd/haa-network-policy-helper[0m
2026-10-07T01:22:50.3227885Z [36;1mecho 'Installing network-policy helper and preparing its identity contract'[0m
2026-10-07T01:22:50.3228414Z [36;1msudo install -m 0755 "$RUNNER_TEMP/helox" /usr/libexec/heliopause/helox[0m
2026-10-07T01:22:50.3229058Z [36;1msudo install -m 0755 "$RUNNER_TEMP/haa-network-policy-helper" /usr/libexec/heliopause/haa-network-policy-helper[0m
2026-10-07T01:22:50.3229731Z [36;1msudo install -d -m 0755 -o root -g root /run/heliopause-network-policy[0m
2026-10-07T01:22:50.3230698Z [36;1mprintf '{"socket_path":"/run/heliopause-network-policy/helper.sock","client_path":"/usr/libexec/heliopause/helox","client_uid":%s,"client_gid":%s}\n' "$(id -u)" "$(id -g)" | sudo tee /etc/heliopause/network-policy.json >/dev/null[0m
2026-10-07T01:22:50.3231929Z [36;1m# The ordinary client must read the root-owned, non-writable public[0m
2026-10-07T01:22:50.3232396Z [36;1m# identity contract; it contains no credential or secret.[0m
2026-10-07T01:22:50.3232812Z [36;1msudo chmod 0644 /etc/heliopause/network-policy.json[0m
2026-10-07T01:22:50.3233158Z [36;1mhaa_start_policy_helper[0m
2026-10-07T01:22:50.3233471Z [36;1m/usr/libexec/heliopause/gvisor/runsc --version[0m
2026-10-07T01:22:50.3233828Z [36;1mdocker version --format '{{.Server.Version}}'[0m
2026-10-07T01:22:50.3234232Z [36;1mdocker info --format '{{json (index .Runtimes "runsc-trace")}}'[0m
2026-10-07T01:22:50.3234738Z [36;1mgo test -run='^$' -fuzz=FuzzDecodeHelperRecord -fuzztime=2s ./internal/sandbox[0m
2026-10-07T01:22:50.3235432Z [36;1mHELOX_HOSTTOOL_INTEGRATION=1 go test -v -timeout=2m ./internal/hosttool -run TestLinuxTrustedHostExecutorIntegration[0m
2026-10-07T01:22:50.3236211Z [36;1mHELOX_GVISOR_INTEGRATION=1 go test -timeout=5m ./internal/sandbox -run TestLinuxGVisorLifecycleIntegration[0m
2026-10-07T01:22:50.3237006Z [36;1mHELOX_GITHUB_RELEASE_INTEGRATION=1 go test -timeout=5m ./internal/sandbox -run TestLinuxGitHubReleaseELFDynamicIntegration[0m
2026-10-07T01:22:50.3237699Z [36;1m# The typed-helper ordinary-user path is exercised for both npm and pip.[0m
2026-10-07T01:22:50.3238209Z [36;1m# npm installs is-number@7.0.0 with complete ALLOW inspection and atomic[0m
2026-10-07T01:22:50.3238605Z [36;1m# offline promotion (exit 0).[0m
2026-10-07T01:22:50.3239010Z [36;1m# pip installs packaging@25.0 into an initialized Python 3.14 venv fixture,[0m
2026-10-07T01:22:50.3239526Z [36;1m# proving complete ALLOW inspection and atomic offline promotion (exit 0).[0m
2026-10-07T01:22:50.3240052Z [36;1mmkdir -p "$RUNNER_TEMP/pypi-target"[0m
2026-10-07T01:22:50.3240423Z [36;1mdocker run --rm --network none --user "$(id -u):$(id -g)" \[0m
2026-10-07T01:22:50.3240811Z [36;1m  -v "$RUNNER_TEMP/pypi-target:/target" \[0m
2026-10-07T01:22:50.3241376Z [36;1m  "$python_image" python -m venv --without-pip /target[0m
2026-10-07T01:22:50.3241698Z [36;1mset +e[0m
2026-10-07T01:22:50.3242101Z [36;1m/usr/libexec/heliopause/helox npm install is-number@7.0.0 --target "$RUNNER_TEMP/npm-target"[0m
2026-10-07T01:22:50.3242571Z [36;1mnpm_status=$?[0m
2026-10-07T01:22:50.3243005Z [36;1m/usr/libexec/heliopause/helox pip install packaging@25.0 --target "$RUNNER_TEMP/pypi-target"[0m
2026-10-07T01:22:50.3243472Z [36;1mpypi_status=$?[0m
2026-10-07T01:22:50.3243703Z [36;1mset -e[0m
2026-10-07T01:22:50.3244006Z [36;1mtest "$npm_status" = 0[0m
2026-10-07T01:22:50.3244382Z [36;1mtest -f "$RUNNER_TEMP/npm-target/node_modules/is-number/package.json"[0m
2026-10-07T01:22:50.3244828Z [36;1mjq -e '.name == "is-number" and .version == "7.0.0"' \[0m
2026-10-07T01:22:50.3245279Z [36;1m  "$RUNNER_TEMP/npm-target/node_modules/is-number/package.json" >/dev/null[0m
2026-10-07T01:22:50.3245690Z [36;1mtest "$pypi_status" = 0[0m
2026-10-07T01:22:50.3246070Z [36;1mtest -d "$RUNNER_TEMP/pypi-target/lib/python3.14/site-packages/packaging"[0m
2026-10-07T01:22:50.3246902Z [36;1mHELOX_RUN_TERRAFORM_SOURCE_INTEGRATION=1 go test -v -timeout=3m ./internal/verification/terraformprovider -run '^TestPublicTerraformProviderSourceIntegration$'[0m
2026-10-07T01:22:50.3247695Z [36;1mgo test -c -o "$RUNNER_TEMP/helox-sandbox-test" ./internal/sandbox[0m
2026-10-07T01:22:50.3248142Z [36;1mhaa_install_ci_client "$RUNNER_TEMP/helox-sandbox-test"[0m
2026-10-07T01:22:50.3248498Z [36;1mhaa_start_policy_helper[0m
2026-10-07T01:22:50.3249064Z [36;1mHELOX_PYTORCH_RESOLVER_INTEGRATION=1 /usr/libexec/heliopause/helox -test.v -test.run '^TestLinuxPyTorchResolverIntegration$'[0m
2026-10-07T01:22:50.3250407Z [36;1mHELOX_GO_RESOLVER_INTEGRATION=1 HELOX_GO_RESOLVER_PROJECT_INTEGRATION=1 /usr/libexec/heliopause/helox -test.v -test.timeout=5m -test.run '^TestLinuxGo(IsolatedResolver|IsolatedProjectResolver|SourceProjectSnapshot|DependencyFreeProjectSnapshot)Integration$'[0m
2026-10-07T01:22:50.3251619Z [36;1m# A compiled test binary keeps the caller's cwd; match go test's package cwd.[0m
2026-10-07T01:22:50.3252016Z [36;1m([0m
2026-10-07T01:22:50.3252228Z [36;1m  cd internal/sandbox[0m
2026-10-07T01:22:50.3252872Z [36;1m  HELOX_CARGO_RESOLVER_INTEGRATION=1 /usr/libexec/heliopause/helox -test.v -test.timeout=5m -test.run '^TestLinuxCargoSourceProjectSnapshotIntegration$'[0m
2026-10-07T01:22:50.3253528Z [36;1m)[0m
2026-10-07T01:22:50.3254141Z [36;1mHELOX_TERRAFORM_PROVIDER_INTEGRATION=1 /usr/libexec/heliopause/helox -test.v -test.timeout=5m -test.run '^TestLinuxTerraformProvider(Probe|Security)Integration$'[0m
2026-10-07T01:22:50.3254932Z [36;1mgo test -c -o "$RUNNER_TEMP/helox-bootstrap-test" ./internal/bootstrap[0m
2026-10-07T01:22:50.3255407Z [36;1mhaa_install_ci_client "$RUNNER_TEMP/helox-bootstrap-test"[0m
2026-10-07T01:22:50.3255767Z [36;1mhaa_start_policy_helper[0m
2026-10-07T01:22:50.3256347Z [36;1mHELOX_NPM_INSPECT_INTEGRATION=1 /usr/libexec/heliopause/helox -test.v -test.timeout=5m -test.run '^TestLinuxNPMInspectCLIIntegration$'[0m
2026-10-07T01:22:50.3257550Z [36;1mHELOX_GO_RESOLVER_INTEGRATION=1 HELOX_GO_RESOLVER_PROJECT_INTEGRATION=1 /usr/libexec/heliopause/helox -test.v -test.timeout=10m -test.run '^TestLinuxGo(GetDownload|TransitiveGetDownload|DependencyFreeDownload)Integration$'[0m
2026-10-07T01:22:50.3259326Z [36;1mHELOX_GO_BUILD_CLI_INTEGRATION=1 /usr/libexec/heliopause/helox -test.v -test.timeout=15m -test.run '^TestLinuxGo(DependencyFreeBuildCLI|PublicBuildCLI|TransitiveBuildCLI|InvalidTestdataBuildCLI|CgoBuildCLI|LibraryBuildCLI|MixedPackagesBuildCLI|MixedInvalidPackageBuildCLI|BuildSecurityCLI)Integration$'[0m
2026-10-07T01:22:50.3261120Z [36;1mHELOX_CARGO_RESOLVER_INTEGRATION=1 HELOX_CARGO_ADD_INTEGRATION=1 /usr/libexec/heliopause/helox -test.v -test.timeout=10m -test.run '^TestLinuxCargo(Add|TransitiveAdd)Integration$'[0m
2026-10-07T01:22:50.3262467Z [36;1mHELOX_CARGO_RESOLVER_INTEGRATION=1 HELOX_CARGO_BUILD_CLI_INTEGRATION=1 /usr/libexec/heliopause/helox -test.v -test.timeout=15m -test.run '^TestLinuxCargo.*Build.*CLIIntegration$|^TestLinuxCargoProcMacroSecurityCLIIntegration$'[0m
2026-10-07T01:22:50.3263777Z [36;1mHELOX_TERRAFORM_INIT_INTEGRATION=1 /usr/libexec/heliopause/helox -test.v -test.timeout=10m -test.run '^TestLinuxTerraformInit(Integration|NegativeIntegration)$'[0m
2026-10-07T01:22:50.3264459Z [36;1mselected_cuda_profiles=0[0m
2026-10-07T01:22:50.3264872Z [36;1mif [ "false" = true ]; then selected_cuda_profiles=$((selected_cuda_profiles + 1)); fi[0m
2026-10-07T01:22:50.3265500Z [36;1mif [ "false" = true ]; then selected_cuda_profiles=$((selected_cuda_profiles + 1)); fi[0m
2026-10-07T01:22:50.3266045Z [36;1mif [ "false" = true ]; then selected_cuda_profiles=$((selected_cuda_profiles + 1)); fi[0m
2026-10-07T01:22:50.3266497Z [36;1mif [ "$selected_cuda_profiles" -gt 1 ]; then[0m
2026-10-07T01:22:50.3266896Z [36;1m  echo "select at most one CUDA PyTorch qualification profile" >&2[0m
2026-10-07T01:22:50.3267258Z [36;1m  exit 1[0m
2026-10-07T01:22:50.3267458Z [36;1mfi[0m
2026-10-07T01:22:50.3267702Z [36;1mif [ "$selected_cuda_profiles" -gt 0 ]; then[0m
2026-10-07T01:22:50.3268055Z [36;1m  go run ./scripts/check qualification-freshness[0m
2026-10-07T01:22:50.3268364Z [36;1mfi[0m
2026-10-07T01:22:50.3268730Z [36;1m# Explicit qualification inputs only; never infer dependencies from artifact output.[0m
2026-10-07T01:22:50.3269826Z [36;1mHELOX_PYTORCH_INSPECTION_PREREQUISITE='' HELOX_PYTORCH_NOT_ATTESTED_MODULE='' HELOX_PYTORCH_FULL_INTEGRATION=1 HELOX_PYTORCH_PROFILE=cpu /usr/libexec/heliopause/helox -test.v -test.timeout=15m -test.run '^TestLinuxPyTorchFullIntegration$'[0m
2026-10-07T01:22:50.3270751Z [36;1mif [ "false" = true ]; then[0m
2026-10-07T01:22:50.3272864Z [36;1m  HELOX_PYTORCH_INSPECTION_PREREQUISITE='{"target_sha256":"94e4f9bd6b9b21aad545e0d441707094e4ff88ab420d62b85fcdc8b6da1e039f","source":"pypi","project":"numpy","version":"2.4.6","filename":"numpy-2.4.6-cp314-cp314-manylinux_2_27_x86_64.manylinux_2_28_x86_64.whl","sha256":"a2c306dea656c12c68f51f4cea133cbe78ca7435eb28c735eac1d3ebe73be6e8","reason":"BROADER_MODULE_PROBES"}' HELOX_PYTORCH_NOT_ATTESTED_MODULE='triton.profiler.viewer' HELOX_PYTORCH_FULL_INTEGRATION=1 HELOX_PYTORCH_PROFILE=cu126 /usr/libexec/heliopause/helox -test.v -test.timeout=40m -test.run '^TestLinuxPyTorchFullIntegration$'[0m
2026-10-07T01:22:50.3274878Z [36;1mfi[0m
2026-10-07T01:22:50.3275087Z [36;1mif [ "false" = true ]; then[0m
2026-10-07T01:22:50.3277103Z [36;1m  HELOX_PYTORCH_INSPECTION_PREREQUISITE='{"target_sha256":"bbacde6f75665b197016b986164cfdaa33b17515e5e635a63ddb75926aaa71c3","source":"pypi","project":"numpy","version":"2.4.6","filename":"numpy-2.4.6-cp314-cp314-manylinux_2_27_x86_64.manylinux_2_28_x86_64.whl","sha256":"a2c306dea656c12c68f51f4cea133cbe78ca7435eb28c735eac1d3ebe73be6e8","reason":"BROADER_MODULE_PROBES"}' HELOX_PYTORCH_NOT_ATTESTED_MODULE='triton.profiler.viewer' HELOX_PYTORCH_FULL_INTEGRATION=1 HELOX_PYTORCH_PROFILE=cu130 /usr/libexec/heliopause/helox -test.v -test.timeout=40m -test.run '^TestLinuxPyTorchFullIntegration$'[0m
2026-10-07T01:22:50.3279092Z [36;1mfi[0m
2026-10-07T01:22:50.3279301Z [36;1mif [ "false" = true ]; then[0m
2026-10-07T01:22:50.3281365Z [36;1m  HELOX_PYTORCH_INSPECTION_PREREQUISITE='{"target_sha256":"bbacde6f75665b197016b986164cfdaa33b17515e5e635a63ddb75926aaa71c3","source":"pypi","project":"numpy","version":"2.4.6","filename":"numpy-2.4.6-cp314-cp314-manylinux_2_27_x86_64.manylinux_2_28_x86_64.whl","sha256":"a2c306dea656c12c68f51f4cea133cbe78ca7435eb28c735eac1d3ebe73be6e8","reason":"BROADER_MODULE_PROBES"}' HELOX_PYTORCH_NOT_ATTESTED_MODULE='triton.profiler.viewer' HELOX_PYTORCH_FULL_INTEGRATION=1 HELOX_PYTORCH_PROFILE=cu132 /usr/libexec/heliopause/helox -test.v -test.timeout=40m -test.run '^TestLinuxPyTorchFullIntegration$'[0m
2026-10-07T01:22:50.3283494Z [36;1mfi[0m
2026-10-07T01:22:50.3283774Z [36;1mhaa_install_ci_client "$RUNNER_TEMP/helox-sandbox-test"[0m
2026-10-07T01:22:50.3284134Z [36;1mhaa_start_policy_helper[0m
2026-10-07T01:22:50.3284767Z [36;1mHELOX_PYPI_DYNAMIC_INTEGRATION=1 /usr/libexec/heliopause/helox -test.v -test.timeout=5m -test.run '^TestLinuxPyPI(WheelDynamic|SdistBuild)Integration$'[0m
2026-10-07T01:22:50.3285525Z [36;1m# Restore the production client before leaving the integration step.[0m
2026-10-07T01:22:50.3285958Z [36;1mhaa_install_ci_client "$RUNNER_TEMP/helox"[0m
2026-10-07T01:22:50.3286274Z [36;1mhaa_start_policy_helper[0m
2026-10-07T01:22:50.3286871Z [36;1mHELOX_PROMOTION_INTEGRATION=1 go test -v -timeout=5m ./internal/promotion -run TestLinuxNPMPromotionIntegration[0m
2026-10-07T01:22:50.3287667Z [36;1mHELOX_PYPI_PROMOTION_INTEGRATION=1 go test -v -timeout=5m ./internal/promotion -run TestLinuxPyPIPromotionIntegration[0m
2026-10-07T01:22:50.3292138Z shell: /bin/bash --noprofile --norc -e -u -o pipefail {0}
2026-10-07T01:22:50.3292492Z env:
2026-10-07T01:22:50.3292698Z   GOTOOLCHAIN: local
2026-10-07T01:22:50.3292918Z ##[endgroup]
2026-10-07T01:22:50.6784561Z Get:1 file:/etc/apt/apt-mirrors.txt Mirrorlist [144 B]
2026-10-07T01:22:50.6927304Z Get:3 https://packages.microsoft.com/ubuntu/24.04/prod noble InRelease [3600 B]
2026-10-07T01:22:50.7145770Z Hit:2 http://azure.archive.ubuntu.com/ubuntu noble InRelease
2026-10-07T01:22:50.7164191Z Get:4 http://azure.archive.ubuntu.com/ubuntu noble-updates InRelease [126 kB]
2026-10-07T01:22:50.7234525Z Get:5 http://azure.archive.ubuntu.com/ubuntu noble-backports InRelease [126 kB]
2026-10-07T01:22:50.7290600Z Get:6 http://azure.archive.ubuntu.com/ubuntu noble-security InRelease [126 kB]
2026-10-07T01:22:50.7360711Z Get:7 https://download.docker.com/linux/ubuntu noble InRelease [48.5 kB]
2026-10-07T01:22:50.8147854Z Get:8 https://packages.microsoft.com/ubuntu/24.04/prod noble/main armhf Packages [12.6 kB]
2026-10-07T01:22:50.8367734Z Get:9 https://packages.microsoft.com/ubuntu/24.04/prod noble/main amd64 Packages [519 kB]
2026-10-07T01:22:50.8461811Z Get:10 https://packages.microsoft.com/ubuntu/24.04/prod noble/main arm64 Packages [463 kB]
2026-10-07T01:22:50.9225688Z Get:11 http://azure.archive.ubuntu.com/ubuntu noble-updates/main amd64 Packages [1375 kB]
2026-10-07T01:22:50.9302689Z Get:12 http://azure.archive.ubuntu.com/ubuntu noble-updates/main Translation-en [306 kB]
2026-10-07T01:22:50.9338223Z Get:13 http://azure.archive.ubuntu.com/ubuntu noble-updates/main amd64 Components [181 kB]
2026-10-07T01:22:50.9352682Z Get:14 http://azure.archive.ubuntu.com/ubuntu noble-updates/universe amd64 Packages [1701 kB]
2026-10-07T01:22:50.9433443Z Get:15 http://azure.archive.ubuntu.com/ubuntu noble-updates/universe Translation-en [341 kB]
2026-10-07T01:22:50.9458438Z Get:16 http://azure.archive.ubuntu.com/ubuntu noble-updates/universe amd64 Components [388 kB]
2026-10-07T01:22:50.9490728Z Get:17 http://azure.archive.ubuntu.com/ubuntu noble-updates/restricted amd64 Packages [1730 kB]
2026-10-07T01:22:50.9574999Z Get:18 http://azure.archive.ubuntu.com/ubuntu noble-updates/restricted Translation-en [396 kB]
2026-10-07T01:22:50.9603852Z Get:19 http://azure.archive.ubuntu.com/ubuntu noble-updates/multiverse Translation-en [13.3 kB]
2026-10-07T01:22:50.9611439Z Get:20 http://azure.archive.ubuntu.com/ubuntu noble-updates/multiverse amd64 Components [940 B]
2026-10-07T01:22:51.0192121Z Get:21 http://azure.archive.ubuntu.com/ubuntu noble-backports/main amd64 Components [5752 B]
2026-10-07T01:22:51.0205412Z Get:22 http://azure.archive.ubuntu.com/ubuntu noble-backports/universe amd64 Components [12.6 kB]
2026-10-07T01:22:51.0215775Z Get:23 http://azure.archive.ubuntu.com/ubuntu noble-security/main amd64 Packages [1073 kB]
2026-10-07T01:22:51.0291043Z Get:24 http://azure.archive.ubuntu.com/ubuntu noble-security/main Translation-en [223 kB]
2026-10-07T01:22:51.0342780Z Get:25 http://azure.archive.ubuntu.com/ubuntu noble-security/main amd64 Components [46.4 kB]
2026-10-07T01:22:51.0344214Z Get:26 http://azure.archive.ubuntu.com/ubuntu noble-security/universe amd64 Packages [1218 kB]
2026-10-07T01:22:51.0430081Z Get:27 http://azure.archive.ubuntu.com/ubuntu noble-security/universe Translation-en [245 kB]
2026-10-07T01:22:51.0455100Z Get:28 http://azure.archive.ubuntu.com/ubuntu noble-security/universe amd64 Components [76.3 kB]
2026-10-07T01:22:51.0465637Z Get:29 http://azure.archive.ubuntu.com/ubuntu noble-security/restricted amd64 Packages [1566 kB]
2026-10-07T01:22:51.0545249Z Get:30 http://azure.archive.ubuntu.com/ubuntu noble-security/restricted Translation-en [361 kB]
2026-10-07T01:22:51.0583890Z Get:31 http://azure.archive.ubuntu.com/ubuntu noble-security/multiverse Translation-en [11.6 kB]
2026-10-07T01:22:51.0812843Z Get:32 https://download.docker.com/linux/ubuntu noble/stable amd64 Packages [68.0 kB]
2026-10-07T01:22:58.8526651Z Fetched 12.8 MB in 1s (8631 kB/s)
2026-10-07T01:22:59.7501697Z Reading package lists...
2026-10-07T01:22:59.7807039Z Reading package lists...
2026-10-07T01:22:59.9764595Z Building dependency tree...
2026-10-07T01:22:59.9772356Z Reading state information...
2026-10-07T01:23:00.1472806Z The following additional packages will be installed:
2026-10-07T01:23:00.1474374Z   cpp-13-aarch64-linux-gnu cpp-aarch64-linux-gnu g++-13-aarch64-linux-gnu
2026-10-07T01:23:00.1475556Z   gcc-13-aarch64-linux-gnu gcc-13-aarch64-linux-gnu-base gcc-13-cross-base
2026-10-07T01:23:00.1476709Z   gcc-14-cross-base libasan8-arm64-cross libatomic1-arm64-cross
2026-10-07T01:23:00.1478138Z   libc6-arm64-cross libelf-dev libgcc-13-dev-arm64-cross libgcc-s1-arm64-cross
2026-10-07T01:23:00.1479291Z   libgomp1-arm64-cross libhwasan0-arm64-cross libitm1-arm64-cross
2026-10-07T01:23:00.1480587Z   liblsan0-arm64-cross libstdc++-13-dev-arm64-cross libstdc++6-arm64-cross
2026-10-07T01:23:00.1481888Z   libtsan2-arm64-cross libubsan1-arm64-cross linux-libc-dev-arm64-cross
2026-10-07T01:23:00.1487583Z Suggested packages:
2026-10-07T01:23:00.1488446Z   binutils-doc gcc-13-locales cpp-13-doc cpp-doc cgroupfs-mount | cgroup-lite
2026-10-07T01:23:00.1489240Z   docker-model-plugin gcc-13-doc manpages-dev gdb-aarch64-linux-gnu gcc-doc
2026-10-07T01:23:00.1489799Z Recommended packages:
2026-10-07T01:23:00.1490358Z   docker-ce-rootless-extras docker-buildx-plugin docker-compose-plugin
2026-10-07T01:23:00.1491042Z   gcc-multilib
2026-10-07T01:23:00.1997437Z The following NEW packages will be installed:
2026-10-07T01:23:00.1998321Z   binutils-aarch64-linux-gnu cpp-13-aarch64-linux-gnu cpp-aarch64-linux-gnu
2026-10-07T01:23:00.1999173Z   g++-13-aarch64-linux-gnu g++-aarch64-linux-gnu gcc-13-aarch64-linux-gnu
2026-10-07T01:23:00.2000240Z   gcc-13-aarch64-linux-gnu-base gcc-13-cross-base gcc-14-cross-base
2026-10-07T01:23:00.2001374Z   gcc-aarch64-linux-gnu libasan8-arm64-cross libatomic1-arm64-cross libbpf-dev
2026-10-07T01:23:00.2002272Z   libc6-arm64-cross libc6-dev-arm64-cross libc6-dev-i386 libelf-dev
2026-10-07T01:23:00.2003064Z   libgcc-13-dev-arm64-cross libgcc-s1-arm64-cross libgomp1-arm64-cross
2026-10-07T01:23:00.2007287Z   libhwasan0-arm64-cross libitm1-arm64-cross liblsan0-arm64-cross
2026-10-07T01:23:00.2008369Z   libstdc++-13-dev-arm64-cross libstdc++6-arm64-cross libtsan2-arm64-cross
2026-10-07T01:23:00.2012905Z   libubsan1-arm64-cross linux-libc-dev-arm64-cross
2026-10-07T01:23:00.2017465Z The following packages will be upgraded:
2026-10-07T01:23:00.2026696Z   docker-ce docker-ce-cli
2026-10-07T01:23:00.2028295Z The following packages will be DOWNGRADED:
2026-10-07T01:23:00.2034511Z   containerd.io
2026-10-07T01:23:00.2218161Z 2 upgraded, 28 newly installed, 1 downgraded, 0 to remove and 29 not upgraded.
2026-10-07T01:23:00.2219053Z Need to get 126 MB of archives.
2026-10-07T01:23:00.2219850Z After this operation, 274 MB of additional disk space will be used.
2026-10-07T01:23:00.2220706Z Get:1 file:/etc/apt/apt-mirrors.txt Mirrorlist [144 B]
2026-10-07T01:23:00.2667913Z Get:30 https://download.docker.com/linux/ubuntu noble/stable amd64 docker-ce-cli amd64 5:29.8.1-1~ubuntu.24.04~noble [17.6 MB]
2026-10-07T01:23:00.3186649Z Get:2 http://azure.archive.ubuntu.com/ubuntu noble-updates/main amd64 gcc-13-aarch64-linux-gnu-base amd64 13.3.0-6ubuntu2~24.04.1cross1 [51.9 kB]
2026-10-07T01:23:00.3834532Z Get:3 http://azure.archive.ubuntu.com/ubuntu noble-updates/main amd64 cpp-13-aarch64-linux-gnu amd64 13.3.0-6ubuntu2~24.04.1cross1 [10.8 MB]
2026-10-07T01:23:00.4544504Z Get:31 https://download.docker.com/linux/ubuntu noble/stable amd64 containerd.io amd64 2.3.5-1~ubuntu.24.04~noble [22.4 MB]
2026-10-07T01:23:00.6014337Z Get:32 https://download.docker.com/linux/ubuntu noble/stable amd64 docker-ce amd64 5:29.8.1-1~ubuntu.24.04~noble [24.3 MB]
2026-10-07T01:23:00.6621856Z Get:4 http://azure.archive.ubuntu.com/ubuntu noble/main amd64 cpp-aarch64-linux-gnu amd64 4:13.2.0-7ubuntu1 [5332 B]
2026-10-07T01:23:00.7260069Z Get:5 http://azure.archive.ubuntu.com/ubuntu noble-updates/main amd64 binutils-aarch64-linux-gnu amd64 2.42-4ubuntu2.10 [3711 kB]
2026-10-07T01:23:00.8662335Z Get:6 http://azure.archive.ubuntu.com/ubuntu noble-updates/main amd64 gcc-13-cross-base all 13.3.0-6ubuntu2~24.04.1cross1 [46.5 kB]
2026-10-07T01:23:00.9308633Z Get:7 http://azure.archive.ubuntu.com/ubuntu noble-updates/main amd64 gcc-14-cross-base all 14.2.0-4ubuntu2~24.04.1cross1 [46.1 kB]
2026-10-07T01:23:00.9950462Z Get:8 http://azure.archive.ubuntu.com/ubuntu noble/main amd64 libc6-arm64-cross all 2.39-0ubuntu8cross1 [1197 kB]
2026-10-07T01:23:01.0829339Z Get:9 http://azure.archive.ubuntu.com/ubuntu noble-updates/main amd64 libgcc-s1-arm64-cross all 14.2.0-4ubuntu2~24.04.1cross1 [61.9 kB]
2026-10-07T01:23:01.1478699Z Get:10 http://azure.archive.ubuntu.com/ubuntu noble-updates/main amd64 libgomp1-arm64-cross all 14.2.0-4ubuntu2~24.04.1cross1 [110 kB]
2026-10-07T01:23:01.2129955Z Get:11 http://azure.archive.ubuntu.com/ubuntu noble-updates/main amd64 libitm1-arm64-cross all 14.2.0-4ubuntu2~24.04.1cross1 [31.1 kB]
2026-10-07T01:23:01.2776109Z Get:12 http://azure.archive.ubuntu.com/ubuntu noble-updates/main amd64 libatomic1-arm64-cross all 14.2.0-4ubuntu2~24.04.1cross1 [11.5 kB]
2026-10-07T01:23:01.3419052Z Get:13 http://azure.archive.ubuntu.com/ubuntu noble-updates/main amd64 libasan8-arm64-cross all 14.2.0-4ubuntu2~24.04.1cross1 [524 kB]
2026-10-07T01:23:01.4164081Z Get:14 http://azure.archive.ubuntu.com/ubuntu noble-updates/main amd64 liblsan0-arm64-cross all 14.2.0-4ubuntu2~24.04.1cross1 [238 kB]
2026-10-07T01:23:01.4846362Z Get:15 http://azure.archive.ubuntu.com/ubuntu noble-updates/main amd64 libtsan2-arm64-cross all 14.2.0-4ubuntu2~24.04.1cross1 [500 kB]
2026-10-07T01:23:01.5623816Z Get:16 http://azure.archive.ubuntu.com/ubuntu noble-updates/main amd64 libstdc++6-arm64-cross all 14.2.0-4ubuntu2~24.04.1cross1 [659 kB]
2026-10-07T01:23:01.6385510Z Get:17 http://azure.archive.ubuntu.com/ubuntu noble-updates/main amd64 libubsan1-arm64-cross all 14.2.0-4ubuntu2~24.04.1cross1 [219 kB]
2026-10-07T01:23:01.7071461Z Get:18 http://azure.archive.ubuntu.com/ubuntu noble-updates/main amd64 libhwasan0-arm64-cross all 14.2.0-4ubuntu2~24.04.1cross1 [304 kB]
2026-10-07T01:23:01.7785161Z Get:19 http://azure.archive.ubuntu.com/ubuntu noble-updates/main amd64 libgcc-13-dev-arm64-cross all 13.3.0-6ubuntu2~24.04.1cross1 [2616 kB]
2026-10-07T01:23:01.8929025Z Get:20 http://azure.archive.ubuntu.com/ubuntu noble-updates/main amd64 gcc-13-aarch64-linux-gnu amd64 13.3.0-6ubuntu2~24.04.1cross1 [21.1 MB]
2026-10-07T01:23:02.3860325Z Get:21 http://azure.archive.ubuntu.com/ubuntu noble/main amd64 linux-libc-dev-arm64-cross all 6.8.0-25.25cross1 [1375 kB]
2026-10-07T01:23:02.4750449Z Get:22 http://azure.archive.ubuntu.com/ubuntu noble/main amd64 libc6-dev-arm64-cross all 2.39-0ubuntu8cross1 [1629 kB]
2026-10-07T01:23:02.5706509Z Get:23 http://azure.archive.ubuntu.com/ubuntu noble-updates/main amd64 libstdc++-13-dev-arm64-cross all 13.3.0-6ubuntu2~24.04.1cross1 [2656 kB]
2026-10-07T01:23:02.6860881Z Get:24 http://azure.archive.ubuntu.com/ubuntu noble-updates/main amd64 g++-13-aarch64-linux-gnu amd64 13.3.0-6ubuntu2~24.04.1cross1 [12.2 MB]
2026-10-07T01:23:02.9950537Z Get:25 http://azure.archive.ubuntu.com/ubuntu noble/main amd64 gcc-aarch64-linux-gnu amd64 4:13.2.0-7ubuntu1 [1210 B]
2026-10-07T01:23:03.0592789Z Get:26 http://azure.archive.ubuntu.com/ubuntu noble/main amd64 g++-aarch64-linux-gnu amd64 4:13.2.0-7ubuntu1 [962 B]
2026-10-07T01:23:03.1240049Z Get:27 http://azure.archive.ubuntu.com/ubuntu noble-updates/main amd64 libelf-dev amd64 0.190-1.1ubuntu0.1 [68.5 kB]
2026-10-07T01:23:03.1891881Z Get:28 http://azure.archive.ubuntu.com/ubuntu noble/main amd64 libbpf-dev amd64 1:1.3.0-2build2 [259 kB]
2026-10-07T01:23:03.2555757Z Get:29 http://azure.archive.ubuntu.com/ubuntu noble-updates/main amd64 libc6-dev-i386 amd64 2.39-0ubuntu8.9 [1447 kB]
2026-10-07T01:23:03.5645116Z Fetched 126 MB in 3s (41.0 MB/s)
2026-10-07T01:23:03.6484249Z (Reading database ... 
2026-10-07T01:23:03.6484728Z (Reading database ... 5%
2026-10-07T01:23:03.6485261Z (Reading database ... 10%
2026-10-07T01:23:03.6485590Z (Reading database ... 15%
2026-10-07T01:23:03.6485905Z (Reading database ... 20%
2026-10-07T01:23:03.6486214Z (Reading database ... 25%
2026-10-07T01:23:03.6486508Z (Reading database ... 30%
2026-10-07T01:23:03.6486852Z (Reading database ... 35%
2026-10-07T01:23:03.6487152Z (Reading database ... 40%
2026-10-07T01:23:03.6487439Z (Reading database ... 45%
2026-10-07T01:23:03.6487811Z (Reading database ... 50%
2026-10-07T01:23:03.6913976Z (Reading database ... 55%
2026-10-07T01:23:04.1392583Z (Reading database ... 60%
2026-10-07T01:23:04.3957834Z (Reading database ... 65%
2026-10-07T01:23:04.6703259Z (Reading database ... 70%
2026-10-07T01:23:04.9447001Z (Reading database ... 75%
2026-10-07T01:23:05.2830605Z (Reading database ... 80%
2026-10-07T01:23:05.8588166Z (Reading database ... 85%
2026-10-07T01:23:06.4759730Z (Reading database ... 90%
2026-10-07T01:23:07.1297636Z (Reading database ... 95%
2026-10-07T01:23:07.1298219Z (Reading database ... 100%
2026-10-07T01:23:07.1298767Z (Reading database ... 202296 files and directories currently installed.)
2026-10-07T01:23:07.1341306Z Preparing to unpack .../00-docker-ce-cli_5%3a29.8.1-1~ubuntu.24.04~noble_amd64.deb ...
2026-10-07T01:23:07.1387070Z Unpacking docker-ce-cli (5:29.8.1-1~ubuntu.24.04~noble) over (5:28.0.4-1~ubuntu.24.04~noble) ...
2026-10-07T01:23:07.6842151Z dpkg: warning: downgrading containerd.io from 2.3.6-1~ubuntu.24.04~noble to 2.3.5-1~ubuntu.24.04~noble
2026-10-07T01:23:07.6958372Z Preparing to unpack .../01-containerd.io_2.3.5-1~ubuntu.24.04~noble_amd64.deb ...
2026-10-07T01:23:07.7072350Z Unpacking containerd.io (2.3.5-1~ubuntu.24.04~noble) over (2.3.6-1~ubuntu.24.04~noble) ...
2026-10-07T01:23:08.4354208Z Preparing to unpack .../02-docker-ce_5%3a29.8.1-1~ubuntu.24.04~noble_amd64.deb ...
2026-10-07T01:23:08.4585215Z Unpacking docker-ce (5:29.8.1-1~ubuntu.24.04~noble) over (5:28.0.4-1~ubuntu.24.04~noble) ...
2026-10-07T01:23:09.2449995Z Selecting previously unselected package gcc-13-aarch64-linux-gnu-base:amd64.
2026-10-07T01:23:09.2561515Z Preparing to unpack .../03-gcc-13-aarch64-linux-gnu-base_13.3.0-6ubuntu2~24.04.1cross1_amd64.deb ...
2026-10-07T01:23:09.2575582Z Unpacking gcc-13-aarch64-linux-gnu-base:amd64 (13.3.0-6ubuntu2~24.04.1cross1) ...
2026-10-07T01:23:09.2852874Z Selecting previously unselected package cpp-13-aarch64-linux-gnu.
2026-10-07T01:23:09.2963044Z Preparing to unpack .../04-cpp-13-aarch64-linux-gnu_13.3.0-6ubuntu2~24.04.1cross1_amd64.deb ...
2026-10-07T01:23:09.2991800Z Unpacking cpp-13-aarch64-linux-gnu (13.3.0-6ubuntu2~24.04.1cross1) ...
2026-10-07T01:23:09.4356416Z Selecting previously unselected package cpp-aarch64-linux-gnu.
2026-10-07T01:23:09.4465046Z Preparing to unpack .../05-cpp-aarch64-linux-gnu_4%3a13.2.0-7ubuntu1_amd64.deb ...
2026-10-07T01:23:09.4472456Z Unpacking cpp-aarch64-linux-gnu (4:13.2.0-7ubuntu1) ...
2026-10-07T01:23:09.4614639Z Selecting previously unselected package binutils-aarch64-linux-gnu.
2026-10-07T01:23:09.4723365Z Preparing to unpack .../06-binutils-aarch64-linux-gnu_2.42-4ubuntu2.10_amd64.deb ...
2026-10-07T01:23:09.4739997Z Unpacking binutils-aarch64-linux-gnu (2.42-4ubuntu2.10) ...
2026-10-07T01:23:09.5707072Z Selecting previously unselected package gcc-13-cross-base.
2026-10-07T01:23:09.5815603Z Preparing to unpack .../07-gcc-13-cross-base_13.3.0-6ubuntu2~24.04.1cross1_all.deb ...
2026-10-07T01:23:09.5822623Z Unpacking gcc-13-cross-base (13.3.0-6ubuntu2~24.04.1cross1) ...
2026-10-07T01:23:09.5960674Z Selecting previously unselected package gcc-14-cross-base.
2026-10-07T01:23:09.6067559Z Preparing to unpack .../08-gcc-14-cross-base_14.2.0-4ubuntu2~24.04.1cross1_all.deb ...
2026-10-07T01:23:09.6079230Z Unpacking gcc-14-cross-base (14.2.0-4ubuntu2~24.04.1cross1) ...
2026-10-07T01:23:09.6221093Z Selecting previously unselected package libc6-arm64-cross.
2026-10-07T01:23:09.6329038Z Preparing to unpack .../09-libc6-arm64-cross_2.39-0ubuntu8cross1_all.deb ...
2026-10-07T01:23:09.6336363Z Unpacking libc6-arm64-cross (2.39-0ubuntu8cross1) ...
2026-10-07T01:23:09.6626357Z Selecting previously unselected package libgcc-s1-arm64-cross.
2026-10-07T01:23:09.6736358Z Preparing to unpack .../10-libgcc-s1-arm64-cross_14.2.0-4ubuntu2~24.04.1cross1_all.deb ...
2026-10-07T01:23:09.6743436Z Unpacking libgcc-s1-arm64-cross (14.2.0-4ubuntu2~24.04.1cross1) ...
2026-10-07T01:23:09.6893775Z Selecting previously unselected package libgomp1-arm64-cross.
2026-10-07T01:23:09.7004523Z Preparing to unpack .../11-libgomp1-arm64-cross_14.2.0-4ubuntu2~24.04.1cross1_all.deb ...
2026-10-07T01:23:09.7012382Z Unpacking libgomp1-arm64-cross (14.2.0-4ubuntu2~24.04.1cross1) ...
2026-10-07T01:23:09.7176535Z Selecting previously unselected package libitm1-arm64-cross.
2026-10-07T01:23:09.7288182Z Preparing to unpack .../12-libitm1-arm64-cross_14.2.0-4ubuntu2~24.04.1cross1_all.deb ...
2026-10-07T01:23:09.7299478Z Unpacking libitm1-arm64-cross (14.2.0-4ubuntu2~24.04.1cross1) ...
2026-10-07T01:23:09.7448509Z Selecting previously unselected package libatomic1-arm64-cross.
2026-10-07T01:23:09.7558425Z Preparing to unpack .../13-libatomic1-arm64-cross_14.2.0-4ubuntu2~24.04.1cross1_all.deb ...
2026-10-07T01:23:09.7569183Z Unpacking libatomic1-arm64-cross (14.2.0-4ubuntu2~24.04.1cross1) ...
2026-10-07T01:23:09.7706084Z Selecting previously unselected package libasan8-arm64-cross.
2026-10-07T01:23:09.7815388Z Preparing to unpack .../14-libasan8-arm64-cross_14.2.0-4ubuntu2~24.04.1cross1_all.deb ...
2026-10-07T01:23:09.7914208Z Unpacking libasan8-arm64-cross (14.2.0-4ubuntu2~24.04.1cross1) ...
2026-10-07T01:23:09.8082299Z Selecting previously unselected package liblsan0-arm64-cross.
2026-10-07T01:23:09.8190648Z Preparing to unpack .../15-liblsan0-arm64-cross_14.2.0-4ubuntu2~24.04.1cross1_all.deb ...
2026-10-07T01:23:09.8199184Z Unpacking liblsan0-arm64-cross (14.2.0-4ubuntu2~24.04.1cross1) ...
2026-10-07T01:23:09.8373958Z Selecting previously unselected package libtsan2-arm64-cross.
2026-10-07T01:23:09.8482161Z Preparing to unpack .../16-libtsan2-arm64-cross_14.2.0-4ubuntu2~24.04.1cross1_all.deb ...
2026-10-07T01:23:09.8491117Z Unpacking libtsan2-arm64-cross (14.2.0-4ubuntu2~24.04.1cross1) ...
2026-10-07T01:23:09.8713863Z Selecting previously unselected package libstdc++6-arm64-cross.
2026-10-07T01:23:09.8824067Z Preparing to unpack .../17-libstdc++6-arm64-cross_14.2.0-4ubuntu2~24.04.1cross1_all.deb ...
2026-10-07T01:23:09.8837348Z Unpacking libstdc++6-arm64-cross (14.2.0-4ubuntu2~24.04.1cross1) ...
2026-10-07T01:23:09.9093324Z Selecting previously unselected package libubsan1-arm64-cross.
2026-10-07T01:23:09.9201872Z Preparing to unpack .../18-libubsan1-arm64-cross_14.2.0-4ubuntu2~24.04.1cross1_all.deb ...
2026-10-07T01:23:09.9208757Z Unpacking libubsan1-arm64-cross (14.2.0-4ubuntu2~24.04.1cross1) ...
2026-10-07T01:23:09.9393406Z Selecting previously unselected package libhwasan0-arm64-cross.
2026-10-07T01:23:09.9506595Z Preparing to unpack .../19-libhwasan0-arm64-cross_14.2.0-4ubuntu2~24.04.1cross1_all.deb ...
2026-10-07T01:23:09.9514351Z Unpacking libhwasan0-arm64-cross (14.2.0-4ubuntu2~24.04.1cross1) ...
2026-10-07T01:23:09.9704789Z Selecting previously unselected package libgcc-13-dev-arm64-cross.
2026-10-07T01:23:09.9814603Z Preparing to unpack .../20-libgcc-13-dev-arm64-cross_13.3.0-6ubuntu2~24.04.1cross1_all.deb ...
2026-10-07T01:23:09.9821059Z Unpacking libgcc-13-dev-arm64-cross (13.3.0-6ubuntu2~24.04.1cross1) ...
2026-10-07T01:23:10.0547329Z Selecting previously unselected package gcc-13-aarch64-linux-gnu.
2026-10-07T01:23:10.0659273Z Preparing to unpack .../21-gcc-13-aarch64-linux-gnu_13.3.0-6ubuntu2~24.04.1cross1_amd64.deb ...
2026-10-07T01:23:10.0685264Z Unpacking gcc-13-aarch64-linux-gnu (13.3.0-6ubuntu2~24.04.1cross1) ...
2026-10-07T01:23:10.3081646Z Selecting previously unselected package linux-libc-dev-arm64-cross.
2026-10-07T01:23:10.3192729Z Preparing to unpack .../22-linux-libc-dev-arm64-cross_6.8.0-25.25cross1_all.deb ...
2026-10-07T01:23:10.3201712Z Unpacking linux-libc-dev-arm64-cross (6.8.0-25.25cross1) ...
2026-10-07T01:23:10.4180765Z Selecting previously unselected package libc6-dev-arm64-cross.
2026-10-07T01:23:10.4295410Z Preparing to unpack .../23-libc6-dev-arm64-cross_2.39-0ubuntu8cross1_all.deb ...
2026-10-07T01:23:10.4302439Z Unpacking libc6-dev-arm64-cross (2.39-0ubuntu8cross1) ...
2026-10-07T01:23:10.4973051Z Selecting previously unselected package libstdc++-13-dev-arm64-cross.
2026-10-07T01:23:10.5085994Z Preparing to unpack .../24-libstdc++-13-dev-arm64-cross_13.3.0-6ubuntu2~24.04.1cross1_all.deb ...
2026-10-07T01:23:10.5092022Z Unpacking libstdc++-13-dev-arm64-cross (13.3.0-6ubuntu2~24.04.1cross1) ...
2026-10-07T01:23:10.6459964Z Selecting previously unselected package g++-13-aarch64-linux-gnu.
2026-10-07T01:23:10.6574518Z Preparing to unpack .../25-g++-13-aarch64-linux-gnu_13.3.0-6ubuntu2~24.04.1cross1_amd64.deb ...
2026-10-07T01:23:10.6599040Z Unpacking g++-13-aarch64-linux-gnu (13.3.0-6ubuntu2~24.04.1cross1) ...
2026-10-07T01:23:10.7994959Z Selecting previously unselected package gcc-aarch64-linux-gnu.
2026-10-07T01:23:10.8106144Z Preparing to unpack .../26-gcc-aarch64-linux-gnu_4%3a13.2.0-7ubuntu1_amd64.deb ...
2026-10-07T01:23:10.8112253Z Unpacking gcc-aarch64-linux-gnu (4:13.2.0-7ubuntu1) ...
2026-10-07T01:23:10.8248732Z Selecting previously unselected package g++-aarch64-linux-gnu.
2026-10-07T01:23:10.8360298Z Preparing to unpack .../27-g++-aarch64-linux-gnu_4%3a13.2.0-7ubuntu1_amd64.deb ...
2026-10-07T01:23:10.8366009Z Unpacking g++-aarch64-linux-gnu (4:13.2.0-7ubuntu1) ...
2026-10-07T01:23:10.8495891Z Selecting previously unselected package libelf-dev:amd64.
2026-10-07T01:23:10.8606312Z Preparing to unpack .../28-libelf-dev_0.190-1.1ubuntu0.1_amd64.deb ...
2026-10-07T01:23:10.8612032Z Unpacking libelf-dev:amd64 (0.190-1.1ubuntu0.1) ...
2026-10-07T01:23:10.8797272Z Selecting previously unselected package libbpf-dev:amd64.
2026-10-07T01:23:10.8908651Z Preparing to unpack .../29-libbpf-dev_1%3a1.3.0-2build2_amd64.deb ...
2026-10-07T01:23:10.8916981Z Unpacking libbpf-dev:amd64 (1:1.3.0-2build2) ...
2026-10-07T01:23:10.9096092Z Selecting previously unselected package libc6-dev-i386.
2026-10-07T01:23:10.9207162Z Preparing to unpack .../30-libc6-dev-i386_2.39-0ubuntu8.9_amd64.deb ...
2026-10-07T01:23:10.9213552Z Unpacking libc6-dev-i386 (2.39-0ubuntu8.9) ...
2026-10-07T01:23:10.9871702Z Setting up libc6-dev-i386 (2.39-0ubuntu8.9) ...
2026-10-07T01:23:10.9890900Z Setting up binutils-aarch64-linux-gnu (2.42-4ubuntu2.10) ...
2026-10-07T01:23:10.9910320Z Setting up gcc-14-cross-base (14.2.0-4ubuntu2~24.04.1cross1) ...
2026-10-07T01:23:10.9925352Z Setting up gcc-13-cross-base (13.3.0-6ubuntu2~24.04.1cross1) ...
2026-10-07T01:23:10.9937788Z Setting up libc6-arm64-cross (2.39-0ubuntu8cross1) ...
2026-10-07T01:23:10.9949924Z Setting up containerd.io (2.3.5-1~ubuntu.24.04~noble) ...
2026-10-07T01:23:11.3900004Z Setting up libelf-dev:amd64 (0.190-1.1ubuntu0.1) ...
2026-10-07T01:23:11.3913059Z Setting up libitm1-arm64-cross (14.2.0-4ubuntu2~24.04.1cross1) ...
2026-10-07T01:23:11.3928354Z Setting up linux-libc-dev-arm64-cross (6.8.0-25.25cross1) ...
2026-10-07T01:23:11.3941144Z Setting up docker-ce-cli (5:29.8.1-1~ubuntu.24.04~noble) ...
2026-10-07T01:23:11.3954101Z Setting up gcc-13-aarch64-linux-gnu-base:amd64 (13.3.0-6ubuntu2~24.04.1cross1) ...
2026-10-07T01:23:11.3966891Z Setting up libgcc-s1-arm64-cross (14.2.0-4ubuntu2~24.04.1cross1) ...
2026-10-07T01:23:11.3982366Z Setting up libatomic1-arm64-cross (14.2.0-4ubuntu2~24.04.1cross1) ...
2026-10-07T01:23:11.3996739Z Setting up liblsan0-arm64-cross (14.2.0-4ubuntu2~24.04.1cross1) ...
2026-10-07T01:23:11.4009635Z Setting up libgomp1-arm64-cross (14.2.0-4ubuntu2~24.04.1cross1) ...
2026-10-07T01:23:11.4025227Z Setting up libbpf-dev:amd64 (1:1.3.0-2build2) ...
2026-10-07T01:23:11.4037900Z Setting up cpp-13-aarch64-linux-gnu (13.3.0-6ubuntu2~24.04.1cross1) ...
2026-10-07T01:23:11.4051639Z Setting up libhwasan0-arm64-cross (14.2.0-4ubuntu2~24.04.1cross1) ...
2026-10-07T01:23:11.4064697Z Setting up libc6-dev-arm64-cross (2.39-0ubuntu8cross1) ...
2026-10-07T01:23:11.4078684Z Setting up libstdc++6-arm64-cross (14.2.0-4ubuntu2~24.04.1cross1) ...
2026-10-07T01:23:11.4090434Z Setting up cpp-aarch64-linux-gnu (4:13.2.0-7ubuntu1) ...
2026-10-07T01:23:11.4104455Z Setting up docker-ce (5:29.8.1-1~ubuntu.24.04~noble) ...
2026-10-07T01:23:13.0560431Z Setting up libasan8-arm64-cross (14.2.0-4ubuntu2~24.04.1cross1) ...
2026-10-07T01:23:13.0576402Z Setting up libtsan2-arm64-cross (14.2.0-4ubuntu2~24.04.1cross1) ...
2026-10-07T01:23:13.0591597Z Setting up libubsan1-arm64-cross (14.2.0-4ubuntu2~24.04.1cross1) ...
2026-10-07T01:23:13.0602944Z Setting up libgcc-13-dev-arm64-cross (13.3.0-6ubuntu2~24.04.1cross1) ...
2026-10-07T01:23:13.0615296Z Setting up gcc-13-aarch64-linux-gnu (13.3.0-6ubuntu2~24.04.1cross1) ...
2026-10-07T01:23:13.0627741Z Setting up libstdc++-13-dev-arm64-cross (13.3.0-6ubuntu2~24.04.1cross1) ...
2026-10-07T01:23:13.0644981Z Setting up g++-13-aarch64-linux-gnu (13.3.0-6ubuntu2~24.04.1cross1) ...
2026-10-07T01:23:13.0662638Z Setting up gcc-aarch64-linux-gnu (4:13.2.0-7ubuntu1) ...
2026-10-07T01:23:13.0677195Z Setting up g++-aarch64-linux-gnu (4:13.2.0-7ubuntu1) ...
2026-10-07T01:23:13.0697280Z Processing triggers for man-db (2.12.0-4build2) ...
2026-10-07T01:23:13.0716903Z Not building database; man-db/auto-update is not 'true'.
2026-10-07T01:23:13.0728318Z Processing triggers for libc-bin (2.39-0ubuntu8.9) ...
2026-10-07T01:23:14.1649939Z 
2026-10-07T01:23:14.1650541Z Running kernel seems to be up-to-date.
2026-10-07T01:23:14.1652235Z 
2026-10-07T01:23:14.1652381Z No services need to be restarted.
2026-10-07T01:23:14.1652563Z 
2026-10-07T01:23:14.1652679Z No containers need to be restarted.
2026-10-07T01:23:14.1652859Z 
2026-10-07T01:23:14.1652997Z No user sessions are running outdated binaries.
2026-10-07T01:23:14.1653205Z 
2026-10-07T01:23:14.1653419Z No VM guests are running outdated hypervisor (qemu) binaries on this host.
2026-10-07T01:23:15.1743920Z hint: Using 'master' as the name for the initial branch. This default branch name
2026-10-07T01:23:15.1744734Z hint: will change to "main" in Git 3.0. To configure the initial branch name
2026-10-07T01:23:15.1745432Z hint: to use in all of your new repositories, which will suppress this warning,
2026-10-07T01:23:15.1745964Z hint: call:
2026-10-07T01:23:15.1746212Z hint:
2026-10-07T01:23:15.1746553Z hint: 	git config --global init.defaultBranch <name>
2026-10-07T01:23:15.1746949Z hint:
2026-10-07T01:23:15.1747430Z hint: Names commonly chosen instead of 'master' are 'main', 'trunk' and
2026-10-07T01:23:15.1748007Z hint: 'development'. The just-created branch can be renamed via this command:
2026-10-07T01:23:15.1748355Z hint:
2026-10-07T01:23:15.1748549Z hint: 	git branch -m <name>
2026-10-07T01:23:15.1748763Z hint:
2026-10-07T01:23:15.1749077Z hint: Disable this message with "git config set advice.defaultBranchName false"
2026-10-07T01:23:19.7789095Z us-central1-docker.pkg.dev/gvisor-presubmit/gvisor-presubmit-images/default_x86_64@sha256:9afba722516843795c026fbe3b7cd8a8f6b729d241e656a70af1ad46fe09406c: Pulling from gvisor-presubmit/gvisor-presubmit-images/default_x86_64
2026-10-07T01:23:19.7795884Z d544298cabd5: Pulling fs layer
2026-10-07T01:23:19.7797139Z ab2267afd5af: Pulling fs layer
2026-10-07T01:23:19.7797767Z 0bf74a384ec6: Pulling fs layer
2026-10-07T01:23:19.7798442Z 5acb13da556d: Pulling fs layer
2026-10-07T01:23:19.7798957Z 464275bdef61: Pulling fs layer
2026-10-07T01:23:19.7799411Z 5791a197cfee: Pulling fs layer
2026-10-07T01:23:19.7799951Z eef77529dfa7: Pulling fs layer
2026-10-07T01:23:19.7800265Z 93bb5bcfff2c: Pulling fs layer
2026-10-07T01:23:19.7800753Z c90ec6366fc5: Pulling fs layer
2026-10-07T01:23:19.7801466Z 1a5fc2c5aa95: Pulling fs layer
2026-10-07T01:23:19.7801895Z c32c4609a695: Pulling fs layer
2026-10-07T01:23:19.7802324Z 5791a197cfee: Waiting
2026-10-07T01:23:19.7802718Z eef77529dfa7: Waiting
2026-10-07T01:23:19.7803115Z 93bb5bcfff2c: Waiting
2026-10-07T01:23:19.7803517Z 5acb13da556d: Waiting
2026-10-07T01:23:19.7803904Z c90ec6366fc5: Waiting
2026-10-07T01:23:19.7804322Z 1a5fc2c5aa95: Waiting
2026-10-07T01:23:19.7804952Z c32c4609a695: Waiting
2026-10-07T01:23:19.7805356Z 464275bdef61: Waiting
2026-10-07T01:23:20.2912283Z 0bf74a384ec6: Verifying Checksum
2026-10-07T01:23:20.2912650Z 0bf74a384ec6: Download complete
2026-10-07T01:23:20.4662339Z 5acb13da556d: Verifying Checksum
2026-10-07T01:23:20.4662687Z 5acb13da556d: Download complete
2026-10-07T01:23:20.8509725Z 464275bdef61: Verifying Checksum
2026-10-07T01:23:20.8510245Z 464275bdef61: Download complete
2026-10-07T01:23:21.0489869Z d544298cabd5: Verifying Checksum
2026-10-07T01:23:21.0490636Z d544298cabd5: Download complete
2026-10-07T01:23:22.0113993Z 5791a197cfee: Verifying Checksum
2026-10-07T01:23:22.0114589Z 5791a197cfee: Download complete
2026-10-07T01:23:22.2346837Z d544298cabd5: Pull complete
2026-10-07T01:23:22.5631121Z 93bb5bcfff2c: Verifying Checksum
2026-10-07T01:23:22.5631610Z 93bb5bcfff2c: Download complete
2026-10-07T01:23:22.7078756Z c90ec6366fc5: Verifying Checksum
2026-10-07T01:23:22.7079230Z c90ec6366fc5: Download complete
2026-10-07T01:23:23.1646721Z eef77529dfa7: Verifying Checksum
2026-10-07T01:23:23.1647074Z eef77529dfa7: Download complete
2026-10-07T01:23:23.3274614Z c32c4609a695: Verifying Checksum
2026-10-07T01:23:23.3275003Z c32c4609a695: Download complete
2026-10-07T01:23:24.0095449Z 1a5fc2c5aa95: Verifying Checksum
2026-10-07T01:23:24.0096137Z 1a5fc2c5aa95: Download complete
2026-10-07T01:23:27.7027116Z ab2267afd5af: Verifying Checksum
2026-10-07T01:23:27.7027482Z ab2267afd5af: Download complete
2026-10-07T01:23:45.2637876Z ab2267afd5af: Pull complete
2026-10-07T01:23:45.3338595Z 0bf74a384ec6: Pull complete
2026-10-07T01:23:45.3412662Z 5acb13da556d: Pull complete
2026-10-07T01:23:45.3520803Z 464275bdef61: Pull complete
2026-10-07T01:23:46.1633460Z 5791a197cfee: Pull complete
2026-10-07T01:24:00.1271929Z eef77529dfa7: Pull complete
2026-10-07T01:24:00.1715221Z 93bb5bcfff2c: Pull complete
2026-10-07T01:24:00.1781064Z c90ec6366fc5: Pull complete
2026-10-07T01:24:00.4172022Z 1a5fc2c5aa95: Pull complete
2026-10-07T01:24:00.4249281Z c32c4609a695: Pull complete
2026-10-07T01:24:00.4278819Z Digest: sha256:9afba722516843795c026fbe3b7cd8a8f6b729d241e656a70af1ad46fe09406c
2026-10-07T01:24:00.4283318Z Status: Downloaded newer image for us-central1-docker.pkg.dev/gvisor-presubmit/gvisor-presubmit-images/default_x86_64@sha256:9afba722516843795c026fbe3b7cd8a8f6b729d241e656a70af1ad46fe09406c
2026-10-07T01:24:00.4292132Z us-central1-docker.pkg.dev/gvisor-presubmit/gvisor-presubmit-images/default_x86_64@sha256:9afba722516843795c026fbe3b7cd8a8f6b729d241e656a70af1ad46fe09406c
2026-10-07T01:24:00.7900540Z Extracting Bazel installation...
2026-10-07T01:24:01.7199655Z Starting local Bazel server (8.3.1) and connecting to it...
2026-10-07T01:24:03.2545338Z Computing main repo mapping: 
2026-10-07T01:24:04.2555256Z Computing main repo mapping: 
2026-10-07T01:24:05.2563519Z Computing main repo mapping: 
2026-10-07T01:24:06.2570685Z Computing main repo mapping: 
2026-10-07T01:24:07.2642596Z Computing main repo mapping: 
2026-10-07T01:24:08.2732616Z Computing main repo mapping: 
2026-10-07T01:24:09.0192809Z WARNING: For repository 'bazel_skylib', the root module requires module version bazel_skylib@1.7.1, but got bazel_skylib@1.8.2 in the resolved dependency graph. Please update the version in your MODULE.bazel or set --check_direct_dependencies=off
2026-10-07T01:24:09.3747500Z Computing main repo mapping: 
2026-10-07T01:24:10.3845278Z Computing main repo mapping: 
2026-10-07T01:24:11.0889323Z Loading: 
2026-10-07T01:24:11.0915686Z Loading: 2 packages loaded
2026-10-07T01:24:12.1221647Z Loading: 2 packages loaded
2026-10-07T01:24:12.1222547Z     currently loading: 
2026-10-07T01:24:12.5493825Z DEBUG: /tmp/helox-release-gvisor.CqaWYB/.cache/bazel/_bazel_builder/3c9488c46403da6f6b9382e82e8f352e/external/gazelle+/internal/bzlmod/go_deps.bzl:660:36: The following Go modules were required by the root module at the given versions, but were implicitly updated to higher versions due to transitive dependencies:
2026-10-07T01:24:12.5496462Z  
2026-10-07T01:24:12.5497275Z   go.opentelemetry.io/auto/sdk: v1.1.0 -> v1.2.1 
2026-10-07T01:24:12.5498315Z   go.opentelemetry.io/contrib/instrumentation/google.golang.org/grpc/otelgrpc: v0.61.0 -> v0.67.0 
2026-10-07T01:24:12.5499243Z   golang.org/x/crypto: v0.42.0 -> v0.49.0 
2026-10-07T01:24:12.5499778Z   golang.org/x/term: v0.35.0 -> v0.42.0 
2026-10-07T01:24:12.5500288Z   golang.org/x/net: v0.44.0 -> v0.52.0 
2026-10-07T01:24:12.5500843Z   go.opentelemetry.io/otel: v1.37.0 -> v1.43.0 
2026-10-07T01:24:12.5501650Z   go.opentelemetry.io/otel/metric: v1.28.0 -> v1.43.0 
2026-10-07T01:24:12.5502298Z   github.com/felixge/httpsnoop: v1.0.2 -> v1.0.4 
2026-10-07T01:24:12.5503137Z   go.opentelemetry.io/contrib/instrumentation/net/http/otelhttp: v0.53.0 -> v0.67.0 
2026-10-07T01:24:12.5503994Z   go.opentelemetry.io/otel/trace: v1.28.0 -> v1.43.0 
2026-10-07T01:24:12.5504704Z   github.com/opencontainers/image-spec: v1.0.2 -> v1.1.1 
2026-10-07T01:24:12.5505345Z   cloud.google.com/go: v0.105.0 -> v0.123.0 
2026-10-07T01:24:12.5505940Z   cloud.google.com/go/iam: v0.8.0 -> v1.7.0 
2026-10-07T01:24:12.5506600Z   cloud.google.com/go/compute/metadata: v0.8.0 -> v0.9.0 
2026-10-07T01:24:12.5507461Z   github.com/googleapis/enterprise-certificate-proxy: v0.3.6 -> v0.3.14 
2026-10-07T01:24:12.5508221Z   golang.org/x/oauth2: v0.30.0 -> v0.36.0 
2026-10-07T01:24:12.5509087Z   google.golang.org/genproto: v0.0.0-20250707201910-8d1bb00bc6a7 -> v0.0.0-20260319201613-d00831a3d3e7 
2026-10-07T01:24:12.5509947Z   github.com/googleapis/gax-go/v2: v2.15.0 -> v2.21.0 
2026-10-07T01:24:12.5510331Z 
2026-10-07T01:24:12.5510707Z Update the root module's dependencies to match the resolved versions via:
2026-10-07T01:24:12.5511350Z 
2026-10-07T01:24:12.5516809Z   bazel run @io_bazel_rules_go//go -- get go.opentelemetry.io/auto/sdk@v1.2.1 go.opentelemetry.io/contrib/instrumentation/google.golang.org/grpc/otelgrpc@v0.67.0 golang.org/x/crypto@v0.49.0 golang.org/x/term@v0.42.0 golang.org/x/net@v0.52.0 go.opentelemetry.io/otel@v1.43.0 go.opentelemetry.io/otel/metric@v1.43.0 github.com/felixge/httpsnoop@v1.0.4 go.opentelemetry.io/contrib/instrumentation/net/http/otelhttp@v0.67.0 go.opentelemetry.io/otel/trace@v1.43.0 github.com/opencontainers/image-spec@v1.1.1 cloud.google.com/go@v0.123.0 cloud.google.com/go/iam@v1.7.0 cloud.google.com/go/compute/metadata@v0.9.0 github.com/googleapis/enterprise-certificate-proxy@v0.3.14 golang.org/x/oauth2@v0.36.0 google.golang.org/genproto@v0.0.0-20260319201613-d00831a3d3e7 github.com/googleapis/gax-go/v2@v2.21.0 
2026-10-07T01:24:12.5521786Z 
2026-10-07T01:24:12.8991484Z Analyzing: target //:release (3 packages loaded, 0 targets configured)
2026-10-07T01:24:12.9149970Z Analyzing: target //:release (3 packages loaded, 0 targets configured)
2026-10-07T01:24:12.9151249Z 
2026-10-07T01:24:13.1155998Z WARNING: /tmp/helox-release-gvisor.CqaWYB/gvisor/runsc/prewarmer/BUILD:19:8: target 'gvisor-sentry-prewarmer' is both a rule and a file; please choose another name for the rule
2026-10-07T01:24:14.0136198Z Analyzing: target //:release (74 packages loaded, 14 targets configured)
2026-10-07T01:24:14.0136687Z 
2026-10-07T01:24:15.0994093Z Analyzing: target //:release (92 packages loaded, 2698 targets configured)
2026-10-07T01:24:15.0995065Z 
2026-10-07T01:24:16.2591284Z Analyzing: target //:release (101 packages loaded, 2731 targets configured)
2026-10-07T01:24:16.2592116Z 
2026-10-07T01:24:17.8754067Z Analyzing: target //:release (101 packages loaded, 2731 targets configured)
2026-10-07T01:24:17.8754499Z 
2026-10-07T01:24:18.8924455Z Analyzing: target //:release (106 packages loaded, 8513 targets configured)
2026-10-07T01:24:18.8924963Z 
2026-10-07T01:24:19.9103093Z Analyzing: target //:release (229 packages loaded, 9253 targets configured)
2026-10-07T01:24:19.9103956Z 
2026-10-07T01:24:20.9131284Z Analyzing: target //:release (354 packages loaded, 10299 targets configured)
2026-10-07T01:24:20.9131861Z 
2026-10-07T01:24:21.9143532Z Analyzing: target //:release (425 packages loaded, 14715 targets configured)
2026-10-07T01:24:21.9144278Z 
2026-10-07T01:24:23.0386564Z Analyzing: target //:release (437 packages loaded, 20125 targets configured)
2026-10-07T01:24:23.0387485Z 
2026-10-07T01:24:24.0951507Z Analyzing: target //:release (438 packages loaded, 28491 targets configured)
2026-10-07T01:24:24.0952236Z 
2026-10-07T01:24:27.5109998Z Analyzing: target //:release (439 packages loaded, 52763 targets configured)
2026-10-07T01:24:27.5110584Z 
2026-10-07T01:24:29.3022008Z Analyzing: target //:release (442 packages loaded, 52936 targets configured)
2026-10-07T01:24:29.3022392Z 
2026-10-07T01:24:42.8032414Z Analyzing: target //:release (442 packages loaded, 52936 targets configured)
2026-10-07T01:24:42.8033329Z 
2026-10-07T01:24:43.8041459Z Analyzing: target //:release (444 packages loaded, 52950 targets configured)
2026-10-07T01:24:43.8042640Z 
2026-10-07T01:24:44.8421524Z Analyzing: target //:release (496 packages loaded, 53187 targets configured)
2026-10-07T01:24:44.8422115Z 
2026-10-07T01:24:45.8698490Z Analyzing: target //:release (513 packages loaded, 53279 targets configured)
2026-10-07T01:24:45.8699215Z 
2026-10-07T01:24:46.8835495Z Analyzing: target //:release (524 packages loaded, 53746 targets configured)
2026-10-07T01:24:46.8836111Z 
2026-10-07T01:24:47.9532438Z Analyzing: target //:release (548 packages loaded, 53841 targets configured)
2026-10-07T01:24:47.9533035Z 
2026-10-07T01:24:48.9553641Z Analyzing: target //:release (602 packages loaded, 54011 targets configured)
2026-10-07T01:24:48.9554495Z 
2026-10-07T01:24:49.9588996Z Analyzing: target //:release (880 packages loaded, 54730 targets configured)
2026-10-07T01:24:49.9590220Z 
2026-10-07T01:24:50.9709194Z Analyzing: target //:release (921 packages loaded, 54960 targets configured)
2026-10-07T01:24:50.9709935Z 
2026-10-07T01:24:51.9797107Z Analyzing: target //:release (1051 packages loaded, 55790 targets configured)
2026-10-07T01:24:51.9798095Z 
2026-10-07T01:24:53.0074744Z Analyzing: target //:release (1143 packages loaded, 56233 targets configured)
2026-10-07T01:24:53.0075972Z 
2026-10-07T01:24:54.0656587Z Analyzing: target //:release (1251 packages loaded, 56962 targets configured)
2026-10-07T01:24:54.0657558Z 
2026-10-07T01:24:55.1709487Z Analyzing: target //:release (1273 packages loaded, 57937 targets configured)
2026-10-07T01:24:55.1710058Z 
2026-10-07T01:24:56.3201504Z Analyzing: target //:release (1284 packages loaded, 58975 targets configured)
2026-10-07T01:24:56.3202255Z 
2026-10-07T01:24:56.7853385Z INFO: Analyzed target //:release (1284 packages loaded, 59563 targets configured).
2026-10-07T01:24:57.3204760Z [251 / 1,473] [Prepa] Writing script pkg/tcpip/transport/tcp/tcp_state_autogen_tools/goimports.sh
2026-10-07T01:24:58.3250432Z [805 / 3,053] [Prepa] Creating symlink pkg/sentry/platform/kvm/kvm_arm64_state_autogen_tools/go ... (2 actions, 0 running)
2026-10-07T01:24:59.3293900Z [1,360 / 4,814] Executing genrule //pkg/sentry/platform/systrap/sysmsg:sighandler; 0s processwrapper-sandbox ... (3 actions, 1 running)
2026-10-07T01:24:59.6637060Z INFO: From Executing genrule //pkg/sentry/platform/systrap/sysmsg:sighandler_go:
2026-10-07T01:24:59.6638396Z + set -e
2026-10-07T01:24:59.6639014Z + set -u
2026-10-07T01:24:59.6639823Z + FILE=sighandler
2026-10-07T01:24:59.6640315Z + NAME=Sighandler
2026-10-07T01:24:59.6640837Z + PREFIX=Sighandler_blob_offset__
2026-10-07T01:24:59.6641587Z + BLOB=Sighandler_blob
2026-10-07T01:24:59.6642639Z + OBJNAME=bazel-out/aarch64-opt-ST-c1691d43938d/bin/pkg/sentry/platform/systrap/sysmsg/sighandler.built-in.bin.o
2026-10-07T01:24:59.6643950Z + AWK_CMD='$2 ~ /^[tBCTA]$/ { print "var Sighandler_blob_offset__" $3 " = 0x" $1 }'
2026-10-07T01:24:59.6644697Z + cat
2026-10-07T01:24:59.6645623Z + nm bazel-out/aarch64-opt-ST-c1691d43938d/bin/pkg/sentry/platform/systrap/sysmsg/sighandler.built-in.bin.o
2026-10-07T01:24:59.6646630Z + grep __export_
2026-10-07T01:24:59.6647093Z + tr . _
2026-10-07T01:24:59.6647748Z + awk '$2 ~ /^[tBCTA]$/ { print "var Sighandler_blob_offset__" $3 " = 0x" $1 }'
2026-10-07T01:24:59.6970836Z INFO: From Executing genrule //pkg/sentry/platform/systrap/sysmsg:sighandler_go:
2026-10-07T01:24:59.6972609Z + set -e
2026-10-07T01:24:59.6973376Z + set -u
2026-10-07T01:24:59.6973862Z + FILE=sighandler
2026-10-07T01:24:59.6974398Z + NAME=Sighandler
2026-10-07T01:24:59.6975071Z + PREFIX=Sighandler_blob_offset__
2026-10-07T01:24:59.6975621Z + BLOB=Sighandler_blob
2026-10-07T01:24:59.6976483Z + OBJNAME=bazel-out/k8-opt-ST-04c87098fb12/bin/pkg/sentry/platform/systrap/sysmsg/sighandler.built-in.bin.o
2026-10-07T01:24:59.6977595Z + AWK_CMD='$2 ~ /^[tBCTA]$/ { print "var Sighandler_blob_offset__" $3 " = 0x" $1 }'
2026-10-07T01:24:59.6978313Z + cat
2026-10-07T01:24:59.6978723Z + tr . _
2026-10-07T01:24:59.6979526Z + nm bazel-out/k8-opt-ST-04c87098fb12/bin/pkg/sentry/platform/systrap/sysmsg/sighandler.built-in.bin.o
2026-10-07T01:24:59.6980465Z + grep __export_
2026-10-07T01:24:59.6981289Z + awk '$2 ~ /^[tBCTA]$/ { print "var Sighandler_blob_offset__" $3 " = 0x" $1 }'
2026-10-07T01:25:00.1298469Z INFO: From Executing genrule //pkg/sentry/platform/systrap/sysmsg:sighandler_go [for tool]:
2026-10-07T01:25:00.1305809Z + set -e
2026-10-07T01:25:00.1306537Z + set -u
2026-10-07T01:25:00.1307113Z + FILE=sighandler
2026-10-07T01:25:00.1307594Z + NAME=Sighandler
2026-10-07T01:25:00.1308083Z + PREFIX=Sighandler_blob_offset__
2026-10-07T01:25:00.1308637Z + BLOB=Sighandler_blob
2026-10-07T01:25:00.1309622Z + OBJNAME=bazel-out/k8-opt-exec-ST-04c87098fb12/bin/pkg/sentry/platform/systrap/sysmsg/sighandler.built-in.bin.o
2026-10-07T01:25:00.1310841Z + AWK_CMD='$2 ~ /^[tBCTA]$/ { print "var Sighandler_blob_offset__" $3 " = 0x" $1 }'
2026-10-07T01:25:00.1311715Z + cat
2026-10-07T01:25:00.1312141Z + grep __export_
2026-10-07T01:25:00.1312779Z + awk '$2 ~ /^[tBCTA]$/ { print "var Sighandler_blob_offset__" $3 " = 0x" $1 }'
2026-10-07T01:25:00.1313957Z + nm bazel-out/k8-opt-exec-ST-04c87098fb12/bin/pkg/sentry/platform/systrap/sysmsg/sighandler.built-in.bin.o
2026-10-07T01:25:00.1314853Z + tr . _
2026-10-07T01:25:00.1752026Z INFO: From Executing genrule //pkg/sentry/platform/systrap/sysmsg:sighandler_go [for tool]:
2026-10-07T01:25:00.1758520Z + set -e
2026-10-07T01:25:00.1759310Z + set -u
2026-10-07T01:25:00.1760235Z + FILE=sighandler
2026-10-07T01:25:00.1760752Z + NAME=Sighandler
2026-10-07T01:25:00.1761292Z + PREFIX=Sighandler_blob_offset__
2026-10-07T01:25:00.1761839Z + BLOB=Sighandler_blob
2026-10-07T01:25:00.1762804Z + OBJNAME=bazel-out/aarch64-opt-exec-ST-c1691d43938d/bin/pkg/sentry/platform/systrap/sysmsg/sighandler.built-in.bin.o
2026-10-07T01:25:00.1763867Z + AWK_CMD='$2 ~ /^[tBCTA]$/ { print "var Sighandler_blob_offset__" $3 " = 0x" $1 }'
2026-10-07T01:25:00.1764391Z + cat
2026-10-07T01:25:00.1765150Z + nm bazel-out/aarch64-opt-exec-ST-c1691d43938d/bin/pkg/sentry/platform/systrap/sysmsg/sighandler.built-in.bin.o
2026-10-07T01:25:00.1766280Z + grep __export_
2026-10-07T01:25:00.1766689Z + tr . _
2026-10-07T01:25:00.1767198Z + awk '$2 ~ /^[tBCTA]$/ { print "var Sighandler_blob_offset__" $3 " = 0x" $1 }'
2026-10-07T01:25:00.3823903Z [1,604 / 5,288] Executing genrule //runsc/boot/filter:filter_precompiled_gen [for tool]; 0s processwrapper-sandbox ... (4 actions, 3 running)
2026-10-07T01:25:02.3184996Z [1,623 / 5,288] GoToolchainBinaryBuild external/rules_go++go_sdk+main___download_0/builder [for tool]; 2s processwrapper-sandbox
2026-10-07T01:25:11.9614383Z [1,623 / 5,288] GoToolchainBinaryBuild external/rules_go++go_sdk+main___download_0/builder [for tool]; 11s processwrapper-sandbox
2026-10-07T01:25:18.2813384Z [1,624 / 5,288] [Prepa] Creating symlink external/rules_go++go_sdk+main___download_0/builder_reset/builder [for tool] ... (3 actions, 0 running)
2026-10-07T01:25:19.3236764Z [1,629 / 5,288] GoStdlib external/rules_go+/stdlib_/pkg; 1s processwrapper-sandbox ... (4 actions running)
2026-10-07T01:25:29.9760717Z [1,629 / 5,288] GoStdlib external/rules_go+/stdlib_/pkg; 11s processwrapper-sandbox ... (4 actions running)
2026-10-07T01:26:00.4371873Z [1,629 / 5,288] GoStdlib external/rules_go+/stdlib_/pkg; 42s processwrapper-sandbox ... (4 actions running)
2026-10-07T01:26:29.9341244Z [1,630 / 5,288] GoStdlib external/rules_go+/stdlib_/pkg; 71s processwrapper-sandbox ... (3 actions running)
2026-10-07T01:26:31.0733573Z [1,634 / 5,288] GoStdlib external/rules_go+/stdlib_/pkg [for tool]; 72s processwrapper-sandbox ... (3 actions, 2 running)
2026-10-07T01:26:32.1028117Z [1,650 / 5,288] GoStdlib external/rules_go+/stdlib_/pkg [for tool]; 73s processwrapper-sandbox ... (3 actions, 2 running)
2026-10-07T01:26:33.1976866Z [1,661 / 5,288] GoStdlib external/rules_go+/stdlib_/pkg [for tool]; 74s processwrapper-sandbox ... (4 actions, 3 running)
2026-10-07T01:26:34.2569607Z [1,672 / 5,288] GoStdlib external/rules_go+/stdlib_/pkg [for tool]; 75s processwrapper-sandbox ... (4 actions, 3 running)
2026-10-07T01:26:35.2927982Z [1,690 / 5,288] GoStdlib external/rules_go+/stdlib_/pkg [for tool]; 3s processwrapper-sandbox ... (4 actions, 3 running)
2026-10-07T01:26:36.3303212Z [1,714 / 5,288] GoStdlib external/rules_go+/stdlib_/pkg [for tool]; 4s processwrapper-sandbox ... (4 actions, 3 running)
2026-10-07T01:26:37.3387402Z [1,730 / 5,288] GoStdlib external/rules_go+/stdlib_/pkg [for tool]; 5s processwrapper-sandbox ... (4 actions, 3 running)
2026-10-07T01:26:38.3730569Z [1,743 / 5,288] GoStdlib external/rules_go+/stdlib_/pkg [for tool]; 6s processwrapper-sandbox ... (4 actions, 3 running)
2026-10-07T01:26:39.4550533Z [1,749 / 5,288] GoStdlib external/rules_go+/stdlib_/pkg [for tool]; 7s processwrapper-sandbox ... (4 actions, 3 running)
2026-10-07T01:26:40.5781028Z [1,753 / 5,288] GoStdlib external/rules_go+/stdlib_/pkg [for tool]; 9s processwrapper-sandbox ... (4 actions, 3 running)
2026-10-07T01:26:41.6448844Z [1,759 / 5,288] GoStdlib external/rules_go+/stdlib_/pkg [for tool]; 10s processwrapper-sandbox ... (4 actions, 3 running)
2026-10-07T01:26:42.6464711Z [1,772 / 5,288] GoStdlib external/rules_go+/stdlib_/pkg [for tool]; 11s processwrapper-sandbox ... (4 actions, 3 running)
2026-10-07T01:26:43.6960049Z [1,783 / 5,288] GoStdlib external/rules_go+/stdlib_/pkg [for tool]; 12s processwrapper-sandbox ... (4 actions, 3 running)
2026-10-07T01:26:44.8804228Z [1,792 / 5,288] GoStdlib external/rules_go+/stdlib_/pkg [for tool]; 13s processwrapper-sandbox ... (3 actions, 2 running)
2026-10-07T01:26:45.9311280Z [1,801 / 5,288] GoStdlib external/rules_go+/stdlib_/pkg [for tool]; 14s processwrapper-sandbox ... (3 actions, 2 running)
2026-10-07T01:26:46.9296157Z [1,809 / 5,288] GoStdlib external/rules_go+/stdlib_/pkg [for tool]; 15s processwrapper-sandbox ... (4 actions running)
2026-10-07T01:26:48.0261938Z [1,817 / 5,288] GoStdlib external/rules_go+/stdlib_/pkg [for tool]; 16s processwrapper-sandbox ... (3 actions, 2 running)
2026-10-07T01:26:49.2934438Z [1,830 / 5,288] GoStdlib external/rules_go+/stdlib_/pkg [for tool]; 17s processwrapper-sandbox ... (3 actions, 2 running)
2026-10-07T01:26:50.3539599Z [1,843 / 5,288] GoStdlib external/rules_go+/stdlib_/pkg [for tool]; 18s processwrapper-sandbox ... (3 actions, 2 running)
2026-10-07T01:26:51.3849360Z [1,854 / 5,288] GoStdlib external/rules_go+/stdlib_/pkg [for tool]; 19s processwrapper-sandbox ... (3 actions, 2 running)
2026-10-07T01:26:52.5446369Z [1,867 / 5,288] GoStdlib external/rules_go+/stdlib_/pkg [for tool]; 20s processwrapper-sandbox ... (4 actions, 3 running)
2026-10-07T01:26:53.6719908Z [1,875 / 5,288] GoStdlib external/rules_go+/stdlib_/pkg [for tool]; 22s processwrapper-sandbox ... (4 actions, 3 running)
2026-10-07T01:26:54.6688753Z [1,888 / 5,288] GoStdlib external/rules_go+/stdlib_/pkg [for tool]; 23s processwrapper-sandbox ... (4 actions, 3 running)
2026-10-07T01:26:55.9111009Z [1,900 / 5,288] GoStdlib external/rules_go+/stdlib_/pkg [for tool]; 24s processwrapper-sandbox ... (4 actions, 3 running)
2026-10-07T01:26:56.9390762Z [1,908 / 5,288] GoStdlib external/rules_go+/stdlib_/pkg [for tool]; 25s processwrapper-sandbox ... (4 actions running)
2026-10-07T01:26:57.9337873Z [1,913 / 5,288] GoStdlib external/rules_go+/stdlib_/pkg [for tool]; 26s processwrapper-sandbox ... (4 actions running)
2026-10-07T01:26:58.9480727Z [1,917 / 5,288] GoStdlib external/rules_go+/stdlib_/pkg [for tool]; 27s processwrapper-sandbox ... (4 actions running)
2026-10-07T01:27:00.2929886Z [1,923 / 5,288] GoStdlib external/rules_go+/stdlib_/pkg [for tool]; 28s processwrapper-sandbox ... (4 actions, 3 running)
2026-10-07T01:27:01.4194290Z [1,931 / 5,288] GoStdlib external/rules_go+/stdlib_/pkg [for tool]; 29s processwrapper-sandbox ... (4 actions, 3 running)
2026-10-07T01:27:02.4275534Z [1,939 / 5,288] GoStdlib external/rules_go+/stdlib_/pkg [for tool]; 30s processwrapper-sandbox ... (4 actions, 3 running)
2026-10-07T01:27:03.5789871Z [1,945 / 5,288] GoStdlib external/rules_go+/stdlib_/pkg [for tool]; 32s processwrapper-sandbox ... (4 actions, 3 running)
2026-10-07T01:27:04.6682586Z [1,955 / 5,288] GoStdlib external/rules_go+/stdlib_/pkg [for tool]; 33s processwrapper-sandbox ... (4 actions, 3 running)
2026-10-07T01:27:05.9417146Z [1,962 / 5,288] GoStdlib external/rules_go+/stdlib_/pkg; 10s processwrapper-sandbox ... (4 actions, 3 running)
2026-10-07T01:27:06.9405281Z [1,972 / 5,288] GoStdlib external/rules_go+/stdlib_/pkg; 11s processwrapper-sandbox ... (4 actions running)
2026-10-07T01:27:07.9516872Z [1,982 / 5,288] GoStdlib external/rules_go+/stdlib_/pkg; 12s processwrapper-sandbox ... (4 actions running)
2026-10-07T01:27:09.0320813Z [1,991 / 5,288] GoStdlib external/rules_go+/stdlib_/pkg; 13s processwrapper-sandbox ... (4 actions, 3 running)
2026-10-07T01:27:10.2825308Z [1,997 / 5,288] GoStdlib external/rules_go+/stdlib_/pkg; 14s processwrapper-sandbox ... (4 actions, 3 running)
2026-10-07T01:27:11.4029359Z [2,003 / 5,288] GoStdlib external/rules_go+/stdlib_/pkg; 15s processwrapper-sandbox ... (4 actions, 3 running)
2026-10-07T01:27:12.5239155Z [2,011 / 5,288] GoStdlib external/rules_go+/stdlib_/pkg; 17s processwrapper-sandbox ... (4 actions, 3 running)
2026-10-07T01:27:13.7043527Z [2,018 / 5,288] GoStdlib external/rules_go+/stdlib_/pkg; 18s processwrapper-sandbox ... (4 actions, 3 running)
2026-10-07T01:27:14.9066286Z [2,022 / 5,288] GoStdlib external/rules_go+/stdlib_/pkg; 19s processwrapper-sandbox ... (4 actions, 3 running)
2026-10-07T01:27:15.9600037Z [2,026 / 5,288] GoStdlib external/rules_go+/stdlib_/pkg; 20s processwrapper-sandbox ... (4 actions running)
2026-10-07T01:27:16.9604375Z [2,029 / 5,288] GoStdlib external/rules_go+/stdlib_/pkg; 21s processwrapper-sandbox ... (4 actions running)
2026-10-07T01:27:18.0029082Z [2,036 / 5,288] GoStdlib external/rules_go+/stdlib_/pkg; 22s processwrapper-sandbox ... (4 actions, 3 running)
2026-10-07T01:27:19.0330887Z [2,048 / 5,288] GoStdlib external/rules_go+/stdlib_/pkg; 23s processwrapper-sandbox ... (4 actions, 3 running)
2026-10-07T01:27:20.3714081Z [2,056 / 5,288] GoStdlib external/rules_go+/stdlib_/pkg; 24s processwrapper-sandbox ... (4 actions, 3 running)
2026-10-07T01:27:21.5325205Z [2,059 / 5,288] GoStdlib external/rules_go+/stdlib_/pkg; 26s processwrapper-sandbox ... (4 actions, 3 running)
2026-10-07T01:27:22.9268746Z [2,062 / 5,288] GoStdlib external/rules_go+/stdlib_/pkg; 27s processwrapper-sandbox ... (4 actions, 3 running)
2026-10-07T01:27:23.9790838Z [2,062 / 5,288] GoStdlib external/rules_go+/stdlib_/pkg; 28s processwrapper-sandbox ... (4 actions running)
2026-10-07T01:27:25.0535920Z [2,066 / 5,288] GoStdlib external/rules_go+/stdlib_/pkg; 29s processwrapper-sandbox ... (4 actions, 3 running)
2026-10-07T01:27:26.1421632Z [2,076 / 5,288] GoStdlib external/rules_go+/stdlib_/pkg; 30s processwrapper-sandbox ... (4 actions, 3 running)
2026-10-07T01:27:27.2715295Z [2,079 / 5,288] GoStdlib external/rules_go+/stdlib_/pkg; 31s processwrapper-sandbox ... (4 actions, 3 running)
2026-10-07T01:27:28.3518118Z [2,085 / 5,288] GoStdlib external/rules_go+/stdlib_/pkg; 32s processwrapper-sandbox ... (4 actions, 3 running)
2026-10-07T01:27:29.5691232Z [2,092 / 5,288] GoStdlib external/rules_go+/stdlib_/pkg; 34s processwrapper-sandbox ... (4 actions, 3 running)
2026-10-07T01:27:30.6160491Z [2,098 / 5,288] GoStdlib external/rules_go+/stdlib_/pkg; 35s processwrapper-sandbox ... (4 actions, 3 running)
2026-10-07T01:27:31.6818647Z [2,104 / 5,288] GoStdlib external/rules_go+/stdlib_/pkg; 36s processwrapper-sandbox ... (4 actions, 3 running)
2026-10-07T01:27:32.7860595Z [2,113 / 5,288] GoStdlib external/rules_go+/stdlib_/pkg; 37s processwrapper-sandbox ... (4 actions, 3 running)
2026-10-07T01:27:33.9249243Z [2,120 / 5,288] GoStdlib external/rules_go+/stdlib_/pkg; 38s processwrapper-sandbox ... (4 actions, 3 running)
2026-10-07T01:27:34.9817761Z [2,123 / 5,288] GoStdlib external/rules_go+/stdlib_/pkg; 39s processwrapper-sandbox ... (4 actions running)
2026-10-07T01:27:35.9807061Z [2,127 / 5,288] GoStdlib external/rules_go+/stdlib_/pkg; 40s processwrapper-sandbox ... (4 actions running)
2026-10-07T01:27:36.9890011Z [2,132 / 5,288] GoStdlib external/rules_go+/stdlib_/pkg; 41s processwrapper-sandbox ... (4 actions running)
2026-10-07T01:27:37.9837004Z [2,138 / 5,288] GoStdlib external/rules_go+/stdlib_/pkg; 42s processwrapper-sandbox ... (4 actions running)
2026-10-07T01:27:38.9927266Z [2,141 / 5,288] GoStdlib external/rules_go+/stdlib_/pkg; 43s processwrapper-sandbox ... (4 actions running)
2026-10-07T01:27:39.9867657Z [2,146 / 5,288] GoStdlib external/rules_go+/stdlib_/pkg; 44s processwrapper-sandbox ... (4 actions running)
2026-10-07T01:27:41.0067912Z [2,155 / 5,288] GoStdlib external/rules_go+/stdlib_/pkg; 35s processwrapper-sandbox ... (4 actions running)
2026-10-07T01:27:42.1030801Z [2,162 / 5,288] GoStdlib external/rules_go+/stdlib_/pkg; 37s processwrapper-sandbox ... (4 actions, 3 running)
2026-10-07T01:27:43.1716429Z [2,173 / 5,288] GoStdlib external/rules_go+/stdlib_/pkg; 38s processwrapper-sandbox ... (4 actions, 3 running)
2026-10-07T01:27:44.2323396Z [2,196 / 5,288] GoStdlib external/rules_go+/stdlib_/pkg; 39s processwrapper-sandbox ... (4 actions, 3 running)
2026-10-07T01:27:45.2638040Z INFO: From go_marshal: @@//pkg/sentry/loader:loader_abi_autogen [for tool]:
2026-10-07T01:27:45.2659819Z stdout (/tmp/helox-release-gvisor.CqaWYB/.cache/bazel/_bazel_builder/3c9488c46403da6f6b9382e82e8f352e/execroot/_main/bazel-out/_tmp/actions/stdout-2197) 1818073 exceeds maximum size of --experimental_ui_max_stdouterr_bytes=1048576 bytes; skipping
2026-10-07T01:27:45.2668186Z [2,207 / 5,288] GoStdlib external/rules_go+/stdlib_/pkg; 40s processwrapper-sandbox ... (4 actions, 3 running)
2026-10-07T01:27:46.3744483Z [2,234 / 5,288] GoStdlib external/rules_go+/stdlib_/pkg; 41s processwrapper-sandbox ... (4 actions, 3 running)
2026-10-07T01:27:47.3819917Z [2,264 / 5,288] GoStdlib external/rules_go+/stdlib_/pkg; 42s processwrapper-sandbox ... (4 actions, 3 running)
2026-10-07T01:27:48.4409847Z stdout (/tmp/helox-release-gvisor.CqaWYB/.cache/bazel/_bazel_builder/3c9488c46403da6f6b9382e82e8f352e/execroot/_main/bazel-out/_tmp/actions/stdout-2274) 1818073 exceeds maximum size of --experimental_ui_max_stdouterr_bytes=1048576 bytes; skipping
2026-10-07T01:27:48.4412428Z INFO: From go_marshal: @@//pkg/sentry/loader:loader_abi_autogen:
2026-10-07T01:27:48.4423850Z [2,278 / 5,288] GoStdlib external/rules_go+/stdlib_/pkg; 43s processwrapper-sandbox ... (4 actions, 3 running)
2026-10-07T01:27:49.4530111Z [2,312 / 5,288] GoStdlib external/rules_go+/stdlib_/pkg; 44s processwrapper-sandbox ... (4 actions, 3 running)
2026-10-07T01:27:50.4570775Z [2,408 / 5,288] GoCompilePkg external/gazelle++go_deps+org_golang_x_tools/internal/imports/imports.a [for tool]; 0s processwrapper-sandbox ... (4 actions, 3 running)
2026-10-07T01:27:51.4702935Z [2,507 / 5,288] GoCompilePkg external/cel-spec+/expr.a; 0s processwrapper-sandbox ... (4 actions, 3 running)
2026-10-07T01:27:52.4692301Z [2,594 / 5,288] GoImports pkg/sentry/platform/ptrace/ptrace_state_autogen_with_imports.go [for tool]; 0s processwrapper-sandbox ... (4 actions, 3 running)
2026-10-07T01:27:53.4768870Z [2,706 / 5,288] GoCompilePkg external/gazelle++go_deps+co_honnef_go_tools/staticcheck/sa1011/sa1011.a [for tool]; 0s processwrapper-sandbox ... (4 actions, 3 running)
2026-10-07T01:27:54.4811332Z [2,802 / 5,288] GoCompilePkg external/gazelle++go_deps+com_github_envoyproxy_go_control_plane_envoy/config/overload/v3/overload.a; 0s processwrapper-sandbox ... (4 actions, 3 running)
2026-10-07T01:27:55.4782496Z [2,900 / 5,288] GoCompilePkg external/gazelle++go_deps+com_github_envoyproxy_go_control_plane_envoy/config/core/v3/core.a; 0s processwrapper-sandbox ... (3 actions, 2 running)
2026-10-07T01:27:56.4973612Z [3,008 / 5,288] GoCompilePkg external/gazelle++go_deps+com_github_envoyproxy_go_control_plane_envoy/config/core/v3/core.a; 1s processwrapper-sandbox ... (4 actions, 3 running)
2026-10-07T01:27:57.4999123Z [3,080 / 5,288] GoCompilePkg external/gazelle++go_deps+com_github_envoyproxy_go_control_plane_envoy/config/core/v3/core.a; 2s processwrapper-sandbox ... (4 actions, 3 running)
2026-10-07T01:27:58.5120666Z [3,128 / 5,288] GoCompilePkg external/gazelle++go_deps+com_github_envoyproxy_go_control_plane_envoy/config/metrics/v3/metrics.a; 0s processwrapper-sandbox ... (4 actions, 3 running)
2026-10-07T01:27:59.5126379Z [3,228 / 5,288] GoCompilePkg external/gazelle++go_deps+com_github_envoyproxy_go_control_plane_envoy/extensions/transport_sockets/tls/v3/tls.a; 0s processwrapper-sandbox ... (4 actions, 3 running)
2026-10-07T01:28:00.5302068Z [3,333 / 5,288] GoCompilePkg external/gazelle++go_deps+com_github_envoyproxy_go_control_plane_envoy/config/cluster/v3/cluster.a; 0s processwrapper-sandbox ... (4 actions, 3 running)
2026-10-07T01:28:01.5306220Z [3,461 / 5,288] GoImports pkg/sentry/fsimpl/overlay/overlay_state_autogen_with_imports.go [for tool]; 0s processwrapper-sandbox ... (4 actions, 3 running)
2026-10-07T01:28:02.5611120Z [3,550 / 5,288] GoCompilePkg pkg/sentry/seccheck/points/points_go_proto.a; 0s processwrapper-sandbox ... (4 actions, 3 running)
2026-10-07T01:28:03.5647646Z [3,642 / 5,288] GoCompilePkg external/gazelle++go_deps+com_github_cncf_xds_go/xds/type/v3/type.a; 0s processwrapper-sandbox ... (4 actions, 3 running)
2026-10-07T01:28:04.5709136Z [3,772 / 5,288] GoCompilePkg external/gazelle++go_deps+com_github_envoyproxy_go_control_plane_envoy/config/route/v3/route.a; 0s processwrapper-sandbox ... (4 actions, 3 running)
2026-10-07T01:28:05.5754870Z [3,850 / 5,288] GoCompilePkg external/gazelle++go_deps+com_github_envoyproxy_go_control_plane_envoy/config/route/v3/route.a; 1s processwrapper-sandbox ... (4 actions, 3 running)
2026-10-07T01:28:06.5771736Z [3,913 / 5,288] GoImports pkg/sentry/socket/netlink/port/port_state_autogen_with_imports.go [for tool]; 0s processwrapper-sandbox ... (3 actions, 2 running)
2026-10-07T01:28:07.5894512Z [3,940 / 5,288] GoCompilePkg external/gazelle++go_deps+com_github_envoyproxy_go_control_plane_envoy/config/accesslog/v3/accesslog.a; 0s processwrapper-sandbox ... (3 actions running)
2026-10-07T01:28:08.6218493Z [3,966 / 5,288] GoImports runsc/sandbox/bpf/bpf_state_autogen_with_imports.go; 0s processwrapper-sandbox ... (3 actions, 2 running)
2026-10-07T01:28:09.6278410Z [3,992 / 5,288] GoCompilePkg external/gazelle++go_deps+com_github_envoyproxy_go_control_plane_envoy/config/bootstrap/v3/bootstrap.a; 0s processwrapper-sandbox ... (4 actions, 3 running)
2026-10-07T01:28:10.6818656Z [4,019 / 5,288] GoImports pkg/unet/unet_state_autogen_with_imports.go; 0s processwrapper-sandbox ... (3 actions, 2 running)
2026-10-07T01:28:11.6919910Z [4,040 / 5,288] GoImports pkg/sentry/seccheck/seccheck_amd64_state_autogen_with_imports.go [for tool]; 0s processwrapper-sandbox ... (4 actions, 3 running)
2026-10-07T01:28:12.7042755Z [4,076 / 5,288] GoImports runsc/version/version_state_autogen_with_imports.go; 0s processwrapper-sandbox ... (4 actions, 3 running)
2026-10-07T01:28:13.7097050Z [4,093 / 5,288] GoLink tools/nogo/nogo_/nogo [for tool]; 0s processwrapper-sandbox ... (4 actions, 3 running)
2026-10-07T01:28:14.7842403Z [4,112 / 5,288] Analyzing Go Standard Library; 0s local ... (3 actions, 2 running)
2026-10-07T01:28:15.7915207Z [4,121 / 5,288] Analyzing Go Standard Library; 1s local ... (4 actions, 3 running)
2026-10-07T01:28:16.8156444Z [4,143 / 5,288] Analyzing Go Standard Library; 2s local ... (3 actions, 2 running)
2026-10-07T01:28:17.8732034Z [4,160 / 5,288] Analyzing Go Standard Library; 3s local ... (4 actions, 3 running)
2026-10-07T01:28:18.9417408Z [4,173 / 5,288] Analyzing Go Standard Library; 5s local ... (4 actions, 3 running)
2026-10-07T01:28:20.0043575Z [4,188 / 5,288] Analyzing Go Standard Library; 6s local ... (4 actions, 3 running)
2026-10-07T01:28:21.0079919Z [4,196 / 5,288] Analyzing Go Standard Library; 7s local ... (4 actions running)
2026-10-07T01:28:22.0064355Z [4,204 / 5,288] Analyzing Go Standard Library; 8s local ... (4 actions, 3 running)
2026-10-07T01:28:23.0074599Z [4,212 / 5,288] Analyzing Go Standard Library; 9s local ... (4 actions running)
2026-10-07T01:28:24.1469632Z [4,224 / 5,288] Analyzing Go Standard Library; 10s local ... (4 actions, 3 running)
2026-10-07T01:28:25.1452550Z [4,237 / 5,288] Analyzing Go Standard Library; 11s local ... (4 actions, 3 running)
2026-10-07T01:28:26.2263895Z [4,251 / 5,288] Analyzing Go Standard Library; 12s local ... (4 actions, 3 running)
2026-10-07T01:28:27.2582012Z [4,286 / 5,288] Analyzing Go Standard Library; 13s local ... (4 actions, 3 running)
2026-10-07T01:28:28.3128223Z [4,314 / 5,288] Analyzing Go Standard Library; 14s local ... (4 actions, 2 running)
2026-10-07T01:28:29.3226632Z [4,348 / 5,288] Analyzing Go Standard Library; 15s local ... (3 actions, 2 running)
2026-10-07T01:28:30.3748421Z [4,374 / 5,288] Analyzing Go Standard Library; 16s local ... (4 actions, 3 running)
2026-10-07T01:28:31.4523334Z [4,393 / 5,288] Analyzing Go Standard Library; 17s local ... (3 actions, 2 running)
2026-10-07T01:28:32.5022436Z [4,411 / 5,288] Analyzing Go Standard Library; 18s local ... (4 actions, 3 running)
2026-10-07T01:28:33.5828393Z [4,423 / 5,288] Analyzing Go Standard Library; 19s local ... (4 actions, 3 running)
2026-10-07T01:28:34.5959743Z [4,442 / 5,288] Analyzing Go Standard Library; 20s local ... (4 actions, 3 running)
2026-10-07T01:28:35.5969044Z [4,465 / 5,288] Analyzing Go Standard Library; 21s local ... (4 actions, 3 running)
2026-10-07T01:28:36.6037742Z [4,491 / 5,288] Analyzing Go Standard Library; 22s local ... (4 actions running)
2026-10-07T01:28:37.6280791Z [4,515 / 5,288] Analyzing Go Standard Library; 23s local ... (4 actions, 3 running)
2026-10-07T01:28:38.6519390Z [4,536 / 5,288] Analyzing Go Standard Library; 24s local ... (4 actions, 3 running)
2026-10-07T01:28:39.6561751Z [4,558 / 5,288] Analyzing Go Standard Library; 25s local ... (3 actions, 2 running)
2026-10-07T01:28:40.7372886Z [4,578 / 5,288] Analyzing Go Standard Library; 26s local ... (3 actions, 2 running)
2026-10-07T01:28:41.8004227Z [4,598 / 5,288] Analyzing Go Standard Library; 27s local ... (3 actions, 2 running)
2026-10-07T01:28:42.8391357Z [4,622 / 5,288] Analyzing Go Standard Library; 28s local ... (4 actions, 3 running)
2026-10-07T01:28:43.9060675Z [4,648 / 5,288] Analyzing Go Standard Library; 30s local ... (4 actions, 3 running)
2026-10-07T01:28:44.9282931Z [4,672 / 5,288] Analyzing Go Standard Library; 31s local ... (3 actions, 2 running)
2026-10-07T01:28:45.9364077Z [4,683 / 5,288] Analyzing Go Standard Library; 32s local ... (4 actions, 3 running)
2026-10-07T01:28:47.0186577Z [4,691 / 5,288] Analyzing Go Standard Library; 33s local ... (4 actions running)
2026-10-07T01:28:48.0644880Z [4,708 / 5,288] Analyzing Go Standard Library; 34s local ... (3 actions, 2 running)
2026-10-07T01:28:49.0930380Z [4,727 / 5,288] Analyzing Go Standard Library; 35s local ... (4 actions, 3 running)
2026-10-07T01:28:50.1082054Z [4,746 / 5,288] Analyzing Go Standard Library; 36s local ... (4 actions, 3 running)
2026-10-07T01:28:51.1273743Z [4,759 / 5,288] Analyzing Go Standard Library; 37s local ... (3 actions running)
2026-10-07T01:28:52.5155105Z [4,764 / 5,288] Analyzing Go Standard Library; 38s local ... (4 actions, 3 running)
2026-10-07T01:28:53.5707796Z [4,784 / 5,288] Analyzing Go Standard Library; 39s local ... (4 actions, 3 running)
2026-10-07T01:28:54.6799586Z [4,789 / 5,288] Analyzing Go Standard Library; 40s local ... (4 actions, 3 running)
2026-10-07T01:28:55.6835920Z [4,793 / 5,288] Analyzing Go Standard Library; 41s local ... (4 actions, 3 running)
2026-10-07T01:28:56.7090380Z [4,816 / 5,288] Analyzing Go Standard Library; 42s local ... (4 actions, 3 running)
2026-10-07T01:28:57.7411580Z [4,833 / 5,288] Analyzing Go Standard Library; 43s local ... (4 actions, 3 running)
2026-10-07T01:28:59.0235365Z [4,834 / 5,288] Analyzing Go Standard Library; 45s local ... (4 actions running)
2026-10-07T01:29:08.5777308Z [4,834 / 5,288] Analyzing Go Standard Library; 54s local ... (4 actions running)
2026-10-07T01:29:38.5879967Z [4,834 / 5,288] Analyzing Go Standard Library; 84s local ... (4 actions running)
2026-10-07T01:30:38.5962046Z [4,834 / 5,288] Analyzing Go Standard Library; 144s local ... (4 actions running)
2026-10-07T01:31:07.8249970Z INFO: From Analyzing Go Standard Library:
2026-10-07T01:31:07.8258640Z error resolving GOVERSION: open <source file src/go.mod>: no such file or directory
2026-10-07T01:31:07.9081938Z [4,835 / 5,288] Analyzing Go Standard Library; 136s local ... (4 actions, 3 running)
2026-10-07T01:31:09.0542934Z [4,836 / 5,288] Analyzing Go Standard Library; 137s local ... (4 actions running)
2026-10-07T01:31:19.6082894Z [4,836 / 5,288] Analyzing Go Standard Library; 148s local ... (4 actions running)
2026-10-07T01:31:34.3953331Z INFO: From Analyzing Go Standard Library:
2026-10-07T01:31:34.3955087Z error resolving GOVERSION: open <source file src/go.mod>: no such file or directory
2026-10-07T01:31:34.4319894Z [4,837 / 5,288] Analyzing Go Standard Library; 156s local ... (4 actions, 3 running)
2026-10-07T01:31:36.0590496Z [4,842 / 5,288] Analyzing Go Standard Library; 158s local ... (4 actions running)
2026-10-07T01:31:39.3574979Z INFO: From Analyzing Go Standard Library:
2026-10-07T01:31:39.3578608Z error resolving GOVERSION: open <source file src/go.mod>: no such file or directory
2026-10-07T01:31:39.3898951Z [4,843 / 5,288] Analyzing Go Standard Library [for tool]; 161s local ... (4 actions, 3 running)
2026-10-07T01:31:39.5922167Z INFO: From Analyzing Go Standard Library [for tool]:
2026-10-07T01:31:39.5923046Z error resolving GOVERSION: open <source file src/go.mod>: no such file or directory
2026-10-07T01:31:41.0567216Z [4,853 / 5,288] Analyzing Go Standard Library [for tool]; 32s local ... (4 actions, 3 running)
2026-10-07T01:31:42.0609759Z [4,866 / 5,288] Analyzing Go Standard Library [for tool]; 33s local ... (4 actions running)
2026-10-07T01:31:43.1695862Z [4,876 / 5,288] Analyzing Go Standard Library [for tool]; 34s local ... (4 actions, 3 running)
2026-10-07T01:31:44.2518154Z [4,898 / 5,288] Analyzing Go Standard Library [for tool]; 36s local ... (4 actions, 3 running)
2026-10-07T01:31:45.4601967Z [4,906 / 5,288] Analyzing Go Standard Library [for tool]; 37s local ... (4 actions, 3 running)
2026-10-07T01:31:46.6749344Z [4,910 / 5,288] Analyzing Go Standard Library [for tool]; 38s local ... (4 actions, 3 running)
2026-10-07T01:31:47.6751772Z [4,916 / 5,288] Analyzing Go Standard Library [for tool]; 39s local ... (4 actions, 3 running)
2026-10-07T01:31:48.7639641Z [4,924 / 5,288] Analyzing Go Standard Library [for tool]; 40s local ... (4 actions, 3 running)
2026-10-07T01:31:49.7778912Z [4,931 / 5,288] Analyzing Go Standard Library [for tool]; 41s local ... (4 actions, 3 running)
2026-10-07T01:31:50.8484013Z [4,944 / 5,288] Analyzing Go Standard Library [for tool]; 42s local ... (4 actions, 3 running)
2026-10-07T01:31:51.8686565Z [4,956 / 5,288] Analyzing Go Standard Library [for tool]; 43s local ... (4 actions, 3 running)
2026-10-07T01:31:53.0683468Z [4,963 / 5,288] Analyzing Go Standard Library [for tool]; 44s local ... (4 actions running)
2026-10-07T01:31:54.1679005Z [4,968 / 5,288] Analyzing Go Standard Library [for tool]; 45s local ... (4 actions, 3 running)
2026-10-07T01:31:55.6670715Z [4,978 / 5,288] Analyzing Go Standard Library [for tool]; 47s local ... (4 actions, 3 running)
2026-10-07T01:31:56.7791240Z [4,987 / 5,288] Analyzing Go Standard Library [for tool]; 48s local ... (4 actions, 3 running)
2026-10-07T01:31:57.9667937Z [4,998 / 5,288] Analyzing Go Standard Library [for tool]; 49s local ... (4 actions, 3 running)
2026-10-07T01:31:59.0706510Z [5,004 / 5,288] Analyzing Go Standard Library [for tool]; 50s local ... (4 actions running)
2026-10-07T01:32:00.0774402Z [5,007 / 5,288] Analyzing Go Standard Library [for tool]; 51s local ... (4 actions running)
2026-10-07T01:32:01.0770072Z [5,014 / 5,288] Analyzing Go Standard Library [for tool]; 52s local ... (4 actions running)
2026-10-07T01:32:02.0772303Z [5,015 / 5,288] Analyzing Go Standard Library [for tool]; 53s local ... (4 actions running)
2026-10-07T01:32:03.0921339Z [5,024 / 5,288] Analyzing Go Standard Library [for tool]; 54s local ... (4 actions, 2 running)
2026-10-07T01:32:04.4345080Z [5,028 / 5,288] Analyzing Go Standard Library [for tool]; 56s local ... (4 actions, 2 running)
2026-10-07T01:32:05.6604915Z [5,030 / 5,288] Analyzing Go Standard Library [for tool]; 57s local ... (3 actions, 2 running)
2026-10-07T01:32:07.0804284Z [5,032 / 5,288] Analyzing Go Standard Library [for tool]; 58s local ... (4 actions running)
2026-10-07T01:32:08.2005728Z [5,040 / 5,288] Analyzing Go Standard Library [for tool]; 60s local ... (3 actions, 2 running)
2026-10-07T01:32:10.0828357Z [5,042 / 5,288] Analyzing Go Standard Library [for tool]; 61s local ... (3 actions running)
2026-10-07T01:32:11.6786836Z [5,043 / 5,288] Analyzing Go Standard Library [for tool]; 63s local ... (3 actions, 2 running)
2026-10-07T01:32:12.7104991Z [5,047 / 5,288] Analyzing Go Standard Library [for tool]; 64s local ... (4 actions, 3 running)
2026-10-07T01:32:14.0862993Z [5,050 / 5,288] Analyzing Go Standard Library [for tool]; 65s local ... (4 actions running)
2026-10-07T01:32:15.3161754Z [5,053 / 5,288] Analyzing Go Standard Library [for tool]; 67s local ... (4 actions, 3 running)
2026-10-07T01:32:16.7452088Z [5,055 / 5,288] Analyzing Go Standard Library [for tool]; 68s local ... (4 actions, 3 running)
2026-10-07T01:32:17.9426661Z [5,058 / 5,288] Analyzing Go Standard Library [for tool]; 69s local ... (4 actions, 3 running)
2026-10-07T01:32:19.0618901Z [5,062 / 5,288] Analyzing Go Standard Library [for tool]; 70s local ... (4 actions, 3 running)
2026-10-07T01:32:20.0920608Z [5,064 / 5,288] Analyzing Go Standard Library [for tool]; 71s local ... (4 actions running)
2026-10-07T01:32:21.0930878Z [5,068 / 5,288] Analyzing Go Standard Library [for tool]; 72s local ... (4 actions running)
2026-10-07T01:32:22.3341448Z [5,072 / 5,288] Analyzing Go Standard Library [for tool]; 74s local ... (4 actions, 3 running)
2026-10-07T01:32:24.0962866Z [5,073 / 5,288] Analyzing Go Standard Library [for tool]; 75s local ... (4 actions running)
2026-10-07T01:32:25.1495983Z [5,076 / 5,288] Analyzing Go Standard Library [for tool]; 76s local ... (4 actions, 3 running)
2026-10-07T01:32:26.5857108Z [5,080 / 5,288] Analyzing Go Standard Library [for tool]; 78s local ... (4 actions, 3 running)
2026-10-07T01:32:28.0968946Z [5,080 / 5,288] Analyzing Go Standard Library [for tool]; 79s local ... (4 actions running)
2026-10-07T01:32:29.0996381Z [5,081 / 5,288] Analyzing Go Standard Library [for tool]; 80s local ... (4 actions running)
2026-10-07T01:32:30.1024219Z [5,083 / 5,288] Analyzing Go Standard Library [for tool]; 81s local ... (4 actions running)
2026-10-07T01:32:31.1049830Z [5,087 / 5,288] Analyzing Go Standard Library [for tool]; 82s local ... (4 actions running)
2026-10-07T01:32:32.1073867Z [5,092 / 5,288] Analyzing Go Standard Library [for tool]; 83s local ... (3 actions running)
2026-10-07T01:32:33.4593447Z [5,102 / 5,288] Analyzing Go Standard Library [for tool]; 85s local ... (4 actions, 3 running)
2026-10-07T01:32:35.1077615Z [5,108 / 5,288] Analyzing Go Standard Library [for tool]; 86s local ... (4 actions running)
2026-10-07T01:32:37.1082333Z [5,109 / 5,288] Analyzing Go Standard Library [for tool]; 88s local ... (3 actions running)
2026-10-07T01:32:39.1095333Z [5,110 / 5,288] Analyzing Go Standard Library [for tool]; 90s local ... (3 actions running)
2026-10-07T01:32:45.3332344Z [5,111 / 5,288] Analyzing Go Standard Library [for tool]; 97s local ... (3 actions, 2 running)
2026-10-07T01:32:47.1117806Z [5,112 / 5,288] Analyzing Go Standard Library [for tool]; 98s local ... (2 actions running)
2026-10-07T01:32:56.6386530Z [5,112 / 5,288] Analyzing Go Standard Library [for tool]; 108s local ... (2 actions running)
2026-10-07T01:33:21.5822582Z INFO: From Analyzing Go Standard Library [for tool]:
2026-10-07T01:33:21.5823682Z error resolving GOVERSION: open <source file src/go.mod>: no such file or directory
2026-10-07T01:33:21.6036085Z [5,113 / 5,288] Analyzing Go Standard Library [for tool]; 106s local ... (2 actions, 1 running)
2026-10-07T01:33:23.1258565Z [5,114 / 5,288] Analyzing Go Standard Library [for tool]; 108s local
2026-10-07T01:33:32.2154052Z INFO: From Analyzing Go Standard Library [for tool]:
2026-10-07T01:33:32.2155336Z error resolving GOVERSION: open <source file src/go.mod>: no such file or directory
2026-10-07T01:33:32.2350700Z [5,115 / 5,288] [Prepa] Generating @@//pkg/goid:goid_asm_render [for tool] ... (2 actions, 0 running)
2026-10-07T01:33:33.2581300Z [5,144 / 5,288] Analyzing @@//pkg/state:state [for tool]; 0s local ... (4 actions, 3 running)
2026-10-07T01:33:34.3089482Z [5,164 / 5,288] GoCompilePkg pkg/abi/linux/linux.a [for tool]; 0s processwrapper-sandbox ... (3 actions, 1 running)
2026-10-07T01:33:35.6846224Z [5,169 / 5,288] GoCompilePkg pkg/tcpip/stack/stack.a [for tool]; 0s processwrapper-sandbox ... (2 actions, 1 running)
2026-10-07T01:33:36.7323214Z [5,187 / 5,288] GoCompilePkg pkg/sentry/memmap/memmap.a [for tool]; 0s processwrapper-sandbox ... (4 actions, 3 running)
2026-10-07T01:33:37.8130320Z [5,208 / 5,288] GoCompilePkg pkg/lisafs/lisafs.a [for tool]; 0s processwrapper-sandbox ... (4 actions, 3 running)
2026-10-07T01:33:39.0995179Z [5,217 / 5,288] GoCompilePkg pkg/sentry/pgalloc/pgalloc.a [for tool]; 1s processwrapper-sandbox ... (4 actions, 3 running)
2026-10-07T01:33:40.1295864Z [5,225 / 5,288] GoCompilePkg pkg/sentry/vfs/vfs.a [for tool]; 0s processwrapper-sandbox
2026-10-07T01:33:41.1325699Z [5,234 / 5,288] GoCompilePkg pkg/sentry/fsimpl/overlay/overlay.a [for tool]; 0s processwrapper-sandbox ... (2 actions running)
2026-10-07T01:33:42.1332817Z [5,237 / 5,288] GoCompilePkg pkg/sentry/loader/loader.a [for tool]; 0s processwrapper-sandbox ... (2 actions running)
2026-10-07T01:33:43.1336365Z [5,241 / 5,288] GoCompilePkg pkg/sentry/fsimpl/tmpfs/tmpfs.a [for tool]; 0s processwrapper-sandbox ... (4 actions running)
2026-10-07T01:33:45.1356006Z [5,248 / 5,288] GoCompilePkg pkg/sentry/kernel/kernel.a [for tool]; 1s processwrapper-sandbox
2026-10-07T01:33:46.1418825Z [5,250 / 5,288] GoCompilePkg pkg/sentry/devices/tpuproxy/accel/accel.a [for tool]; 0s processwrapper-sandbox ... (4 actions running)
2026-10-07T01:33:47.1382700Z [5,255 / 5,288] GoCompilePkg pkg/sentry/devices/nvproxy/nvproxy.a [for tool]; 1s processwrapper-sandbox ... (4 actions running)
2026-10-07T01:33:48.2835273Z [5,260 / 5,288] [Prepa] GoCompilePkg runsc/boot/filter/config/config.a [for tool]
2026-10-07T01:33:50.1395852Z [5,263 / 5,288] Executing genrule //runsc/boot/filter:filter_precompiled; 1s processwrapper-sandbox
2026-10-07T01:33:59.6660691Z [5,263 / 5,288] Executing genrule //runsc/boot/filter:filter_precompiled; 10s processwrapper-sandbox
2026-10-07T01:34:12.1680557Z [5,264 / 5,288] [Prepa] Generating state library @@//runsc/boot/filter:filter_state_autogen_with_imports
2026-10-07T01:34:14.1408538Z [5,266 / 5,288] GoCompilePkg runsc/boot/filter/filter.a; 1s processwrapper-sandbox
2026-10-07T01:34:15.6461885Z [5,267 / 5,288] [Prepa] GoCompilePkg runsc/boot/boot.a
2026-10-07T01:34:16.7159226Z [5,269 / 5,288] GoCompilePkg runsc/sandbox/sandbox.a; 0s processwrapper-sandbox ... (2 actions, 1 running)
2026-10-07T01:34:17.7679531Z [5,273 / 5,288] GoLink runsc/cmd/sentry/gvisor_sentry_/gvisor_sentry; 0s processwrapper-sandbox ... (3 actions, 1 running)
2026-10-07T01:34:18.7802614Z [5,278 / 5,288] GoLink runsc/cmd/sentry/gvisor_sentry_/gvisor_sentry; 1s processwrapper-sandbox ... (3 actions, 2 running)
2026-10-07T01:34:20.1463827Z [5,280 / 5,288] GoLink runsc/cmd/metricserver/runsc-metric-server_/runsc-metric-server; 1s processwrapper-sandbox
2026-10-07T01:34:22.1476227Z [5,281 / 5,288] Executing genrule //runsc/cmd/metricserver:metricserver_flate; 1s processwrapper-sandbox
2026-10-07T01:34:25.5357783Z [5,282 / 5,288] [Prepa] GoCompilePkg runsc/cmd/metricserver/metricserver.a
2026-10-07T01:34:27.1475622Z [5,286 / 5,288] GoLink runsc/runsc_/runsc; 1s processwrapper-sandbox
2026-10-07T01:34:27.7092593Z INFO: Found 1 target...
2026-10-07T01:34:27.7340571Z Target //:release up-to-date:
2026-10-07T01:34:27.7350436Z   bazel-bin/release/runsc
2026-10-07T01:34:27.7359760Z   bazel-bin/release/containerd-shim-runsc-v1
2026-10-07T01:34:27.7360436Z   bazel-bin/release/gvisor-bin/checkpointgofer
2026-10-07T01:34:27.7361199Z   bazel-bin/release/gvisor-bin/runsc-metric-server
2026-10-07T01:34:27.7361843Z   bazel-bin/release/gvisor-bin/gvisor_sentry
2026-10-07T01:34:27.7362857Z   bazel-bin/release/gvisor-bin/gvisor-sentry-prewarmer
2026-10-07T01:34:27.8892168Z INFO: Elapsed time: 626.939s, Critical Path: 314.39s
2026-10-07T01:34:27.8897608Z INFO: 5288 processes: 1544 internal, 42 local, 3702 processwrapper-sandbox.
2026-10-07T01:34:27.8899185Z INFO: Build completed successfully, 5288 total actions
2026-10-07T01:34:39.7933980Z 2026/10/07 01:34:39 Runtime runsc-trace not found: adding
2026-10-07T01:34:39.7944299Z 2026/10/07 01:34:39 Successfully updated config.
2026-10-07T01:34:41.2336422Z -N DOCKER-USER
2026-10-07T01:34:41.2336868Z -A DOCKER-USER -j RETURN
2026-10-07T01:34:41.7855344Z docker.io/library/node@sha256:713cfbf4a0ac19f40e1bb9919893e126b74a5c8cf5d0623c9f89515c8f74c6fa: Pulling from library/node
2026-10-07T01:34:41.7856510Z a8ac7f6c67ab: Pulling fs layer
2026-10-07T01:34:41.7856987Z 9f6b7612ad69: Pulling fs layer
2026-10-07T01:34:41.7857491Z 6345e7699535: Pulling fs layer
2026-10-07T01:34:41.7857989Z cd1f23a0f33e: Pulling fs layer
2026-10-07T01:34:41.7858459Z 3477b72abf7b: Pulling fs layer
2026-10-07T01:34:41.7858944Z cd1f23a0f33e: Waiting
2026-10-07T01:34:41.7859352Z 3477b72abf7b: Waiting
2026-10-07T01:34:41.9545785Z 9f6b7612ad69: Verifying Checksum
2026-10-07T01:34:41.9546208Z 9f6b7612ad69: Download complete
2026-10-07T01:34:42.0035915Z a8ac7f6c67ab: Download complete
2026-10-07T01:34:42.0209361Z cd1f23a0f33e: Verifying Checksum
2026-10-07T01:34:42.0209921Z cd1f23a0f33e: Download complete
2026-10-07T01:34:42.0623234Z 3477b72abf7b: Download complete
2026-10-07T01:34:42.1059635Z 6345e7699535: Verifying Checksum
2026-10-07T01:34:42.1060207Z 6345e7699535: Download complete
2026-10-07T01:34:43.1820067Z a8ac7f6c67ab: Pull complete
2026-10-07T01:34:43.2744257Z 9f6b7612ad69: Pull complete
2026-10-07T01:34:44.9214705Z 6345e7699535: Pull complete
2026-10-07T01:34:44.9772834Z cd1f23a0f33e: Pull complete
2026-10-07T01:34:44.9845732Z 3477b72abf7b: Pull complete
2026-10-07T01:34:44.9871546Z Digest: sha256:713cfbf4a0ac19f40e1bb9919893e126b74a5c8cf5d0623c9f89515c8f74c6fa
2026-10-07T01:34:44.9877265Z Status: Downloaded newer image for node@sha256:713cfbf4a0ac19f40e1bb9919893e126b74a5c8cf5d0623c9f89515c8f74c6fa
2026-10-07T01:34:44.9888522Z docker.io/library/node:24.21.0-slim@sha256:713cfbf4a0ac19f40e1bb9919893e126b74a5c8cf5d0623c9f89515c8f74c6fa
2026-10-07T01:34:45.5129864Z docker.io/library/python@sha256:23c59390fc717bf09f9336908199a0ae75d9c4264bf296123f94ad772fea3b52: Pulling from library/python
2026-10-07T01:34:45.6230474Z 039e6f9f9752: Pulling fs layer
2026-10-07T01:34:45.6231444Z af40eb6962ce: Pulling fs layer
2026-10-07T01:34:45.6232064Z b55f0961b5b7: Pulling fs layer
2026-10-07T01:34:45.6232659Z 03f9750ee7e6: Pulling fs layer
2026-10-07T01:34:45.6233284Z 03f9750ee7e6: Waiting
2026-10-07T01:34:45.8259294Z 039e6f9f9752: Verifying Checksum
2026-10-07T01:34:45.8260559Z 039e6f9f9752: Download complete
2026-10-07T01:34:45.8546848Z b55f0961b5b7: Verifying Checksum
2026-10-07T01:34:45.8547388Z b55f0961b5b7: Download complete
2026-10-07T01:34:45.8701256Z af40eb6962ce: Verifying Checksum
2026-10-07T01:34:45.8701765Z af40eb6962ce: Download complete
2026-10-07T01:34:45.8892476Z 03f9750ee7e6: Verifying Checksum
2026-10-07T01:34:45.8893226Z 03f9750ee7e6: Download complete
2026-10-07T01:34:46.9714571Z 039e6f9f9752: Pull complete
2026-10-07T01:34:47.1593448Z af40eb6962ce: Pull complete
2026-10-07T01:34:47.8713102Z b55f0961b5b7: Pull complete
2026-10-07T01:34:47.8788278Z 03f9750ee7e6: Pull complete
2026-10-07T01:34:47.8818475Z Digest: sha256:23c59390fc717bf09f9336908199a0ae75d9c4264bf296123f94ad772fea3b52
2026-10-07T01:34:47.8822717Z Status: Downloaded newer image for python@sha256:23c59390fc717bf09f9336908199a0ae75d9c4264bf296123f94ad772fea3b52
2026-10-07T01:34:47.8831165Z docker.io/library/python:3.14.7-slim-bookworm@sha256:23c59390fc717bf09f9336908199a0ae75d9c4264bf296123f94ad772fea3b52
2026-10-07T01:34:48.4170626Z docker.io/library/golang@sha256:abe4f87f354c4f6d7ee3fb11b241c6b6c24a32ca50a2ebcc30493a2168e14048: Pulling from library/golang
2026-10-07T01:34:48.4172388Z eaac70c68abd: Pulling fs layer
2026-10-07T01:34:48.4174634Z 7b2de2423ebd: Pulling fs layer
2026-10-07T01:34:48.4175362Z 81578410df16: Pulling fs layer
2026-10-07T01:34:48.4175893Z bf3b640dda06: Pulling fs layer
2026-10-07T01:34:48.4176422Z 2cb3e687d353: Pulling fs layer
2026-10-07T01:34:48.4176918Z be016dbf54ff: Pulling fs layer
2026-10-07T01:34:48.4177487Z 4f4fb700ef54: Pulling fs layer
2026-10-07T01:34:48.4177961Z bf3b640dda06: Waiting
2026-10-07T01:34:48.4178382Z 2cb3e687d353: Waiting
2026-10-07T01:34:48.4178681Z be016dbf54ff: Waiting
2026-10-07T01:34:48.4178929Z 4f4fb700ef54: Waiting
2026-10-07T01:34:48.6069603Z 7b2de2423ebd: Verifying Checksum
2026-10-07T01:34:48.6070232Z 7b2de2423ebd: Download complete
2026-10-07T01:34:48.7299590Z eaac70c68abd: Verifying Checksum
2026-10-07T01:34:48.7300839Z eaac70c68abd: Download complete
2026-10-07T01:34:48.7893198Z 81578410df16: Verifying Checksum
2026-10-07T01:34:48.7894141Z 81578410df16: Download complete
2026-10-07T01:34:48.8541312Z be016dbf54ff: Verifying Checksum
2026-10-07T01:34:48.8541932Z be016dbf54ff: Download complete
2026-10-07T01:34:48.9178096Z 4f4fb700ef54: Verifying Checksum
2026-10-07T01:34:48.9179132Z 4f4fb700ef54: Download complete
2026-10-07T01:34:49.1256630Z bf3b640dda06: Verifying Checksum
2026-10-07T01:34:49.1257471Z bf3b640dda06: Download complete
2026-10-07T01:34:49.1619260Z 2cb3e687d353: Verifying Checksum
2026-10-07T01:34:49.1620086Z 2cb3e687d353: Download complete
2026-10-07T01:34:50.6194751Z eaac70c68abd: Pull complete
2026-10-07T01:34:51.9167663Z 7b2de2423ebd: Pull complete
2026-10-07T01:34:54.5340092Z 81578410df16: Pull complete
2026-10-07T01:34:56.9184818Z bf3b640dda06: Pull complete
2026-10-07T01:35:03.2259798Z 2cb3e687d353: Pull complete
2026-10-07T01:35:03.2339282Z be016dbf54ff: Pull complete
2026-10-07T01:35:03.2406242Z 4f4fb700ef54: Pull complete
2026-10-07T01:35:03.2435576Z Digest: sha256:abe4f87f354c4f6d7ee3fb11b241c6b6c24a32ca50a2ebcc30493a2168e14048
2026-10-07T01:35:03.2439597Z Status: Downloaded newer image for golang@sha256:abe4f87f354c4f6d7ee3fb11b241c6b6c24a32ca50a2ebcc30493a2168e14048
2026-10-07T01:35:03.2447089Z docker.io/library/golang:1.26.8-bookworm@sha256:abe4f87f354c4f6d7ee3fb11b241c6b6c24a32ca50a2ebcc30493a2168e14048
2026-10-07T01:35:03.9075562Z docker.io/library/rust@sha256:59037199c44290f2befcdd58dcc540164763fc296950255aaefeef096a1866b0: Pulling from library/rust
2026-10-07T01:35:04.0181313Z eaac70c68abd: Already exists
2026-10-07T01:35:04.0190061Z 7b2de2423ebd: Already exists
2026-10-07T01:35:04.0201357Z 81578410df16: Already exists
2026-10-07T01:35:04.0212467Z de9e8d0a0071: Pulling fs layer
2026-10-07T01:35:04.0213654Z 6d6429856493: Pulling fs layer
2026-10-07T01:35:04.6545634Z de9e8d0a0071: Verifying Checksum
2026-10-07T01:35:04.6546267Z de9e8d0a0071: Download complete
2026-10-07T01:35:05.1218529Z 6d6429856493: Verifying Checksum
2026-10-07T01:35:05.1219035Z 6d6429856493: Download complete
2026-10-07T01:35:12.1682150Z de9e8d0a0071: Pull complete
2026-10-07T01:35:16.1716569Z 6d6429856493: Pull complete
2026-10-07T01:35:16.1748298Z Digest: sha256:59037199c44290f2befcdd58dcc540164763fc296950255aaefeef096a1866b0
2026-10-07T01:35:16.1754000Z Status: Downloaded newer image for rust@sha256:59037199c44290f2befcdd58dcc540164763fc296950255aaefeef096a1866b0
2026-10-07T01:35:16.1762184Z docker.io/library/rust:1.99.0-bookworm@sha256:59037199c44290f2befcdd58dcc540164763fc296950255aaefeef096a1866b0
2026-10-07T01:35:16.1974353Z Cloning into '/tmp/helox-release-observer.t9HGwK/gvisor'...
2026-10-07T01:35:21.6059450Z Updating files:   0% (1/4374)
2026-10-07T01:35:21.6194985Z Updating files:   1% (44/4374)
2026-10-07T01:35:21.6230347Z Updating files:   2% (88/4374)
2026-10-07T01:35:21.6272802Z Updating files:   3% (132/4374)
2026-10-07T01:35:21.6286383Z Updating files:   4% (175/4374)
2026-10-07T01:35:21.6301779Z Updating files:   5% (219/4374)
2026-10-07T01:35:21.6318074Z Updating files:   6% (263/4374)
2026-10-07T01:35:21.6335631Z Updating files:   7% (307/4374)
2026-10-07T01:35:21.6354449Z Updating files:   8% (350/4374)
2026-10-07T01:35:21.6373699Z Updating files:   9% (394/4374)
2026-10-07T01:35:21.6393866Z Updating files:  10% (438/4374)
2026-10-07T01:35:21.6415944Z Updating files:  11% (482/4374)
2026-10-07T01:35:21.6435523Z Updating files:  12% (525/4374)
2026-10-07T01:35:21.6452193Z Updating files:  13% (569/4374)
2026-10-07T01:35:21.6466469Z Updating files:  14% (613/4374)
2026-10-07T01:35:21.6489608Z Updating files:  15% (657/4374)
2026-10-07T01:35:21.6513031Z Updating files:  16% (700/4374)
2026-10-07T01:35:21.6529832Z Updating files:  17% (744/4374)
2026-10-07T01:35:21.6547622Z Updating files:  18% (788/4374)
2026-10-07T01:35:21.6570643Z Updating files:  19% (832/4374)
2026-10-07T01:35:21.6590436Z Updating files:  20% (875/4374)
2026-10-07T01:35:21.6614342Z Updating files:  21% (919/4374)
2026-10-07T01:35:21.6637021Z Updating files:  22% (963/4374)
2026-10-07T01:35:21.6667205Z Updating files:  23% (1007/4374)
2026-10-07T01:35:21.6698022Z Updating files:  24% (1050/4374)
2026-10-07T01:35:21.6726347Z Updating files:  25% (1094/4374)
2026-10-07T01:35:21.6751769Z Updating files:  26% (1138/4374)
2026-10-07T01:35:21.6775842Z Updating files:  27% (1181/4374)
2026-10-07T01:35:21.6821573Z Updating files:  28% (1225/4374)
2026-10-07T01:35:21.6846521Z Updating files:  29% (1269/4374)
2026-10-07T01:35:21.6874257Z Updating files:  30% (1313/4374)
2026-10-07T01:35:21.6903545Z Updating files:  31% (1356/4374)
2026-10-07T01:35:21.6920289Z Updating files:  32% (1400/4374)
2026-10-07T01:35:21.6941091Z Updating files:  33% (1444/4374)
2026-10-07T01:35:21.6959024Z Updating files:  34% (1488/4374)
2026-10-07T01:35:21.6974981Z Updating files:  35% (1531/4374)
2026-10-07T01:35:21.6993418Z Updating files:  36% (1575/4374)
2026-10-07T01:35:21.7016147Z Updating files:  37% (1619/4374)
2026-10-07T01:35:21.7041233Z Updating files:  38% (1663/4374)
2026-10-07T01:35:21.7061290Z Updating files:  39% (1706/4374)
2026-10-07T01:35:21.7081531Z Updating files:  40% (1750/4374)
2026-10-07T01:35:21.7102186Z Updating files:  41% (1794/4374)
2026-10-07T01:35:21.7120752Z Updating files:  42% (1838/4374)
2026-10-07T01:35:21.7148223Z Updating files:  43% (1881/4374)
2026-10-07T01:35:21.7166361Z Updating files:  44% (1925/4374)
2026-10-07T01:35:21.7185489Z Updating files:  45% (1969/4374)
2026-10-07T01:35:21.7202694Z Updating files:  46% (2013/4374)
2026-10-07T01:35:21.7218891Z Updating files:  47% (2056/4374)
2026-10-07T01:35:21.7245012Z Updating files:  48% (2100/4374)
2026-10-07T01:35:21.7265638Z Updating files:  49% (2144/4374)
2026-10-07T01:35:21.7283600Z Updating files:  50% (2187/4374)
2026-10-07T01:35:21.7319877Z Updating files:  51% (2231/4374)
2026-10-07T01:35:21.7362866Z Updating files:  52% (2275/4374)
2026-10-07T01:35:21.7398210Z Updating files:  53% (2319/4374)
2026-10-07T01:35:21.7439614Z Updating files:  54% (2362/4374)
2026-10-07T01:35:21.7467049Z Updating files:  55% (2406/4374)
2026-10-07T01:35:21.7504498Z Updating files:  56% (2450/4374)
2026-10-07T01:35:21.7526948Z Updating files:  57% (2494/4374)
2026-10-07T01:35:21.7549982Z Updating files:  58% (2537/4374)
2026-10-07T01:35:21.7580823Z Updating files:  59% (2581/4374)
2026-10-07T01:35:21.7601622Z Updating files:  60% (2625/4374)
2026-10-07T01:35:21.7617843Z Updating files:  61% (2669/4374)
2026-10-07T01:35:21.7638396Z Updating files:  62% (2712/4374)
2026-10-07T01:35:21.7672991Z Updating files:  63% (2756/4374)
2026-10-07T01:35:21.7696983Z Updating files:  64% (2800/4374)
2026-10-07T01:35:21.7724345Z Updating files:  65% (2844/4374)
2026-10-07T01:35:21.7746800Z Updating files:  66% (2887/4374)
2026-10-07T01:35:21.7762412Z Updating files:  67% (2931/4374)
2026-10-07T01:35:21.7781424Z Updating files:  68% (2975/4374)
2026-10-07T01:35:21.7804952Z Updating files:  69% (3019/4374)
2026-10-07T01:35:21.7828129Z Updating files:  70% (3062/4374)
2026-10-07T01:35:21.7853393Z Updating files:  71% (3106/4374)
2026-10-07T01:35:21.7875256Z Updating files:  72% (3150/4374)
2026-10-07T01:35:21.7897012Z Updating files:  73% (3194/4374)
2026-10-07T01:35:21.7915310Z Updating files:  74% (3237/4374)
2026-10-07T01:35:21.7934525Z Updating files:  75% (3281/4374)
2026-10-07T01:35:21.7954835Z Updating files:  76% (3325/4374)
2026-10-07T01:35:21.7986693Z Updating files:  77% (3368/4374)
2026-10-07T01:35:21.8015771Z Updating files:  78% (3412/4374)
2026-10-07T01:35:21.8055547Z Updating files:  79% (3456/4374)
2026-10-07T01:35:21.8102448Z Updating files:  80% (3500/4374)
2026-10-07T01:35:21.8129827Z Updating files:  81% (3543/4374)
2026-10-07T01:35:21.8163070Z Updating files:  82% (3587/4374)
2026-10-07T01:35:21.8180444Z Updating files:  83% (3631/4374)
2026-10-07T01:35:21.8207601Z Updating files:  84% (3675/4374)
2026-10-07T01:35:21.8225110Z Updating files:  85% (3718/4374)
2026-10-07T01:35:21.8244234Z Updating files:  86% (3762/4374)
2026-10-07T01:35:21.8265953Z Updating files:  87% (3806/4374)
2026-10-07T01:35:21.8280034Z Updating files:  88% (3850/4374)
2026-10-07T01:35:21.8296118Z Updating files:  89% (3893/4374)
2026-10-07T01:35:21.8314656Z Updating files:  90% (3937/4374)
2026-10-07T01:35:21.8334389Z Updating files:  91% (3981/4374)
2026-10-07T01:35:21.8355312Z Updating files:  92% (4025/4374)
2026-10-07T01:35:21.8372463Z Updating files:  93% (4068/4374)
2026-10-07T01:35:21.8386666Z Updating files:  94% (4112/4374)
2026-10-07T01:35:21.8426886Z Updating files:  95% (4156/4374)
2026-10-07T01:35:21.8619742Z Updating files:  96% (4200/4374)
2026-10-07T01:35:21.9193539Z Updating files:  97% (4243/4374)
2026-10-07T01:35:21.9228767Z Updating files:  98% (4287/4374)
2026-10-07T01:35:21.9254410Z Updating files:  99% (4331/4374)
2026-10-07T01:35:21.9256689Z Updating files: 100% (4374/4374)
2026-10-07T01:35:21.9257068Z Updating files: 100% (4374/4374), done.
2026-10-07T01:35:23.9621079Z HEAD is now at 7c6199801 Support NVIDIA IMEX-620.30 in gVisor.
2026-10-07T01:35:24.8378562Z Extracting Bazel installation...
2026-10-07T01:35:25.7701339Z Starting local Bazel server (8.3.1) and connecting to it...
2026-10-07T01:35:27.2249104Z Computing main repo mapping: 
2026-10-07T01:35:28.2254282Z Computing main repo mapping: 
2026-10-07T01:35:29.2258836Z Computing main repo mapping: 
2026-10-07T01:35:30.2263377Z Computing main repo mapping: 
2026-10-07T01:35:31.2296695Z Computing main repo mapping: 
2026-10-07T01:35:32.2333825Z Computing main repo mapping: 
2026-10-07T01:35:33.0642787Z WARNING: For repository 'bazel_skylib', the root module requires module version bazel_skylib@1.7.1, but got bazel_skylib@1.8.2 in the resolved dependency graph. Please update the version in your MODULE.bazel or set --check_direct_dependencies=off
2026-10-07T01:35:33.4310426Z Computing main repo mapping: 
2026-10-07T01:35:34.5158567Z Computing main repo mapping: 
2026-10-07T01:35:35.2322745Z Loading: 
2026-10-07T01:35:35.2351645Z Loading: 2 packages loaded
2026-10-07T01:35:36.2526234Z Loading: 2 packages loaded
2026-10-07T01:35:36.2527187Z     currently loading: tools/haa_gvisor_observer
2026-10-07T01:35:36.8235016Z DEBUG: /home/runner/.cache/bazel/_bazel_runner/75509549f7e80d92889883630724c753/external/gazelle+/internal/bzlmod/go_deps.bzl:660:36: The following Go modules were required by the root module at the given versions, but were implicitly updated to higher versions due to transitive dependencies:
2026-10-07T01:35:36.8261859Z  
2026-10-07T01:35:36.8291890Z   go.opentelemetry.io/auto/sdk: v1.1.0 -> v1.2.1 
2026-10-07T01:35:36.8311772Z   go.opentelemetry.io/contrib/instrumentation/google.golang.org/grpc/otelgrpc: v0.61.0 -> v0.67.0 
2026-10-07T01:35:36.8313370Z   golang.org/x/crypto: v0.42.0 -> v0.49.0 
2026-10-07T01:35:36.8314018Z   golang.org/x/term: v0.35.0 -> v0.42.0 
2026-10-07T01:35:36.8314495Z   golang.org/x/net: v0.44.0 -> v0.52.0 
2026-10-07T01:35:36.8314975Z   go.opentelemetry.io/otel: v1.37.0 -> v1.43.0 
2026-10-07T01:35:36.8315513Z   go.opentelemetry.io/otel/metric: v1.28.0 -> v1.43.0 
2026-10-07T01:35:36.8316353Z   github.com/felixge/httpsnoop: v1.0.2 -> v1.0.4 
2026-10-07T01:35:36.8316943Z   go.opentelemetry.io/contrib/instrumentation/net/http/otelhttp: v0.53.0 -> v0.67.0 
2026-10-07T01:35:36.8317423Z   go.opentelemetry.io/otel/trace: v1.28.0 -> v1.43.0 
2026-10-07T01:35:36.8317810Z   github.com/opencontainers/image-spec: v1.0.2 -> v1.1.1 
2026-10-07T01:35:36.8318172Z   cloud.google.com/go: v0.105.0 -> v0.123.0 
2026-10-07T01:35:36.8318487Z   cloud.google.com/go/iam: v0.8.0 -> v1.7.0 
2026-10-07T01:35:36.8318907Z   cloud.google.com/go/compute/metadata: v0.8.0 -> v0.9.0 
2026-10-07T01:35:36.8319680Z   github.com/googleapis/enterprise-certificate-proxy: v0.3.6 -> v0.3.14 
2026-10-07T01:35:36.8320537Z   golang.org/x/oauth2: v0.30.0 -> v0.36.0 
2026-10-07T01:35:36.8321598Z   google.golang.org/genproto: v0.0.0-20250707201910-8d1bb00bc6a7 -> v0.0.0-20260319201613-d00831a3d3e7 
2026-10-07T01:35:36.8322935Z   github.com/googleapis/gax-go/v2: v2.15.0 -> v2.21.0 
2026-10-07T01:35:36.8323301Z 
2026-10-07T01:35:36.8323672Z Update the root module's dependencies to match the resolved versions via:
2026-10-07T01:35:36.8324172Z 
2026-10-07T01:35:36.8329752Z   bazel run @io_bazel_rules_go//go -- get go.opentelemetry.io/auto/sdk@v1.2.1 go.opentelemetry.io/contrib/instrumentation/google.golang.org/grpc/otelgrpc@v0.67.0 golang.org/x/crypto@v0.49.0 golang.org/x/term@v0.42.0 golang.org/x/net@v0.52.0 go.opentelemetry.io/otel@v1.43.0 go.opentelemetry.io/otel/metric@v1.43.0 github.com/felixge/httpsnoop@v1.0.4 go.opentelemetry.io/contrib/instrumentation/net/http/otelhttp@v0.67.0 go.opentelemetry.io/otel/trace@v1.43.0 github.com/opencontainers/image-spec@v1.1.1 cloud.google.com/go@v0.123.0 cloud.google.com/go/iam@v1.7.0 cloud.google.com/go/compute/metadata@v0.9.0 github.com/googleapis/enterprise-certificate-proxy@v0.3.14 golang.org/x/oauth2@v0.36.0 google.golang.org/genproto@v0.0.0-20260319201613-d00831a3d3e7 github.com/googleapis/gax-go/v2@v2.21.0 
2026-10-07T01:35:36.8339313Z 
2026-10-07T01:35:37.0827488Z Analyzing: target //tools/haa_gvisor_observer:haa_gvisor_observer (3 packages loaded, 0 targets configured)
2026-10-07T01:35:37.1017524Z Analyzing: target //tools/haa_gvisor_observer:haa_gvisor_observer (3 packages loaded, 0 targets configured)
2026-10-07T01:35:37.1070119Z 
2026-10-07T01:35:38.1022309Z Analyzing: target //tools/haa_gvisor_observer:haa_gvisor_observer (64 packages loaded, 7 targets configured)
2026-10-07T01:35:38.1022993Z 
2026-10-07T01:35:39.1202599Z Analyzing: target //tools/haa_gvisor_observer:haa_gvisor_observer (66 packages loaded, 8 targets configured)
2026-10-07T01:35:39.1222339Z 
2026-10-07T01:35:40.1316919Z Analyzing: target //tools/haa_gvisor_observer:haa_gvisor_observer (85 packages loaded, 2695 targets configured)
2026-10-07T01:35:40.1381647Z 
2026-10-07T01:35:41.1379620Z Analyzing: target //tools/haa_gvisor_observer:haa_gvisor_observer (105 packages loaded, 5701 targets configured)
2026-10-07T01:35:41.1401333Z 
2026-10-07T01:35:42.2302589Z Analyzing: target //tools/haa_gvisor_observer:haa_gvisor_observer (130 packages loaded, 6531 targets configured)
2026-10-07T01:35:42.2324399Z 
2026-10-07T01:35:42.3271843Z INFO: Analyzed target //tools/haa_gvisor_observer:haa_gvisor_observer (130 packages loaded, 6531 targets configured).
2026-10-07T01:35:43.2297762Z [147 / 939] Compiling absl/base/internal/raw_logging.cc [for tool]; 0s processwrapper-sandbox ... (4 actions running)
2026-10-07T01:35:44.2303917Z [152 / 939] Linking external/abseil-cpp+/absl/base/libraw_logging_internal.a [for tool]; 0s processwrapper-sandbox ... (4 actions running)
2026-10-07T01:35:46.2312152Z [153 / 939] Linking external/abseil-cpp+/absl/base/libraw_logging_internal.a [for tool]; 2s processwrapper-sandbox ... (4 actions running)
2026-10-07T01:35:50.9212349Z [156 / 939] Linking external/abseil-cpp+/absl/time/internal/cctz/libcivil_time.a; 6s processwrapper-sandbox ... (2 actions, 1 running)
2026-10-07T01:35:52.0140436Z [164 / 939] Compiling absl/time/internal/cctz/src/time_zone_format.cc [for tool]; 1s processwrapper-sandbox ... (3 actions, 2 running)
2026-10-07T01:35:53.1562510Z [172 / 939] Compiling absl/time/internal/cctz/src/time_zone_format.cc [for tool]; 2s processwrapper-sandbox ... (4 actions, 3 running)
2026-10-07T01:35:54.2362553Z [183 / 939] Compiling absl/time/internal/cctz/src/time_zone_format.cc; 1s processwrapper-sandbox ... (4 actions running)
2026-10-07T01:35:55.2392541Z [191 / 939] Compiling absl/debugging/internal/demangle_rust.cc [for tool]; 0s processwrapper-sandbox ... (4 actions running)
2026-10-07T01:35:56.2382620Z [196 / 939] Compiling absl/debugging/internal/demangle.cc [for tool]; 1s processwrapper-sandbox ... (4 actions running)
2026-10-07T01:35:57.2607408Z [202 / 939] Compiling absl/time/internal/cctz/src/time_zone_info.cc [for tool]; 1s processwrapper-sandbox ... (4 actions, 3 running)
2026-10-07T01:35:58.4213878Z [264 / 939] Compiling absl/time/civil_time.cc [for tool]; 1s processwrapper-sandbox ... (4 actions, 3 running)
2026-10-07T01:35:59.5592359Z [308 / 939] Compiling absl/time/internal/cctz/src/time_zone_info.cc; 1s processwrapper-sandbox ... (4 actions, 3 running)
2026-10-07T01:36:00.8568623Z [315 / 939] Compiling absl/time/internal/cctz/src/time_zone_info.cc; 2s processwrapper-sandbox ... (4 actions, 3 running)
2026-10-07T01:36:02.0242439Z [325 / 939] Compiling absl/synchronization/blocking_counter.cc [for tool]; 0s processwrapper-sandbox ... (4 actions, 3 running)
2026-10-07T01:36:03.1561173Z [333 / 939] Compiling absl/strings/internal/cordz_functions.cc [for tool]; 0s processwrapper-sandbox ... (4 actions, 3 running)
2026-10-07T01:36:04.2232367Z [360 / 939] Compiling absl/hash/internal/hash.cc [for tool]; 0s processwrapper-sandbox ... (4 actions, 3 running)
2026-10-07T01:36:05.2423083Z [365 / 939] Compiling absl/status/internal/status_internal.cc [for tool]; 1s processwrapper-sandbox ... (4 actions running)
2026-10-07T01:36:06.7477978Z [371 / 939] Compiling absl/log/internal/check_op.cc [for tool]; 1s processwrapper-sandbox ... (4 actions, 3 running)
2026-10-07T01:36:08.2429350Z [394 / 939] Compiling absl/status/statusor.cc [for tool]; 1s processwrapper-sandbox ... (4 actions running)
2026-10-07T01:36:09.2452375Z [407 / 939] Compiling absl/log/internal/log_sink_set.cc [for tool]; 0s processwrapper-sandbox ... (4 actions running)
2026-10-07T01:36:10.2786680Z [419 / 939] Compiling absl/strings/cord.cc [for tool]; 1s processwrapper-sandbox ... (4 actions, 3 running)
2026-10-07T01:36:11.3175607Z [420 / 939] Compiling absl/strings/cord.cc [for tool]; 2s processwrapper-sandbox ... (4 actions, 3 running)
2026-10-07T01:36:12.5469519Z [427 / 939] Compiling absl/strings/cord.cc [for tool]; 3s processwrapper-sandbox ... (4 actions, 3 running)
2026-10-07T01:36:14.2462625Z [433 / 939] Compiling absl/strings/cord.cc [for tool]; 5s processwrapper-sandbox ... (4 actions running)
2026-10-07T01:36:15.2473590Z [440 / 939] Compiling src/google/protobuf/io/printer.cc [for tool]; 3s processwrapper-sandbox ... (4 actions running)
2026-10-07T01:36:16.3916086Z [445 / 939] Compiling src/google/protobuf/io/printer.cc [for tool]; 5s processwrapper-sandbox ... (4 actions, 3 running)
2026-10-07T01:36:17.5352952Z [456 / 939] Compiling absl/strings/internal/cordz_info.cc [for tool]; 0s processwrapper-sandbox ... (4 actions, 3 running)
2026-10-07T01:36:18.6127449Z [461 / 939] Compiling src/google/protobuf/io/zero_copy_stream_impl.cc [for tool]; 1s processwrapper-sandbox ... (4 actions, 3 running)
2026-10-07T01:36:19.6272698Z [464 / 939] Compiling absl/container/internal/raw_hash_set.cc [for tool]; 2s processwrapper-sandbox ... (4 actions, 3 running)
2026-10-07T01:36:20.7646877Z [476 / 939] Compiling src/google/protobuf/io/zero_copy_stream_impl_lite.cc [for tool]; 2s processwrapper-sandbox ... (4 actions, 3 running)
2026-10-07T01:36:22.2495083Z [481 / 939] Compiling absl/strings/internal/cord_rep_btree.cc [for tool]; 2s processwrapper-sandbox ... (4 actions running)
2026-10-07T01:36:23.5192697Z [485 / 939] Compiling src/google/protobuf/descriptor_database.cc [for tool]; 3s processwrapper-sandbox ... (4 actions, 3 running)
2026-10-07T01:36:25.1861570Z [489 / 939] Compiling src/google/protobuf/descriptor_database.cc [for tool]; 4s processwrapper-sandbox ... (4 actions, 3 running)
2026-10-07T01:36:26.2492609Z [491 / 939] Compiling src/google/protobuf/descriptor_database.cc [for tool]; 5s processwrapper-sandbox ... (4 actions running)
2026-10-07T01:36:27.0500580Z INFO: From Compiling src/google/protobuf/reflection_ops.cc [for tool]:
2026-10-07T01:36:27.0521953Z In file included from external/protobuf+/src/google/protobuf/reflection_ops.cc:22:
2026-10-07T01:36:27.0543273Z bazel-out/k8-opt-exec-ST-d57f47055a04/bin/external/protobuf+/src/google/protobuf/_virtual_includes/protobuf/google/protobuf/map_field.h: In constructor 'google::protobuf::internal::MapFieldBase::ReflectionPayload::ReflectionPayload(google::protobuf::Arena*, const google::protobuf::Message*)':
2026-10-07T01:36:27.0573748Z bazel-out/k8-opt-exec-ST-d57f47055a04/bin/external/protobuf+/src/google/protobuf/_virtual_includes/protobuf/google/protobuf/map_field.h:416:11: warning: 'google::protobuf::RepeatedPtrField<T>::RepeatedPtrField(google::protobuf::Arena*) [with Element = google::protobuf::Message]' is deprecated: Use Arena::Create<RepeatedPtrField<...>>(Arena*) instead [-Wdeprecated-declarations]
2026-10-07T01:36:27.0601587Z   416 |         : repeated_field_(arena), prototype_(prototype) {}
2026-10-07T01:36:27.0627550Z       |           ^~~~~~~~~~~~~~~~~~~~~~
2026-10-07T01:36:27.0629145Z In file included from bazel-out/k8-opt-exec-ST-d57f47055a04/bin/external/protobuf+/src/google/protobuf/_virtual_includes/protobuf_lite/google/protobuf/repeated_field.h:46,
2026-10-07T01:36:27.0632660Z                  from bazel-out/k8-opt-exec-ST-d57f47055a04/bin/external/protobuf+/src/google/protobuf/_virtual_includes/protobuf_lite/google/protobuf/parse_context.h:39,
2026-10-07T01:36:27.0636040Z                  from bazel-out/k8-opt-exec-ST-d57f47055a04/bin/external/protobuf+/src/google/protobuf/_virtual_includes/protobuf_lite/google/protobuf/generated_message_tctable_decl.h:25,
2026-10-07T01:36:27.0639508Z                  from bazel-out/k8-opt-exec-ST-d57f47055a04/bin/external/protobuf+/src/google/protobuf/_virtual_includes/protobuf_lite/google/protobuf/extension_set.h:40,
2026-10-07T01:36:27.0642865Z                  from bazel-out/k8-opt-exec-ST-d57f47055a04/bin/external/protobuf+/src/google/protobuf/_virtual_includes/protobuf/google/protobuf/descriptor.h:56,
2026-10-07T01:36:27.0645912Z                  from bazel-out/k8-opt-exec-ST-d57f47055a04/bin/external/protobuf+/src/google/protobuf/_virtual_includes/protobuf/google/protobuf/message.h:112,
2026-10-07T01:36:27.0648942Z                  from bazel-out/k8-opt-exec-ST-d57f47055a04/bin/external/protobuf+/src/google/protobuf/_virtual_includes/protobuf/google/protobuf/reflection_ops.h:18,
2026-10-07T01:36:27.0651396Z                  from external/protobuf+/src/google/protobuf/reflection_ops.cc:11:
2026-10-07T01:36:27.0653097Z bazel-out/k8-opt-exec-ST-d57f47055a04/bin/external/protobuf+/src/google/protobuf/_virtual_includes/protobuf_lite/google/protobuf/repeated_ptr_field.h:1380:8: note: declared here
2026-10-07T01:36:27.0654848Z  1380 | inline RepeatedPtrField<Element>::RepeatedPtrField(Arena* arena)
2026-10-07T01:36:27.0655689Z       |        ^~~~~~~~~~~~~~~~~~~~~~~~~
2026-10-07T01:36:27.2522642Z [496 / 939] Compiling src/google/protobuf/descriptor_database.cc [for tool]; 6s processwrapper-sandbox ... (4 actions running)
2026-10-07T01:36:29.2612710Z [500 / 939] Compiling src/google/protobuf/map_field.cc [for tool]; 2s processwrapper-sandbox ... (3 actions, 2 running)
2026-10-07T01:36:30.2579026Z [503 / 939] Compiling src/google/protobuf/map_field.cc [for tool]; 3s processwrapper-sandbox ... (4 actions running)
2026-10-07T01:36:30.9789895Z INFO: From Compiling src/google/protobuf/map_field.cc [for tool]:
2026-10-07T01:36:30.9817390Z In file included from external/protobuf+/src/google/protobuf/map_field.cc:8:
2026-10-07T01:36:30.9820315Z bazel-out/k8-opt-exec-ST-d57f47055a04/bin/external/protobuf+/src/google/protobuf/_virtual_includes/protobuf/google/protobuf/map_field.h: In constructor 'google::protobuf::internal::MapFieldBase::ReflectionPayload::ReflectionPayload(google::protobuf::Arena*, const google::protobuf::Message*)':
2026-10-07T01:36:30.9826344Z bazel-out/k8-opt-exec-ST-d57f47055a04/bin/external/protobuf+/src/google/protobuf/_virtual_includes/protobuf/google/protobuf/map_field.h:416:11: warning: 'google::protobuf::RepeatedPtrField<T>::RepeatedPtrField(google::protobuf::Arena*) [with Element = google::protobuf::Message]' is deprecated: Use Arena::Create<RepeatedPtrField<...>>(Arena*) instead [-Wdeprecated-declarations]
2026-10-07T01:36:30.9851861Z   416 |         : repeated_field_(arena), prototype_(prototype) {}
2026-10-07T01:36:30.9881863Z       |           ^~~~~~~~~~~~~~~~~~~~~~
2026-10-07T01:36:30.9883681Z In file included from bazel-out/k8-opt-exec-ST-d57f47055a04/bin/external/protobuf+/src/google/protobuf/_virtual_includes/protobuf_lite/google/protobuf/repeated_field.h:46,
2026-10-07T01:36:30.9913964Z                  from bazel-out/k8-opt-exec-ST-d57f47055a04/bin/external/protobuf+/src/google/protobuf/_virtual_includes/protobuf_lite/google/protobuf/parse_context.h:39,
2026-10-07T01:36:30.9943812Z                  from bazel-out/k8-opt-exec-ST-d57f47055a04/bin/external/protobuf+/src/google/protobuf/_virtual_includes/protobuf_lite/google/protobuf/generated_message_tctable_decl.h:25,
2026-10-07T01:36:30.9977407Z                  from bazel-out/k8-opt-exec-ST-d57f47055a04/bin/external/protobuf+/src/google/protobuf/_virtual_includes/protobuf_lite/google/protobuf/extension_set.h:40,
2026-10-07T01:36:30.9993426Z                  from bazel-out/k8-opt-exec-ST-d57f47055a04/bin/external/protobuf+/src/google/protobuf/_virtual_includes/protobuf/google/protobuf/descriptor.h:56,
2026-10-07T01:36:30.9996164Z                  from bazel-out/k8-opt-exec-ST-d57f47055a04/bin/external/protobuf+/src/google/protobuf/_virtual_includes/protobuf/google/protobuf/map_field.h:23:
2026-10-07T01:36:30.9998199Z bazel-out/k8-opt-exec-ST-d57f47055a04/bin/external/protobuf+/src/google/protobuf/_virtual_includes/protobuf_lite/google/protobuf/repeated_ptr_field.h:1380:8: note: declared here
2026-10-07T01:36:30.9999057Z  1380 | inline RepeatedPtrField<Element>::RepeatedPtrField(Arena* arena)
2026-10-07T01:36:30.9999469Z       |        ^~~~~~~~~~~~~~~~~~~~~~~~~
2026-10-07T01:36:32.2580719Z [505 / 939] Compiling src/google/protobuf/extension_set_heavy.cc [for tool]; 2s processwrapper-sandbox ... (4 actions running)
2026-10-07T01:36:33.2584777Z [506 / 939] Compiling src/google/protobuf/extension_set_heavy.cc [for tool]; 4s processwrapper-sandbox ... (4 actions running)
2026-10-07T01:36:34.2265965Z INFO: From Compiling src/google/protobuf/generated_message_tctable_gen.cc [for tool]:
2026-10-07T01:36:34.2322977Z external/protobuf+/src/google/protobuf/generated_message_tctable_gen.cc: In function 'bool google::protobuf::internal::{anonymous}::HasWeakFields(const google::protobuf::Descriptor*)':
2026-10-07T01:36:34.2353182Z external/protobuf+/src/google/protobuf/generated_message_tctable_gen.cc:699:45: warning: 'bool google::protobuf::FieldOptions::weak() const' is deprecated [-Wdeprecated-declarations]
2026-10-07T01:36:34.2381888Z   699 |     if (descriptor->field(i)->options().weak()) {
2026-10-07T01:36:34.2391631Z       |         ~~~~~~~~~~~~~~~~~~~~~~~~~~~~~~~~~~~~^~
2026-10-07T01:36:34.2407378Z In file included from bazel-out/k8-opt-exec-ST-d57f47055a04/bin/external/protobuf+/src/google/protobuf/_virtual_includes/protobuf/google/protobuf/generated_message_tctable_gen.h:21,
2026-10-07T01:36:34.2409974Z                  from external/protobuf+/src/google/protobuf/generated_message_tctable_gen.cc:8:
2026-10-07T01:36:34.2412229Z bazel-out/k8-opt-exec-ST-d57f47055a04/bin/external/protobuf+/src/google/protobuf/_virtual_includes/protobuf/google/protobuf/descriptor.pb.h:18861:13: note: declared here
2026-10-07T01:36:34.2414324Z 18861 | inline bool FieldOptions::weak() const {
2026-10-07T01:36:34.2415058Z       |             ^~~~~~~~~~~~
2026-10-07T01:36:34.2416753Z external/protobuf+/src/google/protobuf/generated_message_tctable_gen.cc: In function 'bool google::protobuf::internal::IsFieldTypeEligibleForFastParsing(const google::protobuf::FieldDescriptor*)':
2026-10-07T01:36:34.2419444Z external/protobuf+/src/google/protobuf/generated_message_tctable_gen.cc:738:28: warning: 'bool google::protobuf::FieldOptions::weak() const' is deprecated [-Wdeprecated-declarations]
2026-10-07T01:36:34.2422960Z   738 |       field->options().weak()) {
2026-10-07T01:36:34.2423663Z       |       ~~~~~~~~~~~~~~~~~~~~~^~
2026-10-07T01:36:34.2424976Z bazel-out/k8-opt-exec-ST-d57f47055a04/bin/external/protobuf+/src/google/protobuf/_virtual_includes/protobuf/google/protobuf/descriptor.pb.h:18861:13: note: declared here
2026-10-07T01:36:34.2426387Z 18861 | inline bool FieldOptions::weak() const {
2026-10-07T01:36:34.2427124Z       |             ^~~~~~~~~~~~
2026-10-07T01:36:34.2428035Z external/protobuf+/src/google/protobuf/generated_message_tctable_gen.cc: In lambda function:
2026-10-07T01:36:34.2429812Z external/protobuf+/src/google/protobuf/generated_message_tctable_gen.cc:773:54: warning: 'bool google::protobuf::FieldOptions::weak() const' is deprecated [-Wdeprecated-declarations]
2026-10-07T01:36:34.2431690Z   773 |            !field->is_map() && !field->options().weak() &&
2026-10-07T01:36:34.2432591Z       |                                 ~~~~~~~~~~~~~~~~~~~~~^~
2026-10-07T01:36:34.2434153Z bazel-out/k8-opt-exec-ST-d57f47055a04/bin/external/protobuf+/src/google/protobuf/_virtual_includes/protobuf/google/protobuf/descriptor.pb.h:18861:13: note: declared here
2026-10-07T01:36:34.2435685Z 18861 | inline bool FieldOptions::weak() const {
2026-10-07T01:36:34.2436420Z       |             ^~~~~~~~~~~~
2026-10-07T01:36:34.2439154Z external/protobuf+/src/google/protobuf/generated_message_tctable_gen.cc: In static member function 'static std::vector<google::protobuf::internal::TailCallTableInfo::FieldEntryInfo> google::protobuf::internal::TailCallTableInfo::BuildFieldEntries(const google::protobuf::Descriptor*, const MessageOptions&, absl::lts_20250814::Span<const FieldOptions>, std::vector<AuxEntry>&)':
2026-10-07T01:36:34.2442950Z external/protobuf+/src/google/protobuf/generated_message_tctable_gen.cc:813:39: warning: 'bool google::protobuf::FieldOptions::weak() const' is deprecated [-Wdeprecated-declarations]
2026-10-07T01:36:34.2444511Z   813 |       } else if (field->options().weak()) {
2026-10-07T01:36:34.2445304Z       |                  ~~~~~~~~~~~~~~~~~~~~~^~
2026-10-07T01:36:34.2446782Z bazel-out/k8-opt-exec-ST-d57f47055a04/bin/external/protobuf+/src/google/protobuf/_virtual_includes/protobuf/google/protobuf/descriptor.pb.h:18861:13: note: declared here
2026-10-07T01:36:34.2448289Z 18861 | inline bool FieldOptions::weak() const {
2026-10-07T01:36:34.2448970Z       |             ^~~~~~~~~~~~
2026-10-07T01:36:35.2612715Z [511 / 939] Compiling src/google/protobuf/generated_message_reflection.cc [for tool]; 1s processwrapper-sandbox ... (4 actions running)
2026-10-07T01:36:36.2607351Z [512 / 939] Compiling src/google/protobuf/generated_message_reflection.cc [for tool]; 2s processwrapper-sandbox ... (4 actions running)
2026-10-07T01:36:37.2612274Z [513 / 939] Compiling src/google/protobuf/generated_message_reflection.cc [for tool]; 3s processwrapper-sandbox ... (4 actions running)
2026-10-07T01:36:37.9548724Z INFO: From Compiling src/google/protobuf/dynamic_message.cc [for tool]:
2026-10-07T01:36:37.9571998Z In file included from external/protobuf+/src/google/protobuf/dynamic_message.cc:66:
2026-10-07T01:36:37.9593739Z bazel-out/k8-opt-exec-ST-d57f47055a04/bin/external/protobuf+/src/google/protobuf/_virtual_includes/protobuf/google/protobuf/map_field.h: In constructor 'google::protobuf::internal::MapFieldBase::ReflectionPayload::ReflectionPayload(google::protobuf::Arena*, const google::protobuf::Message*)':
2026-10-07T01:36:37.9623993Z bazel-out/k8-opt-exec-ST-d57f47055a04/bin/external/protobuf+/src/google/protobuf/_virtual_includes/protobuf/google/protobuf/map_field.h:416:11: warning: 'google::protobuf::RepeatedPtrField<T>::RepeatedPtrField(google::protobuf::Arena*) [with Element = google::protobuf::Message]' is deprecated: Use Arena::Create<RepeatedPtrField<...>>(Arena*) instead [-Wdeprecated-declarations]
2026-10-07T01:36:37.9651823Z   416 |         : repeated_field_(arena), prototype_(prototype) {}
2026-10-07T01:36:37.9661851Z       |           ^~~~~~~~~~~~~~~~~~~~~~
2026-10-07T01:36:37.9692572Z In file included from bazel-out/k8-opt-exec-ST-d57f47055a04/bin/external/protobuf+/src/google/protobuf/_virtual_includes/protobuf_lite/google/protobuf/repeated_field.h:46,
2026-10-07T01:36:37.9703167Z                  from bazel-out/k8-opt-exec-ST-d57f47055a04/bin/external/protobuf+/src/google/protobuf/_virtual_includes/protobuf_lite/google/protobuf/parse_context.h:39,
2026-10-07T01:36:37.9706614Z                  from bazel-out/k8-opt-exec-ST-d57f47055a04/bin/external/protobuf+/src/google/protobuf/_virtual_includes/protobuf_lite/google/protobuf/generated_message_tctable_decl.h:25,
2026-10-07T01:36:37.9709859Z                  from bazel-out/k8-opt-exec-ST-d57f47055a04/bin/external/protobuf+/src/google/protobuf/_virtual_includes/protobuf_lite/google/protobuf/extension_set.h:40,
2026-10-07T01:36:37.9713096Z                  from bazel-out/k8-opt-exec-ST-d57f47055a04/bin/external/protobuf+/src/google/protobuf/_virtual_includes/protobuf/google/protobuf/descriptor.h:56,
2026-10-07T01:36:37.9715717Z                  from bazel-out/k8-opt-exec-ST-d57f47055a04/bin/external/protobuf+/src/google/protobuf/_virtual_includes/protobuf/google/protobuf/dynamic_message.h:27,
2026-10-07T01:36:37.9717809Z                  from external/protobuf+/src/google/protobuf/dynamic_message.cc:42:
2026-10-07T01:36:37.9719492Z bazel-out/k8-opt-exec-ST-d57f47055a04/bin/external/protobuf+/src/google/protobuf/_virtual_includes/protobuf_lite/google/protobuf/repeated_ptr_field.h:1380:8: note: declared here
2026-10-07T01:36:37.9721403Z  1380 | inline RepeatedPtrField<Element>::RepeatedPtrField(Arena* arena)
2026-10-07T01:36:37.9722305Z       |        ^~~~~~~~~~~~~~~~~~~~~~~~~
2026-10-07T01:36:37.9723502Z external/protobuf+/src/google/protobuf/dynamic_message.cc: In member function 'void google::protobuf::DynamicMessage::SharedCtor(bool)':
2026-10-07T01:36:37.9726398Z external/protobuf+/src/google/protobuf/dynamic_message.cc:574:66: warning: 'google::protobuf::RepeatedPtrField<T>::RepeatedPtrField(google::protobuf::Arena*) [with Element = std::__cxx11::basic_string<char>]' is deprecated: Use Arena::Create<RepeatedPtrField<...>>(Arena*) instead [-Wdeprecated-declarations]
2026-10-07T01:36:37.9728782Z   574 |               new (field_ptr) RepeatedPtrField<std::string>(arena);
2026-10-07T01:36:37.9729706Z       |                                                                  ^
2026-10-07T01:36:37.9731431Z bazel-out/k8-opt-exec-ST-d57f47055a04/bin/external/protobuf+/src/google/protobuf/_virtual_includes/protobuf_lite/google/protobuf/repeated_ptr_field.h:1380:8: note: declared here
2026-10-07T01:36:37.9733534Z  1380 | inline RepeatedPtrField<Element>::RepeatedPtrField(Arena* arena)
2026-10-07T01:36:37.9734421Z       |        ^~~~~~~~~~~~~~~~~~~~~~~~~
2026-10-07T01:36:37.9736707Z external/protobuf+/src/google/protobuf/dynamic_message.cc:602:60: warning: 'google::protobuf::RepeatedPtrField<T>::RepeatedPtrField(google::protobuf::Arena*) [with Element = google::protobuf::Message]' is deprecated: Use Arena::Create<RepeatedPtrField<...>>(Arena*) instead [-Wdeprecated-declarations]
2026-10-07T01:36:37.9738912Z   602 |             new (field_ptr) RepeatedPtrField<Message>(arena);
2026-10-07T01:36:37.9739815Z       |                                                            ^
2026-10-07T01:36:37.9742085Z bazel-out/k8-opt-exec-ST-d57f47055a04/bin/external/protobuf+/src/google/protobuf/_virtual_includes/protobuf_lite/google/protobuf/repeated_ptr_field.h:1380:8: note: declared here
2026-10-07T01:36:37.9743996Z  1380 | inline RepeatedPtrField<Element>::RepeatedPtrField(Arena* arena)
2026-10-07T01:36:37.9744853Z       |        ^~~~~~~~~~~~~~~~~~~~~~~~~
2026-10-07T01:36:37.9746219Z external/protobuf+/src/google/protobuf/dynamic_message.cc: In member function 'void google::protobuf::DynamicMessage::CrossLinkPrototypes()':
2026-10-07T01:36:37.9748433Z external/protobuf+/src/google/protobuf/dynamic_message.cc:774:31: warning: 'bool google::protobuf::FieldOptions::weak() const' is deprecated [-Wdeprecated-declarations]
2026-10-07T01:36:37.9749948Z   774 |         !field->options().weak() && !InRealOneof(field) &&
2026-10-07T01:36:37.9750758Z       |          ~~~~~~~~~~~~~~~~~~~~~^~
2026-10-07T01:36:37.9751887Z In file included from external/protobuf+/src/google/protobuf/dynamic_message.cc:60:
2026-10-07T01:36:37.9753558Z bazel-out/k8-opt-exec-ST-d57f47055a04/bin/external/protobuf+/src/google/protobuf/_virtual_includes/protobuf/google/protobuf/descriptor.pb.h:18861:13: note: declared here
2026-10-07T01:36:37.9756951Z 18861 | inline bool FieldOptions::weak() const {
2026-10-07T01:36:37.9757565Z       |             ^~~~~~~~~~~~
2026-10-07T01:36:38.2662632Z [516 / 939] Compiling src/google/protobuf/generated_message_reflection.cc [for tool]; 4s processwrapper-sandbox ... (4 actions running)
2026-10-07T01:36:39.6772739Z [517 / 939] Compiling src/google/protobuf/generated_message_reflection.cc [for tool]; 6s processwrapper-sandbox ... (4 actions, 3 running)
2026-10-07T01:36:41.2649712Z [519 / 939] Compiling src/google/protobuf/generated_message_reflection.cc [for tool]; 7s processwrapper-sandbox ... (4 actions running)
2026-10-07T01:36:42.2653833Z [522 / 939] Compiling src/google/protobuf/generated_message_reflection.cc [for tool]; 8s processwrapper-sandbox ... (4 actions running)
2026-10-07T01:36:43.3104846Z [523 / 939] Compiling src/google/protobuf/generated_message_reflection.cc [for tool]; 10s processwrapper-sandbox ... (4 actions, 3 running)
2026-10-07T01:36:44.7692046Z [524 / 939] Compiling src/google/protobuf/generated_message_reflection.cc [for tool]; 11s processwrapper-sandbox ... (4 actions, 3 running)
2026-10-07T01:36:45.2415700Z INFO: From Compiling src/google/protobuf/generated_message_reflection.cc [for tool]:
2026-10-07T01:36:45.2762224Z In file included from external/protobuf+/src/google/protobuf/generated_message_reflection.cc:51:
2026-10-07T01:36:45.2795353Z bazel-out/k8-opt-exec-ST-d57f47055a04/bin/external/protobuf+/src/google/protobuf/_virtual_includes/protobuf/google/protobuf/map_field.h: In constructor 'google::protobuf::internal::MapFieldBase::ReflectionPayload::ReflectionPayload(google::protobuf::Arena*, const google::protobuf::Message*)':
2026-10-07T01:36:45.2823726Z bazel-out/k8-opt-exec-ST-d57f47055a04/bin/external/protobuf+/src/google/protobuf/_virtual_includes/protobuf/google/protobuf/map_field.h:416:11: warning: 'google::protobuf::RepeatedPtrField<T>::RepeatedPtrField(google::protobuf::Arena*) [with Element = google::protobuf::Message]' is deprecated: Use Arena::Create<RepeatedPtrField<...>>(Arena*) instead [-Wdeprecated-declarations]
2026-10-07T01:36:45.2868024Z   416 |         : repeated_field_(arena), prototype_(prototype) {}
2026-10-07T01:36:45.2901564Z       |           ^~~~~~~~~~~~~~~~~~~~~~
2026-10-07T01:36:45.2922445Z In file included from bazel-out/k8-opt-exec-ST-d57f47055a04/bin/external/protobuf+/src/google/protobuf/_virtual_includes/protobuf_lite/google/protobuf/repeated_field.h:46,
2026-10-07T01:36:45.2953578Z                  from bazel-out/k8-opt-exec-ST-d57f47055a04/bin/external/protobuf+/src/google/protobuf/_virtual_includes/protobuf_lite/google/protobuf/parse_context.h:39,
2026-10-07T01:36:45.2983553Z                  from bazel-out/k8-opt-exec-ST-d57f47055a04/bin/external/protobuf+/src/google/protobuf/_virtual_includes/protobuf_lite/google/protobuf/generated_message_tctable_decl.h:25,
2026-10-07T01:36:45.3014002Z                  from bazel-out/k8-opt-exec-ST-d57f47055a04/bin/external/protobuf+/src/google/protobuf/_virtual_includes/protobuf_lite/google/protobuf/extension_set.h:40,
2026-10-07T01:36:45.3059834Z                  from bazel-out/k8-opt-exec-ST-d57f47055a04/bin/external/protobuf+/src/google/protobuf/_virtual_includes/protobuf/google/protobuf/descriptor.h:56,
2026-10-07T01:36:45.3073503Z                  from bazel-out/k8-opt-exec-ST-d57f47055a04/bin/external/protobuf+/src/google/protobuf/_virtual_includes/protobuf/google/protobuf/generated_message_reflection.h:26,
2026-10-07T01:36:45.3075938Z                  from external/protobuf+/src/google/protobuf/generated_message_reflection.cc:12:
2026-10-07T01:36:45.3122345Z bazel-out/k8-opt-exec-ST-d57f47055a04/bin/external/protobuf+/src/google/protobuf/_virtual_includes/protobuf_lite/google/protobuf/repeated_ptr_field.h:1380:8: note: declared here
2026-10-07T01:36:45.3151843Z  1380 | inline RepeatedPtrField<Element>::RepeatedPtrField(Arena* arena)
2026-10-07T01:36:45.3161766Z       |        ^~~~~~~~~~~~~~~~~~~~~~~~~
2026-10-07T01:36:45.3182797Z external/protobuf+/src/google/protobuf/generated_message_reflection.cc: In member function 'const google::protobuf::Message* google::protobuf::Reflection::GetDefaultMessageInstance(const google::protobuf::FieldDescriptor*) const':
2026-10-07T01:36:45.3222519Z external/protobuf+/src/google/protobuf/generated_message_reflection.cc:2526:55: warning: 'bool google::protobuf::FieldOptions::weak() const' is deprecated [-Wdeprecated-declarations]
2026-10-07T01:36:45.3224071Z  2526 |   if (!field->is_extension() && !field->options().weak() &&
2026-10-07T01:36:45.3224989Z       |                                  ~~~~~~~~~~~~~~~~~~~~~^~
2026-10-07T01:36:45.3225918Z In file included from external/protobuf+/src/google/protobuf/generated_message_reflection.cc:41:
2026-10-07T01:36:45.3227733Z bazel-out/k8-opt-exec-ST-d57f47055a04/bin/external/protobuf+/src/google/protobuf/_virtual_includes/protobuf/google/protobuf/descriptor.pb.h:18861:13: note: declared here
2026-10-07T01:36:45.3229169Z 18861 | inline bool FieldOptions::weak() const {
2026-10-07T01:36:45.3229788Z       |             ^~~~~~~~~~~~
2026-10-07T01:36:45.3230489Z In file included from external/abseil-cpp+/absl/log/internal/check_impl.h:20,
2026-10-07T01:36:45.3231853Z                  from external/abseil-cpp+/absl/log/absl_check.h:38,
2026-10-07T01:36:45.3233850Z                  from bazel-out/k8-opt-exec-ST-d57f47055a04/bin/external/protobuf+/src/google/protobuf/_virtual_includes/protobuf/google/protobuf/generated_message_reflection.h:25:
2026-10-07T01:36:45.3236198Z external/protobuf+/src/google/protobuf/generated_message_reflection.cc: In member function 'bool google::protobuf::Reflection::HasFieldWithHasbits(const google::protobuf::Message&, const google::protobuf::FieldDescriptor*) const':
2026-10-07T01:36:45.3238967Z external/protobuf+/src/google/protobuf/generated_message_reflection.cc:3290:37: warning: 'bool google::protobuf::FieldOptions::weak() const' is deprecated [-Wdeprecated-declarations]
2026-10-07T01:36:45.3240488Z  3290 |   ABSL_DCHECK(!field->options().weak());
2026-10-07T01:36:45.3241229Z       |                ~~~~~~~~~~~~~~~~~~~~~^~
2026-10-07T01:36:45.3242494Z external/abseil-cpp+/absl/log/internal/conditions.h:68:7: note: in definition of macro 'ABSL_LOG_INTERNAL_STATELESS_CONDITION'
2026-10-07T01:36:45.3243702Z    68 |     !(condition) ? (void)0 : ::absl::log_internal::Voidify() &&
2026-10-07T01:36:45.3244355Z       |       ^~~~~~~~~
2026-10-07T01:36:45.3245212Z external/abseil-cpp+/absl/log/internal/check_impl.h:26:3: note: in expansion of macro 'ABSL_LOG_INTERNAL_CONDITION_FATAL'
2026-10-07T01:36:45.3246454Z    26 |   ABSL_LOG_INTERNAL_CONDITION_FATAL(STATELESS,                        \
2026-10-07T01:36:45.3247181Z       |   ^~~~~~~~~~~~~~~~~~~~~~~~~~~~~~~~~
2026-10-07T01:36:45.3248021Z external/abseil-cpp+/absl/log/internal/check_impl.h:27:37: note: in expansion of macro 'ABSL_PREDICT_FALSE'
2026-10-07T01:36:45.3249266Z    27 |                                     ABSL_PREDICT_FALSE(!(condition))) \
2026-10-07T01:36:45.3250019Z       |                                     ^~~~~~~~~~~~~~~~~~
2026-10-07T01:36:45.3281330Z external/abseil-cpp+/absl/log/internal/check_impl.h:43:3: note: in expansion of macro 'ABSL_LOG_INTERNAL_CHECK_IMPL'
2026-10-07T01:36:45.3282668Z    43 |   ABSL_LOG_INTERNAL_CHECK_IMPL(true || (condition), "true")
2026-10-07T01:36:45.3283429Z       |   ^~~~~~~~~~~~~~~~~~~~~~~~~~~~
2026-10-07T01:36:45.3284333Z external/abseil-cpp+/absl/log/absl_check.h:47:3: note: in expansion of macro 'ABSL_LOG_INTERNAL_DCHECK_IMPL'
2026-10-07T01:36:45.3285335Z    47 |   ABSL_LOG_INTERNAL_DCHECK_IMPL((condition), #condition)
2026-10-07T01:36:45.3286018Z       |   ^~~~~~~~~~~~~~~~~~~~~~~~~~~~~
2026-10-07T01:36:45.3287034Z external/protobuf+/src/google/protobuf/generated_message_reflection.cc:3290:3: note: in expansion of macro 'ABSL_DCHECK'
2026-10-07T01:36:45.3288183Z  3290 |   ABSL_DCHECK(!field->options().weak());
2026-10-07T01:36:45.3288746Z       |   ^~~~~~~~~~~
2026-10-07T01:36:45.3290046Z bazel-out/k8-opt-exec-ST-d57f47055a04/bin/external/protobuf+/src/google/protobuf/_virtual_includes/protobuf/google/protobuf/descriptor.pb.h:18861:13: note: declared here
2026-10-07T01:36:45.3291548Z 18861 | inline bool FieldOptions::weak() const {
2026-10-07T01:36:45.3292150Z       |             ^~~~~~~~~~~~
2026-10-07T01:36:45.3293753Z external/protobuf+/src/google/protobuf/generated_message_reflection.cc: In member function 'void google::protobuf::Reflection::SetHasBit(google::protobuf::Message*, const google::protobuf::FieldDescriptor*) const':
2026-10-07T01:36:45.3296330Z external/protobuf+/src/google/protobuf/generated_message_reflection.cc:3323:37: warning: 'bool google::protobuf::FieldOptions::weak() const' is deprecated [-Wdeprecated-declarations]
2026-10-07T01:36:45.3297783Z  3323 |   ABSL_DCHECK(!field->options().weak());
2026-10-07T01:36:45.3298443Z       |                ~~~~~~~~~~~~~~~~~~~~~^~
2026-10-07T01:36:45.3299477Z external/abseil-cpp+/absl/log/internal/conditions.h:68:7: note: in definition of macro 'ABSL_LOG_INTERNAL_STATELESS_CONDITION'
2026-10-07T01:36:45.3300724Z    68 |     !(condition) ? (void)0 : ::absl::log_internal::Voidify() &&
2026-10-07T01:36:45.3301433Z       |       ^~~~~~~~~
2026-10-07T01:36:45.3302351Z external/abseil-cpp+/absl/log/internal/check_impl.h:26:3: note: in expansion of macro 'ABSL_LOG_INTERNAL_CONDITION_FATAL'
2026-10-07T01:36:45.3303561Z    26 |   ABSL_LOG_INTERNAL_CONDITION_FATAL(STATELESS,                        \
2026-10-07T01:36:45.3304362Z       |   ^~~~~~~~~~~~~~~~~~~~~~~~~~~~~~~~~
2026-10-07T01:36:45.3305205Z external/abseil-cpp+/absl/log/internal/check_impl.h:27:37: note: in expansion of macro 'ABSL_PREDICT_FALSE'
2026-10-07T01:36:45.3306222Z    27 |                                     ABSL_PREDICT_FALSE(!(condition))) \
2026-10-07T01:36:45.3306898Z       |                                     ^~~~~~~~~~~~~~~~~~
2026-10-07T01:36:45.3307872Z external/abseil-cpp+/absl/log/internal/check_impl.h:43:3: note: in expansion of macro 'ABSL_LOG_INTERNAL_CHECK_IMPL'
2026-10-07T01:36:45.3308952Z    43 |   ABSL_LOG_INTERNAL_CHECK_IMPL(true || (condition), "true")
2026-10-07T01:36:45.3309878Z       |   ^~~~~~~~~~~~~~~~~~~~~~~~~~~~
2026-10-07T01:36:45.3310685Z external/abseil-cpp+/absl/log/absl_check.h:47:3: note: in expansion of macro 'ABSL_LOG_INTERNAL_DCHECK_IMPL'
2026-10-07T01:36:45.3342212Z    47 |   ABSL_LOG_INTERNAL_DCHECK_IMPL((condition), #condition)
2026-10-07T01:36:45.3342920Z       |   ^~~~~~~~~~~~~~~~~~~~~~~~~~~~~
2026-10-07T01:36:45.3343952Z external/protobuf+/src/google/protobuf/generated_message_reflection.cc:3323:3: note: in expansion of macro 'ABSL_DCHECK'
2026-10-07T01:36:45.3345022Z  3323 |   ABSL_DCHECK(!field->options().weak());
2026-10-07T01:36:45.3345556Z       |   ^~~~~~~~~~~
2026-10-07T01:36:45.3346847Z bazel-out/k8-opt-exec-ST-d57f47055a04/bin/external/protobuf+/src/google/protobuf/_virtual_includes/protobuf/google/protobuf/descriptor.pb.h:18861:13: note: declared here
2026-10-07T01:36:45.3348502Z 18861 | inline bool FieldOptions::weak() const {
2026-10-07T01:36:45.3349099Z       |             ^~~~~~~~~~~~
2026-10-07T01:36:45.3350801Z external/protobuf+/src/google/protobuf/generated_message_reflection.cc: In member function 'void google::protobuf::Reflection::ClearHasBit(google::protobuf::Message*, const google::protobuf::FieldDescriptor*) const':
2026-10-07T01:36:45.3353495Z external/protobuf+/src/google/protobuf/generated_message_reflection.cc:3332:37: warning: 'bool google::protobuf::FieldOptions::weak() const' is deprecated [-Wdeprecated-declarations]
2026-10-07T01:36:45.3355060Z  3332 |   ABSL_DCHECK(!field->options().weak());
2026-10-07T01:36:45.3355739Z       |                ~~~~~~~~~~~~~~~~~~~~~^~
2026-10-07T01:36:45.3356795Z external/abseil-cpp+/absl/log/internal/conditions.h:68:7: note: in definition of macro 'ABSL_LOG_INTERNAL_STATELESS_CONDITION'
2026-10-07T01:36:45.3358044Z    68 |     !(condition) ? (void)0 : ::absl::log_internal::Voidify() &&
2026-10-07T01:36:45.3358707Z       |       ^~~~~~~~~
2026-10-07T01:36:45.3359626Z external/abseil-cpp+/absl/log/internal/check_impl.h:26:3: note: in expansion of macro 'ABSL_LOG_INTERNAL_CONDITION_FATAL'
2026-10-07T01:36:45.3361028Z    26 |   ABSL_LOG_INTERNAL_CONDITION_FATAL(STATELESS,                        \
2026-10-07T01:36:45.3361703Z       |   ^~~~~~~~~~~~~~~~~~~~~~~~~~~~~~~~~
2026-10-07T01:36:45.3362568Z external/abseil-cpp+/absl/log/internal/check_impl.h:27:37: note: in expansion of macro 'ABSL_PREDICT_FALSE'
2026-10-07T01:36:45.3363622Z    27 |                                     ABSL_PREDICT_FALSE(!(condition))) \
2026-10-07T01:36:45.3364397Z       |                                     ^~~~~~~~~~~~~~~~~~
2026-10-07T01:36:45.3365322Z external/abseil-cpp+/absl/log/internal/check_impl.h:43:3: note: in expansion of macro 'ABSL_LOG_INTERNAL_CHECK_IMPL'
2026-10-07T01:36:45.3366423Z    43 |   ABSL_LOG_INTERNAL_CHECK_IMPL(true || (condition), "true")
2026-10-07T01:36:45.3367082Z       |   ^~~~~~~~~~~~~~~~~~~~~~~~~~~~
2026-10-07T01:36:45.3367961Z external/abseil-cpp+/absl/log/absl_check.h:47:3: note: in expansion of macro 'ABSL_LOG_INTERNAL_DCHECK_IMPL'
2026-10-07T01:36:45.3369075Z    47 |   ABSL_LOG_INTERNAL_DCHECK_IMPL((condition), #condition)
2026-10-07T01:36:45.3369757Z       |   ^~~~~~~~~~~~~~~~~~~~~~~~~~~~~
2026-10-07T01:36:45.3370718Z external/protobuf+/src/google/protobuf/generated_message_reflection.cc:3332:3: note: in expansion of macro 'ABSL_DCHECK'
2026-10-07T01:36:45.3402356Z  3332 |   ABSL_DCHECK(!field->options().weak());
2026-10-07T01:36:45.3402911Z       |   ^~~~~~~~~~~
2026-10-07T01:36:45.3404233Z bazel-out/k8-opt-exec-ST-d57f47055a04/bin/external/protobuf+/src/google/protobuf/_virtual_includes/protobuf/google/protobuf/descriptor.pb.h:18861:13: note: declared here
2026-10-07T01:36:45.3405624Z 18861 | inline bool FieldOptions::weak() const {
2026-10-07T01:36:45.3406187Z       |             ^~~~~~~~~~~~
2026-10-07T01:36:45.3407934Z external/protobuf+/src/google/protobuf/generated_message_reflection.cc: In member function 'void google::protobuf::Reflection::NaiveSwapHasBit(google::protobuf::Message*, google::protobuf::Message*, const google::protobuf::FieldDescriptor*) const':
2026-10-07T01:36:45.3411090Z external/protobuf+/src/google/protobuf/generated_message_reflection.cc:3341:37: warning: 'bool google::protobuf::FieldOptions::weak() const' is deprecated [-Wdeprecated-declarations]
2026-10-07T01:36:45.3412544Z  3341 |   ABSL_DCHECK(!field->options().weak());
2026-10-07T01:36:45.3413156Z       |                ~~~~~~~~~~~~~~~~~~~~~^~
2026-10-07T01:36:45.3414234Z external/abseil-cpp+/absl/log/internal/conditions.h:68:7: note: in definition of macro 'ABSL_LOG_INTERNAL_STATELESS_CONDITION'
2026-10-07T01:36:45.3415464Z    68 |     !(condition) ? (void)0 : ::absl::log_internal::Voidify() &&
2026-10-07T01:36:45.3416087Z       |       ^~~~~~~~~
2026-10-07T01:36:45.3416962Z external/abseil-cpp+/absl/log/internal/check_impl.h:26:3: note: in expansion of macro 'ABSL_LOG_INTERNAL_CONDITION_FATAL'
2026-10-07T01:36:45.3418353Z    26 |   ABSL_LOG_INTERNAL_CONDITION_FATAL(STATELESS,                        \
2026-10-07T01:36:45.3419153Z       |   ^~~~~~~~~~~~~~~~~~~~~~~~~~~~~~~~~
2026-10-07T01:36:45.3420035Z external/abseil-cpp+/absl/log/internal/check_impl.h:27:37: note: in expansion of macro 'ABSL_PREDICT_FALSE'
2026-10-07T01:36:45.3421275Z    27 |                                     ABSL_PREDICT_FALSE(!(condition))) \
2026-10-07T01:36:45.3421998Z       |                                     ^~~~~~~~~~~~~~~~~~
2026-10-07T01:36:45.3423040Z external/abseil-cpp+/absl/log/internal/check_impl.h:43:3: note: in expansion of macro 'ABSL_LOG_INTERNAL_CHECK_IMPL'
2026-10-07T01:36:45.3424209Z    43 |   ABSL_LOG_INTERNAL_CHECK_IMPL(true || (condition), "true")
2026-10-07T01:36:45.3424888Z       |   ^~~~~~~~~~~~~~~~~~~~~~~~~~~~
2026-10-07T01:36:45.3425715Z external/abseil-cpp+/absl/log/absl_check.h:47:3: note: in expansion of macro 'ABSL_LOG_INTERNAL_DCHECK_IMPL'
2026-10-07T01:36:45.3426755Z    47 |   ABSL_LOG_INTERNAL_DCHECK_IMPL((condition), #condition)
2026-10-07T01:36:45.3427448Z       |   ^~~~~~~~~~~~~~~~~~~~~~~~~~~~~
2026-10-07T01:36:45.3428424Z external/protobuf+/src/google/protobuf/generated_message_reflection.cc:3341:3: note: in expansion of macro 'ABSL_DCHECK'
2026-10-07T01:36:45.3429503Z  3341 |   ABSL_DCHECK(!field->options().weak());
2026-10-07T01:36:45.3430076Z       |   ^~~~~~~~~~~
2026-10-07T01:36:45.3461895Z bazel-out/k8-opt-exec-ST-d57f47055a04/bin/external/protobuf+/src/google/protobuf/_virtual_includes/protobuf/google/protobuf/descriptor.pb.h:18861:13: note: declared here
2026-10-07T01:36:45.3463391Z 18861 | inline bool FieldOptions::weak() const {
2026-10-07T01:36:45.3463992Z       |             ^~~~~~~~~~~~
2026-10-07T01:36:45.3468876Z bazel-out/k8-opt-exec-ST-d57f47055a04/bin/external/protobuf+/src/google/protobuf/_virtual_includes/protobuf/google/protobuf/reflection_visit_fields.h: In instantiation of 'static void google::protobuf::internal::ReflectionVisit::VisitFields(MessageT&, CallbackFn&&, google::protobuf::internal::FieldMask) [with MessageT = google::protobuf::Message; CallbackFn = google::protobuf::internal::ReflectionVisit::VisitMessageFields<google::protobuf::Reflection::MaybePoisonAfterClear(google::protobuf::Message&) const::<lambda(google::protobuf::Message&)> >(google::protobuf::Message&, google::protobuf::Reflection::MaybePoisonAfterClear(google::protobuf::Message&) const::<lambda(google::protobuf::Message&)>&&)::<lambda(auto:42)>]':
2026-10-07T01:36:45.3476611Z bazel-out/k8-opt-exec-ST-d57f47055a04/bin/external/protobuf+/src/google/protobuf/_virtual_includes/protobuf/google/protobuf/reflection_visit_fields.h:447:31:   required from 'static void google::protobuf::internal::ReflectionVisit::VisitMessageFields(google::protobuf::Message&, CallbackFn&&) [with CallbackFn = google::protobuf::Reflection::MaybePoisonAfterClear(google::protobuf::Message&) const::<lambda(google::protobuf::Message&)>]'
2026-10-07T01:36:45.3482228Z bazel-out/k8-opt-exec-ST-d57f47055a04/bin/external/protobuf+/src/google/protobuf/_virtual_includes/protobuf/google/protobuf/reflection_visit_fields.h:502:38:   required from 'void google::protobuf::internal::VisitMutableMessageFields(google::protobuf::Message&, CallbackFn&&) [with CallbackFn = google::protobuf::Reflection::MaybePoisonAfterClear(google::protobuf::Message&) const::<lambda(google::protobuf::Message&)>]'
2026-10-07T01:36:45.3485909Z external/protobuf+/src/google/protobuf/generated_message_reflection.cc:1390:40:   required from here
2026-10-07T01:36:45.3488456Z bazel-out/k8-opt-exec-ST-d57f47055a04/bin/external/protobuf+/src/google/protobuf/_virtual_includes/protobuf/google/protobuf/reflection_visit_fields.h:109:39: warning: 'bool google::protobuf::FieldOptions::weak() const' is deprecated [-Wdeprecated-declarations]
2026-10-07T01:36:45.3490506Z   109 |     ABSL_DCHECK(!field->options().weak()) << "weak fields are not supported";
2026-10-07T01:36:45.3522098Z       |                  ~~~~~~~~~~~~~~~~~~~~~^~
2026-10-07T01:36:45.3523193Z external/abseil-cpp+/absl/log/internal/conditions.h:68:7: note: in definition of macro 'ABSL_LOG_INTERNAL_STATELESS_CONDITION'
2026-10-07T01:36:45.3524659Z    68 |     !(condition) ? (void)0 : ::absl::log_internal::Voidify() &&
2026-10-07T01:36:45.3525324Z       |       ^~~~~~~~~
2026-10-07T01:36:45.3526233Z external/abseil-cpp+/absl/log/internal/check_impl.h:26:3: note: in expansion of macro 'ABSL_LOG_INTERNAL_CONDITION_FATAL'
2026-10-07T01:36:45.3527530Z    26 |   ABSL_LOG_INTERNAL_CONDITION_FATAL(STATELESS,                        \
2026-10-07T01:36:45.3528322Z       |   ^~~~~~~~~~~~~~~~~~~~~~~~~~~~~~~~~
2026-10-07T01:36:45.3529238Z external/abseil-cpp+/absl/log/internal/check_impl.h:27:37: note: in expansion of macro 'ABSL_PREDICT_FALSE'
2026-10-07T01:36:45.3530278Z    27 |                                     ABSL_PREDICT_FALSE(!(condition))) \
2026-10-07T01:36:45.3531169Z       |                                     ^~~~~~~~~~~~~~~~~~
2026-10-07T01:36:45.3532179Z external/abseil-cpp+/absl/log/internal/check_impl.h:43:3: note: in expansion of macro 'ABSL_LOG_INTERNAL_CHECK_IMPL'
2026-10-07T01:36:45.3533369Z    43 |   ABSL_LOG_INTERNAL_CHECK_IMPL(true || (condition), "true")
2026-10-07T01:36:45.3534072Z       |   ^~~~~~~~~~~~~~~~~~~~~~~~~~~~
2026-10-07T01:36:45.3534917Z external/abseil-cpp+/absl/log/absl_check.h:47:3: note: in expansion of macro 'ABSL_LOG_INTERNAL_DCHECK_IMPL'
2026-10-07T01:36:45.3535937Z    47 |   ABSL_LOG_INTERNAL_DCHECK_IMPL((condition), #condition)
2026-10-07T01:36:45.3536620Z       |   ^~~~~~~~~~~~~~~~~~~~~~~~~~~~~
2026-10-07T01:36:45.3538192Z bazel-out/k8-opt-exec-ST-d57f47055a04/bin/external/protobuf+/src/google/protobuf/_virtual_includes/protobuf/google/protobuf/reflection_visit_fields.h:109:5: note: in expansion of macro 'ABSL_DCHECK'
2026-10-07T01:36:45.3539961Z   109 |     ABSL_DCHECK(!field->options().weak()) << "weak fields are not supported";
2026-10-07T01:36:45.3540702Z       |     ^~~~~~~~~~~
2026-10-07T01:36:45.3541993Z bazel-out/k8-opt-exec-ST-d57f47055a04/bin/external/protobuf+/src/google/protobuf/_virtual_includes/protobuf/google/protobuf/descriptor.pb.h:18861:13: note: declared here
2026-10-07T01:36:45.3543359Z 18861 | inline bool FieldOptions::weak() const {
2026-10-07T01:36:45.3543947Z       |             ^~~~~~~~~~~~
2026-10-07T01:36:45.3545952Z bazel-out/k8-opt-exec-ST-d57f47055a04/bin/external/protobuf+/src/google/protobuf/_virtual_includes/protobuf/google/protobuf/reflection_visit_fields.h:109:39: warning: 'bool google::protobuf::FieldOptions::weak() const' is deprecated [-Wdeprecated-declarations]
2026-10-07T01:36:45.3548405Z   109 |     ABSL_DCHECK(!field->options().weak()) << "weak fields are not supported";
2026-10-07T01:36:45.3549251Z       |                  ~~~~~~~~~~~~~~~~~~~~~^~
2026-10-07T01:36:45.3550227Z external/abseil-cpp+/absl/log/internal/conditions.h:68:7: note: in definition of macro 'ABSL_LOG_INTERNAL_STATELESS_CONDITION'
2026-10-07T01:36:45.3581908Z    68 |     !(condition) ? (void)0 : ::absl::log_internal::Voidify() &&
2026-10-07T01:36:45.3582613Z       |       ^~~~~~~~~
2026-10-07T01:36:45.3583578Z external/abseil-cpp+/absl/log/internal/check_impl.h:26:3: note: in expansion of macro 'ABSL_LOG_INTERNAL_CONDITION_FATAL'
2026-10-07T01:36:45.3584873Z    26 |   ABSL_LOG_INTERNAL_CONDITION_FATAL(STATELESS,                        \
2026-10-07T01:36:45.3585862Z       |   ^~~~~~~~~~~~~~~~~~~~~~~~~~~~~~~~~
2026-10-07T01:36:45.3586782Z external/abseil-cpp+/absl/log/internal/check_impl.h:27:37: note: in expansion of macro 'ABSL_PREDICT_FALSE'
2026-10-07T01:36:45.3587810Z    27 |                                     ABSL_PREDICT_FALSE(!(condition))) \
2026-10-07T01:36:45.3588708Z       |                                     ^~~~~~~~~~~~~~~~~~
2026-10-07T01:36:45.3589759Z external/abseil-cpp+/absl/log/internal/check_impl.h:43:3: note: in expansion of macro 'ABSL_LOG_INTERNAL_CHECK_IMPL'
2026-10-07T01:36:45.3591083Z    43 |   ABSL_LOG_INTERNAL_CHECK_IMPL(true || (condition), "true")
2026-10-07T01:36:45.3591831Z       |   ^~~~~~~~~~~~~~~~~~~~~~~~~~~~
2026-10-07T01:36:45.3592752Z external/abseil-cpp+/absl/log/absl_check.h:47:3: note: in expansion of macro 'ABSL_LOG_INTERNAL_DCHECK_IMPL'
2026-10-07T01:36:45.3594025Z    47 |   ABSL_LOG_INTERNAL_DCHECK_IMPL((condition), #condition)
2026-10-07T01:36:45.3594746Z       |   ^~~~~~~~~~~~~~~~~~~~~~~~~~~~~
2026-10-07T01:36:45.3595973Z bazel-out/k8-opt-exec-ST-d57f47055a04/bin/external/protobuf+/src/google/protobuf/_virtual_includes/protobuf/google/protobuf/reflection_visit_fields.h:109:5: note: in expansion of macro 'ABSL_DCHECK'
2026-10-07T01:36:45.3597517Z   109 |     ABSL_DCHECK(!field->options().weak()) << "weak fields are not supported";
2026-10-07T01:36:45.3598590Z       |     ^~~~~~~~~~~
2026-10-07T01:36:45.3599937Z bazel-out/k8-opt-exec-ST-d57f47055a04/bin/external/protobuf+/src/google/protobuf/_virtual_includes/protobuf/google/protobuf/descriptor.pb.h:18861:13: note: declared here
2026-10-07T01:36:45.3601667Z 18861 | inline bool FieldOptions::weak() const {
2026-10-07T01:36:45.3602229Z       |             ^~~~~~~~~~~~
2026-10-07T01:36:45.9441932Z [526 / 939] Compiling src/google/protobuf/message.cc [for tool]; 5s processwrapper-sandbox ... (4 actions, 3 running)
2026-10-07T01:36:46.6122208Z INFO: From Compiling src/google/protobuf/message.cc [for tool]:
2026-10-07T01:36:46.6151919Z In file included from external/protobuf+/src/google/protobuf/message.cc:40:
2026-10-07T01:36:46.6183661Z bazel-out/k8-opt-exec-ST-d57f47055a04/bin/external/protobuf+/src/google/protobuf/_virtual_includes/protobuf/google/protobuf/map_field.h: In constructor 'google::protobuf::internal::MapFieldBase::ReflectionPayload::ReflectionPayload(google::protobuf::Arena*, const google::protobuf::Message*)':
2026-10-07T01:36:46.6223764Z bazel-out/k8-opt-exec-ST-d57f47055a04/bin/external/protobuf+/src/google/protobuf/_virtual_includes/protobuf/google/protobuf/map_field.h:416:11: warning: 'google::protobuf::RepeatedPtrField<T>::RepeatedPtrField(google::protobuf::Arena*) [with Element = google::protobuf::Message]' is deprecated: Use Arena::Create<RepeatedPtrField<...>>(Arena*) instead [-Wdeprecated-declarations]
2026-10-07T01:36:46.6251770Z   416 |         : repeated_field_(arena), prototype_(prototype) {}
2026-10-07T01:36:46.6281716Z       |           ^~~~~~~~~~~~~~~~~~~~~~
2026-10-07T01:36:46.6302569Z In file included from bazel-out/k8-opt-exec-ST-d57f47055a04/bin/external/protobuf+/src/google/protobuf/_virtual_includes/protobuf_lite/google/protobuf/repeated_field.h:46,
2026-10-07T01:36:46.6334847Z                  from bazel-out/k8-opt-exec-ST-d57f47055a04/bin/external/protobuf+/src/google/protobuf/_virtual_includes/protobuf_lite/google/protobuf/parse_context.h:39,
2026-10-07T01:36:46.6344594Z                  from bazel-out/k8-opt-exec-ST-d57f47055a04/bin/external/protobuf+/src/google/protobuf/_virtual_includes/protobuf_lite/google/protobuf/generated_message_tctable_decl.h:25,
2026-10-07T01:36:46.6373478Z                  from bazel-out/k8-opt-exec-ST-d57f47055a04/bin/external/protobuf+/src/google/protobuf/_virtual_includes/protobuf_lite/google/protobuf/extension_set.h:40,
2026-10-07T01:36:46.6403411Z                  from bazel-out/k8-opt-exec-ST-d57f47055a04/bin/external/protobuf+/src/google/protobuf/_virtual_includes/protobuf/google/protobuf/descriptor.h:56,
2026-10-07T01:36:46.6413103Z                  from bazel-out/k8-opt-exec-ST-d57f47055a04/bin/external/protobuf+/src/google/protobuf/_virtual_includes/protobuf/google/protobuf/message.h:112,
2026-10-07T01:36:46.6442140Z                  from external/protobuf+/src/google/protobuf/message.cc:12:
2026-10-07T01:36:46.6462426Z bazel-out/k8-opt-exec-ST-d57f47055a04/bin/external/protobuf+/src/google/protobuf/_virtual_includes/protobuf_lite/google/protobuf/repeated_ptr_field.h:1380:8: note: declared here
2026-10-07T01:36:46.6471816Z  1380 | inline RepeatedPtrField<Element>::RepeatedPtrField(Arena* arena)
2026-10-07T01:36:46.6501603Z       |        ^~~~~~~~~~~~~~~~~~~~~~~~~
2026-10-07T01:36:47.2572590Z [530 / 939] Compiling src/google/protobuf/descriptor.cc [for tool]; 2s processwrapper-sandbox ... (4 actions, 3 running)
2026-10-07T01:36:48.2709070Z [533 / 939] Compiling src/google/protobuf/descriptor.cc [for tool]; 3s processwrapper-sandbox ... (4 actions running)
2026-10-07T01:36:49.2712559Z [536 / 939] Compiling src/google/protobuf/descriptor.cc [for tool]; 4s processwrapper-sandbox ... (4 actions running)
2026-10-07T01:36:50.6422460Z [537 / 939] Compiling src/google/protobuf/descriptor.cc [for tool]; 5s processwrapper-sandbox ... (4 actions, 3 running)
2026-10-07T01:36:52.2736509Z [545 / 939] Compiling src/google/protobuf/descriptor.cc [for tool]; 7s processwrapper-sandbox ... (4 actions running)
2026-10-07T01:36:53.3005284Z [547 / 939] Compiling src/google/protobuf/descriptor.cc [for tool]; 8s processwrapper-sandbox ... (4 actions running)
2026-10-07T01:36:54.5852510Z [550 / 939] Compiling src/google/protobuf/descriptor.cc [for tool]; 9s processwrapper-sandbox ... (4 actions, 3 running)
2026-10-07T01:36:55.7726467Z [556 / 939] Compiling src/google/protobuf/descriptor.cc [for tool]; 10s processwrapper-sandbox ... (4 actions, 3 running)
2026-10-07T01:36:56.1122190Z INFO: From Compiling src/google/protobuf/text_format.cc [for tool]:
2026-10-07T01:36:56.1148731Z In file included from external/protobuf+/src/google/protobuf/text_format.cc:54:
2026-10-07T01:36:56.1193370Z bazel-out/k8-opt-exec-ST-d57f47055a04/bin/external/protobuf+/src/google/protobuf/_virtual_includes/protobuf/google/protobuf/map_field.h: In constructor 'google::protobuf::internal::MapFieldBase::ReflectionPayload::ReflectionPayload(google::protobuf::Arena*, const google::protobuf::Message*)':
2026-10-07T01:36:56.1203159Z bazel-out/k8-opt-exec-ST-d57f47055a04/bin/external/protobuf+/src/google/protobuf/_virtual_includes/protobuf/google/protobuf/map_field.h:416:11: warning: 'google::protobuf::RepeatedPtrField<T>::RepeatedPtrField(google::protobuf::Arena*) [with Element = google::protobuf::Message]' is deprecated: Use Arena::Create<RepeatedPtrField<...>>(Arena*) instead [-Wdeprecated-declarations]
2026-10-07T01:36:56.1206220Z   416 |         : repeated_field_(arena), prototype_(prototype) {}
2026-10-07T01:36:56.1206934Z       |           ^~~~~~~~~~~~~~~~~~~~~~
2026-10-07T01:36:56.1208262Z In file included from bazel-out/k8-opt-exec-ST-d57f47055a04/bin/external/protobuf+/src/google/protobuf/_virtual_includes/protobuf_lite/google/protobuf/repeated_field.h:46,
2026-10-07T01:36:56.1212753Z                  from bazel-out/k8-opt-exec-ST-d57f47055a04/bin/external/protobuf+/src/google/protobuf/_virtual_includes/protobuf_lite/google/protobuf/parse_context.h:39,
2026-10-07T01:36:56.1216001Z                  from bazel-out/k8-opt-exec-ST-d57f47055a04/bin/external/protobuf+/src/google/protobuf/_virtual_includes/protobuf_lite/google/protobuf/generated_message_tctable_decl.h:25,
2026-10-07T01:36:56.1219599Z                  from bazel-out/k8-opt-exec-ST-d57f47055a04/bin/external/protobuf+/src/google/protobuf/_virtual_includes/protobuf_lite/google/protobuf/extension_set.h:40,
2026-10-07T01:36:56.1222439Z                  from bazel-out/k8-opt-exec-ST-d57f47055a04/bin/external/protobuf+/src/google/protobuf/_virtual_includes/protobuf/google/protobuf/descriptor.h:56,
2026-10-07T01:36:56.1225393Z                  from bazel-out/k8-opt-exec-ST-d57f47055a04/bin/external/protobuf+/src/google/protobuf/_virtual_includes/protobuf/google/protobuf/text_format.h:27,
2026-10-07T01:36:56.1227666Z                  from external/protobuf+/src/google/protobuf/text_format.cc:12:
2026-10-07T01:36:56.1229329Z bazel-out/k8-opt-exec-ST-d57f47055a04/bin/external/protobuf+/src/google/protobuf/_virtual_includes/protobuf_lite/google/protobuf/repeated_ptr_field.h:1380:8: note: declared here
2026-10-07T01:36:56.1231205Z  1380 | inline RepeatedPtrField<Element>::RepeatedPtrField(Arena* arena)
2026-10-07T01:36:56.1232042Z       |        ^~~~~~~~~~~~~~~~~~~~~~~~~
2026-10-07T01:36:56.1233453Z external/protobuf+/src/google/protobuf/text_format.cc: In member function 'bool google::protobuf::TextFormat::Parser::ParserImpl::ConsumeField(google::protobuf::Message*)':
2026-10-07T01:36:56.1235417Z external/protobuf+/src/google/protobuf/text_format.cc:663:54: warning: 'bool google::protobuf::FieldOptions::weak() const' is deprecated [-Wdeprecated-declarations]
2026-10-07T01:36:56.1237056Z   663 |       if (consumed_semicolon && field->options().weak() &&
2026-10-07T01:36:56.1237916Z       |                                 ~~~~~~~~~~~~~~~~~~~~~^~
2026-10-07T01:36:56.1238703Z In file included from external/protobuf+/src/google/protobuf/text_format.cc:46:
2026-10-07T01:36:56.1240376Z bazel-out/k8-opt-exec-ST-d57f47055a04/bin/external/protobuf+/src/google/protobuf/_virtual_includes/protobuf/google/protobuf/descriptor.pb.h:18861:13: note: declared here
2026-10-07T01:36:56.1242007Z 18861 | inline bool FieldOptions::weak() const {
2026-10-07T01:36:56.1242691Z       |             ^~~~~~~~~~~~
2026-10-07T01:36:56.9064894Z [559 / 939] Compiling src/google/protobuf/descriptor.cc [for tool]; 11s processwrapper-sandbox ... (4 actions, 3 running)
2026-10-07T01:36:57.9102330Z [570 / 939] Compiling src/google/protobuf/descriptor.cc [for tool]; 12s processwrapper-sandbox ... (4 actions, 3 running)
2026-10-07T01:36:58.9342460Z [576 / 939] Compiling src/google/protobuf/descriptor.cc [for tool]; 13s processwrapper-sandbox ... (4 actions, 3 running)
2026-10-07T01:37:00.2682584Z [580 / 939] Compiling src/google/protobuf/descriptor.cc [for tool]; 15s processwrapper-sandbox ... (4 actions, 3 running)
2026-10-07T01:37:01.3022658Z [585 / 939] Compiling src/google/protobuf/descriptor.cc [for tool]; 16s processwrapper-sandbox ... (4 actions running)
2026-10-07T01:37:02.2860509Z INFO: From Compiling src/google/protobuf/wire_format.cc [for tool]:
2026-10-07T01:37:02.2883416Z In file included from external/protobuf+/src/google/protobuf/wire_format.cc:31:
2026-10-07T01:37:02.2906693Z bazel-out/k8-opt-exec-ST-d57f47055a04/bin/external/protobuf+/src/google/protobuf/_virtual_includes/protobuf/google/protobuf/map_field.h: In constructor 'google::protobuf::internal::MapFieldBase::ReflectionPayload::ReflectionPayload(google::protobuf::Arena*, const google::protobuf::Message*)':
2026-10-07T01:37:02.2923761Z bazel-out/k8-opt-exec-ST-d57f47055a04/bin/external/protobuf+/src/google/protobuf/_virtual_includes/protobuf/google/protobuf/map_field.h:416:11: warning: 'google::protobuf::RepeatedPtrField<T>::RepeatedPtrField(google::protobuf::Arena*) [with Element = google::protobuf::Message]' is deprecated: Use Arena::Create<RepeatedPtrField<...>>(Arena*) instead [-Wdeprecated-declarations]
2026-10-07T01:37:02.2951916Z   416 |         : repeated_field_(arena), prototype_(prototype) {}
2026-10-07T01:37:02.2977165Z       |           ^~~~~~~~~~~~~~~~~~~~~~
2026-10-07T01:37:02.2982719Z In file included from bazel-out/k8-opt-exec-ST-d57f47055a04/bin/external/protobuf+/src/google/protobuf/_virtual_includes/protobuf_lite/google/protobuf/repeated_field.h:46,
2026-10-07T01:37:02.2986362Z                  from bazel-out/k8-opt-exec-ST-d57f47055a04/bin/external/protobuf+/src/google/protobuf/_virtual_includes/protobuf_lite/google/protobuf/parse_context.h:39,
2026-10-07T01:37:02.2989724Z                  from bazel-out/k8-opt-exec-ST-d57f47055a04/bin/external/protobuf+/src/google/protobuf/_virtual_includes/protobuf_lite/google/protobuf/generated_message_tctable_decl.h:25,
2026-10-07T01:37:02.2994786Z                  from bazel-out/k8-opt-exec-ST-d57f47055a04/bin/external/protobuf+/src/google/protobuf/_virtual_includes/protobuf_lite/google/protobuf/extension_set.h:40,
2026-10-07T01:37:02.2998164Z                  from bazel-out/k8-opt-exec-ST-d57f47055a04/bin/external/protobuf+/src/google/protobuf/_virtual_includes/protobuf/google/protobuf/descriptor.h:56,
2026-10-07T01:37:02.3001308Z                  from bazel-out/k8-opt-exec-ST-d57f47055a04/bin/external/protobuf+/src/google/protobuf/_virtual_includes/protobuf/google/protobuf/wire_format.h:26,
2026-10-07T01:37:02.3003299Z                  from external/protobuf+/src/google/protobuf/wire_format.cc:12:
2026-10-07T01:37:02.3004983Z bazel-out/k8-opt-exec-ST-d57f47055a04/bin/external/protobuf+/src/google/protobuf/_virtual_includes/protobuf_lite/google/protobuf/repeated_ptr_field.h:1380:8: note: declared here
2026-10-07T01:37:02.3006961Z  1380 | inline RepeatedPtrField<Element>::RepeatedPtrField(Arena* arena)
2026-10-07T01:37:02.3007854Z       |        ^~~~~~~~~~~~~~~~~~~~~~~~~
2026-10-07T01:37:03.2792474Z [593 / 939] Compiling src/google/protobuf/descriptor.cc [for tool]; 18s processwrapper-sandbox ... (4 actions, 3 running)
2026-10-07T01:37:04.3033659Z [597 / 939] Compiling src/google/protobuf/descriptor.cc [for tool]; 19s processwrapper-sandbox ... (4 actions running)
2026-10-07T01:37:05.3460582Z [601 / 939] Compiling src/google/protobuf/descriptor.cc [for tool]; 20s processwrapper-sandbox ... (4 actions, 3 running)
2026-10-07T01:37:06.3582685Z [605 / 939] Compiling src/google/protobuf/descriptor.cc [for tool]; 21s processwrapper-sandbox ... (4 actions, 3 running)
2026-10-07T01:37:07.3857176Z [611 / 939] Compiling src/google/protobuf/descriptor.cc [for tool]; 22s processwrapper-sandbox ... (4 actions, 3 running)
2026-10-07T01:37:09.3102579Z [612 / 939] Compiling src/google/protobuf/descriptor.cc [for tool]; 24s processwrapper-sandbox ... (4 actions running)
2026-10-07T01:37:09.5782267Z INFO: From Compiling src/google/protobuf/map.cc [for tool]:
2026-10-07T01:37:09.5814955Z In file included from bazel-out/k8-opt-exec-ST-d57f47055a04/bin/external/protobuf+/src/google/protobuf/_virtual_includes/protobuf_lite/google/protobuf/generated_enum_util.h:20,
2026-10-07T01:37:09.5833407Z                  from bazel-out/k8-opt-exec-ST-d57f47055a04/bin/external/protobuf+/src/google/protobuf/_virtual_includes/protobuf_lite/google/protobuf/map.h:41,
2026-10-07T01:37:09.5850224Z                  from external/protobuf+/src/google/protobuf/map.cc:8:
2026-10-07T01:37:09.5851922Z In function 'const google::protobuf::internal::ClassData* google::protobuf::internal::GetClassData(const Type&) [with Type = google::protobuf::MessageLite]',
2026-10-07T01:37:09.5855264Z     inlined from 'google::protobuf::internal::Offsets google::protobuf::internal::AlignAndAddSizeDynamic(size_t, UntypedMapBase::TypeKind, const google::protobuf::MessageLite*, size_t&)' at external/protobuf+/src/google/protobuf/map.cc:229:38,
2026-10-07T01:37:09.5858943Z     inlined from 'static google::protobuf::internal::UntypedMapBase::TypeInfo google::protobuf::internal::UntypedMapBase::GetTypeInfoDynamic(TypeKind, TypeKind, const google::protobuf::MessageLite*)' at external/protobuf+/src/google/protobuf/map.cc:249:29:
2026-10-07T01:37:09.5863919Z bazel-out/k8-opt-exec-ST-d57f47055a04/bin/external/protobuf+/src/google/protobuf/_virtual_includes/protobuf_lite/google/protobuf/message_lite.h:1230:28: warning: 'this' pointer is null [-Wnonnull]
2026-10-07T01:37:09.5865519Z  1230 |     return msg.GetClassData();
2026-10-07T01:37:09.5866211Z       |            ~~~~~~~~~~~~~~~~^~
2026-10-07T01:37:10.7179297Z [618 / 939] Compiling src/google/protobuf/descriptor.cc [for tool]; 25s processwrapper-sandbox ... (4 actions, 3 running)
2026-10-07T01:37:12.1452105Z [622 / 939] Compiling src/google/protobuf/descriptor.cc [for tool]; 26s processwrapper-sandbox ... (4 actions, 3 running)
2026-10-07T01:37:13.1862890Z [626 / 939] Compiling src/google/protobuf/descriptor.cc [for tool]; 27s processwrapper-sandbox ... (4 actions, 3 running)
2026-10-07T01:37:13.3268146Z INFO: From Compiling src/google/protobuf/descriptor.cc [for tool]:
2026-10-07T01:37:13.3303357Z external/protobuf+/src/google/protobuf/descriptor.cc: In member function 'void google::protobuf::FieldDescriptor::DebugString(int, std::string*, const google::protobuf::DebugStringOptions&) const':
2026-10-07T01:37:13.3338208Z external/protobuf+/src/google/protobuf/descriptor.cc:3953:65: warning: 'bool google::protobuf::FieldDescriptor::has_optional_keyword() const' is deprecated: Use has_presence() instead. [-Wdeprecated-declarations]
2026-10-07T01:37:13.3371747Z  3953 |       (!is_required() && !is_repeated() && !has_optional_keyword())) {
2026-10-07T01:37:13.3402011Z       |                                             ~~~~~~~~~~~~~~~~~~~~^~
2026-10-07T01:37:13.3431794Z In file included from external/protobuf+/src/google/protobuf/descriptor.cc:12:
2026-10-07T01:37:13.3452908Z bazel-out/k8-opt-exec-ST-d57f47055a04/bin/external/protobuf+/src/google/protobuf/_virtual_includes/protobuf/google/protobuf/descriptor.h:1136:8: note: declared here
2026-10-07T01:37:13.3461668Z  1136 |   bool has_optional_keyword() const;
2026-10-07T01:37:13.3491643Z       |        ^~~~~~~~~~~~~~~~~~~~
2026-10-07T01:37:13.3502846Z external/protobuf+/src/google/protobuf/descriptor.cc: In member function 'void google::protobuf::DescriptorBuilder::CrossLinkField(google::protobuf::FieldDescriptor*, const google::protobuf::FieldDescriptorProto&)':
2026-10-07T01:37:13.3522435Z external/protobuf+/src/google/protobuf/descriptor.cc:7982:65: warning: 'bool google::protobuf::FieldOptions::weak() const' is deprecated [-Wdeprecated-declarations]
2026-10-07T01:37:13.3561639Z  7982 |     bool is_weak = !pool_->enforce_weak_ && proto.options().weak();
2026-10-07T01:37:13.3581914Z       |                                             ~~~~~~~~~~~~~~~~~~~~^~
2026-10-07T01:37:13.3612294Z In file included from bazel-out/k8-opt-exec-ST-d57f47055a04/bin/external/protobuf+/src/google/protobuf/_virtual_includes/protobuf/google/protobuf/cpp_features.pb.h:33,
2026-10-07T01:37:13.3614123Z                  from external/protobuf+/src/google/protobuf/descriptor.cc:72:
2026-10-07T01:37:13.3615542Z bazel-out/k8-opt-exec-ST-d57f47055a04/bin/external/protobuf+/src/google/protobuf/_virtual_includes/protobuf/google/protobuf/descriptor.pb.h:18861:13: note: declared here
2026-10-07T01:37:13.3616917Z 18861 | inline bool FieldOptions::weak() const {
2026-10-07T01:37:13.3617492Z       |             ^~~~~~~~~~~~
2026-10-07T01:37:13.3619033Z external/protobuf+/src/google/protobuf/descriptor.cc: In function 'google::protobuf::internal::cpp::HasbitMode google::protobuf::internal::cpp::GetFieldHasbitModeWithoutProfile(const google::protobuf::FieldDescriptor*)':
2026-10-07T01:37:13.3621776Z external/protobuf+/src/google/protobuf/descriptor.cc:10700:62: warning: 'bool google::protobuf::FieldOptions::weak() const' is deprecated [-Wdeprecated-declarations]
2026-10-07T01:37:13.3623267Z 10700 |   if (field->real_containing_oneof() || field->options().weak() ||
2026-10-07T01:37:13.3624168Z       |                                         ~~~~~~~~~~~~~~~~~~~~~^~
2026-10-07T01:37:13.3625647Z bazel-out/k8-opt-exec-ST-d57f47055a04/bin/external/protobuf+/src/google/protobuf/_virtual_includes/protobuf/google/protobuf/descriptor.pb.h:18861:13: note: declared here
2026-10-07T01:37:13.3626943Z 18861 | inline bool FieldOptions::weak() const {
2026-10-07T01:37:13.3627490Z       |             ^~~~~~~~~~~~
2026-10-07T01:37:14.3090000Z [632 / 939] Compiling src/google/protobuf/compiler/cpp/helpers.cc [for tool]; 7s processwrapper-sandbox ... (4 actions running)
2026-10-07T01:37:16.3142437Z [637 / 939] Compiling src/google/protobuf/compiler/cpp/helpers.cc [for tool]; 9s processwrapper-sandbox ... (4 actions running)
2026-10-07T01:37:17.4039875Z [642 / 939] Compiling src/google/protobuf/compiler/cpp/helpers.cc [for tool]; 10s processwrapper-sandbox ... (4 actions, 3 running)
2026-10-07T01:37:18.4382363Z INFO: From Compiling src/google/protobuf/compiler/cpp/helpers.cc [for tool]:
2026-10-07T01:37:18.4412496Z In file included from external/protobuf+/src/google/protobuf/compiler/cpp/helpers.cc:12:
2026-10-07T01:37:18.4443166Z bazel-out/k8-opt-exec-ST-d57f47055a04/bin/external/protobuf+/src/google/protobuf/compiler/cpp/_virtual_includes/names_internal/google/protobuf/compiler/cpp/helpers.h: In function 'bool google::protobuf::compiler::cpp::IsWeak(const google::protobuf::FieldDescriptor*, const Options&)':
2026-10-07T01:37:18.4473020Z bazel-out/k8-opt-exec-ST-d57f47055a04/bin/external/protobuf+/src/google/protobuf/compiler/cpp/_virtual_includes/names_internal/google/protobuf/compiler/cpp/helpers.h:347:28: warning: 'bool google::protobuf::FieldOptions::weak() const' is deprecated [-Wdeprecated-declarations]
2026-10-07T01:37:18.4501549Z   347 |   if (field->options().weak()) {
2026-10-07T01:37:18.4531532Z       |       ~~~~~~~~~~~~~~~~~~~~~^~
2026-10-07T01:37:18.4563230Z In file included from bazel-out/k8-opt-exec-ST-d57f47055a04/bin/external/protobuf+/src/google/protobuf/compiler/_virtual_includes/code_generator_lite/google/protobuf/compiler/code_generator_lite.h:18,
2026-10-07T01:37:18.4623748Z                  from bazel-out/k8-opt-exec-ST-d57f47055a04/bin/external/protobuf+/src/google/protobuf/compiler/_virtual_includes/code_generator/google/protobuf/compiler/code_generator.h:25,
2026-10-07T01:37:18.4653746Z                  from bazel-out/k8-opt-exec-ST-d57f47055a04/bin/external/protobuf+/src/google/protobuf/compiler/cpp/_virtual_includes/names_internal/google/protobuf/compiler/cpp/helpers.h:29:
2026-10-07T01:37:18.4682348Z bazel-out/k8-opt-exec-ST-d57f47055a04/bin/external/protobuf+/src/google/protobuf/_virtual_includes/protobuf/google/protobuf/descriptor.pb.h:18861:13: note: declared here
2026-10-07T01:37:18.4711814Z 18861 | inline bool FieldOptions::weak() const {
2026-10-07T01:37:18.4741528Z       |             ^~~~~~~~~~~~
2026-10-07T01:37:18.4773110Z external/protobuf+/src/google/protobuf/compiler/cpp/helpers.cc: In member function 'google::protobuf::compiler::cpp::MessageAnalysis google::protobuf::compiler::cpp::MessageSCCAnalyzer::GetSCCAnalysis(const google::protobuf::compiler::SCC*)':
2026-10-07T01:37:18.4802633Z external/protobuf+/src/google/protobuf/compiler/cpp/helpers.cc:1802:32: warning: 'bool google::protobuf::FieldOptions::weak() const' is deprecated [-Wdeprecated-declarations]
2026-10-07T01:37:18.4831530Z  1802 |       if (field->options().weak()) {
2026-10-07T01:37:18.4851690Z       |           ~~~~~~~~~~~~~~~~~~~~~^~
2026-10-07T01:37:18.4872435Z bazel-out/k8-opt-exec-ST-d57f47055a04/bin/external/protobuf+/src/google/protobuf/_virtual_includes/protobuf/google/protobuf/descriptor.pb.h:18861:13: note: declared here
2026-10-07T01:37:18.4891619Z 18861 | inline bool FieldOptions::weak() const {
2026-10-07T01:37:18.4892229Z       |             ^~~~~~~~~~~~
2026-10-07T01:37:18.4893315Z [645 / 939] Compiling src/google/protobuf/generated_message_tctable_lite.cc [for tool]; 5s processwrapper-sandbox ... (4 actions, 3 running)
2026-10-07T01:37:19.7402726Z [649 / 939] Compiling src/google/protobuf/generated_message_tctable_lite.cc [for tool]; 6s processwrapper-sandbox ... (4 actions, 3 running)
2026-10-07T01:37:20.9421677Z [651 / 939] Compiling src/google/protobuf/generated_message_tctable_lite.cc [for tool]; 7s processwrapper-sandbox ... (4 actions, 3 running)
2026-10-07T01:37:22.3152677Z [654 / 939] Compiling src/google/protobuf/generated_message_tctable_lite.cc [for tool]; 8s processwrapper-sandbox ... (4 actions running)
2026-10-07T01:37:23.7062688Z [657 / 939] Compiling src/google/protobuf/generated_message_tctable_lite.cc [for tool]; 10s processwrapper-sandbox ... (4 actions, 3 running)
2026-10-07T01:37:25.3182464Z [662 / 939] Compiling src/google/protobuf/compiler/cpp/enum.cc [for tool]; 6s processwrapper-sandbox ... (4 actions running)
2026-10-07T01:37:26.3162568Z [667 / 939] Compiling src/google/protobuf/compiler/cpp/enum.cc [for tool]; 7s processwrapper-sandbox ... (4 actions running)
2026-10-07T01:37:26.7696999Z INFO: From Compiling src/google/protobuf/compiler/cpp/enum.cc [for tool]:
2026-10-07T01:37:26.7722059Z In file included from external/protobuf+/src/google/protobuf/compiler/cpp/enum.cc:29:
2026-10-07T01:37:26.7753147Z bazel-out/k8-opt-exec-ST-d57f47055a04/bin/external/protobuf+/src/google/protobuf/compiler/cpp/_virtual_includes/names_internal/google/protobuf/compiler/cpp/helpers.h: In function 'bool google::protobuf::compiler::cpp::IsWeak(const google::protobuf::FieldDescriptor*, const Options&)':
2026-10-07T01:37:26.7756778Z bazel-out/k8-opt-exec-ST-d57f47055a04/bin/external/protobuf+/src/google/protobuf/compiler/cpp/_virtual_includes/names_internal/google/protobuf/compiler/cpp/helpers.h:347:28: warning: 'bool google::protobuf::FieldOptions::weak() const' is deprecated [-Wdeprecated-declarations]
2026-10-07T01:37:26.7781683Z   347 |   if (field->options().weak()) {
2026-10-07T01:37:26.7811645Z       |       ~~~~~~~~~~~~~~~~~~~~~^~
2026-10-07T01:37:26.7813452Z In file included from bazel-out/k8-opt-exec-ST-d57f47055a04/bin/external/protobuf+/src/google/protobuf/compiler/_virtual_includes/code_generator_lite/google/protobuf/compiler/code_generator_lite.h:18,
2026-10-07T01:37:26.7817048Z                  from bazel-out/k8-opt-exec-ST-d57f47055a04/bin/external/protobuf+/src/google/protobuf/compiler/_virtual_includes/code_generator/google/protobuf/compiler/code_generator.h:25,
2026-10-07T01:37:26.7820374Z                  from bazel-out/k8-opt-exec-ST-d57f47055a04/bin/external/protobuf+/src/google/protobuf/compiler/cpp/_virtual_includes/cpp/google/protobuf/compiler/cpp/generator.h:24,
2026-10-07T01:37:26.7822649Z                  from external/protobuf+/src/google/protobuf/compiler/cpp/enum.cc:28:
2026-10-07T01:37:26.7824116Z bazel-out/k8-opt-exec-ST-d57f47055a04/bin/external/protobuf+/src/google/protobuf/_virtual_includes/protobuf/google/protobuf/descriptor.pb.h:18861:13: note: declared here
2026-10-07T01:37:26.7825457Z 18861 | inline bool FieldOptions::weak() const {
2026-10-07T01:37:26.7825962Z       |             ^~~~~~~~~~~~
2026-10-07T01:37:27.3172361Z [670 / 939] Compiling src/google/protobuf/compiler/cpp/main.cc [for tool]; 1s processwrapper-sandbox ... (4 actions running)
2026-10-07T01:37:28.4742283Z [671 / 939] Compiling src/google/protobuf/compiler/cpp/main.cc [for tool]; 2s processwrapper-sandbox ... (4 actions, 3 running)
2026-10-07T01:37:29.8242630Z [676 / 939] Compiling src/google/protobuf/compiler/cpp/extension.cc [for tool]; 3s processwrapper-sandbox ... (4 actions, 3 running)
2026-10-07T01:37:31.3062566Z [679 / 939] Compiling src/google/protobuf/compiler/cpp/extension.cc [for tool]; 4s processwrapper-sandbox ... (4 actions, 3 running)
2026-10-07T01:37:32.3207533Z [681 / 939] Compiling src/google/protobuf/compiler/cpp/extension.cc [for tool]; 5s processwrapper-sandbox ... (4 actions running)
2026-10-07T01:37:33.3220091Z [685 / 939] Compiling src/google/protobuf/compiler/cpp/extension.cc [for tool]; 6s processwrapper-sandbox ... (4 actions running)
2026-10-07T01:37:34.2782360Z INFO: From Compiling src/google/protobuf/compiler/cpp/extension.cc [for tool]:
2026-10-07T01:37:34.2812650Z In file included from bazel-out/k8-opt-exec-ST-d57f47055a04/bin/external/protobuf+/src/google/protobuf/compiler/cpp/_virtual_includes/cpp/google/protobuf/compiler/cpp/extension.h:19,
2026-10-07T01:37:34.2842377Z                  from external/protobuf+/src/google/protobuf/compiler/cpp/extension.cc:12:
2026-10-07T01:37:34.2890395Z bazel-out/k8-opt-exec-ST-d57f47055a04/bin/external/protobuf+/src/google/protobuf/compiler/cpp/_virtual_includes/names_internal/google/protobuf/compiler/cpp/helpers.h: In function 'bool google::protobuf::compiler::cpp::IsWeak(const google::protobuf::FieldDescriptor*, const Options&)':
2026-10-07T01:37:34.2894639Z bazel-out/k8-opt-exec-ST-d57f47055a04/bin/external/protobuf+/src/google/protobuf/compiler/cpp/_virtual_includes/names_internal/google/protobuf/compiler/cpp/helpers.h:347:28: warning: 'bool google::protobuf::FieldOptions::weak() const' is deprecated [-Wdeprecated-declarations]
2026-10-07T01:37:34.2896924Z   347 |   if (field->options().weak()) {
2026-10-07T01:37:34.2897564Z       |       ~~~~~~~~~~~~~~~~~~~~~^~
2026-10-07T01:37:34.2899590Z In file included from bazel-out/k8-opt-exec-ST-d57f47055a04/bin/external/protobuf+/src/google/protobuf/compiler/_virtual_includes/code_generator_lite/google/protobuf/compiler/code_generator_lite.h:18,
2026-10-07T01:37:34.2903585Z                  from bazel-out/k8-opt-exec-ST-d57f47055a04/bin/external/protobuf+/src/google/protobuf/compiler/_virtual_includes/code_generator/google/protobuf/compiler/code_generator.h:25,
2026-10-07T01:37:34.2907064Z                  from bazel-out/k8-opt-exec-ST-d57f47055a04/bin/external/protobuf+/src/google/protobuf/compiler/cpp/_virtual_includes/names_internal/google/protobuf/compiler/cpp/helpers.h:29:
2026-10-07T01:37:34.2909316Z bazel-out/k8-opt-exec-ST-d57f47055a04/bin/external/protobuf+/src/google/protobuf/_virtual_includes/protobuf/google/protobuf/descriptor.pb.h:18861:13: note: declared here
2026-10-07T01:37:34.2911119Z 18861 | inline bool FieldOptions::weak() const {
2026-10-07T01:37:34.2911747Z       |             ^~~~~~~~~~~~
2026-10-07T01:37:34.3272388Z [687 / 939] Compiling src/google/protobuf/compiler/versions.cc [for tool]; 2s processwrapper-sandbox ... (4 actions running)
2026-10-07T01:37:35.4652655Z [691 / 939] Compiling src/google/protobuf/compiler/cpp/tracker.cc [for tool]; 2s processwrapper-sandbox ... (4 actions, 3 running)
2026-10-07T01:37:36.5742726Z [693 / 939] Compiling src/google/protobuf/compiler/cpp/tracker.cc [for tool]; 3s processwrapper-sandbox ... (4 actions, 3 running)
2026-10-07T01:37:38.0492507Z [696 / 939] Compiling src/google/protobuf/compiler/cpp/tracker.cc [for tool]; 5s processwrapper-sandbox ... (4 actions, 3 running)
2026-10-07T01:37:38.3742376Z INFO: From Compiling src/google/protobuf/compiler/cpp/tracker.cc [for tool]:
2026-10-07T01:37:38.3752055Z In file included from external/protobuf+/src/google/protobuf/compiler/cpp/tracker.cc:20:
2026-10-07T01:37:38.3782127Z bazel-out/k8-opt-exec-ST-d57f47055a04/bin/external/protobuf+/src/google/protobuf/compiler/cpp/_virtual_includes/names_internal/google/protobuf/compiler/cpp/helpers.h: In function 'bool google::protobuf::compiler::cpp::IsWeak(const google::protobuf::FieldDescriptor*, const Options&)':
2026-10-07T01:37:38.3833401Z bazel-out/k8-opt-exec-ST-d57f47055a04/bin/external/protobuf+/src/google/protobuf/compiler/cpp/_virtual_includes/names_internal/google/protobuf/compiler/cpp/helpers.h:347:28: warning: 'bool google::protobuf::FieldOptions::weak() const' is deprecated [-Wdeprecated-declarations]
2026-10-07T01:37:38.3851736Z   347 |   if (field->options().weak()) {
2026-10-07T01:37:38.3881685Z       |       ~~~~~~~~~~~~~~~~~~~~~^~
2026-10-07T01:37:38.3912433Z In file included from bazel-out/k8-opt-exec-ST-d57f47055a04/bin/external/protobuf+/src/google/protobuf/compiler/_virtual_includes/code_generator_lite/google/protobuf/compiler/code_generator_lite.h:18,
2026-10-07T01:37:38.3914400Z                  from bazel-out/k8-opt-exec-ST-d57f47055a04/bin/external/protobuf+/src/google/protobuf/compiler/_virtual_includes/code_generator/google/protobuf/compiler/code_generator.h:25,
2026-10-07T01:37:38.3916178Z                  from bazel-out/k8-opt-exec-ST-d57f47055a04/bin/external/protobuf+/src/google/protobuf/compiler/cpp/_virtual_includes/names_internal/google/protobuf/compiler/cpp/helpers.h:29:
2026-10-07T01:37:38.3917348Z bazel-out/k8-opt-exec-ST-d57f47055a04/bin/external/protobuf+/src/google/protobuf/_virtual_includes/protobuf/google/protobuf/descriptor.pb.h:18861:13: note: declared here
2026-10-07T01:37:38.3918074Z 18861 | inline bool FieldOptions::weak() const {
2026-10-07T01:37:38.3918407Z       |             ^~~~~~~~~~~~
2026-10-07T01:37:39.3262387Z [698 / 939] Compiling src/google/protobuf/compiler/cpp/field.cc [for tool]; 5s processwrapper-sandbox ... (4 actions running)
2026-10-07T01:37:40.3262971Z [700 / 939] Compiling src/google/protobuf/compiler/cpp/field.cc [for tool]; 6s processwrapper-sandbox ... (4 actions running)
2026-10-07T01:37:40.6612436Z INFO: From Compiling src/google/protobuf/compiler/cpp/service.cc [for tool]:
2026-10-07T01:37:40.6632230Z In file included from external/protobuf+/src/google/protobuf/compiler/cpp/service.cc:17:
2026-10-07T01:37:40.6663946Z bazel-out/k8-opt-exec-ST-d57f47055a04/bin/external/protobuf+/src/google/protobuf/compiler/cpp/_virtual_includes/names_internal/google/protobuf/compiler/cpp/helpers.h: In function 'bool google::protobuf::compiler::cpp::IsWeak(const google::protobuf::FieldDescriptor*, const Options&)':
2026-10-07T01:37:40.6673058Z bazel-out/k8-opt-exec-ST-d57f47055a04/bin/external/protobuf+/src/google/protobuf/compiler/cpp/_virtual_includes/names_internal/google/protobuf/compiler/cpp/helpers.h:347:28: warning: 'bool google::protobuf::FieldOptions::weak() const' is deprecated [-Wdeprecated-declarations]
2026-10-07T01:37:40.6701629Z   347 |   if (field->options().weak()) {
2026-10-07T01:37:40.6713803Z       |       ~~~~~~~~~~~~~~~~~~~~~^~
2026-10-07T01:37:40.6715689Z In file included from bazel-out/k8-opt-exec-ST-d57f47055a04/bin/external/protobuf+/src/google/protobuf/compiler/_virtual_includes/code_generator_lite/google/protobuf/compiler/code_generator_lite.h:18,
2026-10-07T01:37:40.6719841Z                  from bazel-out/k8-opt-exec-ST-d57f47055a04/bin/external/protobuf+/src/google/protobuf/compiler/_virtual_includes/code_generator/google/protobuf/compiler/code_generator.h:25,
2026-10-07T01:37:40.6723630Z                  from bazel-out/k8-opt-exec-ST-d57f47055a04/bin/external/protobuf+/src/google/protobuf/compiler/cpp/_virtual_includes/names_internal/google/protobuf/compiler/cpp/helpers.h:29:
2026-10-07T01:37:40.6725974Z bazel-out/k8-opt-exec-ST-d57f47055a04/bin/external/protobuf+/src/google/protobuf/_virtual_includes/protobuf/google/protobuf/descriptor.pb.h:18861:13: note: declared here
2026-10-07T01:37:40.6727459Z 18861 | inline bool FieldOptions::weak() const {
2026-10-07T01:37:40.6728134Z       |             ^~~~~~~~~~~~
2026-10-07T01:37:41.5102624Z INFO: From Compiling src/google/protobuf/compiler/cpp/field.cc [for tool]:
2026-10-07T01:37:41.5116517Z In file included from bazel-out/k8-opt-exec-ST-d57f47055a04/bin/external/protobuf+/src/google/protobuf/compiler/cpp/_virtual_includes/cpp/google/protobuf/compiler/cpp/field.h:26,
2026-10-07T01:37:41.5142666Z                  from external/protobuf+/src/google/protobuf/compiler/cpp/field.cc:12:
2026-10-07T01:37:41.5172529Z bazel-out/k8-opt-exec-ST-d57f47055a04/bin/external/protobuf+/src/google/protobuf/compiler/cpp/_virtual_includes/names_internal/google/protobuf/compiler/cpp/helpers.h: In function 'bool google::protobuf::compiler::cpp::IsWeak(const google::protobuf::FieldDescriptor*, const Options&)':
2026-10-07T01:37:41.5213387Z bazel-out/k8-opt-exec-ST-d57f47055a04/bin/external/protobuf+/src/google/protobuf/compiler/cpp/_virtual_includes/names_internal/google/protobuf/compiler/cpp/helpers.h:347:28: warning: 'bool google::protobuf::FieldOptions::weak() const' is deprecated [-Wdeprecated-declarations]
2026-10-07T01:37:41.5241954Z   347 |   if (field->options().weak()) {
2026-10-07T01:37:41.5263562Z       |       ~~~~~~~~~~~~~~~~~~~~~^~
2026-10-07T01:37:41.5272862Z In file included from bazel-out/k8-opt-exec-ST-d57f47055a04/bin/external/protobuf+/src/google/protobuf/compiler/_virtual_includes/code_generator_lite/google/protobuf/compiler/code_generator_lite.h:18,
2026-10-07T01:37:41.5303859Z                  from bazel-out/k8-opt-exec-ST-d57f47055a04/bin/external/protobuf+/src/google/protobuf/compiler/_virtual_includes/code_generator/google/protobuf/compiler/code_generator.h:25,
2026-10-07T01:37:41.5333732Z                  from bazel-out/k8-opt-exec-ST-d57f47055a04/bin/external/protobuf+/src/google/protobuf/compiler/cpp/_virtual_includes/names_internal/google/protobuf/compiler/cpp/helpers.h:29:
2026-10-07T01:37:41.5352663Z bazel-out/k8-opt-exec-ST-d57f47055a04/bin/external/protobuf+/src/google/protobuf/_virtual_includes/protobuf/google/protobuf/descriptor.pb.h:18861:13: note: declared here
2026-10-07T01:37:41.5361690Z 18861 | inline bool FieldOptions::weak() const {
2026-10-07T01:37:41.5391617Z       |             ^~~~~~~~~~~~
2026-10-07T01:37:41.5422283Z [702 / 939] Compiling src/google/protobuf/compiler/cpp/parse_function_generator.cc [for tool]; 3s processwrapper-sandbox ... (4 actions, 3 running)
2026-10-07T01:37:43.0440371Z [705 / 939] Compiling src/google/protobuf/compiler/cpp/parse_function_generator.cc [for tool]; 4s processwrapper-sandbox ... (4 actions, 3 running)
2026-10-07T01:37:44.3622506Z [707 / 939] Compiling src/google/protobuf/compiler/cpp/parse_function_generator.cc [for tool]; 5s processwrapper-sandbox ... (4 actions running)
2026-10-07T01:37:45.4327737Z INFO: From Compiling src/google/protobuf/compiler/cpp/field_chunk.cc [for tool]:
2026-10-07T01:37:45.4390642Z In file included from bazel-out/k8-opt-exec-ST-d57f47055a04/bin/external/protobuf+/src/google/protobuf/compiler/cpp/_virtual_includes/cpp/google/protobuf/compiler/cpp/field_chunk.h:10,
2026-10-07T01:37:45.4403414Z                  from external/protobuf+/src/google/protobuf/compiler/cpp/field_chunk.cc:1:
2026-10-07T01:37:45.4406111Z bazel-out/k8-opt-exec-ST-d57f47055a04/bin/external/protobuf+/src/google/protobuf/compiler/cpp/_virtual_includes/names_internal/google/protobuf/compiler/cpp/helpers.h: In function 'bool google::protobuf::compiler::cpp::IsWeak(const google::protobuf::FieldDescriptor*, const Options&)':
2026-10-07T01:37:45.4409762Z bazel-out/k8-opt-exec-ST-d57f47055a04/bin/external/protobuf+/src/google/protobuf/compiler/cpp/_virtual_includes/names_internal/google/protobuf/compiler/cpp/helpers.h:347:28: warning: 'bool google::protobuf::FieldOptions::weak() const' is deprecated [-Wdeprecated-declarations]
2026-10-07T01:37:45.4411902Z   347 |   if (field->options().weak()) {
2026-10-07T01:37:45.4412456Z       |       ~~~~~~~~~~~~~~~~~~~~~^~
2026-10-07T01:37:45.4414068Z In file included from bazel-out/k8-opt-exec-ST-d57f47055a04/bin/external/protobuf+/src/google/protobuf/compiler/_virtual_includes/code_generator_lite/google/protobuf/compiler/code_generator_lite.h:18,
2026-10-07T01:37:45.4417924Z                  from bazel-out/k8-opt-exec-ST-d57f47055a04/bin/external/protobuf+/src/google/protobuf/compiler/_virtual_includes/code_generator/google/protobuf/compiler/code_generator.h:25,
2026-10-07T01:37:45.4421408Z                  from bazel-out/k8-opt-exec-ST-d57f47055a04/bin/external/protobuf+/src/google/protobuf/compiler/cpp/_virtual_includes/names_internal/google/protobuf/compiler/cpp/helpers.h:29:
2026-10-07T01:37:45.4423509Z bazel-out/k8-opt-exec-ST-d57f47055a04/bin/external/protobuf+/src/google/protobuf/_virtual_includes/protobuf/google/protobuf/descriptor.pb.h:18861:13: note: declared here
2026-10-07T01:37:45.4424854Z 18861 | inline bool FieldOptions::weak() const {
2026-10-07T01:37:45.4425498Z       |             ^~~~~~~~~~~~
2026-10-07T01:37:45.4426715Z [708 / 939] Compiling src/google/protobuf/compiler/cpp/parse_function_generator.cc [for tool]; 7s processwrapper-sandbox ... (4 actions, 3 running)
2026-10-07T01:37:46.1202560Z INFO: From Compiling src/google/protobuf/compiler/cpp/parse_function_generator.cc [for tool]:
2026-10-07T01:37:46.1212785Z In file included from bazel-out/k8-opt-exec-ST-d57f47055a04/bin/external/protobuf+/src/google/protobuf/compiler/cpp/_virtual_includes/cpp/google/protobuf/compiler/cpp/parse_function_generator.h:18,
2026-10-07T01:37:46.1232636Z                  from external/protobuf+/src/google/protobuf/compiler/cpp/parse_function_generator.cc:8:
2026-10-07T01:37:46.1263090Z bazel-out/k8-opt-exec-ST-d57f47055a04/bin/external/protobuf+/src/google/protobuf/compiler/cpp/_virtual_includes/names_internal/google/protobuf/compiler/cpp/helpers.h: In function 'bool google::protobuf::compiler::cpp::IsWeak(const google::protobuf::FieldDescriptor*, const Options&)':
2026-10-07T01:37:46.1293116Z bazel-out/k8-opt-exec-ST-d57f47055a04/bin/external/protobuf+/src/google/protobuf/compiler/cpp/_virtual_includes/names_internal/google/protobuf/compiler/cpp/helpers.h:347:28: warning: 'bool google::protobuf::FieldOptions::weak() const' is deprecated [-Wdeprecated-declarations]
2026-10-07T01:37:46.1295255Z   347 |   if (field->options().weak()) {
2026-10-07T01:37:46.1341813Z       |       ~~~~~~~~~~~~~~~~~~~~~^~
2026-10-07T01:37:46.1352608Z In file included from bazel-out/k8-opt-exec-ST-d57f47055a04/bin/external/protobuf+/src/google/protobuf/compiler/_virtual_includes/code_generator_lite/google/protobuf/compiler/code_generator_lite.h:18,
2026-10-07T01:37:46.1383506Z                  from bazel-out/k8-opt-exec-ST-d57f47055a04/bin/external/protobuf+/src/google/protobuf/compiler/_virtual_includes/code_generator/google/protobuf/compiler/code_generator.h:25,
2026-10-07T01:37:46.1413434Z                  from bazel-out/k8-opt-exec-ST-d57f47055a04/bin/external/protobuf+/src/google/protobuf/compiler/cpp/_virtual_includes/names_internal/google/protobuf/compiler/cpp/helpers.h:29:
2026-10-07T01:37:46.1432466Z bazel-out/k8-opt-exec-ST-d57f47055a04/bin/external/protobuf+/src/google/protobuf/_virtual_includes/protobuf/google/protobuf/descriptor.pb.h:18861:13: note: declared here
2026-10-07T01:37:46.1441896Z 18861 | inline bool FieldOptions::weak() const {
2026-10-07T01:37:46.1471531Z       |             ^~~~~~~~~~~~
2026-10-07T01:37:47.0823107Z [712 / 939] Compiling src/google/protobuf/compiler/cpp/message_layout_helper.cc [for tool]; 4s processwrapper-sandbox ... (4 actions, 3 running)
2026-10-07T01:37:48.3622550Z [713 / 939] Compiling src/google/protobuf/compiler/cpp/message_layout_helper.cc [for tool]; 5s processwrapper-sandbox ... (4 actions running)
2026-10-07T01:37:48.9183289Z INFO: From Compiling src/google/protobuf/compiler/cpp/message_layout_helper.cc [for tool]:
2026-10-07T01:37:48.9232897Z In file included from bazel-out/k8-opt-exec-ST-d57f47055a04/bin/external/protobuf+/src/google/protobuf/compiler/cpp/_virtual_includes/cpp/google/protobuf/compiler/cpp/message_layout_helper.h:20,
2026-10-07T01:37:48.9252831Z                  from external/protobuf+/src/google/protobuf/compiler/cpp/message_layout_helper.cc:1:
2026-10-07T01:37:48.9283206Z bazel-out/k8-opt-exec-ST-d57f47055a04/bin/external/protobuf+/src/google/protobuf/compiler/cpp/_virtual_includes/names_internal/google/protobuf/compiler/cpp/helpers.h: In function 'bool google::protobuf::compiler::cpp::IsWeak(const google::protobuf::FieldDescriptor*, const Options&)':
2026-10-07T01:37:48.9313124Z bazel-out/k8-opt-exec-ST-d57f47055a04/bin/external/protobuf+/src/google/protobuf/compiler/cpp/_virtual_includes/names_internal/google/protobuf/compiler/cpp/helpers.h:347:28: warning: 'bool google::protobuf::FieldOptions::weak() const' is deprecated [-Wdeprecated-declarations]
2026-10-07T01:37:48.9328797Z   347 |   if (field->options().weak()) {
2026-10-07T01:37:48.9329497Z       |       ~~~~~~~~~~~~~~~~~~~~~^~
2026-10-07T01:37:48.9331431Z In file included from bazel-out/k8-opt-exec-ST-d57f47055a04/bin/external/protobuf+/src/google/protobuf/compiler/_virtual_includes/code_generator_lite/google/protobuf/compiler/code_generator_lite.h:18,
2026-10-07T01:37:48.9334953Z                  from bazel-out/k8-opt-exec-ST-d57f47055a04/bin/external/protobuf+/src/google/protobuf/compiler/_virtual_includes/code_generator/google/protobuf/compiler/code_generator.h:25,
2026-10-07T01:37:48.9338431Z                  from bazel-out/k8-opt-exec-ST-d57f47055a04/bin/external/protobuf+/src/google/protobuf/compiler/cpp/_virtual_includes/names_internal/google/protobuf/compiler/cpp/helpers.h:29:
2026-10-07T01:37:48.9340660Z bazel-out/k8-opt-exec-ST-d57f47055a04/bin/external/protobuf+/src/google/protobuf/_virtual_includes/protobuf/google/protobuf/descriptor.pb.h:18861:13: note: declared here
2026-10-07T01:37:48.9342294Z 18861 | inline bool FieldOptions::weak() const {
2026-10-07T01:37:48.9342959Z       |             ^~~~~~~~~~~~
2026-10-07T01:37:49.3632610Z [716 / 939] Compiling src/google/protobuf/compiler/cpp/field_generators/cord_field.cc [for tool]; 3s processwrapper-sandbox ... (4 actions running)
2026-10-07T01:37:50.3712875Z [718 / 939] Compiling src/google/protobuf/compiler/cpp/field_generators/cord_field.cc [for tool]; 4s processwrapper-sandbox ... (4 actions running)
2026-10-07T01:37:51.4315084Z INFO: From Compiling src/google/protobuf/compiler/cpp/field_generators/cord_field.cc [for tool]:
2026-10-07T01:37:51.4343153Z In file included from bazel-out/k8-opt-exec-ST-d57f47055a04/bin/external/protobuf+/src/google/protobuf/compiler/cpp/_virtual_includes/cpp/google/protobuf/compiler/cpp/field.h:26,
2026-10-07T01:37:51.4382256Z                  from external/protobuf+/src/google/protobuf/compiler/cpp/field_generators/cord_field.cc:23:
2026-10-07T01:37:51.4433345Z bazel-out/k8-opt-exec-ST-d57f47055a04/bin/external/protobuf+/src/google/protobuf/compiler/cpp/_virtual_includes/names_internal/google/protobuf/compiler/cpp/helpers.h: In function 'bool google::protobuf::compiler::cpp::IsWeak(const google::protobuf::FieldDescriptor*, const Options&)':
2026-10-07T01:37:51.4483710Z bazel-out/k8-opt-exec-ST-d57f47055a04/bin/external/protobuf+/src/google/protobuf/compiler/cpp/_virtual_includes/names_internal/google/protobuf/compiler/cpp/helpers.h:347:28: warning: 'bool google::protobuf::FieldOptions::weak() const' is deprecated [-Wdeprecated-declarations]
2026-10-07T01:37:51.4521643Z   347 |   if (field->options().weak()) {
2026-10-07T01:37:51.4548832Z       |       ~~~~~~~~~~~~~~~~~~~~~^~
2026-10-07T01:37:51.4573099Z In file included from bazel-out/k8-opt-exec-ST-d57f47055a04/bin/external/protobuf+/src/google/protobuf/compiler/_virtual_includes/code_generator_lite/google/protobuf/compiler/code_generator_lite.h:18,
2026-10-07T01:37:51.4623791Z                  from bazel-out/k8-opt-exec-ST-d57f47055a04/bin/external/protobuf+/src/google/protobuf/compiler/_virtual_includes/code_generator/google/protobuf/compiler/code_generator.h:25,
2026-10-07T01:37:51.4633773Z                  from bazel-out/k8-opt-exec-ST-d57f47055a04/bin/external/protobuf+/src/google/protobuf/compiler/cpp/_virtual_includes/names_internal/google/protobuf/compiler/cpp/helpers.h:29:
2026-10-07T01:37:51.4662444Z bazel-out/k8-opt-exec-ST-d57f47055a04/bin/external/protobuf+/src/google/protobuf/_virtual_includes/protobuf/google/protobuf/descriptor.pb.h:18861:13: note: declared here
2026-10-07T01:37:51.4681977Z 18861 | inline bool FieldOptions::weak() const {
2026-10-07T01:37:51.4711617Z       |             ^~~~~~~~~~~~
2026-10-07T01:37:51.4721991Z [722 / 939] Compiling src/google/protobuf/compiler/cpp/message.cc [for tool]; 5s processwrapper-sandbox ... (4 actions, 3 running)
2026-10-07T01:37:53.3672673Z [724 / 939] Compiling src/google/protobuf/compiler/cpp/message.cc [for tool]; 7s processwrapper-sandbox ... (4 actions running)
2026-10-07T01:37:54.3752595Z [725 / 939] Compiling src/google/protobuf/compiler/cpp/message.cc [for tool]; 8s processwrapper-sandbox ... (4 actions, 3 running)
2026-10-07T01:37:56.3722488Z [726 / 939] Compiling src/google/protobuf/compiler/cpp/message.cc [for tool]; 10s processwrapper-sandbox ... (4 actions running)
2026-10-07T01:37:57.3569734Z INFO: From Compiling src/google/protobuf/compiler/cpp/field_generators/enum_field.cc [for tool]:
2026-10-07T01:37:57.3607475Z In file included from bazel-out/k8-opt-exec-ST-d57f47055a04/bin/external/protobuf+/src/google/protobuf/compiler/cpp/_virtual_includes/cpp/google/protobuf/compiler/cpp/field.h:26,
2026-10-07T01:37:57.3622594Z                  from external/protobuf+/src/google/protobuf/compiler/cpp/field_generators/enum_field.cc:20:
2026-10-07T01:37:57.3663319Z bazel-out/k8-opt-exec-ST-d57f47055a04/bin/external/protobuf+/src/google/protobuf/compiler/cpp/_virtual_includes/names_internal/google/protobuf/compiler/cpp/helpers.h: In function 'bool google::protobuf::compiler::cpp::IsWeak(const google::protobuf::FieldDescriptor*, const Options&)':
2026-10-07T01:37:57.3683063Z bazel-out/k8-opt-exec-ST-d57f47055a04/bin/external/protobuf+/src/google/protobuf/compiler/cpp/_virtual_includes/names_internal/google/protobuf/compiler/cpp/helpers.h:347:28: warning: 'bool google::protobuf::FieldOptions::weak() const' is deprecated [-Wdeprecated-declarations]
2026-10-07T01:37:57.3694665Z   347 |   if (field->options().weak()) {
2026-10-07T01:37:57.3699246Z       |       ~~~~~~~~~~~~~~~~~~~~~^~
2026-10-07T01:37:57.3701187Z In file included from bazel-out/k8-opt-exec-ST-d57f47055a04/bin/external/protobuf+/src/google/protobuf/compiler/_virtual_includes/code_generator_lite/google/protobuf/compiler/code_generator_lite.h:18,
2026-10-07T01:37:57.3705668Z                  from bazel-out/k8-opt-exec-ST-d57f47055a04/bin/external/protobuf+/src/google/protobuf/compiler/_virtual_includes/code_generator/google/protobuf/compiler/code_generator.h:25,
2026-10-07T01:37:57.3709333Z                  from bazel-out/k8-opt-exec-ST-d57f47055a04/bin/external/protobuf+/src/google/protobuf/compiler/cpp/_virtual_includes/names_internal/google/protobuf/compiler/cpp/helpers.h:29:
2026-10-07T01:37:57.3711913Z bazel-out/k8-opt-exec-ST-d57f47055a04/bin/external/protobuf+/src/google/protobuf/_virtual_includes/protobuf/google/protobuf/descriptor.pb.h:18861:13: note: declared here
2026-10-07T01:37:57.3714822Z 18861 | inline bool FieldOptions::weak() const {
2026-10-07T01:37:57.3715558Z       |             ^~~~~~~~~~~~
2026-10-07T01:37:57.3716972Z [729 / 939] Compiling src/google/protobuf/compiler/cpp/message.cc [for tool]; 11s processwrapper-sandbox ... (4 actions running)
2026-10-07T01:37:57.8782352Z INFO: From Compiling src/google/protobuf/compiler/cpp/generator.cc [for tool]:
2026-10-07T01:37:57.8792848Z In file included from bazel-out/k8-opt-exec-ST-d57f47055a04/bin/external/protobuf+/src/google/protobuf/compiler/cpp/_virtual_includes/cpp/google/protobuf/compiler/cpp/extension.h:19,
2026-10-07T01:37:57.8813437Z                  from bazel-out/k8-opt-exec-ST-d57f47055a04/bin/external/protobuf+/src/google/protobuf/compiler/cpp/_virtual_includes/cpp/google/protobuf/compiler/cpp/file.h:26,
2026-10-07T01:37:57.8842289Z                  from external/protobuf+/src/google/protobuf/compiler/cpp/generator.cc:31:
2026-10-07T01:37:57.8863103Z bazel-out/k8-opt-exec-ST-d57f47055a04/bin/external/protobuf+/src/google/protobuf/compiler/cpp/_virtual_includes/names_internal/google/protobuf/compiler/cpp/helpers.h: In function 'bool google::protobuf::compiler::cpp::IsWeak(const google::protobuf::FieldDescriptor*, const Options&)':
2026-10-07T01:37:57.8866598Z bazel-out/k8-opt-exec-ST-d57f47055a04/bin/external/protobuf+/src/google/protobuf/compiler/cpp/_virtual_includes/names_internal/google/protobuf/compiler/cpp/helpers.h:347:28: warning: 'bool google::protobuf::FieldOptions::weak() const' is deprecated [-Wdeprecated-declarations]
2026-10-07T01:37:57.8868551Z   347 |   if (field->options().weak()) {
2026-10-07T01:37:57.8869103Z       |       ~~~~~~~~~~~~~~~~~~~~~^~
2026-10-07T01:37:57.8870610Z In file included from bazel-out/k8-opt-exec-ST-d57f47055a04/bin/external/protobuf+/src/google/protobuf/compiler/_virtual_includes/code_generator_lite/google/protobuf/compiler/code_generator_lite.h:18,
2026-10-07T01:37:57.8874309Z                  from bazel-out/k8-opt-exec-ST-d57f47055a04/bin/external/protobuf+/src/google/protobuf/compiler/_virtual_includes/code_generator/google/protobuf/compiler/code_generator.h:25,
2026-10-07T01:37:57.8877717Z                  from bazel-out/k8-opt-exec-ST-d57f47055a04/bin/external/protobuf+/src/google/protobuf/compiler/cpp/_virtual_includes/cpp/google/protobuf/compiler/cpp/generator.h:24,
2026-10-07T01:37:57.8879797Z                  from external/protobuf+/src/google/protobuf/compiler/cpp/generator.cc:12:
2026-10-07T01:37:57.8881480Z bazel-out/k8-opt-exec-ST-d57f47055a04/bin/external/protobuf+/src/google/protobuf/_virtual_includes/protobuf/google/protobuf/descriptor.pb.h:18861:13: note: declared here
2026-10-07T01:37:57.8882853Z 18861 | inline bool FieldOptions::weak() const {
2026-10-07T01:37:57.8883440Z       |             ^~~~~~~~~~~~
2026-10-07T01:37:58.3702639Z [730 / 939] Compiling src/google/protobuf/compiler/cpp/message.cc [for tool]; 12s processwrapper-sandbox ... (4 actions running)
2026-10-07T01:38:00.1972585Z [733 / 939] Compiling src/google/protobuf/compiler/cpp/message.cc [for tool]; 14s processwrapper-sandbox ... (4 actions, 3 running)
2026-10-07T01:38:01.3702888Z [734 / 939] Compiling src/google/protobuf/compiler/cpp/message.cc [for tool]; 15s processwrapper-sandbox ... (4 actions running)
2026-10-07T01:38:02.3722437Z [738 / 939] Compiling src/google/protobuf/compiler/cpp/message.cc [for tool]; 16s processwrapper-sandbox ... (4 actions running)
2026-10-07T01:38:03.4369335Z [739 / 939] Compiling src/google/protobuf/compiler/cpp/message.cc [for tool]; 17s processwrapper-sandbox ... (4 actions, 3 running)
2026-10-07T01:38:04.1448619Z INFO: From Compiling src/google/protobuf/compiler/cpp/field_generators/map_field.cc [for tool]:
2026-10-07T01:38:04.1489980Z In file included from bazel-out/k8-opt-exec-ST-d57f47055a04/bin/external/protobuf+/src/google/protobuf/compiler/cpp/_virtual_includes/cpp/google/protobuf/compiler/cpp/field.h:26,
2026-10-07T01:38:04.1502770Z                  from external/protobuf+/src/google/protobuf/compiler/cpp/field_generators/map_field.cc:19:
2026-10-07T01:38:04.1533599Z bazel-out/k8-opt-exec-ST-d57f47055a04/bin/external/protobuf+/src/google/protobuf/compiler/cpp/_virtual_includes/names_internal/google/protobuf/compiler/cpp/helpers.h: In function 'bool google::protobuf::compiler::cpp::IsWeak(const google::protobuf::FieldDescriptor*, const Options&)':
2026-10-07T01:38:04.1563108Z bazel-out/k8-opt-exec-ST-d57f47055a04/bin/external/protobuf+/src/google/protobuf/compiler/cpp/_virtual_includes/names_internal/google/protobuf/compiler/cpp/helpers.h:347:28: warning: 'bool google::protobuf::FieldOptions::weak() const' is deprecated [-Wdeprecated-declarations]
2026-10-07T01:38:04.1565174Z   347 |   if (field->options().weak()) {
2026-10-07T01:38:04.1591558Z       |       ~~~~~~~~~~~~~~~~~~~~~^~
2026-10-07T01:38:04.1595590Z In file included from bazel-out/k8-opt-exec-ST-d57f47055a04/bin/external/protobuf+/src/google/protobuf/compiler/_virtual_includes/code_generator_lite/google/protobuf/compiler/code_generator_lite.h:18,
2026-10-07T01:38:04.1599176Z                  from bazel-out/k8-opt-exec-ST-d57f47055a04/bin/external/protobuf+/src/google/protobuf/compiler/_virtual_includes/code_generator/google/protobuf/compiler/code_generator.h:25,
2026-10-07T01:38:04.1602811Z                  from bazel-out/k8-opt-exec-ST-d57f47055a04/bin/external/protobuf+/src/google/protobuf/compiler/cpp/_virtual_includes/names_internal/google/protobuf/compiler/cpp/helpers.h:29:
2026-10-07T01:38:04.1605047Z bazel-out/k8-opt-exec-ST-d57f47055a04/bin/external/protobuf+/src/google/protobuf/_virtual_includes/protobuf/google/protobuf/descriptor.pb.h:18861:13: note: declared here
2026-10-07T01:38:04.1606459Z 18861 | inline bool FieldOptions::weak() const {
2026-10-07T01:38:04.1607154Z       |             ^~~~~~~~~~~~
2026-10-07T01:38:05.3712459Z [740 / 939] Compiling src/google/protobuf/compiler/cpp/message.cc [for tool]; 19s processwrapper-sandbox ... (4 actions running)
2026-10-07T01:38:06.3713747Z [742 / 939] Compiling src/google/protobuf/compiler/cpp/message.cc [for tool]; 20s processwrapper-sandbox ... (4 actions running)
2026-10-07T01:38:07.4332392Z INFO: From Compiling src/google/protobuf/compiler/cpp/message.cc [for tool]:
2026-10-07T01:38:07.4382910Z In file included from bazel-out/k8-opt-exec-ST-d57f47055a04/bin/external/protobuf+/src/google/protobuf/compiler/cpp/_virtual_includes/cpp/google/protobuf/compiler/cpp/extension.h:19,
2026-10-07T01:38:07.4423994Z                  from bazel-out/k8-opt-exec-ST-d57f47055a04/bin/external/protobuf+/src/google/protobuf/compiler/cpp/_virtual_includes/cpp/google/protobuf/compiler/cpp/message.h:25,
2026-10-07T01:38:07.4459166Z                  from external/protobuf+/src/google/protobuf/compiler/cpp/message.cc:12:
2026-10-07T01:38:07.4473514Z bazel-out/k8-opt-exec-ST-d57f47055a04/bin/external/protobuf+/src/google/protobuf/compiler/cpp/_virtual_includes/names_internal/google/protobuf/compiler/cpp/helpers.h: In function 'bool google::protobuf::compiler::cpp::IsWeak(const google::protobuf::FieldDescriptor*, const Options&)':
2026-10-07T01:38:07.4503672Z bazel-out/k8-opt-exec-ST-d57f47055a04/bin/external/protobuf+/src/google/protobuf/compiler/cpp/_virtual_includes/names_internal/google/protobuf/compiler/cpp/helpers.h:347:28: warning: 'bool google::protobuf::FieldOptions::weak() const' is deprecated [-Wdeprecated-declarations]
2026-10-07T01:38:07.4521795Z   347 |   if (field->options().weak()) {
2026-10-07T01:38:07.4551865Z       |       ~~~~~~~~~~~~~~~~~~~~~^~
2026-10-07T01:38:07.4562801Z In file included from bazel-out/k8-opt-exec-ST-d57f47055a04/bin/external/protobuf+/src/google/protobuf/compiler/_virtual_includes/code_generator_lite/google/protobuf/compiler/code_generator_lite.h:18,
2026-10-07T01:38:07.4583778Z                  from bazel-out/k8-opt-exec-ST-d57f47055a04/bin/external/protobuf+/src/google/protobuf/compiler/_virtual_includes/code_generator/google/protobuf/compiler/code_generator.h:25,
2026-10-07T01:38:07.4613719Z                  from bazel-out/k8-opt-exec-ST-d57f47055a04/bin/external/protobuf+/src/google/protobuf/compiler/cpp/_virtual_includes/names_internal/google/protobuf/compiler/cpp/helpers.h:29:
2026-10-07T01:38:07.4643028Z bazel-out/k8-opt-exec-ST-d57f47055a04/bin/external/protobuf+/src/google/protobuf/_virtual_includes/protobuf/google/protobuf/descriptor.pb.h:18861:13: note: declared here
2026-10-07T01:38:07.4651676Z 18861 | inline bool FieldOptions::weak() const {
2026-10-07T01:38:07.4681568Z       |             ^~~~~~~~~~~~
2026-10-07T01:38:07.4703381Z external/protobuf+/src/google/protobuf/compiler/cpp/message.cc: In function 'void google::protobuf::compiler::cpp::{anonymous}::PrintPresenceCheck(const google::protobuf::FieldDescriptor*, const std::vector<int>&, google::protobuf::io::Printer*, int*, const google::protobuf::compiler::cpp::Options&)':
2026-10-07T01:38:07.4732385Z external/protobuf+/src/google/protobuf/compiler/cpp/message.cc:176:29: warning: 'bool google::protobuf::FieldOptions::weak() const' is deprecated [-Wdeprecated-declarations]
2026-10-07T01:38:07.4761735Z   176 |   if (!field->options().weak()) {
2026-10-07T01:38:07.4771619Z       |        ~~~~~~~~~~~~~~~~~~~~~^~
2026-10-07T01:38:07.4792435Z bazel-out/k8-opt-exec-ST-d57f47055a04/bin/external/protobuf+/src/google/protobuf/_virtual_includes/protobuf/google/protobuf/descriptor.pb.h:18861:13: note: declared here
2026-10-07T01:38:07.4821702Z 18861 | inline bool FieldOptions::weak() const {
2026-10-07T01:38:07.4851677Z       |             ^~~~~~~~~~~~
2026-10-07T01:38:07.4862991Z external/protobuf+/src/google/protobuf/compiler/cpp/message.cc: In member function 'void google::protobuf::compiler::cpp::MessageGenerator::GenerateFieldAccessorDeclarations(google::protobuf::io::Printer*)':
2026-10-07T01:38:07.4882452Z external/protobuf+/src/google/protobuf/compiler/cpp/message.cc:775:66: warning: 'bool google::protobuf::FieldOptions::weak() const' is deprecated [-Wdeprecated-declarations]
2026-10-07T01:38:07.4911896Z   775 |     if (!field->real_containing_oneof() && !field->options().weak()) {
2026-10-07T01:38:07.4922023Z       |                                             ~~~~~~~~~~~~~~~~~~~~~^~
2026-10-07T01:38:07.4952404Z bazel-out/k8-opt-exec-ST-d57f47055a04/bin/external/protobuf+/src/google/protobuf/_virtual_includes/protobuf/google/protobuf/descriptor.pb.h:18861:13: note: declared here
2026-10-07T01:38:07.4971676Z 18861 | inline bool FieldOptions::weak() const {
2026-10-07T01:38:07.5001630Z       |             ^~~~~~~~~~~~
2026-10-07T01:38:07.5012811Z external/protobuf+/src/google/protobuf/compiler/cpp/message.cc: In member function 'void google::protobuf::compiler::cpp::MessageGenerator::GenerateSingularFieldHasBits(const google::protobuf::FieldDescriptor*, google::protobuf::io::Printer*)':
2026-10-07T01:38:07.5032566Z external/protobuf+/src/google/protobuf/compiler/cpp/message.cc:1140:28: warning: 'bool google::protobuf::FieldOptions::weak() const' is deprecated [-Wdeprecated-declarations]
2026-10-07T01:38:07.5060720Z  1140 |   if (field->options().weak()) {
2026-10-07T01:38:07.5091644Z       |       ~~~~~~~~~~~~~~~~~~~~~^~
2026-10-07T01:38:07.5102412Z bazel-out/k8-opt-exec-ST-d57f47055a04/bin/external/protobuf+/src/google/protobuf/_virtual_includes/protobuf/google/protobuf/descriptor.pb.h:18861:13: note: declared here
2026-10-07T01:38:07.5121721Z 18861 | inline bool FieldOptions::weak() const {
2026-10-07T01:38:07.5151715Z       |             ^~~~~~~~~~~~
2026-10-07T01:38:07.5183139Z external/protobuf+/src/google/protobuf/compiler/cpp/message.cc: In member function 'void google::protobuf::compiler::cpp::MessageGenerator::MaybeEmitUpdateCachedHasbits(const google::protobuf::FieldDescriptor*, google::protobuf::io::Printer*, int&) const':
2026-10-07T01:38:07.5192377Z external/protobuf+/src/google/protobuf/compiler/cpp/message.cc:1396:59: warning: 'bool google::protobuf::FieldOptions::weak() const' is deprecated [-Wdeprecated-declarations]
2026-10-07T01:38:07.5211845Z  1396 |   if (!HasHasbit(field, options_) || field->options().weak()) return;
2026-10-07T01:38:07.5241769Z       |                                      ~~~~~~~~~~~~~~~~~~~~~^~
2026-10-07T01:38:07.5272418Z bazel-out/k8-opt-exec-ST-d57f47055a04/bin/external/protobuf+/src/google/protobuf/_virtual_includes/protobuf/google/protobuf/descriptor.pb.h:18861:13: note: declared here
2026-10-07T01:38:07.5282071Z 18861 | inline bool FieldOptions::weak() const {
2026-10-07T01:38:07.5301668Z       |             ^~~~~~~~~~~~
2026-10-07T01:38:07.5331989Z external/protobuf+/src/google/protobuf/compiler/cpp/message.cc: In lambda function:
2026-10-07T01:38:07.5362629Z external/protobuf+/src/google/protobuf/compiler/cpp/message.cc:2184:64: warning: 'bool google::protobuf::FieldOptions::weak() const' is deprecated [-Wdeprecated-declarations]
2026-10-07T01:38:07.5364389Z  2184 |             if (!field->is_repeated() && !field->options().weak() &&
2026-10-07T01:38:07.5365429Z       |                                           ~~~~~~~~~~~~~~~~~~~~~^~
2026-10-07T01:38:07.5366947Z bazel-out/k8-opt-exec-ST-d57f47055a04/bin/external/protobuf+/src/google/protobuf/_virtual_includes/protobuf/google/protobuf/descriptor.pb.h:18861:13: note: declared here
2026-10-07T01:38:07.5368332Z 18861 | inline bool FieldOptions::weak() const {
2026-10-07T01:38:07.5391628Z       |             ^~~~~~~~~~~~
2026-10-07T01:38:07.5422708Z external/protobuf+/src/google/protobuf/compiler/cpp/message.cc: In member function 'size_t google::protobuf::compiler::cpp::MessageGenerator::GenerateOffsets(google::protobuf::io::Printer*)':
2026-10-07T01:38:07.5432545Z external/protobuf+/src/google/protobuf/compiler/cpp/message.cc:2717:30: warning: 'bool google::protobuf::FieldOptions::weak() const' is deprecated [-Wdeprecated-declarations]
2026-10-07T01:38:07.5461564Z  2717 |     if (field->options().weak()) {
2026-10-07T01:38:07.5481640Z       |         ~~~~~~~~~~~~~~~~~~~~~^~
2026-10-07T01:38:07.5512442Z bazel-out/k8-opt-exec-ST-d57f47055a04/bin/external/protobuf+/src/google/protobuf/_virtual_includes/protobuf/google/protobuf/descriptor.pb.h:18861:13: note: declared here
2026-10-07T01:38:07.5521617Z 18861 | inline bool FieldOptions::weak() const {
2026-10-07T01:38:07.5541655Z       |             ^~~~~~~~~~~~
2026-10-07T01:38:07.5565222Z external/protobuf+/src/google/protobuf/compiler/cpp/message.cc: In lambda function:
2026-10-07T01:38:07.5592384Z external/protobuf+/src/google/protobuf/compiler/cpp/message.cc:4372:39: warning: 'bool google::protobuf::FieldOptions::weak() const' is deprecated [-Wdeprecated-declarations]
2026-10-07T01:38:07.5621674Z  4372 |       } else if (field->options().weak() ||
2026-10-07T01:38:07.5641623Z       |                  ~~~~~~~~~~~~~~~~~~~~~^~
2026-10-07T01:38:07.5654084Z bazel-out/k8-opt-exec-ST-d57f47055a04/bin/external/protobuf+/src/google/protobuf/_virtual_includes/protobuf/google/protobuf/descriptor.pb.h:18861:13: note: declared here
2026-10-07T01:38:07.5681673Z 18861 | inline bool FieldOptions::weak() const {
2026-10-07T01:38:07.5711641Z       |             ^~~~~~~~~~~~
2026-10-07T01:38:07.5732762Z external/protobuf+/src/google/protobuf/compiler/cpp/message.cc: In member function 'void google::protobuf::compiler::cpp::MessageGenerator::GenerateSerializeOneField(google::protobuf::io::Printer*, const google::protobuf::FieldDescriptor*, int)':
2026-10-07T01:38:07.5742689Z external/protobuf+/src/google/protobuf/compiler/cpp/message.cc:4722:28: warning: 'bool google::protobuf::FieldOptions::weak() const' is deprecated [-Wdeprecated-declarations]
2026-10-07T01:38:07.5771599Z  4722 |   if (field->options().weak()) {
2026-10-07T01:38:07.5801654Z       |       ~~~~~~~~~~~~~~~~~~~~~^~
2026-10-07T01:38:07.5822347Z bazel-out/k8-opt-exec-ST-d57f47055a04/bin/external/protobuf+/src/google/protobuf/_virtual_includes/protobuf/google/protobuf/descriptor.pb.h:18861:13: note: declared here
2026-10-07T01:38:07.5831725Z 18861 | inline bool FieldOptions::weak() const {
2026-10-07T01:38:07.5861624Z       |             ^~~~~~~~~~~~
2026-10-07T01:38:07.5881806Z external/protobuf+/src/google/protobuf/compiler/cpp/message.cc: In lambda function:
2026-10-07T01:38:07.5893428Z external/protobuf+/src/google/protobuf/compiler/cpp/message.cc:5029:43: warning: 'bool google::protobuf::FieldOptions::weak() const' is deprecated [-Wdeprecated-declarations]
2026-10-07T01:38:07.5921677Z  5029 |                  if (field->options().weak()) {
2026-10-07T01:38:07.5952186Z       |                      ~~~~~~~~~~~~~~~~~~~~~^~
2026-10-07T01:38:07.5972361Z bazel-out/k8-opt-exec-ST-d57f47055a04/bin/external/protobuf+/src/google/protobuf/_virtual_includes/protobuf/google/protobuf/descriptor.pb.h:18861:13: note: declared here
2026-10-07T01:38:07.5982135Z 18861 | inline bool FieldOptions::weak() const {
2026-10-07T01:38:07.6011628Z       |             ^~~~~~~~~~~~
2026-10-07T01:38:07.6033134Z external/protobuf+/src/google/protobuf/compiler/cpp/message.cc: In member function 'void google::protobuf::compiler::cpp::MessageGenerator::EmitCheckAndSerializeField(const google::protobuf::FieldDescriptor*, google::protobuf::io::Printer*) const':
2026-10-07T01:38:07.6062638Z external/protobuf+/src/google/protobuf/compiler/cpp/message.cc:5572:28: warning: 'bool google::protobuf::FieldOptions::weak() const' is deprecated [-Wdeprecated-declarations]
2026-10-07T01:38:07.6071599Z  5572 |   if (field->options().weak()) {
2026-10-07T01:38:07.6101644Z       |       ~~~~~~~~~~~~~~~~~~~~~^~
2026-10-07T01:38:07.6122502Z bazel-out/k8-opt-exec-ST-d57f47055a04/bin/external/protobuf+/src/google/protobuf/_virtual_includes/protobuf/google/protobuf/descriptor.pb.h:18861:13: note: declared here
2026-10-07T01:38:07.6131561Z 18861 | inline bool FieldOptions::weak() const {
2026-10-07T01:38:07.6161633Z       |             ^~~~~~~~~~~~
2026-10-07T01:38:07.6193156Z external/protobuf+/src/google/protobuf/compiler/cpp/message.cc: In instantiation of 'void google::protobuf::compiler::cpp::MessageGenerator::EmitCheckAndUpdateByteSizeForField(const google::protobuf::FieldDescriptor*, google::protobuf::io::Printer*) const [with bool kIsV2 = false]':
2026-10-07T01:38:07.6211835Z external/protobuf+/src/google/protobuf/compiler/cpp/message.cc:1418:62:   required from here
2026-10-07T01:38:07.6222585Z external/protobuf+/src/google/protobuf/compiler/cpp/message.cc:1363:28: warning: 'bool google::protobuf::FieldOptions::weak() const' is deprecated [-Wdeprecated-declarations]
2026-10-07T01:38:07.6251641Z  1363 |   if (field->options().weak()) {
2026-10-07T01:38:07.6281716Z       |       ~~~~~~~~~~~~~~~~~~~~~^~
2026-10-07T01:38:07.6304350Z bazel-out/k8-opt-exec-ST-d57f47055a04/bin/external/protobuf+/src/google/protobuf/_virtual_includes/protobuf/google/protobuf/descriptor.pb.h:18861:13: note: declared here
2026-10-07T01:38:07.6313983Z 18861 | inline bool FieldOptions::weak() const {
2026-10-07T01:38:07.6341622Z       |             ^~~~~~~~~~~~
2026-10-07T01:38:07.6372469Z external/protobuf+/src/google/protobuf/compiler/cpp/message.cc:1363:28: warning: 'bool google::protobuf::FieldOptions::weak() const' is deprecated [-Wdeprecated-declarations]
2026-10-07T01:38:07.6391506Z  1363 |   if (field->options().weak()) {
2026-10-07T01:38:07.6401679Z       |       ~~~~~~~~~~~~~~~~~~~~~^~
2026-10-07T01:38:07.6432477Z bazel-out/k8-opt-exec-ST-d57f47055a04/bin/external/protobuf+/src/google/protobuf/_virtual_includes/protobuf/google/protobuf/descriptor.pb.h:18861:13: note: declared here
2026-10-07T01:38:07.6451587Z 18861 | inline bool FieldOptions::weak() const {
2026-10-07T01:38:07.6476652Z       |             ^~~~~~~~~~~~
2026-10-07T01:38:07.6492214Z [743 / 939] Compiling src/google/protobuf/compiler/cpp/file.cc [for tool]; 9s processwrapper-sandbox ... (4 actions, 3 running)
2026-10-07T01:38:09.3742431Z [743 / 939] Compiling src/google/protobuf/compiler/cpp/file.cc [for tool]; 11s processwrapper-sandbox ... (4 actions running)
2026-10-07T01:38:11.6782414Z INFO: From Compiling src/google/protobuf/compiler/cpp/field_generators/message_field.cc [for tool]:
2026-10-07T01:38:11.6844851Z In file included from bazel-out/k8-opt-exec-ST-d57f47055a04/bin/external/protobuf+/src/google/protobuf/compiler/cpp/_virtual_includes/cpp/google/protobuf/compiler/cpp/field.h:26,
2026-10-07T01:38:11.6862818Z                  from external/protobuf+/src/google/protobuf/compiler/cpp/field_generators/message_field.cc:21:
2026-10-07T01:38:11.6923454Z bazel-out/k8-opt-exec-ST-d57f47055a04/bin/external/protobuf+/src/google/protobuf/compiler/cpp/_virtual_includes/names_internal/google/protobuf/compiler/cpp/helpers.h: In function 'bool google::protobuf::compiler::cpp::IsWeak(const google::protobuf::FieldDescriptor*, const Options&)':
2026-10-07T01:38:11.6943250Z bazel-out/k8-opt-exec-ST-d57f47055a04/bin/external/protobuf+/src/google/protobuf/compiler/cpp/_virtual_includes/names_internal/google/protobuf/compiler/cpp/helpers.h:347:28: warning: 'bool google::protobuf::FieldOptions::weak() const' is deprecated [-Wdeprecated-declarations]
2026-10-07T01:38:11.6971691Z   347 |   if (field->options().weak()) {
2026-10-07T01:38:11.7001620Z       |       ~~~~~~~~~~~~~~~~~~~~~^~
2026-10-07T01:38:11.7012509Z In file included from bazel-out/k8-opt-exec-ST-d57f47055a04/bin/external/protobuf+/src/google/protobuf/compiler/_virtual_includes/code_generator_lite/google/protobuf/compiler/code_generator_lite.h:18,
2026-10-07T01:38:11.7034659Z                  from bazel-out/k8-opt-exec-ST-d57f47055a04/bin/external/protobuf+/src/google/protobuf/compiler/_virtual_includes/code_generator/google/protobuf/compiler/code_generator.h:25,
2026-10-07T01:38:11.7064268Z                  from bazel-out/k8-opt-exec-ST-d57f47055a04/bin/external/protobuf+/src/google/protobuf/compiler/cpp/_virtual_includes/names_internal/google/protobuf/compiler/cpp/helpers.h:29:
2026-10-07T01:38:11.7092484Z bazel-out/k8-opt-exec-ST-d57f47055a04/bin/external/protobuf+/src/google/protobuf/_virtual_includes/protobuf/google/protobuf/descriptor.pb.h:18861:13: note: declared here
2026-10-07T01:38:11.7121642Z 18861 | inline bool FieldOptions::weak() const {
2026-10-07T01:38:11.7141531Z       |             ^~~~~~~~~~~~
2026-10-07T01:38:11.7152145Z [744 / 939] Compiling src/google/protobuf/compiler/cpp/file.cc [for tool]; 13s processwrapper-sandbox ... (4 actions, 3 running)
2026-10-07T01:38:12.9025178Z INFO: From Compiling src/google/protobuf/compiler/cpp/file.cc [for tool]:
2026-10-07T01:38:12.9087701Z In file included from bazel-out/k8-opt-exec-ST-d57f47055a04/bin/external/protobuf+/src/google/protobuf/compiler/cpp/_virtual_includes/cpp/google/protobuf/compiler/cpp/extension.h:19,
2026-10-07T01:38:12.9110784Z                  from bazel-out/k8-opt-exec-ST-d57f47055a04/bin/external/protobuf+/src/google/protobuf/compiler/cpp/_virtual_includes/cpp/google/protobuf/compiler/cpp/file.h:26,
2026-10-07T01:38:12.9182427Z                  from external/protobuf+/src/google/protobuf/compiler/cpp/file.cc:12:
2026-10-07T01:38:12.9213533Z bazel-out/k8-opt-exec-ST-d57f47055a04/bin/external/protobuf+/src/google/protobuf/compiler/cpp/_virtual_includes/names_internal/google/protobuf/compiler/cpp/helpers.h: In function 'bool google::protobuf::compiler::cpp::IsWeak(const google::protobuf::FieldDescriptor*, const Options&)':
2026-10-07T01:38:12.9243363Z bazel-out/k8-opt-exec-ST-d57f47055a04/bin/external/protobuf+/src/google/protobuf/compiler/cpp/_virtual_includes/names_internal/google/protobuf/compiler/cpp/helpers.h:347:28: warning: 'bool google::protobuf::FieldOptions::weak() const' is deprecated [-Wdeprecated-declarations]
2026-10-07T01:38:12.9245572Z   347 |   if (field->options().weak()) {
2026-10-07T01:38:12.9246195Z       |       ~~~~~~~~~~~~~~~~~~~~~^~
2026-10-07T01:38:12.9247704Z In file included from bazel-out/k8-opt-exec-ST-d57f47055a04/bin/external/protobuf+/src/google/protobuf/compiler/_virtual_includes/code_generator_lite/google/protobuf/compiler/code_generator_lite.h:18,
2026-10-07T01:38:12.9251808Z                  from bazel-out/k8-opt-exec-ST-d57f47055a04/bin/external/protobuf+/src/google/protobuf/compiler/_virtual_includes/code_generator/google/protobuf/compiler/code_generator.h:25,
2026-10-07T01:38:12.9255096Z                  from bazel-out/k8-opt-exec-ST-d57f47055a04/bin/external/protobuf+/src/google/protobuf/compiler/cpp/_virtual_includes/names_internal/google/protobuf/compiler/cpp/helpers.h:29:
2026-10-07T01:38:12.9257177Z bazel-out/k8-opt-exec-ST-d57f47055a04/bin/external/protobuf+/src/google/protobuf/_virtual_includes/protobuf/google/protobuf/descriptor.pb.h:18861:13: note: declared here
2026-10-07T01:38:12.9258467Z 18861 | inline bool FieldOptions::weak() const {
2026-10-07T01:38:12.9259266Z       |             ^~~~~~~~~~~~
2026-10-07T01:38:12.9259895Z In file included from external/abseil-cpp+/absl/functional/any_invocable.h:44,
2026-10-07T01:38:12.9261455Z                  from external/abseil-cpp+/absl/functional/internal/function_ref.h:22,
2026-10-07T01:38:12.9262752Z                  from external/abseil-cpp+/absl/functional/function_ref.h:54,
2026-10-07T01:38:12.9263833Z                  from external/abseil-cpp+/absl/hash/hash.h:88,
2026-10-07T01:38:12.9265241Z                  from external/abseil-cpp+/absl/container/internal/hash_function_defaults.h:57,
2026-10-07T01:38:12.9266678Z                  from external/abseil-cpp+/absl/container/hash_container_defaults.h:19,
2026-10-07T01:38:12.9267944Z                  from external/abseil-cpp+/absl/container/flat_hash_map.h:43,
2026-10-07T01:38:12.9270517Z                  from bazel-out/k8-opt-exec-ST-d57f47055a04/bin/external/protobuf+/src/google/protobuf/compiler/cpp/_virtual_includes/cpp/google/protobuf/compiler/cpp/file.h:20:
2026-10-07T01:38:12.9319741Z In function 'void absl::lts_20250814::internal_any_invocable::LocalManagerTrivial(FunctionToCall, TypeErasedState*, TypeErasedState*)',
2026-10-07T01:38:12.9323657Z     inlined from 'absl::lts_20250814::internal_any_invocable::CoreImpl<SigIsNoexcept, ReturnType, P>::CoreImpl(absl::lts_20250814::internal_any_invocable::CoreImpl<SigIsNoexcept, ReturnType, P>&&) [with bool SigIsNoexcept = false; ReturnType = void; P = {google::protobuf::io::Printer*}]' at external/abseil-cpp+/absl/functional/internal/any_invocable.h:461:11,
2026-10-07T01:38:12.9353360Z     inlined from 'absl::lts_20250814::internal_any_invocable::Impl<void(google::protobuf::io::Printer*)>::Impl(absl::lts_20250814::internal_any_invocable::Impl<void(google::protobuf::io::Printer*)>&&)' at external/abseil-cpp+/absl/functional/internal/any_invocable.h:755:1,
2026-10-07T01:38:12.9362872Z     inlined from 'absl::lts_20250814::AnyInvocable<Sig>::AnyInvocable(absl::lts_20250814::AnyInvocable<Sig>&&) [with Sig = void(google::protobuf::io::Printer*)]' at external/abseil-cpp+/absl/functional/any_invocable.h:185:3,
2026-10-07T01:38:12.9367062Z     inlined from 'void std::__new_allocator<_Tp>::construct(_Up*, _Args&& ...) [with _Up = absl::lts_20250814::AnyInvocable<void(google::protobuf::io::Printer*)>; _Args = {absl::lts_20250814::AnyInvocable<void(google::protobuf::io::Printer*)>}; _Tp = absl::lts_20250814::AnyInvocable<void(google::protobuf::io::Printer*)>]' at /usr/include/c++/13/bits/new_allocator.h:191:4,
2026-10-07T01:38:12.9372689Z     inlined from 'static void std::allocator_traits<std::allocator<_Tp1> >::construct(allocator_type&, _Up*, _Args&& ...) [with _Up = absl::lts_20250814::AnyInvocable<void(google::protobuf::io::Printer*)>; _Args = {absl::lts_20250814::AnyInvocable<void(google::protobuf::io::Printer*)>}; _Tp = absl::lts_20250814::AnyInvocable<void(google::protobuf::io::Printer*)>]' at /usr/include/c++/13/bits/alloc_traits.h:538:17,
2026-10-07T01:38:12.9404656Z     inlined from 'std::vector<_Tp, _Alloc>::reference std::vector<_Tp, _Alloc>::emplace_back(_Args&& ...) [with _Args = {absl::lts_20250814::AnyInvocable<void(google::protobuf::io::Printer*)>}; _Tp = absl::lts_20250814::AnyInvocable<void(google::protobuf::io::Printer*)>; _Alloc = std::allocator<absl::lts_20250814::AnyInvocable<void(google::protobuf::io::Printer*)> >]' at /usr/include/c++/13/bits/vector.tcc:117:30,
2026-10-07T01:38:12.9422937Z     inlined from 'void std::vector<_Tp, _Alloc>::push_back(value_type&&) [with _Tp = absl::lts_20250814::AnyInvocable<void(google::protobuf::io::Printer*)>; _Alloc = std::allocator<absl::lts_20250814::AnyInvocable<void(google::protobuf::io::Printer*)> >]' at /usr/include/c++/13/bits/stl_vector.h:1299:21,
2026-10-07T01:38:12.9425987Z     inlined from 'void google::protobuf::compiler::cpp::FileGenerator::GenerateReflectionInitializationCode(google::protobuf::io::Printer*)' at external/protobuf+/src/google/protobuf/compiler/cpp/file.cc:1385:53:
2026-10-07T01:38:12.9429840Z external/abseil-cpp+/absl/functional/internal/any_invocable.h:225:7: warning: '<unnamed>.absl::lts_20250814::AnyInvocable<void(google::protobuf::io::Printer*)>::<unnamed>.absl::lts_20250814::internal_any_invocable::Impl<void(google::protobuf::io::Printer*)>::<unnamed>.absl::lts_20250814::internal_any_invocable::CoreImpl<false, void, google::protobuf::io::Printer*>::state_' may be used uninitialized [-Wmaybe-uninitialized]
2026-10-07T01:38:12.9432523Z   225 |   *to = *from;
2026-10-07T01:38:12.9432925Z       |   ~~~~^~~~~~~
2026-10-07T01:38:12.9434335Z external/protobuf+/src/google/protobuf/compiler/cpp/file.cc: In member function 'void google::protobuf::compiler::cpp::FileGenerator::GenerateReflectionInitializationCode(google::protobuf::io::Printer*)':
2026-10-07T01:38:12.9436165Z external/protobuf+/src/google/protobuf/compiler/cpp/file.cc:1385:53: note: '<anonymous>' declared here
2026-10-07T01:38:12.9437196Z  1385 |     static_initializers_[kInitPriority102].push_back([](auto* p) {
2026-10-07T01:38:12.9438052Z       |     ~~~~~~~~~~~~~~~~~~~~~~~~~~~~~~~~~~~~~~~~~~~~~~~~^~~~~~~~~~~~~~
2026-10-07T01:38:12.9438594Z  1386 |       p->Emit(R"cc(
2026-10-07T01:38:12.9439162Z       |       ~~~~~~~~~~~~~                                  
2026-10-07T01:38:12.9439772Z  1387 |         ::_pbi::AddDescriptors(&$desc_table$),
2026-10-07T01:38:12.9440529Z       |         ~~~~~~~~~~~~~~~~~~~~~~~~~~~~~~~~~~~~~~       
2026-10-07T01:38:12.9441375Z  1388 |       )cc");
2026-10-07T01:38:12.9481921Z       |       ~~~~~~                                         
2026-10-07T01:38:12.9511622Z  1389 |     });
2026-10-07T01:38:12.9532022Z       |     ~~                                               
2026-10-07T01:38:12.9542321Z [746 / 939] Compiling src/google/protobuf/compiler/cpp/field_generators/string_view_field.cc [for tool]; 5s processwrapper-sandbox ... (4 actions, 3 running)
2026-10-07T01:38:14.1062435Z INFO: From Compiling src/google/protobuf/compiler/cpp/field_generators/string_view_field.cc [for tool]:
2026-10-07T01:38:14.1082888Z In file included from bazel-out/k8-opt-exec-ST-d57f47055a04/bin/external/protobuf+/src/google/protobuf/compiler/cpp/_virtual_includes/cpp/google/protobuf/compiler/cpp/field.h:26,
2026-10-07T01:38:14.1172843Z                  from external/protobuf+/src/google/protobuf/compiler/cpp/field_generators/string_view_field.cc:19:
2026-10-07T01:38:14.1183415Z bazel-out/k8-opt-exec-ST-d57f47055a04/bin/external/protobuf+/src/google/protobuf/compiler/cpp/_virtual_includes/names_internal/google/protobuf/compiler/cpp/helpers.h: In function 'bool google::protobuf::compiler::cpp::IsWeak(const google::protobuf::FieldDescriptor*, const Options&)':
2026-10-07T01:38:14.1233456Z bazel-out/k8-opt-exec-ST-d57f47055a04/bin/external/protobuf+/src/google/protobuf/compiler/cpp/_virtual_includes/names_internal/google/protobuf/compiler/cpp/helpers.h:347:28: warning: 'bool google::protobuf::FieldOptions::weak() const' is deprecated [-Wdeprecated-declarations]
2026-10-07T01:38:14.1251587Z   347 |   if (field->options().weak()) {
2026-10-07T01:38:14.1291646Z       |       ~~~~~~~~~~~~~~~~~~~~~^~
2026-10-07T01:38:14.1302801Z In file included from bazel-out/k8-opt-exec-ST-d57f47055a04/bin/external/protobuf+/src/google/protobuf/compiler/_virtual_includes/code_generator_lite/google/protobuf/compiler/code_generator_lite.h:18,
2026-10-07T01:38:14.1322981Z                  from bazel-out/k8-opt-exec-ST-d57f47055a04/bin/external/protobuf+/src/google/protobuf/compiler/_virtual_includes/code_generator/google/protobuf/compiler/code_generator.h:25,
2026-10-07T01:38:14.1326805Z                  from bazel-out/k8-opt-exec-ST-d57f47055a04/bin/external/protobuf+/src/google/protobuf/compiler/cpp/_virtual_includes/names_internal/google/protobuf/compiler/cpp/helpers.h:29:
2026-10-07T01:38:14.1329353Z bazel-out/k8-opt-exec-ST-d57f47055a04/bin/external/protobuf+/src/google/protobuf/_virtual_includes/protobuf/google/protobuf/descriptor.pb.h:18861:13: note: declared here
2026-10-07T01:38:14.1330879Z 18861 | inline bool FieldOptions::weak() const {
2026-10-07T01:38:14.1341793Z       |             ^~~~~~~~~~~~
2026-10-07T01:38:14.1343276Z [747 / 939] Compiling src/google/protobuf/compiler/cpp/field_generators/primitive_field.cc [for tool]; 2s processwrapper-sandbox ... (4 actions, 3 running)
2026-10-07T01:38:15.3763864Z [752 / 939] Compiling src/google/protobuf/compiler/cpp/field_generators/primitive_field.cc [for tool]; 3s processwrapper-sandbox ... (4 actions running)
2026-10-07T01:38:17.3772739Z [756 / 939] Compiling src/google/protobuf/compiler/cpp/field_generators/primitive_field.cc [for tool]; 5s processwrapper-sandbox ... (4 actions running)
2026-10-07T01:38:17.6662256Z INFO: From Compiling src/google/protobuf/compiler/cpp/field_generators/primitive_field.cc [for tool]:
2026-10-07T01:38:17.6722651Z In file included from bazel-out/k8-opt-exec-ST-d57f47055a04/bin/external/protobuf+/src/google/protobuf/compiler/cpp/_virtual_includes/cpp/google/protobuf/compiler/cpp/field.h:26,
2026-10-07T01:38:17.6742933Z                  from external/protobuf+/src/google/protobuf/compiler/cpp/field_generators/primitive_field.cc:21:
2026-10-07T01:38:17.6783399Z bazel-out/k8-opt-exec-ST-d57f47055a04/bin/external/protobuf+/src/google/protobuf/compiler/cpp/_virtual_includes/names_internal/google/protobuf/compiler/cpp/helpers.h: In function 'bool google::protobuf::compiler::cpp::IsWeak(const google::protobuf::FieldDescriptor*, const Options&)':
2026-10-07T01:38:17.6803225Z bazel-out/k8-opt-exec-ST-d57f47055a04/bin/external/protobuf+/src/google/protobuf/compiler/cpp/_virtual_includes/names_internal/google/protobuf/compiler/cpp/helpers.h:347:28: warning: 'bool google::protobuf::FieldOptions::weak() const' is deprecated [-Wdeprecated-declarations]
2026-10-07T01:38:17.6841689Z   347 |   if (field->options().weak()) {
2026-10-07T01:38:17.6858869Z       |       ~~~~~~~~~~~~~~~~~~~~~^~
2026-10-07T01:38:17.6860642Z In file included from bazel-out/k8-opt-exec-ST-d57f47055a04/bin/external/protobuf+/src/google/protobuf/compiler/_virtual_includes/code_generator_lite/google/protobuf/compiler/code_generator_lite.h:18,
2026-10-07T01:38:17.6872864Z                  from bazel-out/k8-opt-exec-ST-d57f47055a04/bin/external/protobuf+/src/google/protobuf/compiler/_virtual_includes/code_generator/google/protobuf/compiler/code_generator.h:25,
2026-10-07T01:38:17.6876639Z                  from bazel-out/k8-opt-exec-ST-d57f47055a04/bin/external/protobuf+/src/google/protobuf/compiler/cpp/_virtual_includes/names_internal/google/protobuf/compiler/cpp/helpers.h:29:
2026-10-07T01:38:17.6878986Z bazel-out/k8-opt-exec-ST-d57f47055a04/bin/external/protobuf+/src/google/protobuf/_virtual_includes/protobuf/google/protobuf/descriptor.pb.h:18861:13: note: declared here
2026-10-07T01:38:17.6880457Z 18861 | inline bool FieldOptions::weak() const {
2026-10-07T01:38:17.6881331Z       |             ^~~~~~~~~~~~
2026-10-07T01:38:19.1832572Z [762 / 939] Compiling src/google/protobuf/compiler/cpp/field_generators/string_field.cc [for tool]; 6s processwrapper-sandbox ... (4 actions, 3 running)
2026-10-07T01:38:19.8222605Z INFO: From Compiling src/google/protobuf/compiler/cpp/field_generators/string_field.cc [for tool]:
2026-10-07T01:38:19.8242875Z In file included from bazel-out/k8-opt-exec-ST-d57f47055a04/bin/external/protobuf+/src/google/protobuf/compiler/cpp/_virtual_includes/cpp/google/protobuf/compiler/cpp/field.h:26,
2026-10-07T01:38:19.8262516Z                  from external/protobuf+/src/google/protobuf/compiler/cpp/field_generators/string_field.cc:20:
2026-10-07T01:38:19.8283553Z bazel-out/k8-opt-exec-ST-d57f47055a04/bin/external/protobuf+/src/google/protobuf/compiler/cpp/_virtual_includes/names_internal/google/protobuf/compiler/cpp/helpers.h: In function 'bool google::protobuf::compiler::cpp::IsWeak(const google::protobuf::FieldDescriptor*, const Options&)':
2026-10-07T01:38:19.8313266Z bazel-out/k8-opt-exec-ST-d57f47055a04/bin/external/protobuf+/src/google/protobuf/compiler/cpp/_virtual_includes/names_internal/google/protobuf/compiler/cpp/helpers.h:347:28: warning: 'bool google::protobuf::FieldOptions::weak() const' is deprecated [-Wdeprecated-declarations]
2026-10-07T01:38:19.8321884Z   347 |   if (field->options().weak()) {
2026-10-07T01:38:19.8361621Z       |       ~~~~~~~~~~~~~~~~~~~~~^~
2026-10-07T01:38:19.8372933Z In file included from bazel-out/k8-opt-exec-ST-d57f47055a04/bin/external/protobuf+/src/google/protobuf/compiler/_virtual_includes/code_generator_lite/google/protobuf/compiler/code_generator_lite.h:18,
2026-10-07T01:38:19.8403851Z                  from bazel-out/k8-opt-exec-ST-d57f47055a04/bin/external/protobuf+/src/google/protobuf/compiler/_virtual_includes/code_generator/google/protobuf/compiler/code_generator.h:25,
2026-10-07T01:38:19.8433677Z                  from bazel-out/k8-opt-exec-ST-d57f47055a04/bin/external/protobuf+/src/google/protobuf/compiler/cpp/_virtual_includes/names_internal/google/protobuf/compiler/cpp/helpers.h:29:
2026-10-07T01:38:19.8442325Z bazel-out/k8-opt-exec-ST-d57f47055a04/bin/external/protobuf+/src/google/protobuf/_virtual_includes/protobuf/google/protobuf/descriptor.pb.h:18861:13: note: declared here
2026-10-07T01:38:19.8471656Z 18861 | inline bool FieldOptions::weak() const {
2026-10-07T01:38:19.8491686Z       |             ^~~~~~~~~~~~
2026-10-07T01:38:20.3652681Z [768 / 939] Compiling src/google/protobuf/generated_message_tctable_lite.cc; 6s processwrapper-sandbox ... (4 actions, 3 running)
2026-10-07T01:38:21.3827508Z [793 / 939] Compiling src/google/protobuf/generated_message_tctable_lite.cc; 7s processwrapper-sandbox ... (4 actions running)
2026-10-07T01:38:22.5062743Z [794 / 939] Compiling src/google/protobuf/generated_message_tctable_lite.cc; 8s processwrapper-sandbox ... (4 actions, 3 running)
2026-10-07T01:38:23.7022640Z [800 / 939] Compiling src/google/protobuf/generated_message_tctable_lite.cc; 9s processwrapper-sandbox ... (4 actions, 3 running)
2026-10-07T01:38:25.0030895Z [802 / 939] Compiling src/google/protobuf/generated_message_tctable_lite.cc; 10s processwrapper-sandbox ... (4 actions, 3 running)
2026-10-07T01:38:26.3820742Z [806 / 939] Compiling absl/crc/internal/crc_non_temporal_memcpy.cc; 1s processwrapper-sandbox ... (4 actions running)
2026-10-07T01:38:27.3821585Z [811 / 939] Compiling absl/crc/internal/crc_cord_state.cc; 0s processwrapper-sandbox ... (4 actions running)
2026-10-07T01:38:28.5766783Z [816 / 939] Compiling src/google/protobuf/implicit_weak_message.cc; 1s processwrapper-sandbox ... (4 actions, 3 running)
2026-10-07T01:38:30.3842497Z [819 / 939] Compiling absl/strings/internal/cord_rep_btree.cc; 1s processwrapper-sandbox ... (4 actions running)
2026-10-07T01:38:31.3853144Z [823 / 939] Compiling absl/strings/internal/cord_rep_btree.cc; 2s processwrapper-sandbox ... (4 actions running)
2026-10-07T01:38:33.3632286Z [827 / 939] Compiling src/google/protobuf/map.cc; 2s processwrapper-sandbox ... (4 actions, 3 running)
2026-10-07T01:38:33.8566015Z INFO: From Compiling src/google/protobuf/map.cc:
2026-10-07T01:38:33.8592737Z In file included from bazel-out/k8-opt/bin/external/protobuf+/src/google/protobuf/_virtual_includes/protobuf_lite/google/protobuf/generated_enum_util.h:20,
2026-10-07T01:38:33.8673112Z                  from bazel-out/k8-opt/bin/external/protobuf+/src/google/protobuf/_virtual_includes/protobuf_lite/google/protobuf/map.h:41,
2026-10-07T01:38:33.8675128Z                  from external/protobuf+/src/google/protobuf/map.cc:8:
2026-10-07T01:38:33.8727448Z In function 'const google::protobuf::internal::ClassData* google::protobuf::internal::GetClassData(const Type&) [with Type = google::protobuf::MessageLite]',
2026-10-07T01:38:33.8755013Z     inlined from 'google::protobuf::internal::Offsets google::protobuf::internal::AlignAndAddSizeDynamic(size_t, UntypedMapBase::TypeKind, const google::protobuf::MessageLite*, size_t&)' at external/protobuf+/src/google/protobuf/map.cc:229:38,
2026-10-07T01:38:33.8783541Z     inlined from 'static google::protobuf::internal::UntypedMapBase::TypeInfo google::protobuf::internal::UntypedMapBase::GetTypeInfoDynamic(TypeKind, TypeKind, const google::protobuf::MessageLite*)' at external/protobuf+/src/google/protobuf/map.cc:249:29:
2026-10-07T01:38:33.8792834Z bazel-out/k8-opt/bin/external/protobuf+/src/google/protobuf/_virtual_includes/protobuf_lite/google/protobuf/message_lite.h:1230:28: warning: 'this' pointer is null [-Wnonnull]
2026-10-07T01:38:33.8821559Z  1230 |     return msg.GetClassData();
2026-10-07T01:38:33.8841799Z       |            ~~~~~~~~~~~~~~~~^~
2026-10-07T01:38:34.3902284Z [829 / 939] Compiling absl/strings/cord.cc; 3s processwrapper-sandbox ... (4 actions running)
2026-10-07T01:38:35.3952392Z [831 / 939] Compiling absl/strings/cord.cc; 4s processwrapper-sandbox ... (4 actions, 3 running)
2026-10-07T01:38:36.7992336Z [834 / 939] Compiling absl/strings/cord.cc; 5s processwrapper-sandbox ... (4 actions, 3 running)
2026-10-07T01:38:38.3892352Z [842 / 939] Compiling src/google/protobuf/parse_context.cc; 1s processwrapper-sandbox ... (4 actions running)
2026-10-07T01:38:39.3921750Z [844 / 939] Compiling src/google/protobuf/parse_context.cc; 2s processwrapper-sandbox ... (4 actions running)
2026-10-07T01:38:40.5342619Z [848 / 939] Compiling src/google/protobuf/io/printer.cc; 3s processwrapper-sandbox ... (4 actions, 3 running)
2026-10-07T01:38:41.7542537Z [849 / 939] Compiling src/google/protobuf/io/printer.cc; 4s processwrapper-sandbox ... (4 actions, 3 running)
2026-10-07T01:38:42.8992680Z [853 / 939] Compiling src/google/protobuf/util/delimited_message_util.cc; 1s processwrapper-sandbox ... (4 actions, 3 running)
2026-10-07T01:38:44.1972546Z [858 / 939] Compiling src/google/protobuf/wire_format_lite.cc; 1s processwrapper-sandbox ... (4 actions, 3 running)
2026-10-07T01:38:45.2992915Z [860 / 939] Compiling external/protobuf+/src/google/protobuf/_virtual_imports/timestamp_proto/google/protobuf/timestamp.pb.cc; 1s processwrapper-sandbox ... (4 actions, 3 running)
2026-10-07T01:38:46.3921636Z [866 / 939] Compiling src/google/protobuf/json/internal/writer.cc; 1s processwrapper-sandbox ... (4 actions running)
2026-10-07T01:38:47.6712726Z [869 / 939] Compiling external/protobuf+/src/google/protobuf/_virtual_imports/struct_proto/google/protobuf/struct.pb.cc; 1s processwrapper-sandbox ... (4 actions, 3 running)
2026-10-07T01:38:49.1493569Z [871 / 939] Compiling external/protobuf+/src/google/protobuf/_virtual_imports/struct_proto/google/protobuf/struct.pb.cc; 3s processwrapper-sandbox ... (4 actions, 3 running)
2026-10-07T01:38:49.3739904Z INFO: From Compiling external/protobuf+/src/google/protobuf/_virtual_imports/struct_proto/google/protobuf/struct.pb.cc:
2026-10-07T01:38:49.3766772Z In file included from bazel-out/k8-opt/bin/external/protobuf+/src/google/protobuf/_virtual_includes/struct_proto/google/protobuf/struct.pb.h:34,
2026-10-07T01:38:49.3779649Z                  from bazel-out/k8-opt/bin/external/protobuf+/src/google/protobuf/_virtual_imports/struct_proto/google/protobuf/struct.pb.cc:6:
2026-10-07T01:38:49.3783017Z bazel-out/k8-opt/bin/external/protobuf+/src/google/protobuf/_virtual_includes/protobuf/google/protobuf/map_field.h: In constructor 'google::protobuf::internal::MapFieldBase::ReflectionPayload::ReflectionPayload(google::protobuf::Arena*, const google::protobuf::Message*)':
2026-10-07T01:38:49.3787091Z bazel-out/k8-opt/bin/external/protobuf+/src/google/protobuf/_virtual_includes/protobuf/google/protobuf/map_field.h:416:11: warning: 'google::protobuf::RepeatedPtrField<T>::RepeatedPtrField(google::protobuf::Arena*) [with Element = google::protobuf::Message]' is deprecated: Use Arena::Create<RepeatedPtrField<...>>(Arena*) instead [-Wdeprecated-declarations]
2026-10-07T01:38:49.3791462Z   416 |         : repeated_field_(arena), prototype_(prototype) {}
2026-10-07T01:38:49.3792293Z       |           ^~~~~~~~~~~~~~~~~~~~~~
2026-10-07T01:38:49.3793608Z In file included from bazel-out/k8-opt/bin/external/protobuf+/src/google/protobuf/_virtual_includes/protobuf_lite/google/protobuf/repeated_field.h:46,
2026-10-07T01:38:49.3796332Z                  from bazel-out/k8-opt/bin/external/protobuf+/src/google/protobuf/_virtual_includes/protobuf_lite/google/protobuf/parse_context.h:39,
2026-10-07T01:38:49.3799545Z                  from bazel-out/k8-opt/bin/external/protobuf+/src/google/protobuf/_virtual_includes/protobuf_lite/google/protobuf/generated_message_tctable_decl.h:25,
2026-10-07T01:38:49.3802772Z                  from bazel-out/k8-opt/bin/external/protobuf+/src/google/protobuf/_virtual_includes/struct_proto/google/protobuf/struct.pb.h:23:
2026-10-07T01:38:49.3804794Z bazel-out/k8-opt/bin/external/protobuf+/src/google/protobuf/_virtual_includes/protobuf_lite/google/protobuf/repeated_ptr_field.h:1380:8: note: declared here
2026-10-07T01:38:49.3806408Z  1380 | inline RepeatedPtrField<Element>::RepeatedPtrField(Arena* arena)
2026-10-07T01:38:49.3807321Z       |        ^~~~~~~~~~~~~~~~~~~~~~~~~
2026-10-07T01:38:50.3962380Z [873 / 939] Compiling src/google/protobuf/compiler/importer.cc; 3s processwrapper-sandbox ... (4 actions running)
2026-10-07T01:38:51.3952443Z [874 / 939] Compiling src/google/protobuf/json/internal/lexer.cc; 3s processwrapper-sandbox ... (4 actions running)
2026-10-07T01:38:52.3982419Z [878 / 939] Compiling src/google/protobuf/util/message_differencer.cc; 3s processwrapper-sandbox ... (4 actions running)
2026-10-07T01:38:54.2772652Z [879 / 939] Compiling src/google/protobuf/util/message_differencer.cc; 5s processwrapper-sandbox ... (4 actions, 3 running)
2026-10-07T01:38:55.3997877Z [882 / 939] Compiling src/google/protobuf/util/message_differencer.cc; 6s processwrapper-sandbox ... (4 actions running)
2026-10-07T01:38:58.6310604Z [883 / 939] Compiling src/google/protobuf/util/message_differencer.cc; 9s processwrapper-sandbox ... (4 actions, 3 running)
2026-10-07T01:38:58.8248399Z INFO: From Compiling src/google/protobuf/util/message_differencer.cc:
2026-10-07T01:38:58.8251355Z In file included from external/protobuf+/src/google/protobuf/util/message_differencer.cc:36:
2026-10-07T01:38:58.8254349Z bazel-out/k8-opt/bin/external/protobuf+/src/google/protobuf/_virtual_includes/protobuf/google/protobuf/map_field.h: In constructor 'google::protobuf::internal::MapFieldBase::ReflectionPayload::ReflectionPayload(google::protobuf::Arena*, const google::protobuf::Message*)':
2026-10-07T01:38:58.8258489Z bazel-out/k8-opt/bin/external/protobuf+/src/google/protobuf/_virtual_includes/protobuf/google/protobuf/map_field.h:416:11: warning: 'google::protobuf::RepeatedPtrField<T>::RepeatedPtrField(google::protobuf::Arena*) [with Element = google::protobuf::Message]' is deprecated: Use Arena::Create<RepeatedPtrField<...>>(Arena*) instead [-Wdeprecated-declarations]
2026-10-07T01:38:58.8261287Z   416 |         : repeated_field_(arena), prototype_(prototype) {}
2026-10-07T01:38:58.8262117Z       |           ^~~~~~~~~~~~~~~~~~~~~~
2026-10-07T01:38:58.8263461Z In file included from bazel-out/k8-opt/bin/external/protobuf+/src/google/protobuf/_virtual_includes/protobuf_lite/google/protobuf/repeated_field.h:46,
2026-10-07T01:38:58.8266129Z                  from bazel-out/k8-opt/bin/external/protobuf+/src/google/protobuf/_virtual_includes/protobuf_lite/google/protobuf/parse_context.h:39,
2026-10-07T01:38:58.8269070Z                  from bazel-out/k8-opt/bin/external/protobuf+/src/google/protobuf/_virtual_includes/protobuf_lite/google/protobuf/generated_message_tctable_decl.h:25,
2026-10-07T01:38:58.8272178Z                  from bazel-out/k8-opt/bin/external/protobuf+/src/google/protobuf/_virtual_includes/protobuf_lite/google/protobuf/extension_set.h:40,
2026-10-07T01:38:58.8275096Z                  from bazel-out/k8-opt/bin/external/protobuf+/src/google/protobuf/_virtual_includes/protobuf/google/protobuf/descriptor.h:56,
2026-10-07T01:38:58.8277836Z                  from bazel-out/k8-opt/bin/external/protobuf+/src/google/protobuf/util/_virtual_includes/differencer/google/protobuf/util/message_differencer.h:33,
2026-10-07T01:38:58.8279949Z                  from external/protobuf+/src/google/protobuf/util/message_differencer.cc:12:
2026-10-07T01:38:58.8281689Z bazel-out/k8-opt/bin/external/protobuf+/src/google/protobuf/_virtual_includes/protobuf_lite/google/protobuf/repeated_ptr_field.h:1380:8: note: declared here
2026-10-07T01:38:58.8283295Z  1380 | inline RepeatedPtrField<Element>::RepeatedPtrField(Arena* arena)
2026-10-07T01:38:58.8284454Z       |        ^~~~~~~~~~~~~~~~~~~~~~~~~
2026-10-07T01:39:00.4022297Z [888 / 939] Compiling src/google/protobuf/wire_format.cc; 5s processwrapper-sandbox ... (4 actions running)
2026-10-07T01:39:00.7952157Z INFO: From Compiling src/google/protobuf/wire_format.cc:
2026-10-07T01:39:00.8002963Z In file included from external/protobuf+/src/google/protobuf/wire_format.cc:31:
2026-10-07T01:39:00.8033191Z bazel-out/k8-opt/bin/external/protobuf+/src/google/protobuf/_virtual_includes/protobuf/google/protobuf/map_field.h: In constructor 'google::protobuf::internal::MapFieldBase::ReflectionPayload::ReflectionPayload(google::protobuf::Arena*, const google::protobuf::Message*)':
2026-10-07T01:39:00.8063594Z bazel-out/k8-opt/bin/external/protobuf+/src/google/protobuf/_virtual_includes/protobuf/google/protobuf/map_field.h:416:11: warning: 'google::protobuf::RepeatedPtrField<T>::RepeatedPtrField(google::protobuf::Arena*) [with Element = google::protobuf::Message]' is deprecated: Use Arena::Create<RepeatedPtrField<...>>(Arena*) instead [-Wdeprecated-declarations]
2026-10-07T01:39:00.8066435Z   416 |         : repeated_field_(arena), prototype_(prototype) {}
2026-10-07T01:39:00.8082527Z       |           ^~~~~~~~~~~~~~~~~~~~~~
2026-10-07T01:39:00.8083914Z In file included from bazel-out/k8-opt/bin/external/protobuf+/src/google/protobuf/_virtual_includes/protobuf_lite/google/protobuf/repeated_field.h:46,
2026-10-07T01:39:00.8086783Z                  from bazel-out/k8-opt/bin/external/protobuf+/src/google/protobuf/_virtual_includes/protobuf_lite/google/protobuf/parse_context.h:39,
2026-10-07T01:39:00.8089792Z                  from bazel-out/k8-opt/bin/external/protobuf+/src/google/protobuf/_virtual_includes/protobuf_lite/google/protobuf/generated_message_tctable_decl.h:25,
2026-10-07T01:39:00.8092992Z                  from bazel-out/k8-opt/bin/external/protobuf+/src/google/protobuf/_virtual_includes/protobuf_lite/google/protobuf/extension_set.h:40,
2026-10-07T01:39:00.8096279Z                  from bazel-out/k8-opt/bin/external/protobuf+/src/google/protobuf/_virtual_includes/protobuf/google/protobuf/descriptor.h:56,
2026-10-07T01:39:00.8098883Z                  from bazel-out/k8-opt/bin/external/protobuf+/src/google/protobuf/_virtual_includes/protobuf/google/protobuf/wire_format.h:26,
2026-10-07T01:39:00.8100718Z                  from external/protobuf+/src/google/protobuf/wire_format.cc:12:
2026-10-07T01:39:00.8102569Z bazel-out/k8-opt/bin/external/protobuf+/src/google/protobuf/_virtual_includes/protobuf_lite/google/protobuf/repeated_ptr_field.h:1380:8: note: declared here
2026-10-07T01:39:00.8104489Z  1380 | inline RepeatedPtrField<Element>::RepeatedPtrField(Arena* arena)
2026-10-07T01:39:00.8105390Z       |        ^~~~~~~~~~~~~~~~~~~~~~~~~
2026-10-07T01:39:01.4010433Z [891 / 939] Compiling src/google/protobuf/unknown_field_set.cc; 2s processwrapper-sandbox ... (4 actions running)
2026-10-07T01:39:02.4062362Z [894 / 939] Compiling src/google/protobuf/text_format.cc; 3s processwrapper-sandbox ... (4 actions running)
2026-10-07T01:39:03.7166954Z [895 / 939] Compiling src/google/protobuf/text_format.cc; 4s processwrapper-sandbox ... (4 actions, 3 running)
2026-10-07T01:39:04.8610493Z INFO: From Compiling src/google/protobuf/reflection_ops.cc:
2026-10-07T01:39:04.8632082Z In file included from external/protobuf+/src/google/protobuf/reflection_ops.cc:22:
2026-10-07T01:39:04.8662978Z bazel-out/k8-opt/bin/external/protobuf+/src/google/protobuf/_virtual_includes/protobuf/google/protobuf/map_field.h: In constructor 'google::protobuf::internal::MapFieldBase::ReflectionPayload::ReflectionPayload(google::protobuf::Arena*, const google::protobuf::Message*)':
2026-10-07T01:39:04.8683782Z bazel-out/k8-opt/bin/external/protobuf+/src/google/protobuf/_virtual_includes/protobuf/google/protobuf/map_field.h:416:11: warning: 'google::protobuf::RepeatedPtrField<T>::RepeatedPtrField(google::protobuf::Arena*) [with Element = google::protobuf::Message]' is deprecated: Use Arena::Create<RepeatedPtrField<...>>(Arena*) instead [-Wdeprecated-declarations]
2026-10-07T01:39:04.8710561Z   416 |         : repeated_field_(arena), prototype_(prototype) {}
2026-10-07T01:39:04.8721787Z       |           ^~~~~~~~~~~~~~~~~~~~~~
2026-10-07T01:39:04.8752300Z In file included from bazel-out/k8-opt/bin/external/protobuf+/src/google/protobuf/_virtual_includes/protobuf_lite/google/protobuf/repeated_field.h:46,
2026-10-07T01:39:04.8763249Z                  from bazel-out/k8-opt/bin/external/protobuf+/src/google/protobuf/_virtual_includes/protobuf_lite/google/protobuf/parse_context.h:39,
2026-10-07T01:39:04.8803196Z                  from bazel-out/k8-opt/bin/external/protobuf+/src/google/protobuf/_virtual_includes/protobuf_lite/google/protobuf/generated_message_tctable_decl.h:25,
2026-10-07T01:39:04.8813293Z                  from bazel-out/k8-opt/bin/external/protobuf+/src/google/protobuf/_virtual_includes/protobuf_lite/google/protobuf/extension_set.h:40,
2026-10-07T01:39:04.8843054Z                  from bazel-out/k8-opt/bin/external/protobuf+/src/google/protobuf/_virtual_includes/protobuf/google/protobuf/descriptor.h:56,
2026-10-07T01:39:04.8862874Z                  from bazel-out/k8-opt/bin/external/protobuf+/src/google/protobuf/_virtual_includes/protobuf/google/protobuf/message.h:112,
2026-10-07T01:39:04.8873317Z                  from bazel-out/k8-opt/bin/external/protobuf+/src/google/protobuf/_virtual_includes/protobuf/google/protobuf/reflection_ops.h:18,
2026-10-07T01:39:04.8902304Z                  from external/protobuf+/src/google/protobuf/reflection_ops.cc:11:
2026-10-07T01:39:04.8932379Z bazel-out/k8-opt/bin/external/protobuf+/src/google/protobuf/_virtual_includes/protobuf_lite/google/protobuf/repeated_ptr_field.h:1380:8: note: declared here
2026-10-07T01:39:04.8951710Z  1380 | inline RepeatedPtrField<Element>::RepeatedPtrField(Arena* arena)
2026-10-07T01:39:04.8961703Z       |        ^~~~~~~~~~~~~~~~~~~~~~~~~
2026-10-07T01:39:04.8992104Z [897 / 939] Compiling src/google/protobuf/text_format.cc; 5s processwrapper-sandbox ... (4 actions, 3 running)
2026-10-07T01:39:06.4112365Z [897 / 939] Compiling src/google/protobuf/text_format.cc; 7s processwrapper-sandbox ... (4 actions running)
2026-10-07T01:39:07.3472204Z INFO: From Compiling src/google/protobuf/message.cc:
2026-10-07T01:39:07.3502080Z In file included from external/protobuf+/src/google/protobuf/message.cc:40:
2026-10-07T01:39:07.3533195Z bazel-out/k8-opt/bin/external/protobuf+/src/google/protobuf/_virtual_includes/protobuf/google/protobuf/map_field.h: In constructor 'google::protobuf::internal::MapFieldBase::ReflectionPayload::ReflectionPayload(google::protobuf::Arena*, const google::protobuf::Message*)':
2026-10-07T01:39:07.3553937Z bazel-out/k8-opt/bin/external/protobuf+/src/google/protobuf/_virtual_includes/protobuf/google/protobuf/map_field.h:416:11: warning: 'google::protobuf::RepeatedPtrField<T>::RepeatedPtrField(google::protobuf::Arena*) [with Element = google::protobuf::Message]' is deprecated: Use Arena::Create<RepeatedPtrField<...>>(Arena*) instead [-Wdeprecated-declarations]
2026-10-07T01:39:07.3581944Z   416 |         : repeated_field_(arena), prototype_(prototype) {}
2026-10-07T01:39:07.3594798Z       |           ^~~~~~~~~~~~~~~~~~~~~~
2026-10-07T01:39:07.3596240Z In file included from bazel-out/k8-opt/bin/external/protobuf+/src/google/protobuf/_virtual_includes/protobuf_lite/google/protobuf/repeated_field.h:46,
2026-10-07T01:39:07.3599227Z                  from bazel-out/k8-opt/bin/external/protobuf+/src/google/protobuf/_virtual_includes/protobuf_lite/google/protobuf/parse_context.h:39,
2026-10-07T01:39:07.3601987Z                  from bazel-out/k8-opt/bin/external/protobuf+/src/google/protobuf/_virtual_includes/protobuf_lite/google/protobuf/generated_message_tctable_decl.h:25,
2026-10-07T01:39:07.3604722Z                  from bazel-out/k8-opt/bin/external/protobuf+/src/google/protobuf/_virtual_includes/protobuf_lite/google/protobuf/extension_set.h:40,
2026-10-07T01:39:07.3608842Z                  from bazel-out/k8-opt/bin/external/protobuf+/src/google/protobuf/_virtual_includes/protobuf/google/protobuf/descriptor.h:56,
2026-10-07T01:39:07.3611798Z                  from bazel-out/k8-opt/bin/external/protobuf+/src/google/protobuf/_virtual_includes/protobuf/google/protobuf/message.h:112,
2026-10-07T01:39:07.3613459Z                  from external/protobuf+/src/google/protobuf/message.cc:12:
2026-10-07T01:39:07.3614897Z bazel-out/k8-opt/bin/external/protobuf+/src/google/protobuf/_virtual_includes/protobuf_lite/google/protobuf/repeated_ptr_field.h:1380:8: note: declared here
2026-10-07T01:39:07.3616407Z  1380 | inline RepeatedPtrField<Element>::RepeatedPtrField(Arena* arena)
2026-10-07T01:39:07.3617292Z       |        ^~~~~~~~~~~~~~~~~~~~~~~~~
2026-10-07T01:39:08.0512076Z INFO: From Compiling src/google/protobuf/text_format.cc:
2026-10-07T01:39:08.0531931Z In file included from external/protobuf+/src/google/protobuf/text_format.cc:54:
2026-10-07T01:39:08.0573282Z bazel-out/k8-opt/bin/external/protobuf+/src/google/protobuf/_virtual_includes/protobuf/google/protobuf/map_field.h: In constructor 'google::protobuf::internal::MapFieldBase::ReflectionPayload::ReflectionPayload(google::protobuf::Arena*, const google::protobuf::Message*)':
2026-10-07T01:39:08.0613690Z bazel-out/k8-opt/bin/external/protobuf+/src/google/protobuf/_virtual_includes/protobuf/google/protobuf/map_field.h:416:11: warning: 'google::protobuf::RepeatedPtrField<T>::RepeatedPtrField(google::protobuf::Arena*) [with Element = google::protobuf::Message]' is deprecated: Use Arena::Create<RepeatedPtrField<...>>(Arena*) instead [-Wdeprecated-declarations]
2026-10-07T01:39:08.0631873Z   416 |         : repeated_field_(arena), prototype_(prototype) {}
2026-10-07T01:39:08.0661706Z       |           ^~~~~~~~~~~~~~~~~~~~~~
2026-10-07T01:39:08.0672371Z In file included from bazel-out/k8-opt/bin/external/protobuf+/src/google/protobuf/_virtual_includes/protobuf_lite/google/protobuf/repeated_field.h:46,
2026-10-07T01:39:08.0675308Z                  from bazel-out/k8-opt/bin/external/protobuf+/src/google/protobuf/_virtual_includes/protobuf_lite/google/protobuf/parse_context.h:39,
2026-10-07T01:39:08.0678348Z                  from bazel-out/k8-opt/bin/external/protobuf+/src/google/protobuf/_virtual_includes/protobuf_lite/google/protobuf/generated_message_tctable_decl.h:25,
2026-10-07T01:39:08.0681441Z                  from bazel-out/k8-opt/bin/external/protobuf+/src/google/protobuf/_virtual_includes/protobuf_lite/google/protobuf/extension_set.h:40,
2026-10-07T01:39:08.0684193Z                  from bazel-out/k8-opt/bin/external/protobuf+/src/google/protobuf/_virtual_includes/protobuf/google/protobuf/descriptor.h:56,
2026-10-07T01:39:08.0686799Z                  from bazel-out/k8-opt/bin/external/protobuf+/src/google/protobuf/_virtual_includes/protobuf/google/protobuf/text_format.h:27,
2026-10-07T01:39:08.0688688Z                  from external/protobuf+/src/google/protobuf/text_format.cc:12:
2026-10-07T01:39:08.0689974Z bazel-out/k8-opt/bin/external/protobuf+/src/google/protobuf/_virtual_includes/protobuf_lite/google/protobuf/repeated_ptr_field.h:1380:8: note: declared here
2026-10-07T01:39:08.0691499Z  1380 | inline RepeatedPtrField<Element>::RepeatedPtrField(Arena* arena)
2026-10-07T01:39:08.0692721Z       |        ^~~~~~~~~~~~~~~~~~~~~~~~~
2026-10-07T01:39:08.0693923Z external/protobuf+/src/google/protobuf/text_format.cc: In member function 'bool google::protobuf::TextFormat::Parser::ParserImpl::ConsumeField(google::protobuf::Message*)':
2026-10-07T01:39:08.0695746Z external/protobuf+/src/google/protobuf/text_format.cc:663:54: warning: 'bool google::protobuf::FieldOptions::weak() const' is deprecated [-Wdeprecated-declarations]
2026-10-07T01:39:08.0697002Z   663 |       if (consumed_semicolon && field->options().weak() &&
2026-10-07T01:39:08.0697722Z       |                                 ~~~~~~~~~~~~~~~~~~~~~^~
2026-10-07T01:39:08.0698439Z In file included from external/protobuf+/src/google/protobuf/text_format.cc:46:
2026-10-07T01:39:08.0699901Z bazel-out/k8-opt/bin/external/protobuf+/src/google/protobuf/_virtual_includes/protobuf/google/protobuf/descriptor.pb.h:18861:13: note: declared here
2026-10-07T01:39:08.0701132Z 18861 | inline bool FieldOptions::weak() const {
2026-10-07T01:39:08.0701743Z       |             ^~~~~~~~~~~~
2026-10-07T01:39:08.0702594Z [901 / 939] Compiling src/google/protobuf/map_field.cc; 3s processwrapper-sandbox ... (4 actions, 3 running)
2026-10-07T01:39:08.9212274Z INFO: From Compiling src/google/protobuf/map_field.cc:
2026-10-07T01:39:08.9245594Z In file included from external/protobuf+/src/google/protobuf/map_field.cc:8:
2026-10-07T01:39:08.9293464Z bazel-out/k8-opt/bin/external/protobuf+/src/google/protobuf/_virtual_includes/protobuf/google/protobuf/map_field.h: In constructor 'google::protobuf::internal::MapFieldBase::ReflectionPayload::ReflectionPayload(google::protobuf::Arena*, const google::protobuf::Message*)':
2026-10-07T01:39:08.9303621Z bazel-out/k8-opt/bin/external/protobuf+/src/google/protobuf/_virtual_includes/protobuf/google/protobuf/map_field.h:416:11: warning: 'google::protobuf::RepeatedPtrField<T>::RepeatedPtrField(google::protobuf::Arena*) [with Element = google::protobuf::Message]' is deprecated: Use Arena::Create<RepeatedPtrField<...>>(Arena*) instead [-Wdeprecated-declarations]
2026-10-07T01:39:08.9310233Z   416 |         : repeated_field_(arena), prototype_(prototype) {}
2026-10-07T01:39:08.9311233Z       |           ^~~~~~~~~~~~~~~~~~~~~~
2026-10-07T01:39:08.9312595Z In file included from bazel-out/k8-opt/bin/external/protobuf+/src/google/protobuf/_virtual_includes/protobuf_lite/google/protobuf/repeated_field.h:46,
2026-10-07T01:39:08.9315623Z                  from bazel-out/k8-opt/bin/external/protobuf+/src/google/protobuf/_virtual_includes/protobuf_lite/google/protobuf/parse_context.h:39,
2026-10-07T01:39:08.9318774Z                  from bazel-out/k8-opt/bin/external/protobuf+/src/google/protobuf/_virtual_includes/protobuf_lite/google/protobuf/generated_message_tctable_decl.h:25,
2026-10-07T01:39:08.9324408Z                  from bazel-out/k8-opt/bin/external/protobuf+/src/google/protobuf/_virtual_includes/protobuf_lite/google/protobuf/extension_set.h:40,
2026-10-07T01:39:08.9327023Z                  from bazel-out/k8-opt/bin/external/protobuf+/src/google/protobuf/_virtual_includes/protobuf/google/protobuf/descriptor.h:56,
2026-10-07T01:39:08.9329594Z                  from bazel-out/k8-opt/bin/external/protobuf+/src/google/protobuf/_virtual_includes/protobuf/google/protobuf/map_field.h:23:
2026-10-07T01:39:08.9331529Z bazel-out/k8-opt/bin/external/protobuf+/src/google/protobuf/_virtual_includes/protobuf_lite/google/protobuf/repeated_ptr_field.h:1380:8: note: declared here
2026-10-07T01:39:08.9333049Z  1380 | inline RepeatedPtrField<Element>::RepeatedPtrField(Arena* arena)
2026-10-07T01:39:08.9333889Z       |        ^~~~~~~~~~~~~~~~~~~~~~~~~
2026-10-07T01:39:09.4067805Z [902 / 939] Compiling external/protobuf+/src/google/protobuf/_virtual_imports/api_proto/google/protobuf/api.pb.cc; 2s processwrapper-sandbox ... (4 actions running)
2026-10-07T01:39:10.4072337Z [904 / 939] Compiling src/google/protobuf/internal_feature_helper.cc; 3s processwrapper-sandbox ... (4 actions running)
2026-10-07T01:39:12.0132346Z INFO: From Compiling src/google/protobuf/generated_message_tctable_gen.cc:
2026-10-07T01:39:12.0192880Z external/protobuf+/src/google/protobuf/generated_message_tctable_gen.cc: In function 'bool google::protobuf::internal::{anonymous}::HasWeakFields(const google::protobuf::Descriptor*)':
2026-10-07T01:39:12.0212614Z external/protobuf+/src/google/protobuf/generated_message_tctable_gen.cc:699:45: warning: 'bool google::protobuf::FieldOptions::weak() const' is deprecated [-Wdeprecated-declarations]
2026-10-07T01:39:12.0221851Z   699 |     if (descriptor->field(i)->options().weak()) {
2026-10-07T01:39:12.0251629Z       |         ~~~~~~~~~~~~~~~~~~~~~~~~~~~~~~~~~~~~^~
2026-10-07T01:39:12.0262554Z In file included from bazel-out/k8-opt/bin/external/protobuf+/src/google/protobuf/_virtual_includes/protobuf/google/protobuf/generated_message_tctable_gen.h:21,
2026-10-07T01:39:12.0283354Z                  from external/protobuf+/src/google/protobuf/generated_message_tctable_gen.cc:8:
2026-10-07T01:39:12.0292300Z bazel-out/k8-opt/bin/external/protobuf+/src/google/protobuf/_virtual_includes/protobuf/google/protobuf/descriptor.pb.h:18861:13: note: declared here
2026-10-07T01:39:12.0311694Z 18861 | inline bool FieldOptions::weak() const {
2026-10-07T01:39:12.0341618Z       |             ^~~~~~~~~~~~
2026-10-07T01:39:12.0352859Z external/protobuf+/src/google/protobuf/generated_message_tctable_gen.cc: In function 'bool google::protobuf::internal::IsFieldTypeEligibleForFastParsing(const google::protobuf::FieldDescriptor*)':
2026-10-07T01:39:12.0382447Z external/protobuf+/src/google/protobuf/generated_message_tctable_gen.cc:738:28: warning: 'bool google::protobuf::FieldOptions::weak() const' is deprecated [-Wdeprecated-declarations]
2026-10-07T01:39:12.0401695Z   738 |       field->options().weak()) {
2026-10-07T01:39:12.0431665Z       |       ~~~~~~~~~~~~~~~~~~~~~^~
2026-10-07T01:39:12.0442168Z bazel-out/k8-opt/bin/external/protobuf+/src/google/protobuf/_virtual_includes/protobuf/google/protobuf/descriptor.pb.h:18861:13: note: declared here
2026-10-07T01:39:12.0461661Z 18861 | inline bool FieldOptions::weak() const {
2026-10-07T01:39:12.0481686Z       |             ^~~~~~~~~~~~
2026-10-07T01:39:12.0512080Z external/protobuf+/src/google/protobuf/generated_message_tctable_gen.cc: In lambda function:
2026-10-07T01:39:12.0542455Z external/protobuf+/src/google/protobuf/generated_message_tctable_gen.cc:773:54: warning: 'bool google::protobuf::FieldOptions::weak() const' is deprecated [-Wdeprecated-declarations]
2026-10-07T01:39:12.0551795Z   773 |            !field->is_map() && !field->options().weak() &&
2026-10-07T01:39:12.0571761Z       |                                 ~~~~~~~~~~~~~~~~~~~~~^~
2026-10-07T01:39:12.0602322Z bazel-out/k8-opt/bin/external/protobuf+/src/google/protobuf/_virtual_includes/protobuf/google/protobuf/descriptor.pb.h:18861:13: note: declared here
2026-10-07T01:39:12.0621764Z 18861 | inline bool FieldOptions::weak() const {
2026-10-07T01:39:12.0641551Z       |             ^~~~~~~~~~~~
2026-10-07T01:39:12.0663558Z external/protobuf+/src/google/protobuf/generated_message_tctable_gen.cc: In static member function 'static std::vector<google::protobuf::internal::TailCallTableInfo::FieldEntryInfo> google::protobuf::internal::TailCallTableInfo::BuildFieldEntries(const google::protobuf::Descriptor*, const MessageOptions&, absl::lts_20250814::Span<const FieldOptions>, std::vector<AuxEntry>&)':
2026-10-07T01:39:12.0692800Z external/protobuf+/src/google/protobuf/generated_message_tctable_gen.cc:813:39: warning: 'bool google::protobuf::FieldOptions::weak() const' is deprecated [-Wdeprecated-declarations]
2026-10-07T01:39:12.0701690Z   813 |       } else if (field->options().weak()) {
2026-10-07T01:39:12.0731702Z       |                  ~~~~~~~~~~~~~~~~~~~~~^~
2026-10-07T01:39:12.0762270Z bazel-out/k8-opt/bin/external/protobuf+/src/google/protobuf/_virtual_includes/protobuf/google/protobuf/descriptor.pb.h:18861:13: note: declared here
2026-10-07T01:39:12.0771579Z 18861 | inline bool FieldOptions::weak() const {
2026-10-07T01:39:12.0801502Z       |             ^~~~~~~~~~~~
2026-10-07T01:39:12.0822734Z [907 / 939] Compiling external/protobuf+/src/google/protobuf/_virtual_imports/type_proto/google/protobuf/type.pb.cc; 2s processwrapper-sandbox ... (4 actions, 3 running)
2026-10-07T01:39:13.0352612Z [908 / 939] Compiling src/google/protobuf/generated_message_reflection.cc; 2s processwrapper-sandbox ... (4 actions, 3 running)
2026-10-07T01:39:14.4132604Z [910 / 939] Compiling src/google/protobuf/generated_message_reflection.cc; 3s processwrapper-sandbox ... (4 actions running)
2026-10-07T01:39:16.7282489Z [911 / 939] Compiling src/google/protobuf/generated_message_reflection.cc; 6s processwrapper-sandbox ... (4 actions, 3 running)
2026-10-07T01:39:17.8502664Z [914 / 939] Compiling src/google/protobuf/generated_message_reflection.cc; 7s processwrapper-sandbox ... (4 actions, 3 running)
2026-10-07T01:39:19.4112869Z [914 / 939] Compiling src/google/protobuf/generated_message_reflection.cc; 8s processwrapper-sandbox ... (4 actions running)
2026-10-07T01:39:20.4446621Z INFO: From Compiling src/google/protobuf/dynamic_message.cc:
2026-10-07T01:39:20.4473277Z In file included from external/protobuf+/src/google/protobuf/dynamic_message.cc:66:
2026-10-07T01:39:20.4503319Z bazel-out/k8-opt/bin/external/protobuf+/src/google/protobuf/_virtual_includes/protobuf/google/protobuf/map_field.h: In constructor 'google::protobuf::internal::MapFieldBase::ReflectionPayload::ReflectionPayload(google::protobuf::Arena*, const google::protobuf::Message*)':
2026-10-07T01:39:20.4533532Z bazel-out/k8-opt/bin/external/protobuf+/src/google/protobuf/_virtual_includes/protobuf/google/protobuf/map_field.h:416:11: warning: 'google::protobuf::RepeatedPtrField<T>::RepeatedPtrField(google::protobuf::Arena*) [with Element = google::protobuf::Message]' is deprecated: Use Arena::Create<RepeatedPtrField<...>>(Arena*) instead [-Wdeprecated-declarations]
2026-10-07T01:39:20.4561926Z   416 |         : repeated_field_(arena), prototype_(prototype) {}
2026-10-07T01:39:20.4621593Z       |           ^~~~~~~~~~~~~~~~~~~~~~
2026-10-07T01:39:20.4652157Z In file included from bazel-out/k8-opt/bin/external/protobuf+/src/google/protobuf/_virtual_includes/protobuf_lite/google/protobuf/repeated_field.h:46,
2026-10-07T01:39:20.4683193Z                  from bazel-out/k8-opt/bin/external/protobuf+/src/google/protobuf/_virtual_includes/protobuf_lite/google/protobuf/parse_context.h:39,
2026-10-07T01:39:20.4713146Z                  from bazel-out/k8-opt/bin/external/protobuf+/src/google/protobuf/_virtual_includes/protobuf_lite/google/protobuf/generated_message_tctable_decl.h:25,
2026-10-07T01:39:20.4803448Z                  from bazel-out/k8-opt/bin/external/protobuf+/src/google/protobuf/_virtual_includes/protobuf_lite/google/protobuf/extension_set.h:40,
2026-10-07T01:39:20.4805920Z                  from bazel-out/k8-opt/bin/external/protobuf+/src/google/protobuf/_virtual_includes/protobuf/google/protobuf/descriptor.h:56,
2026-10-07T01:39:20.4808374Z                  from bazel-out/k8-opt/bin/external/protobuf+/src/google/protobuf/_virtual_includes/protobuf/google/protobuf/dynamic_message.h:27,
2026-10-07T01:39:20.4810168Z                  from external/protobuf+/src/google/protobuf/dynamic_message.cc:42:
2026-10-07T01:39:20.4811732Z bazel-out/k8-opt/bin/external/protobuf+/src/google/protobuf/_virtual_includes/protobuf_lite/google/protobuf/repeated_ptr_field.h:1380:8: note: declared here
2026-10-07T01:39:20.4813123Z  1380 | inline RepeatedPtrField<Element>::RepeatedPtrField(Arena* arena)
2026-10-07T01:39:20.4813809Z       |        ^~~~~~~~~~~~~~~~~~~~~~~~~
2026-10-07T01:39:20.4814840Z external/protobuf+/src/google/protobuf/dynamic_message.cc: In member function 'void google::protobuf::DynamicMessage::SharedCtor(bool)':
2026-10-07T01:39:20.4817500Z external/protobuf+/src/google/protobuf/dynamic_message.cc:574:66: warning: 'google::protobuf::RepeatedPtrField<T>::RepeatedPtrField(google::protobuf::Arena*) [with Element = std::__cxx11::basic_string<char>]' is deprecated: Use Arena::Create<RepeatedPtrField<...>>(Arena*) instead [-Wdeprecated-declarations]
2026-10-07T01:39:20.4819978Z   574 |               new (field_ptr) RepeatedPtrField<std::string>(arena);
2026-10-07T01:39:20.4820764Z       |                                                                  ^
2026-10-07T01:39:20.4822139Z bazel-out/k8-opt/bin/external/protobuf+/src/google/protobuf/_virtual_includes/protobuf_lite/google/protobuf/repeated_ptr_field.h:1380:8: note: declared here
2026-10-07T01:39:20.4823516Z  1380 | inline RepeatedPtrField<Element>::RepeatedPtrField(Arena* arena)
2026-10-07T01:39:20.4824342Z       |        ^~~~~~~~~~~~~~~~~~~~~~~~~
2026-10-07T01:39:20.4826620Z external/protobuf+/src/google/protobuf/dynamic_message.cc:602:60: warning: 'google::protobuf::RepeatedPtrField<T>::RepeatedPtrField(google::protobuf::Arena*) [with Element = google::protobuf::Message]' is deprecated: Use Arena::Create<RepeatedPtrField<...>>(Arena*) instead [-Wdeprecated-declarations]
2026-10-07T01:39:20.4828879Z   602 |             new (field_ptr) RepeatedPtrField<Message>(arena);
2026-10-07T01:39:20.4829796Z       |                                                            ^
2026-10-07T01:39:20.4861550Z bazel-out/k8-opt/bin/external/protobuf+/src/google/protobuf/_virtual_includes/protobuf_lite/google/protobuf/repeated_ptr_field.h:1380:8: note: declared here
2026-10-07T01:39:20.4863018Z  1380 | inline RepeatedPtrField<Element>::RepeatedPtrField(Arena* arena)
2026-10-07T01:39:20.4863723Z       |        ^~~~~~~~~~~~~~~~~~~~~~~~~
2026-10-07T01:39:20.4864807Z external/protobuf+/src/google/protobuf/dynamic_message.cc: In member function 'void google::protobuf::DynamicMessage::CrossLinkPrototypes()':
2026-10-07T01:39:20.4866614Z external/protobuf+/src/google/protobuf/dynamic_message.cc:774:31: warning: 'bool google::protobuf::FieldOptions::weak() const' is deprecated [-Wdeprecated-declarations]
2026-10-07T01:39:20.4867960Z   774 |         !field->options().weak() && !InRealOneof(field) &&
2026-10-07T01:39:20.4868619Z       |          ~~~~~~~~~~~~~~~~~~~~~^~
2026-10-07T01:39:20.4869317Z In file included from external/protobuf+/src/google/protobuf/dynamic_message.cc:60:
2026-10-07T01:39:20.4870708Z bazel-out/k8-opt/bin/external/protobuf+/src/google/protobuf/_virtual_includes/protobuf/google/protobuf/descriptor.pb.h:18861:13: note: declared here
2026-10-07T01:39:20.4872058Z 18861 | inline bool FieldOptions::weak() const {
2026-10-07T01:39:20.4872628Z       |             ^~~~~~~~~~~~
2026-10-07T01:39:20.4873558Z [915 / 939] Compiling src/google/protobuf/generated_message_reflection.cc; 9s processwrapper-sandbox ... (4 actions, 3 running)
2026-10-07T01:39:22.4162395Z [915 / 939] Compiling src/google/protobuf/generated_message_reflection.cc; 11s processwrapper-sandbox ... (4 actions running)
2026-10-07T01:39:22.5732513Z INFO: From Compiling src/google/protobuf/generated_message_reflection.cc:
2026-10-07T01:39:22.5753867Z In file included from external/protobuf+/src/google/protobuf/generated_message_reflection.cc:51:
2026-10-07T01:39:22.5773164Z bazel-out/k8-opt/bin/external/protobuf+/src/google/protobuf/_virtual_includes/protobuf/google/protobuf/map_field.h: In constructor 'google::protobuf::internal::MapFieldBase::ReflectionPayload::ReflectionPayload(google::protobuf::Arena*, const google::protobuf::Message*)':
2026-10-07T01:39:22.5803462Z bazel-out/k8-opt/bin/external/protobuf+/src/google/protobuf/_virtual_includes/protobuf/google/protobuf/map_field.h:416:11: warning: 'google::protobuf::RepeatedPtrField<T>::RepeatedPtrField(google::protobuf::Arena*) [with Element = google::protobuf::Message]' is deprecated: Use Arena::Create<RepeatedPtrField<...>>(Arena*) instead [-Wdeprecated-declarations]
2026-10-07T01:39:22.5831745Z   416 |         : repeated_field_(arena), prototype_(prototype) {}
2026-10-07T01:39:22.5850390Z       |           ^~~~~~~~~~~~~~~~~~~~~~
2026-10-07T01:39:22.5855745Z In file included from bazel-out/k8-opt/bin/external/protobuf+/src/google/protobuf/_virtual_includes/protobuf_lite/google/protobuf/repeated_field.h:46,
2026-10-07T01:39:22.5859018Z                  from bazel-out/k8-opt/bin/external/protobuf+/src/google/protobuf/_virtual_includes/protobuf_lite/google/protobuf/parse_context.h:39,
2026-10-07T01:39:22.5862411Z                  from bazel-out/k8-opt/bin/external/protobuf+/src/google/protobuf/_virtual_includes/protobuf_lite/google/protobuf/generated_message_tctable_decl.h:25,
2026-10-07T01:39:22.5865322Z                  from bazel-out/k8-opt/bin/external/protobuf+/src/google/protobuf/_virtual_includes/protobuf_lite/google/protobuf/extension_set.h:40,
2026-10-07T01:39:22.5869146Z                  from bazel-out/k8-opt/bin/external/protobuf+/src/google/protobuf/_virtual_includes/protobuf/google/protobuf/descriptor.h:56,
2026-10-07T01:39:22.5871992Z                  from bazel-out/k8-opt/bin/external/protobuf+/src/google/protobuf/_virtual_includes/protobuf/google/protobuf/generated_message_reflection.h:26,
2026-10-07T01:39:22.5874523Z                  from external/protobuf+/src/google/protobuf/generated_message_reflection.cc:12:
2026-10-07T01:39:22.5876203Z bazel-out/k8-opt/bin/external/protobuf+/src/google/protobuf/_virtual_includes/protobuf_lite/google/protobuf/repeated_ptr_field.h:1380:8: note: declared here
2026-10-07T01:39:22.5877808Z  1380 | inline RepeatedPtrField<Element>::RepeatedPtrField(Arena* arena)
2026-10-07T01:39:22.5878734Z       |        ^~~~~~~~~~~~~~~~~~~~~~~~~
2026-10-07T01:39:22.5880545Z external/protobuf+/src/google/protobuf/generated_message_reflection.cc: In member function 'const google::protobuf::Message* google::protobuf::Reflection::GetDefaultMessageInstance(const google::protobuf::FieldDescriptor*) const':
2026-10-07T01:39:22.5883419Z external/protobuf+/src/google/protobuf/generated_message_reflection.cc:2526:55: warning: 'bool google::protobuf::FieldOptions::weak() const' is deprecated [-Wdeprecated-declarations]
2026-10-07T01:39:22.5885059Z  2526 |   if (!field->is_extension() && !field->options().weak() &&
2026-10-07T01:39:22.5885992Z       |                                  ~~~~~~~~~~~~~~~~~~~~~^~
2026-10-07T01:39:22.5886992Z In file included from external/protobuf+/src/google/protobuf/generated_message_reflection.cc:41:
2026-10-07T01:39:22.5888655Z bazel-out/k8-opt/bin/external/protobuf+/src/google/protobuf/_virtual_includes/protobuf/google/protobuf/descriptor.pb.h:18861:13: note: declared here
2026-10-07T01:39:22.5889986Z 18861 | inline bool FieldOptions::weak() const {
2026-10-07T01:39:22.5890694Z       |             ^~~~~~~~~~~~
2026-10-07T01:39:22.5891679Z In file included from external/abseil-cpp+/absl/log/internal/check_impl.h:20,
2026-10-07T01:39:22.5893021Z                  from external/abseil-cpp+/absl/log/absl_check.h:38,
2026-10-07T01:39:22.5895362Z                  from bazel-out/k8-opt/bin/external/protobuf+/src/google/protobuf/_virtual_includes/protobuf/google/protobuf/generated_message_reflection.h:25:
2026-10-07T01:39:22.5897922Z external/protobuf+/src/google/protobuf/generated_message_reflection.cc: In member function 'bool google::protobuf::Reflection::HasFieldWithHasbits(const google::protobuf::Message&, const google::protobuf::FieldDescriptor*) const':
2026-10-07T01:39:22.5900508Z external/protobuf+/src/google/protobuf/generated_message_reflection.cc:3290:37: warning: 'bool google::protobuf::FieldOptions::weak() const' is deprecated [-Wdeprecated-declarations]
2026-10-07T01:39:22.5902167Z  3290 |   ABSL_DCHECK(!field->options().weak());
2026-10-07T01:39:22.5902915Z       |                ~~~~~~~~~~~~~~~~~~~~~^~
2026-10-07T01:39:22.5904001Z external/abseil-cpp+/absl/log/internal/conditions.h:68:7: note: in definition of macro 'ABSL_LOG_INTERNAL_STATELESS_CONDITION'
2026-10-07T01:39:22.5905253Z    68 |     !(condition) ? (void)0 : ::absl::log_internal::Voidify() &&
2026-10-07T01:39:22.5905988Z       |       ^~~~~~~~~
2026-10-07T01:39:22.5907079Z external/abseil-cpp+/absl/log/internal/check_impl.h:26:3: note: in expansion of macro 'ABSL_LOG_INTERNAL_CONDITION_FATAL'
2026-10-07T01:39:22.5908417Z    26 |   ABSL_LOG_INTERNAL_CONDITION_FATAL(STATELESS,                        \
2026-10-07T01:39:22.5909336Z       |   ^~~~~~~~~~~~~~~~~~~~~~~~~~~~~~~~~
2026-10-07T01:39:22.5910594Z external/abseil-cpp+/absl/log/internal/check_impl.h:27:37: note: in expansion of macro 'ABSL_PREDICT_FALSE'
2026-10-07T01:39:22.5911943Z    27 |                                     ABSL_PREDICT_FALSE(!(condition))) \
2026-10-07T01:39:22.5912802Z       |                                     ^~~~~~~~~~~~~~~~~~
2026-10-07T01:39:22.5913847Z external/abseil-cpp+/absl/log/internal/check_impl.h:43:3: note: in expansion of macro 'ABSL_LOG_INTERNAL_CHECK_IMPL'
2026-10-07T01:39:22.5915027Z    43 |   ABSL_LOG_INTERNAL_CHECK_IMPL(true || (condition), "true")
2026-10-07T01:39:22.5915828Z       |   ^~~~~~~~~~~~~~~~~~~~~~~~~~~~
2026-10-07T01:39:22.5916809Z external/abseil-cpp+/absl/log/absl_check.h:47:3: note: in expansion of macro 'ABSL_LOG_INTERNAL_DCHECK_IMPL'
2026-10-07T01:39:22.5917966Z    47 |   ABSL_LOG_INTERNAL_DCHECK_IMPL((condition), #condition)
2026-10-07T01:39:22.5918958Z       |   ^~~~~~~~~~~~~~~~~~~~~~~~~~~~~
2026-10-07T01:39:22.5920047Z external/protobuf+/src/google/protobuf/generated_message_reflection.cc:3290:3: note: in expansion of macro 'ABSL_DCHECK'
2026-10-07T01:39:22.5921406Z  3290 |   ABSL_DCHECK(!field->options().weak());
2026-10-07T01:39:22.5922047Z       |   ^~~~~~~~~~~
2026-10-07T01:39:22.5923187Z bazel-out/k8-opt/bin/external/protobuf+/src/google/protobuf/_virtual_includes/protobuf/google/protobuf/descriptor.pb.h:18861:13: note: declared here
2026-10-07T01:39:22.5924510Z 18861 | inline bool FieldOptions::weak() const {
2026-10-07T01:39:22.5925225Z       |             ^~~~~~~~~~~~
2026-10-07T01:39:22.5926860Z external/protobuf+/src/google/protobuf/generated_message_reflection.cc: In member function 'void google::protobuf::Reflection::SetHasBit(google::protobuf::Message*, const google::protobuf::FieldDescriptor*) const':
2026-10-07T01:39:22.5929317Z external/protobuf+/src/google/protobuf/generated_message_reflection.cc:3323:37: warning: 'bool google::protobuf::FieldOptions::weak() const' is deprecated [-Wdeprecated-declarations]
2026-10-07T01:39:22.5930829Z  3323 |   ABSL_DCHECK(!field->options().weak());
2026-10-07T01:39:22.5931732Z       |                ~~~~~~~~~~~~~~~~~~~~~^~
2026-10-07T01:39:22.5932820Z external/abseil-cpp+/absl/log/internal/conditions.h:68:7: note: in definition of macro 'ABSL_LOG_INTERNAL_STATELESS_CONDITION'
2026-10-07T01:39:22.5934114Z    68 |     !(condition) ? (void)0 : ::absl::log_internal::Voidify() &&
2026-10-07T01:39:22.5934875Z       |       ^~~~~~~~~
2026-10-07T01:39:22.5935858Z external/abseil-cpp+/absl/log/internal/check_impl.h:26:3: note: in expansion of macro 'ABSL_LOG_INTERNAL_CONDITION_FATAL'
2026-10-07T01:39:22.5937189Z    26 |   ABSL_LOG_INTERNAL_CONDITION_FATAL(STATELESS,                        \
2026-10-07T01:39:22.5938986Z       |   ^~~~~~~~~~~~~~~~~~~~~~~~~~~~~~~~~
2026-10-07T01:39:22.5939986Z external/abseil-cpp+/absl/log/internal/check_impl.h:27:37: note: in expansion of macro 'ABSL_PREDICT_FALSE'
2026-10-07T01:39:22.5941342Z    27 |                                     ABSL_PREDICT_FALSE(!(condition))) \
2026-10-07T01:39:22.5942253Z       |                                     ^~~~~~~~~~~~~~~~~~
2026-10-07T01:39:22.5943449Z external/abseil-cpp+/absl/log/internal/check_impl.h:43:3: note: in expansion of macro 'ABSL_LOG_INTERNAL_CHECK_IMPL'
2026-10-07T01:39:22.5944670Z    43 |   ABSL_LOG_INTERNAL_CHECK_IMPL(true || (condition), "true")
2026-10-07T01:39:22.5945461Z       |   ^~~~~~~~~~~~~~~~~~~~~~~~~~~~
2026-10-07T01:39:22.5946422Z external/abseil-cpp+/absl/log/absl_check.h:47:3: note: in expansion of macro 'ABSL_LOG_INTERNAL_DCHECK_IMPL'
2026-10-07T01:39:22.5947583Z    47 |   ABSL_LOG_INTERNAL_DCHECK_IMPL((condition), #condition)
2026-10-07T01:39:22.5948586Z       |   ^~~~~~~~~~~~~~~~~~~~~~~~~~~~~
2026-10-07T01:39:22.5949698Z external/protobuf+/src/google/protobuf/generated_message_reflection.cc:3323:3: note: in expansion of macro 'ABSL_DCHECK'
2026-10-07T01:39:22.5950873Z  3323 |   ABSL_DCHECK(!field->options().weak());
2026-10-07T01:39:22.5951713Z       |   ^~~~~~~~~~~
2026-10-07T01:39:22.5952950Z bazel-out/k8-opt/bin/external/protobuf+/src/google/protobuf/_virtual_includes/protobuf/google/protobuf/descriptor.pb.h:18861:13: note: declared here
2026-10-07T01:39:22.5954561Z 18861 | inline bool FieldOptions::weak() const {
2026-10-07T01:39:22.5955317Z       |             ^~~~~~~~~~~~
2026-10-07T01:39:22.5956989Z external/protobuf+/src/google/protobuf/generated_message_reflection.cc: In member function 'void google::protobuf::Reflection::ClearHasBit(google::protobuf::Message*, const google::protobuf::FieldDescriptor*) const':
2026-10-07T01:39:22.5959658Z external/protobuf+/src/google/protobuf/generated_message_reflection.cc:3332:37: warning: 'bool google::protobuf::FieldOptions::weak() const' is deprecated [-Wdeprecated-declarations]
2026-10-07T01:39:22.5961443Z  3332 |   ABSL_DCHECK(!field->options().weak());
2026-10-07T01:39:22.5962220Z       |                ~~~~~~~~~~~~~~~~~~~~~^~
2026-10-07T01:39:22.5963561Z external/abseil-cpp+/absl/log/internal/conditions.h:68:7: note: in definition of macro 'ABSL_LOG_INTERNAL_STATELESS_CONDITION'
2026-10-07T01:39:22.5964987Z    68 |     !(condition) ? (void)0 : ::absl::log_internal::Voidify() &&
2026-10-07T01:39:22.5965745Z       |       ^~~~~~~~~
2026-10-07T01:39:22.5966785Z external/abseil-cpp+/absl/log/internal/check_impl.h:26:3: note: in expansion of macro 'ABSL_LOG_INTERNAL_CONDITION_FATAL'
2026-10-07T01:39:22.5968072Z    26 |   ABSL_LOG_INTERNAL_CONDITION_FATAL(STATELESS,                        \
2026-10-07T01:39:22.5968904Z       |   ^~~~~~~~~~~~~~~~~~~~~~~~~~~~~~~~~
2026-10-07T01:39:22.5969894Z external/abseil-cpp+/absl/log/internal/check_impl.h:27:37: note: in expansion of macro 'ABSL_PREDICT_FALSE'
2026-10-07T01:39:22.5971145Z    27 |                                     ABSL_PREDICT_FALSE(!(condition))) \
2026-10-07T01:39:22.5971988Z       |                                     ^~~~~~~~~~~~~~~~~~
2026-10-07T01:39:22.5973064Z external/abseil-cpp+/absl/log/internal/check_impl.h:43:3: note: in expansion of macro 'ABSL_LOG_INTERNAL_CHECK_IMPL'
2026-10-07T01:39:22.5974221Z    43 |   ABSL_LOG_INTERNAL_CHECK_IMPL(true || (condition), "true")
2026-10-07T01:39:22.5975027Z       |   ^~~~~~~~~~~~~~~~~~~~~~~~~~~~
2026-10-07T01:39:22.5975974Z external/abseil-cpp+/absl/log/absl_check.h:47:3: note: in expansion of macro 'ABSL_LOG_INTERNAL_DCHECK_IMPL'
2026-10-07T01:39:22.5977072Z    47 |   ABSL_LOG_INTERNAL_DCHECK_IMPL((condition), #condition)
2026-10-07T01:39:22.5977844Z       |   ^~~~~~~~~~~~~~~~~~~~~~~~~~~~~
2026-10-07T01:39:22.5978945Z external/protobuf+/src/google/protobuf/generated_message_reflection.cc:3332:3: note: in expansion of macro 'ABSL_DCHECK'
2026-10-07T01:39:22.5980096Z  3332 |   ABSL_DCHECK(!field->options().weak());
2026-10-07T01:39:22.5980761Z       |   ^~~~~~~~~~~
2026-10-07T01:39:22.5982084Z bazel-out/k8-opt/bin/external/protobuf+/src/google/protobuf/_virtual_includes/protobuf/google/protobuf/descriptor.pb.h:18861:13: note: declared here
2026-10-07T01:39:22.5983480Z 18861 | inline bool FieldOptions::weak() const {
2026-10-07T01:39:22.5984153Z       |             ^~~~~~~~~~~~
2026-10-07T01:39:22.5985870Z external/protobuf+/src/google/protobuf/generated_message_reflection.cc: In member function 'void google::protobuf::Reflection::NaiveSwapHasBit(google::protobuf::Message*, google::protobuf::Message*, const google::protobuf::FieldDescriptor*) const':
2026-10-07T01:39:22.5988480Z external/protobuf+/src/google/protobuf/generated_message_reflection.cc:3341:37: warning: 'bool google::protobuf::FieldOptions::weak() const' is deprecated [-Wdeprecated-declarations]
2026-10-07T01:39:22.5990006Z  3341 |   ABSL_DCHECK(!field->options().weak());
2026-10-07T01:39:22.5990710Z       |                ~~~~~~~~~~~~~~~~~~~~~^~
2026-10-07T01:39:22.5991894Z external/abseil-cpp+/absl/log/internal/conditions.h:68:7: note: in definition of macro 'ABSL_LOG_INTERNAL_STATELESS_CONDITION'
2026-10-07T01:39:22.5993204Z    68 |     !(condition) ? (void)0 : ::absl::log_internal::Voidify() &&
2026-10-07T01:39:22.5993986Z       |       ^~~~~~~~~
2026-10-07T01:39:22.5995011Z external/abseil-cpp+/absl/log/internal/check_impl.h:26:3: note: in expansion of macro 'ABSL_LOG_INTERNAL_CONDITION_FATAL'
2026-10-07T01:39:22.5996601Z    26 |   ABSL_LOG_INTERNAL_CONDITION_FATAL(STATELESS,                        \
2026-10-07T01:39:22.5997451Z       |   ^~~~~~~~~~~~~~~~~~~~~~~~~~~~~~~~~
2026-10-07T01:39:22.5998455Z external/abseil-cpp+/absl/log/internal/check_impl.h:27:37: note: in expansion of macro 'ABSL_PREDICT_FALSE'
2026-10-07T01:39:22.5999713Z    27 |                                     ABSL_PREDICT_FALSE(!(condition))) \
2026-10-07T01:39:22.6000623Z       |                                     ^~~~~~~~~~~~~~~~~~
2026-10-07T01:39:22.6001903Z external/abseil-cpp+/absl/log/internal/check_impl.h:43:3: note: in expansion of macro 'ABSL_LOG_INTERNAL_CHECK_IMPL'
2026-10-07T01:39:22.6003195Z    43 |   ABSL_LOG_INTERNAL_CHECK_IMPL(true || (condition), "true")
2026-10-07T01:39:22.6004011Z       |   ^~~~~~~~~~~~~~~~~~~~~~~~~~~~
2026-10-07T01:39:22.6005210Z external/abseil-cpp+/absl/log/absl_check.h:47:3: note: in expansion of macro 'ABSL_LOG_INTERNAL_DCHECK_IMPL'
2026-10-07T01:39:22.6006407Z    47 |   ABSL_LOG_INTERNAL_DCHECK_IMPL((condition), #condition)
2026-10-07T01:39:22.6007202Z       |   ^~~~~~~~~~~~~~~~~~~~~~~~~~~~~
2026-10-07T01:39:22.6008314Z external/protobuf+/src/google/protobuf/generated_message_reflection.cc:3341:3: note: in expansion of macro 'ABSL_DCHECK'
2026-10-07T01:39:22.6009529Z  3341 |   ABSL_DCHECK(!field->options().weak());
2026-10-07T01:39:22.6010231Z       |   ^~~~~~~~~~~
2026-10-07T01:39:22.6011647Z bazel-out/k8-opt/bin/external/protobuf+/src/google/protobuf/_virtual_includes/protobuf/google/protobuf/descriptor.pb.h:18861:13: note: declared here
2026-10-07T01:39:22.6013059Z 18861 | inline bool FieldOptions::weak() const {
2026-10-07T01:39:22.6013762Z       |             ^~~~~~~~~~~~
2026-10-07T01:39:22.6018724Z bazel-out/k8-opt/bin/external/protobuf+/src/google/protobuf/_virtual_includes/protobuf/google/protobuf/reflection_visit_fields.h: In instantiation of 'static void google::protobuf::internal::ReflectionVisit::VisitFields(MessageT&, CallbackFn&&, google::protobuf::internal::FieldMask) [with MessageT = google::protobuf::Message; CallbackFn = google::protobuf::internal::ReflectionVisit::VisitMessageFields<google::protobuf::Reflection::MaybePoisonAfterClear(google::protobuf::Message&) const::<lambda(google::protobuf::Message&)> >(google::protobuf::Message&, google::protobuf::Reflection::MaybePoisonAfterClear(google::protobuf::Message&) const::<lambda(google::protobuf::Message&)>&&)::<lambda(auto:42)>]':
2026-10-07T01:39:22.6025565Z bazel-out/k8-opt/bin/external/protobuf+/src/google/protobuf/_virtual_includes/protobuf/google/protobuf/reflection_visit_fields.h:447:31:   required from 'static void google::protobuf::internal::ReflectionVisit::VisitMessageFields(google::protobuf::Message&, CallbackFn&&) [with CallbackFn = google::protobuf::Reflection::MaybePoisonAfterClear(google::protobuf::Message&) const::<lambda(google::protobuf::Message&)>]'
2026-10-07T01:39:22.6030652Z bazel-out/k8-opt/bin/external/protobuf+/src/google/protobuf/_virtual_includes/protobuf/google/protobuf/reflection_visit_fields.h:502:38:   required from 'void google::protobuf::internal::VisitMutableMessageFields(google::protobuf::Message&, CallbackFn&&) [with CallbackFn = google::protobuf::Reflection::MaybePoisonAfterClear(google::protobuf::Message&) const::<lambda(google::protobuf::Message&)>]'
2026-10-07T01:39:22.6033996Z external/protobuf+/src/google/protobuf/generated_message_reflection.cc:1390:40:   required from here
2026-10-07T01:39:22.6036147Z bazel-out/k8-opt/bin/external/protobuf+/src/google/protobuf/_virtual_includes/protobuf/google/protobuf/reflection_visit_fields.h:109:39: warning: 'bool google::protobuf::FieldOptions::weak() const' is deprecated [-Wdeprecated-declarations]
2026-10-07T01:39:22.6038174Z   109 |     ABSL_DCHECK(!field->options().weak()) << "weak fields are not supported";
2026-10-07T01:39:22.6039118Z       |                  ~~~~~~~~~~~~~~~~~~~~~^~
2026-10-07T01:39:22.6040175Z external/abseil-cpp+/absl/log/internal/conditions.h:68:7: note: in definition of macro 'ABSL_LOG_INTERNAL_STATELESS_CONDITION'
2026-10-07T01:39:22.6042005Z    68 |     !(condition) ? (void)0 : ::absl::log_internal::Voidify() &&
2026-10-07T01:39:22.6042808Z       |       ^~~~~~~~~
2026-10-07T01:39:22.6043826Z external/abseil-cpp+/absl/log/internal/check_impl.h:26:3: note: in expansion of macro 'ABSL_LOG_INTERNAL_CONDITION_FATAL'
2026-10-07T01:39:22.6045174Z    26 |   ABSL_LOG_INTERNAL_CONDITION_FATAL(STATELESS,                        \
2026-10-07T01:39:22.6046005Z       |   ^~~~~~~~~~~~~~~~~~~~~~~~~~~~~~~~~
2026-10-07T01:39:22.6046956Z external/abseil-cpp+/absl/log/internal/check_impl.h:27:37: note: in expansion of macro 'ABSL_PREDICT_FALSE'
2026-10-07T01:39:22.6048129Z    27 |                                     ABSL_PREDICT_FALSE(!(condition))) \
2026-10-07T01:39:22.6048939Z       |                                     ^~~~~~~~~~~~~~~~~~
2026-10-07T01:39:22.6050135Z external/abseil-cpp+/absl/log/internal/check_impl.h:43:3: note: in expansion of macro 'ABSL_LOG_INTERNAL_CHECK_IMPL'
2026-10-07T01:39:22.6051562Z    43 |   ABSL_LOG_INTERNAL_CHECK_IMPL(true || (condition), "true")
2026-10-07T01:39:22.6052375Z       |   ^~~~~~~~~~~~~~~~~~~~~~~~~~~~
2026-10-07T01:39:22.6053363Z external/abseil-cpp+/absl/log/absl_check.h:47:3: note: in expansion of macro 'ABSL_LOG_INTERNAL_DCHECK_IMPL'
2026-10-07T01:39:22.6054477Z    47 |   ABSL_LOG_INTERNAL_DCHECK_IMPL((condition), #condition)
2026-10-07T01:39:22.6055221Z       |   ^~~~~~~~~~~~~~~~~~~~~~~~~~~~~
2026-10-07T01:39:22.6056590Z bazel-out/k8-opt/bin/external/protobuf+/src/google/protobuf/_virtual_includes/protobuf/google/protobuf/reflection_visit_fields.h:109:5: note: in expansion of macro 'ABSL_DCHECK'
2026-10-07T01:39:22.6058304Z   109 |     ABSL_DCHECK(!field->options().weak()) << "weak fields are not supported";
2026-10-07T01:39:22.6059109Z       |     ^~~~~~~~~~~
2026-10-07T01:39:22.6060294Z bazel-out/k8-opt/bin/external/protobuf+/src/google/protobuf/_virtual_includes/protobuf/google/protobuf/descriptor.pb.h:18861:13: note: declared here
2026-10-07T01:39:22.6061748Z 18861 | inline bool FieldOptions::weak() const {
2026-10-07T01:39:22.6062420Z       |             ^~~~~~~~~~~~
2026-10-07T01:39:22.6064151Z bazel-out/k8-opt/bin/external/protobuf+/src/google/protobuf/_virtual_includes/protobuf/google/protobuf/reflection_visit_fields.h:109:39: warning: 'bool google::protobuf::FieldOptions::weak() const' is deprecated [-Wdeprecated-declarations]
2026-10-07T01:39:22.6066173Z   109 |     ABSL_DCHECK(!field->options().weak()) << "weak fields are not supported";
2026-10-07T01:39:22.6067070Z       |                  ~~~~~~~~~~~~~~~~~~~~~^~
2026-10-07T01:39:22.6068262Z external/abseil-cpp+/absl/log/internal/conditions.h:68:7: note: in definition of macro 'ABSL_LOG_INTERNAL_STATELESS_CONDITION'
2026-10-07T01:39:22.6069662Z    68 |     !(condition) ? (void)0 : ::absl::log_internal::Voidify() &&
2026-10-07T01:39:22.6070427Z       |       ^~~~~~~~~
2026-10-07T01:39:22.6071512Z external/abseil-cpp+/absl/log/internal/check_impl.h:26:3: note: in expansion of macro 'ABSL_LOG_INTERNAL_CONDITION_FATAL'
2026-10-07T01:39:22.6072816Z    26 |   ABSL_LOG_INTERNAL_CONDITION_FATAL(STATELESS,                        \
2026-10-07T01:39:22.6073661Z       |   ^~~~~~~~~~~~~~~~~~~~~~~~~~~~~~~~~
2026-10-07T01:39:22.6074600Z external/abseil-cpp+/absl/log/internal/check_impl.h:27:37: note: in expansion of macro 'ABSL_PREDICT_FALSE'
2026-10-07T01:39:22.6075741Z    27 |                                     ABSL_PREDICT_FALSE(!(condition))) \
2026-10-07T01:39:22.6076664Z       |                                     ^~~~~~~~~~~~~~~~~~
2026-10-07T01:39:22.6077737Z external/abseil-cpp+/absl/log/internal/check_impl.h:43:3: note: in expansion of macro 'ABSL_LOG_INTERNAL_CHECK_IMPL'
2026-10-07T01:39:22.6078952Z    43 |   ABSL_LOG_INTERNAL_CHECK_IMPL(true || (condition), "true")
2026-10-07T01:39:22.6079704Z       |   ^~~~~~~~~~~~~~~~~~~~~~~~~~~~
2026-10-07T01:39:22.6080626Z external/abseil-cpp+/absl/log/absl_check.h:47:3: note: in expansion of macro 'ABSL_LOG_INTERNAL_DCHECK_IMPL'
2026-10-07T01:39:22.6081861Z    47 |   ABSL_LOG_INTERNAL_DCHECK_IMPL((condition), #condition)
2026-10-07T01:39:22.6082864Z       |   ^~~~~~~~~~~~~~~~~~~~~~~~~~~~~
2026-10-07T01:39:22.6084239Z bazel-out/k8-opt/bin/external/protobuf+/src/google/protobuf/_virtual_includes/protobuf/google/protobuf/reflection_visit_fields.h:109:5: note: in expansion of macro 'ABSL_DCHECK'
2026-10-07T01:39:22.6085889Z   109 |     ABSL_DCHECK(!field->options().weak()) << "weak fields are not supported";
2026-10-07T01:39:22.6086715Z       |     ^~~~~~~~~~~
2026-10-07T01:39:22.6087838Z bazel-out/k8-opt/bin/external/protobuf+/src/google/protobuf/_virtual_includes/protobuf/google/protobuf/descriptor.pb.h:18861:13: note: declared here
2026-10-07T01:39:22.6089087Z 18861 | inline bool FieldOptions::weak() const {
2026-10-07T01:39:22.6089796Z       |             ^~~~~~~~~~~~
2026-10-07T01:39:24.0002634Z [917 / 939] Compiling src/google/protobuf/descriptor_database.cc; 6s processwrapper-sandbox ... (4 actions, 3 running)
2026-10-07T01:39:25.4152316Z [918 / 939] Compiling src/google/protobuf/descriptor_database.cc; 7s processwrapper-sandbox ... (4 actions running)
2026-10-07T01:39:26.7063027Z [919 / 939] Compiling src/google/protobuf/descriptor.pb.cc; 6s processwrapper-sandbox ... (4 actions, 3 running)
2026-10-07T01:39:28.4154915Z [919 / 939] Compiling src/google/protobuf/descriptor.pb.cc; 7s processwrapper-sandbox ... (4 actions running)
2026-10-07T01:39:29.6582370Z [921 / 939] Compiling src/google/protobuf/descriptor.cc; 7s processwrapper-sandbox ... (4 actions, 3 running)
2026-10-07T01:39:30.8342295Z [922 / 939] Compiling src/google/protobuf/descriptor.cc; 8s processwrapper-sandbox ... (4 actions, 3 running)
2026-10-07T01:39:32.4162034Z [922 / 939] Compiling src/google/protobuf/descriptor.cc; 9s processwrapper-sandbox ... (4 actions running)
2026-10-07T01:39:33.4172058Z [927 / 939] Compiling src/google/protobuf/descriptor.cc; 10s processwrapper-sandbox ... (4 actions running)
2026-10-07T01:39:35.4612526Z [928 / 939] Compiling src/google/protobuf/descriptor.cc; 12s processwrapper-sandbox ... (4 actions, 3 running)
2026-10-07T01:39:37.4189534Z [930 / 939] Compiling src/google/protobuf/descriptor.cc; 14s processwrapper-sandbox ... (4 actions running)
2026-10-07T01:39:39.3492549Z [931 / 939] Compiling src/google/protobuf/descriptor.cc; 16s processwrapper-sandbox ... (4 actions, 3 running)
2026-10-07T01:39:40.4207584Z [931 / 939] Compiling src/google/protobuf/descriptor.cc; 17s processwrapper-sandbox ... (4 actions running)
2026-10-07T01:39:41.4232184Z [933 / 939] Compiling src/google/protobuf/descriptor.cc; 18s processwrapper-sandbox ... (3 actions running)
2026-10-07T01:39:46.5129193Z INFO: From Compiling tools/haa_gvisor_observer/observer.cc:
2026-10-07T01:39:46.5131595Z tools/haa_gvisor_observer/observer.cc:4614:6: warning: 'bool {anonymous}::Handle(const Header&, const char*, size_t, int, std::string*, const char*, ProcessState*, NormalizedCounts*, TopologyState*, const char**, FaultSite*)' defined but not used [-Wunused-function]
2026-10-07T01:39:46.5134130Z  4614 | bool Handle(const Header& header, const char* payload, size_t payload_size, int output, std::string* container_id,
2026-10-07T01:39:46.5135173Z       |      ^~~~~~
2026-10-07T01:39:46.5136137Z tools/haa_gvisor_observer/observer.cc:3868:6: warning: 'bool {anonymous}::ParseSentryProcessAndClassify(const char*, size_t, int, std::string*, const char*, ProcessState*, const char**)' defined but not used [-Wunused-function]
2026-10-07T01:39:46.5137347Z  3868 | bool ParseSentryProcessAndClassify(const char* payload, size_t payload_size, int output, std::string* container_id,
2026-10-07T01:39:46.5138013Z       |      ^~~~~~~~~~~~~~~~~~~~~~~~~~~~~
2026-10-07T01:39:46.5138729Z tools/haa_gvisor_observer/observer.cc:262:13: warning: 'const char* {anonymous}::CommandPhaseName(CommandPhase)' defined but not used [-Wunused-function]
2026-10-07T01:39:46.5139508Z   262 | const char* CommandPhaseName(CommandPhase phase) {
2026-10-07T01:39:46.5139967Z       |             ^~~~~~~~~~~~~~~~
2026-10-07T01:39:46.8767403Z [935 / 939] Compiling src/google/protobuf/descriptor.cc; 24s processwrapper-sandbox ... (2 actions, 1 running)
2026-10-07T01:39:48.4241769Z [936 / 939] Compiling src/google/protobuf/descriptor.cc; 25s processwrapper-sandbox
2026-10-07T01:39:48.9217489Z INFO: From Compiling src/google/protobuf/descriptor.cc:
2026-10-07T01:39:48.9219290Z external/protobuf+/src/google/protobuf/descriptor.cc: In member function 'void google::protobuf::FieldDescriptor::DebugString(int, std::string*, const google::protobuf::DebugStringOptions&) const':
2026-10-07T01:39:48.9222129Z external/protobuf+/src/google/protobuf/descriptor.cc:3953:65: warning: 'bool google::protobuf::FieldDescriptor::has_optional_keyword() const' is deprecated: Use has_presence() instead. [-Wdeprecated-declarations]
2026-10-07T01:39:48.9224003Z  3953 |       (!is_required() && !is_repeated() && !has_optional_keyword())) {
2026-10-07T01:39:48.9225183Z       |                                             ~~~~~~~~~~~~~~~~~~~~^~
2026-10-07T01:39:48.9225994Z In file included from external/protobuf+/src/google/protobuf/descriptor.cc:12:
2026-10-07T01:39:48.9227492Z bazel-out/k8-opt/bin/external/protobuf+/src/google/protobuf/_virtual_includes/protobuf/google/protobuf/descriptor.h:1136:8: note: declared here
2026-10-07T01:39:48.9228757Z  1136 |   bool has_optional_keyword() const;
2026-10-07T01:39:48.9229352Z       |        ^~~~~~~~~~~~~~~~~~~~
2026-10-07T01:39:48.9231145Z external/protobuf+/src/google/protobuf/descriptor.cc: In member function 'void google::protobuf::DescriptorBuilder::CrossLinkField(google::protobuf::FieldDescriptor*, const google::protobuf::FieldDescriptorProto&)':
2026-10-07T01:39:48.9233130Z external/protobuf+/src/google/protobuf/descriptor.cc:7982:65: warning: 'bool google::protobuf::FieldOptions::weak() const' is deprecated [-Wdeprecated-declarations]
2026-10-07T01:39:48.9234247Z  7982 |     bool is_weak = !pool_->enforce_weak_ && proto.options().weak();
2026-10-07T01:39:48.9234930Z       |                                             ~~~~~~~~~~~~~~~~~~~~^~
2026-10-07T01:39:48.9236029Z In file included from bazel-out/k8-opt/bin/external/protobuf+/src/google/protobuf/_virtual_includes/protobuf/google/protobuf/cpp_features.pb.h:33,
2026-10-07T01:39:48.9237747Z                  from external/protobuf+/src/google/protobuf/descriptor.cc:72:
2026-10-07T01:39:48.9238865Z bazel-out/k8-opt/bin/external/protobuf+/src/google/protobuf/_virtual_includes/protobuf/google/protobuf/descriptor.pb.h:18861:13: note: declared here
2026-10-07T01:39:48.9239946Z 18861 | inline bool FieldOptions::weak() const {
2026-10-07T01:39:48.9240448Z       |             ^~~~~~~~~~~~
2026-10-07T01:39:48.9241980Z external/protobuf+/src/google/protobuf/descriptor.cc: In function 'google::protobuf::internal::cpp::HasbitMode google::protobuf::internal::cpp::GetFieldHasbitModeWithoutProfile(const google::protobuf::FieldDescriptor*)':
2026-10-07T01:39:48.9243875Z external/protobuf+/src/google/protobuf/descriptor.cc:10700:62: warning: 'bool google::protobuf::FieldOptions::weak() const' is deprecated [-Wdeprecated-declarations]
2026-10-07T01:39:48.9245027Z 10700 |   if (field->real_containing_oneof() || field->options().weak() ||
2026-10-07T01:39:48.9245686Z       |                                         ~~~~~~~~~~~~~~~~~~~~~^~
2026-10-07T01:39:48.9246690Z bazel-out/k8-opt/bin/external/protobuf+/src/google/protobuf/_virtual_includes/protobuf/google/protobuf/descriptor.pb.h:18861:13: note: declared here
2026-10-07T01:39:48.9247679Z 18861 | inline bool FieldOptions::weak() const {
2026-10-07T01:39:48.9248231Z       |             ^~~~~~~~~~~~
2026-10-07T01:39:49.0837793Z INFO: Found 1 target...
2026-10-07T01:39:49.0949100Z Target //tools/haa_gvisor_observer:haa_gvisor_observer up-to-date:
2026-10-07T01:39:49.0950202Z   bazel-bin/tools/haa_gvisor_observer/haa_gvisor_observer
2026-10-07T01:39:49.1450146Z INFO: Elapsed time: 264.245s, Critical Path: 39.74s
2026-10-07T01:39:49.1452277Z INFO: 939 processes: 291 internal, 648 processwrapper-sandbox.
2026-10-07T01:39:49.1453121Z INFO: Build completed successfully, 939 total actions
2026-10-07T01:39:49.3566200Z Computing main repo mapping: 
2026-10-07T01:39:49.6346854Z WARNING: For repository 'bazel_skylib', the root module requires module version bazel_skylib@1.7.1, but got bazel_skylib@1.8.2 in the resolved dependency graph. Please update the version in your MODULE.bazel or set --check_direct_dependencies=off
2026-10-07T01:39:49.7815776Z Loading: 
2026-10-07T01:39:49.7821960Z Loading: 0 packages loaded
2026-10-07T01:39:49.8740572Z Analyzing: target //tools/haa_gvisor_observer:haa_gvisor_observer_latch_test (0 packages loaded, 0 targets configured)
2026-10-07T01:39:49.8774635Z Analyzing: target //tools/haa_gvisor_observer:haa_gvisor_observer_latch_test (0 packages loaded, 0 targets configured)
2026-10-07T01:39:49.8776461Z 
2026-10-07T01:39:50.3745102Z INFO: Analyzed target //tools/haa_gvisor_observer:haa_gvisor_observer_latch_test (38 packages loaded, 384 targets configured).
2026-10-07T01:39:51.3597688Z [938 / 940] Compiling tools/haa_gvisor_observer/observer_latch_test.cc; 0s processwrapper-sandbox
2026-10-07T01:40:01.8765053Z [938 / 940] Compiling tools/haa_gvisor_observer/observer_latch_test.cc; 11s processwrapper-sandbox
2026-10-07T01:40:09.1548765Z [939 / 940] [Prepa] Linking tools/haa_gvisor_observer/haa_gvisor_observer_latch_test
2026-10-07T01:40:09.2578668Z INFO: Found 1 target...
2026-10-07T01:40:09.2595300Z Target //tools/haa_gvisor_observer:haa_gvisor_observer_latch_test up-to-date:
2026-10-07T01:40:09.2596791Z   bazel-bin/tools/haa_gvisor_observer/haa_gvisor_observer_latch_test
2026-10-07T01:40:09.2677759Z INFO: Elapsed time: 20.031s, Critical Path: 18.77s
2026-10-07T01:40:09.2690239Z INFO: 6 processes: 4 internal, 2 processwrapper-sandbox.
2026-10-07T01:40:09.2718729Z INFO: Build completed successfully, 6 total actions
2026-10-07T01:40:09.2820368Z STARTING record_boundaries
2026-10-07T01:40:10.0219149Z profile=go-module-resolver bounded terminal={"container_id":"0202020202020202","kind":"stream-fault","reason":"EVENT_LIMIT","fault_site":"EVENT_LIMIT","fault_budget":{"charged":200000,"limit":200000,"close":199998,"fcntl":0,"raw":0,"other":2,"workspace":0}}
2026-10-07T01:40:11.0708466Z profile=go-module-build bounded terminal={"container_id":"0606060606060606","kind":"stream-fault","reason":"EVENT_LIMIT","fault_site":"EVENT_LIMIT","fault_budget":{"charged":250000,"limit":250000,"close":249998,"fcntl":0,"raw":0,"other":2,"workspace":0}}
2026-10-07T01:40:11.1207253Z profile=cargo-resolver bounded terminal={"container_id":"0808080808080808","kind":"stream-fault","reason":"EVENT_LIMIT","fault_site":"EVENT_LIMIT","fault_budget":{"charged":10000,"limit":10000,"close":9998,"fcntl":0,"raw":0,"other":2,"workspace":0}}
2026-10-07T01:40:11.1820893Z profile=npm-lifecycle bounded terminal={"container_id":"0404040404040404","kind":"stream-fault","reason":"EVENT_LIMIT","fault_site":"EVENT_LIMIT","fault_budget":{"charged":10000,"limit":10000,"close":9998,"fcntl":0,"raw":0,"other":2,"workspace":0}}
2026-10-07T01:40:11.1822160Z STARTING accessors
2026-10-07T01:40:11.2408978Z STARTING network
2026-10-07T01:40:12.1441236Z STARTING malformed_socket
2026-10-07T01:40:12.1444822Z STARTING malformed_connect
2026-10-07T01:40:12.1456832Z STARTING unknown_fd
2026-10-07T01:40:12.1459016Z STARTING process
2026-10-07T01:40:12.3480371Z STARTING correlation
2026-10-07T01:40:12.4997991Z STARTING cloexec
2026-10-07T01:40:12.6009358Z STARTING delayed
2026-10-07T01:40:12.7516081Z STARTING concurrent_python_streams
2026-10-07T01:40:12.7529066Z STARTING roles
2026-10-07T01:40:12.8532202Z STARTING oci_bootstrap
2026-10-07T01:40:12.8572500Z STARTING demotion
2026-10-07T01:40:12.8585011Z STARTING mismatch
2026-10-07T01:40:12.8587279Z STARTING dropped
2026-10-07T01:40:12.8589311Z STARTING topology_fail_closed
2026-10-07T01:40:12.8608772Z STARTING filesystem
2026-10-07T01:40:13.4803975Z STARTING npm_node
2026-10-07T01:40:13.4804923Z STARTING open_result_negative
2026-10-07T01:40:13.4857265Z STARTING open_result_positive
2026-10-07T01:40:13.8881373Z STARTING no_basename_trust
2026-10-07T01:40:13.9388566Z STARTING unexpected_exec_diagnostic
2026-10-07T01:40:13.9398714Z STARTING resolver_npm_version_node
2026-10-07T01:40:13.9399401Z STARTING resolver_npm_version_production_path
2026-10-07T01:40:13.9403013Z STARTING resolver_lock_generation_production_path
2026-10-07T01:40:13.9408229Z STARTING process_group_lifecycle
2026-10-07T01:40:13.9410610Z STARTING direct_exec_admission
2026-10-07T01:40:13.9422733Z STARTING direct_exec_admission_bound
2026-10-07T01:40:13.9467031Z STARTING session_aware_control
2026-10-07T01:40:13.9479653Z STARTING control_peer_hup_live_admission
2026-10-07T01:40:13.9483088Z STARTING pre_attribution_disconnect
2026-10-07T01:40:13.9483810Z haa_gvisor_observer_latch_test: accepted remote stream ended before attribution
2026-10-07T01:40:13.9488907Z observer latch PASS: readiness
2026-10-07T01:40:13.9489368Z observer latch PASS: pod-init profile
2026-10-07T01:40:13.9490424Z observer latch PASS: profile record limits
2026-10-07T01:40:13.9490814Z observer latch PASS: finite profile record boundary
2026-10-07T01:40:13.9491568Z observer latch PASS: normalized accessors
2026-10-07T01:40:13.9492169Z observer latch PASS: socket family classification
2026-10-07T01:40:13.9492706Z observer latch PASS: unknown socket family
2026-10-07T01:40:13.9493288Z observer latch PASS: malformed socket address
2026-10-07T01:40:13.9493829Z observer latch PASS: unknown FD state
2026-10-07T01:40:13.9494339Z observer latch PASS: process trust boundary
2026-10-07T01:40:13.9494750Z observer latch PASS: exec correlation boundary
2026-10-07T01:40:13.9495080Z observer latch PASS: CLOEXEC/re-exec boundary
2026-10-07T01:40:13.9495404Z observer latch PASS: delayed profile registration
2026-10-07T01:40:13.9495729Z observer latch PASS: concurrent Python streams
2026-10-07T01:40:13.9496041Z observer latch PASS: role handoff/provenance
2026-10-07T01:40:13.9496501Z observer latch PASS: OCI bootstrap demotion
2026-10-07T01:40:13.9497000Z observer latch PASS: setpriv demotion boundary
2026-10-07T01:40:13.9497495Z observer latch PASS: container mismatch
2026-10-07T01:40:13.9497833Z observer latch PASS: dropped events
2026-10-07T01:40:13.9498113Z observer latch PASS: topology fail-closed
2026-10-07T01:40:13.9498434Z observer latch PASS: registered nested mount boundary
2026-10-07T01:40:13.9498771Z observer latch PASS: filesystem normalization
2026-10-07T01:40:13.9499123Z observer latch PASS: Cargo resolver runtime read boundary
2026-10-07T01:40:13.9499554Z observer latch PASS: Cargo resolver self maps boundary
2026-10-07T01:40:13.9499933Z observer latch PASS: Cargo configuration read boundary
2026-10-07T01:40:13.9500296Z observer latch PASS: Cargo TAR configuration read boundary
2026-10-07T01:40:13.9500646Z observer latch PASS: Cargo entropy read boundary
2026-10-07T01:40:13.9501201Z observer latch PASS: Cargo certificate bundle read boundary
2026-10-07T01:40:13.9501779Z observer latch PASS: Cargo null input read boundary
2026-10-07T01:40:13.9502377Z observer latch PASS: Cargo Rustc query boundary
2026-10-07T01:40:13.9503017Z observer latch PASS: Cargo Rustc metadata query boundary
2026-10-07T01:40:13.9503676Z observer latch PASS: Cargo Rustc VM metadata boundary
2026-10-07T01:40:13.9504253Z observer latch PASS: Cargo Rustc self maps boundary
2026-10-07T01:40:13.9504769Z observer latch PASS: Cargo Rustc self memory stats boundary
2026-10-07T01:40:13.9505133Z observer latch PASS: Cargo Rustc self cgroup boundary
2026-10-07T01:40:13.9505483Z observer latch PASS: Cargo Rustc self mountinfo boundary
2026-10-07T01:40:13.9505824Z observer latch PASS: Cargo Rustc CPU quota boundary
2026-10-07T01:40:13.9506197Z observer latch PASS: Cargo Rustc fixed sysroot directory boundary
2026-10-07T01:40:13.9506593Z observer latch PASS: Cargo DNS configuration boundary
2026-10-07T01:40:13.9506978Z observer latch PASS: Cargo resolver configuration file boundary
2026-10-07T01:40:13.9507343Z observer latch PASS: Cargo fixed UTC boundary
2026-10-07T01:40:13.9507693Z observer latch PASS: Cargo close-on-exec entropy boundary
2026-10-07T01:40:13.9508094Z observer latch PASS: SocketPair diagnostic preserves FD authority
2026-10-07T01:40:13.9508688Z observer latch PASS: Kernel SocketPair descriptor authority
2026-10-07T01:40:13.9509050Z observer latch PASS: Cargo Rustc Zlib ABI boundary
2026-10-07T01:40:13.9509381Z observer latch PASS: Cargo Rustc ABI boundary
2026-10-07T01:40:13.9509719Z observer latch PASS: Go resolver runtime read boundary
2026-10-07T01:40:13.9510099Z observer latch PASS: Go build configuration read boundary
2026-10-07T01:40:13.9510461Z observer latch PASS: Go build handoff read boundary
2026-10-07T01:40:13.9510810Z observer latch PASS: Cargo build handoff read boundary
2026-10-07T01:40:13.9511605Z observer latch PASS: Cargo build pinned target
2026-10-07T01:40:13.9512019Z observer latch PASS: Cargo build driver read
2026-10-07T01:40:13.9512330Z observer latch PASS: Cargo build rustc child
2026-10-07T01:40:13.9512635Z observer latch PASS: Cargo build native cc child
2026-10-07T01:40:13.9513037Z observer latch PASS: Cargo build collect2 child
2026-10-07T01:40:13.9513353Z observer latch PASS: Cargo build lld launcher
2026-10-07T01:40:13.9513674Z observer latch PASS: Cargo build rust lld
2026-10-07T01:40:13.9513977Z observer latch PASS: Cargo build link inputs
2026-10-07T01:40:13.9514278Z observer latch PASS: Cargo build link sdk
2026-10-07T01:40:13.9514579Z observer latch PASS: Cargo build Rust C ABI
2026-10-07T01:40:13.9514886Z observer latch PASS: Cargo build lld entropy
2026-10-07T01:40:13.9515190Z observer latch PASS: Cargo build program
2026-10-07T01:40:13.9515493Z observer latch PASS: Cargo build program ABI
2026-10-07T01:40:13.9515804Z observer latch PASS: Cargo build program maps
2026-10-07T01:40:13.9516129Z observer latch PASS: Cargo build program rustc query
2026-10-07T01:40:13.9516455Z observer latch PASS: Cargo build program null
2026-10-07T01:40:13.9516777Z observer latch PASS: Cargo build configuration
2026-10-07T01:40:13.9517128Z observer latch PASS: Terraform provider profile isolation
2026-10-07T01:40:13.9517501Z observer latch PASS: Go build runtime metadata boundary
2026-10-07T01:40:13.9517887Z observer latch PASS: Go build exact creator diagnostic boundary
2026-10-07T01:40:13.9518267Z observer latch PASS: Go build SDK tool child boundary
2026-10-07T01:40:13.9518610Z observer latch PASS: Go build cgo GCC creator boundary
2026-10-07T01:40:13.9518978Z observer latch PASS: Go build SDK linker GCC creator boundary
2026-10-07T01:40:13.9519386Z observer latch PASS: Go build SDK linker native ancestry boundary
2026-10-07T01:40:13.9519797Z observer latch PASS: Go build native linker resolver ABI boundary
2026-10-07T01:40:13.9520227Z observer latch PASS: Go build CC1 creator and loader boundary
2026-10-07T01:40:13.9520616Z observer latch PASS: Go build CC1 readonly header boundary
2026-10-07T01:40:13.9521239Z observer latch PASS: Go build assembler creator and loader boundary
2026-10-07T01:40:13.9521679Z observer latch PASS: Go build collect2 creator and loader boundary
2026-10-07T01:40:13.9522129Z observer latch PASS: Go build native linker creator and loader boundary
2026-10-07T01:40:13.9522586Z observer latch PASS: Go build native linker fixed plugin boundary
2026-10-07T01:40:13.9523023Z observer latch PASS: Go build native linker null device boundary
2026-10-07T01:40:13.9523445Z observer latch PASS: Go build native linker C runtime input boundary
2026-10-07T01:40:13.9523866Z observer latch PASS: Go build assembler null device boundary
2026-10-07T01:40:13.9524480Z observer latch PASS: Go build CC1 readonly SDK Cgo input boundary
2026-10-07T01:40:13.9525049Z observer latch PASS: exact npm CLI-to-Node
2026-10-07T01:40:13.9525483Z observer latch PASS: OPEN_RESULT negative matrix
2026-10-07T01:40:13.9525808Z observer latch PASS: OPEN_RESULT positive matrix
2026-10-07T01:40:13.9526123Z observer latch PASS: no-basename-trust
2026-10-07T01:40:13.9526456Z observer latch PASS: unexpected exec diagnostic retention
2026-10-07T01:40:13.9526908Z observer latch PASS: exact resolver npm-version-to-Node
2026-10-07T01:40:13.9527279Z observer latch PASS: resolver npm-version production path
2026-10-07T01:40:13.9527837Z observer latch PASS: resolver lock-generation production path
2026-10-07T01:40:13.9528233Z observer latch PASS: authoritative process-group lifecycle
2026-10-07T01:40:13.9528599Z observer latch PASS: direct-exec one-shot admission
2026-10-07T01:40:13.9528970Z observer latch PASS: direct-exec terminal admission protocol
2026-10-07T01:40:13.9529332Z observer latch PASS: direct-exec admission bound
2026-10-07T01:40:13.9529641Z observer latch PASS: session-aware control
2026-10-07T01:40:13.9529946Z observer latch PASS: exact control peer binding
2026-10-07T01:40:13.9530296Z observer latch PASS: control peer HUP clears live admission
2026-10-07T01:40:13.9530650Z observer latch PASS: unaccepted remote disconnect
2026-10-07T01:40:13.9531225Z observer latch PASS: accepted pre-attribution disconnect fail-stop
2026-10-07T01:40:14.1781872Z Building helox for gVisor integration
2026-10-07T01:40:15.2276400Z go: downloading github.com/pelletier/go-toml/v2 v2.4.3
2026-10-07T01:40:15.6825252Z go: downloading golang.org/x/mod v0.40.0
2026-10-07T01:40:15.7723692Z go: downloading github.com/hashicorp/hcl/v2 v2.24.0
2026-10-07T01:40:15.7854017Z go: downloading github.com/zclconf/go-cty v1.16.3
2026-10-07T01:40:15.8435856Z go: downloading github.com/spf13/cobra v1.10.2
2026-10-07T01:40:15.8571880Z go: downloading golang.org/x/sys v0.47.0
2026-10-07T01:40:16.0736424Z go: downloading github.com/ProtonMail/go-crypto v1.5.2
2026-10-07T01:40:16.8281116Z go: downloading github.com/agext/levenshtein v1.2.1
2026-10-07T01:40:16.8350245Z go: downloading github.com/apparentlymart/go-textseg/v15 v15.0.0
2026-10-07T01:40:16.8441690Z go: downloading github.com/mitchellh/go-wordwrap v1.0.1
2026-10-07T01:40:16.8696763Z go: downloading github.com/spf13/pflag v1.0.9
2026-10-07T01:40:16.9489547Z go: downloading golang.org/x/crypto v0.41.0
2026-10-07T01:40:17.0224319Z go: downloading github.com/cloudflare/circl v1.6.3
2026-10-07T01:40:17.6722668Z go: downloading golang.org/x/text v0.39.0
2026-10-07T01:40:39.3374532Z Building network-policy helper for gVisor integration
2026-10-07T01:40:39.6776897Z Installing network-policy helper and preparing its identity contract
2026-10-07T01:40:39.7159118Z helper launch: bash=/bin/bash version=5.2.21(1)-release owner=2379
2026-10-07T01:40:43.5504596Z helper ready: pid=149201 attempt=37
2026-10-07T01:40:43.5553165Z runsc version 7c6199801fd2-dirty
2026-10-07T01:40:43.5553517Z spec: 1.2.1
2026-10-07T01:40:43.5746273Z 29.8.1
2026-10-07T01:40:43.6438002Z {"path":"/usr/libexec/heliopause/gvisor/runsc","runtimeArgs":["--sidecar-usage-policy=STRICT","--pod-init-config=/etc/heliopause/pod-init.json"],"status":{"org.opencontainers.runtime-spec.features":"{\"ociVersionMin\":\"1.0.0\",\"ociVersionMax\":\"1.2.1\",\"hooks\":[\"prestart\",\"createRuntime\",\"createContainer\",\"startContainer\",\"poststart\",\"poststop\"],\"mountOptions\":[\"acl\",\"async\",\"atime\",\"bind\",\"defaults\",\"dev\",\"diratime\",\"dirsync\",\"exec\",\"iversion\",\"loud\",\"mand\",\"noacl\",\"noatime\",\"nodev\",\"nodiratime\",\"noexec\",\"noiversion\",\"nomand\",\"norelatime\",\"nostrictatime\",\"nosuid\",\"private\",\"rbind\",\"relatime\",\"remount\",\"ro\",\"rprivate\",\"rslave\",\"runbindable\",\"rw\",\"silent\",\"slave\",\"strictatime\",\"suid\",\"sync\",\"unbindable\"],\"linux\":{\"namespaces\":[\"cgroup\",\"ipc\",\"mount\",\"network\",\"pid\",\"user\",\"uts\"],\"capabilities\":[\"CAP_SYS_CHROOT\",\"CAP_SYS_NICE\",\"CAP_SYS_TIME\",\"CAP_FSETID\",\"CAP_NET_RAW\",\"CAP_BLOCK_SUSPEND\",\"CAP_SYS_PTRACE\",\"CAP_SYS_BOOT\",\"CAP_MKNOD\",\"CAP_LEASE\",\"CAP_WAKE_ALARM\",\"CAP_CHECKPOINT_RESTORE\",\"CAP_FOWNER\",\"CAP_SETGID\",\"CAP_IPC_LOCK\",\"CAP_IPC_OWNER\",\"CAP_SYS_RESOURCE\",\"CAP_MAC_ADMIN\",\"CAP_AUDIT_READ\",\"CAP_SYS_PACCT\",\"CAP_SYS_TTY_CONFIG\",\"CAP_DAC_OVERRIDE\",\"CAP_DAC_READ_SEARCH\",\"CAP_LINUX_IMMUTABLE\",\"CAP_NET_BROADCAST\",\"CAP_NET_ADMIN\",\"CAP_SYS_RAWIO\",\"CAP_SYS_ADMIN\",\"CAP_SETFCAP\",\"CAP_CHOWN\",\"CAP_KILL\",\"CAP_SETUID\",\"CAP_NET_BIND_SERVICE\",\"CAP_SYS_MODULE\",\"CAP_AUDIT_CONTROL\",\"CAP_PERFMON\",\"CAP_BPF\",\"CAP_SETPCAP\",\"CAP_AUDIT_WRITE\",\"CAP_MAC_OVERRIDE\",\"CAP_SYSLOG\"],\"cgroup\":{\"v1\":true,\"v2\":false,\"systemd\":false,\"systemdUser\":false,\"rdma\":false},\"seccomp\":{\"enabled\":true,\"actions\":[\"SCMP_ACT_KILL\",\"SCMP_ACT_TRAP\",\"SCMP_ACT_ERRNO\",\"SCMP_ACT_TRACE\",\"SCMP_ACT_ALLOW\"],\"operators\":[\"SCMP_CMP_EQ\",\"SCMP_CMP_NE\",\"SCMP_CMP_GT\",\"SCMP_CMP_GE\",\"SCMP_CMP_LT\",\"SCMP_CMP_LE\",\"SCMP_CMP_MASKED_EQ\"],\"archs\":[\"SCMP_ARCH_X86_64\",\"SCMP_ARCH_AARCH64\"],\"knownFlags\":[\"SECCOMP_FILTER_FLAG_TSYNC\"],\"supportedFlags\":[\"SECCOMP_FILTER_FLAG_TSYNC\"]},\"apparmor\":{\"enabled\":false},\"selinux\":{\"enabled\":false},\"intelRdt\":{\"enabled\":false},\"mountExtensions\":{\"idmap\":{\"enabled\":true}}},\"annotations\":{\"dev.gvisor.container-name-remap.\":\"\",\"dev.gvisor.flag.EXPERIMENTAL-xdp\":\"off\",\"dev.gvisor.flag.EXPERIMENTAL-xdp-need-wakeup\":\"true\",\"dev.gvisor.flag.TESTONLY-afs-syscall-panic\":\"false\",\"dev.gvisor.flag.TESTONLY-autosave-image-path\":\"\",\"dev.gvisor.flag.TESTONLY-autosave-resume\":\"false\",\"dev.gvisor.flag.TESTONLY-nftables\":\"false\",\"dev.gvisor.flag.TESTONLY-test-name-env\":\"\",\"dev.gvisor.flag.TESTONLY-unsafe-nonroot\":\"false\",\"dev.gvisor.flag.allow-connected-on-save\":\"false\",\"dev.gvisor.flag.allow-flag-override\":\"false\",\"dev.gvisor.flag.allow-live-tcp-migration\":\"true\",\"dev.gvisor.flag.allow-packet-socket-write\":\"false\",\"dev.gvisor.flag.allow-rootfs-tar-annotation\":\"false\",\"dev.gvisor.flag.allow-suid\":\"false\",\"dev.gvisor.flag.alsologtostderr\":\"false\",\"dev.gvisor.flag.app-huge-pages\":\"true\",\"dev.gvisor.flag.buffer-pooling\":\"true\",\"dev.gvisor.flag.cgroupfs\":\"false\",\"dev.gvisor.flag.character-device-policy\":\"emulated-only\",\"dev.gvisor.flag.control-rpc-stop-timeout\":\"15s\",\"dev.gvisor.flag.coverage-report\":\"\",\"dev.gvisor.flag.cpu-num-from-quota\":\"true\",\"dev.gvisor.flag.dcache\":\"-1\",\"dev.gvisor.flag.debug\":\"false\",\"dev.gvisor.flag.debug-command\":\"\",\"dev.gvisor.flag.debug-log\":\"\",\"dev.gvisor.flag.debug-log-format\":\"text\",\"dev.gvisor.flag.debug-to-user-log\":\"false\",\"dev.gvisor.flag.directfs\":\"true\",\"dev.gvisor.flag.enable-core-tags\":\"false\",\"dev.gvisor.flag.fdlimit\":\"-1\",\"dev.gvisor.flag.file-access\":\"exclusive\",\"dev.gvisor.flag.file-access-mounts\":\"shared\",\"dev.gvisor.flag.final-metrics-log\":\"\",\"dev.gvisor.flag.fsgofer-host-uds\":\"false\",\"dev.gvisor.flag.fuse\":\"true\",\"dev.gvisor.flag.gofer-network-namespace\":\"null\",\"dev.gvisor.flag.gso\":\"true\",\"dev.gvisor.flag.gvisor-gro\":\"false\",\"dev.gvisor.flag.gvisor-marker-file\":\"false\",\"dev.gvisor.flag.host-fifo\":\"none\",\"dev.gvisor.flag.host-settings\":\"check\",\"dev.gvisor.flag.host-uds\":\"none\",\"dev.gvisor.flag.ignore-cgroups\":\"false\",\"dev.gvisor.flag.in-sandbox-cgroup\":\"v1\",\"dev.gvisor.flag.iouring\":\"false\",\"dev.gvisor.flag.kvm-use-cpu-nums\":\"false\",\"dev.gvisor.flag.lisafs\":\"true\",\"dev.gvisor.flag.log\":\"\",\"dev.gvisor.flag.log-format\":\"text\",\"dev.gvisor.flag.log-packets\":\"false\",\"dev.gvisor.flag.metric-server\":\"\",\"dev.gvisor.flag.mount-cgroup-v2\":\"false\",\"dev.gvisor.flag.net-disconnect-ok\":\"true\",\"dev.gvisor.flag.net-raw\":\"false\",\"dev.gvisor.flag.network\":\"sandbox\",\"dev.gvisor.flag.network-processors-per-channel\":\"0\",\"dev.gvisor.flag.num-network-channels\":\"1\",\"dev.gvisor.flag.nvproxy\":\"false\",\"dev.gvisor.flag.nvproxy-allow-unsupported-driver\":\"false\",\"dev.gvisor.flag.nvproxy-allowed-driver-capabilities\":\"utility,compute\",\"dev.gvisor.flag.nvproxy-docker\":\"false\",\"dev.gvisor.flag.nvproxy-driver-version\":\"\",\"dev.gvisor.flag.oci-seccomp\":\"false\",\"dev.gvisor.flag.overlay\":\"false\",\"dev.gvisor.flag.overlay2\":\"root:self\",\"dev.gvisor.flag.override-procs\":\"\",\"dev.gvisor.flag.panic-log\":\"\",\"dev.gvisor.flag.panic-signal\":\"-1\",\"dev.gvisor.flag.pause-external-networking\":\"false\",\"dev.gvisor.flag.pcap-log\":\"\",\"dev.gvisor.flag.platform\":\"systrap\",\"dev.gvisor.flag.platform_device_path\":\"\",\"dev.gvisor.flag.pod-init-config\":\"\",\"dev.gvisor.flag.profile\":\"false\",\"dev.gvisor.flag.profile-block\":\"\",\"dev.gvisor.flag.profile-cpu\":\"\",\"dev.gvisor.flag.profile-gc-interval\":\"0s\",\"dev.gvisor.flag.profile-heap\":\"\",\"dev.gvisor.flag.profile-mutex\":\"\",\"dev.gvisor.flag.profiling-metrics\":\"\",\"dev.gvisor.flag.profiling-metrics-log\":\"\",\"dev.gvisor.flag.profiling-metrics-rate-us\":\"1000\",\"dev.gvisor.flag.qdisc\":\"fifo\",\"dev.gvisor.flag.qdisc-tbf-burst\":\"0\",\"dev.gvisor.flag.qdisc-tbf-rate\":\"0\",\"dev.gvisor.flag.rdmaproxy\":\"false\",\"dev.gvisor.flag.ref-leak-mode\":\"disabled\",\"dev.gvisor.flag.reproduce-nat\":\"false\",\"dev.gvisor.flag.reproduce-nftables\":\"false\",\"dev.gvisor.flag.restore-spec-validation\":\"enforce\",\"dev.gvisor.flag.root\":\"\",\"dev.gvisor.flag.rootless\":\"false\",\"dev.gvisor.flag.rx-checksum-offload\":\"true\",\"dev.gvisor.flag.save-restore-netstack\":\"true\",\"dev.gvisor.flag.shared-root\":\"\",\"dev.gvisor.flag.sidecar-release-enforcement-policy\":\"IF_RELEASE_BUILD\",\"dev.gvisor.flag.sidecar-usage-policy\":\"DEFAULT\",\"dev.gvisor.flag.software-gso\":\"true\",\"dev.gvisor.flag.strace\":\"false\",\"dev.gvisor.flag.strace-event\":\"false\",\"dev.gvisor.flag.strace-log-size\":\"1024\",\"dev.gvisor.flag.strace-syscalls\":\"\",\"dev.gvisor.flag.systemd-cgroup\":\"false\",\"dev.gvisor.flag.systrap-disable-fast-path\":\"false\",\"dev.gvisor.flag.systrap-disable-syscall-patching\":\"false\",\"dev.gvisor.flag.tpuproxy\":\"false\",\"dev.gvisor.flag.trace\":\"\",\"dev.gvisor.flag.traceback\":\"system\",\"dev.gvisor.flag.tx-checksum-offload\":\"false\",\"dev.gvisor.flag.vfs2\":\"true\",\"dev.gvisor.flag.watchdog-action\":\"log\",\"dev.gvisor.internal.cpufeatures\":\"\",\"dev.gvisor.internal.seccomp.\":\"\",\"dev.gvisor.internal.seccomp.cont\":\"RuntimeDefault\",\"dev.gvisor.internal.tpuproxy\":\"\",\"dev.gvisor.tar.rootfs.upper\":\"\"},\"potentiallyUnsafeConfigAnnotations\":[\"dev.gvisor.container-name-remap.\",\"dev.gvisor.flag.EXPERIMENTAL-xdp\",\"dev.gvisor.flag.EXPERIMENTAL-xdp-need-wakeup\",\"dev.gvisor.flag.TESTONLY-afs-syscall-panic\",\"dev.gvisor.flag.TESTONLY-autosave-image-path\",\"dev.gvisor.flag.TESTONLY-autosave-resume\",\"dev.gvisor.flag.TESTONLY-nftables\",\"dev.gvisor.flag.TESTONLY-test-name-env\",\"dev.gvisor.flag.TESTONLY-unsafe-nonroot\",\"dev.gvisor.flag.allow-flag-override\",\"dev.gvisor.flag.allow-live-tcp-migration\",\"dev.gvisor.flag.allow-packet-socket-write\",\"dev.gvisor.flag.allow-rootfs-tar-annotation\",\"dev.gvisor.flag.allow-suid\",\"dev.gvisor.flag.alsologtostderr\",\"dev.gvisor.flag.app-huge-pages\",\"dev.gvisor.flag.buffer-pooling\",\"dev.gvisor.flag.cgroupfs\",\"dev.gvisor.flag.character-device-policy\",\"dev.gvisor.flag.control-rpc-stop-timeout\",\"dev.gvisor.flag.coverage-report\",\"dev.gvisor.flag.cpu-num-from-quota\",\"dev.gvisor.flag.dcache\",\"dev.gvisor.flag.debug-log\",\"dev.gvisor.flag.debug-log-format\",\"dev.gvisor.flag.directfs\",\"dev.gvisor.flag.enable-core-tags\",\"dev.gvisor.flag.fdlimit\",\"dev.gvisor.flag.file-access\",\"dev.gvisor.flag.file-access-mounts\",\"dev.gvisor.flag.final-metrics-log\",\"dev.gvisor.flag.fsgofer-host-uds\",\"dev.gvisor.flag.fuse\",\"dev.gvisor.flag.gofer-network-namespace\",\"dev.gvisor.flag.gso\",\"dev.gvisor.flag.gvisor-gro\",\"dev.gvisor.flag.gvisor-marker-file\",\"dev.gvisor.flag.host-fifo\",\"dev.gvisor.flag.host-settings\",\"dev.gvisor.flag.ignore-cgroups\",\"dev.gvisor.flag.iouring\",\"dev.gvisor.flag.kvm-use-cpu-nums\",\"dev.gvisor.flag.lisafs\",\"dev.gvisor.flag.log\",\"dev.gvisor.flag.log-format\",\"dev.gvisor.flag.log-packets\",\"dev.gvisor.flag.metric-server\",\"dev.gvisor.flag.mount-cgroup-v2\",\"dev.gvisor.flag.net-raw\",\"dev.gvisor.flag.network\",\"dev.gvisor.flag.network-processors-per-channel\",\"dev.gvisor.flag.num-network-channels\",\"dev.gvisor.flag.nvproxy\",\"dev.gvisor.flag.nvproxy-allow-unsupported-driver\",\"dev.gvisor.flag.nvproxy-allowed-driver-capabilities\",\"dev.gvisor.flag.nvproxy-docker\",\"dev.gvisor.flag.nvproxy-driver-version\",\"dev.gvisor.flag.overlay\",\"dev.gvisor.flag.override-procs\",\"dev.gvisor.flag.panic-log\",\"dev.gvisor.flag.panic-signal\",\"dev.gvisor.flag.pcap-log\",\"dev.gvisor.flag.platform\",\"dev.gvisor.flag.platform_device_path\",\"dev.gvisor.flag.pod-init-config\",\"dev.gvisor.flag.profile\",\"dev.gvisor.flag.profile-block\",\"dev.gvisor.flag.profile-cpu\",\"dev.gvisor.flag.profile-gc-interval\",\"dev.gvisor.flag.profile-heap\",\"dev.gvisor.flag.profile-mutex\",\"dev.gvisor.flag.profiling-metrics\",\"dev.gvisor.flag.profiling-metrics-log\",\"dev.gvisor.flag.profiling-metrics-rate-us\",\"dev.gvisor.flag.rdmaproxy\",\"dev.gvisor.flag.ref-leak-mode\",\"dev.gvisor.flag.reproduce-nat\",\"dev.gvisor.flag.restore-spec-validation\",\"dev.gvisor.flag.root\",\"dev.gvisor.flag.rootless\",\"dev.gvisor.flag.rx-checksum-offload\",\"dev.gvisor.flag.save-restore-netstack\",\"dev.gvisor.flag.shared-root\",\"dev.gvisor.flag.sidecar-release-enforcement-policy\",\"dev.gvisor.flag.sidecar-usage-policy\",\"dev.gvisor.flag.software-gso\",\"dev.gvisor.flag.strace-event\",\"dev.gvisor.flag.systemd-cgroup\",\"dev.gvisor.flag.systrap-disable-fast-path\",\"dev.gvisor.flag.systrap-disable-syscall-patching\",\"dev.gvisor.flag.tpuproxy\",\"dev.gvisor.flag.trace\",\"dev.gvisor.flag.traceback\",\"dev.gvisor.flag.tx-checksum-offload\",\"dev.gvisor.flag.vfs2\",\"dev.gvisor.flag.watchdog-action\",\"dev.gvisor.internal.cpufeatures\",\"dev.gvisor.internal.seccomp.\",\"dev.gvisor.internal.tpuproxy\",\"dev.gvisor.tar.rootfs.upper\"]}"}}
2026-10-07T01:41:17.5454493Z fuzz: elapsed: 0s, gathering baseline coverage: 0/3 completed
2026-10-07T01:41:17.5890745Z fuzz: elapsed: 0s, gathering baseline coverage: 3/3 completed, now fuzzing with 4 workers
2026-10-07T01:41:20.5459448Z fuzz: elapsed: 3s, execs: 4925 (1641/sec), new interesting: 34 (total: 37)
2026-10-07T01:41:20.5499880Z fuzz: elapsed: 3s, execs: 4925 (0/sec), new interesting: 34 (total: 37)
2026-10-07T01:41:20.5500286Z PASS
2026-10-07T01:41:20.5508145Z ok  	github.com/rahoney/heliopause/internal/sandbox	3.011s
2026-10-07T01:41:35.7391397Z === RUN   TestLinuxTrustedHostExecutorIntegration
2026-10-07T01:41:39.9601850Z --- PASS: TestLinuxTrustedHostExecutorIntegration (4.22s)
2026-10-07T01:41:39.9604469Z PASS
2026-10-07T01:41:39.9605238Z ok  	github.com/rahoney/heliopause/internal/hosttool	4.225s
2026-10-07T01:41:49.8149213Z ok  	github.com/rahoney/heliopause/internal/sandbox	2.122s
2026-10-07T01:41:50.7962624Z ok  	github.com/rahoney/heliopause/internal/sandbox	0.501s
2026-10-07T01:41:54.8922920Z observer_attribution sequence=1 profile=npm-lifecycle counts=NETWORK/CONNECT/INET/CONTROL_GROUP/OTHER:14
2026-10-07T01:41:59.7891446Z {"schema_version":"helox.operation-result/v1","operation_id":"op_5cp265uudekhhenb236g2cl3ye","operation":"INSTALL","operation_status":"COMPLETED","artifact":{"reference":{"source_id":"npm","locator":"is-number@7.0.0"}},"checks":[{"id":"npm-declared-integrity","kind":"VERIFICATION","required":true,"capability":"SUPPORTED","execution_status":"COMPLETED"},{"id":"npm-static-archive","kind":"INSPECTION","required":true,"capability":"SUPPORTED","execution_status":"COMPLETED"},{"id":"npm-dynamic-lifecycle","kind":"INSPECTION","required":true,"capability":"SUPPORTED","execution_status":"COMPLETED"}],"evidence_references":[{"id":"npm-declared-integrity-result","handle":"evidence:run_yoymjokz7ss36txqotj2ad4wti:npm-declared-integrity-result"},{"id":"npm-static-archive-result","handle":"evidence:run_yoymjokz7ss36txqotj2ad4wti:npm-static-archive-result"},{"id":"npm-dynamic-lifecycle-result","handle":"evidence:run_yoymjokz7ss36txqotj2ad4wti:npm-dynamic-lifecycle-result"}],"dependency_policy_attribution":[{"node":"lock-cea938ada7edc7cbce5a1360495944a7","package":"is-number","version":"7.0.0","source":"npm","entry_policy_decision":"ALLOW","entry_policy_reasons":["M3_REQUIRED_CHECKS_COMPLETED"],"dynamic_finding_codes":null}],"policy":{"decision":"ALLOW","id":"m4-npm-install-promotion","version":1,"reasons":["M4_VERIFIED_SET_COMPLETED"]},"target":"/home/runner/work/_temp/npm-target","verified_set":{"manifest_id":"6f742666114dea39cd59c12931697ffc41692af208f13fb1c1c28d360cd13c66","sbom_handle":"staging:6f742666114dea39cd59c12931697ffc41692af208f13fb1c1c28d360cd13c66:sbom.cdx.json","staging_handle":"staging:6f742666114dea39cd59c12931697ffc41692af208f13fb1c1c28d360cd13c66","entry_count":1},"promotion_status":"COMPLETED"}
2026-10-07T01:42:10.0142607Z observer_attribution sequence=1 profile=pypi-wheel counts=NETWORK/TRUSTED_CONTROL/CONNECT/INET/DIRECT_EXEC_SESSION/PYTHON:15
2026-10-07T01:42:18.4760105Z {"schema_version":"helox.operation-result/v1","operation_id":"op_oxa4acj2a5uanmjes2m3xk7ptq","operation":"INSTALL","operation_status":"COMPLETED","artifact":{"reference":{"source_id":"pypi","locator":"packaging@25.0"}},"checks":[{"id":"pypi-declared-sha256","kind":"VERIFICATION","required":true,"capability":"SUPPORTED","execution_status":"COMPLETED"},{"id":"pypi-static-archive","kind":"INSPECTION","required":true,"capability":"SUPPORTED","execution_status":"COMPLETED"},{"id":"pypi-dynamic-import","kind":"INSPECTION","required":true,"capability":"SUPPORTED","execution_status":"COMPLETED"}],"evidence_references":[{"id":"pypi-declared-sha256-result","handle":"evidence:run_nidxrxv5hru4nhmdeohszxouwy:pypi-declared-sha256-result"},{"id":"pypi-static-archive-result","handle":"evidence:run_nidxrxv5hru4nhmdeohszxouwy:pypi-static-archive-result"},{"id":"pypi-dynamic-import-result","handle":"evidence:run_nidxrxv5hru4nhmdeohszxouwy:pypi-dynamic-import-result"}],"dependency_policy_attribution":[{"node":"pypi-a08217d00fbe041ba9f9f3cea594d590","package":"packaging","version":"25.0","source":"pypi","entry_policy_decision":"ALLOW","entry_policy_reasons":["M3_REQUIRED_CHECKS_COMPLETED"],"dynamic_finding_codes":null}],"policy":{"decision":"ALLOW","id":"m5-pypi-pip","version":1,"reasons":["M5_VERIFIED_SET_COMPLETED"]},"target":"/home/runner/work/_temp/pypi-target","verified_set":{"manifest_id":"39627254a6a55c90337045e0156ec1c8b0907fa3a6111d1974edf4a636d72a75","sbom_handle":"staging:39627254a6a55c90337045e0156ec1c8b0907fa3a6111d1974edf4a636d72a75:sbom.cdx.json","staging_handle":"staging:39627254a6a55c90337045e0156ec1c8b0907fa3a6111d1974edf4a636d72a75","entry_count":1},"promotion_status":"COMPLETED"}
2026-10-07T01:42:18.9538539Z === RUN   TestPublicTerraformProviderSourceIntegration
2026-10-07T01:42:18.9539258Z === RUN   TestPublicTerraformProviderSourceIntegration/hashicorp/random@3.7.2
2026-10-07T01:42:19.3982364Z     source_integration_linux_test.go:92: ZIP fully read; files=2; h1=h1:356j/3XnXEKr9nyicLUufzoF4Yr6hRy481KIxRVpK0c=; zh=zh:7b8434212eef0f8c83f5a90c6d76feaf850f6502b61b53c329e85b3b281cba34; executable=terraform-provider-random_v3.7.2_x5; executableSHA256=b2e1c417324b1100b67360e044d69636043320ffe024d0546f18b74ed99a7c39
2026-10-07T01:42:19.4025978Z     source_integration_linux_test.go:93: Exact public provider verified; archive=7b8434212eef0f8c83f5a90c6d76feaf850f6502b61b53c329e85b3b281cba34; envelope=7d85f5a5f93b439108a4ae28afba098908190b8b735c622024e3fab33dfb9b37; signer=C874011F0AB405110D02105534365D9472D7468F; trust=HASHICORP_OFFICIAL
2026-10-07T01:42:19.4027920Z     source_integration_linux_test.go:94: Qualification intake directory=/tmp/TestPublicTerraformProviderSourceIntegrationhashicorprandom@3.3437642120/001; Run=run_g7hdcjq5tfbhpxa37vw3xvdzai
2026-10-07T01:42:19.4039029Z === RUN   TestPublicTerraformProviderSourceIntegration/integrations/github@6.6.0
2026-10-07T01:42:20.2598554Z     source_integration_linux_test.go:92: ZIP fully read; files=4; h1=h1:Fp0RrNe+w167AQkVUWC1WRAsyjhhHN7aHWUky7VkKW8=; zh=zh:772edb5890d72b32868f9fdc0a9a1d4f4701d8e7f8acb37a7ac530d053c776e3; executable=terraform-provider-github_v6.6.0; executableSHA256=eb5a89fb6f8ac65d81ed98398a89155b21b1b072ef032e7cad34ca10b477884f
2026-10-07T01:42:20.2654140Z     source_integration_linux_test.go:93: Exact public provider verified; archive=772edb5890d72b32868f9fdc0a9a1d4f4701d8e7f8acb37a7ac530d053c776e3; envelope=e7b5215e3617b27d90e6f4f1d9d2d9ecc9cf0ed4b9560cbada614d7ad39a74ac; signer=F31928FACE52F1A13A6C60EA38027F80D7FD5FB2; trust=RECOGNIZED_PARTNER
2026-10-07T01:42:20.2656678Z     source_integration_linux_test.go:94: Qualification intake directory=/tmp/TestPublicTerraformProviderSourceIntegrationintegrationsgithub2676916906/001; Run=run_r6ed5lzupesdvvhvi7iseto34e
2026-10-07T01:42:20.2660322Z --- PASS: TestPublicTerraformProviderSourceIntegration (1.31s)
2026-10-07T01:42:20.2661615Z     --- PASS: TestPublicTerraformProviderSourceIntegration/hashicorp/random@3.7.2 (0.45s)
2026-10-07T01:42:20.2662731Z     --- PASS: TestPublicTerraformProviderSourceIntegration/integrations/github@6.6.0 (0.86s)
2026-10-07T01:42:20.2663394Z PASS
2026-10-07T01:42:20.2680376Z ok  	github.com/rahoney/heliopause/internal/verification/terraformprovider	1.317s
2026-10-07T01:42:21.0678104Z helper reaped: pid=149201 wait=0
2026-10-07T01:42:21.0830051Z helper launch: bash=/bin/bash version=5.2.21(1)-release owner=2379
2026-10-07T01:42:22.8502838Z helper ready: pid=161579 attempt=17
2026-10-07T01:42:22.8543894Z === RUN   TestLinuxPyTorchResolverIntegration
2026-10-07T01:42:52.1297218Z observer_attribution sequence=1 profile=pypi-wheel-pytorch-cpu counts=NETWORK/TRUSTED_CONTROL/CONNECT/INET/DIRECT_EXEC_SESSION/PYTHON:151
2026-10-07T01:42:52.3087005Z --- PASS: TestLinuxPyTorchResolverIntegration (29.45s)
2026-10-07T01:42:52.3087594Z PASS
2026-10-07T01:42:52.3136065Z === RUN   TestLinuxGoIsolatedResolverIntegration
2026-10-07T01:42:54.4761925Z observer_attribution sequence=1 profile=go-module-resolver counts=NETWORK/TRUSTED_CONTROL/CONNECT/INET/DIRECT_EXEC_SESSION/OTHER:2
2026-10-07T01:42:54.6412936Z     gomodule_isolated_integration_test.go:21: isolated_command=get github.com/spf13/pflag@v1.0.9 output_bytes=0 output_sha256=e3b0c44298fc1c149afbf4c8996fb92427ae41e4649b934ca495991b7852b855
2026-10-07T01:42:55.7179862Z observer_attribution sequence=2 profile=go-module-resolver counts=NETWORK/TRUSTED_CONTROL/CONNECT/INET/DIRECT_EXEC_SESSION/OTHER:1
2026-10-07T01:42:55.8636622Z     gomodule_isolated_integration_test.go:21: isolated_command=mod download -json all output_bytes=497 output_sha256=56f6013247270cb569000a7f0014ef97099984324d026108514217ef8f7c7d4c
2026-10-07T01:42:56.8596616Z observer_attribution sequence=3 profile=go-module-resolver counts=NETWORK/TRUSTED_CONTROL/CONNECT/INET/DIRECT_EXEC_SESSION/OTHER:1
2026-10-07T01:42:57.0056277Z     gomodule_isolated_integration_test.go:21: isolated_command=mod graph output_bytes=111 output_sha256=a34d60c5aea5368cbb0e91d403dfd8f88442cc3322e0087a47dc4cd618e991b0
2026-10-07T01:42:57.0060495Z --- PASS: TestLinuxGoIsolatedResolverIntegration (4.69s)
2026-10-07T01:42:57.0061377Z === RUN   TestLinuxGoIsolatedProjectResolverIntegration
2026-10-07T01:42:58.0351280Z observer_attribution sequence=1 profile=go-module-resolver counts=NETWORK/TRUSTED_CONTROL/CONNECT/INET/DIRECT_EXEC_SESSION/OTHER:1
2026-10-07T01:42:58.1840801Z     gomodule_isolated_integration_test.go:28: isolated_command=mod download -json all output_bytes=497 output_sha256=56f6013247270cb569000a7f0014ef97099984324d026108514217ef8f7c7d4c
2026-10-07T01:42:59.1537270Z observer_attribution sequence=2 profile=go-module-resolver counts=NETWORK/TRUSTED_CONTROL/CONNECT/INET/DIRECT_EXEC_SESSION/OTHER:1
2026-10-07T01:42:59.3041383Z     gomodule_isolated_integration_test.go:28: isolated_command=mod graph output_bytes=111 output_sha256=a34d60c5aea5368cbb0e91d403dfd8f88442cc3322e0087a47dc4cd618e991b0
2026-10-07T01:42:59.3046419Z --- PASS: TestLinuxGoIsolatedProjectResolverIntegration (2.30s)
2026-10-07T01:42:59.3047087Z === RUN   TestLinuxGoSourceProjectSnapshotIntegration
2026-10-07T01:43:00.3831832Z observer_attribution sequence=1 profile=go-module-resolver counts=NETWORK/TRUSTED_CONTROL/CONNECT/INET/DIRECT_EXEC_SESSION/OTHER:1
2026-10-07T01:43:01.5407221Z observer_attribution sequence=2 profile=go-module-resolver counts=NETWORK/TRUSTED_CONTROL/CONNECT/INET/DIRECT_EXEC_SESSION/OTHER:1
2026-10-07T01:43:01.7011818Z     gomodule_isolated_integration_test.go:37: actual_project_graph_sha256=2fd85f35b1032f4332f924e60f9846cac5bd5a4f1a49a36a135879eec72a4db5 modules=1
2026-10-07T01:43:01.7015341Z --- PASS: TestLinuxGoSourceProjectSnapshotIntegration (2.40s)
2026-10-07T01:43:01.7016584Z === RUN   TestLinuxGoDependencyFreeProjectSnapshotIntegration
2026-10-07T01:43:03.7484840Z     gomodule_isolated_integration_test.go:44: actual_project_graph_sha256=5fce8efcf6e6c7e4462e816a233133217f502d87491cac38214d03de2cf441a5 modules=0
2026-10-07T01:43:03.7489287Z --- PASS: TestLinuxGoDependencyFreeProjectSnapshotIntegration (2.05s)
2026-10-07T01:43:03.7489939Z PASS
2026-10-07T01:43:03.7540566Z === RUN   TestLinuxCargoSourceProjectSnapshotIntegration
2026-10-07T01:43:04.9814069Z observer_attribution sequence=1 profile=cargo-resolver counts=NETWORK/TRUSTED_CONTROL/CONNECT/INET/DIRECT_EXEC_SESSION/OTHER:10,NETWORK/TRUSTED_CONTROL/SENDTO/INET/DIRECT_EXEC_SESSION/OTHER:24
2026-10-07T01:43:05.1311907Z     cargo_isolated_integration_test.go:58: actual_cargo_graph_sha256=df04ccadce07ff0b9a2facd6a75f628a65a10bc82b4f51b521d53f0b34f99c45 crates=1
2026-10-07T01:43:05.1318272Z --- PASS: TestLinuxCargoSourceProjectSnapshotIntegration (1.38s)
2026-10-07T01:43:05.1318872Z PASS
2026-10-07T01:43:05.1368163Z === RUN   TestLinuxTerraformProviderProbeIntegration
2026-10-07T01:43:05.1369344Z === RUN   TestLinuxTerraformProviderProbeIntegration/hashicorp/random@3.7.2
2026-10-07T01:43:06.1514324Z     terraform_provider_integration_linux_test.go:89: Exact public provider help probe completed: reference=hashicorp/random@3.7.2 archive=7b8434212eef0f8c83f5a90c6d76feaf850f6502b61b53c329e85b3b281cba34 envelope=7d85f5a5f93b439108a4ae28afba098908190b8b735c622024e3fab33dfb9b37 {"schema":"m11-004","session":"sbx_qszp4ffoigbh3lmmjcbpmev6h4","status":"COMPLETED","unique_subjects":4,"total":39,"counts":{"FILESYSTEM:filesystem-workspace-access":2,"PROCESS:lifecycle-completed":1,"PROCESS:process-exec-expected":35,"PROCESS:terraform-help-exit-0":1}}
2026-10-07T01:43:06.1519562Z === RUN   TestLinuxTerraformProviderProbeIntegration/integrations/github@6.6.0
2026-10-07T01:43:07.3148368Z     direct_exec_admission.go:99: discard command failed: docker ["exec" "--user" "0:0" "82f85b746a74c542db8238d3cd2d6ecda3c0d37ea7beacb59efe5d1debfd5c7d" "/haa-runtime/haa-boundary" "--origin-handoff-elf" "7059494ee114ff513250f7a4b12ca63727803fcaf14fdc2cec0e570a2b08fefa" "/work/artifact" "-help"]: exit status 1; bounded output="This binary is a plugin. These are not meant to be executed directly.\nPlease execute the program that consumes these plugins, which will\nload any plugins automatically\n"
2026-10-07T01:43:07.3775327Z     terraform_provider_integration_linux_test.go:89: Exact public provider help probe completed: reference=integrations/github@6.6.0 archive=772edb5890d72b32868f9fdc0a9a1d4f4701d8e7f8acb37a7ac530d053c776e3 envelope=e7b5215e3617b27d90e6f4f1d9d2d9ecc9cf0ed4b9560cbada614d7ad39a74ac {"schema":"m11-004","session":"sbx_kcvfxixqsf5yxzrcdheei643ny","status":"COMPLETED","unique_subjects":4,"total":39,"counts":{"FILESYSTEM:filesystem-workspace-access":2,"PROCESS:lifecycle-completed":1,"PROCESS:process-exec-expected":35,"PROCESS:terraform-help-exit-1":1}}
2026-10-07T01:43:07.3781946Z --- PASS: TestLinuxTerraformProviderProbeIntegration (2.24s)
2026-10-07T01:43:07.3783086Z     --- PASS: TestLinuxTerraformProviderProbeIntegration/hashicorp/random@3.7.2 (1.02s)
2026-10-07T01:43:07.3786899Z     --- PASS: TestLinuxTerraformProviderProbeIntegration/integrations/github@6.6.0 (1.23s)
2026-10-07T01:43:07.3788025Z === RUN   TestLinuxTerraformProviderSecurityIntegration
2026-10-07T01:43:07.3788916Z === RUN   TestLinuxTerraformProviderSecurityIntegration/normal
2026-10-07T01:43:07.8673278Z     terraform_provider_security_integration_linux_test.go:203: actual_provider_boundary=normal {"schema":"m11-004","session":"sbx_5lpxv7wqo4t4zhvi5ojcsi3vjm","status":"COMPLETED","unique_subjects":4,"total":38,"counts":{"FILESYSTEM:filesystem-workspace-access":1,"PROCESS:lifecycle-completed":1,"PROCESS:process-exec-expected":35,"PROCESS:terraform-help-exit-0":1}}
2026-10-07T01:43:07.8676638Z === RUN   TestLinuxTerraformProviderSecurityIntegration/network
2026-10-07T01:43:08.3471377Z observer_attribution sequence=1 profile=terraform-provider counts=NETWORK/CONNECT/INET/ARTIFACT_GROUP/OTHER:1
2026-10-07T01:43:08.3815010Z     terraform_provider_security_integration_linux_test.go:203: actual_provider_boundary=network {"schema":"m11-004","session":"sbx_xx7a2wlyablv4udnmzyn4c53ie","status":"COMPLETED","unique_subjects":5,"total":39,"counts":{"FILESYSTEM:filesystem-workspace-access":1,"NETWORK:network-attempt":1,"PROCESS:lifecycle-completed":1,"PROCESS:process-exec-expected":35,"PROCESS:terraform-help-exit-0":1}}
2026-10-07T01:43:08.3818165Z === RUN   TestLinuxTerraformProviderSecurityIntegration/filesystem
2026-10-07T01:43:08.8586301Z     terraform_provider_security_integration_linux_test.go:203: actual_provider_boundary=filesystem {"schema":"m11-004","session":"sbx_sq5qob57q4shm6dq23433q2gka","status":"INCOMPLETE","limitation":"M3_DYNAMIC_OBSERVER_FAILED","unique_subjects":0,"total":0,"counts":{}}
2026-10-07T01:43:08.8588317Z === RUN   TestLinuxTerraformProviderSecurityIntegration/unexpected-process
2026-10-07T01:43:09.2839943Z observer_attribution sequence=1 profile=terraform-provider counts=PROCESS/SENTRY_EXEC/OTHER/ARTIFACT_ROLE/ARTIFACT_GROUP:1
2026-10-07T01:43:09.3429082Z     terraform_provider_security_integration_linux_test.go:203: actual_provider_boundary=unexpected-process {"schema":"m11-004","session":"sbx_vqo522c5d6v4pxhyvadu5ieo2y","status":"INCOMPLETE","limitation":"M3_DYNAMIC_OBSERVER_FAILED","unique_subjects":1,"total":1,"counts":{"PROCESS:process-exec-unexpected":1}}
2026-10-07T01:43:09.3431296Z --- PASS: TestLinuxTerraformProviderSecurityIntegration (1.96s)
2026-10-07T01:43:09.3432186Z     --- PASS: TestLinuxTerraformProviderSecurityIntegration/normal (0.49s)
2026-10-07T01:43:09.3433173Z     --- PASS: TestLinuxTerraformProviderSecurityIntegration/network (0.51s)
2026-10-07T01:43:09.3434236Z     --- PASS: TestLinuxTerraformProviderSecurityIntegration/filesystem (0.48s)
2026-10-07T01:43:09.3435091Z     --- PASS: TestLinuxTerraformProviderSecurityIntegration/unexpected-process (0.48s)
2026-10-07T01:43:09.3435496Z PASS
2026-10-07T01:43:13.5260084Z helper reaped: pid=161579 wait=0
2026-10-07T01:43:13.5403636Z helper launch: bash=/bin/bash version=5.2.21(1)-release owner=2379
2026-10-07T01:43:15.3093890Z helper ready: pid=169510 attempt=17
2026-10-07T01:43:15.3136560Z === RUN   TestLinuxNPMInspectCLIIntegration
2026-10-07T01:43:21.1576186Z     npm_inspect_integration_test.go:67: actual_npm_inspect_result={"schema_version":"helox.operation-result/v1","operation_id":"op_4cbc2yiohq2jee2pmzgvrmhveu","operation":"INSPECT","operation_status":"COMPLETED","run":{"id":"run_rgh7dheuggk5io3zquhkhif6zu","outcome":"COMPLETED"},"artifact":{"reference":{"source_id":"npm","locator":"is-number@7.0.0"},"resolved_identity":{"source_id":"npm","name":"is-number","version":"7.0.0","variant":"tarball"},"digest":{"algorithm":"sha256","value":"7b75c1057198cf97696909a9bee176c9c5e9bcb5b03bf3ecef2f484defadd51e"}},"checks":[{"id":"npm-declared-integrity","kind":"VERIFICATION","required":true,"capability":"SUPPORTED","execution_status":"COMPLETED"},{"id":"npm-static-archive","kind":"INSPECTION","required":true,"capability":"SUPPORTED","execution_status":"COMPLETED"},{"id":"npm-dynamic-lifecycle","kind":"INSPECTION","required":true,"capability":"SUPPORTED","execution_status":"COMPLETED"}],"evidence_references":[{"id":"npm-declared-integrity-result","handle":"evidence:run_rgh7dheuggk5io3zquhkhif6zu:npm-declared-integrity-result"},{"id":"npm-static-archive-result","handle":"evidence:run_rgh7dheuggk5io3zquhkhif6zu:npm-static-archive-result"},{"id":"npm-dynamic-lifecycle-result","handle":"evidence:run_rgh7dheuggk5io3zquhkhif6zu:npm-dynamic-lifecycle-result"}],"policy":{"decision":"ALLOW","id":"m3-npm-dynamic-inspect","version":1,"reasons":["M3_REQUIRED_CHECKS_COMPLETED"]}}
2026-10-07T01:43:21.1581509Z --- PASS: TestLinuxNPMInspectCLIIntegration (5.84s)
2026-10-07T01:43:21.1581823Z PASS
2026-10-07T01:43:21.1634237Z === RUN   TestLinuxGoDependencyFreeDownloadIntegration
2026-10-07T01:43:29.7671922Z     go_download_integration_test.go:59: actual_download_attempt=0 Source: go-proxy
2026-10-07T01:43:29.7672616Z         Modules: 0
2026-10-07T01:43:29.7673111Z         Graph digest: 5fce8efcf6e6c7e4462e816a233133217f502d87491cac38214d03de2cf441a5
2026-10-07T01:43:38.3514078Z     go_download_integration_test.go:59: actual_download_attempt=1 Source: go-proxy
2026-10-07T01:43:38.3518602Z         Modules: 0
2026-10-07T01:43:38.3519511Z         Graph digest: 5fce8efcf6e6c7e4462e816a233133217f502d87491cac38214d03de2cf441a5
2026-10-07T01:43:38.3520374Z --- PASS: TestLinuxGoDependencyFreeDownloadIntegration (17.19s)
2026-10-07T01:43:38.3521270Z === RUN   TestLinuxGoGetDownloadIntegration
2026-10-07T01:43:44.6621264Z observer_attribution sequence=1 profile=go-module-resolver counts=NETWORK/TRUSTED_CONTROL/CONNECT/INET/DIRECT_EXEC_SESSION/OTHER:4
2026-10-07T01:43:48.2760473Z observer_attribution sequence=2 profile=go-module-resolver counts=NETWORK/TRUSTED_CONTROL/CONNECT/INET/DIRECT_EXEC_SESSION/OTHER:1
2026-10-07T01:43:51.8425320Z observer_attribution sequence=3 profile=go-module-resolver counts=NETWORK/TRUSTED_CONTROL/CONNECT/INET/DIRECT_EXEC_SESSION/OTHER:1
2026-10-07T01:43:57.3864232Z observer_attribution sequence=1 profile=go-module-resolver counts=NETWORK/TRUSTED_CONTROL/CONNECT/INET/DIRECT_EXEC_SESSION/OTHER:1
2026-10-07T01:44:00.9338335Z observer_attribution sequence=2 profile=go-module-resolver counts=NETWORK/TRUSTED_CONTROL/CONNECT/INET/DIRECT_EXEC_SESSION/OTHER:1
2026-10-07T01:44:01.3303556Z --- PASS: TestLinuxGoGetDownloadIntegration (22.98s)
2026-10-07T01:44:01.3304261Z === RUN   TestLinuxGoTransitiveGetDownloadIntegration
2026-10-07T01:44:12.7843256Z observer_attribution sequence=1 profile=go-module-resolver counts=NETWORK/TRUSTED_CONTROL/CONNECT/INET/DIRECT_EXEC_SESSION/OTHER:3
2026-10-07T01:44:27.2592968Z observer_attribution sequence=2 profile=go-module-resolver counts=NETWORK/TRUSTED_CONTROL/CONNECT/INET/DIRECT_EXEC_SESSION/OTHER:4
2026-10-07T01:44:30.8818525Z observer_attribution sequence=3 profile=go-module-resolver counts=NETWORK/TRUSTED_CONTROL/CONNECT/INET/DIRECT_EXEC_SESSION/OTHER:2
2026-10-07T01:45:01.2718275Z observer_attribution sequence=1 profile=go-module-resolver counts=NETWORK/TRUSTED_CONTROL/CONNECT/INET/DIRECT_EXEC_SESSION/OTHER:2
2026-10-07T01:45:04.8766391Z observer_attribution sequence=2 profile=go-module-resolver counts=NETWORK/TRUSTED_CONTROL/CONNECT/INET/DIRECT_EXEC_SESSION/OTHER:2
2026-10-07T01:45:20.6461427Z --- PASS: TestLinuxGoTransitiveGetDownloadIntegration (79.32s)
2026-10-07T01:45:20.6461952Z PASS
2026-10-07T01:45:20.6525439Z === RUN   TestLinuxGoDependencyFreeBuildCLIIntegration
2026-10-07T01:45:44.4432276Z     go_build_cli_integration_test.go:21: actual CLI retained build reference= graph=bda38cb39b9fc0aa676b07ab6ad654d1c5867ec81cfb8ee1b7788d0911f0539e source=27d4b61d26b3f0431008d6843549c699f9d6867184992ef6a007ed27dbfe05a3 cache=5f70bf18a086007016e948b04aed3b82103a36bea41755b6cddfaf10ace3c6ef output=a8188540c6a4a80d72c6f88e84bfd223110b63473d10c11a9dd31f9b0c13d8db recipe=370b1b9aa7af73617e37cb9867e48ae9989b50ddcb8a8cc24fb9db7d3a57e00d
2026-10-07T01:45:59.6376214Z     go_build_cli_integration_test.go:21: actual CLI retained build reference= graph=bda38cb39b9fc0aa676b07ab6ad654d1c5867ec81cfb8ee1b7788d0911f0539e source=27d4b61d26b3f0431008d6843549c699f9d6867184992ef6a007ed27dbfe05a3 cache=5f70bf18a086007016e948b04aed3b82103a36bea41755b6cddfaf10ace3c6ef output=a8188540c6a4a80d72c6f88e84bfd223110b63473d10c11a9dd31f9b0c13d8db recipe=370b1b9aa7af73617e37cb9867e48ae9989b50ddcb8a8cc24fb9db7d3a57e00d
2026-10-07T01:45:59.6394695Z --- PASS: TestLinuxGoDependencyFreeBuildCLIIntegration (38.99s)
2026-10-07T01:45:59.6395281Z === RUN   TestLinuxGoPublicBuildCLIIntegration
2026-10-07T01:46:06.3480293Z observer_attribution sequence=1 profile=go-module-resolver counts=NETWORK/TRUSTED_CONTROL/CONNECT/INET/DIRECT_EXEC_SESSION/OTHER:4
2026-10-07T01:46:10.2246058Z observer_attribution sequence=2 profile=go-module-resolver counts=NETWORK/TRUSTED_CONTROL/CONNECT/INET/DIRECT_EXEC_SESSION/OTHER:1
2026-10-07T01:46:14.0475083Z observer_attribution sequence=3 profile=go-module-resolver counts=NETWORK/TRUSTED_CONTROL/CONNECT/INET/DIRECT_EXEC_SESSION/OTHER:1
2026-10-07T01:46:47.7200130Z     go_build_cli_integration_test.go:24: actual CLI retained build reference=github.com/spf13/pflag@v1.0.9 graph=448d4a5978ee1b675396511f50147e43ebaf11e6cd08603e11a27d3719ae2651 source=047ba408e8a9b4d029447657425faa692863e5c409277514cf49759398944e64 cache=34c81f63bf01dfb5b38ea9eda545d91c5d2dd8357db7b6170b78685877f701af output=36770872f3848cddef52f5af4c8bceeaf00969ebad548c05fd65bc7e55b74c61 recipe=370b1b9aa7af73617e37cb9867e48ae9989b50ddcb8a8cc24fb9db7d3a57e00d
2026-10-07T01:46:47.7262716Z --- PASS: TestLinuxGoPublicBuildCLIIntegration (48.09s)
2026-10-07T01:46:47.7264676Z === RUN   TestLinuxGoTransitiveBuildCLIIntegration
2026-10-07T01:46:59.4227910Z observer_attribution sequence=1 profile=go-module-resolver counts=NETWORK/TRUSTED_CONTROL/CONNECT/INET/DIRECT_EXEC_SESSION/OTHER:3
2026-10-07T01:47:14.1301221Z observer_attribution sequence=2 profile=go-module-resolver counts=NETWORK/TRUSTED_CONTROL/CONNECT/INET/DIRECT_EXEC_SESSION/OTHER:4
2026-10-07T01:47:17.9904921Z observer_attribution sequence=3 profile=go-module-resolver counts=NETWORK/TRUSTED_CONTROL/CONNECT/INET/DIRECT_EXEC_SESSION/OTHER:2
2026-10-07T01:49:09.6553450Z     go_build_cli_integration_test.go:27: actual CLI retained build reference=google.golang.org/grpc@v1.76.0 graph=23e3024403173c469be709790536e5b56df0bf690c756b9f362ca6a9b0e2ec41 source=c5b0d6da55ca1dbb74d5e3ac324706794ac9d9387610351132065d36e050a57f cache=bdf76a0f270b3d34a8da95b35c49e019677aff8d771123dae88caa845fae6d4e output=518d22e9b9ecf2ebbe96dd7be1f5050153a2e62523cf33fc1e2037c4a65c735d recipe=370b1b9aa7af73617e37cb9867e48ae9989b50ddcb8a8cc24fb9db7d3a57e00d
2026-10-07T01:49:10.3045130Z --- PASS: TestLinuxGoTransitiveBuildCLIIntegration (142.58s)
2026-10-07T01:49:10.3045664Z === RUN   TestLinuxGoInvalidTestdataBuildCLIIntegration
2026-10-07T01:49:24.6749026Z     go_build_cli_integration_test.go:30: actual selected compiler failure selector=./testdata source_sha256=27d4b61d26b3f0431008d6843549c699f9d6867184992ef6a007ed27dbfe05a3 trusted_failure=observed go build failed: phase=BUILD_ALL command_status=EXIT_STATUS_1 reason= events=0 bytes=0 session_complete=false last_kind= kinds=none
2026-10-07T01:49:24.6756608Z --- PASS: TestLinuxGoInvalidTestdataBuildCLIIntegration (14.37s)
2026-10-07T01:49:24.6757314Z === RUN   TestLinuxGoCgoBuildCLIIntegration
2026-10-07T01:49:53.7451336Z     go_build_cli_integration_test.go:34: actual CLI retained build reference= graph=bda38cb39b9fc0aa676b07ab6ad654d1c5867ec81cfb8ee1b7788d0911f0539e source=671bad5e3b9f521f5aaacb8ade4fabbd64c39a09a3f16568e3a83fd206dc7a5b cache=5f70bf18a086007016e948b04aed3b82103a36bea41755b6cddfaf10ace3c6ef output=8d739ee41de67be7d872c1d92b226277ca9d736e4873c596ec6950f617f4b9f3 recipe=370b1b9aa7af73617e37cb9867e48ae9989b50ddcb8a8cc24fb9db7d3a57e00d
2026-10-07T01:49:53.7463431Z --- PASS: TestLinuxGoCgoBuildCLIIntegration (29.07s)
2026-10-07T01:49:53.7465789Z === RUN   TestLinuxGoLibraryBuildCLIIntegration
2026-10-07T01:50:08.7133795Z     go_build_cli_integration_test.go:38: actual CLI retained build reference= graph=bda38cb39b9fc0aa676b07ab6ad654d1c5867ec81cfb8ee1b7788d0911f0539e source=4dafcb34a1a39ef8c1b8675ac17792e72e33812905d598525a12bac18cee195d cache=5f70bf18a086007016e948b04aed3b82103a36bea41755b6cddfaf10ace3c6ef output=5f70bf18a086007016e948b04aed3b82103a36bea41755b6cddfaf10ace3c6ef recipe=370b1b9aa7af73617e37cb9867e48ae9989b50ddcb8a8cc24fb9db7d3a57e00d
2026-10-07T01:50:08.7142462Z --- PASS: TestLinuxGoLibraryBuildCLIIntegration (14.97s)
2026-10-07T01:50:08.7142920Z === RUN   TestLinuxGoMixedPackagesBuildCLIIntegration
2026-10-07T01:50:32.8661108Z     go_build_cli_integration_test.go:42: actual CLI retained build reference= graph=bda38cb39b9fc0aa676b07ab6ad654d1c5867ec81cfb8ee1b7788d0911f0539e source=c16a8683cde09153549a7e072093726783a42a4e023b4647f6651abff1f60d9a cache=5f70bf18a086007016e948b04aed3b82103a36bea41755b6cddfaf10ace3c6ef output=a8188540c6a4a80d72c6f88e84bfd223110b63473d10c11a9dd31f9b0c13d8db recipe=370b1b9aa7af73617e37cb9867e48ae9989b50ddcb8a8cc24fb9db7d3a57e00d
2026-10-07T01:50:32.8673957Z --- PASS: TestLinuxGoMixedPackagesBuildCLIIntegration (24.15s)
2026-10-07T01:50:32.8674954Z === RUN   TestLinuxGoMixedInvalidPackageBuildCLIIntegration
2026-10-07T01:50:55.8988446Z     go_build_cli_integration_test.go:46: actual selected compiler failure selector=./... source_sha256=24c2b88048ba2c08df5e6ca85ce454016e9ae7aef5e25453cec896f1551378f2 trusted_failure=observed go build failed: phase=BUILD_ALL command_status=EXIT_STATUS_1 reason= events=0 bytes=0 session_complete=false last_kind= kinds=none
2026-10-07T01:50:55.8996130Z --- PASS: TestLinuxGoMixedInvalidPackageBuildCLIIntegration (23.03s)
2026-10-07T01:50:55.8997577Z === RUN   TestLinuxGoBuildSecurityCLIIntegration
2026-10-07T01:50:55.8998757Z === RUN   TestLinuxGoBuildSecurityCLIIntegration/filesystem
2026-10-07T01:51:22.8475674Z === RUN   TestLinuxGoBuildSecurityCLIIntegration/missing-cache
2026-10-07T01:51:29.2026219Z observer_attribution sequence=1 profile=go-module-resolver counts=NETWORK/TRUSTED_CONTROL/CONNECT/INET/DIRECT_EXEC_SESSION/OTHER:4
2026-10-07T01:51:32.8653946Z observer_attribution sequence=2 profile=go-module-resolver counts=NETWORK/TRUSTED_CONTROL/CONNECT/INET/DIRECT_EXEC_SESSION/OTHER:1
2026-10-07T01:51:36.4458949Z observer_attribution sequence=3 profile=go-module-resolver counts=NETWORK/TRUSTED_CONTROL/CONNECT/INET/DIRECT_EXEC_SESSION/OTHER:1
2026-10-07T01:51:38.5584827Z === RUN   TestLinuxGoBuildSecurityCLIIntegration/unmanaged
2026-10-07T01:51:40.2506289Z --- PASS: TestLinuxGoBuildSecurityCLIIntegration (44.35s)
2026-10-07T01:51:40.2507013Z     --- PASS: TestLinuxGoBuildSecurityCLIIntegration/filesystem (26.95s)
2026-10-07T01:51:40.2507575Z     --- PASS: TestLinuxGoBuildSecurityCLIIntegration/missing-cache (15.71s)
2026-10-07T01:51:40.2508131Z     --- PASS: TestLinuxGoBuildSecurityCLIIntegration/unmanaged (1.69s)
2026-10-07T01:51:40.2508483Z PASS
2026-10-07T01:51:40.2564412Z === RUN   TestLinuxCargoAddIntegration
2026-10-07T01:51:45.3598976Z observer_attribution sequence=1 profile=cargo-resolver counts=NETWORK/TRUSTED_CONTROL/CONNECT/INET/DIRECT_EXEC_SESSION/OTHER:5,NETWORK/TRUSTED_CONTROL/SENDTO/INET/DIRECT_EXEC_SESSION/OTHER:17
2026-10-07T01:51:48.9853895Z observer_attribution sequence=2 profile=cargo-resolver counts=NETWORK/TRUSTED_CONTROL/CONNECT/INET/DIRECT_EXEC_SESSION/OTHER:10,NETWORK/TRUSTED_CONTROL/SENDTO/INET/DIRECT_EXEC_SESSION/OTHER:24
2026-10-07T01:51:49.2396107Z     cargo_add_integration_test.go:20: actual_cargo_add_attempt=0 Source: crates-io
2026-10-07T01:51:49.2396653Z         Crates: 1
2026-10-07T01:51:49.2397142Z         Lock digest: cbf39703e39655f25a7390d31c2766f93fcb119f4054952ec94a779cdb190d04
2026-10-07T01:51:54.2368311Z observer_attribution sequence=1 profile=cargo-resolver counts=NETWORK/TRUSTED_CONTROL/CONNECT/INET/DIRECT_EXEC_SESSION/OTHER:5,NETWORK/TRUSTED_CONTROL/SENDTO/INET/DIRECT_EXEC_SESSION/OTHER:13
2026-10-07T01:51:57.8237143Z observer_attribution sequence=2 profile=cargo-resolver counts=NETWORK/TRUSTED_CONTROL/CONNECT/INET/DIRECT_EXEC_SESSION/OTHER:10,NETWORK/TRUSTED_CONTROL/SENDTO/INET/DIRECT_EXEC_SESSION/OTHER:24
2026-10-07T01:51:58.0970538Z     cargo_add_integration_test.go:20: actual_cargo_add_attempt=1 Source: crates-io
2026-10-07T01:51:58.0971187Z         Crates: 1
2026-10-07T01:51:58.0971765Z         Lock digest: cbf39703e39655f25a7390d31c2766f93fcb119f4054952ec94a779cdb190d04
2026-10-07T01:51:58.0998366Z --- PASS: TestLinuxCargoAddIntegration (17.84s)
2026-10-07T01:51:58.0998984Z === RUN   TestLinuxCargoTransitiveAddIntegration
2026-10-07T01:52:03.2501241Z observer_attribution sequence=1 profile=cargo-resolver counts=NETWORK/TRUSTED_CONTROL/CONNECT/INET/DIRECT_EXEC_SESSION/OTHER:5,NETWORK/TRUSTED_CONTROL/SENDTO/INET/DIRECT_EXEC_SESSION/OTHER:29
2026-10-07T01:52:07.1474924Z observer_attribution sequence=2 profile=cargo-resolver counts=NETWORK/TRUSTED_CONTROL/CONNECT/INET/DIRECT_EXEC_SESSION/OTHER:10,NETWORK/TRUSTED_CONTROL/SENDTO/INET/DIRECT_EXEC_SESSION/OTHER:48
2026-10-07T01:52:07.9821538Z     cargo_add_integration_test.go:21: actual_cargo_add_attempt=0 Source: crates-io
2026-10-07T01:52:07.9822314Z         Crates: 7
2026-10-07T01:52:07.9822874Z         Lock digest: ec13922d429a8e1cca9148f636c32731cd44ccfc9d1fa55bc9d5bf9241672ba6
2026-10-07T01:52:13.1304872Z observer_attribution sequence=1 profile=cargo-resolver counts=NETWORK/TRUSTED_CONTROL/CONNECT/INET/DIRECT_EXEC_SESSION/OTHER:5,NETWORK/TRUSTED_CONTROL/SENDTO/INET/DIRECT_EXEC_SESSION/OTHER:25
2026-10-07T01:52:16.8279216Z observer_attribution sequence=2 profile=cargo-resolver counts=NETWORK/TRUSTED_CONTROL/CONNECT/INET/DIRECT_EXEC_SESSION/OTHER:10,NETWORK/TRUSTED_CONTROL/SENDTO/INET/DIRECT_EXEC_SESSION/OTHER:48
2026-10-07T01:52:17.6135273Z     cargo_add_integration_test.go:21: actual_cargo_add_attempt=1 Source: crates-io
2026-10-07T01:52:17.6135893Z         Crates: 7
2026-10-07T01:52:17.6136563Z         Lock digest: ec13922d429a8e1cca9148f636c32731cd44ccfc9d1fa55bc9d5bf9241672ba6
2026-10-07T01:52:17.6473522Z --- PASS: TestLinuxCargoTransitiveAddIntegration (19.55s)
2026-10-07T01:52:17.6473930Z PASS
2026-10-07T01:52:17.6527796Z === RUN   TestLinuxCargoDependencyFreeBuildCLIIntegration
2026-10-07T01:52:27.9687936Z --- PASS: TestLinuxCargoDependencyFreeBuildCLIIntegration (10.32s)
2026-10-07T01:52:27.9688551Z === RUN   TestLinuxCargoPublicBuildCLIIntegration
2026-10-07T01:52:32.9702871Z observer_attribution sequence=1 profile=cargo-resolver counts=NETWORK/TRUSTED_CONTROL/CONNECT/INET/DIRECT_EXEC_SESSION/OTHER:5,NETWORK/TRUSTED_CONTROL/SENDTO/INET/DIRECT_EXEC_SESSION/OTHER:17
2026-10-07T01:52:36.5073708Z observer_attribution sequence=2 profile=cargo-resolver counts=NETWORK/TRUSTED_CONTROL/CONNECT/INET/DIRECT_EXEC_SESSION/OTHER:10,NETWORK/TRUSTED_CONTROL/SENDTO/INET/DIRECT_EXEC_SESSION/OTHER:24
2026-10-07T01:52:41.8577673Z observer_attribution sequence=1 profile=cargo-resolver counts=NETWORK/TRUSTED_CONTROL/CONNECT/INET/DIRECT_EXEC_SESSION/OTHER:10,NETWORK/TRUSTED_CONTROL/SENDTO/INET/DIRECT_EXEC_SESSION/OTHER:24
2026-10-07T01:52:47.0129520Z     cargo_build_cli_integration_test.go:254: actual Cargo build run=run_ctwmhhzezw2utghedfotrihne4 source=5918cf755e0ec402b22ea3718f08d9e5e27836cd7d627ced21d75f36669eb0b9 cache=f3217d77bfa700abb967435755c8b6a00990b62568de34f651f8c20c3f9a370c graph=12cba32698557c17bb51c6c8f2112ae90b70b0468a61c991602edb28ec1a7f2d output=ed3d7ce7238e8cc07c84c23aa78132242176648c6d58fe47b77f7d2c50d055d4 recipe=c1e616d14c8444fc02a561c87914291120a26781960e357428afaaff4da4a6b5
2026-10-07T01:52:52.1242602Z observer_attribution sequence=1 profile=cargo-resolver counts=NETWORK/TRUSTED_CONTROL/CONNECT/INET/DIRECT_EXEC_SESSION/OTHER:10,NETWORK/TRUSTED_CONTROL/SENDTO/INET/DIRECT_EXEC_SESSION/OTHER:24
2026-10-07T01:52:57.2453219Z     cargo_build_cli_integration_test.go:254: actual Cargo build run=run_nfud5mpvotcicz267hrc2k6uia source=5918cf755e0ec402b22ea3718f08d9e5e27836cd7d627ced21d75f36669eb0b9 cache=f3217d77bfa700abb967435755c8b6a00990b62568de34f651f8c20c3f9a370c graph=12cba32698557c17bb51c6c8f2112ae90b70b0468a61c991602edb28ec1a7f2d output=ed3d7ce7238e8cc07c84c23aa78132242176648c6d58fe47b77f7d2c50d055d4 recipe=c1e616d14c8444fc02a561c87914291120a26781960e357428afaaff4da4a6b5
2026-10-07T01:52:57.2507924Z     cargo_build_cli_integration_test.go:254: actual Cargo build run=run_ctwmhhzezw2utghedfotrihne4 source=5918cf755e0ec402b22ea3718f08d9e5e27836cd7d627ced21d75f36669eb0b9 cache=f3217d77bfa700abb967435755c8b6a00990b62568de34f651f8c20c3f9a370c graph=12cba32698557c17bb51c6c8f2112ae90b70b0468a61c991602edb28ec1a7f2d output=ed3d7ce7238e8cc07c84c23aa78132242176648c6d58fe47b77f7d2c50d055d4 recipe=c1e616d14c8444fc02a561c87914291120a26781960e357428afaaff4da4a6b5
2026-10-07T01:52:57.2574696Z --- PASS: TestLinuxCargoPublicBuildCLIIntegration (29.29s)
2026-10-07T01:52:57.2575437Z === RUN   TestLinuxCargoTransitiveBuildCLIIntegration
2026-10-07T01:53:02.4282915Z observer_attribution sequence=1 profile=cargo-resolver counts=NETWORK/TRUSTED_CONTROL/CONNECT/INET/DIRECT_EXEC_SESSION/OTHER:5,NETWORK/TRUSTED_CONTROL/SENDTO/INET/DIRECT_EXEC_SESSION/OTHER:29
2026-10-07T01:53:06.2449810Z observer_attribution sequence=2 profile=cargo-resolver counts=NETWORK/TRUSTED_CONTROL/CONNECT/INET/DIRECT_EXEC_SESSION/OTHER:10,NETWORK/TRUSTED_CONTROL/SENDTO/INET/DIRECT_EXEC_SESSION/OTHER:48
2026-10-07T01:53:12.0641637Z observer_attribution sequence=1 profile=cargo-resolver counts=NETWORK/TRUSTED_CONTROL/CONNECT/INET/DIRECT_EXEC_SESSION/OTHER:10,NETWORK/TRUSTED_CONTROL/SENDTO/INET/DIRECT_EXEC_SESSION/OTHER:48
2026-10-07T01:53:20.8621076Z     cargo_build_cli_integration_test.go:261: actual Cargo build run=run_mw3tzmkfqd2epkmbobwducp6t4 source=2a999d2593128a26c7a33d79f9d63d1cab25c794980aa27ce0b4443e92a4a52e cache=b674535e14dd26d8c2968d12c8ca8ca885bd8f4e16f61d4c0277c91bd9b378c1 graph=a61e41c97cc49602fa03850562cf625ea8f41887c41dc0d99eec7eb89477be11 output=88797ed2713baa286c4f7a6bdf582824e597c78e8212eb9370185c2b2dbcdcdf recipe=c1e616d14c8444fc02a561c87914291120a26781960e357428afaaff4da4a6b5
2026-10-07T01:53:26.2764382Z observer_attribution sequence=1 profile=cargo-resolver counts=NETWORK/TRUSTED_CONTROL/CONNECT/INET/DIRECT_EXEC_SESSION/OTHER:10,NETWORK/TRUSTED_CONTROL/SENDTO/INET/DIRECT_EXEC_SESSION/OTHER:48
2026-10-07T01:53:35.0878363Z     cargo_build_cli_integration_test.go:261: actual Cargo build run=run_mtyxqjxbjcflxyvojaf4kvt3ea source=2a999d2593128a26c7a33d79f9d63d1cab25c794980aa27ce0b4443e92a4a52e cache=b674535e14dd26d8c2968d12c8ca8ca885bd8f4e16f61d4c0277c91bd9b378c1 graph=a61e41c97cc49602fa03850562cf625ea8f41887c41dc0d99eec7eb89477be11 output=88797ed2713baa286c4f7a6bdf582824e597c78e8212eb9370185c2b2dbcdcdf recipe=c1e616d14c8444fc02a561c87914291120a26781960e357428afaaff4da4a6b5
2026-10-07T01:53:35.0931059Z     cargo_build_cli_integration_test.go:261: actual Cargo build run=run_mw3tzmkfqd2epkmbobwducp6t4 source=2a999d2593128a26c7a33d79f9d63d1cab25c794980aa27ce0b4443e92a4a52e cache=b674535e14dd26d8c2968d12c8ca8ca885bd8f4e16f61d4c0277c91bd9b378c1 graph=a61e41c97cc49602fa03850562cf625ea8f41887c41dc0d99eec7eb89477be11 output=88797ed2713baa286c4f7a6bdf582824e597c78e8212eb9370185c2b2dbcdcdf recipe=c1e616d14c8444fc02a561c87914291120a26781960e357428afaaff4da4a6b5
2026-10-07T01:53:35.1508058Z --- PASS: TestLinuxCargoTransitiveBuildCLIIntegration (37.89s)
2026-10-07T01:53:35.1508635Z === RUN   TestLinuxCargoLibraryBuildCLIIntegration
2026-10-07T01:53:44.8223924Z     cargo_build_cli_integration_test.go:83: actual Cargo build run=run_chrajslp4quqhpkvlo5lxjhsji source=f2880bde4a29f039190d600435ee7395528409d635ea63fed0174b300bc24212 cache=5f70bf18a086007016e948b04aed3b82103a36bea41755b6cddfaf10ace3c6ef graph=7d98bf301eb14b746685c78c4c1cdec2f06d5c7f0293984cd1561a87d9a11128 output=009f5b1f15ee6185b943ab928ed6ad7f84df8ad63affce272db81f7a2d818189 recipe=c1e616d14c8444fc02a561c87914291120a26781960e357428afaaff4da4a6b5
2026-10-07T01:53:54.5295333Z     cargo_build_cli_integration_test.go:83: actual Cargo build run=run_iymww4inehputc54g57gpg6s7m source=f2880bde4a29f039190d600435ee7395528409d635ea63fed0174b300bc24212 cache=5f70bf18a086007016e948b04aed3b82103a36bea41755b6cddfaf10ace3c6ef graph=7d98bf301eb14b746685c78c4c1cdec2f06d5c7f0293984cd1561a87d9a11128 output=009f5b1f15ee6185b943ab928ed6ad7f84df8ad63affce272db81f7a2d818189 recipe=c1e616d14c8444fc02a561c87914291120a26781960e357428afaaff4da4a6b5
2026-10-07T01:53:54.5298759Z     cargo_build_cli_integration_test.go:83: actual Cargo build run=run_chrajslp4quqhpkvlo5lxjhsji source=f2880bde4a29f039190d600435ee7395528409d635ea63fed0174b300bc24212 cache=5f70bf18a086007016e948b04aed3b82103a36bea41755b6cddfaf10ace3c6ef graph=7d98bf301eb14b746685c78c4c1cdec2f06d5c7f0293984cd1561a87d9a11128 output=009f5b1f15ee6185b943ab928ed6ad7f84df8ad63affce272db81f7a2d818189 recipe=c1e616d14c8444fc02a561c87914291120a26781960e357428afaaff4da4a6b5
2026-10-07T01:53:54.5313633Z --- PASS: TestLinuxCargoLibraryBuildCLIIntegration (19.38s)
2026-10-07T01:53:54.5314321Z === RUN   TestLinuxCargoWorkspaceBuildCLIIntegration
2026-10-07T01:54:04.5122472Z     cargo_build_cli_integration_test.go:83: actual Cargo build run=run_qjaxln6r4kcfgohojimdosu7fy source=b20393852d5e587a656605ef41a2594ed8cb17cac0b52204019e58841528d24c cache=5f70bf18a086007016e948b04aed3b82103a36bea41755b6cddfaf10ace3c6ef graph=5b566d887b590d7405f1350fc43eb76f9aae40db6ee4d9c7635a10a8103e864c output=30623e1da7c843c099a41168d1609921628aae79c0acd74917fa800623587bcd recipe=c1e616d14c8444fc02a561c87914291120a26781960e357428afaaff4da4a6b5
2026-10-07T01:54:14.4812240Z     cargo_build_cli_integration_test.go:83: actual Cargo build run=run_qayvbz7pmimneonscimho6z2ky source=b20393852d5e587a656605ef41a2594ed8cb17cac0b52204019e58841528d24c cache=5f70bf18a086007016e948b04aed3b82103a36bea41755b6cddfaf10ace3c6ef graph=5b566d887b590d7405f1350fc43eb76f9aae40db6ee4d9c7635a10a8103e864c output=30623e1da7c843c099a41168d1609921628aae79c0acd74917fa800623587bcd recipe=c1e616d14c8444fc02a561c87914291120a26781960e357428afaaff4da4a6b5
2026-10-07T01:54:14.4858868Z     cargo_build_cli_integration_test.go:83: actual Cargo build run=run_qjaxln6r4kcfgohojimdosu7fy source=b20393852d5e587a656605ef41a2594ed8cb17cac0b52204019e58841528d24c cache=5f70bf18a086007016e948b04aed3b82103a36bea41755b6cddfaf10ace3c6ef graph=5b566d887b590d7405f1350fc43eb76f9aae40db6ee4d9c7635a10a8103e864c output=30623e1da7c843c099a41168d1609921628aae79c0acd74917fa800623587bcd recipe=c1e616d14c8444fc02a561c87914291120a26781960e357428afaaff4da4a6b5
2026-10-07T01:54:14.4889196Z --- PASS: TestLinuxCargoWorkspaceBuildCLIIntegration (19.96s)
2026-10-07T01:54:14.4889980Z === RUN   TestLinuxCargoBuildScriptBuildCLIIntegration
2026-10-07T01:54:24.6373386Z     cargo_build_cli_integration_test.go:83: actual Cargo build run=run_o6sdqmodhyhfb2xprrsxinzori source=83eacac37c883c26ae897016d8dd21f0f4e89e99932b7d16e46655c573691b8e cache=5f70bf18a086007016e948b04aed3b82103a36bea41755b6cddfaf10ace3c6ef graph=21389cc67090a4a790254e10c2156baa0c860bcdec5db729d353db8dea181bd7 output=8add82489026921248ecb487cc204958d8aa6dffbe10dfa14d0beeb5ac5d3a58 recipe=c1e616d14c8444fc02a561c87914291120a26781960e357428afaaff4da4a6b5
2026-10-07T01:54:34.7798099Z     cargo_build_cli_integration_test.go:83: actual Cargo build run=run_kbu7wq2rnqfyakyzht6fhpxoz4 source=83eacac37c883c26ae897016d8dd21f0f4e89e99932b7d16e46655c573691b8e cache=5f70bf18a086007016e948b04aed3b82103a36bea41755b6cddfaf10ace3c6ef graph=21389cc67090a4a790254e10c2156baa0c860bcdec5db729d353db8dea181bd7 output=8add82489026921248ecb487cc204958d8aa6dffbe10dfa14d0beeb5ac5d3a58 recipe=c1e616d14c8444fc02a561c87914291120a26781960e357428afaaff4da4a6b5
2026-10-07T01:54:34.7850870Z     cargo_build_cli_integration_test.go:83: actual Cargo build run=run_o6sdqmodhyhfb2xprrsxinzori source=83eacac37c883c26ae897016d8dd21f0f4e89e99932b7d16e46655c573691b8e cache=5f70bf18a086007016e948b04aed3b82103a36bea41755b6cddfaf10ace3c6ef graph=21389cc67090a4a790254e10c2156baa0c860bcdec5db729d353db8dea181bd7 output=8add82489026921248ecb487cc204958d8aa6dffbe10dfa14d0beeb5ac5d3a58 recipe=c1e616d14c8444fc02a561c87914291120a26781960e357428afaaff4da4a6b5
2026-10-07T01:54:34.7879865Z --- PASS: TestLinuxCargoBuildScriptBuildCLIIntegration (20.30s)
2026-10-07T01:54:34.7880384Z === RUN   TestLinuxCargoProcMacroBuildCLIIntegration
2026-10-07T01:54:44.9169010Z     cargo_build_cli_integration_test.go:83: actual Cargo build run=run_zqnxfdlowkpxhox75uwuujqtdu source=c1e74d99bb60b4f5948aeb80d765d4b200fc2b4ccb3b0facad8736184266aded cache=5f70bf18a086007016e948b04aed3b82103a36bea41755b6cddfaf10ace3c6ef graph=10a8db38a755f1d3dd197b50b8339729d0c4a9b48d289fab7c60f90b9f222cb7 output=c3d57b99189cac27b81e1ba347b0ae8f12ab68d932a5d48b5119f96bf210e383 recipe=c1e616d14c8444fc02a561c87914291120a26781960e357428afaaff4da4a6b5
2026-10-07T01:54:55.1461879Z     cargo_build_cli_integration_test.go:83: actual Cargo build run=run_megydx46leetfayeswkh7n5h5y source=c1e74d99bb60b4f5948aeb80d765d4b200fc2b4ccb3b0facad8736184266aded cache=5f70bf18a086007016e948b04aed3b82103a36bea41755b6cddfaf10ace3c6ef graph=10a8db38a755f1d3dd197b50b8339729d0c4a9b48d289fab7c60f90b9f222cb7 output=c3d57b99189cac27b81e1ba347b0ae8f12ab68d932a5d48b5119f96bf210e383 recipe=c1e616d14c8444fc02a561c87914291120a26781960e357428afaaff4da4a6b5
2026-10-07T01:54:55.1516040Z     cargo_build_cli_integration_test.go:83: actual Cargo build run=run_zqnxfdlowkpxhox75uwuujqtdu source=c1e74d99bb60b4f5948aeb80d765d4b200fc2b4ccb3b0facad8736184266aded cache=5f70bf18a086007016e948b04aed3b82103a36bea41755b6cddfaf10ace3c6ef graph=10a8db38a755f1d3dd197b50b8339729d0c4a9b48d289fab7c60f90b9f222cb7 output=c3d57b99189cac27b81e1ba347b0ae8f12ab68d932a5d48b5119f96bf210e383 recipe=c1e616d14c8444fc02a561c87914291120a26781960e357428afaaff4da4a6b5
2026-10-07T01:54:55.1548355Z --- PASS: TestLinuxCargoProcMacroBuildCLIIntegration (20.37s)
2026-10-07T01:54:55.1549010Z === RUN   TestLinuxCargoBuildFilesystemSecurityCLIIntegration
2026-10-07T01:55:04.7962240Z     cargo_build_cli_integration_test.go:83: actual Cargo build denied: observed cargo build failed: phase=BUILD command_status=LIFECYCLE_ERROR reason=STREAM_FAULT events=41 bytes=4674 session_complete=false last_kind=process-exec-expected kinds=process-exec-expected:41 fault_site=OPEN_RESULT_CLASSIFICATION_IMAGE image_locator_fnv1a64=8cd5faba57335497 open_image=OTHER open_role=ARTIFACT open_provenance=CLONE_CHILD open_subject=OCI_IMAGE open_mount=oci-root open_flags=557056 open_locator_fnv1a64=8cd5faba57335497 open_kernel_image=UNKNOWN open_executable_fnv1a64=465928f011aed54f open_executable_pinned=false open_go_driver_creator=false open_cargo_driver_creator=true open_rustc_version_query=false open_build_target_image=true open_rustc_metadata_query=false open_rustc_argc=0 open_rustc_argv_fnv1a64=0000000000000000 open_mountpoint_fnv1a64=af63a24c860189fe output_diagnostic= stdout=Operation: INSPECT
2026-10-07T01:55:04.7965358Z         Operation ID: op_glsvtsvvucytp2drmmdzlhcgim
2026-10-07T01:55:04.7965690Z         Status: FAILED
2026-10-07T01:55:04.7966027Z         Run ID: run_r3ypixxfd7xhviqtku442ide3y
2026-10-07T01:55:04.7966357Z         Run outcome: FAILED
2026-10-07T01:55:04.7967639Z         Artifact: project-local/project-a38f0ad6aa0d85b2db3dd490cde23ac031cce46f609609975ffe8cb4053f3315@snapshot (cargo-source)
2026-10-07T01:55:04.7968484Z         Digest: sha256:ecff69a6fbd1f4383ed011ca6630bde04e909e295e64a2a759bdee5569758169
2026-10-07T01:55:04.7969135Z         Error: M12_CARGO_BUILD_OBSERVATION_FAILED: Project build did not complete.
2026-10-07T01:55:04.7969642Z --- PASS: TestLinuxCargoBuildFilesystemSecurityCLIIntegration (9.64s)
2026-10-07T01:55:04.7970111Z === RUN   TestLinuxCargoBuildNetworkSecurityCLIIntegration
2026-10-07T01:55:14.8149619Z observer_attribution sequence=3 profile=cargo-build counts=NETWORK/CONNECT/INET/ARTIFACT_GROUP/OTHER:1
2026-10-07T01:55:14.9184376Z     cargo_build_cli_integration_test.go:83: actual Cargo build denied: operation completed with exit code 10 stdout=Operation: INSPECT
2026-10-07T01:55:14.9185192Z         Operation ID: op_c3rxzf7zdgivo3ukabpuicekka
2026-10-07T01:55:14.9185538Z         Status: COMPLETED
2026-10-07T01:55:14.9185950Z         Run ID: run_4nzjb4jt5axujnxt5qfdefo4m4
2026-10-07T01:55:14.9186282Z         Run outcome: COMPLETED
2026-10-07T01:55:14.9187157Z         Artifact: project-local/project-f88cadd425893a9f4980bc8639393e3b07b8809c80dba2a7bc363108b44d6dfe@snapshot (cargo-source)
2026-10-07T01:55:14.9188154Z         Digest: sha256:d6955f9b8c6acd333e92f2b16db53dd650a6961800b74b1968377cf9a2233a20
2026-10-07T01:55:14.9188699Z         Policy: MANUAL_REVIEW (m3-npm-dynamic-inspect v1)
2026-10-07T01:55:14.9189163Z         Reasons: [M3_NETWORK_ATTEMPT]
2026-10-07T01:55:14.9196235Z --- PASS: TestLinuxCargoBuildNetworkSecurityCLIIntegration (10.12s)
2026-10-07T01:55:14.9197038Z === RUN   TestLinuxCargoBuildConfigurationSecurityCLIIntegration
2026-10-07T01:55:14.9197561Z === RUN   TestLinuxCargoBuildConfigurationSecurityCLIIntegration/working-directory
2026-10-07T01:55:24.9363927Z     cargo_build_cli_integration_test.go:83: actual Cargo build denied: operation completed with exit code 20 stdout=Operation: INSPECT
2026-10-07T01:55:24.9364973Z         Operation ID: op_vrzxhjl3t76fy7xhjjymauayhq
2026-10-07T01:55:24.9365405Z         Status: COMPLETED
2026-10-07T01:55:24.9365765Z         Run ID: run_xexwyftv3fcsznkgz4boj5qug4
2026-10-07T01:55:24.9366161Z         Run outcome: COMPLETED
2026-10-07T01:55:24.9366993Z         Artifact: project-local/project-8e7a0e441b0254f92240a8c192fedff1ff81d8cf035e4af33bb10486486c6c32@snapshot (cargo-source)
2026-10-07T01:55:24.9368101Z         Digest: sha256:eb98ad8bbdcc0a663604a18dbc945a294d3a8297d265c2f1baf8d4e06dfac40b
2026-10-07T01:55:24.9368699Z         Policy: BLOCK (m3-npm-dynamic-inspect v1)
2026-10-07T01:55:24.9369066Z         Reasons: [M3_FILESYSTEM_VIOLATION]
2026-10-07T01:55:24.9378073Z === RUN   TestLinuxCargoBuildConfigurationSecurityCLIIntegration/cargo-home
2026-10-07T01:55:35.0742905Z     cargo_build_cli_integration_test.go:83: actual Cargo build denied: operation completed with exit code 20 stdout=Operation: INSPECT
2026-10-07T01:55:35.0744136Z         Operation ID: op_swh3qn5ilcdsb67vhdmonjssxe
2026-10-07T01:55:35.0744574Z         Status: COMPLETED
2026-10-07T01:55:35.0744913Z         Run ID: run_lxppdsu3xmp7iqxqzjc24phfwq
2026-10-07T01:55:35.0745452Z         Run outcome: COMPLETED
2026-10-07T01:55:35.0746216Z         Artifact: project-local/project-b67bfc07832d8f70afa77efc8851e143e40144693b79ebbab606ab165cbff640@snapshot (cargo-source)
2026-10-07T01:55:35.0747050Z         Digest: sha256:64c821e8cc5707904cde0208b3f71195d74ac863ac3af247615a581de94417d1
2026-10-07T01:55:35.0747556Z         Policy: BLOCK (m3-npm-dynamic-inspect v1)
2026-10-07T01:55:35.0747929Z         Reasons: [M3_FILESYSTEM_VIOLATION]
2026-10-07T01:55:35.0758050Z --- PASS: TestLinuxCargoBuildConfigurationSecurityCLIIntegration (20.16s)
2026-10-07T01:55:35.0759442Z     --- PASS: TestLinuxCargoBuildConfigurationSecurityCLIIntegration/working-directory (10.02s)
2026-10-07T01:55:35.0760623Z     --- PASS: TestLinuxCargoBuildConfigurationSecurityCLIIntegration/cargo-home (10.14s)
2026-10-07T01:55:35.0761698Z === RUN   TestLinuxCargoBuildUnexpectedChildSecurityCLIIntegration
2026-10-07T01:55:44.3785767Z observer_attribution sequence=3 profile=cargo-build counts=PROCESS/SENTRY_EXEC/SHELL/ARTIFACT_ROLE/ARTIFACT_GROUP:1
2026-10-07T01:55:44.7744277Z     cargo_build_cli_integration_test.go:83: actual Cargo build denied: observed cargo build failed: phase=BUILD command_status=LIFECYCLE_ERROR reason=STREAM_FAULT events=42 bytes=4918 session_complete=false last_kind=process-exec-unexpected kinds=process-exec-expected:41,process-exec-unexpected:1 fault_site=OPEN_RESULT_CLASSIFICATION_IMAGE image_locator_fnv1a64=fbc430c15ef57dff open_image=SHELL open_role=ARTIFACT open_provenance=CLONE_CHILD open_subject=OCI_IMAGE open_mount=oci-root open_flags=557056 open_locator_fnv1a64=fbc430c15ef57dff open_kernel_image=SHELL open_executable_fnv1a64=adfe813dd2e5792b open_executable_pinned=true open_go_driver_creator=false open_cargo_driver_creator=false open_rustc_version_query=false open_cargo_program_creator=true open_rustc_metadata_query=false open_rustc_argc=0 open_rustc_argv_fnv1a64=0000000000000000 open_mountpoint_fnv1a64=af63a24c860189fe output_diagnostic= stdout=Operation: INSPECT
2026-10-07T01:55:44.7747632Z         Operation ID: op_rr2z55ssdio27jt7epgfqbfsvq
2026-10-07T01:55:44.7748029Z         Status: FAILED
2026-10-07T01:55:44.7748592Z         Run ID: run_aprvzk6a2g2yphwkowotv6qzfi
2026-10-07T01:55:44.7749145Z         Run outcome: FAILED
2026-10-07T01:55:44.7749942Z         Artifact: project-local/project-ef4389023b30117f9a3ecf2539f07de9a8c2e190fd4ee4242d9f07210f5cea9c@snapshot (cargo-source)
2026-10-07T01:55:44.7750764Z         Digest: sha256:d7e46faf988a39710220d4acb85c978c34eacc3c65641598465bcd3645e1c0aa
2026-10-07T01:55:44.7751621Z         Error: M12_CARGO_BUILD_OBSERVATION_FAILED: Project build did not complete.
2026-10-07T01:55:44.7752155Z --- PASS: TestLinuxCargoBuildUnexpectedChildSecurityCLIIntegration (9.70s)
2026-10-07T01:55:44.7752640Z === RUN   TestLinuxCargoInvalidSourceBuildCLIIntegration
2026-10-07T01:55:54.2719778Z     cargo_build_cli_integration_test.go:83: actual Cargo build denied: observed cargo build failed: phase=BUILD command_status=EXIT_STATUS_101 reason= events=43 bytes=4919 session_complete=true last_kind=filesystem-workspace-access kinds=process-exec-expected:42,filesystem-workspace-access:61 output_diagnostic= stdout=Operation: INSPECT
2026-10-07T01:55:54.2722271Z         Operation ID: op_era65stpi6o4vnl7ljfbcaixau
2026-10-07T01:55:54.2722791Z         Status: FAILED
2026-10-07T01:55:54.2723396Z         Run ID: run_u5afbabs27uywdq5qc64hzknia
2026-10-07T01:55:54.2724012Z         Run outcome: FAILED
2026-10-07T01:55:54.2725408Z         Artifact: project-local/project-8345383f1dc31c6a46809d9f5d28ec2ec800b4374aeacc0536cbc9bf3b875864@snapshot (cargo-source)
2026-10-07T01:55:54.2726966Z         Digest: sha256:e6eb93b484ab2ff42015ee8d9fa6386940784290a29d5acdec511ba054b6cd5d
2026-10-07T01:55:54.2728369Z         Error: M12_CARGO_BUILD_OBSERVATION_FAILED: Project build did not complete.
2026-10-07T01:55:54.2734864Z --- PASS: TestLinuxCargoInvalidSourceBuildCLIIntegration (9.50s)
2026-10-07T01:55:54.2735728Z === RUN   TestLinuxCargoProcMacroSecurityCLIIntegration
2026-10-07T01:55:54.2736887Z === RUN   TestLinuxCargoProcMacroSecurityCLIIntegration/filesystem
2026-10-07T01:56:03.9893307Z     cargo_build_cli_integration_test.go:83: actual Cargo build denied: observed cargo build failed: phase=BUILD command_status=LIFECYCLE_ERROR reason=STREAM_FAULT events=41 bytes=4674 session_complete=false last_kind=process-exec-expected kinds=process-exec-expected:41 fault_site=OPEN_RESULT_CLASSIFICATION_IMAGE image_locator_fnv1a64=8cd5faba57335497 open_image=OTHER open_role=ARTIFACT open_provenance=CLONE_CHILD open_subject=OCI_IMAGE open_mount=oci-root open_flags=557056 open_locator_fnv1a64=8cd5faba57335497 open_kernel_image=RUSTC open_executable_fnv1a64=10196e7a251de540 open_executable_pinned=true open_go_driver_creator=false open_cargo_driver_creator=true open_rustc_version_query=false open_rustc_metadata_query=false open_rustc_argc=32 open_rustc_argv_fnv1a64=64a98d95e24bb02b open_mountpoint_fnv1a64=af63a24c860189fe output_diagnostic= stdout=Operation: INSPECT
2026-10-07T01:56:03.9896906Z         Operation ID: op_mko6s4pg2ywwk3sl2lnjyxdt6y
2026-10-07T01:56:03.9897241Z         Status: FAILED
2026-10-07T01:56:03.9897709Z         Run ID: run_itgvrut2vscch6nkodjzhbik3y
2026-10-07T01:56:03.9898042Z         Run outcome: FAILED
2026-10-07T01:56:03.9899179Z         Artifact: project-local/project-ffb91e6ff3e1e96f23c139f55d7c4f4ca72b84ad16cb78162b660bb63bb5c377@snapshot (cargo-source)
2026-10-07T01:56:03.9900341Z         Digest: sha256:bdf41bfb291cd865f3b98bda0d22fabc550a21142d00786ce6a81c1a1322e021
2026-10-07T01:56:03.9901277Z         Error: M12_CARGO_BUILD_OBSERVATION_FAILED: Project build did not complete.
2026-10-07T01:56:03.9901901Z === RUN   TestLinuxCargoProcMacroSecurityCLIIntegration/network
2026-10-07T01:56:13.9565747Z observer_attribution sequence=3 profile=cargo-build counts=NETWORK/CONNECT/INET/ARTIFACT_GROUP/OTHER:1
2026-10-07T01:56:14.0575604Z     cargo_build_cli_integration_test.go:83: actual Cargo build denied: operation completed with exit code 10 stdout=Operation: INSPECT
2026-10-07T01:56:14.0576477Z         Operation ID: op_atk7ik2aa2qu4yf2uwidryx43u
2026-10-07T01:56:14.0576902Z         Status: COMPLETED
2026-10-07T01:56:14.0577267Z         Run ID: run_rpc6e2vevtginb62flok4hnl7a
2026-10-07T01:56:14.0577668Z         Run outcome: COMPLETED
2026-10-07T01:56:14.0578508Z         Artifact: project-local/project-d2503690e9a2f708d81bdb533083743d749efaf7d6cd4e9fb77675d512801dc4@snapshot (cargo-source)
2026-10-07T01:56:14.0579530Z         Digest: sha256:e07ebc75aba943b3686e5bf4a5456b747843ac27a89c2c179f6261414489a039
2026-10-07T01:56:14.0580161Z         Policy: MANUAL_REVIEW (m3-npm-dynamic-inspect v1)
2026-10-07T01:56:14.0580622Z         Reasons: [M3_NETWORK_ATTEMPT]
2026-10-07T01:56:14.0594922Z --- PASS: TestLinuxCargoProcMacroSecurityCLIIntegration (19.79s)
2026-10-07T01:56:14.0595712Z     --- PASS: TestLinuxCargoProcMacroSecurityCLIIntegration/filesystem (9.72s)
2026-10-07T01:56:14.0596314Z     --- PASS: TestLinuxCargoProcMacroSecurityCLIIntegration/network (10.07s)
2026-10-07T01:56:14.0601440Z PASS
2026-10-07T01:56:14.0660550Z === RUN   TestLinuxTerraformInitIntegration
2026-10-07T01:56:14.0661142Z === RUN   TestLinuxTerraformInitIntegration/official
2026-10-07T01:56:20.6282152Z     terraform_init_integration_linux_test.go:140: actual_terraform_init_attempt=0 Source: terraform-registry
2026-10-07T01:56:20.6282706Z         Providers: 1
2026-10-07T01:56:20.6283192Z         Lock digest: 99fb2d19275d424494f9b13908c02d35283fe2a3eafc75557a2897028d3f671e
2026-10-07T01:56:27.3173524Z     terraform_init_integration_linux_test.go:140: actual_terraform_init_attempt=1 Source: terraform-registry
2026-10-07T01:56:27.3174443Z         Providers: 1
2026-10-07T01:56:27.3175211Z         Lock digest: 99fb2d19275d424494f9b13908c02d35283fe2a3eafc75557a2897028d3f671e
2026-10-07T01:56:27.3219342Z === RUN   TestLinuxTerraformInitIntegration/partner
2026-10-07T01:56:34.7622937Z     terraform_init_integration_linux_test.go:140: actual_terraform_init_attempt=0 Source: terraform-registry
2026-10-07T01:56:34.7623729Z         Providers: 1
2026-10-07T01:56:34.7624699Z         Lock digest: 42dd8c3efcab4c7ac7994551fcf3fd96b0b8de9d3b8f73fe80f1f22dbcdba26f
2026-10-07T01:56:42.0652703Z     terraform_init_integration_linux_test.go:140: actual_terraform_init_attempt=1 Source: terraform-registry
2026-10-07T01:56:42.0653309Z         Providers: 1
2026-10-07T01:56:42.0654162Z         Lock digest: 42dd8c3efcab4c7ac7994551fcf3fd96b0b8de9d3b8f73fe80f1f22dbcdba26f
2026-10-07T01:56:42.0711259Z === RUN   TestLinuxTerraformInitIntegration/complete-project
2026-10-07T01:56:54.1272040Z     terraform_init_integration_linux_test.go:140: actual_terraform_init_attempt=0 Source: terraform-registry
2026-10-07T01:56:54.1272868Z         Providers: 2
2026-10-07T01:56:54.1273452Z         Lock digest: 9aeedf44899e03e0a2c7dd32355a3bbaff040eb18ee625273b2749e29605ae23
2026-10-07T01:57:06.5152286Z     terraform_init_integration_linux_test.go:140: actual_terraform_init_attempt=1 Source: terraform-registry
2026-10-07T01:57:06.5152986Z         Providers: 2
2026-10-07T01:57:06.5153686Z         Lock digest: 9aeedf44899e03e0a2c7dd32355a3bbaff040eb18ee625273b2749e29605ae23
2026-10-07T01:57:06.5244158Z --- PASS: TestLinuxTerraformInitIntegration (52.46s)
2026-10-07T01:57:06.5245071Z     --- PASS: TestLinuxTerraformInitIntegration/official (13.26s)
2026-10-07T01:57:06.5245921Z     --- PASS: TestLinuxTerraformInitIntegration/partner (14.75s)
2026-10-07T01:57:06.5246792Z     --- PASS: TestLinuxTerraformInitIntegration/complete-project (24.45s)
2026-10-07T01:57:06.5247494Z === RUN   TestLinuxTerraformInitNegativeIntegration
2026-10-07T01:57:06.5248151Z === RUN   TestLinuxTerraformInitNegativeIntegration/lock-checksum-mismatch
2026-10-07T01:57:08.5908755Z     terraform_init_integration_linux_test.go:217: actual_terraform_negative=lock-checksum-mismatch primary=resolve exact Terraform graph: terraform package does not match any existing lock hash
2026-10-07T01:57:08.5914591Z === RUN   TestLinuxTerraformInitNegativeIntegration/remote-module
2026-10-07T01:57:10.2772666Z     terraform_init_integration_linux_test.go:217: actual_terraform_negative=remote-module primary=guard Terraform project: terraform remote module acquisition is unsupported
2026-10-07T01:57:10.2773599Z === RUN   TestLinuxTerraformInitNegativeIntegration/foreign-provider-cache
2026-10-07T01:57:11.9611676Z     terraform_init_integration_linux_test.go:217: actual_terraform_negative=foreign-provider-cache primary=guard Terraform project: terraform installation contains unmanaged module/backend/cache state
2026-10-07T01:57:11.9613370Z === RUN   TestLinuxTerraformInitNegativeIntegration/concurrent-init
2026-10-07T01:57:13.6430747Z     terraform_init_integration_linux_test.go:217: actual_terraform_negative=concurrent-init primary=guard Terraform project: go project is already being mutated or lock is unavailable
2026-10-07T01:57:13.6432303Z --- PASS: TestLinuxTerraformInitNegativeIntegration (7.12s)
2026-10-07T01:57:13.6433252Z     --- PASS: TestLinuxTerraformInitNegativeIntegration/lock-checksum-mismatch (2.07s)
2026-10-07T01:57:13.6434323Z     --- PASS: TestLinuxTerraformInitNegativeIntegration/remote-module (1.69s)
2026-10-07T01:57:13.6435299Z     --- PASS: TestLinuxTerraformInitNegativeIntegration/foreign-provider-cache (1.68s)
2026-10-07T01:57:13.6436587Z     --- PASS: TestLinuxTerraformInitNegativeIntegration/concurrent-init (1.68s)
2026-10-07T01:57:13.6437166Z PASS
2026-10-07T01:57:13.6494605Z === RUN   TestLinuxPyTorchFullIntegration
2026-10-07T01:57:47.1611302Z observer_attribution sequence=1 profile=pypi-wheel-pytorch-cpu counts=NETWORK/TRUSTED_CONTROL/CONNECT/INET/DIRECT_EXEC_SESSION/PYTHON:151
2026-10-07T02:01:24.8476888Z --- PASS: TestLinuxPyTorchFullIntegration (251.20s)
2026-10-07T02:01:24.8479685Z PASS
2026-10-07T02:01:24.9676716Z helper reaped: pid=169510 wait=0
2026-10-07T02:01:24.9832777Z helper launch: bash=/bin/bash version=5.2.21(1)-release owner=2379
2026-10-07T02:01:26.7504856Z helper ready: pid=267973 attempt=17
2026-10-07T02:01:26.7545842Z === RUN   TestLinuxPyPISdistBuildIntegration
2026-10-07T02:01:34.8407472Z observer_attribution sequence=1 profile=pypi-wheel counts=PROCESS/SENTRY_EXEC/OTHER/ARTIFACT_ROLE/ARTIFACT_GROUP:1,PROCESS/SENTRY_EXEC/PYTHON/ARTIFACT_ROLE/ARTIFACT_GROUP:2
2026-10-07T02:01:34.8783690Z --- PASS: TestLinuxPyPISdistBuildIntegration (8.12s)
2026-10-07T02:01:34.8784323Z === RUN   TestLinuxPyPIWheelDynamicIntegration
2026-10-07T02:01:38.8857493Z --- PASS: TestLinuxPyPIWheelDynamicIntegration (4.01s)
2026-10-07T02:01:38.8857997Z PASS
2026-10-07T02:01:38.8962754Z helper reaped: pid=267973 wait=0
2026-10-07T02:01:38.9101277Z helper launch: bash=/bin/bash version=5.2.21(1)-release owner=2379
2026-10-07T02:01:40.6794001Z helper ready: pid=269572 attempt=17
2026-10-07T02:01:42.4726178Z === RUN   TestLinuxNPMPromotionIntegration
2026-10-07T02:01:44.7225018Z --- PASS: TestLinuxNPMPromotionIntegration (2.25s)
2026-10-07T02:01:44.7225559Z PASS
2026-10-07T02:01:44.7230213Z ok  	github.com/rahoney/heliopause/internal/promotion	2.254s
2026-10-07T02:01:45.0788401Z === RUN   TestLinuxPyPIPromotionIntegration
2026-10-07T02:01:48.3684387Z --- PASS: TestLinuxPyPIPromotionIntegration (3.29s)
2026-10-07T02:01:48.3684950Z PASS
2026-10-07T02:01:48.3692814Z ok  	github.com/rahoney/heliopause/internal/promotion	3.294s
2026-10-07T02:01:48.3913647Z helper reaped: pid=269572 wait=0
2026-10-07T02:01:48.3917075Z cleanup: original=0 helper_state=CONFIRMED_STOPPED helper_stop=0 client_error=0 client_restore=0 restore_result=NOT_REQUIRED pid=269572
2026-10-07T02:01:48.4016687Z Post job cleanup.
2026-10-07T02:01:48.5277147Z Post job cleanup.
2026-10-07T02:01:48.6170130Z [command]/usr/bin/git version
2026-10-07T02:01:48.6210120Z git version 2.55.0
2026-10-07T02:01:48.6244374Z Temporarily overriding HOME='/home/runner/work/_temp/9f1e029e-6fb0-4bb4-afb8-05d02ec7327f' before making global git config changes
2026-10-07T02:01:48.6245923Z Adding repository directory to the temporary git global config as a safe directory
2026-10-07T02:01:48.6250856Z [command]/usr/bin/git config --global --add safe.directory /home/runner/work/heliopause/heliopause
2026-10-07T02:01:48.6277347Z Removing SSH command configuration
2026-10-07T02:01:48.6284087Z [command]/usr/bin/git config --local --name-only --get-regexp core\.sshCommand
2026-10-07T02:01:48.6314256Z [command]/usr/bin/git submodule foreach --recursive sh -c "git config --local --name-only --get-regexp 'core\.sshCommand' && git config --local --unset-all 'core.sshCommand' || :"
2026-10-07T02:01:48.6510630Z Removing HTTP extra header
2026-10-07T02:01:48.6516147Z [command]/usr/bin/git config --local --name-only --get-regexp http\.https\:\/\/github\.com\/\.extraheader
2026-10-07T02:01:48.6546891Z [command]/usr/bin/git submodule foreach --recursive sh -c "git config --local --name-only --get-regexp 'http\.https\:\/\/github\.com\/\.extraheader' && git config --local --unset-all 'http.https://github.com/.extraheader' || :"
2026-10-07T02:01:48.6744710Z Removing includeIf entries pointing to credentials config files
2026-10-07T02:01:48.6749096Z [command]/usr/bin/git config --local --name-only --get-regexp ^includeIf\.gitdir:
2026-10-07T02:01:48.6778804Z [command]/usr/bin/git submodule foreach --recursive git config --local --show-origin --name-only --get-regexp remote.origin.url
2026-10-07T02:01:48.7178231Z Cleaning up orphan processes
2026-10-07T02:01:48.7494670Z Terminate orphan process: pid (142668) (java.lang=ALL-UNNAMED)
