2026-10-07T01:05:07.2161826Z Current runner version: '2.337.0'
2026-10-07T01:05:07.2178605Z ##[group]Runner Image Provisioner
2026-10-07T01:05:07.2179263Z Hosted Compute Agent
2026-10-07T01:05:07.2179598Z Version: 20260901.588
2026-10-07T01:05:07.2180023Z Commit: f88ec8081b781fac6c440065ac7ff9e710ce3d0b
2026-10-07T01:05:07.2180439Z Build Date: 2026-09-01T19:56:44Z
2026-10-07T01:05:07.2180855Z Worker ID: {8d7ce99b-4a67-4c5c-805a-801676d97cc7}
2026-10-07T01:05:07.2181333Z Azure Region: centralus
2026-10-07T01:05:07.2181656Z ##[endgroup]
2026-10-07T01:05:07.2182494Z ##[group]Operating System
2026-10-07T01:05:07.2182844Z Ubuntu
2026-10-07T01:05:07.2183207Z 24.04.5
2026-10-07T01:05:07.2183519Z LTS
2026-10-07T01:05:07.2183826Z ##[endgroup]
2026-10-07T01:05:07.2184180Z ##[group]Runner Image
2026-10-07T01:05:07.2184522Z Image: ubuntu-24.04
2026-10-07T01:05:07.2184846Z Version: 20260927.320.1
2026-10-07T01:05:07.2185651Z Included Software: https://github.com/actions/runner-images/blob/ubuntu24/20260927.320/images/ubuntu/Ubuntu2404-Readme.md
2026-10-07T01:05:07.2186811Z Image Release: https://github.com/actions/runner-images/releases/tag/ubuntu24%2F20260927.320
2026-10-07T01:05:07.2187356Z ##[endgroup]
2026-10-07T01:05:07.2188063Z ##[group]GITHUB_TOKEN Permissions
2026-10-07T01:05:07.2189342Z Contents: read
2026-10-07T01:05:07.2189718Z Metadata: read
2026-10-07T01:05:07.2190050Z ##[endgroup]
2026-10-07T01:05:07.2191291Z Secret source: Actions
2026-10-07T01:05:07.2191855Z Cache mode: write
2026-10-07T01:05:07.2192274Z Prepare workflow directory
2026-10-07T01:05:07.2432499Z Prepare all required actions
2026-10-07T01:05:07.2462722Z Getting action download info
2026-10-07T01:05:07.5193338Z Download action repository 'actions/checkout@3d3c42e5aac5ba805825da76410c181273ba90b1' (SHA:3d3c42e5aac5ba805825da76410c181273ba90b1)
2026-10-07T01:05:07.6038628Z Download action repository 'actions/setup-go@b7ad1dad31e06c5925ef5d2fc7ad053ef454303e' (SHA:b7ad1dad31e06c5925ef5d2fc7ad053ef454303e)
2026-10-07T01:05:08.1205869Z Complete job name: gVisor Linux Integration
2026-10-07T01:05:08.1667598Z ##[group]Run actions/checkout@3d3c42e5aac5ba805825da76410c181273ba90b1
2026-10-07T01:05:08.1668143Z with:
2026-10-07T01:05:08.1668412Z   persist-credentials: false
2026-10-07T01:05:08.1668909Z   repository: rahoney/heliopause
2026-10-07T01:05:08.1671022Z   token: ***
2026-10-07T01:05:08.1671277Z   ssh-strict: true
2026-10-07T01:05:08.1671545Z   ssh-user: git
2026-10-07T01:05:08.1671819Z   clean: true
2026-10-07T01:05:08.1672095Z   sparse-checkout-cone-mode: true
2026-10-07T01:05:08.1672411Z   fetch-depth: 1
2026-10-07T01:05:08.1672676Z   fetch-tags: false
2026-10-07T01:05:08.1672948Z   show-progress: true
2026-10-07T01:05:08.1673222Z   lfs: false
2026-10-07T01:05:08.1673485Z   submodules: false
2026-10-07T01:05:08.1673771Z   set-safe-directory: true
2026-10-07T01:05:08.1674083Z   allow-unsafe-pr-checkout: false
2026-10-07T01:05:08.1674472Z env:
2026-10-07T01:05:08.1674726Z   GOTOOLCHAIN: local
2026-10-07T01:05:08.1675001Z ##[endgroup]
2026-10-07T01:05:08.2315655Z Syncing repository: rahoney/heliopause
2026-10-07T01:05:08.2317269Z ##[group]Getting Git version info
2026-10-07T01:05:08.2317941Z Working directory is '/home/runner/work/heliopause/heliopause'
2026-10-07T01:05:08.2319079Z [command]/usr/bin/git version
2026-10-07T01:05:08.2373980Z git version 2.55.0
2026-10-07T01:05:08.2391194Z ##[endgroup]
2026-10-07T01:05:08.2400968Z Temporarily overriding HOME='/home/runner/work/_temp/8df95453-5b9d-4564-948d-2d25a6194364' before making global git config changes
2026-10-07T01:05:08.2402373Z Adding repository directory to the temporary git global config as a safe directory
2026-10-07T01:05:08.2414511Z [command]/usr/bin/git config --global --add safe.directory /home/runner/work/heliopause/heliopause
2026-10-07T01:05:08.2460117Z Deleting the contents of '/home/runner/work/heliopause/heliopause'
2026-10-07T01:05:08.2490217Z ##[group]Determining repository object format
2026-10-07T01:05:08.2504682Z ##[endgroup]
2026-10-07T01:05:08.2506669Z ##[group]Initializing the repository
2026-10-07T01:05:08.2507640Z [command]/usr/bin/git init /home/runner/work/heliopause/heliopause
2026-10-07T01:05:08.2553187Z hint: Using 'master' as the name for the initial branch. This default branch name
2026-10-07T01:05:08.2554393Z hint: will change to "main" in Git 3.0. To configure the initial branch name
2026-10-07T01:05:08.2555563Z hint: to use in all of your new repositories, which will suppress this warning,
2026-10-07T01:05:08.2556474Z hint: call:
2026-10-07T01:05:08.2557407Z hint:
2026-10-07T01:05:08.2558200Z hint: 	git config --global init.defaultBranch <name>
2026-10-07T01:05:08.2559087Z hint:
2026-10-07T01:05:08.2559747Z hint: Names commonly chosen instead of 'master' are 'main', 'trunk' and
2026-10-07T01:05:08.2560794Z hint: 'development'. The just-created branch can be renamed via this command:
2026-10-07T01:05:08.2561718Z hint:
2026-10-07T01:05:08.2562271Z hint: 	git branch -m <name>
2026-10-07T01:05:08.2562847Z hint:
2026-10-07T01:05:08.2563649Z hint: Disable this message with "git config set advice.defaultBranchName false"
2026-10-07T01:05:08.2564906Z Initialized empty Git repository in /home/runner/work/heliopause/heliopause/.git/
2026-10-07T01:05:08.2567006Z [command]/usr/bin/git remote add origin https://github.com/rahoney/heliopause
2026-10-07T01:05:08.2624174Z ##[endgroup]
2026-10-07T01:05:08.2625103Z ##[group]Disabling automatic garbage collection
2026-10-07T01:05:08.2627010Z [command]/usr/bin/git config --local gc.auto 0
2026-10-07T01:05:08.2661747Z ##[endgroup]
2026-10-07T01:05:08.2662765Z ##[group]Setting up auth
2026-10-07T01:05:08.2663420Z Removing SSH command configuration
2026-10-07T01:05:08.2666172Z [command]/usr/bin/git config --local --name-only --get-regexp core\.sshCommand
2026-10-07T01:05:08.2700727Z [command]/usr/bin/git submodule foreach --recursive sh -c "git config --local --name-only --get-regexp 'core\.sshCommand' && git config --local --unset-all 'core.sshCommand' || :"
2026-10-07T01:05:08.3023180Z Removing HTTP extra header
2026-10-07T01:05:08.3028206Z [command]/usr/bin/git config --local --name-only --get-regexp http\.https\:\/\/github\.com\/\.extraheader
2026-10-07T01:05:08.3057201Z [command]/usr/bin/git submodule foreach --recursive sh -c "git config --local --name-only --get-regexp 'http\.https\:\/\/github\.com\/\.extraheader' && git config --local --unset-all 'http.https://github.com/.extraheader' || :"
2026-10-07T01:05:08.3223779Z Removing includeIf entries pointing to credentials config files
2026-10-07T01:05:08.3227316Z [command]/usr/bin/git config --local --name-only --get-regexp ^includeIf\.gitdir:
2026-10-07T01:05:08.3255481Z [command]/usr/bin/git submodule foreach --recursive git config --local --show-origin --name-only --get-regexp remote.origin.url
2026-10-07T01:05:08.3440269Z [command]/usr/bin/git config --file /home/runner/work/_temp/git-credentials-64e8bd55-910c-4cec-80c0-8ed3e8dba246.config http.https://github.com/.extraheader AUTHORIZATION: basic ***
2026-10-07T01:05:08.3471898Z [command]/usr/bin/git config --local includeIf.gitdir:/home/runner/work/heliopause/heliopause/.git.path /home/runner/work/_temp/git-credentials-64e8bd55-910c-4cec-80c0-8ed3e8dba246.config
2026-10-07T01:05:08.3500266Z [command]/usr/bin/git config --local includeIf.gitdir:/home/runner/work/heliopause/heliopause/.git/worktrees/*.path /home/runner/work/_temp/git-credentials-64e8bd55-910c-4cec-80c0-8ed3e8dba246.config
2026-10-07T01:05:08.3531852Z [command]/usr/bin/git config --local includeIf.gitdir:/github/workspace/.git.path /github/runner_temp/git-credentials-64e8bd55-910c-4cec-80c0-8ed3e8dba246.config
2026-10-07T01:05:08.3560357Z [command]/usr/bin/git config --local includeIf.gitdir:/github/workspace/.git/worktrees/*.path /github/runner_temp/git-credentials-64e8bd55-910c-4cec-80c0-8ed3e8dba246.config
2026-10-07T01:05:08.3587958Z ##[endgroup]
2026-10-07T01:05:08.3588690Z ##[group]Fetching the repository
2026-10-07T01:05:08.3593390Z [command]/usr/bin/git -c protocol.version=2 fetch --no-tags --prune --no-recurse-submodules --depth=1 origin +bb28b4744d6d124169c26e8dba77f4ef8c832db2:refs/remotes/origin/milestone/m12-go-cargo-terraform
2026-10-07T01:05:09.3544121Z From https://github.com/rahoney/heliopause
2026-10-07T01:05:09.3546244Z  * [new ref]         bb28b4744d6d124169c26e8dba77f4ef8c832db2 -> origin/milestone/m12-go-cargo-terraform
2026-10-07T01:05:09.3550504Z [command]/usr/bin/git branch --list --remote origin/milestone/m12-go-cargo-terraform
2026-10-07T01:05:09.3588406Z   origin/milestone/m12-go-cargo-terraform
2026-10-07T01:05:09.3596350Z [command]/usr/bin/git rev-parse refs/remotes/origin/milestone/m12-go-cargo-terraform
2026-10-07T01:05:09.3621192Z bb28b4744d6d124169c26e8dba77f4ef8c832db2
2026-10-07T01:05:09.3624963Z ##[endgroup]
2026-10-07T01:05:09.3626110Z ##[group]Determining the checkout info
2026-10-07T01:05:09.3627899Z ##[endgroup]
2026-10-07T01:05:09.3628680Z [command]/usr/bin/git sparse-checkout disable
2026-10-07T01:05:09.3676899Z [command]/usr/bin/git config --local --unset-all extensions.worktreeConfig
2026-10-07T01:05:09.3725423Z ##[group]Checking out the ref
2026-10-07T01:05:09.3733374Z [command]/usr/bin/git checkout --progress --force -B milestone/m12-go-cargo-terraform refs/remotes/origin/milestone/m12-go-cargo-terraform
2026-10-07T01:05:09.4714486Z Switched to a new branch 'milestone/m12-go-cargo-terraform'
2026-10-07T01:05:09.4718996Z branch 'milestone/m12-go-cargo-terraform' set up to track 'origin/milestone/m12-go-cargo-terraform'.
2026-10-07T01:05:09.4731071Z ##[endgroup]
2026-10-07T01:05:09.4776001Z [command]/usr/bin/git log -1 --format=%H
2026-10-07T01:05:09.4802008Z bb28b4744d6d124169c26e8dba77f4ef8c832db2
2026-10-07T01:05:09.4809691Z ##[group]Removing auth
2026-10-07T01:05:09.4810577Z Removing SSH command configuration
2026-10-07T01:05:09.4812547Z [command]/usr/bin/git config --local --name-only --get-regexp core\.sshCommand
2026-10-07T01:05:09.4844130Z [command]/usr/bin/git submodule foreach --recursive sh -c "git config --local --name-only --get-regexp 'core\.sshCommand' && git config --local --unset-all 'core.sshCommand' || :"
2026-10-07T01:05:09.5028015Z Removing HTTP extra header
2026-10-07T01:05:09.5030049Z [command]/usr/bin/git config --local --name-only --get-regexp http\.https\:\/\/github\.com\/\.extraheader
2026-10-07T01:05:09.5058465Z [command]/usr/bin/git submodule foreach --recursive sh -c "git config --local --name-only --get-regexp 'http\.https\:\/\/github\.com\/\.extraheader' && git config --local --unset-all 'http.https://github.com/.extraheader' || :"
2026-10-07T01:05:09.5229654Z Removing includeIf entries pointing to credentials config files
2026-10-07T01:05:09.5231618Z [command]/usr/bin/git config --local --name-only --get-regexp ^includeIf\.gitdir:
2026-10-07T01:05:09.5256154Z includeif.gitdir:/home/runner/work/heliopause/heliopause/.git.path
2026-10-07T01:05:09.5257752Z includeif.gitdir:/home/runner/work/heliopause/heliopause/.git/worktrees/*.path
2026-10-07T01:05:09.5259246Z includeif.gitdir:/github/workspace/.git.path
2026-10-07T01:05:09.5260389Z includeif.gitdir:/github/workspace/.git/worktrees/*.path
2026-10-07T01:05:09.5263395Z [command]/usr/bin/git config --local --get-all includeif.gitdir:/home/runner/work/heliopause/heliopause/.git.path
2026-10-07T01:05:09.5287517Z /home/runner/work/_temp/git-credentials-64e8bd55-910c-4cec-80c0-8ed3e8dba246.config
2026-10-07T01:05:09.5294952Z [command]/usr/bin/git config --local --unset includeif.gitdir:/home/runner/work/heliopause/heliopause/.git.path \/home\/runner\/work\/_temp\/git\-credentials\-64e8bd55\-910c\-4cec\-80c0\-8ed3e8dba246\.config
2026-10-07T01:05:09.5329000Z [command]/usr/bin/git config --local --get-all includeif.gitdir:/home/runner/work/heliopause/heliopause/.git/worktrees/*.path
2026-10-07T01:05:09.5351753Z /home/runner/work/_temp/git-credentials-64e8bd55-910c-4cec-80c0-8ed3e8dba246.config
2026-10-07T01:05:09.5359466Z [command]/usr/bin/git config --local --unset includeif.gitdir:/home/runner/work/heliopause/heliopause/.git/worktrees/*.path \/home\/runner\/work\/_temp\/git\-credentials\-64e8bd55\-910c\-4cec\-80c0\-8ed3e8dba246\.config
2026-10-07T01:05:09.5387147Z [command]/usr/bin/git config --local --get-all includeif.gitdir:/github/workspace/.git.path
2026-10-07T01:05:09.5460543Z /github/runner_temp/git-credentials-64e8bd55-910c-4cec-80c0-8ed3e8dba246.config
2026-10-07T01:05:09.5471178Z [command]/usr/bin/git config --local --unset includeif.gitdir:/github/workspace/.git.path \/github\/runner_temp\/git\-credentials\-64e8bd55\-910c\-4cec\-80c0\-8ed3e8dba246\.config
2026-10-07T01:05:09.5513769Z [command]/usr/bin/git config --local --get-all includeif.gitdir:/github/workspace/.git/worktrees/*.path
2026-10-07T01:05:09.5536493Z /github/runner_temp/git-credentials-64e8bd55-910c-4cec-80c0-8ed3e8dba246.config
2026-10-07T01:05:09.5543287Z [command]/usr/bin/git config --local --unset includeif.gitdir:/github/workspace/.git/worktrees/*.path \/github\/runner_temp\/git\-credentials\-64e8bd55\-910c\-4cec\-80c0\-8ed3e8dba246\.config
2026-10-07T01:05:09.5575039Z [command]/usr/bin/git submodule foreach --recursive git config --local --show-origin --name-only --get-regexp remote.origin.url
2026-10-07T01:05:09.5749002Z Removing credentials config '/home/runner/work/_temp/git-credentials-64e8bd55-910c-4cec-80c0-8ed3e8dba246.config'
2026-10-07T01:05:09.5755958Z ##[endgroup]
2026-10-07T01:05:09.5990414Z ##[group]Run actions/setup-go@b7ad1dad31e06c5925ef5d2fc7ad053ef454303e
2026-10-07T01:05:09.5991376Z with:
2026-10-07T01:05:09.5991894Z   go-version: 1.26.8
2026-10-07T01:05:09.5992470Z   check-latest: false
2026-10-07T01:05:09.5993059Z   cache: false
2026-10-07T01:05:09.5998135Z   token: ***
2026-10-07T01:05:09.5998654Z env:
2026-10-07T01:05:09.5999249Z   GOTOOLCHAIN: local
2026-10-07T01:05:09.5999820Z ##[endgroup]
2026-10-07T01:05:09.6793143Z Setup go version spec 1.26.8
2026-10-07T01:05:09.6804468Z Found in cache @ /opt/hostedtoolcache/go/1.26.8/x64
2026-10-07T01:05:09.6805681Z Added go to the path
2026-10-07T01:05:09.6806641Z Successfully set up Go version 1.26.8
2026-10-07T01:05:09.7323105Z go version go1.26.8 linux/amd64
2026-10-07T01:05:09.7323648Z 
2026-10-07T01:05:09.7324401Z ##[group]go env
2026-10-07T01:05:09.8400538Z AR='ar'
2026-10-07T01:05:09.8401497Z CC='gcc'
2026-10-07T01:05:09.8402302Z CGO_CFLAGS='-O2 -g'
2026-10-07T01:05:09.8402976Z CGO_CPPFLAGS=''
2026-10-07T01:05:09.8403615Z CGO_CXXFLAGS='-O2 -g'
2026-10-07T01:05:09.8404225Z CGO_ENABLED='1'
2026-10-07T01:05:09.8404809Z CGO_FFLAGS='-O2 -g'
2026-10-07T01:05:09.8405423Z CGO_LDFLAGS='-O2 -g'
2026-10-07T01:05:09.8406020Z CXX='g++'
2026-10-07T01:05:09.8406564Z GCCGO='gccgo'
2026-10-07T01:05:09.8407143Z GO111MODULE=''
2026-10-07T01:05:09.8407724Z GOAMD64='v1'
2026-10-07T01:05:09.8408291Z GOARCH='amd64'
2026-10-07T01:05:09.8409064Z GOAUTH='netrc'
2026-10-07T01:05:09.8409874Z GOBIN=''
2026-10-07T01:05:09.8410492Z GOCACHE='/home/runner/.cache/go-build'
2026-10-07T01:05:09.8411271Z GOCACHEPROG=''
2026-10-07T01:05:09.8411849Z GODEBUG=''
2026-10-07T01:05:09.8412475Z GOENV='/home/runner/.config/go/env'
2026-10-07T01:05:09.8413197Z GOEXE=''
2026-10-07T01:05:09.8413787Z GOEXPERIMENT=''
2026-10-07T01:05:09.8414377Z GOFIPS140='off'
2026-10-07T01:05:09.8414960Z GOFLAGS=''
2026-10-07T01:05:09.8416688Z GOGCCFLAGS='-fPIC -m64 -pthread -Wl,--no-gc-sections -fmessage-length=0 -ffile-prefix-map=/tmp/go-build2871076437=/tmp/go-build -gno-record-gcc-switches'
2026-10-07T01:05:09.8418433Z GOHOSTARCH='amd64'
2026-10-07T01:05:09.8419369Z GOHOSTOS='linux'
2026-10-07T01:05:09.8478453Z GOINSECURE=''
2026-10-07T01:05:09.8479656Z GOMOD='/home/runner/work/heliopause/heliopause/go.mod'
2026-10-07T01:05:09.8480698Z GOMODCACHE='/home/runner/go/pkg/mod'
2026-10-07T01:05:09.8481648Z GONOPROXY=''
2026-10-07T01:05:09.8482302Z GONOSUMDB=''
2026-10-07T01:05:09.8482820Z GOOS='linux'
2026-10-07T01:05:09.8483573Z GOPATH='/home/runner/go'
2026-10-07T01:05:09.8484450Z GOPRIVATE=''
2026-10-07T01:05:09.8485363Z GOPROXY='https://proxy.golang.org,direct'
2026-10-07T01:05:09.8486578Z GOROOT='/opt/hostedtoolcache/go/1.26.8/x64'
2026-10-07T01:05:09.8487764Z GOSUMDB='sum.golang.org'
2026-10-07T01:05:09.8488671Z GOTELEMETRY='local'
2026-10-07T01:05:09.8489839Z GOTELEMETRYDIR='/home/runner/.config/go/telemetry'
2026-10-07T01:05:09.8491497Z GOTMPDIR=''
2026-10-07T01:05:09.8492303Z GOTOOLCHAIN='local'
2026-10-07T01:05:09.8493376Z GOTOOLDIR='/opt/hostedtoolcache/go/1.26.8/x64/pkg/tool/linux_amd64'
2026-10-07T01:05:09.8494279Z GOVCS=''
2026-10-07T01:05:09.8494801Z GOVERSION='go1.26.8'
2026-10-07T01:05:09.8495351Z GOWORK=''
2026-10-07T01:05:09.8495906Z PKG_CONFIG='pkg-config'
2026-10-07T01:05:09.8496266Z 
2026-10-07T01:05:09.8497177Z ##[endgroup]
2026-10-07T01:05:09.8584418Z ##[group]Run set -eu
2026-10-07T01:05:09.8585370Z [36;1mset -eu[0m
2026-10-07T01:05:09.8586019Z [36;1mruntime_lock=scripts/runtimes.lock.json[0m
2026-10-07T01:05:09.8586804Z [36;1mtest -f "$runtime_lock"[0m
2026-10-07T01:05:09.8587932Z [36;1mdocker_package_version="$(jq -er '.docker.ci_ubuntu_24_04_amd64.docker_ce_package' "$runtime_lock")"[0m
2026-10-07T01:05:09.8589878Z [36;1mcontainerd_package_version="$(jq -er '.docker.ci_ubuntu_24_04_amd64.containerd_package' "$runtime_lock")"[0m
2026-10-07T01:05:09.8591373Z [36;1mdocker_engine_version="$(jq -er '.docker.ci_engine_version' "$runtime_lock")"[0m
2026-10-07T01:05:09.8592599Z [36;1mnode_image="$(jq -er '.node_image.reference' "$runtime_lock")"[0m
2026-10-07T01:05:09.8593725Z [36;1mpython_image="$(jq -er '.python_image.reference' "$runtime_lock")"[0m
2026-10-07T01:05:09.8594819Z [36;1mgo_image="$(jq -er '.go_image.reference' "$runtime_lock")"[0m
2026-10-07T01:05:09.8595906Z [36;1mrust_image="$(jq -er '.rust_image.reference' "$runtime_lock")"[0m
2026-10-07T01:05:09.8596814Z [36;1mconflicting_packages=()[0m
2026-10-07T01:05:09.8598154Z [36;1mfor package in docker.io docker-compose docker-compose-v2 docker-doc podman-docker containerd runc moby-engine moby-cli; do[0m
2026-10-07T01:05:09.8600062Z [36;1m  if dpkg-query -W -f='${db:Status-Abbrev}' "$package" 2>/dev/null | grep -q '^ii'; then[0m
2026-10-07T01:05:09.8601176Z [36;1m    conflicting_packages+=("$package")[0m
2026-10-07T01:05:09.8601898Z [36;1m  fi[0m
2026-10-07T01:05:09.8602430Z [36;1mdone[0m
2026-10-07T01:05:09.8603044Z [36;1mif ((${#conflicting_packages[@]})); then[0m
2026-10-07T01:05:09.8603928Z [36;1m  sudo apt-get remove -y "${conflicting_packages[@]}"[0m
2026-10-07T01:05:09.8604750Z [36;1mfi[0m
2026-10-07T01:05:09.8605341Z [36;1msudo install -m 0755 -d /etc/apt/keyrings[0m
2026-10-07T01:05:09.8606904Z [36;1mcurl --fail --location --silent --show-error https://download.docker.com/linux/ubuntu/gpg | sudo tee /etc/apt/keyrings/docker.asc >/dev/null[0m
2026-10-07T01:05:09.8608481Z [36;1msudo chmod a+r /etc/apt/keyrings/docker.asc[0m
2026-10-07T01:05:09.8609666Z [36;1mprintf '%s\n' \[0m
2026-10-07T01:05:09.8610261Z [36;1m  'Types: deb' \[0m
2026-10-07T01:05:09.8610994Z [36;1m  'URIs: https://download.docker.com/linux/ubuntu' \[0m
2026-10-07T01:05:09.8611814Z [36;1m  'Suites: noble' \[0m
2026-10-07T01:05:09.8612447Z [36;1m  'Components: stable' \[0m
2026-10-07T01:05:09.8613117Z [36;1m  'Architectures: amd64' \[0m
2026-10-07T01:05:09.8614272Z [36;1m  'Signed-By: /etc/apt/keyrings/docker.asc' | sudo tee /etc/apt/sources.list.d/docker.sources >/dev/null[0m
2026-10-07T01:05:09.8615455Z [36;1msudo apt-get update[0m
2026-10-07T01:05:09.8616351Z [36;1msudo apt-get install -y --allow-downgrades --no-install-recommends \[0m
2026-10-07T01:05:09.8617363Z [36;1m  "docker-ce=$docker_package_version" \[0m
2026-10-07T01:05:09.8618192Z [36;1m  "docker-ce-cli=$docker_package_version" \[0m
2026-10-07T01:05:09.8619274Z [36;1m  "containerd.io=$containerd_package_version" \[0m
2026-10-07T01:05:09.8620091Z [36;1m  binutils-aarch64-linux-gnu \[0m
2026-10-07T01:05:09.8620809Z [36;1m  gcc-aarch64-linux-gnu \[0m
2026-10-07T01:05:09.8621483Z [36;1m  g++-aarch64-linux-gnu \[0m
2026-10-07T01:05:09.8622130Z [36;1m  libbpf-dev \[0m
2026-10-07T01:05:09.8622721Z [36;1m  libc6-dev-i386 \[0m
2026-10-07T01:05:09.8623337Z [36;1m  libc6-dev-arm64-cross[0m
2026-10-07T01:05:09.8624040Z [36;1mtest -f /usr/include/bpf/bpf_helpers.h[0m
2026-10-07T01:05:09.8624910Z [36;1mtest -f /usr/include/x86_64-linux-gnu/gnu/stubs-32.h[0m
2026-10-07T01:05:09.8625894Z [36;1mcommand -v clang >/dev/null[0m
2026-10-07T01:05:09.8626609Z [36;1mfor tool in gcc g++ as ld objcopy; do[0m
2026-10-07T01:05:09.8627444Z [36;1m  command -v "aarch64-linux-gnu-$tool" >/dev/null[0m
2026-10-07T01:05:09.8628204Z [36;1mdone[0m
2026-10-07T01:05:09.8629117Z [36;1mtest -x "$(aarch64-linux-gnu-g++ -print-prog-name=cc1plus)"[0m
2026-10-07T01:05:09.8630121Z [36;1mfor header in \[0m
2026-10-07T01:05:09.8630718Z [36;1m  asm/sigcontext.h \[0m
2026-10-07T01:05:09.8631329Z [36;1m  asm/unistd.h \[0m
2026-10-07T01:05:09.8631898Z [36;1m  errno.h \[0m
2026-10-07T01:05:09.8632452Z [36;1m  linux/audit.h \[0m
2026-10-07T01:05:09.8633047Z [36;1m  linux/futex.h \[0m
2026-10-07T01:05:09.8633647Z [36;1m  linux/unistd.h \[0m
2026-10-07T01:05:09.8634242Z [36;1m  signal.h \[0m
2026-10-07T01:05:09.8634784Z [36;1m  stdint.h \[0m
2026-10-07T01:05:09.8635332Z [36;1m  stdlib.h \[0m
2026-10-07T01:05:09.8635888Z [36;1m  sys/prctl.h \[0m
2026-10-07T01:05:09.8636471Z [36;1m  sys/types.h \[0m
2026-10-07T01:05:09.8637063Z [36;1m  sys/ucontext.h \[0m
2026-10-07T01:05:09.8637670Z [36;1m  sys/user.h; do[0m
2026-10-07T01:05:09.8638370Z [36;1m  test -f "/usr/aarch64-linux-gnu/include/$header"[0m
2026-10-07T01:05:09.8639308Z [36;1mdone[0m
2026-10-07T01:05:09.8640107Z [36;1maarch64_gcc_include="$(aarch64-linux-gnu-gcc -print-file-name=include)"[0m
2026-10-07T01:05:09.8641144Z [36;1mtest -f "$aarch64_gcc_include/stdbool.h"[0m
2026-10-07T01:05:09.8641949Z [36;1mtest -f "$aarch64_gcc_include/stddef.h"[0m
2026-10-07T01:05:09.8642984Z [36;1mtest "$(docker version --format '{{.Server.Version}}')" = "$docker_engine_version"[0m
2026-10-07T01:05:09.8644185Z [36;1mscripts/build-gvisor-runtime-bundle.sh "$RUNNER_TEMP/gvisor"[0m
2026-10-07T01:05:09.8645285Z [36;1msudo install -d -m 0755 /usr/libexec/heliopause/gvisor/gvisor-bin[0m
2026-10-07T01:05:09.8646568Z [36;1mjq -er '.gvisor.runtime_bundle.members[].path' "$runtime_lock" | while IFS= read -r member; do[0m
2026-10-07T01:05:09.8648031Z [36;1m  sudo install -m 0755 "$RUNNER_TEMP/gvisor/$member" "/usr/libexec/heliopause/gvisor/$member"[0m
2026-10-07T01:05:09.8649295Z [36;1mdone[0m
2026-10-07T01:05:09.8650504Z [36;1msudo install -m 0644 "$RUNNER_TEMP/gvisor/gvisor-bundle.manifest.json" /usr/libexec/heliopause/gvisor/gvisor-bundle.manifest.json[0m
2026-10-07T01:05:09.8652228Z [36;1mtest "$(jq -er '.members | length' "$RUNNER_TEMP/gvisor/gvisor-bundle.manifest.json")" = 6[0m
2026-10-07T01:05:09.8653317Z [36;1mwhile IFS=' ' read -r member sha512; do[0m
2026-10-07T01:05:09.8654452Z [36;1m  test "$(sudo sha512sum "/usr/libexec/heliopause/gvisor/$member" | awk '{print $1}')" = "$sha512"[0m
2026-10-07T01:05:09.8655541Z [36;1mdone <<EOF[0m
2026-10-07T01:05:09.8656432Z [36;1m$(jq -er '.members[] | "\(.path) \(.sha512)"' "$RUNNER_TEMP/gvisor/gvisor-bundle.manifest.json")[0m
2026-10-07T01:05:09.8657433Z [36;1mEOF[0m
2026-10-07T01:05:09.8658195Z [36;1msudo install -d -m 0700 -o "$USER" -g "$(id -gn)" /run/heliopause-observer[0m
2026-10-07T01:05:09.8659364Z [36;1msudo install -d -m 0755 /etc/heliopause[0m
2026-10-07T01:05:09.8660463Z [36;1msudo install -m 0600 tools/gvisor-observer/pod-init.json /etc/heliopause/pod-init.json[0m
2026-10-07T01:05:09.8662765Z [36;1msudo /usr/libexec/heliopause/gvisor/runsc install --download-sidecars=NEVER --require-sidecars=ALWAYS --runtime=runsc-trace -- --sidecar-usage-policy=STRICT --pod-init-config=/etc/heliopause/pod-init.json[0m
2026-10-07T01:05:09.8666430Z [36;1msudo python3 -c 'import json; from pathlib import Path; path = Path("/etc/docker/daemon.json"); config = json.loads(path.read_text()) if path.exists() else {}; config.update({"firewall-backend": "iptables", "iptables": True, "ip6tables": False}); path.write_text(json.dumps(config, sort_keys=True) + "\n")'[0m
2026-10-07T01:05:09.8669780Z [36;1msudo systemctl restart docker || { sudo systemctl status docker --no-pager || true; sudo journalctl -u docker --no-pager -n 100 || true; exit 1; }[0m
2026-10-07T01:05:09.8671212Z [36;1msudo iptables -S DOCKER-USER[0m
2026-10-07T01:05:09.8671989Z [36;1mdocker pull "$node_image"[0m
2026-10-07T01:05:09.8672653Z [36;1mdocker pull "$python_image"[0m
2026-10-07T01:05:09.8673323Z [36;1mdocker pull "$go_image"[0m
2026-10-07T01:05:09.8673950Z [36;1mdocker pull "$rust_image"[0m
2026-10-07T01:05:09.8674893Z [36;1mscripts/build-gvisor-observer-release.sh "$RUNNER_TEMP/haa_gvisor_observer"[0m
2026-10-07T01:05:09.8676411Z [36;1msudo install -m 0755 "$RUNNER_TEMP/haa_gvisor_observer" /usr/libexec/heliopause/haa_gvisor_observer[0m
2026-10-07T01:05:09.8677483Z [36;1m[0m
2026-10-07T01:05:09.8678055Z [36;1msource scripts/ci-integration-cleanup.sh[0m
2026-10-07T01:05:09.8678891Z [36;1mhaa_ci_initialize[0m
2026-10-07T01:05:09.8679589Z [36;1mecho 'Building helox for gVisor integration'[0m
2026-10-07T01:05:09.8680458Z [36;1mgo build -trimpath -o "$RUNNER_TEMP/helox" ./cmd/helox[0m
2026-10-07T01:05:09.8681446Z [36;1mecho 'Building network-policy helper for gVisor integration'[0m
2026-10-07T01:05:09.8682737Z [36;1mgo build -trimpath -o "$RUNNER_TEMP/haa-network-policy-helper" ./cmd/haa-network-policy-helper[0m
2026-10-07T01:05:09.8684111Z [36;1mecho 'Installing network-policy helper and preparing its identity contract'[0m
2026-10-07T01:05:09.8685302Z [36;1msudo install -m 0755 "$RUNNER_TEMP/helox" /usr/libexec/heliopause/helox[0m
2026-10-07T01:05:09.8686737Z [36;1msudo install -m 0755 "$RUNNER_TEMP/haa-network-policy-helper" /usr/libexec/heliopause/haa-network-policy-helper[0m
2026-10-07T01:05:09.8688183Z [36;1msudo install -d -m 0755 -o root -g root /run/heliopause-network-policy[0m
2026-10-07T01:05:09.8690517Z [36;1mprintf '{"socket_path":"/run/heliopause-network-policy/helper.sock","client_path":"/usr/libexec/heliopause/helox","client_uid":%s,"client_gid":%s}\n' "$(id -u)" "$(id -g)" | sudo tee /etc/heliopause/network-policy.json >/dev/null[0m
2026-10-07T01:05:09.8692616Z [36;1m# The ordinary client must read the root-owned, non-writable public[0m
2026-10-07T01:05:09.8693647Z [36;1m# identity contract; it contains no credential or secret.[0m
2026-10-07T01:05:09.8694575Z [36;1msudo chmod 0644 /etc/heliopause/network-policy.json[0m
2026-10-07T01:05:09.8695355Z [36;1mhaa_start_policy_helper[0m
2026-10-07T01:05:09.8696062Z [36;1m/usr/libexec/heliopause/gvisor/runsc --version[0m
2026-10-07T01:05:09.8696881Z [36;1mdocker version --format '{{.Server.Version}}'[0m
2026-10-07T01:05:09.8697788Z [36;1mdocker info --format '{{json (index .Runtimes "runsc-trace")}}'[0m
2026-10-07T01:05:09.8699385Z [36;1mgo test -run='^$' -fuzz=FuzzDecodeHelperRecord -fuzztime=2s ./internal/sandbox[0m
2026-10-07T01:05:09.8701316Z [36;1mHELOX_HOSTTOOL_INTEGRATION=1 go test -v -timeout=2m ./internal/hosttool -run TestLinuxTrustedHostExecutorIntegration[0m
2026-10-07T01:05:09.8703015Z [36;1mHELOX_GVISOR_INTEGRATION=1 go test -timeout=5m ./internal/sandbox -run TestLinuxGVisorLifecycleIntegration[0m
2026-10-07T01:05:09.8704761Z [36;1mHELOX_GITHUB_RELEASE_INTEGRATION=1 go test -timeout=5m ./internal/sandbox -run TestLinuxGitHubReleaseELFDynamicIntegration[0m
2026-10-07T01:05:09.8706278Z [36;1m# The typed-helper ordinary-user path is exercised for both npm and pip.[0m
2026-10-07T01:05:09.8707420Z [36;1m# npm installs is-number@7.0.0 with complete ALLOW inspection and atomic[0m
2026-10-07T01:05:09.8708331Z [36;1m# offline promotion (exit 0).[0m
2026-10-07T01:05:09.8709434Z [36;1m# pip installs packaging@25.0 into an initialized Python 3.14 venv fixture,[0m
2026-10-07T01:05:09.8710596Z [36;1m# proving complete ALLOW inspection and atomic offline promotion (exit 0).[0m
2026-10-07T01:05:09.8711569Z [36;1mmkdir -p "$RUNNER_TEMP/pypi-target"[0m
2026-10-07T01:05:09.8712417Z [36;1mdocker run --rm --network none --user "$(id -u):$(id -g)" \[0m
2026-10-07T01:05:09.8713295Z [36;1m  -v "$RUNNER_TEMP/pypi-target:/target" \[0m
2026-10-07T01:05:09.8714127Z [36;1m  "$python_image" python -m venv --without-pip /target[0m
2026-10-07T01:05:09.8714879Z [36;1mset +e[0m
2026-10-07T01:05:09.8715781Z [36;1m/usr/libexec/heliopause/helox npm install is-number@7.0.0 --target "$RUNNER_TEMP/npm-target"[0m
2026-10-07T01:05:09.8716931Z [36;1mnpm_status=$?[0m
2026-10-07T01:05:09.8717891Z [36;1m/usr/libexec/heliopause/helox pip install packaging@25.0 --target "$RUNNER_TEMP/pypi-target"[0m
2026-10-07T01:05:09.8719087Z [36;1mpypi_status=$?[0m
2026-10-07T01:05:09.8719622Z [36;1mset -e[0m
2026-10-07T01:05:09.8720260Z [36;1mtest "$npm_status" = 0[0m
2026-10-07T01:05:09.8721090Z [36;1mtest -f "$RUNNER_TEMP/npm-target/node_modules/is-number/package.json"[0m
2026-10-07T01:05:09.8722077Z [36;1mjq -e '.name == "is-number" and .version == "7.0.0"' \[0m
2026-10-07T01:05:09.8723073Z [36;1m  "$RUNNER_TEMP/npm-target/node_modules/is-number/package.json" >/dev/null[0m
2026-10-07T01:05:09.8723987Z [36;1mtest "$pypi_status" = 0[0m
2026-10-07T01:05:09.8724843Z [36;1mtest -d "$RUNNER_TEMP/pypi-target/lib/python3.14/site-packages/packaging"[0m
2026-10-07T01:05:09.8726620Z [36;1mHELOX_RUN_TERRAFORM_SOURCE_INTEGRATION=1 go test -v -timeout=3m ./internal/verification/terraformprovider -run '^TestPublicTerraformProviderSourceIntegration$'[0m
2026-10-07T01:05:09.8728357Z [36;1mgo test -c -o "$RUNNER_TEMP/helox-sandbox-test" ./internal/sandbox[0m
2026-10-07T01:05:09.8729564Z [36;1mhaa_install_ci_client "$RUNNER_TEMP/helox-sandbox-test"[0m
2026-10-07T01:05:09.8730358Z [36;1mhaa_start_policy_helper[0m
2026-10-07T01:05:09.8731584Z [36;1mHELOX_PYTORCH_RESOLVER_INTEGRATION=1 /usr/libexec/heliopause/helox -test.v -test.run '^TestLinuxPyTorchResolverIntegration$'[0m
2026-10-07T01:05:09.8734412Z [36;1mHELOX_GO_RESOLVER_INTEGRATION=1 HELOX_GO_RESOLVER_PROJECT_INTEGRATION=1 /usr/libexec/heliopause/helox -test.v -test.timeout=5m -test.run '^TestLinuxGo(IsolatedResolver|IsolatedProjectResolver|SourceProjectSnapshot|DependencyFreeProjectSnapshot)Integration$'[0m
2026-10-07T01:05:09.8736884Z [36;1m# A compiled test binary keeps the caller's cwd; match go test's package cwd.[0m
2026-10-07T01:05:09.8737786Z [36;1m([0m
2026-10-07T01:05:09.8738280Z [36;1m  cd internal/sandbox[0m
2026-10-07T01:05:09.8739936Z [36;1m  HELOX_CARGO_RESOLVER_INTEGRATION=1 /usr/libexec/heliopause/helox -test.v -test.timeout=5m -test.run '^TestLinuxCargoSourceProjectSnapshotIntegration$'[0m
2026-10-07T01:05:09.8741383Z [36;1m)[0m
2026-10-07T01:05:09.8742726Z [36;1mHELOX_TERRAFORM_PROVIDER_INTEGRATION=1 /usr/libexec/heliopause/helox -test.v -test.timeout=5m -test.run '^TestLinuxTerraformProvider(Probe|Security)Integration$'[0m
2026-10-07T01:05:09.8744447Z [36;1mgo test -c -o "$RUNNER_TEMP/helox-bootstrap-test" ./internal/bootstrap[0m
2026-10-07T01:05:09.8745458Z [36;1mhaa_install_ci_client "$RUNNER_TEMP/helox-bootstrap-test"[0m
2026-10-07T01:05:09.8746272Z [36;1mhaa_start_policy_helper[0m
2026-10-07T01:05:09.8748144Z [36;1mHELOX_GO_RESOLVER_INTEGRATION=1 HELOX_GO_RESOLVER_PROJECT_INTEGRATION=1 /usr/libexec/heliopause/helox -test.v -test.timeout=10m -test.run '^TestLinuxGo(GetDownload|TransitiveGetDownload|DependencyFreeDownload)Integration$'[0m
2026-10-07T01:05:09.8752190Z [36;1mHELOX_GO_BUILD_CLI_INTEGRATION=1 /usr/libexec/heliopause/helox -test.v -test.timeout=15m -test.run '^TestLinuxGo(DependencyFreeBuildCLI|PublicBuildCLI|TransitiveBuildCLI|InvalidTestdataBuildCLI|CgoBuildCLI|LibraryBuildCLI|MixedPackagesBuildCLI|MixedInvalidPackageBuildCLI|BuildSecurityCLI)Integration$'[0m
2026-10-07T01:05:09.8755681Z [36;1mHELOX_CARGO_RESOLVER_INTEGRATION=1 HELOX_CARGO_ADD_INTEGRATION=1 /usr/libexec/heliopause/helox -test.v -test.timeout=10m -test.run '^TestLinuxCargo(Add|TransitiveAdd)Integration$'[0m
2026-10-07T01:05:09.8758578Z [36;1mHELOX_CARGO_RESOLVER_INTEGRATION=1 HELOX_CARGO_BUILD_CLI_INTEGRATION=1 /usr/libexec/heliopause/helox -test.v -test.timeout=15m -test.run '^TestLinuxCargo.*Build.*CLIIntegration$|^TestLinuxCargoProcMacroSecurityCLIIntegration$'[0m
2026-10-07T01:05:09.8761531Z [36;1mHELOX_TERRAFORM_INIT_INTEGRATION=1 /usr/libexec/heliopause/helox -test.v -test.timeout=10m -test.run '^TestLinuxTerraformInit(Integration|NegativeIntegration)$'[0m
2026-10-07T01:05:09.8763130Z [36;1mselected_cuda_profiles=0[0m
2026-10-07T01:05:09.8764025Z [36;1mif [ "false" = true ]; then selected_cuda_profiles=$((selected_cuda_profiles + 1)); fi[0m
2026-10-07T01:05:09.8765249Z [36;1mif [ "true" = true ]; then selected_cuda_profiles=$((selected_cuda_profiles + 1)); fi[0m
2026-10-07T01:05:09.8766544Z [36;1mif [ "false" = true ]; then selected_cuda_profiles=$((selected_cuda_profiles + 1)); fi[0m
2026-10-07T01:05:09.8767543Z [36;1mif [ "$selected_cuda_profiles" -gt 1 ]; then[0m
2026-10-07T01:05:09.8768428Z [36;1m  echo "select at most one CUDA PyTorch qualification profile" >&2[0m
2026-10-07T01:05:09.8769445Z [36;1m  exit 1[0m
2026-10-07T01:05:09.8769932Z [36;1mfi[0m
2026-10-07T01:05:09.8770483Z [36;1mif [ "$selected_cuda_profiles" -gt 0 ]; then[0m
2026-10-07T01:05:09.8771279Z [36;1m  go run ./scripts/check qualification-freshness[0m
2026-10-07T01:05:09.8771982Z [36;1mfi[0m
2026-10-07T01:05:09.8772790Z [36;1m# Explicit qualification inputs only; never infer dependencies from artifact output.[0m
2026-10-07T01:05:09.8775128Z [36;1mHELOX_PYTORCH_INSPECTION_PREREQUISITE='' HELOX_PYTORCH_NOT_ATTESTED_MODULE='' HELOX_PYTORCH_FULL_INTEGRATION=1 HELOX_PYTORCH_PROFILE=cpu /usr/libexec/heliopause/helox -test.v -test.timeout=15m -test.run '^TestLinuxPyTorchFullIntegration$'[0m
2026-10-07T01:05:09.8777147Z [36;1mif [ "false" = true ]; then[0m
2026-10-07T01:05:09.8781691Z [36;1m  HELOX_PYTORCH_INSPECTION_PREREQUISITE='{"target_sha256":"94e4f9bd6b9b21aad545e0d441707094e4ff88ab420d62b85fcdc8b6da1e039f","source":"pypi","project":"numpy","version":"2.4.6","filename":"numpy-2.4.6-cp314-cp314-manylinux_2_27_x86_64.manylinux_2_28_x86_64.whl","sha256":"a2c306dea656c12c68f51f4cea133cbe78ca7435eb28c735eac1d3ebe73be6e8","reason":"BROADER_MODULE_PROBES"}' HELOX_PYTORCH_NOT_ATTESTED_MODULE='triton.profiler.viewer' HELOX_PYTORCH_FULL_INTEGRATION=1 HELOX_PYTORCH_PROFILE=cu126 /usr/libexec/heliopause/helox -test.v -test.timeout=40m -test.run '^TestLinuxPyTorchFullIntegration$'[0m
2026-10-07T01:05:09.8785980Z [36;1mfi[0m
2026-10-07T01:05:09.8786476Z [36;1mif [ "true" = true ]; then[0m
2026-10-07T01:05:09.8790784Z [36;1m  HELOX_PYTORCH_INSPECTION_PREREQUISITE='{"target_sha256":"bbacde6f75665b197016b986164cfdaa33b17515e5e635a63ddb75926aaa71c3","source":"pypi","project":"numpy","version":"2.4.6","filename":"numpy-2.4.6-cp314-cp314-manylinux_2_27_x86_64.manylinux_2_28_x86_64.whl","sha256":"a2c306dea656c12c68f51f4cea133cbe78ca7435eb28c735eac1d3ebe73be6e8","reason":"BROADER_MODULE_PROBES"}' HELOX_PYTORCH_NOT_ATTESTED_MODULE='triton.profiler.viewer' HELOX_PYTORCH_FULL_INTEGRATION=1 HELOX_PYTORCH_PROFILE=cu130 /usr/libexec/heliopause/helox -test.v -test.timeout=40m -test.run '^TestLinuxPyTorchFullIntegration$'[0m
2026-10-07T01:05:09.8795043Z [36;1mfi[0m
2026-10-07T01:05:09.8795537Z [36;1mif [ "false" = true ]; then[0m
2026-10-07T01:05:09.8799854Z [36;1m  HELOX_PYTORCH_INSPECTION_PREREQUISITE='{"target_sha256":"bbacde6f75665b197016b986164cfdaa33b17515e5e635a63ddb75926aaa71c3","source":"pypi","project":"numpy","version":"2.4.6","filename":"numpy-2.4.6-cp314-cp314-manylinux_2_27_x86_64.manylinux_2_28_x86_64.whl","sha256":"a2c306dea656c12c68f51f4cea133cbe78ca7435eb28c735eac1d3ebe73be6e8","reason":"BROADER_MODULE_PROBES"}' HELOX_PYTORCH_NOT_ATTESTED_MODULE='triton.profiler.viewer' HELOX_PYTORCH_FULL_INTEGRATION=1 HELOX_PYTORCH_PROFILE=cu132 /usr/libexec/heliopause/helox -test.v -test.timeout=40m -test.run '^TestLinuxPyTorchFullIntegration$'[0m
2026-10-07T01:05:09.8804123Z [36;1mfi[0m
2026-10-07T01:05:09.8804759Z [36;1mhaa_install_ci_client "$RUNNER_TEMP/helox-sandbox-test"[0m
2026-10-07T01:05:09.8805561Z [36;1mhaa_start_policy_helper[0m
2026-10-07T01:05:09.8806929Z [36;1mHELOX_PYPI_DYNAMIC_INTEGRATION=1 /usr/libexec/heliopause/helox -test.v -test.timeout=5m -test.run '^TestLinuxPyPI(WheelDynamic|SdistBuild)Integration$'[0m
2026-10-07T01:05:09.8808569Z [36;1m# Restore the production client before leaving the integration step.[0m
2026-10-07T01:05:09.8809555Z [36;1mhaa_install_ci_client "$RUNNER_TEMP/helox"[0m
2026-10-07T01:05:09.8810359Z [36;1mhaa_start_policy_helper[0m
2026-10-07T01:05:09.8811470Z [36;1mHELOX_PROMOTION_INTEGRATION=1 go test -v -timeout=5m ./internal/promotion -run TestLinuxNPMPromotionIntegration[0m
2026-10-07T01:05:09.8813218Z [36;1mHELOX_PYPI_PROMOTION_INTEGRATION=1 go test -v -timeout=5m ./internal/promotion -run TestLinuxPyPIPromotionIntegration[0m
2026-10-07T01:05:09.8817120Z shell: /bin/bash --noprofile --norc -e -u -o pipefail {0}
2026-10-07T01:05:09.8817838Z env:
2026-10-07T01:05:09.8818301Z   GOTOOLCHAIN: local
2026-10-07T01:05:09.8818929Z ##[endgroup]
2026-10-07T01:05:10.1156277Z Get:1 file:/etc/apt/apt-mirrors.txt Mirrorlist [144 B]
2026-10-07T01:05:10.1671003Z Hit:2 http://azure.archive.ubuntu.com/ubuntu noble InRelease
2026-10-07T01:05:10.1678349Z Get:6 https://packages.microsoft.com/ubuntu/24.04/prod noble InRelease [3600 B]
2026-10-07T01:05:10.1686014Z Get:3 http://azure.archive.ubuntu.com/ubuntu noble-updates InRelease [126 kB]
2026-10-07T01:05:10.1725126Z Get:4 http://azure.archive.ubuntu.com/ubuntu noble-backports InRelease [126 kB]
2026-10-07T01:05:10.1733267Z Get:5 http://azure.archive.ubuntu.com/ubuntu noble-security InRelease [126 kB]
2026-10-07T01:05:10.1744081Z Get:7 https://download.docker.com/linux/ubuntu noble InRelease [48.5 kB]
2026-10-07T01:05:10.2493275Z Get:8 https://packages.microsoft.com/ubuntu/24.04/prod noble/main arm64 Packages [463 kB]
2026-10-07T01:05:10.2636730Z Get:9 https://packages.microsoft.com/ubuntu/24.04/prod noble/main amd64 Packages [519 kB]
2026-10-07T01:05:10.2706331Z Get:10 https://packages.microsoft.com/ubuntu/24.04/prod noble/main armhf Packages [12.6 kB]
2026-10-07T01:05:10.2854147Z Get:11 http://azure.archive.ubuntu.com/ubuntu noble-updates/main amd64 Packages [1375 kB]
2026-10-07T01:05:10.2939525Z Get:12 http://azure.archive.ubuntu.com/ubuntu noble-updates/main Translation-en [306 kB]
2026-10-07T01:05:10.2958564Z Get:13 http://azure.archive.ubuntu.com/ubuntu noble-updates/main amd64 Components [181 kB]
2026-10-07T01:05:10.2973464Z Get:14 http://azure.archive.ubuntu.com/ubuntu noble-updates/universe amd64 Packages [1701 kB]
2026-10-07T01:05:10.3047097Z Get:15 http://azure.archive.ubuntu.com/ubuntu noble-updates/universe Translation-en [341 kB]
2026-10-07T01:05:10.3087123Z Get:16 http://azure.archive.ubuntu.com/ubuntu noble-updates/universe amd64 Components [388 kB]
2026-10-07T01:05:10.3107160Z Get:17 http://azure.archive.ubuntu.com/ubuntu noble-updates/restricted amd64 Packages [1730 kB]
2026-10-07T01:05:10.3179309Z Get:18 http://azure.archive.ubuntu.com/ubuntu noble-updates/restricted Translation-en [396 kB]
2026-10-07T01:05:10.3199995Z Get:19 http://azure.archive.ubuntu.com/ubuntu noble-updates/multiverse Translation-en [13.3 kB]
2026-10-07T01:05:10.3206567Z Get:20 http://azure.archive.ubuntu.com/ubuntu noble-updates/multiverse amd64 Components [940 B]
2026-10-07T01:05:10.3740315Z Get:21 http://azure.archive.ubuntu.com/ubuntu noble-backports/main amd64 Components [5752 B]
2026-10-07T01:05:10.3752179Z Get:22 http://azure.archive.ubuntu.com/ubuntu noble-backports/universe amd64 Components [12.6 kB]
2026-10-07T01:05:10.3763669Z Get:23 http://azure.archive.ubuntu.com/ubuntu noble-security/main amd64 Packages [1073 kB]
2026-10-07T01:05:10.3813756Z Get:24 http://azure.archive.ubuntu.com/ubuntu noble-security/main Translation-en [223 kB]
2026-10-07T01:05:10.3829854Z Get:25 http://azure.archive.ubuntu.com/ubuntu noble-security/main amd64 Components [46.4 kB]
2026-10-07T01:05:10.3849513Z Get:26 http://azure.archive.ubuntu.com/ubuntu noble-security/universe amd64 Packages [1218 kB]
2026-10-07T01:05:10.3899440Z Get:27 http://azure.archive.ubuntu.com/ubuntu noble-security/universe Translation-en [245 kB]
2026-10-07T01:05:10.3915196Z Get:28 http://azure.archive.ubuntu.com/ubuntu noble-security/universe amd64 Components [76.3 kB]
2026-10-07T01:05:10.3921089Z Get:29 http://azure.archive.ubuntu.com/ubuntu noble-security/restricted amd64 Packages [1566 kB]
2026-10-07T01:05:10.3985421Z Get:30 http://azure.archive.ubuntu.com/ubuntu noble-security/restricted Translation-en [361 kB]
2026-10-07T01:05:10.4005430Z Get:31 http://azure.archive.ubuntu.com/ubuntu noble-security/multiverse Translation-en [11.6 kB]
2026-10-07T01:05:10.4339741Z Get:32 https://download.docker.com/linux/ubuntu noble/stable amd64 Packages [68.0 kB]
2026-10-07T01:05:16.1079040Z Fetched 12.8 MB in 1s (11.9 MB/s)
2026-10-07T01:05:16.6039591Z Reading package lists...
2026-10-07T01:05:16.6287086Z Reading package lists...
2026-10-07T01:05:16.7762699Z Building dependency tree...
2026-10-07T01:05:16.7768294Z Reading state information...
2026-10-07T01:05:16.8990094Z The following additional packages will be installed:
2026-10-07T01:05:16.8990770Z   cpp-13-aarch64-linux-gnu cpp-aarch64-linux-gnu g++-13-aarch64-linux-gnu
2026-10-07T01:05:16.8991451Z   gcc-13-aarch64-linux-gnu gcc-13-aarch64-linux-gnu-base gcc-13-cross-base
2026-10-07T01:05:16.8992258Z   gcc-14-cross-base libasan8-arm64-cross libatomic1-arm64-cross
2026-10-07T01:05:16.8992954Z   libc6-arm64-cross libelf-dev libgcc-13-dev-arm64-cross libgcc-s1-arm64-cross
2026-10-07T01:05:16.8993727Z   libgomp1-arm64-cross libhwasan0-arm64-cross libitm1-arm64-cross
2026-10-07T01:05:16.8994438Z   liblsan0-arm64-cross libstdc++-13-dev-arm64-cross libstdc++6-arm64-cross
2026-10-07T01:05:16.8995450Z   libtsan2-arm64-cross libubsan1-arm64-cross linux-libc-dev-arm64-cross
2026-10-07T01:05:16.9000025Z Suggested packages:
2026-10-07T01:05:16.9000477Z   binutils-doc gcc-13-locales cpp-13-doc cpp-doc cgroupfs-mount | cgroup-lite
2026-10-07T01:05:16.9000997Z   docker-model-plugin gcc-13-doc manpages-dev gdb-aarch64-linux-gnu gcc-doc
2026-10-07T01:05:16.9001361Z Recommended packages:
2026-10-07T01:05:16.9001741Z   docker-ce-rootless-extras docker-buildx-plugin docker-compose-plugin
2026-10-07T01:05:16.9002070Z   gcc-multilib
2026-10-07T01:05:16.9295649Z The following NEW packages will be installed:
2026-10-07T01:05:16.9296149Z   binutils-aarch64-linux-gnu cpp-13-aarch64-linux-gnu cpp-aarch64-linux-gnu
2026-10-07T01:05:16.9296634Z   g++-13-aarch64-linux-gnu g++-aarch64-linux-gnu gcc-13-aarch64-linux-gnu
2026-10-07T01:05:16.9297100Z   gcc-13-aarch64-linux-gnu-base gcc-13-cross-base gcc-14-cross-base
2026-10-07T01:05:16.9297452Z   gcc-aarch64-linux-gnu libasan8-arm64-cross libatomic1-arm64-cross libbpf-dev
2026-10-07T01:05:16.9297752Z   libc6-arm64-cross libc6-dev-arm64-cross libc6-dev-i386 libelf-dev
2026-10-07T01:05:16.9298046Z   libgcc-13-dev-arm64-cross libgcc-s1-arm64-cross libgomp1-arm64-cross
2026-10-07T01:05:16.9298597Z   libhwasan0-arm64-cross libitm1-arm64-cross liblsan0-arm64-cross
2026-10-07T01:05:16.9299132Z   libstdc++-13-dev-arm64-cross libstdc++6-arm64-cross libtsan2-arm64-cross
2026-10-07T01:05:16.9301234Z   libubsan1-arm64-cross linux-libc-dev-arm64-cross
2026-10-07T01:05:16.9303600Z The following packages will be upgraded:
2026-10-07T01:05:16.9307819Z   docker-ce docker-ce-cli
2026-10-07T01:05:16.9308125Z The following packages will be DOWNGRADED:
2026-10-07T01:05:16.9312072Z   containerd.io
2026-10-07T01:05:16.9483742Z 2 upgraded, 28 newly installed, 1 downgraded, 0 to remove and 29 not upgraded.
2026-10-07T01:05:16.9484210Z Need to get 126 MB of archives.
2026-10-07T01:05:16.9484525Z After this operation, 274 MB of additional disk space will be used.
2026-10-07T01:05:16.9484898Z Get:1 file:/etc/apt/apt-mirrors.txt Mirrorlist [144 B]
2026-10-07T01:05:17.0098278Z Get:2 http://azure.archive.ubuntu.com/ubuntu noble-updates/main amd64 gcc-13-aarch64-linux-gnu-base amd64 13.3.0-6ubuntu2~24.04.1cross1 [51.9 kB]
2026-10-07T01:05:17.0351183Z Get:30 https://download.docker.com/linux/ubuntu noble/stable amd64 docker-ce-cli amd64 5:29.8.1-1~ubuntu.24.04~noble [17.6 MB]
2026-10-07T01:05:17.0430743Z Get:3 http://azure.archive.ubuntu.com/ubuntu noble-updates/main amd64 cpp-13-aarch64-linux-gnu amd64 13.3.0-6ubuntu2~24.04.1cross1 [10.8 MB]
2026-10-07T01:05:17.1633571Z Get:4 http://azure.archive.ubuntu.com/ubuntu noble/main amd64 cpp-aarch64-linux-gnu amd64 4:13.2.0-7ubuntu1 [5332 B]
2026-10-07T01:05:17.1911945Z Get:5 http://azure.archive.ubuntu.com/ubuntu noble-updates/main amd64 binutils-aarch64-linux-gnu amd64 2.42-4ubuntu2.10 [3711 kB]
2026-10-07T01:05:17.2016219Z Get:31 https://download.docker.com/linux/ubuntu noble/stable amd64 containerd.io amd64 2.3.5-1~ubuntu.24.04~noble [22.4 MB]
2026-10-07T01:05:17.2507924Z Get:6 http://azure.archive.ubuntu.com/ubuntu noble-updates/main amd64 gcc-13-cross-base all 13.3.0-6ubuntu2~24.04.1cross1 [46.5 kB]
2026-10-07T01:05:17.2783695Z Get:7 http://azure.archive.ubuntu.com/ubuntu noble-updates/main amd64 gcc-14-cross-base all 14.2.0-4ubuntu2~24.04.1cross1 [46.1 kB]
2026-10-07T01:05:17.3100848Z Get:8 http://azure.archive.ubuntu.com/ubuntu noble/main amd64 libc6-arm64-cross all 2.39-0ubuntu8cross1 [1197 kB]
2026-10-07T01:05:17.3622907Z Get:32 https://download.docker.com/linux/ubuntu noble/stable amd64 docker-ce amd64 5:29.8.1-1~ubuntu.24.04~noble [24.3 MB]
2026-10-07T01:05:17.3735300Z Get:9 http://azure.archive.ubuntu.com/ubuntu noble-updates/main amd64 libgcc-s1-arm64-cross all 14.2.0-4ubuntu2~24.04.1cross1 [61.9 kB]
2026-10-07T01:05:17.4064111Z Get:10 http://azure.archive.ubuntu.com/ubuntu noble-updates/main amd64 libgomp1-arm64-cross all 14.2.0-4ubuntu2~24.04.1cross1 [110 kB]
2026-10-07T01:05:17.4383471Z Get:11 http://azure.archive.ubuntu.com/ubuntu noble-updates/main amd64 libitm1-arm64-cross all 14.2.0-4ubuntu2~24.04.1cross1 [31.1 kB]
2026-10-07T01:05:17.4719061Z Get:12 http://azure.archive.ubuntu.com/ubuntu noble-updates/main amd64 libatomic1-arm64-cross all 14.2.0-4ubuntu2~24.04.1cross1 [11.5 kB]
2026-10-07T01:05:17.6145230Z Get:13 http://azure.archive.ubuntu.com/ubuntu noble-updates/main amd64 libasan8-arm64-cross all 14.2.0-4ubuntu2~24.04.1cross1 [524 kB]
2026-10-07T01:05:17.6549547Z Get:14 http://azure.archive.ubuntu.com/ubuntu noble-updates/main amd64 liblsan0-arm64-cross all 14.2.0-4ubuntu2~24.04.1cross1 [238 kB]
2026-10-07T01:05:17.6923807Z Get:15 http://azure.archive.ubuntu.com/ubuntu noble-updates/main amd64 libtsan2-arm64-cross all 14.2.0-4ubuntu2~24.04.1cross1 [500 kB]
2026-10-07T01:05:17.7259790Z Get:16 http://azure.archive.ubuntu.com/ubuntu noble-updates/main amd64 libstdc++6-arm64-cross all 14.2.0-4ubuntu2~24.04.1cross1 [659 kB]
2026-10-07T01:05:17.7603212Z Get:17 http://azure.archive.ubuntu.com/ubuntu noble-updates/main amd64 libubsan1-arm64-cross all 14.2.0-4ubuntu2~24.04.1cross1 [219 kB]
2026-10-07T01:05:17.8403875Z Get:18 http://azure.archive.ubuntu.com/ubuntu noble-updates/main amd64 libhwasan0-arm64-cross all 14.2.0-4ubuntu2~24.04.1cross1 [304 kB]
2026-10-07T01:05:17.8692604Z Get:19 http://azure.archive.ubuntu.com/ubuntu noble-updates/main amd64 libgcc-13-dev-arm64-cross all 13.3.0-6ubuntu2~24.04.1cross1 [2616 kB]
2026-10-07T01:05:17.9074623Z Get:20 http://azure.archive.ubuntu.com/ubuntu noble-updates/main amd64 gcc-13-aarch64-linux-gnu amd64 13.3.0-6ubuntu2~24.04.1cross1 [21.1 MB]
2026-10-07T01:05:18.1871696Z Get:21 http://azure.archive.ubuntu.com/ubuntu noble/main amd64 linux-libc-dev-arm64-cross all 6.8.0-25.25cross1 [1375 kB]
2026-10-07T01:05:18.4935402Z Get:22 http://azure.archive.ubuntu.com/ubuntu noble/main amd64 libc6-dev-arm64-cross all 2.39-0ubuntu8cross1 [1629 kB]
2026-10-07T01:05:18.5734484Z Get:23 http://azure.archive.ubuntu.com/ubuntu noble-updates/main amd64 libstdc++-13-dev-arm64-cross all 13.3.0-6ubuntu2~24.04.1cross1 [2656 kB]
2026-10-07T01:05:18.6356360Z Get:24 http://azure.archive.ubuntu.com/ubuntu noble-updates/main amd64 g++-13-aarch64-linux-gnu amd64 13.3.0-6ubuntu2~24.04.1cross1 [12.2 MB]
2026-10-07T01:05:18.8132354Z Get:25 http://azure.archive.ubuntu.com/ubuntu noble/main amd64 gcc-aarch64-linux-gnu amd64 4:13.2.0-7ubuntu1 [1210 B]
2026-10-07T01:05:18.8519834Z Get:26 http://azure.archive.ubuntu.com/ubuntu noble/main amd64 g++-aarch64-linux-gnu amd64 4:13.2.0-7ubuntu1 [962 B]
2026-10-07T01:05:18.8904776Z Get:27 http://azure.archive.ubuntu.com/ubuntu noble-updates/main amd64 libelf-dev amd64 0.190-1.1ubuntu0.1 [68.5 kB]
2026-10-07T01:05:18.9225716Z Get:28 http://azure.archive.ubuntu.com/ubuntu noble/main amd64 libbpf-dev amd64 1:1.3.0-2build2 [259 kB]
2026-10-07T01:05:18.9551942Z Get:29 http://azure.archive.ubuntu.com/ubuntu noble-updates/main amd64 libc6-dev-i386 amd64 2.39-0ubuntu8.9 [1447 kB]
2026-10-07T01:05:19.1690788Z Fetched 126 MB in 2s (62.3 MB/s)
2026-10-07T01:05:19.2074642Z (Reading database ... 
2026-10-07T01:05:19.2074842Z (Reading database ... 5%
2026-10-07T01:05:19.2074981Z (Reading database ... 10%
2026-10-07T01:05:19.2075122Z (Reading database ... 15%
2026-10-07T01:05:19.2075472Z (Reading database ... 20%
2026-10-07T01:05:19.2075598Z (Reading database ... 25%
2026-10-07T01:05:19.2075720Z (Reading database ... 30%
2026-10-07T01:05:19.2075847Z (Reading database ... 35%
2026-10-07T01:05:19.2076083Z (Reading database ... 40%
2026-10-07T01:05:19.2076257Z (Reading database ... 45%
2026-10-07T01:05:19.2076384Z (Reading database ... 50%
2026-10-07T01:05:19.2110136Z (Reading database ... 55%
2026-10-07T01:05:19.3055217Z (Reading database ... 60%
2026-10-07T01:05:19.5116595Z (Reading database ... 65%
2026-10-07T01:05:19.7160583Z (Reading database ... 70%
2026-10-07T01:05:19.8651799Z (Reading database ... 75%
2026-10-07T01:05:20.0164167Z (Reading database ... 80%
2026-10-07T01:05:20.1178384Z (Reading database ... 85%
2026-10-07T01:05:20.2126332Z (Reading database ... 90%
2026-10-07T01:05:20.2832631Z (Reading database ... 95%
2026-10-07T01:05:20.2832905Z (Reading database ... 100%
2026-10-07T01:05:20.2833149Z (Reading database ... 202296 files and directories currently installed.)
2026-10-07T01:05:20.2871030Z Preparing to unpack .../00-docker-ce-cli_5%3a29.8.1-1~ubuntu.24.04~noble_amd64.deb ...
2026-10-07T01:05:20.3110013Z Unpacking docker-ce-cli (5:29.8.1-1~ubuntu.24.04~noble) over (5:28.0.4-1~ubuntu.24.04~noble) ...
2026-10-07T01:05:20.9550207Z dpkg: warning: downgrading containerd.io from 2.3.6-1~ubuntu.24.04~noble to 2.3.5-1~ubuntu.24.04~noble
2026-10-07T01:05:20.9647356Z Preparing to unpack .../01-containerd.io_2.3.5-1~ubuntu.24.04~noble_amd64.deb ...
2026-10-07T01:05:20.9692367Z Unpacking containerd.io (2.3.5-1~ubuntu.24.04~noble) over (2.3.6-1~ubuntu.24.04~noble) ...
2026-10-07T01:05:21.8053380Z Preparing to unpack .../02-docker-ce_5%3a29.8.1-1~ubuntu.24.04~noble_amd64.deb ...
2026-10-07T01:05:21.8339230Z Unpacking docker-ce (5:29.8.1-1~ubuntu.24.04~noble) over (5:28.0.4-1~ubuntu.24.04~noble) ...
2026-10-07T01:05:22.8907870Z Selecting previously unselected package gcc-13-aarch64-linux-gnu-base:amd64.
2026-10-07T01:05:22.9007454Z Preparing to unpack .../03-gcc-13-aarch64-linux-gnu-base_13.3.0-6ubuntu2~24.04.1cross1_amd64.deb ...
2026-10-07T01:05:22.9014433Z Unpacking gcc-13-aarch64-linux-gnu-base:amd64 (13.3.0-6ubuntu2~24.04.1cross1) ...
2026-10-07T01:05:22.9198537Z Selecting previously unselected package cpp-13-aarch64-linux-gnu.
2026-10-07T01:05:22.9296364Z Preparing to unpack .../04-cpp-13-aarch64-linux-gnu_13.3.0-6ubuntu2~24.04.1cross1_amd64.deb ...
2026-10-07T01:05:22.9321976Z Unpacking cpp-13-aarch64-linux-gnu (13.3.0-6ubuntu2~24.04.1cross1) ...
2026-10-07T01:05:23.1874228Z Selecting previously unselected package cpp-aarch64-linux-gnu.
2026-10-07T01:05:23.1970731Z Preparing to unpack .../05-cpp-aarch64-linux-gnu_4%3a13.2.0-7ubuntu1_amd64.deb ...
2026-10-07T01:05:23.1977269Z Unpacking cpp-aarch64-linux-gnu (4:13.2.0-7ubuntu1) ...
2026-10-07T01:05:23.2137041Z Selecting previously unselected package binutils-aarch64-linux-gnu.
2026-10-07T01:05:23.2235793Z Preparing to unpack .../06-binutils-aarch64-linux-gnu_2.42-4ubuntu2.10_amd64.deb ...
2026-10-07T01:05:23.2405467Z Unpacking binutils-aarch64-linux-gnu (2.42-4ubuntu2.10) ...
2026-10-07T01:05:23.4070900Z Selecting previously unselected package gcc-13-cross-base.
2026-10-07T01:05:23.4169456Z Preparing to unpack .../07-gcc-13-cross-base_13.3.0-6ubuntu2~24.04.1cross1_all.deb ...
2026-10-07T01:05:23.4177055Z Unpacking gcc-13-cross-base (13.3.0-6ubuntu2~24.04.1cross1) ...
2026-10-07T01:05:23.4519422Z Selecting previously unselected package gcc-14-cross-base.
2026-10-07T01:05:23.4615972Z Preparing to unpack .../08-gcc-14-cross-base_14.2.0-4ubuntu2~24.04.1cross1_all.deb ...
2026-10-07T01:05:23.4623127Z Unpacking gcc-14-cross-base (14.2.0-4ubuntu2~24.04.1cross1) ...
2026-10-07T01:05:23.4790149Z Selecting previously unselected package libc6-arm64-cross.
2026-10-07T01:05:23.4887690Z Preparing to unpack .../09-libc6-arm64-cross_2.39-0ubuntu8cross1_all.deb ...
2026-10-07T01:05:23.4894256Z Unpacking libc6-arm64-cross (2.39-0ubuntu8cross1) ...
2026-10-07T01:05:23.5262958Z Selecting previously unselected package libgcc-s1-arm64-cross.
2026-10-07T01:05:23.5360835Z Preparing to unpack .../10-libgcc-s1-arm64-cross_14.2.0-4ubuntu2~24.04.1cross1_all.deb ...
2026-10-07T01:05:23.5366665Z Unpacking libgcc-s1-arm64-cross (14.2.0-4ubuntu2~24.04.1cross1) ...
2026-10-07T01:05:23.5532329Z Selecting previously unselected package libgomp1-arm64-cross.
2026-10-07T01:05:23.5631040Z Preparing to unpack .../11-libgomp1-arm64-cross_14.2.0-4ubuntu2~24.04.1cross1_all.deb ...
2026-10-07T01:05:23.5637186Z Unpacking libgomp1-arm64-cross (14.2.0-4ubuntu2~24.04.1cross1) ...
2026-10-07T01:05:23.5810275Z Selecting previously unselected package libitm1-arm64-cross.
2026-10-07T01:05:23.5907726Z Preparing to unpack .../12-libitm1-arm64-cross_14.2.0-4ubuntu2~24.04.1cross1_all.deb ...
2026-10-07T01:05:23.5914296Z Unpacking libitm1-arm64-cross (14.2.0-4ubuntu2~24.04.1cross1) ...
2026-10-07T01:05:23.6081810Z Selecting previously unselected package libatomic1-arm64-cross.
2026-10-07T01:05:23.6178472Z Preparing to unpack .../13-libatomic1-arm64-cross_14.2.0-4ubuntu2~24.04.1cross1_all.deb ...
2026-10-07T01:05:23.6184610Z Unpacking libatomic1-arm64-cross (14.2.0-4ubuntu2~24.04.1cross1) ...
2026-10-07T01:05:23.6486737Z Selecting previously unselected package libasan8-arm64-cross.
2026-10-07T01:05:23.6582736Z Preparing to unpack .../14-libasan8-arm64-cross_14.2.0-4ubuntu2~24.04.1cross1_all.deb ...
2026-10-07T01:05:23.6715618Z Unpacking libasan8-arm64-cross (14.2.0-4ubuntu2~24.04.1cross1) ...
2026-10-07T01:05:23.7201329Z Selecting previously unselected package liblsan0-arm64-cross.
2026-10-07T01:05:23.7321123Z Preparing to unpack .../15-liblsan0-arm64-cross_14.2.0-4ubuntu2~24.04.1cross1_all.deb ...
2026-10-07T01:05:23.7355668Z Unpacking liblsan0-arm64-cross (14.2.0-4ubuntu2~24.04.1cross1) ...
2026-10-07T01:05:23.7860507Z Selecting previously unselected package libtsan2-arm64-cross.
2026-10-07T01:05:23.7957974Z Preparing to unpack .../16-libtsan2-arm64-cross_14.2.0-4ubuntu2~24.04.1cross1_all.deb ...
2026-10-07T01:05:23.8017616Z Unpacking libtsan2-arm64-cross (14.2.0-4ubuntu2~24.04.1cross1) ...
2026-10-07T01:05:23.8338239Z Selecting previously unselected package libstdc++6-arm64-cross.
2026-10-07T01:05:23.8436535Z Preparing to unpack .../17-libstdc++6-arm64-cross_14.2.0-4ubuntu2~24.04.1cross1_all.deb ...
2026-10-07T01:05:23.8513279Z Unpacking libstdc++6-arm64-cross (14.2.0-4ubuntu2~24.04.1cross1) ...
2026-10-07T01:05:23.8846037Z Selecting previously unselected package libubsan1-arm64-cross.
2026-10-07T01:05:23.8945015Z Preparing to unpack .../18-libubsan1-arm64-cross_14.2.0-4ubuntu2~24.04.1cross1_all.deb ...
2026-10-07T01:05:23.8951120Z Unpacking libubsan1-arm64-cross (14.2.0-4ubuntu2~24.04.1cross1) ...
2026-10-07T01:05:23.9165741Z Selecting previously unselected package libhwasan0-arm64-cross.
2026-10-07T01:05:23.9263282Z Preparing to unpack .../19-libhwasan0-arm64-cross_14.2.0-4ubuntu2~24.04.1cross1_all.deb ...
2026-10-07T01:05:23.9269676Z Unpacking libhwasan0-arm64-cross (14.2.0-4ubuntu2~24.04.1cross1) ...
2026-10-07T01:05:23.9467395Z Selecting previously unselected package libgcc-13-dev-arm64-cross.
2026-10-07T01:05:23.9569239Z Preparing to unpack .../20-libgcc-13-dev-arm64-cross_13.3.0-6ubuntu2~24.04.1cross1_all.deb ...
2026-10-07T01:05:23.9575701Z Unpacking libgcc-13-dev-arm64-cross (13.3.0-6ubuntu2~24.04.1cross1) ...
2026-10-07T01:05:24.1147840Z Selecting previously unselected package gcc-13-aarch64-linux-gnu.
2026-10-07T01:05:24.1245721Z Preparing to unpack .../21-gcc-13-aarch64-linux-gnu_13.3.0-6ubuntu2~24.04.1cross1_amd64.deb ...
2026-10-07T01:05:24.1273279Z Unpacking gcc-13-aarch64-linux-gnu (13.3.0-6ubuntu2~24.04.1cross1) ...
2026-10-07T01:05:24.5597790Z Selecting previously unselected package linux-libc-dev-arm64-cross.
2026-10-07T01:05:24.5696943Z Preparing to unpack .../22-linux-libc-dev-arm64-cross_6.8.0-25.25cross1_all.deb ...
2026-10-07T01:05:24.5702799Z Unpacking linux-libc-dev-arm64-cross (6.8.0-25.25cross1) ...
2026-10-07T01:05:24.7294157Z Selecting previously unselected package libc6-dev-arm64-cross.
2026-10-07T01:05:24.7397842Z Preparing to unpack .../23-libc6-dev-arm64-cross_2.39-0ubuntu8cross1_all.deb ...
2026-10-07T01:05:24.7409647Z Unpacking libc6-dev-arm64-cross (2.39-0ubuntu8cross1) ...
2026-10-07T01:05:24.8648412Z Selecting previously unselected package libstdc++-13-dev-arm64-cross.
2026-10-07T01:05:24.8750639Z Preparing to unpack .../24-libstdc++-13-dev-arm64-cross_13.3.0-6ubuntu2~24.04.1cross1_all.deb ...
2026-10-07T01:05:24.8756384Z Unpacking libstdc++-13-dev-arm64-cross (13.3.0-6ubuntu2~24.04.1cross1) ...
2026-10-07T01:05:25.1301151Z Selecting previously unselected package g++-13-aarch64-linux-gnu.
2026-10-07T01:05:25.1406743Z Preparing to unpack .../25-g++-13-aarch64-linux-gnu_13.3.0-6ubuntu2~24.04.1cross1_amd64.deb ...
2026-10-07T01:05:25.1433842Z Unpacking g++-13-aarch64-linux-gnu (13.3.0-6ubuntu2~24.04.1cross1) ...
2026-10-07T01:05:25.4180066Z Selecting previously unselected package gcc-aarch64-linux-gnu.
2026-10-07T01:05:25.4280945Z Preparing to unpack .../26-gcc-aarch64-linux-gnu_4%3a13.2.0-7ubuntu1_amd64.deb ...
2026-10-07T01:05:25.4287010Z Unpacking gcc-aarch64-linux-gnu (4:13.2.0-7ubuntu1) ...
2026-10-07T01:05:25.4456989Z Selecting previously unselected package g++-aarch64-linux-gnu.
2026-10-07T01:05:25.4560507Z Preparing to unpack .../27-g++-aarch64-linux-gnu_4%3a13.2.0-7ubuntu1_amd64.deb ...
2026-10-07T01:05:25.4566081Z Unpacking g++-aarch64-linux-gnu (4:13.2.0-7ubuntu1) ...
2026-10-07T01:05:25.4720594Z Selecting previously unselected package libelf-dev:amd64.
2026-10-07T01:05:25.4820670Z Preparing to unpack .../28-libelf-dev_0.190-1.1ubuntu0.1_amd64.deb ...
2026-10-07T01:05:25.4827347Z Unpacking libelf-dev:amd64 (0.190-1.1ubuntu0.1) ...
2026-10-07T01:05:25.5030573Z Selecting previously unselected package libbpf-dev:amd64.
2026-10-07T01:05:25.5131565Z Preparing to unpack .../29-libbpf-dev_1%3a1.3.0-2build2_amd64.deb ...
2026-10-07T01:05:25.5138164Z Unpacking libbpf-dev:amd64 (1:1.3.0-2build2) ...
2026-10-07T01:05:25.5340931Z Selecting previously unselected package libc6-dev-i386.
2026-10-07T01:05:25.5442336Z Preparing to unpack .../30-libc6-dev-i386_2.39-0ubuntu8.9_amd64.deb ...
2026-10-07T01:05:25.5448926Z Unpacking libc6-dev-i386 (2.39-0ubuntu8.9) ...
2026-10-07T01:05:25.6277289Z Setting up libc6-dev-i386 (2.39-0ubuntu8.9) ...
2026-10-07T01:05:25.6294189Z Setting up binutils-aarch64-linux-gnu (2.42-4ubuntu2.10) ...
2026-10-07T01:05:25.6308656Z Setting up gcc-14-cross-base (14.2.0-4ubuntu2~24.04.1cross1) ...
2026-10-07T01:05:25.6323136Z Setting up gcc-13-cross-base (13.3.0-6ubuntu2~24.04.1cross1) ...
2026-10-07T01:05:25.6337188Z Setting up libc6-arm64-cross (2.39-0ubuntu8cross1) ...
2026-10-07T01:05:25.6351974Z Setting up containerd.io (2.3.5-1~ubuntu.24.04~noble) ...
2026-10-07T01:05:25.9282805Z Setting up libelf-dev:amd64 (0.190-1.1ubuntu0.1) ...
2026-10-07T01:05:25.9297002Z Setting up libitm1-arm64-cross (14.2.0-4ubuntu2~24.04.1cross1) ...
2026-10-07T01:05:25.9316228Z Setting up linux-libc-dev-arm64-cross (6.8.0-25.25cross1) ...
2026-10-07T01:05:25.9329505Z Setting up docker-ce-cli (5:29.8.1-1~ubuntu.24.04~noble) ...
2026-10-07T01:05:25.9343330Z Setting up gcc-13-aarch64-linux-gnu-base:amd64 (13.3.0-6ubuntu2~24.04.1cross1) ...
2026-10-07T01:05:25.9356393Z Setting up libgcc-s1-arm64-cross (14.2.0-4ubuntu2~24.04.1cross1) ...
2026-10-07T01:05:25.9370646Z Setting up libatomic1-arm64-cross (14.2.0-4ubuntu2~24.04.1cross1) ...
2026-10-07T01:05:25.9384541Z Setting up liblsan0-arm64-cross (14.2.0-4ubuntu2~24.04.1cross1) ...
2026-10-07T01:05:25.9397738Z Setting up libgomp1-arm64-cross (14.2.0-4ubuntu2~24.04.1cross1) ...
2026-10-07T01:05:25.9411757Z Setting up libbpf-dev:amd64 (1:1.3.0-2build2) ...
2026-10-07T01:05:25.9424649Z Setting up cpp-13-aarch64-linux-gnu (13.3.0-6ubuntu2~24.04.1cross1) ...
2026-10-07T01:05:25.9438374Z Setting up libhwasan0-arm64-cross (14.2.0-4ubuntu2~24.04.1cross1) ...
2026-10-07T01:05:25.9453659Z Setting up libc6-dev-arm64-cross (2.39-0ubuntu8cross1) ...
2026-10-07T01:05:25.9468938Z Setting up libstdc++6-arm64-cross (14.2.0-4ubuntu2~24.04.1cross1) ...
2026-10-07T01:05:25.9482573Z Setting up cpp-aarch64-linux-gnu (4:13.2.0-7ubuntu1) ...
2026-10-07T01:05:25.9497369Z Setting up docker-ce (5:29.8.1-1~ubuntu.24.04~noble) ...
2026-10-07T01:05:28.3692777Z Setting up libasan8-arm64-cross (14.2.0-4ubuntu2~24.04.1cross1) ...
2026-10-07T01:05:28.3708081Z Setting up libtsan2-arm64-cross (14.2.0-4ubuntu2~24.04.1cross1) ...
2026-10-07T01:05:28.3723484Z Setting up libubsan1-arm64-cross (14.2.0-4ubuntu2~24.04.1cross1) ...
2026-10-07T01:05:28.3737873Z Setting up libgcc-13-dev-arm64-cross (13.3.0-6ubuntu2~24.04.1cross1) ...
2026-10-07T01:05:28.3751956Z Setting up gcc-13-aarch64-linux-gnu (13.3.0-6ubuntu2~24.04.1cross1) ...
2026-10-07T01:05:28.3766114Z Setting up libstdc++-13-dev-arm64-cross (13.3.0-6ubuntu2~24.04.1cross1) ...
2026-10-07T01:05:28.3783526Z Setting up g++-13-aarch64-linux-gnu (13.3.0-6ubuntu2~24.04.1cross1) ...
2026-10-07T01:05:28.3797896Z Setting up gcc-aarch64-linux-gnu (4:13.2.0-7ubuntu1) ...
2026-10-07T01:05:28.3812458Z Setting up g++-aarch64-linux-gnu (4:13.2.0-7ubuntu1) ...
2026-10-07T01:05:28.3830428Z Processing triggers for man-db (2.12.0-4build2) ...
2026-10-07T01:05:28.3850409Z Not building database; man-db/auto-update is not 'true'.
2026-10-07T01:05:28.3859569Z Processing triggers for libc-bin (2.39-0ubuntu8.9) ...
2026-10-07T01:05:29.0049780Z 
2026-10-07T01:05:29.0050321Z Running kernel seems to be up-to-date.
2026-10-07T01:05:29.0050530Z 
2026-10-07T01:05:29.0050624Z No services need to be restarted.
2026-10-07T01:05:29.0050762Z 
2026-10-07T01:05:29.0050850Z No containers need to be restarted.
2026-10-07T01:05:29.0050992Z 
2026-10-07T01:05:29.0051107Z No user sessions are running outdated binaries.
2026-10-07T01:05:29.0051273Z 
2026-10-07T01:05:29.0051488Z No VM guests are running outdated hypervisor (qemu) binaries on this host.
2026-10-07T01:05:29.7007598Z hint: Using 'master' as the name for the initial branch. This default branch name
2026-10-07T01:05:29.7007944Z hint: will change to "main" in Git 3.0. To configure the initial branch name
2026-10-07T01:05:29.7008231Z hint: to use in all of your new repositories, which will suppress this warning,
2026-10-07T01:05:29.7008476Z hint: call:
2026-10-07T01:05:29.7008583Z hint:
2026-10-07T01:05:29.7008852Z hint: 	git config --global init.defaultBranch <name>
2026-10-07T01:05:29.7009082Z hint:
2026-10-07T01:05:29.7009333Z hint: Names commonly chosen instead of 'master' are 'main', 'trunk' and
2026-10-07T01:05:29.7009611Z hint: 'development'. The just-created branch can be renamed via this command:
2026-10-07T01:05:29.7009819Z hint:
2026-10-07T01:05:29.7009935Z hint: 	git branch -m <name>
2026-10-07T01:05:29.7010105Z hint:
2026-10-07T01:05:29.7010395Z hint: Disable this message with "git config set advice.defaultBranchName false"
2026-10-07T01:05:33.2557226Z us-central1-docker.pkg.dev/gvisor-presubmit/gvisor-presubmit-images/default_x86_64@sha256:9afba722516843795c026fbe3b7cd8a8f6b729d241e656a70af1ad46fe09406c: Pulling from gvisor-presubmit/gvisor-presubmit-images/default_x86_64
2026-10-07T01:05:33.2564637Z d544298cabd5: Pulling fs layer
2026-10-07T01:05:33.2580267Z ab2267afd5af: Pulling fs layer
2026-10-07T01:05:33.2580486Z 0bf74a384ec6: Pulling fs layer
2026-10-07T01:05:33.2580639Z 5acb13da556d: Pulling fs layer
2026-10-07T01:05:33.2580782Z 464275bdef61: Pulling fs layer
2026-10-07T01:05:33.2580923Z 5791a197cfee: Pulling fs layer
2026-10-07T01:05:33.2581149Z eef77529dfa7: Pulling fs layer
2026-10-07T01:05:33.2581291Z 93bb5bcfff2c: Pulling fs layer
2026-10-07T01:05:33.2581428Z c90ec6366fc5: Pulling fs layer
2026-10-07T01:05:33.2581567Z 1a5fc2c5aa95: Pulling fs layer
2026-10-07T01:05:33.2581709Z c32c4609a695: Pulling fs layer
2026-10-07T01:05:33.2581843Z 5acb13da556d: Waiting
2026-10-07T01:05:33.2581970Z 464275bdef61: Waiting
2026-10-07T01:05:33.2582343Z 5791a197cfee: Waiting
2026-10-07T01:05:33.2582462Z eef77529dfa7: Waiting
2026-10-07T01:05:33.2582582Z 93bb5bcfff2c: Waiting
2026-10-07T01:05:33.2582706Z 1a5fc2c5aa95: Waiting
2026-10-07T01:05:33.2582823Z c90ec6366fc5: Waiting
2026-10-07T01:05:33.2582938Z c32c4609a695: Waiting
2026-10-07T01:05:33.6538138Z 0bf74a384ec6: Verifying Checksum
2026-10-07T01:05:33.6539049Z 0bf74a384ec6: Download complete
2026-10-07T01:05:33.8090514Z 5acb13da556d: Verifying Checksum
2026-10-07T01:05:33.8090826Z 5acb13da556d: Download complete
2026-10-07T01:05:33.8678927Z d544298cabd5: Verifying Checksum
2026-10-07T01:05:33.8679255Z d544298cabd5: Download complete
2026-10-07T01:05:33.9790868Z 464275bdef61: Verifying Checksum
2026-10-07T01:05:33.9791365Z 464275bdef61: Download complete
2026-10-07T01:05:34.2533737Z 5791a197cfee: Verifying Checksum
2026-10-07T01:05:34.2536102Z 5791a197cfee: Download complete
2026-10-07T01:05:34.4193047Z 93bb5bcfff2c: Verifying Checksum
2026-10-07T01:05:34.4193645Z 93bb5bcfff2c: Download complete
2026-10-07T01:05:34.5513771Z c90ec6366fc5: Verifying Checksum
2026-10-07T01:05:34.5514152Z c90ec6366fc5: Download complete
2026-10-07T01:05:34.5944922Z eef77529dfa7: Verifying Checksum
2026-10-07T01:05:34.5947244Z eef77529dfa7: Download complete
2026-10-07T01:05:34.7446431Z c32c4609a695: Verifying Checksum
2026-10-07T01:05:34.7446903Z c32c4609a695: Download complete
2026-10-07T01:05:35.1743819Z d544298cabd5: Pull complete
2026-10-07T01:05:35.1882559Z 1a5fc2c5aa95: Verifying Checksum
2026-10-07T01:05:35.1882923Z 1a5fc2c5aa95: Download complete
2026-10-07T01:05:35.5247561Z ab2267afd5af: Verifying Checksum
2026-10-07T01:05:35.5247855Z ab2267afd5af: Download complete
2026-10-07T01:05:55.7551268Z ab2267afd5af: Pull complete
2026-10-07T01:05:55.8630113Z 0bf74a384ec6: Pull complete
2026-10-07T01:05:55.8710664Z 5acb13da556d: Pull complete
2026-10-07T01:05:55.8820938Z 464275bdef61: Pull complete
2026-10-07T01:05:57.2666171Z 5791a197cfee: Pull complete
2026-10-07T01:06:13.4412594Z eef77529dfa7: Pull complete
2026-10-07T01:06:13.5112161Z 93bb5bcfff2c: Pull complete
2026-10-07T01:06:13.5171733Z c90ec6366fc5: Pull complete
2026-10-07T01:06:13.9896502Z 1a5fc2c5aa95: Pull complete
2026-10-07T01:06:14.0004386Z c32c4609a695: Pull complete
2026-10-07T01:06:14.0035995Z Digest: sha256:9afba722516843795c026fbe3b7cd8a8f6b729d241e656a70af1ad46fe09406c
2026-10-07T01:06:14.0044790Z Status: Downloaded newer image for us-central1-docker.pkg.dev/gvisor-presubmit/gvisor-presubmit-images/default_x86_64@sha256:9afba722516843795c026fbe3b7cd8a8f6b729d241e656a70af1ad46fe09406c
2026-10-07T01:06:14.0057113Z us-central1-docker.pkg.dev/gvisor-presubmit/gvisor-presubmit-images/default_x86_64@sha256:9afba722516843795c026fbe3b7cd8a8f6b729d241e656a70af1ad46fe09406c
2026-10-07T01:06:14.3126828Z Extracting Bazel installation...
2026-10-07T01:06:15.8677138Z Starting local Bazel server (8.3.1) and connecting to it...
2026-10-07T01:06:16.9381489Z Computing main repo mapping: 
2026-10-07T01:06:17.9399684Z Computing main repo mapping: 
2026-10-07T01:06:18.9400715Z Computing main repo mapping: 
2026-10-07T01:06:19.9395346Z Computing main repo mapping: 
2026-10-07T01:06:20.9596485Z Computing main repo mapping: 
2026-10-07T01:06:21.9851033Z Computing main repo mapping: 
2026-10-07T01:06:22.3274494Z WARNING: For repository 'bazel_skylib', the root module requires module version bazel_skylib@1.7.1, but got bazel_skylib@1.8.2 in the resolved dependency graph. Please update the version in your MODULE.bazel or set --check_direct_dependencies=off
2026-10-07T01:06:23.1465964Z Computing main repo mapping: 
2026-10-07T01:06:24.1622963Z Computing main repo mapping: 
2026-10-07T01:06:24.5021949Z Loading: 
2026-10-07T01:06:24.5053725Z Loading: 2 packages loaded
2026-10-07T01:06:25.5154600Z Loading: 2 packages loaded
2026-10-07T01:06:25.5154851Z     currently loading: 
2026-10-07T01:06:25.5981217Z DEBUG: /tmp/helox-release-gvisor.bBFwgn/.cache/bazel/_bazel_builder/678184dad3c9deb4a40a89d5c5c3bdd3/external/gazelle+/internal/bzlmod/go_deps.bzl:660:36: The following Go modules were required by the root module at the given versions, but were implicitly updated to higher versions due to transitive dependencies:
2026-10-07T01:06:25.5983959Z  
2026-10-07T01:06:25.5984233Z   go.opentelemetry.io/auto/sdk: v1.1.0 -> v1.2.1 
2026-10-07T01:06:25.5984809Z   go.opentelemetry.io/contrib/instrumentation/google.golang.org/grpc/otelgrpc: v0.61.0 -> v0.67.0 
2026-10-07T01:06:25.5989359Z   golang.org/x/crypto: v0.42.0 -> v0.49.0 
2026-10-07T01:06:25.5989674Z   golang.org/x/term: v0.35.0 -> v0.42.0 
2026-10-07T01:06:25.5989955Z   golang.org/x/net: v0.44.0 -> v0.52.0 
2026-10-07T01:06:25.5990261Z   go.opentelemetry.io/otel: v1.37.0 -> v1.43.0 
2026-10-07T01:06:25.5990608Z   go.opentelemetry.io/otel/metric: v1.28.0 -> v1.43.0 
2026-10-07T01:06:25.5990958Z   github.com/felixge/httpsnoop: v1.0.2 -> v1.0.4 
2026-10-07T01:06:25.5991422Z   go.opentelemetry.io/contrib/instrumentation/net/http/otelhttp: v0.53.0 -> v0.67.0 
2026-10-07T01:06:25.5991885Z   go.opentelemetry.io/otel/trace: v1.28.0 -> v1.43.0 
2026-10-07T01:06:25.5992263Z   github.com/opencontainers/image-spec: v1.0.2 -> v1.1.1 
2026-10-07T01:06:25.5992617Z   cloud.google.com/go: v0.105.0 -> v0.123.0 
2026-10-07T01:06:25.5992925Z   cloud.google.com/go/iam: v0.8.0 -> v1.7.0 
2026-10-07T01:06:25.5993273Z   cloud.google.com/go/compute/metadata: v0.8.0 -> v0.9.0 
2026-10-07T01:06:25.5993718Z   github.com/googleapis/enterprise-certificate-proxy: v0.3.6 -> v0.3.14 
2026-10-07T01:06:25.5994118Z   golang.org/x/oauth2: v0.30.0 -> v0.36.0 
2026-10-07T01:06:25.5994619Z   google.golang.org/genproto: v0.0.0-20250707201910-8d1bb00bc6a7 -> v0.0.0-20260319201613-d00831a3d3e7 
2026-10-07T01:06:25.5995123Z   github.com/googleapis/gax-go/v2: v2.15.0 -> v2.21.0 
2026-10-07T01:06:25.5995327Z 
2026-10-07T01:06:25.5995533Z Update the root module's dependencies to match the resolved versions via:
2026-10-07T01:06:25.5995798Z 
2026-10-07T01:06:25.5998692Z   bazel run @io_bazel_rules_go//go -- get go.opentelemetry.io/auto/sdk@v1.2.1 go.opentelemetry.io/contrib/instrumentation/google.golang.org/grpc/otelgrpc@v0.67.0 golang.org/x/crypto@v0.49.0 golang.org/x/term@v0.42.0 golang.org/x/net@v0.52.0 go.opentelemetry.io/otel@v1.43.0 go.opentelemetry.io/otel/metric@v1.43.0 github.com/felixge/httpsnoop@v1.0.4 go.opentelemetry.io/contrib/instrumentation/net/http/otelhttp@v0.67.0 go.opentelemetry.io/otel/trace@v1.43.0 github.com/opencontainers/image-spec@v1.1.1 cloud.google.com/go@v0.123.0 cloud.google.com/go/iam@v1.7.0 cloud.google.com/go/compute/metadata@v0.9.0 github.com/googleapis/enterprise-certificate-proxy@v0.3.14 golang.org/x/oauth2@v0.36.0 google.golang.org/genproto@v0.0.0-20260319201613-d00831a3d3e7 github.com/googleapis/gax-go/v2@v2.21.0 
2026-10-07T01:06:25.6001415Z 
2026-10-07T01:06:25.7999887Z Analyzing: target //:release (3 packages loaded, 0 targets configured)
2026-10-07T01:06:25.8142333Z Analyzing: target //:release (3 packages loaded, 0 targets configured)
2026-10-07T01:06:25.8143102Z 
2026-10-07T01:06:25.9489479Z WARNING: /tmp/helox-release-gvisor.bBFwgn/gvisor/runsc/prewarmer/BUILD:19:8: target 'gvisor-sentry-prewarmer' is both a rule and a file; please choose another name for the rule
2026-10-07T01:06:26.9457920Z Analyzing: target //:release (76 packages loaded, 651 targets configured)
2026-10-07T01:06:26.9458272Z 
2026-10-07T01:06:27.9435388Z Analyzing: target //:release (101 packages loaded, 2731 targets configured)
2026-10-07T01:06:27.9435669Z 
2026-10-07T01:06:29.7876445Z Analyzing: target //:release (101 packages loaded, 2731 targets configured)
2026-10-07T01:06:29.7876763Z 
2026-10-07T01:06:30.7922309Z Analyzing: target //:release (188 packages loaded, 9047 targets configured)
2026-10-07T01:06:30.7922650Z 
2026-10-07T01:06:31.9556099Z Analyzing: target //:release (422 packages loaded, 12809 targets configured)
2026-10-07T01:06:31.9556429Z 
2026-10-07T01:06:32.9493041Z Analyzing: target //:release (427 packages loaded, 25026 targets configured)
2026-10-07T01:06:32.9493352Z 
2026-10-07T01:06:33.9615392Z Analyzing: target //:release (439 packages loaded, 44670 targets configured)
2026-10-07T01:06:33.9616372Z 
2026-10-07T01:06:35.9599790Z Analyzing: target //:release (442 packages loaded, 52936 targets configured)
2026-10-07T01:06:35.9600151Z 
2026-10-07T01:06:44.9303150Z Analyzing: target //:release (442 packages loaded, 52936 targets configured)
2026-10-07T01:06:44.9303969Z 
2026-10-07T01:06:45.9658014Z Analyzing: target //:release (457 packages loaded, 53302 targets configured)
2026-10-07T01:06:45.9659354Z 
2026-10-07T01:06:46.9675689Z Analyzing: target //:release (486 packages loaded, 53400 targets configured)
2026-10-07T01:06:46.9689210Z 
2026-10-07T01:06:48.0321987Z Analyzing: target //:release (520 packages loaded, 53548 targets configured)
2026-10-07T01:06:48.0322797Z 
2026-10-07T01:06:49.0835544Z Analyzing: target //:release (547 packages loaded, 53848 targets configured)
2026-10-07T01:06:49.0836248Z 
2026-10-07T01:06:50.0863548Z Analyzing: target //:release (747 packages loaded, 54320 targets configured)
2026-10-07T01:06:50.0863898Z 
2026-10-07T01:06:51.0866818Z Analyzing: target //:release (907 packages loaded, 54987 targets configured)
2026-10-07T01:06:51.0867525Z 
2026-10-07T01:06:52.0914808Z Analyzing: target //:release (951 packages loaded, 55282 targets configured)
2026-10-07T01:06:52.0915140Z 
2026-10-07T01:06:53.1423662Z Analyzing: target //:release (1095 packages loaded, 56128 targets configured)
2026-10-07T01:06:53.1424197Z 
2026-10-07T01:06:54.2371043Z Analyzing: target //:release (1189 packages loaded, 56954 targets configured)
2026-10-07T01:06:54.2371376Z 
2026-10-07T01:06:55.2708165Z Analyzing: target //:release (1239 packages loaded, 58039 targets configured)
2026-10-07T01:06:55.2708517Z 
2026-10-07T01:06:56.1993767Z INFO: Analyzed target //:release (1284 packages loaded, 59563 targets configured).
2026-10-07T01:06:56.2756737Z [13 / 304] Writing script pkg/shim/v1/plugin/plugin_linux_state_autogen_tools/goimports.sh; 0s local ... (2 actions, 1 running)
2026-10-07T01:06:57.2745593Z [853 / 3,077] [Prepa] Creating symlink pkg/atomicbitops/atomicbitops_state_autogen_tools/go [for tool]
2026-10-07T01:06:57.9942218Z INFO: From Executing genrule //pkg/sentry/platform/systrap/sysmsg:sighandler_go:
2026-10-07T01:06:57.9955085Z + set -e
2026-10-07T01:06:57.9955739Z + set -u
2026-10-07T01:06:57.9956227Z + FILE=sighandler
2026-10-07T01:06:57.9956634Z + NAME=Sighandler
2026-10-07T01:06:57.9956970Z + PREFIX=Sighandler_blob_offset__
2026-10-07T01:06:57.9957382Z + BLOB=Sighandler_blob
2026-10-07T01:06:57.9957969Z + OBJNAME=bazel-out/k8-opt-ST-04c87098fb12/bin/pkg/sentry/platform/systrap/sysmsg/sighandler.built-in.bin.o
2026-10-07T01:06:57.9958689Z + AWK_CMD='$2 ~ /^[tBCTA]$/ { print "var Sighandler_blob_offset__" $3 " = 0x" $1 }'
2026-10-07T01:06:57.9959264Z + cat
2026-10-07T01:06:57.9959783Z + nm bazel-out/k8-opt-ST-04c87098fb12/bin/pkg/sentry/platform/systrap/sysmsg/sighandler.built-in.bin.o
2026-10-07T01:06:57.9960344Z + tr . _
2026-10-07T01:06:57.9960639Z + grep __export_
2026-10-07T01:06:57.9961050Z + awk '$2 ~ /^[tBCTA]$/ { print "var Sighandler_blob_offset__" $3 " = 0x" $1 }'
2026-10-07T01:06:58.2275902Z INFO: From Executing genrule //pkg/sentry/platform/systrap/sysmsg:sighandler_go:
2026-10-07T01:06:58.2276185Z + set -e
2026-10-07T01:06:58.2276291Z + set -u
2026-10-07T01:06:58.2276404Z + FILE=sighandler
2026-10-07T01:06:58.2276524Z + NAME=Sighandler
2026-10-07T01:06:58.2276653Z + PREFIX=Sighandler_blob_offset__
2026-10-07T01:06:58.2276834Z + BLOB=Sighandler_blob
2026-10-07T01:06:58.2277116Z + OBJNAME=bazel-out/aarch64-opt-ST-c1691d43938d/bin/pkg/sentry/platform/systrap/sysmsg/sighandler.built-in.bin.o
2026-10-07T01:06:58.2277472Z + AWK_CMD='$2 ~ /^[tBCTA]$/ { print "var Sighandler_blob_offset__" $3 " = 0x" $1 }'
2026-10-07T01:06:58.2277666Z + cat
2026-10-07T01:06:58.2277909Z + nm bazel-out/aarch64-opt-ST-c1691d43938d/bin/pkg/sentry/platform/systrap/sysmsg/sighandler.built-in.bin.o
2026-10-07T01:06:58.2278177Z + grep __export_
2026-10-07T01:06:58.2278351Z + awk '$2 ~ /^[tBCTA]$/ { print "var Sighandler_blob_offset__" $3 " = 0x" $1 }'
2026-10-07T01:06:58.2279004Z + tr . _
2026-10-07T01:06:58.2791529Z [1,569 / 5,288] Executing genrule //pkg/sentry/platform/systrap/sysmsg:sysrestorer [for tool]; 0s processwrapper-sandbox ... (4 actions, 3 running)
2026-10-07T01:06:58.4415453Z INFO: From Executing genrule //pkg/sentry/platform/systrap/sysmsg:sighandler_go [for tool]:
2026-10-07T01:06:58.4416230Z + set -e
2026-10-07T01:06:58.4416502Z + set -u
2026-10-07T01:06:58.4416959Z + FILE=sighandler
2026-10-07T01:06:58.4417141Z + NAME=Sighandler
2026-10-07T01:06:58.4417338Z + PREFIX=Sighandler_blob_offset__
2026-10-07T01:06:58.4417572Z + BLOB=Sighandler_blob
2026-10-07T01:06:58.4418010Z + OBJNAME=bazel-out/k8-opt-exec-ST-04c87098fb12/bin/pkg/sentry/platform/systrap/sysmsg/sighandler.built-in.bin.o
2026-10-07T01:06:58.4418647Z + AWK_CMD='$2 ~ /^[tBCTA]$/ { print "var Sighandler_blob_offset__" $3 " = 0x" $1 }'
2026-10-07T01:06:58.4421297Z + cat
2026-10-07T01:06:58.4421700Z + nm bazel-out/k8-opt-exec-ST-04c87098fb12/bin/pkg/sentry/platform/systrap/sysmsg/sighandler.built-in.bin.o
2026-10-07T01:06:58.4422138Z + tr . _
2026-10-07T01:06:58.4422303Z + grep __export_
2026-10-07T01:06:58.4422576Z + awk '$2 ~ /^[tBCTA]$/ { print "var Sighandler_blob_offset__" $3 " = 0x" $1 }'
2026-10-07T01:06:58.7319067Z INFO: From Executing genrule //pkg/sentry/platform/systrap/sysmsg:sighandler_go [for tool]:
2026-10-07T01:06:58.7325253Z + set -e
2026-10-07T01:06:58.7325782Z + set -u
2026-10-07T01:06:58.7326227Z + FILE=sighandler
2026-10-07T01:06:58.7326657Z + NAME=Sighandler
2026-10-07T01:06:58.7326979Z + PREFIX=Sighandler_blob_offset__
2026-10-07T01:06:58.7327324Z + BLOB=Sighandler_blob
2026-10-07T01:06:58.7328009Z + OBJNAME=bazel-out/aarch64-opt-exec-ST-c1691d43938d/bin/pkg/sentry/platform/systrap/sysmsg/sighandler.built-in.bin.o
2026-10-07T01:06:58.7328703Z + AWK_CMD='$2 ~ /^[tBCTA]$/ { print "var Sighandler_blob_offset__" $3 " = 0x" $1 }'
2026-10-07T01:06:58.7329246Z + cat
2026-10-07T01:06:58.7329625Z + awk '$2 ~ /^[tBCTA]$/ { print "var Sighandler_blob_offset__" $3 " = 0x" $1 }'
2026-10-07T01:06:58.7330280Z + nm bazel-out/aarch64-opt-exec-ST-c1691d43938d/bin/pkg/sentry/platform/systrap/sysmsg/sighandler.built-in.bin.o
2026-10-07T01:06:58.7330851Z + grep __export_
2026-10-07T01:06:58.7331154Z + tr . _
2026-10-07T01:06:59.2887700Z [1,618 / 5,288] GoToolchainBinaryBuild external/rules_go++go_sdk+main___download_0/builder [for tool]; 0s processwrapper-sandbox ... (4 actions, 3 running)
2026-10-07T01:07:00.9945402Z [1,623 / 5,288] GoToolchainBinaryBuild external/rules_go++go_sdk+main___download_0/builder [for tool]; 2s processwrapper-sandbox
2026-10-07T01:07:09.8223190Z [1,623 / 5,288] GoToolchainBinaryBuild external/rules_go++go_sdk+main___download_0/builder [for tool]; 11s processwrapper-sandbox
2026-10-07T01:07:10.9961690Z [1,629 / 5,288] GoStdlib external/rules_go+/stdlib_/pkg [for tool]; 0s processwrapper-sandbox ... (4 actions running)
2026-10-07T01:07:21.8359357Z [1,629 / 5,288] GoStdlib external/rules_go+/stdlib_/pkg [for tool]; 11s processwrapper-sandbox ... (4 actions running)
2026-10-07T01:07:51.8690677Z [1,629 / 5,288] GoStdlib external/rules_go+/stdlib_/pkg [for tool]; 41s processwrapper-sandbox ... (4 actions running)
2026-10-07T01:08:00.8266837Z [1,630 / 5,288] GoStdlib external/rules_go+/stdlib_/pkg [for tool]; 50s processwrapper-sandbox ... (4 actions, 3 running)
2026-10-07T01:08:01.9177252Z [1,641 / 5,288] GoStdlib external/rules_go+/stdlib_/pkg [for tool]; 51s processwrapper-sandbox ... (3 actions, 2 running)
2026-10-07T01:08:02.9454107Z [1,659 / 5,288] GoStdlib external/rules_go+/stdlib_/pkg [for tool]; 52s processwrapper-sandbox ... (4 actions, 3 running)
2026-10-07T01:08:03.9560349Z [1,675 / 5,288] GoStdlib external/rules_go+/stdlib_/pkg [for tool]; 2s processwrapper-sandbox ... (4 actions, 3 running)
2026-10-07T01:08:04.9637127Z [1,700 / 5,288] GoStdlib external/rules_go+/stdlib_/pkg [for tool]; 3s processwrapper-sandbox ... (4 actions, 3 running)
2026-10-07T01:08:06.0389875Z [1,727 / 5,288] GoStdlib external/rules_go+/stdlib_/pkg [for tool]; 4s processwrapper-sandbox ... (4 actions, 3 running)
2026-10-07T01:08:07.0786256Z [1,747 / 5,288] GoStdlib external/rules_go+/stdlib_/pkg [for tool]; 5s processwrapper-sandbox ... (4 actions, 3 running)
2026-10-07T01:08:08.0845310Z [1,755 / 5,288] GoStdlib external/rules_go+/stdlib_/pkg [for tool]; 6s processwrapper-sandbox ... (4 actions, 3 running)
2026-10-07T01:08:09.1107703Z [1,773 / 5,288] GoStdlib external/rules_go+/stdlib_/pkg [for tool]; 7s processwrapper-sandbox ... (4 actions, 3 running)
2026-10-07T01:08:10.1149252Z [1,784 / 5,288] GoStdlib external/rules_go+/stdlib_/pkg [for tool]; 8s processwrapper-sandbox ... (4 actions, 3 running)
2026-10-07T01:08:11.1565773Z [1,797 / 5,288] GoStdlib external/rules_go+/stdlib_/pkg [for tool]; 9s processwrapper-sandbox ... (4 actions, 3 running)
2026-10-07T01:08:12.1927714Z [1,808 / 5,288] GoStdlib external/rules_go+/stdlib_/pkg [for tool]; 10s processwrapper-sandbox ... (4 actions, 3 running)
2026-10-07T01:08:13.1926359Z [1,828 / 5,288] GoStdlib external/rules_go+/stdlib_/pkg [for tool]; 11s processwrapper-sandbox ... (4 actions, 3 running)
2026-10-07T01:08:14.2668642Z [1,852 / 5,288] GoStdlib external/rules_go+/stdlib_/pkg [for tool]; 12s processwrapper-sandbox ... (4 actions, 3 running)
2026-10-07T01:08:15.2830612Z [1,876 / 5,288] GoStdlib external/rules_go+/stdlib_/pkg [for tool]; 13s processwrapper-sandbox ... (4 actions running)
2026-10-07T01:08:16.2817428Z [1,890 / 5,288] GoStdlib external/rules_go+/stdlib_/pkg [for tool]; 14s processwrapper-sandbox ... (4 actions running)
2026-10-07T01:08:17.3129618Z [1,919 / 5,288] GoStdlib external/rules_go+/stdlib_/pkg [for tool]; 15s processwrapper-sandbox ... (4 actions, 3 running)
2026-10-07T01:08:18.3882668Z [1,925 / 5,288] GoStdlib external/rules_go+/stdlib_/pkg [for tool]; 16s processwrapper-sandbox ... (4 actions, 3 running)
2026-10-07T01:08:19.5709758Z [1,930 / 5,288] GoStdlib external/rules_go+/stdlib_/pkg [for tool]; 17s processwrapper-sandbox ... (4 actions, 3 running)
2026-10-07T01:08:20.8371143Z [1,936 / 5,288] GoStdlib external/rules_go+/stdlib_/pkg [for tool]; 19s processwrapper-sandbox ... (3 actions, 2 running)
2026-10-07T01:08:22.1907758Z [1,941 / 5,288] GoStdlib external/rules_go+/stdlib_/pkg [for tool]; 20s processwrapper-sandbox ... (4 actions, 3 running)
2026-10-07T01:08:23.2858676Z [1,948 / 5,288] GoStdlib external/rules_go+/stdlib_/pkg [for tool]; 21s processwrapper-sandbox ... (4 actions running)
2026-10-07T01:08:24.4098179Z [1,954 / 5,288] GoStdlib external/rules_go+/stdlib_/pkg; 7s processwrapper-sandbox ... (4 actions, 3 running)
2026-10-07T01:08:25.4539271Z [1,971 / 5,288] GoStdlib external/rules_go+/stdlib_/pkg; 8s processwrapper-sandbox ... (4 actions, 3 running)
2026-10-07T01:08:26.5149571Z [1,984 / 5,288] GoStdlib external/rules_go+/stdlib_/pkg; 9s processwrapper-sandbox ... (4 actions, 3 running)
2026-10-07T01:08:27.5293323Z [2,000 / 5,288] GoStdlib external/rules_go+/stdlib_/pkg; 10s processwrapper-sandbox ... (4 actions, 3 running)
2026-10-07T01:08:28.8387366Z [2,012 / 5,288] GoStdlib external/rules_go+/stdlib_/pkg; 11s processwrapper-sandbox ... (4 actions, 3 running)
2026-10-07T01:08:30.2949969Z [2,017 / 5,288] GoStdlib external/rules_go+/stdlib_/pkg; 12s processwrapper-sandbox ... (4 actions running)
2026-10-07T01:08:31.2959949Z [2,020 / 5,288] GoStdlib external/rules_go+/stdlib_/pkg; 13s processwrapper-sandbox ... (4 actions running)
2026-10-07T01:08:32.3791225Z [2,032 / 5,288] GoStdlib external/rules_go+/stdlib_/pkg; 15s processwrapper-sandbox ... (4 actions, 3 running)
2026-10-07T01:08:33.3901816Z [2,043 / 5,288] GoStdlib external/rules_go+/stdlib_/pkg; 16s processwrapper-sandbox ... (4 actions, 3 running)
2026-10-07T01:08:34.4279995Z [2,053 / 5,288] GoStdlib external/rules_go+/stdlib_/pkg; 17s processwrapper-sandbox ... (4 actions, 3 running)
2026-10-07T01:08:35.4863157Z [2,060 / 5,288] GoStdlib external/rules_go+/stdlib_/pkg; 18s processwrapper-sandbox ... (4 actions, 3 running)
2026-10-07T01:08:37.0588922Z [2,065 / 5,288] GoStdlib external/rules_go+/stdlib_/pkg; 19s processwrapper-sandbox ... (4 actions, 3 running)
2026-10-07T01:08:38.1967875Z [2,068 / 5,288] GoStdlib external/rules_go+/stdlib_/pkg; 20s processwrapper-sandbox ... (4 actions, 3 running)
2026-10-07T01:08:39.2922509Z [2,074 / 5,288] GoStdlib external/rules_go+/stdlib_/pkg; 21s processwrapper-sandbox ... (4 actions running)
2026-10-07T01:08:40.3027998Z [2,085 / 5,288] GoStdlib external/rules_go+/stdlib_/pkg; 22s processwrapper-sandbox ... (4 actions, 3 running)
2026-10-07T01:08:41.3029635Z [2,092 / 5,288] GoStdlib external/rules_go+/stdlib_/pkg; 23s processwrapper-sandbox ... (4 actions running)
2026-10-07T01:08:42.3867779Z [2,104 / 5,288] GoStdlib external/rules_go+/stdlib_/pkg; 25s processwrapper-sandbox ... (4 actions, 3 running)
2026-10-07T01:08:43.4210591Z [2,112 / 5,288] GoStdlib external/rules_go+/stdlib_/pkg; 26s processwrapper-sandbox ... (4 actions, 3 running)
2026-10-07T01:08:44.4273578Z [2,123 / 5,288] GoStdlib external/rules_go+/stdlib_/pkg; 27s processwrapper-sandbox ... (4 actions, 3 running)
2026-10-07T01:08:45.4912614Z [2,135 / 5,288] GoStdlib external/rules_go+/stdlib_/pkg; 28s processwrapper-sandbox ... (4 actions, 3 running)
2026-10-07T01:08:46.5279618Z [2,147 / 5,288] GoStdlib external/rules_go+/stdlib_/pkg; 22s processwrapper-sandbox ... (4 actions, 3 running)
2026-10-07T01:08:47.5761925Z [2,161 / 5,288] GoStdlib external/rules_go+/stdlib_/pkg; 23s processwrapper-sandbox ... (4 actions, 3 running)
2026-10-07T01:08:48.5935510Z [2,181 / 5,288] GoStdlib external/rules_go+/stdlib_/pkg; 24s processwrapper-sandbox ... (4 actions, 3 running)
2026-10-07T01:08:49.7333817Z [2,190 / 5,288] GoStdlib external/rules_go+/stdlib_/pkg; 26s processwrapper-sandbox ... (4 actions, 3 running)
2026-10-07T01:08:50.1095012Z INFO: From go_marshal: @@//pkg/sentry/loader:loader_abi_autogen [for tool]:
2026-10-07T01:08:50.1096933Z stdout (/tmp/helox-release-gvisor.bBFwgn/.cache/bazel/_bazel_builder/678184dad3c9deb4a40a89d5c5c3bdd3/execroot/_main/bazel-out/_tmp/actions/stdout-2186) 1818073 exceeds maximum size of --experimental_ui_max_stdouterr_bytes=1048576 bytes; skipping
2026-10-07T01:08:50.7398352Z [2,225 / 5,288] GoStdlib external/rules_go+/stdlib_/pkg; 27s processwrapper-sandbox ... (4 actions, 3 running)
2026-10-07T01:08:51.7527999Z [2,250 / 5,288] GoStdlib external/rules_go+/stdlib_/pkg; 28s processwrapper-sandbox ... (4 actions, 3 running)
2026-10-07T01:08:52.7937837Z [2,271 / 5,288] GoStdlib external/rules_go+/stdlib_/pkg; 29s processwrapper-sandbox ... (4 actions, 3 running)
2026-10-07T01:08:53.2170548Z INFO: From go_marshal: @@//pkg/sentry/loader:loader_abi_autogen:
2026-10-07T01:08:53.2198105Z stdout (/tmp/helox-release-gvisor.bBFwgn/.cache/bazel/_bazel_builder/678184dad3c9deb4a40a89d5c5c3bdd3/execroot/_main/bazel-out/_tmp/actions/stdout-2266) 1818073 exceeds maximum size of --experimental_ui_max_stdouterr_bytes=1048576 bytes; skipping
2026-10-07T01:08:53.7931842Z [2,340 / 5,288] GoCompilePkg external/gazelle++go_deps+org_golang_google_genproto_googleapis_api/annotations/annotations.a; 0s processwrapper-sandbox ... (4 actions, 3 running)
2026-10-07T01:08:54.7972281Z [2,427 / 5,288] GoImports pkg/sentry/platform/systrap/sysmsg/sysmsg_unsafe_state_autogen_with_imports.go [for tool]; 0s processwrapper-sandbox ... (4 actions, 3 running)
2026-10-07T01:08:55.8024260Z [2,538 / 5,288] GoCompilePkg external/gazelle++go_deps+com_github_cncf_xds_go/udpa/annotations/annotations.a; 0s processwrapper-sandbox ... (4 actions, 3 running)
2026-10-07T01:08:56.8092781Z [2,667 / 5,288] GoCompilePkg external/gazelle++go_deps+com_github_envoyproxy_go_control_plane_envoy/type/v3/type.a; 0s processwrapper-sandbox ... (4 actions, 3 running)
2026-10-07T01:08:57.8140627Z [2,758 / 5,288] GoImports pkg/sentry/platform/platform_state_autogen_with_imports.go [for tool]; 0s processwrapper-sandbox ... (4 actions, 3 running)
2026-10-07T01:08:58.8196459Z [2,858 / 5,288] GoCompilePkg external/gazelle++go_deps+com_github_envoyproxy_go_control_plane_envoy/config/core/v3/core.a; 1s processwrapper-sandbox ... (4 actions, 3 running)
2026-10-07T01:08:59.9786215Z [2,958 / 5,288] GoImports pkg/p9/p9_state_autogen_with_imports.go; 0s processwrapper-sandbox ... (4 actions, 3 running)
2026-10-07T01:09:00.9860170Z [2,985 / 5,288] GoCompilePkg external/gazelle++go_deps+com_github_envoyproxy_go_control_plane_envoy/config/cluster/v3/cluster.a; 0s processwrapper-sandbox ... (4 actions, 3 running)
2026-10-07T01:09:02.0021277Z [3,027 / 5,288] GoImports pkg/sentry/platform/platform_arm64_state_autogen_with_imports.go; 0s processwrapper-sandbox ... (4 actions, 3 running)
2026-10-07T01:09:03.0332198Z [3,069 / 5,288] GoImports pkg/sentry/devices/nvproxy/nvproxy_unsafe_state_autogen_with_imports.go; 0s processwrapper-sandbox ... (4 actions, 3 running)
2026-10-07T01:09:04.0626774Z [3,111 / 5,288] GoCompilePkg external/gazelle++go_deps+com_github_envoyproxy_go_control_plane_envoy/config/route/v3/route.a; 0s processwrapper-sandbox ... (4 actions, 3 running)
2026-10-07T01:09:05.1101101Z [3,142 / 5,288] GoImports pkg/tcpip/link/ethernet/ethernet_state_autogen_with_imports.go; 0s processwrapper-sandbox ... (4 actions, 3 running)
2026-10-07T01:09:06.1210944Z [3,176 / 5,288] GoCompilePkg external/gazelle++go_deps+com_github_envoyproxy_go_control_plane_envoy/config/accesslog/v3/accesslog.a; 0s processwrapper-sandbox ... (4 actions, 3 running)
2026-10-07T01:09:07.1326544Z [3,207 / 5,288] GoCompilePkg external/gazelle++go_deps+com_github_envoyproxy_go_control_plane_envoy/config/listener/v3/listener.a; 0s processwrapper-sandbox ... (4 actions, 3 running)
2026-10-07T01:09:08.1387990Z [3,244 / 5,288] GoImports pkg/sleep/sleep_unsafe_state_autogen_with_imports.go; 0s processwrapper-sandbox ... (4 actions, 3 running)
2026-10-07T01:09:09.1380087Z [3,279 / 5,288] GoImports pkg/tcpip/seqnum/seqnum_state_autogen_with_imports.go; 0s processwrapper-sandbox ... (4 actions, 3 running)
2026-10-07T01:09:10.1451663Z [3,325 / 5,288] GoCompilePkg external/gazelle++go_deps+io_opentelemetry_go_contrib_detectors_gcp/gcp.a; 0s processwrapper-sandbox ... (4 actions, 3 running)
2026-10-07T01:09:11.1523148Z [3,351 / 5,288] GoCompilePkg external/gazelle++go_deps+io_opentelemetry_go_otel_sdk_metric/metric.a; 0s processwrapper-sandbox ... (4 actions, 3 running)
2026-10-07T01:09:12.1786918Z [3,396 / 5,288] GoCompilePkg external/gazelle++go_deps+com_github_cilium_ebpf/btf/btf.a; 0s processwrapper-sandbox ... (4 actions, 3 running)
2026-10-07T01:09:13.1831600Z [3,433 / 5,288] GoCompilePkg external/gazelle++go_deps+com_github_cilium_ebpf/link/link.a; 0s processwrapper-sandbox ... (4 actions, 3 running)
2026-10-07T01:09:14.1970551Z [3,469 / 5,288] GoCompilePkg external/gazelle++go_deps+com_github_vishvananda_netlink/netlink.a; 0s processwrapper-sandbox ... (4 actions, 3 running)
2026-10-07T01:09:15.2246147Z [3,501 / 5,288] GoImports pkg/sentry/socket/netlink/nlmsg/nlmsg_state_autogen_with_imports.go [for tool]; 0s processwrapper-sandbox ... (4 actions, 3 running)
2026-10-07T01:09:16.2300382Z [3,562 / 5,288] GoImports pkg/sentry/devices/rdmaproxy/genericproxy/genericproxy_state_autogen_with_imports.go; 0s processwrapper-sandbox ... (4 actions, 3 running)
2026-10-07T01:09:17.2577642Z [3,623 / 5,288] GoImports pkg/tcpip/checksum/checksum_state_autogen_with_imports.go; 0s processwrapper-sandbox ... (4 actions, 3 running)
2026-10-07T01:09:18.2795441Z [3,682 / 5,288] GoImports sandboxexec/sandbox/sandbox_state_autogen_with_imports.go; 0s processwrapper-sandbox ... (4 actions, 3 running)
2026-10-07T01:09:19.3177511Z [3,717 / 5,288] GoCompilePkg external/gazelle++go_deps+org_golang_google_grpc/grpc.a; 0s processwrapper-sandbox ... (4 actions running)
2026-10-07T01:09:20.3150519Z [3,756 / 5,288] GoCompilePkg external/gazelle++go_deps+com_google_cloud_go_monitoring/apiv3/v2/monitoringpb/monitoringpb.a; 0s processwrapper-sandbox ... (4 actions running)
2026-10-07T01:09:21.3153282Z [3,799 / 5,288] GoCompilePkg external/gazelle++go_deps+com_google_cloud_go_storage/internal/apiv2/storagepb/storagepb.a; 0s processwrapper-sandbox ... (3 actions running)
2026-10-07T01:09:22.3173983Z [3,868 / 5,288] GoImports pkg/sentry/fsimpl/mqfs/mqfs_state_autogen_with_imports.go [for tool]; 0s processwrapper-sandbox ... (4 actions running)
2026-10-07T01:09:23.3190292Z [3,959 / 5,288] GoCompilePkg external/gazelle++go_deps+org_golang_google_grpc/internal/xds/clients/lrsclient/lrsclient.a; 0s processwrapper-sandbox ... (3 actions running)
2026-10-07T01:09:24.3219008Z [4,043 / 5,288] GoCompilePkg external/gazelle++go_deps+org_golang_google_grpc/internal/xds/clients/xdsclient/xdsclient.a; 0s processwrapper-sandbox ... (4 actions running)
2026-10-07T01:09:25.3223615Z [4,087 / 5,288] GoCompilePkg external/gazelle++go_deps+org_golang_google_grpc/internal/xds/balancer/cdsbalancer/cdsbalancer.a; 0s processwrapper-sandbox ... (3 actions, 2 running)
2026-10-07T01:09:26.3254374Z [4,175 / 5,288] GoCompilePkg external/gazelle++go_deps+com_github_google_s2a_go/internal/handshaker/service/service.a; 0s processwrapper-sandbox ... (3 actions, 2 running)
2026-10-07T01:09:27.3269571Z [4,297 / 5,288] GoCompilePkg external/gazelle++go_deps+com_google_cloud_go_auth/grpctransport/grpctransport.a; 0s processwrapper-sandbox ... (4 actions, 3 running)
2026-10-07T01:09:28.3271862Z [4,398 / 5,288] GoCompilePkg external/gazelle++go_deps+com_google_cloud_go_storage/experimental/experimental.a; 0s processwrapper-sandbox ... (4 actions running)
2026-10-07T01:09:29.3327644Z [4,475 / 5,288] GoImports pkg/sentry/fsimpl/tmpfs/tmpfs_state_autogen_with_imports.go [for tool]; 0s processwrapper-sandbox ... (4 actions running)
2026-10-07T01:09:30.3292463Z [4,561 / 5,288] GoCompilePkg external/gazelle++go_deps+org_golang_google_api/storage/v1/storage.a; 0s processwrapper-sandbox ... (4 actions, 3 running)
2026-10-07T01:09:31.3317573Z [4,639 / 5,288] GoCompilePkg external/gazelle++go_deps+com_google_cloud_go_storage/storage.a; 0s processwrapper-sandbox ... (4 actions running)
2026-10-07T01:09:32.3336772Z [4,692 / 5,288] GoCompilePkg tools/checklocks/checklocks.a [for tool]; 0s processwrapper-sandbox ... (4 actions running)
2026-10-07T01:09:33.3352974Z [4,730 / 5,288] GoCompilePkg pkg/abi/nvgpu/nvgpu.a [for tool]; 0s processwrapper-sandbox ... (4 actions running)
2026-10-07T01:09:34.3352508Z [4,752 / 5,288] Analyzing Go Standard Library [for tool]; 0s local ... (4 actions running)
2026-10-07T01:09:35.3362167Z [4,776 / 5,288] Analyzing Go Standard Library [for tool]; 1s local ... (4 actions running)
2026-10-07T01:09:36.3458279Z [4,788 / 5,288] Analyzing Go Standard Library [for tool]; 2s local ... (4 actions running)
2026-10-07T01:09:37.3448971Z [4,797 / 5,288] Analyzing Go Standard Library [for tool]; 3s local ... (4 actions running)
2026-10-07T01:09:39.3548333Z [4,804 / 5,288] Analyzing Go Standard Library [for tool]; 5s local ... (4 actions running)
2026-10-07T01:09:41.5389683Z [4,805 / 5,288] Analyzing Go Standard Library [for tool]; 7s local ... (4 actions, 3 running)
2026-10-07T01:09:42.6987602Z [4,814 / 5,288] Analyzing Go Standard Library [for tool]; 9s local ... (4 actions, 3 running)
2026-10-07T01:09:43.7629897Z [4,822 / 5,288] Analyzing Go Standard Library [for tool]; 10s local ... (4 actions, 3 running)
2026-10-07T01:09:44.7878087Z [4,827 / 5,288] Analyzing Go Standard Library [for tool]; 11s local ... (4 actions, 3 running)
2026-10-07T01:09:46.3627624Z [4,834 / 5,288] Analyzing Go Standard Library [for tool]; 12s local ... (4 actions running)
2026-10-07T01:09:56.9291624Z [4,834 / 5,288] Analyzing Go Standard Library [for tool]; 23s local ... (4 actions running)
2026-10-07T01:10:26.9386469Z [4,834 / 5,288] Analyzing Go Standard Library [for tool]; 53s local ... (4 actions running)
2026-10-07T01:11:26.9572569Z [4,834 / 5,288] Analyzing Go Standard Library [for tool]; 113s local ... (4 actions running)
2026-10-07T01:11:27.7203772Z INFO: From Analyzing Go Standard Library [for tool]:
2026-10-07T01:11:27.7225187Z error resolving GOVERSION: open <source file src/go.mod>: no such file or directory
2026-10-07T01:11:27.9803655Z [4,836 / 5,288] Analyzing Go Standard Library; 113s local ... (4 actions, 3 running)
2026-10-07T01:11:28.3719611Z INFO: From Analyzing Go Standard Library:
2026-10-07T01:11:28.3721457Z error resolving GOVERSION: open <source file src/go.mod>: no such file or directory
2026-10-07T01:11:28.9778076Z INFO: From Analyzing Go Standard Library:
2026-10-07T01:11:28.9807852Z error resolving GOVERSION: open <source file src/go.mod>: no such file or directory
2026-10-07T01:11:29.0075494Z [4,840 / 5,288] Analyzing Go Standard Library; 114s local ... (4 actions, 3 running)
2026-10-07T01:11:29.1654327Z INFO: From Analyzing Go Standard Library:
2026-10-07T01:11:29.1664821Z error resolving GOVERSION: open <source file src/go.mod>: no such file or directory
2026-10-07T01:11:30.1347537Z [4,855 / 5,288] Analyzing Go Standard Library [for tool]; 2s local ... (4 actions, 3 running)
2026-10-07T01:11:31.2155400Z [4,875 / 5,288] Analyzing Go Standard Library [for tool]; 3s local ... (4 actions, 3 running)
2026-10-07T01:11:32.2590433Z [4,891 / 5,288] Analyzing Go Standard Library [for tool]; 4s local ... (4 actions, 3 running)
2026-10-07T01:11:33.3392984Z [4,897 / 5,288] Analyzing Go Standard Library [for tool]; 5s local ... (4 actions, 3 running)
2026-10-07T01:11:34.3855974Z [4,910 / 5,288] Analyzing Go Standard Library [for tool]; 6s local ... (4 actions, 3 running)
2026-10-07T01:11:35.3872568Z [4,926 / 5,288] Analyzing Go Standard Library [for tool]; 7s local ... (4 actions running)
2026-10-07T01:11:36.3858850Z [4,939 / 5,288] Analyzing Go Standard Library [for tool]; 8s local ... (4 actions running)
2026-10-07T01:11:37.4277968Z [4,954 / 5,288] Analyzing Go Standard Library [for tool]; 9s local ... (4 actions, 3 running)
2026-10-07T01:11:38.5744393Z [4,965 / 5,288] Analyzing Go Standard Library [for tool]; 10s local ... (3 actions, 2 running)
2026-10-07T01:11:39.8888436Z [4,969 / 5,288] Analyzing Go Standard Library [for tool]; 11s local ... (4 actions, 3 running)
2026-10-07T01:11:41.0226678Z [4,979 / 5,288] Analyzing Go Standard Library [for tool]; 13s local ... (4 actions, 3 running)
2026-10-07T01:11:42.2233860Z [4,994 / 5,288] Analyzing Go Standard Library [for tool]; 14s local ... (4 actions, 3 running)
2026-10-07T01:11:43.3919680Z [5,002 / 5,288] Analyzing Go Standard Library [for tool]; 15s local ... (4 actions running)
2026-10-07T01:11:44.5847902Z [5,006 / 5,288] Analyzing Go Standard Library [for tool]; 16s local ... (4 actions, 3 running)
2026-10-07T01:11:46.1487448Z [5,017 / 5,288] Analyzing Go Standard Library [for tool]; 18s local ... (4 actions, 3 running)
2026-10-07T01:11:47.4039762Z [5,022 / 5,288] Analyzing Go Standard Library [for tool]; 19s local ... (4 actions running)
2026-10-07T01:11:48.4036038Z [5,026 / 5,288] Analyzing Go Standard Library [for tool]; 20s local ... (4 actions running)
2026-10-07T01:11:50.4030628Z [5,034 / 5,288] Analyzing Go Standard Library [for tool]; 22s local ... (3 actions running)
2026-10-07T01:11:51.4043637Z [5,035 / 5,288] Analyzing Go Standard Library [for tool]; 23s local ... (4 actions running)
2026-10-07T01:11:52.4199416Z [5,041 / 5,288] Analyzing Go Standard Library [for tool]; 24s local ... (4 actions, 3 running)
2026-10-07T01:11:53.6642783Z [5,046 / 5,288] Analyzing Go Standard Library [for tool]; 25s local ... (4 actions, 3 running)
2026-10-07T01:11:55.1229992Z [5,052 / 5,288] Analyzing Go Standard Library [for tool]; 27s local ... (4 actions, 3 running)
2026-10-07T01:11:56.4082748Z [5,055 / 5,288] Analyzing Go Standard Library [for tool]; 28s local ... (4 actions running)
2026-10-07T01:11:57.4075257Z [5,059 / 5,288] Analyzing Go Standard Library [for tool]; 29s local ... (4 actions running)
2026-10-07T01:11:58.4119531Z [5,064 / 5,288] Analyzing Go Standard Library [for tool]; 30s local ... (4 actions running)
2026-10-07T01:11:59.6229991Z [5,068 / 5,288] Analyzing Go Standard Library [for tool]; 31s local ... (4 actions, 3 running)
2026-10-07T01:12:00.7199400Z [5,072 / 5,288] Analyzing Go Standard Library [for tool]; 32s local ... (4 actions, 3 running)
2026-10-07T01:12:02.0633659Z [5,075 / 5,288] Analyzing Go Standard Library [for tool]; 34s local ... (4 actions, 3 running)
2026-10-07T01:12:03.4126412Z [5,078 / 5,288] Analyzing Go Standard Library [for tool]; 35s local ... (4 actions running)
2026-10-07T01:12:04.9082466Z [5,080 / 5,288] Analyzing Go Standard Library [for tool]; 36s local ... (4 actions, 3 running)
2026-10-07T01:12:05.9923905Z [5,085 / 5,288] Analyzing Go Standard Library [for tool]; 38s local ... (3 actions, 2 running)
2026-10-07T01:12:07.0584165Z [5,096 / 5,288] Analyzing Go Standard Library [for tool]; 39s local ... (4 actions, 3 running)
2026-10-07T01:12:08.4147207Z [5,100 / 5,288] Analyzing Go Standard Library [for tool]; 40s local ... (4 actions running)
2026-10-07T01:12:09.7780810Z [5,102 / 5,288] Analyzing Go Standard Library [for tool]; 41s local ... (3 actions, 2 running)
2026-10-07T01:12:11.4155283Z [5,102 / 5,288] Analyzing Go Standard Library [for tool]; 43s local ... (3 actions running)
2026-10-07T01:12:15.0939140Z [5,103 / 5,288] Analyzing Go Standard Library [for tool]; 47s local ... (3 actions, 2 running)
2026-10-07T01:12:16.4178611Z [5,104 / 5,288] Analyzing Go Standard Library [for tool]; 48s local ... (2 actions running)
2026-10-07T01:12:26.9789691Z [5,104 / 5,288] Analyzing Go Standard Library [for tool]; 58s local ... (2 actions running)
2026-10-07T01:12:48.9029749Z INFO: From Analyzing Go Standard Library [for tool]:
2026-10-07T01:12:48.9036059Z error resolving GOVERSION: open <source file src/go.mod>: no such file or directory
2026-10-07T01:12:48.9183263Z [5,105 / 5,288] Analyzing Go Standard Library [for tool]; 79s local ... (3 actions, 1 running)
2026-10-07T01:12:49.7468510Z INFO: From Analyzing Go Standard Library [for tool]:
2026-10-07T01:12:49.7469207Z error resolving GOVERSION: open <source file src/go.mod>: no such file or directory
2026-10-07T01:12:50.0705147Z [5,125 / 5,288] Analyzing @@//pkg/goid:goid [for tool]; 0s local ... (3 actions, 2 running)
2026-10-07T01:12:51.2207513Z [5,164 / 5,288] GoCompilePkg pkg/abi/linux/linux.a [for tool]; 0s processwrapper-sandbox ... (3 actions, 1 running)
2026-10-07T01:12:52.2537054Z [5,169 / 5,288] GoCompilePkg pkg/tcpip/stack/stack.a [for tool]; 0s processwrapper-sandbox ... (2 actions, 1 running)
2026-10-07T01:12:53.2970186Z [5,198 / 5,288] Executing genrule //runsc/fsgofer/filter:filter_precompiled; 0s processwrapper-sandbox ... (4 actions, 3 running)
2026-10-07T01:12:54.3739380Z [5,220 / 5,288] GoCompilePkg pkg/lisafs/lisafs.a [for tool]; 0s processwrapper-sandbox ... (3 actions, 2 running)
2026-10-07T01:12:55.3790353Z [5,226 / 5,288] [Prepa] GoCompilePkg pkg/sentry/kernel/mq/mq.a [for tool] ... (4 actions, 0 running)
2026-10-07T01:12:56.4347218Z [5,237 / 5,288] GoCompilePkg pkg/sentry/fsutil/fsutil.a [for tool]; 0s processwrapper-sandbox ... (2 actions running)
2026-10-07T01:12:57.4388061Z [5,243 / 5,288] GoCompilePkg pkg/sentry/fsimpl/tmpfs/tmpfs.a [for tool]; 0s processwrapper-sandbox ... (4 actions running)
2026-10-07T01:12:58.4389901Z [5,248 / 5,288] GoCompilePkg pkg/sentry/kernel/kernel.a [for tool]; 0s processwrapper-sandbox
2026-10-07T01:12:59.4527448Z [5,251 / 5,288] GoCompilePkg pkg/sentry/devices/rdmaproxy/rdmaproxy.a [for tool]; 0s processwrapper-sandbox ... (4 actions, 3 running)
2026-10-07T01:13:00.6672937Z [5,260 / 5,288] [Prepa] GoCompilePkg runsc/boot/filter/config/config.a [for tool]
2026-10-07T01:13:02.4404309Z [5,263 / 5,288] Executing genrule //runsc/boot/filter:filter_precompiled; 1s processwrapper-sandbox
2026-10-07T01:13:12.0011097Z [5,263 / 5,288] Executing genrule //runsc/boot/filter:filter_precompiled; 10s processwrapper-sandbox
2026-10-07T01:13:14.0155476Z [5,264 / 5,288] [Prepa] Generating state library @@//runsc/boot/filter:filter_state_autogen_with_imports
2026-10-07T01:13:15.4407636Z [5,266 / 5,288] GoCompilePkg runsc/boot/filter/filter.a; 1s processwrapper-sandbox
2026-10-07T01:13:16.4455330Z [5,267 / 5,288] GoCompilePkg runsc/boot/boot.a; 0s processwrapper-sandbox
2026-10-07T01:13:17.4829588Z [5,273 / 5,288] GoLink runsc/cmd/sentry/gvisor_sentry_/gvisor_sentry; 0s processwrapper-sandbox ... (4 actions, 1 running)
2026-10-07T01:13:19.4443474Z [5,280 / 5,288] GoLink runsc/cmd/metricserver/runsc-metric-server_/runsc-metric-server; 1s processwrapper-sandbox
2026-10-07T01:13:21.4446239Z [5,281 / 5,288] Executing genrule //runsc/cmd/metricserver:metricserver_flate; 1s processwrapper-sandbox
2026-10-07T01:13:22.9716658Z [5,282 / 5,288] [Prepa] GoCompilePkg runsc/cmd/metricserver/metricserver.a
2026-10-07T01:13:24.3934920Z [5,287 / 5,288] [Prepa] ReleaseFiles release/runsc
2026-10-07T01:13:24.7021552Z INFO: Found 1 target...
2026-10-07T01:13:24.7301806Z Target //:release up-to-date:
2026-10-07T01:13:24.7315337Z   bazel-bin/release/runsc
2026-10-07T01:13:24.7321030Z   bazel-bin/release/containerd-shim-runsc-v1
2026-10-07T01:13:24.7326890Z   bazel-bin/release/gvisor-bin/checkpointgofer
2026-10-07T01:13:24.7332224Z   bazel-bin/release/gvisor-bin/runsc-metric-server
2026-10-07T01:13:24.7337358Z   bazel-bin/release/gvisor-bin/gvisor_sentry
2026-10-07T01:13:24.7342455Z   bazel-bin/release/gvisor-bin/gvisor-sentry-prewarmer
2026-10-07T01:13:24.8211460Z INFO: Elapsed time: 430.414s, Critical Path: 215.03s
2026-10-07T01:13:24.8223010Z INFO: 5288 processes: 1544 internal, 42 local, 3702 processwrapper-sandbox.
2026-10-07T01:13:24.8223944Z INFO: Build completed successfully, 5288 total actions
2026-10-07T01:13:50.1667212Z 2026/10/07 01:13:50 Runtime runsc-trace not found: adding
2026-10-07T01:13:50.1675647Z 2026/10/07 01:13:50 Successfully updated config.
2026-10-07T01:13:53.2170384Z -N DOCKER-USER
2026-10-07T01:13:53.2170693Z -A DOCKER-USER -j RETURN
2026-10-07T01:13:53.5930014Z docker.io/library/node@sha256:713cfbf4a0ac19f40e1bb9919893e126b74a5c8cf5d0623c9f89515c8f74c6fa: Pulling from library/node
2026-10-07T01:13:53.5930622Z a8ac7f6c67ab: Pulling fs layer
2026-10-07T01:13:53.5930875Z 9f6b7612ad69: Pulling fs layer
2026-10-07T01:13:53.5931108Z 6345e7699535: Pulling fs layer
2026-10-07T01:13:53.5931327Z cd1f23a0f33e: Pulling fs layer
2026-10-07T01:13:53.5931570Z 3477b72abf7b: Pulling fs layer
2026-10-07T01:13:53.5931766Z cd1f23a0f33e: Waiting
2026-10-07T01:13:53.5931894Z 3477b72abf7b: Waiting
2026-10-07T01:13:53.7165590Z 9f6b7612ad69: Verifying Checksum
2026-10-07T01:13:53.7165936Z 9f6b7612ad69: Download complete
2026-10-07T01:13:53.8358585Z a8ac7f6c67ab: Verifying Checksum
2026-10-07T01:13:53.8364641Z a8ac7f6c67ab: Download complete
2026-10-07T01:13:53.8391010Z cd1f23a0f33e: Verifying Checksum
2026-10-07T01:13:53.8391497Z cd1f23a0f33e: Download complete
2026-10-07T01:13:53.8871700Z 3477b72abf7b: Verifying Checksum
2026-10-07T01:13:53.8872265Z 3477b72abf7b: Download complete
2026-10-07T01:13:53.9143473Z 6345e7699535: Verifying Checksum
2026-10-07T01:13:53.9143817Z 6345e7699535: Download complete
2026-10-07T01:13:54.8836711Z a8ac7f6c67ab: Pull complete
2026-10-07T01:13:55.5123525Z 9f6b7612ad69: Pull complete
2026-10-07T01:13:57.7404403Z 6345e7699535: Pull complete
2026-10-07T01:13:57.8093991Z cd1f23a0f33e: Pull complete
2026-10-07T01:13:57.8176263Z 3477b72abf7b: Pull complete
2026-10-07T01:13:57.8201671Z Digest: sha256:713cfbf4a0ac19f40e1bb9919893e126b74a5c8cf5d0623c9f89515c8f74c6fa
2026-10-07T01:13:57.8207630Z Status: Downloaded newer image for node@sha256:713cfbf4a0ac19f40e1bb9919893e126b74a5c8cf5d0623c9f89515c8f74c6fa
2026-10-07T01:13:57.8215122Z docker.io/library/node:24.21.0-slim@sha256:713cfbf4a0ac19f40e1bb9919893e126b74a5c8cf5d0623c9f89515c8f74c6fa
2026-10-07T01:13:58.2499979Z docker.io/library/python@sha256:23c59390fc717bf09f9336908199a0ae75d9c4264bf296123f94ad772fea3b52: Pulling from library/python
2026-10-07T01:13:58.3388125Z 039e6f9f9752: Pulling fs layer
2026-10-07T01:13:58.3388451Z af40eb6962ce: Pulling fs layer
2026-10-07T01:13:58.3388662Z b55f0961b5b7: Pulling fs layer
2026-10-07T01:13:58.3389138Z 03f9750ee7e6: Pulling fs layer
2026-10-07T01:13:58.3389333Z 03f9750ee7e6: Waiting
2026-10-07T01:13:58.5307662Z af40eb6962ce: Verifying Checksum
2026-10-07T01:13:58.5308283Z af40eb6962ce: Download complete
2026-10-07T01:13:58.5799044Z 03f9750ee7e6: Download complete
2026-10-07T01:13:58.5934245Z b55f0961b5b7: Verifying Checksum
2026-10-07T01:13:58.5934557Z b55f0961b5b7: Download complete
2026-10-07T01:13:58.6054184Z 039e6f9f9752: Download complete
2026-10-07T01:13:59.6488675Z 039e6f9f9752: Pull complete
2026-10-07T01:14:00.2077601Z af40eb6962ce: Pull complete
2026-10-07T01:14:01.0622681Z b55f0961b5b7: Pull complete
2026-10-07T01:14:01.0712910Z 03f9750ee7e6: Pull complete
2026-10-07T01:14:01.0740183Z Digest: sha256:23c59390fc717bf09f9336908199a0ae75d9c4264bf296123f94ad772fea3b52
2026-10-07T01:14:01.0746167Z Status: Downloaded newer image for python@sha256:23c59390fc717bf09f9336908199a0ae75d9c4264bf296123f94ad772fea3b52
2026-10-07T01:14:01.0753428Z docker.io/library/python:3.14.7-slim-bookworm@sha256:23c59390fc717bf09f9336908199a0ae75d9c4264bf296123f94ad772fea3b52
2026-10-07T01:14:01.4431631Z docker.io/library/golang@sha256:abe4f87f354c4f6d7ee3fb11b241c6b6c24a32ca50a2ebcc30493a2168e14048: Pulling from library/golang
2026-10-07T01:14:01.4432371Z eaac70c68abd: Pulling fs layer
2026-10-07T01:14:01.4432610Z 7b2de2423ebd: Pulling fs layer
2026-10-07T01:14:01.4432929Z 81578410df16: Pulling fs layer
2026-10-07T01:14:01.4433134Z bf3b640dda06: Pulling fs layer
2026-10-07T01:14:01.4433312Z 2cb3e687d353: Pulling fs layer
2026-10-07T01:14:01.4433578Z be016dbf54ff: Pulling fs layer
2026-10-07T01:14:01.4433911Z 4f4fb700ef54: Pulling fs layer
2026-10-07T01:14:01.4434072Z bf3b640dda06: Waiting
2026-10-07T01:14:01.4434236Z 2cb3e687d353: Waiting
2026-10-07T01:14:01.4434381Z be016dbf54ff: Waiting
2026-10-07T01:14:01.4434652Z 4f4fb700ef54: Waiting
2026-10-07T01:14:01.7067649Z 7b2de2423ebd: Verifying Checksum
2026-10-07T01:14:01.7067991Z 7b2de2423ebd: Download complete
2026-10-07T01:14:01.7162385Z eaac70c68abd: Verifying Checksum
2026-10-07T01:14:01.7163851Z eaac70c68abd: Download complete
2026-10-07T01:14:01.8597754Z 81578410df16: Verifying Checksum
2026-10-07T01:14:01.8598107Z 81578410df16: Download complete
2026-10-07T01:14:01.9407772Z be016dbf54ff: Verifying Checksum
2026-10-07T01:14:01.9408139Z be016dbf54ff: Download complete
2026-10-07T01:14:01.9900618Z 4f4fb700ef54: Verifying Checksum
2026-10-07T01:14:01.9900961Z 4f4fb700ef54: Download complete
2026-10-07T01:14:02.0923802Z 2cb3e687d353: Verifying Checksum
2026-10-07T01:14:02.0924392Z 2cb3e687d353: Download complete
2026-10-07T01:14:02.2543444Z bf3b640dda06: Verifying Checksum
2026-10-07T01:14:02.2543783Z bf3b640dda06: Download complete
2026-10-07T01:14:03.5272814Z eaac70c68abd: Pull complete
2026-10-07T01:14:05.9659244Z 7b2de2423ebd: Pull complete
2026-10-07T01:14:09.3079148Z 81578410df16: Pull complete
2026-10-07T01:14:12.2625604Z bf3b640dda06: Pull complete
2026-10-07T01:14:19.8022952Z 2cb3e687d353: Pull complete
2026-10-07T01:14:19.8089417Z be016dbf54ff: Pull complete
2026-10-07T01:14:19.8158002Z 4f4fb700ef54: Pull complete
2026-10-07T01:14:19.8189644Z Digest: sha256:abe4f87f354c4f6d7ee3fb11b241c6b6c24a32ca50a2ebcc30493a2168e14048
2026-10-07T01:14:19.8195297Z Status: Downloaded newer image for golang@sha256:abe4f87f354c4f6d7ee3fb11b241c6b6c24a32ca50a2ebcc30493a2168e14048
2026-10-07T01:14:19.8202450Z docker.io/library/golang:1.26.8-bookworm@sha256:abe4f87f354c4f6d7ee3fb11b241c6b6c24a32ca50a2ebcc30493a2168e14048
2026-10-07T01:14:20.1549744Z docker.io/library/rust@sha256:59037199c44290f2befcdd58dcc540164763fc296950255aaefeef096a1866b0: Pulling from library/rust
2026-10-07T01:14:20.2449430Z eaac70c68abd: Already exists
2026-10-07T01:14:20.2458313Z 7b2de2423ebd: Already exists
2026-10-07T01:14:20.2467604Z 81578410df16: Already exists
2026-10-07T01:14:20.2477792Z de9e8d0a0071: Pulling fs layer
2026-10-07T01:14:20.2478146Z 6d6429856493: Pulling fs layer
2026-10-07T01:14:21.0147792Z 6d6429856493: Verifying Checksum
2026-10-07T01:14:21.0148172Z 6d6429856493: Download complete
2026-10-07T01:14:21.2022434Z de9e8d0a0071: Download complete
2026-10-07T01:14:30.3067189Z de9e8d0a0071: Pull complete
2026-10-07T01:14:35.4962291Z 6d6429856493: Pull complete
2026-10-07T01:14:35.4992844Z Digest: sha256:59037199c44290f2befcdd58dcc540164763fc296950255aaefeef096a1866b0
2026-10-07T01:14:35.4998411Z Status: Downloaded newer image for rust@sha256:59037199c44290f2befcdd58dcc540164763fc296950255aaefeef096a1866b0
2026-10-07T01:14:35.5005456Z docker.io/library/rust:1.99.0-bookworm@sha256:59037199c44290f2befcdd58dcc540164763fc296950255aaefeef096a1866b0
2026-10-07T01:14:35.5227124Z Cloning into '/tmp/helox-release-observer.HrFPvG/gvisor'...
2026-10-07T01:14:39.6170581Z Updating files:   0% (1/4374)
2026-10-07T01:14:39.6285476Z Updating files:   1% (44/4374)
2026-10-07T01:14:39.6317914Z Updating files:   2% (88/4374)
2026-10-07T01:14:39.6355996Z Updating files:   3% (132/4374)
2026-10-07T01:14:39.6374192Z Updating files:   4% (175/4374)
2026-10-07T01:14:39.6395589Z Updating files:   5% (219/4374)
2026-10-07T01:14:39.6414142Z Updating files:   6% (263/4374)
2026-10-07T01:14:39.6435373Z Updating files:   7% (307/4374)
2026-10-07T01:14:39.6454332Z Updating files:   8% (350/4374)
2026-10-07T01:14:39.6473930Z Updating files:   9% (394/4374)
2026-10-07T01:14:39.6494449Z Updating files:  10% (438/4374)
2026-10-07T01:14:39.6516260Z Updating files:  11% (482/4374)
2026-10-07T01:14:39.6536425Z Updating files:  12% (525/4374)
2026-10-07T01:14:39.6554171Z Updating files:  13% (569/4374)
2026-10-07T01:14:39.6570014Z Updating files:  14% (613/4374)
2026-10-07T01:14:39.6592528Z Updating files:  15% (657/4374)
2026-10-07T01:14:39.6615592Z Updating files:  16% (700/4374)
2026-10-07T01:14:39.6633129Z Updating files:  17% (744/4374)
2026-10-07T01:14:39.6651712Z Updating files:  18% (788/4374)
2026-10-07T01:14:39.6674920Z Updating files:  19% (832/4374)
2026-10-07T01:14:39.6695279Z Updating files:  20% (875/4374)
2026-10-07T01:14:39.6718923Z Updating files:  21% (919/4374)
2026-10-07T01:14:39.6740192Z Updating files:  22% (963/4374)
2026-10-07T01:14:39.6765127Z Updating files:  23% (1007/4374)
2026-10-07T01:14:39.6793098Z Updating files:  24% (1050/4374)
2026-10-07T01:14:39.6817539Z Updating files:  25% (1094/4374)
2026-10-07T01:14:39.6841177Z Updating files:  26% (1138/4374)
2026-10-07T01:14:39.6860876Z Updating files:  27% (1181/4374)
2026-10-07T01:14:39.6900832Z Updating files:  28% (1225/4374)
2026-10-07T01:14:39.6925708Z Updating files:  29% (1269/4374)
2026-10-07T01:14:39.6951948Z Updating files:  30% (1313/4374)
2026-10-07T01:14:39.6979573Z Updating files:  31% (1356/4374)
2026-10-07T01:14:39.6996632Z Updating files:  32% (1400/4374)
2026-10-07T01:14:39.7016763Z Updating files:  33% (1444/4374)
2026-10-07T01:14:39.7034777Z Updating files:  34% (1488/4374)
2026-10-07T01:14:39.7051402Z Updating files:  35% (1531/4374)
2026-10-07T01:14:39.7071020Z Updating files:  36% (1575/4374)
2026-10-07T01:14:39.7093234Z Updating files:  37% (1619/4374)
2026-10-07T01:14:39.7117043Z Updating files:  38% (1663/4374)
2026-10-07T01:14:39.7137110Z Updating files:  39% (1706/4374)
2026-10-07T01:14:39.7157489Z Updating files:  40% (1750/4374)
2026-10-07T01:14:39.7178227Z Updating files:  41% (1794/4374)
2026-10-07T01:14:39.7196488Z Updating files:  42% (1838/4374)
2026-10-07T01:14:39.7223212Z Updating files:  43% (1881/4374)
2026-10-07T01:14:39.7241816Z Updating files:  44% (1925/4374)
2026-10-07T01:14:39.7261212Z Updating files:  45% (1969/4374)
2026-10-07T01:14:39.7278537Z Updating files:  46% (2013/4374)
2026-10-07T01:14:39.7295576Z Updating files:  47% (2056/4374)
2026-10-07T01:14:39.7320576Z Updating files:  48% (2100/4374)
2026-10-07T01:14:39.7342239Z Updating files:  49% (2144/4374)
2026-10-07T01:14:39.7361846Z Updating files:  50% (2187/4374)
2026-10-07T01:14:39.7395753Z Updating files:  51% (2231/4374)
2026-10-07T01:14:39.7433520Z Updating files:  52% (2275/4374)
2026-10-07T01:14:39.7479831Z Updating files:  53% (2319/4374)
2026-10-07T01:14:39.7512252Z Updating files:  54% (2362/4374)
2026-10-07T01:14:39.7538617Z Updating files:  55% (2406/4374)
2026-10-07T01:14:39.7573974Z Updating files:  56% (2450/4374)
2026-10-07T01:14:39.7596368Z Updating files:  57% (2494/4374)
2026-10-07T01:14:39.7619279Z Updating files:  58% (2537/4374)
2026-10-07T01:14:39.7647535Z Updating files:  59% (2581/4374)
2026-10-07T01:14:39.7668335Z Updating files:  60% (2625/4374)
2026-10-07T01:14:39.7685755Z Updating files:  61% (2669/4374)
2026-10-07T01:14:39.7706351Z Updating files:  62% (2712/4374)
2026-10-07T01:14:39.7738496Z Updating files:  63% (2756/4374)
2026-10-07T01:14:39.7828976Z Updating files:  64% (2800/4374)
2026-10-07T01:14:39.7854296Z Updating files:  65% (2844/4374)
2026-10-07T01:14:39.7876277Z Updating files:  66% (2887/4374)
2026-10-07T01:14:39.7892668Z Updating files:  67% (2931/4374)
2026-10-07T01:14:39.7912187Z Updating files:  68% (2975/4374)
2026-10-07T01:14:39.7935187Z Updating files:  69% (3019/4374)
2026-10-07T01:14:39.7957776Z Updating files:  70% (3062/4374)
2026-10-07T01:14:39.7984459Z Updating files:  71% (3106/4374)
2026-10-07T01:14:39.8006045Z Updating files:  72% (3150/4374)
2026-10-07T01:14:39.8027046Z Updating files:  73% (3194/4374)
2026-10-07T01:14:39.8045046Z Updating files:  74% (3237/4374)
2026-10-07T01:14:39.8064670Z Updating files:  75% (3281/4374)
2026-10-07T01:14:39.8084992Z Updating files:  76% (3325/4374)
2026-10-07T01:14:39.8114060Z Updating files:  77% (3368/4374)
2026-10-07T01:14:39.8141333Z Updating files:  78% (3412/4374)
2026-10-07T01:14:39.8177535Z Updating files:  79% (3456/4374)
2026-10-07T01:14:39.8205535Z Updating files:  80% (3500/4374)
2026-10-07T01:14:39.8232491Z Updating files:  81% (3543/4374)
2026-10-07T01:14:39.8263448Z Updating files:  82% (3587/4374)
2026-10-07T01:14:39.8282561Z Updating files:  83% (3631/4374)
2026-10-07T01:14:39.8309406Z Updating files:  84% (3675/4374)
2026-10-07T01:14:39.8326931Z Updating files:  85% (3718/4374)
2026-10-07T01:14:39.8346908Z Updating files:  86% (3762/4374)
2026-10-07T01:14:39.8369131Z Updating files:  87% (3806/4374)
2026-10-07T01:14:39.8385050Z Updating files:  88% (3850/4374)
2026-10-07T01:14:39.8402949Z Updating files:  89% (3893/4374)
2026-10-07T01:14:39.8422642Z Updating files:  90% (3937/4374)
2026-10-07T01:14:39.8443665Z Updating files:  91% (3981/4374)
2026-10-07T01:14:39.8464931Z Updating files:  92% (4025/4374)
2026-10-07T01:14:39.8483891Z Updating files:  93% (4068/4374)
2026-10-07T01:14:39.8500313Z Updating files:  94% (4112/4374)
2026-10-07T01:14:39.8536316Z Updating files:  95% (4156/4374)
2026-10-07T01:14:39.8692422Z Updating files:  96% (4200/4374)
2026-10-07T01:14:39.9130496Z Updating files:  97% (4243/4374)
2026-10-07T01:14:39.9162134Z Updating files:  98% (4287/4374)
2026-10-07T01:14:39.9186544Z Updating files:  99% (4331/4374)
2026-10-07T01:14:39.9186776Z Updating files: 100% (4374/4374)
2026-10-07T01:14:39.9186937Z Updating files: 100% (4374/4374), done.
2026-10-07T01:14:41.4104956Z HEAD is now at 7c6199801 Support NVIDIA IMEX-620.30 in gVisor.
2026-10-07T01:14:42.1663665Z Extracting Bazel installation...
2026-10-07T01:14:43.7496153Z Starting local Bazel server (8.3.1) and connecting to it...
2026-10-07T01:14:45.0230305Z Computing main repo mapping: 
2026-10-07T01:14:46.0255326Z Computing main repo mapping: 
2026-10-07T01:14:47.0264986Z Computing main repo mapping: 
2026-10-07T01:14:48.0265070Z Computing main repo mapping: 
2026-10-07T01:14:49.0544713Z Computing main repo mapping: 
2026-10-07T01:14:50.0583658Z Computing main repo mapping: 
2026-10-07T01:14:51.0631168Z Computing main repo mapping: 
2026-10-07T01:14:51.2492220Z WARNING: For repository 'bazel_skylib', the root module requires module version bazel_skylib@1.7.1, but got bazel_skylib@1.8.2 in the resolved dependency graph. Please update the version in your MODULE.bazel or set --check_direct_dependencies=off
2026-10-07T01:14:52.1565613Z Computing main repo mapping: 
2026-10-07T01:14:53.1580070Z Computing main repo mapping: 
2026-10-07T01:14:53.4540183Z Loading: 
2026-10-07T01:14:53.4579678Z Loading: 2 packages loaded
2026-10-07T01:14:54.7015719Z Loading: 2 packages loaded
2026-10-07T01:14:54.7016007Z     currently loading: tools/haa_gvisor_observer
2026-10-07T01:14:54.8681280Z DEBUG: /home/runner/.cache/bazel/_bazel_runner/84593a451890a86e8bfbeb0d5fa710d8/external/gazelle+/internal/bzlmod/go_deps.bzl:660:36: The following Go modules were required by the root module at the given versions, but were implicitly updated to higher versions due to transitive dependencies:
2026-10-07T01:14:54.8719933Z  
2026-10-07T01:14:54.8739812Z   go.opentelemetry.io/auto/sdk: v1.1.0 -> v1.2.1 
2026-10-07T01:14:54.8740495Z   go.opentelemetry.io/contrib/instrumentation/google.golang.org/grpc/otelgrpc: v0.61.0 -> v0.67.0 
2026-10-07T01:14:54.8765128Z   golang.org/x/crypto: v0.42.0 -> v0.49.0 
2026-10-07T01:14:54.8789727Z   golang.org/x/term: v0.35.0 -> v0.42.0 
2026-10-07T01:14:54.8791078Z   golang.org/x/net: v0.44.0 -> v0.52.0 
2026-10-07T01:14:54.8791559Z   go.opentelemetry.io/otel: v1.37.0 -> v1.43.0 
2026-10-07T01:14:54.8792035Z   go.opentelemetry.io/otel/metric: v1.28.0 -> v1.43.0 
2026-10-07T01:14:54.8793124Z   github.com/felixge/httpsnoop: v1.0.2 -> v1.0.4 
2026-10-07T01:14:54.8799531Z   go.opentelemetry.io/contrib/instrumentation/net/http/otelhttp: v0.53.0 -> v0.67.0 
2026-10-07T01:14:54.8800561Z   go.opentelemetry.io/otel/trace: v1.28.0 -> v1.43.0 
2026-10-07T01:14:54.8804357Z   github.com/opencontainers/image-spec: v1.0.2 -> v1.1.1 
2026-10-07T01:14:54.8805036Z   cloud.google.com/go: v0.105.0 -> v0.123.0 
2026-10-07T01:14:54.8805686Z   cloud.google.com/go/iam: v0.8.0 -> v1.7.0 
2026-10-07T01:14:54.8806184Z   cloud.google.com/go/compute/metadata: v0.8.0 -> v0.9.0 
2026-10-07T01:14:54.8806787Z   github.com/googleapis/enterprise-certificate-proxy: v0.3.6 -> v0.3.14 
2026-10-07T01:14:54.8807349Z   golang.org/x/oauth2: v0.30.0 -> v0.36.0 
2026-10-07T01:14:54.8808015Z   google.golang.org/genproto: v0.0.0-20250707201910-8d1bb00bc6a7 -> v0.0.0-20260319201613-d00831a3d3e7 
2026-10-07T01:14:54.8808668Z   github.com/googleapis/gax-go/v2: v2.15.0 -> v2.21.0 
2026-10-07T01:14:54.8809389Z 
2026-10-07T01:14:54.8809741Z Update the root module's dependencies to match the resolved versions via:
2026-10-07T01:14:54.8810153Z 
2026-10-07T01:14:54.8813229Z   bazel run @io_bazel_rules_go//go -- get go.opentelemetry.io/auto/sdk@v1.2.1 go.opentelemetry.io/contrib/instrumentation/google.golang.org/grpc/otelgrpc@v0.67.0 golang.org/x/crypto@v0.49.0 golang.org/x/term@v0.42.0 golang.org/x/net@v0.52.0 go.opentelemetry.io/otel@v1.43.0 go.opentelemetry.io/otel/metric@v1.43.0 github.com/felixge/httpsnoop@v1.0.4 go.opentelemetry.io/contrib/instrumentation/net/http/otelhttp@v0.67.0 go.opentelemetry.io/otel/trace@v1.43.0 github.com/opencontainers/image-spec@v1.1.1 cloud.google.com/go@v0.123.0 cloud.google.com/go/iam@v1.7.0 cloud.google.com/go/compute/metadata@v0.9.0 github.com/googleapis/enterprise-certificate-proxy@v0.3.14 golang.org/x/oauth2@v0.36.0 google.golang.org/genproto@v0.0.0-20260319201613-d00831a3d3e7 github.com/googleapis/gax-go/v2@v2.21.0 
2026-10-07T01:14:54.8815947Z 
2026-10-07T01:14:55.1235186Z Analyzing: target //tools/haa_gvisor_observer:haa_gvisor_observer (3 packages loaded, 0 targets configured)
2026-10-07T01:14:55.1373777Z Analyzing: target //tools/haa_gvisor_observer:haa_gvisor_observer (3 packages loaded, 0 targets configured)
2026-10-07T01:14:55.1399490Z 
2026-10-07T01:14:56.5217597Z Analyzing: target //tools/haa_gvisor_observer:haa_gvisor_observer (68 packages loaded, 1816 targets configured)
2026-10-07T01:14:56.5250313Z 
2026-10-07T01:14:57.5290373Z Analyzing: target //tools/haa_gvisor_observer:haa_gvisor_observer (110 packages loaded, 5749 targets configured)
2026-10-07T01:14:57.5290952Z 
2026-10-07T01:14:58.3651869Z INFO: Analyzed target //tools/haa_gvisor_observer:haa_gvisor_observer (130 packages loaded, 6531 targets configured).
2026-10-07T01:14:58.5299153Z [119 / 939] Compiling absl/log/internal/nullguard.cc; 0s processwrapper-sandbox ... (4 actions, 2 running)
2026-10-07T01:14:59.5791463Z [148 / 939] Compiling absl/base/internal/raw_logging.cc [for tool]; 0s processwrapper-sandbox ... (4 actions, 3 running)
2026-10-07T01:15:00.6007594Z [268 / 939] Compiling absl/base/internal/throw_delegate.cc; 0s processwrapper-sandbox ... (4 actions, 3 running)
2026-10-07T01:15:01.6760418Z [286 / 939] Compiling absl/crc/internal/crc.cc [for tool]; 0s processwrapper-sandbox ... (4 actions, 3 running)
2026-10-07T01:15:02.7751485Z [301 / 939] Compiling absl/time/internal/cctz/src/time_zone_libc.cc [for tool]; 0s processwrapper-sandbox ... (4 actions, 3 running)
2026-10-07T01:15:04.0150154Z [311 / 939] Compiling absl/time/internal/cctz/src/time_zone_info.cc [for tool]; 1s processwrapper-sandbox ... (4 actions, 3 running)
2026-10-07T01:15:05.0510313Z [320 / 939] Compiling absl/crc/internal/crc_cord_state.cc [for tool]; 0s processwrapper-sandbox ... (4 actions running)
2026-10-07T01:15:06.0520251Z [327 / 939] Compiling absl/time/internal/cctz/src/time_zone_info.cc; 1s processwrapper-sandbox ... (4 actions running)
2026-10-07T01:15:07.0520605Z [333 / 939] Compiling absl/time/internal/cctz/src/time_zone_format.cc [for tool]; 1s processwrapper-sandbox ... (4 actions running)
2026-10-07T01:15:08.0525237Z [341 / 939] Compiling absl/time/internal/cctz/src/time_zone_format.cc; 0s processwrapper-sandbox ... (4 actions running)
2026-10-07T01:15:09.0834198Z [349 / 939] Compiling absl/time/time.cc [for tool]; 0s processwrapper-sandbox ... (4 actions, 3 running)
2026-10-07T01:15:10.1590297Z [356 / 939] Compiling absl/strings/internal/str_format/arg.cc [for tool]; 1s processwrapper-sandbox ... (4 actions, 3 running)
2026-10-07T01:15:11.1611290Z [362 / 939] Compiling absl/crc/internal/crc_memcpy_x86_arm_combined.cc; 0s processwrapper-sandbox ... (4 actions, 3 running)
2026-10-07T01:15:12.3640218Z [370 / 939] Compiling absl/strings/internal/str_format/float_conversion.cc [for tool]; 0s processwrapper-sandbox ... (4 actions, 3 running)
2026-10-07T01:15:13.5693913Z [378 / 939] Compiling absl/strings/internal/str_format/arg.cc; 1s processwrapper-sandbox ... (4 actions, 3 running)
2026-10-07T01:15:14.7041591Z [385 / 939] Compiling absl/strings/internal/str_format/bind.cc; 0s processwrapper-sandbox ... (4 actions, 3 running)
2026-10-07T01:15:15.7330462Z [398 / 939] Compiling absl/strings/internal/str_format/float_conversion.cc; 0s processwrapper-sandbox ... (4 actions, 3 running)
2026-10-07T01:15:16.8152976Z [407 / 939] Compiling absl/debugging/internal/demangle.cc [for tool]; 0s processwrapper-sandbox ... (4 actions, 3 running)
2026-10-07T01:15:18.0580151Z [415 / 939] Compiling absl/strings/internal/charconv_bigint.cc [for tool]; 1s processwrapper-sandbox ... (4 actions running)
2026-10-07T01:15:19.0600520Z [425 / 939] Compiling absl/debugging/internal/demangle.cc; 1s processwrapper-sandbox ... (4 actions running)
2026-10-07T01:15:20.0600408Z [435 / 939] Compiling absl/strings/escaping.cc; 0s processwrapper-sandbox ... (4 actions running)
2026-10-07T01:15:21.0640112Z [447 / 939] Compiling absl/strings/internal/charconv_bigint.cc; 0s processwrapper-sandbox ... (4 actions running)
2026-10-07T01:15:22.0673471Z [457 / 939] Compiling absl/strings/internal/damerau_levenshtein_distance.cc; 0s processwrapper-sandbox ... (4 actions, 3 running)
2026-10-07T01:15:23.1840294Z [466 / 939] Compiling absl/log/internal/vlog_config.cc [for tool]; 1s processwrapper-sandbox ... (4 actions, 3 running)
2026-10-07T01:15:24.4832034Z [478 / 939] Compiling absl/flags/usage_config.cc; 0s processwrapper-sandbox ... (4 actions, 3 running)
2026-10-07T01:15:25.4854763Z [487 / 939] Compiling absl/log/internal/vlog_config.cc; 0s processwrapper-sandbox ... (4 actions, 3 running)
2026-10-07T01:15:26.5220440Z [500 / 939] Compiling absl/synchronization/internal/stdcpp_waiter.cc; 0s processwrapper-sandbox ... (4 actions, 3 running)
2026-10-07T01:15:27.6408090Z [511 / 939] Compiling absl/synchronization/internal/per_thread_sem.cc; 0s processwrapper-sandbox ... (4 actions, 3 running)
2026-10-07T01:15:28.6794584Z [521 / 939] Compiling absl/strings/internal/cordz_handle.cc [for tool]; 0s processwrapper-sandbox ... (4 actions, 3 running)
2026-10-07T01:15:29.6810796Z [534 / 939] Compiling absl/container/internal/hashtablez_sampler.cc; 0s processwrapper-sandbox ... (4 actions, 3 running)
2026-10-07T01:15:30.7029984Z [561 / 939] Compiling deflate.c [for tool]; 0s processwrapper-sandbox ... (4 actions, 3 running)
2026-10-07T01:15:31.7110791Z [618 / 939] Compiling inflate.c; 0s processwrapper-sandbox ... (4 actions, 3 running)
2026-10-07T01:15:32.7148016Z [635 / 939] Compiling absl/log/internal/log_message.cc [for tool]; 0s processwrapper-sandbox ... (4 actions, 3 running)
2026-10-07T01:15:34.0680007Z [644 / 939] Compiling absl/log/die_if_null.cc; 0s processwrapper-sandbox ... (4 actions running)
2026-10-07T01:15:35.0668187Z [648 / 939] Compiling absl/flags/reflection.cc; 1s processwrapper-sandbox ... (4 actions running)
2026-10-07T01:15:36.0680459Z [658 / 939] Compiling absl/strings/internal/cord_rep_crc.cc [for tool]; 0s processwrapper-sandbox ... (4 actions running)
2026-10-07T01:15:37.0745658Z [666 / 939] Compiling src/google/protobuf/any_lite.cc [for tool]; 0s processwrapper-sandbox ... (4 actions, 3 running)
2026-10-07T01:15:38.4000560Z [670 / 939] Compiling src/google/protobuf/arenastring.cc [for tool]; 0s processwrapper-sandbox ... (4 actions, 3 running)
2026-10-07T01:15:39.8164559Z [678 / 939] Compiling absl/strings/internal/cord_rep_btree.cc [for tool]; 1s processwrapper-sandbox ... (4 actions, 3 running)
2026-10-07T01:15:40.8460124Z [681 / 939] Compiling absl/strings/internal/cord_rep_btree.cc [for tool]; 2s processwrapper-sandbox ... (4 actions, 3 running)
2026-10-07T01:15:42.0730137Z [684 / 939] Compiling src/google/protobuf/extension_set.cc [for tool]; 2s processwrapper-sandbox ... (4 actions running)
2026-10-07T01:15:43.2680258Z [687 / 939] Compiling src/google/protobuf/extension_set.cc [for tool]; 4s processwrapper-sandbox ... (4 actions, 3 running)
2026-10-07T01:15:44.3030487Z [691 / 939] Compiling src/google/protobuf/arenastring.cc; 1s processwrapper-sandbox ... (4 actions, 3 running)
2026-10-07T01:15:45.6110302Z [697 / 939] Compiling src/google/protobuf/generated_enum_util.cc [for tool]; 1s processwrapper-sandbox ... (4 actions, 3 running)
2026-10-07T01:15:46.8387035Z [700 / 939] Compiling src/google/protobuf/extension_set.cc; 2s processwrapper-sandbox ... (4 actions, 3 running)
2026-10-07T01:15:48.0733964Z [700 / 939] Compiling src/google/protobuf/extension_set.cc; 3s processwrapper-sandbox ... (4 actions running)
2026-10-07T01:15:49.5240210Z [703 / 939] Compiling src/google/protobuf/generated_message_tctable_lite.cc [for tool]; 3s processwrapper-sandbox ... (4 actions, 3 running)
2026-10-07T01:15:50.8439161Z [705 / 939] Compiling src/google/protobuf/generated_message_tctable_lite.cc [for tool]; 5s processwrapper-sandbox ... (4 actions, 3 running)
2026-10-07T01:15:51.9260191Z [709 / 939] Compiling src/google/protobuf/generated_message_tctable_lite.cc [for tool]; 6s processwrapper-sandbox ... (4 actions, 3 running)
2026-10-07T01:15:53.0780390Z [711 / 939] Compiling src/google/protobuf/generated_message_tctable_lite.cc [for tool]; 7s processwrapper-sandbox ... (4 actions running)
2026-10-07T01:15:54.5900384Z [716 / 939] Compiling src/google/protobuf/generated_message_tctable_lite.cc; 3s processwrapper-sandbox ... (4 actions, 3 running)
2026-10-07T01:15:55.8340259Z [721 / 939] Compiling src/google/protobuf/generated_message_tctable_lite.cc; 4s processwrapper-sandbox ... (4 actions, 3 running)
2026-10-07T01:15:57.0757046Z [725 / 939] Compiling src/google/protobuf/generated_message_tctable_lite.cc; 5s processwrapper-sandbox ... (4 actions running)
2026-10-07T01:15:58.7980141Z [735 / 939] Compiling src/google/protobuf/generated_message_tctable_lite.cc; 7s processwrapper-sandbox ... (4 actions, 3 running)
2026-10-07T01:16:00.0046918Z [741 / 939] Compiling src/google/protobuf/map.cc [for tool]; 1s processwrapper-sandbox ... (4 actions, 3 running)
2026-10-07T01:16:00.1680184Z INFO: From Compiling src/google/protobuf/map.cc [for tool]:
2026-10-07T01:16:00.1710470Z In file included from bazel-out/k8-opt-exec-ST-d57f47055a04/bin/external/protobuf+/src/google/protobuf/_virtual_includes/protobuf_lite/google/protobuf/generated_enum_util.h:20,
2026-10-07T01:16:00.1770763Z                  from bazel-out/k8-opt-exec-ST-d57f47055a04/bin/external/protobuf+/src/google/protobuf/_virtual_includes/protobuf_lite/google/protobuf/map.h:41,
2026-10-07T01:16:00.1830075Z                  from external/protobuf+/src/google/protobuf/map.cc:8:
2026-10-07T01:16:00.1860468Z In function 'const google::protobuf::internal::ClassData* google::protobuf::internal::GetClassData(const Type&) [with Type = google::protobuf::MessageLite]',
2026-10-07T01:16:00.1890965Z     inlined from 'google::protobuf::internal::Offsets google::protobuf::internal::AlignAndAddSizeDynamic(size_t, UntypedMapBase::TypeKind, const google::protobuf::MessageLite*, size_t&)' at external/protobuf+/src/google/protobuf/map.cc:229:38,
2026-10-07T01:16:00.1893854Z     inlined from 'static google::protobuf::internal::UntypedMapBase::TypeInfo google::protobuf::internal::UntypedMapBase::GetTypeInfoDynamic(TypeKind, TypeKind, const google::protobuf::MessageLite*)' at external/protobuf+/src/google/protobuf/map.cc:249:29:
2026-10-07T01:16:00.1895439Z bazel-out/k8-opt-exec-ST-d57f47055a04/bin/external/protobuf+/src/google/protobuf/_virtual_includes/protobuf_lite/google/protobuf/message_lite.h:1230:28: warning: 'this' pointer is null [-Wnonnull]
2026-10-07T01:16:00.1896242Z  1230 |     return msg.GetClassData();
2026-10-07T01:16:00.1896553Z       |            ~~~~~~~~~~~~~~~~^~
2026-10-07T01:16:01.0820125Z [744 / 939] Compiling src/google/protobuf/io/zero_copy_stream.cc [for tool]; 1s processwrapper-sandbox ... (4 actions running)
2026-10-07T01:16:02.0861500Z [747 / 939] Compiling src/google/protobuf/message_lite.cc [for tool]; 1s processwrapper-sandbox ... (4 actions, 3 running)
2026-10-07T01:16:03.3368570Z [751 / 939] Compiling src/google/protobuf/inlined_string_field.cc; 1s processwrapper-sandbox ... (4 actions, 3 running)
2026-10-07T01:16:04.8310434Z [754 / 939] Compiling src/google/protobuf/io/coded_stream.cc; 1s processwrapper-sandbox ... (4 actions, 3 running)
2026-10-07T01:16:05.5247683Z INFO: From Compiling src/google/protobuf/map.cc:
2026-10-07T01:16:05.5280976Z In file included from bazel-out/k8-opt/bin/external/protobuf+/src/google/protobuf/_virtual_includes/protobuf_lite/google/protobuf/generated_enum_util.h:20,
2026-10-07T01:16:05.5310664Z                  from bazel-out/k8-opt/bin/external/protobuf+/src/google/protobuf/_virtual_includes/protobuf_lite/google/protobuf/map.h:41,
2026-10-07T01:16:05.5340091Z                  from external/protobuf+/src/google/protobuf/map.cc:8:
2026-10-07T01:16:05.5370202Z In function 'const google::protobuf::internal::ClassData* google::protobuf::internal::GetClassData(const Type&) [with Type = google::protobuf::MessageLite]',
2026-10-07T01:16:05.5410999Z     inlined from 'google::protobuf::internal::Offsets google::protobuf::internal::AlignAndAddSizeDynamic(size_t, UntypedMapBase::TypeKind, const google::protobuf::MessageLite*, size_t&)' at external/protobuf+/src/google/protobuf/map.cc:229:38,
2026-10-07T01:16:05.5451227Z     inlined from 'static google::protobuf::internal::UntypedMapBase::TypeInfo google::protobuf::internal::UntypedMapBase::GetTypeInfoDynamic(TypeKind, TypeKind, const google::protobuf::MessageLite*)' at external/protobuf+/src/google/protobuf/map.cc:249:29:
2026-10-07T01:16:05.5476881Z bazel-out/k8-opt/bin/external/protobuf+/src/google/protobuf/_virtual_includes/protobuf_lite/google/protobuf/message_lite.h:1230:28: warning: 'this' pointer is null [-Wnonnull]
2026-10-07T01:16:05.5499532Z  1230 |     return msg.GetClassData();
2026-10-07T01:16:05.5529598Z       |            ~~~~~~~~~~~~~~~~^~
2026-10-07T01:16:05.8750419Z [761 / 939] Compiling src/google/protobuf/repeated_field.cc [for tool]; 0s processwrapper-sandbox ... (4 actions, 3 running)
2026-10-07T01:16:07.0850061Z [762 / 939] Compiling src/google/protobuf/message_lite.cc; 1s processwrapper-sandbox ... (4 actions running)
2026-10-07T01:16:08.7630339Z [767 / 939] Compiling src/google/protobuf/io/printer.cc [for tool]; 3s processwrapper-sandbox ... (4 actions, 3 running)
2026-10-07T01:16:09.8190378Z [773 / 939] Compiling src/google/protobuf/io/printer.cc; 0s processwrapper-sandbox ... (4 actions, 3 running)
2026-10-07T01:16:10.8370508Z [776 / 939] Compiling src/google/protobuf/io/printer.cc; 2s processwrapper-sandbox ... (4 actions, 3 running)
2026-10-07T01:16:12.0840370Z [779 / 939] Compiling src/google/protobuf/io/printer.cc; 3s processwrapper-sandbox ... (4 actions running)
2026-10-07T01:16:13.1286754Z [784 / 939] Compiling src/google/protobuf/compiler/cpp/helpers.cc [for tool]; 1s processwrapper-sandbox ... (4 actions, 3 running)
2026-10-07T01:16:14.1590404Z [785 / 939] Compiling src/google/protobuf/compiler/cpp/helpers.cc [for tool]; 2s processwrapper-sandbox ... (4 actions, 3 running)
2026-10-07T01:16:15.4880421Z [789 / 939] Compiling src/google/protobuf/compiler/cpp/helpers.cc [for tool]; 3s processwrapper-sandbox ... (4 actions, 3 running)
2026-10-07T01:16:16.9400363Z INFO: From Compiling src/google/protobuf/wire_format.cc [for tool]:
2026-10-07T01:16:16.9450764Z In file included from external/protobuf+/src/google/protobuf/wire_format.cc:31:
2026-10-07T01:16:16.9480797Z bazel-out/k8-opt-exec-ST-d57f47055a04/bin/external/protobuf+/src/google/protobuf/_virtual_includes/protobuf/google/protobuf/map_field.h: In constructor 'google::protobuf::internal::MapFieldBase::ReflectionPayload::ReflectionPayload(google::protobuf::Arena*, const google::protobuf::Message*)':
2026-10-07T01:16:16.9511099Z bazel-out/k8-opt-exec-ST-d57f47055a04/bin/external/protobuf+/src/google/protobuf/_virtual_includes/protobuf/google/protobuf/map_field.h:416:11: warning: 'google::protobuf::RepeatedPtrField<T>::RepeatedPtrField(google::protobuf::Arena*) [with Element = google::protobuf::Message]' is deprecated: Use Arena::Create<RepeatedPtrField<...>>(Arena*) instead [-Wdeprecated-declarations]
2026-10-07T01:16:16.9539728Z   416 |         : repeated_field_(arena), prototype_(prototype) {}
2026-10-07T01:16:16.9569584Z       |           ^~~~~~~~~~~~~~~~~~~~~~
2026-10-07T01:16:16.9600051Z In file included from bazel-out/k8-opt-exec-ST-d57f47055a04/bin/external/protobuf+/src/google/protobuf/_virtual_includes/protobuf_lite/google/protobuf/repeated_field.h:46,
2026-10-07T01:16:16.9630555Z                  from bazel-out/k8-opt-exec-ST-d57f47055a04/bin/external/protobuf+/src/google/protobuf/_virtual_includes/protobuf_lite/google/protobuf/parse_context.h:39,
2026-10-07T01:16:16.9660516Z                  from bazel-out/k8-opt-exec-ST-d57f47055a04/bin/external/protobuf+/src/google/protobuf/_virtual_includes/protobuf_lite/google/protobuf/generated_message_tctable_decl.h:25,
2026-10-07T01:16:16.9690390Z                  from bazel-out/k8-opt-exec-ST-d57f47055a04/bin/external/protobuf+/src/google/protobuf/_virtual_includes/protobuf_lite/google/protobuf/extension_set.h:40,
2026-10-07T01:16:16.9720461Z                  from bazel-out/k8-opt-exec-ST-d57f47055a04/bin/external/protobuf+/src/google/protobuf/_virtual_includes/protobuf/google/protobuf/descriptor.h:56,
2026-10-07T01:16:16.9750475Z                  from bazel-out/k8-opt-exec-ST-d57f47055a04/bin/external/protobuf+/src/google/protobuf/_virtual_includes/protobuf/google/protobuf/wire_format.h:26,
2026-10-07T01:16:16.9779845Z                  from external/protobuf+/src/google/protobuf/wire_format.cc:12:
2026-10-07T01:16:16.9809901Z bazel-out/k8-opt-exec-ST-d57f47055a04/bin/external/protobuf+/src/google/protobuf/_virtual_includes/protobuf_lite/google/protobuf/repeated_ptr_field.h:1380:8: note: declared here
2026-10-07T01:16:16.9839743Z  1380 | inline RepeatedPtrField<Element>::RepeatedPtrField(Arena* arena)
2026-10-07T01:16:16.9869536Z       |        ^~~~~~~~~~~~~~~~~~~~~~~~~
2026-10-07T01:16:16.9889928Z [791 / 939] Compiling src/google/protobuf/compiler/cpp/helpers.cc [for tool]; 5s processwrapper-sandbox ... (4 actions, 3 running)
2026-10-07T01:16:18.0860574Z [792 / 939] Compiling src/google/protobuf/compiler/cpp/helpers.cc [for tool]; 6s processwrapper-sandbox ... (4 actions running)
2026-10-07T01:16:20.0860348Z [793 / 939] Compiling src/google/protobuf/compiler/cpp/helpers.cc [for tool]; 8s processwrapper-sandbox ... (4 actions running)
2026-10-07T01:16:20.3686418Z INFO: From Compiling src/google/protobuf/wire_format.cc:
2026-10-07T01:16:20.3704388Z In file included from external/protobuf+/src/google/protobuf/wire_format.cc:31:
2026-10-07T01:16:20.3730621Z bazel-out/k8-opt/bin/external/protobuf+/src/google/protobuf/_virtual_includes/protobuf/google/protobuf/map_field.h: In constructor 'google::protobuf::internal::MapFieldBase::ReflectionPayload::ReflectionPayload(google::protobuf::Arena*, const google::protobuf::Message*)':
2026-10-07T01:16:20.3750951Z bazel-out/k8-opt/bin/external/protobuf+/src/google/protobuf/_virtual_includes/protobuf/google/protobuf/map_field.h:416:11: warning: 'google::protobuf::RepeatedPtrField<T>::RepeatedPtrField(google::protobuf::Arena*) [with Element = google::protobuf::Message]' is deprecated: Use Arena::Create<RepeatedPtrField<...>>(Arena*) instead [-Wdeprecated-declarations]
2026-10-07T01:16:20.3780278Z   416 |         : repeated_field_(arena), prototype_(prototype) {}
2026-10-07T01:16:20.3789472Z       |           ^~~~~~~~~~~~~~~~~~~~~~
2026-10-07T01:16:20.3792353Z In file included from bazel-out/k8-opt/bin/external/protobuf+/src/google/protobuf/_virtual_includes/protobuf_lite/google/protobuf/repeated_field.h:46,
2026-10-07T01:16:20.3793884Z                  from bazel-out/k8-opt/bin/external/protobuf+/src/google/protobuf/_virtual_includes/protobuf_lite/google/protobuf/parse_context.h:39,
2026-10-07T01:16:20.3796064Z                  from bazel-out/k8-opt/bin/external/protobuf+/src/google/protobuf/_virtual_includes/protobuf_lite/google/protobuf/generated_message_tctable_decl.h:25,
2026-10-07T01:16:20.3797671Z                  from bazel-out/k8-opt/bin/external/protobuf+/src/google/protobuf/_virtual_includes/protobuf_lite/google/protobuf/extension_set.h:40,
2026-10-07T01:16:20.3799323Z                  from bazel-out/k8-opt/bin/external/protobuf+/src/google/protobuf/_virtual_includes/protobuf/google/protobuf/descriptor.h:56,
2026-10-07T01:16:20.3800750Z                  from bazel-out/k8-opt/bin/external/protobuf+/src/google/protobuf/_virtual_includes/protobuf/google/protobuf/wire_format.h:26,
2026-10-07T01:16:20.3801696Z                  from external/protobuf+/src/google/protobuf/wire_format.cc:12:
2026-10-07T01:16:20.3802512Z bazel-out/k8-opt/bin/external/protobuf+/src/google/protobuf/_virtual_includes/protobuf_lite/google/protobuf/repeated_ptr_field.h:1380:8: note: declared here
2026-10-07T01:16:20.3805300Z  1380 | inline RepeatedPtrField<Element>::RepeatedPtrField(Arena* arena)
2026-10-07T01:16:20.3805871Z       |        ^~~~~~~~~~~~~~~~~~~~~~~~~
2026-10-07T01:16:20.9867261Z INFO: From Compiling src/google/protobuf/compiler/cpp/helpers.cc [for tool]:
2026-10-07T01:16:20.9900021Z In file included from external/protobuf+/src/google/protobuf/compiler/cpp/helpers.cc:12:
2026-10-07T01:16:20.9920581Z bazel-out/k8-opt-exec-ST-d57f47055a04/bin/external/protobuf+/src/google/protobuf/compiler/cpp/_virtual_includes/names_internal/google/protobuf/compiler/cpp/helpers.h: In function 'bool google::protobuf::compiler::cpp::IsWeak(const google::protobuf::FieldDescriptor*, const Options&)':
2026-10-07T01:16:20.9923214Z bazel-out/k8-opt-exec-ST-d57f47055a04/bin/external/protobuf+/src/google/protobuf/compiler/cpp/_virtual_includes/names_internal/google/protobuf/compiler/cpp/helpers.h:347:28: warning: 'bool google::protobuf::FieldOptions::weak() const' is deprecated [-Wdeprecated-declarations]
2026-10-07T01:16:20.9924391Z   347 |   if (field->options().weak()) {
2026-10-07T01:16:20.9924816Z       |       ~~~~~~~~~~~~~~~~~~~~~^~
2026-10-07T01:16:20.9925729Z In file included from bazel-out/k8-opt-exec-ST-d57f47055a04/bin/external/protobuf+/src/google/protobuf/compiler/_virtual_includes/code_generator_lite/google/protobuf/compiler/code_generator_lite.h:18,
2026-10-07T01:16:20.9927784Z                  from bazel-out/k8-opt-exec-ST-d57f47055a04/bin/external/protobuf+/src/google/protobuf/compiler/_virtual_includes/code_generator/google/protobuf/compiler/code_generator.h:25,
2026-10-07T01:16:20.9929978Z                  from bazel-out/k8-opt-exec-ST-d57f47055a04/bin/external/protobuf+/src/google/protobuf/compiler/cpp/_virtual_includes/names_internal/google/protobuf/compiler/cpp/helpers.h:29:
2026-10-07T01:16:20.9932632Z bazel-out/k8-opt-exec-ST-d57f47055a04/bin/external/protobuf+/src/google/protobuf/_virtual_includes/protobuf/google/protobuf/descriptor.pb.h:18861:13: note: declared here
2026-10-07T01:16:20.9933480Z 18861 | inline bool FieldOptions::weak() const {
2026-10-07T01:16:20.9933918Z       |             ^~~~~~~~~~~~
2026-10-07T01:16:20.9934934Z external/protobuf+/src/google/protobuf/compiler/cpp/helpers.cc: In member function 'google::protobuf::compiler::cpp::MessageAnalysis google::protobuf::compiler::cpp::MessageSCCAnalyzer::GetSCCAnalysis(const google::protobuf::compiler::SCC*)':
2026-10-07T01:16:20.9936734Z external/protobuf+/src/google/protobuf/compiler/cpp/helpers.cc:1802:32: warning: 'bool google::protobuf::FieldOptions::weak() const' is deprecated [-Wdeprecated-declarations]
2026-10-07T01:16:20.9937703Z  1802 |       if (field->options().weak()) {
2026-10-07T01:16:20.9938140Z       |           ~~~~~~~~~~~~~~~~~~~~~^~
2026-10-07T01:16:20.9939222Z bazel-out/k8-opt-exec-ST-d57f47055a04/bin/external/protobuf+/src/google/protobuf/_virtual_includes/protobuf/google/protobuf/descriptor.pb.h:18861:13: note: declared here
2026-10-07T01:16:20.9940079Z 18861 | inline bool FieldOptions::weak() const {
2026-10-07T01:16:20.9940527Z       |             ^~~~~~~~~~~~
2026-10-07T01:16:21.0860443Z [796 / 939] Compiling src/google/protobuf/compiler/parser.cc; 3s processwrapper-sandbox ... (4 actions running)
2026-10-07T01:16:22.4410504Z [797 / 939] Compiling src/google/protobuf/compiler/parser.cc; 4s processwrapper-sandbox ... (4 actions, 3 running)
2026-10-07T01:16:23.4642733Z [800 / 939] Compiling src/google/protobuf/text_format.cc [for tool]; 4s processwrapper-sandbox ... (4 actions, 3 running)
2026-10-07T01:16:25.0857473Z [800 / 939] Compiling src/google/protobuf/text_format.cc [for tool]; 6s processwrapper-sandbox ... (4 actions running)
2026-10-07T01:16:25.7632461Z INFO: From Compiling src/google/protobuf/text_format.cc [for tool]:
2026-10-07T01:16:25.7690141Z In file included from external/protobuf+/src/google/protobuf/text_format.cc:54:
2026-10-07T01:16:25.7716386Z bazel-out/k8-opt-exec-ST-d57f47055a04/bin/external/protobuf+/src/google/protobuf/_virtual_includes/protobuf/google/protobuf/map_field.h: In constructor 'google::protobuf::internal::MapFieldBase::ReflectionPayload::ReflectionPayload(google::protobuf::Arena*, const google::protobuf::Message*)':
2026-10-07T01:16:25.7735676Z bazel-out/k8-opt-exec-ST-d57f47055a04/bin/external/protobuf+/src/google/protobuf/_virtual_includes/protobuf/google/protobuf/map_field.h:416:11: warning: 'google::protobuf::RepeatedPtrField<T>::RepeatedPtrField(google::protobuf::Arena*) [with Element = google::protobuf::Message]' is deprecated: Use Arena::Create<RepeatedPtrField<...>>(Arena*) instead [-Wdeprecated-declarations]
2026-10-07T01:16:25.7737643Z   416 |         : repeated_field_(arena), prototype_(prototype) {}
2026-10-07T01:16:25.7738329Z       |           ^~~~~~~~~~~~~~~~~~~~~~
2026-10-07T01:16:25.7739503Z In file included from bazel-out/k8-opt-exec-ST-d57f47055a04/bin/external/protobuf+/src/google/protobuf/_virtual_includes/protobuf_lite/google/protobuf/repeated_field.h:46,
2026-10-07T01:16:25.7741350Z                  from bazel-out/k8-opt-exec-ST-d57f47055a04/bin/external/protobuf+/src/google/protobuf/_virtual_includes/protobuf_lite/google/protobuf/parse_context.h:39,
2026-10-07T01:16:25.7743275Z                  from bazel-out/k8-opt-exec-ST-d57f47055a04/bin/external/protobuf+/src/google/protobuf/_virtual_includes/protobuf_lite/google/protobuf/generated_message_tctable_decl.h:25,
2026-10-07T01:16:25.7745135Z                  from bazel-out/k8-opt-exec-ST-d57f47055a04/bin/external/protobuf+/src/google/protobuf/_virtual_includes/protobuf_lite/google/protobuf/extension_set.h:40,
2026-10-07T01:16:25.7746897Z                  from bazel-out/k8-opt-exec-ST-d57f47055a04/bin/external/protobuf+/src/google/protobuf/_virtual_includes/protobuf/google/protobuf/descriptor.h:56,
2026-10-07T01:16:25.7748622Z                  from bazel-out/k8-opt-exec-ST-d57f47055a04/bin/external/protobuf+/src/google/protobuf/_virtual_includes/protobuf/google/protobuf/text_format.h:27,
2026-10-07T01:16:25.7749898Z                  from external/protobuf+/src/google/protobuf/text_format.cc:12:
2026-10-07T01:16:25.7750838Z bazel-out/k8-opt-exec-ST-d57f47055a04/bin/external/protobuf+/src/google/protobuf/_virtual_includes/protobuf_lite/google/protobuf/repeated_ptr_field.h:1380:8: note: declared here
2026-10-07T01:16:25.7752327Z  1380 | inline RepeatedPtrField<Element>::RepeatedPtrField(Arena* arena)
2026-10-07T01:16:25.7752844Z       |        ^~~~~~~~~~~~~~~~~~~~~~~~~
2026-10-07T01:16:25.7753650Z external/protobuf+/src/google/protobuf/text_format.cc: In member function 'bool google::protobuf::TextFormat::Parser::ParserImpl::ConsumeField(google::protobuf::Message*)':
2026-10-07T01:16:25.7755042Z external/protobuf+/src/google/protobuf/text_format.cc:663:54: warning: 'bool google::protobuf::FieldOptions::weak() const' is deprecated [-Wdeprecated-declarations]
2026-10-07T01:16:25.7755904Z   663 |       if (consumed_semicolon && field->options().weak() &&
2026-10-07T01:16:25.7756421Z       |                                 ~~~~~~~~~~~~~~~~~~~~~^~
2026-10-07T01:16:25.7756945Z In file included from external/protobuf+/src/google/protobuf/text_format.cc:46:
2026-10-07T01:16:25.7757964Z bazel-out/k8-opt-exec-ST-d57f47055a04/bin/external/protobuf+/src/google/protobuf/_virtual_includes/protobuf/google/protobuf/descriptor.pb.h:18861:13: note: declared here
2026-10-07T01:16:25.7759066Z 18861 | inline bool FieldOptions::weak() const {
2026-10-07T01:16:25.7759487Z       |             ^~~~~~~~~~~~
2026-10-07T01:16:26.1937311Z [803 / 939] Compiling src/google/protobuf/text_format.cc; 3s processwrapper-sandbox ... (4 actions, 3 running)
2026-10-07T01:16:28.0920606Z [803 / 939] Compiling src/google/protobuf/text_format.cc; 5s processwrapper-sandbox ... (4 actions running)
2026-10-07T01:16:28.9760011Z INFO: From Compiling src/google/protobuf/reflection_ops.cc [for tool]:
2026-10-07T01:16:28.9819904Z In file included from external/protobuf+/src/google/protobuf/reflection_ops.cc:22:
2026-10-07T01:16:28.9821265Z bazel-out/k8-opt-exec-ST-d57f47055a04/bin/external/protobuf+/src/google/protobuf/_virtual_includes/protobuf/google/protobuf/map_field.h: In constructor 'google::protobuf::internal::MapFieldBase::ReflectionPayload::ReflectionPayload(google::protobuf::Arena*, const google::protobuf::Message*)':
2026-10-07T01:16:28.9823372Z bazel-out/k8-opt-exec-ST-d57f47055a04/bin/external/protobuf+/src/google/protobuf/_virtual_includes/protobuf/google/protobuf/map_field.h:416:11: warning: 'google::protobuf::RepeatedPtrField<T>::RepeatedPtrField(google::protobuf::Arena*) [with Element = google::protobuf::Message]' is deprecated: Use Arena::Create<RepeatedPtrField<...>>(Arena*) instead [-Wdeprecated-declarations]
2026-10-07T01:16:28.9824675Z   416 |         : repeated_field_(arena), prototype_(prototype) {}
2026-10-07T01:16:28.9825014Z       |           ^~~~~~~~~~~~~~~~~~~~~~
2026-10-07T01:16:28.9825648Z In file included from bazel-out/k8-opt-exec-ST-d57f47055a04/bin/external/protobuf+/src/google/protobuf/_virtual_includes/protobuf_lite/google/protobuf/repeated_field.h:46,
2026-10-07T01:16:28.9827391Z                  from bazel-out/k8-opt-exec-ST-d57f47055a04/bin/external/protobuf+/src/google/protobuf/_virtual_includes/protobuf_lite/google/protobuf/parse_context.h:39,
2026-10-07T01:16:28.9829254Z                  from bazel-out/k8-opt-exec-ST-d57f47055a04/bin/external/protobuf+/src/google/protobuf/_virtual_includes/protobuf_lite/google/protobuf/generated_message_tctable_decl.h:25,
2026-10-07T01:16:28.9830919Z                  from bazel-out/k8-opt-exec-ST-d57f47055a04/bin/external/protobuf+/src/google/protobuf/_virtual_includes/protobuf_lite/google/protobuf/extension_set.h:40,
2026-10-07T01:16:28.9832465Z                  from bazel-out/k8-opt-exec-ST-d57f47055a04/bin/external/protobuf+/src/google/protobuf/_virtual_includes/protobuf/google/protobuf/descriptor.h:56,
2026-10-07T01:16:28.9833876Z                  from bazel-out/k8-opt-exec-ST-d57f47055a04/bin/external/protobuf+/src/google/protobuf/_virtual_includes/protobuf/google/protobuf/message.h:112,
2026-10-07T01:16:28.9835381Z                  from bazel-out/k8-opt-exec-ST-d57f47055a04/bin/external/protobuf+/src/google/protobuf/_virtual_includes/protobuf/google/protobuf/reflection_ops.h:18,
2026-10-07T01:16:28.9836297Z                  from external/protobuf+/src/google/protobuf/reflection_ops.cc:11:
2026-10-07T01:16:28.9837602Z bazel-out/k8-opt-exec-ST-d57f47055a04/bin/external/protobuf+/src/google/protobuf/_virtual_includes/protobuf_lite/google/protobuf/repeated_ptr_field.h:1380:8: note: declared here
2026-10-07T01:16:28.9838426Z  1380 | inline RepeatedPtrField<Element>::RepeatedPtrField(Arena* arena)
2026-10-07T01:16:28.9838954Z       |        ^~~~~~~~~~~~~~~~~~~~~~~~~
2026-10-07T01:16:29.0910844Z [805 / 939] Compiling src/google/protobuf/text_format.cc; 6s processwrapper-sandbox ... (4 actions running)
2026-10-07T01:16:29.1654241Z INFO: From Compiling src/google/protobuf/text_format.cc:
2026-10-07T01:16:29.1704006Z In file included from external/protobuf+/src/google/protobuf/text_format.cc:54:
2026-10-07T01:16:29.1751927Z bazel-out/k8-opt/bin/external/protobuf+/src/google/protobuf/_virtual_includes/protobuf/google/protobuf/map_field.h: In constructor 'google::protobuf::internal::MapFieldBase::ReflectionPayload::ReflectionPayload(google::protobuf::Arena*, const google::protobuf::Message*)':
2026-10-07T01:16:29.1760738Z bazel-out/k8-opt/bin/external/protobuf+/src/google/protobuf/_virtual_includes/protobuf/google/protobuf/map_field.h:416:11: warning: 'google::protobuf::RepeatedPtrField<T>::RepeatedPtrField(google::protobuf::Arena*) [with Element = google::protobuf::Message]' is deprecated: Use Arena::Create<RepeatedPtrField<...>>(Arena*) instead [-Wdeprecated-declarations]
2026-10-07T01:16:29.1789955Z   416 |         : repeated_field_(arena), prototype_(prototype) {}
2026-10-07T01:16:29.1798251Z       |           ^~~~~~~~~~~~~~~~~~~~~~
2026-10-07T01:16:29.1799425Z In file included from bazel-out/k8-opt/bin/external/protobuf+/src/google/protobuf/_virtual_includes/protobuf_lite/google/protobuf/repeated_field.h:46,
2026-10-07T01:16:29.1801079Z                  from bazel-out/k8-opt/bin/external/protobuf+/src/google/protobuf/_virtual_includes/protobuf_lite/google/protobuf/parse_context.h:39,
2026-10-07T01:16:29.1802709Z                  from bazel-out/k8-opt/bin/external/protobuf+/src/google/protobuf/_virtual_includes/protobuf_lite/google/protobuf/generated_message_tctable_decl.h:25,
2026-10-07T01:16:29.1804302Z                  from bazel-out/k8-opt/bin/external/protobuf+/src/google/protobuf/_virtual_includes/protobuf_lite/google/protobuf/extension_set.h:40,
2026-10-07T01:16:29.1805746Z                  from bazel-out/k8-opt/bin/external/protobuf+/src/google/protobuf/_virtual_includes/protobuf/google/protobuf/descriptor.h:56,
2026-10-07T01:16:29.1807268Z                  from bazel-out/k8-opt/bin/external/protobuf+/src/google/protobuf/_virtual_includes/protobuf/google/protobuf/text_format.h:27,
2026-10-07T01:16:29.1808283Z                  from external/protobuf+/src/google/protobuf/text_format.cc:12:
2026-10-07T01:16:29.1809248Z bazel-out/k8-opt/bin/external/protobuf+/src/google/protobuf/_virtual_includes/protobuf_lite/google/protobuf/repeated_ptr_field.h:1380:8: note: declared here
2026-10-07T01:16:29.1810393Z  1380 | inline RepeatedPtrField<Element>::RepeatedPtrField(Arena* arena)
2026-10-07T01:16:29.1810993Z       |        ^~~~~~~~~~~~~~~~~~~~~~~~~
2026-10-07T01:16:29.1840467Z external/protobuf+/src/google/protobuf/text_format.cc: In member function 'bool google::protobuf::TextFormat::Parser::ParserImpl::ConsumeField(google::protobuf::Message*)':
2026-10-07T01:16:29.1859850Z external/protobuf+/src/google/protobuf/text_format.cc:663:54: warning: 'bool google::protobuf::FieldOptions::weak() const' is deprecated [-Wdeprecated-declarations]
2026-10-07T01:16:29.1860872Z   663 |       if (consumed_semicolon && field->options().weak() &&
2026-10-07T01:16:29.1861414Z       |                                 ~~~~~~~~~~~~~~~~~~~~~^~
2026-10-07T01:16:29.1861918Z In file included from external/protobuf+/src/google/protobuf/text_format.cc:46:
2026-10-07T01:16:29.1862806Z bazel-out/k8-opt/bin/external/protobuf+/src/google/protobuf/_virtual_includes/protobuf/google/protobuf/descriptor.pb.h:18861:13: note: declared here
2026-10-07T01:16:29.1863588Z 18861 | inline bool FieldOptions::weak() const {
2026-10-07T01:16:29.1864437Z       |             ^~~~~~~~~~~~
2026-10-07T01:16:29.7390134Z INFO: From Compiling src/google/protobuf/compiler/cpp/enum.cc [for tool]:
2026-10-07T01:16:29.7440062Z In file included from external/protobuf+/src/google/protobuf/compiler/cpp/enum.cc:29:
2026-10-07T01:16:29.7480956Z bazel-out/k8-opt-exec-ST-d57f47055a04/bin/external/protobuf+/src/google/protobuf/compiler/cpp/_virtual_includes/names_internal/google/protobuf/compiler/cpp/helpers.h: In function 'bool google::protobuf::compiler::cpp::IsWeak(const google::protobuf::FieldDescriptor*, const Options&)':
2026-10-07T01:16:29.7500212Z bazel-out/k8-opt-exec-ST-d57f47055a04/bin/external/protobuf+/src/google/protobuf/compiler/cpp/_virtual_includes/names_internal/google/protobuf/compiler/cpp/helpers.h:347:28: warning: 'bool google::protobuf::FieldOptions::weak() const' is deprecated [-Wdeprecated-declarations]
2026-10-07T01:16:29.7529802Z   347 |   if (field->options().weak()) {
2026-10-07T01:16:29.7569612Z       |       ~~~~~~~~~~~~~~~~~~~~~^~
2026-10-07T01:16:29.7600556Z In file included from bazel-out/k8-opt-exec-ST-d57f47055a04/bin/external/protobuf+/src/google/protobuf/compiler/_virtual_includes/code_generator_lite/google/protobuf/compiler/code_generator_lite.h:18,
2026-10-07T01:16:29.7640696Z                  from bazel-out/k8-opt-exec-ST-d57f47055a04/bin/external/protobuf+/src/google/protobuf/compiler/_virtual_includes/code_generator/google/protobuf/compiler/code_generator.h:25,
2026-10-07T01:16:29.7660626Z                  from bazel-out/k8-opt-exec-ST-d57f47055a04/bin/external/protobuf+/src/google/protobuf/compiler/cpp/_virtual_includes/cpp/google/protobuf/compiler/cpp/generator.h:24,
2026-10-07T01:16:29.7699755Z                  from external/protobuf+/src/google/protobuf/compiler/cpp/enum.cc:28:
2026-10-07T01:16:29.7729913Z bazel-out/k8-opt-exec-ST-d57f47055a04/bin/external/protobuf+/src/google/protobuf/_virtual_includes/protobuf/google/protobuf/descriptor.pb.h:18861:13: note: declared here
2026-10-07T01:16:29.7769705Z 18861 | inline bool FieldOptions::weak() const {
2026-10-07T01:16:29.7799558Z       |             ^~~~~~~~~~~~
2026-10-07T01:16:30.0940283Z [808 / 939] Compiling src/google/protobuf/util/message_differencer.cc; 4s processwrapper-sandbox ... (4 actions running)
2026-10-07T01:16:32.2024916Z INFO: From Compiling src/google/protobuf/reflection_ops.cc:
2026-10-07T01:16:32.2080223Z In file included from external/protobuf+/src/google/protobuf/reflection_ops.cc:22:
2026-10-07T01:16:32.2110648Z bazel-out/k8-opt/bin/external/protobuf+/src/google/protobuf/_virtual_includes/protobuf/google/protobuf/map_field.h: In constructor 'google::protobuf::internal::MapFieldBase::ReflectionPayload::ReflectionPayload(google::protobuf::Arena*, const google::protobuf::Message*)':
2026-10-07T01:16:32.2140697Z bazel-out/k8-opt/bin/external/protobuf+/src/google/protobuf/_virtual_includes/protobuf/google/protobuf/map_field.h:416:11: warning: 'google::protobuf::RepeatedPtrField<T>::RepeatedPtrField(google::protobuf::Arena*) [with Element = google::protobuf::Message]' is deprecated: Use Arena::Create<RepeatedPtrField<...>>(Arena*) instead [-Wdeprecated-declarations]
2026-10-07T01:16:32.2169968Z   416 |         : repeated_field_(arena), prototype_(prototype) {}
2026-10-07T01:16:32.2192924Z       |           ^~~~~~~~~~~~~~~~~~~~~~
2026-10-07T01:16:32.2193959Z In file included from bazel-out/k8-opt/bin/external/protobuf+/src/google/protobuf/_virtual_includes/protobuf_lite/google/protobuf/repeated_field.h:46,
2026-10-07T01:16:32.2195733Z                  from bazel-out/k8-opt/bin/external/protobuf+/src/google/protobuf/_virtual_includes/protobuf_lite/google/protobuf/parse_context.h:39,
2026-10-07T01:16:32.2197437Z                  from bazel-out/k8-opt/bin/external/protobuf+/src/google/protobuf/_virtual_includes/protobuf_lite/google/protobuf/generated_message_tctable_decl.h:25,
2026-10-07T01:16:32.2199305Z                  from bazel-out/k8-opt/bin/external/protobuf+/src/google/protobuf/_virtual_includes/protobuf_lite/google/protobuf/extension_set.h:40,
2026-10-07T01:16:32.2201245Z                  from bazel-out/k8-opt/bin/external/protobuf+/src/google/protobuf/_virtual_includes/protobuf/google/protobuf/descriptor.h:56,
2026-10-07T01:16:32.2202725Z                  from bazel-out/k8-opt/bin/external/protobuf+/src/google/protobuf/_virtual_includes/protobuf/google/protobuf/message.h:112,
2026-10-07T01:16:32.2204518Z                  from bazel-out/k8-opt/bin/external/protobuf+/src/google/protobuf/_virtual_includes/protobuf/google/protobuf/reflection_ops.h:18,
2026-10-07T01:16:32.2205599Z                  from external/protobuf+/src/google/protobuf/reflection_ops.cc:11:
2026-10-07T01:16:32.2206476Z bazel-out/k8-opt/bin/external/protobuf+/src/google/protobuf/_virtual_includes/protobuf_lite/google/protobuf/repeated_ptr_field.h:1380:8: note: declared here
2026-10-07T01:16:32.2207443Z  1380 | inline RepeatedPtrField<Element>::RepeatedPtrField(Arena* arena)
2026-10-07T01:16:32.2207987Z       |        ^~~~~~~~~~~~~~~~~~~~~~~~~
2026-10-07T01:16:32.2208631Z [809 / 939] Compiling src/google/protobuf/util/message_differencer.cc; 6s processwrapper-sandbox ... (4 actions, 3 running)
2026-10-07T01:16:32.9659944Z INFO: From Compiling src/google/protobuf/util/message_differencer.cc:
2026-10-07T01:16:32.9689811Z In file included from external/protobuf+/src/google/protobuf/util/message_differencer.cc:36:
2026-10-07T01:16:32.9720771Z bazel-out/k8-opt/bin/external/protobuf+/src/google/protobuf/_virtual_includes/protobuf/google/protobuf/map_field.h: In constructor 'google::protobuf::internal::MapFieldBase::ReflectionPayload::ReflectionPayload(google::protobuf::Arena*, const google::protobuf::Message*)':
2026-10-07T01:16:32.9740070Z bazel-out/k8-opt/bin/external/protobuf+/src/google/protobuf/_virtual_includes/protobuf/google/protobuf/map_field.h:416:11: warning: 'google::protobuf::RepeatedPtrField<T>::RepeatedPtrField(google::protobuf::Arena*) [with Element = google::protobuf::Message]' is deprecated: Use Arena::Create<RepeatedPtrField<...>>(Arena*) instead [-Wdeprecated-declarations]
2026-10-07T01:16:32.9769613Z   416 |         : repeated_field_(arena), prototype_(prototype) {}
2026-10-07T01:16:32.9779414Z       |           ^~~~~~~~~~~~~~~~~~~~~~
2026-10-07T01:16:32.9799701Z In file included from bazel-out/k8-opt/bin/external/protobuf+/src/google/protobuf/_virtual_includes/protobuf_lite/google/protobuf/repeated_field.h:46,
2026-10-07T01:16:32.9810650Z                  from bazel-out/k8-opt/bin/external/protobuf+/src/google/protobuf/_virtual_includes/protobuf_lite/google/protobuf/parse_context.h:39,
2026-10-07T01:16:32.9840536Z                  from bazel-out/k8-opt/bin/external/protobuf+/src/google/protobuf/_virtual_includes/protobuf_lite/google/protobuf/generated_message_tctable_decl.h:25,
2026-10-07T01:16:32.9860387Z                  from bazel-out/k8-opt/bin/external/protobuf+/src/google/protobuf/_virtual_includes/protobuf_lite/google/protobuf/extension_set.h:40,
2026-10-07T01:16:32.9890477Z                  from bazel-out/k8-opt/bin/external/protobuf+/src/google/protobuf/_virtual_includes/protobuf/google/protobuf/descriptor.h:56,
2026-10-07T01:16:32.9900621Z                  from bazel-out/k8-opt/bin/external/protobuf+/src/google/protobuf/util/_virtual_includes/differencer/google/protobuf/util/message_differencer.h:33,
2026-10-07T01:16:32.9920095Z                  from external/protobuf+/src/google/protobuf/util/message_differencer.cc:12:
2026-10-07T01:16:32.9949959Z bazel-out/k8-opt/bin/external/protobuf+/src/google/protobuf/_virtual_includes/protobuf_lite/google/protobuf/repeated_ptr_field.h:1380:8: note: declared here
2026-10-07T01:16:32.9979637Z  1380 | inline RepeatedPtrField<Element>::RepeatedPtrField(Arena* arena)
2026-10-07T01:16:32.9989595Z       |        ^~~~~~~~~~~~~~~~~~~~~~~~~
2026-10-07T01:16:33.3488024Z INFO: From Compiling src/google/protobuf/message.cc [for tool]:
2026-10-07T01:16:33.3500300Z In file included from external/protobuf+/src/google/protobuf/message.cc:40:
2026-10-07T01:16:33.3530667Z bazel-out/k8-opt-exec-ST-d57f47055a04/bin/external/protobuf+/src/google/protobuf/_virtual_includes/protobuf/google/protobuf/map_field.h: In constructor 'google::protobuf::internal::MapFieldBase::ReflectionPayload::ReflectionPayload(google::protobuf::Arena*, const google::protobuf::Message*)':
2026-10-07T01:16:33.3560917Z bazel-out/k8-opt-exec-ST-d57f47055a04/bin/external/protobuf+/src/google/protobuf/_virtual_includes/protobuf/google/protobuf/map_field.h:416:11: warning: 'google::protobuf::RepeatedPtrField<T>::RepeatedPtrField(google::protobuf::Arena*) [with Element = google::protobuf::Message]' is deprecated: Use Arena::Create<RepeatedPtrField<...>>(Arena*) instead [-Wdeprecated-declarations]
2026-10-07T01:16:33.3589433Z   416 |         : repeated_field_(arena), prototype_(prototype) {}
2026-10-07T01:16:33.3589844Z       |           ^~~~~~~~~~~~~~~~~~~~~~
2026-10-07T01:16:33.3619853Z In file included from bazel-out/k8-opt-exec-ST-d57f47055a04/bin/external/protobuf+/src/google/protobuf/_virtual_includes/protobuf_lite/google/protobuf/repeated_field.h:46,
2026-10-07T01:16:33.3621447Z                  from bazel-out/k8-opt-exec-ST-d57f47055a04/bin/external/protobuf+/src/google/protobuf/_virtual_includes/protobuf_lite/google/protobuf/parse_context.h:39,
2026-10-07T01:16:33.3623119Z                  from bazel-out/k8-opt-exec-ST-d57f47055a04/bin/external/protobuf+/src/google/protobuf/_virtual_includes/protobuf_lite/google/protobuf/generated_message_tctable_decl.h:25,
2026-10-07T01:16:33.3624819Z                  from bazel-out/k8-opt-exec-ST-d57f47055a04/bin/external/protobuf+/src/google/protobuf/_virtual_includes/protobuf_lite/google/protobuf/extension_set.h:40,
2026-10-07T01:16:33.3626316Z                  from bazel-out/k8-opt-exec-ST-d57f47055a04/bin/external/protobuf+/src/google/protobuf/_virtual_includes/protobuf/google/protobuf/descriptor.h:56,
2026-10-07T01:16:33.3627769Z                  from bazel-out/k8-opt-exec-ST-d57f47055a04/bin/external/protobuf+/src/google/protobuf/_virtual_includes/protobuf/google/protobuf/message.h:112,
2026-10-07T01:16:33.3628683Z                  from external/protobuf+/src/google/protobuf/message.cc:12:
2026-10-07T01:16:33.3629609Z bazel-out/k8-opt-exec-ST-d57f47055a04/bin/external/protobuf+/src/google/protobuf/_virtual_includes/protobuf_lite/google/protobuf/repeated_ptr_field.h:1380:8: note: declared here
2026-10-07T01:16:33.3630527Z  1380 | inline RepeatedPtrField<Element>::RepeatedPtrField(Arena* arena)
2026-10-07T01:16:33.3630973Z       |        ^~~~~~~~~~~~~~~~~~~~~~~~~
2026-10-07T01:16:33.3631615Z [813 / 939] Compiling src/google/protobuf/compiler/cpp/extension.cc [for tool]; 3s processwrapper-sandbox ... (4 actions, 3 running)
2026-10-07T01:16:34.5699265Z [814 / 939] Compiling src/google/protobuf/compiler/cpp/extension.cc [for tool]; 4s processwrapper-sandbox ... (4 actions, 3 running)
2026-10-07T01:16:35.2910303Z INFO: From Compiling src/google/protobuf/compiler/cpp/extension.cc [for tool]:
2026-10-07T01:16:35.2920109Z In file included from bazel-out/k8-opt-exec-ST-d57f47055a04/bin/external/protobuf+/src/google/protobuf/compiler/cpp/_virtual_includes/cpp/google/protobuf/compiler/cpp/extension.h:19,
2026-10-07T01:16:35.2940249Z                  from external/protobuf+/src/google/protobuf/compiler/cpp/extension.cc:12:
2026-10-07T01:16:35.2970677Z bazel-out/k8-opt-exec-ST-d57f47055a04/bin/external/protobuf+/src/google/protobuf/compiler/cpp/_virtual_includes/names_internal/google/protobuf/compiler/cpp/helpers.h: In function 'bool google::protobuf::compiler::cpp::IsWeak(const google::protobuf::FieldDescriptor*, const Options&)':
2026-10-07T01:16:35.2980515Z bazel-out/k8-opt-exec-ST-d57f47055a04/bin/external/protobuf+/src/google/protobuf/compiler/cpp/_virtual_includes/names_internal/google/protobuf/compiler/cpp/helpers.h:347:28: warning: 'bool google::protobuf::FieldOptions::weak() const' is deprecated [-Wdeprecated-declarations]
2026-10-07T01:16:35.3004102Z   347 |   if (field->options().weak()) {
2026-10-07T01:16:35.3008234Z       |       ~~~~~~~~~~~~~~~~~~~~~^~
2026-10-07T01:16:35.3009330Z In file included from bazel-out/k8-opt-exec-ST-d57f47055a04/bin/external/protobuf+/src/google/protobuf/compiler/_virtual_includes/code_generator_lite/google/protobuf/compiler/code_generator_lite.h:18,
2026-10-07T01:16:35.3012219Z                  from bazel-out/k8-opt-exec-ST-d57f47055a04/bin/external/protobuf+/src/google/protobuf/compiler/_virtual_includes/code_generator/google/protobuf/compiler/code_generator.h:25,
2026-10-07T01:16:35.3014315Z                  from bazel-out/k8-opt-exec-ST-d57f47055a04/bin/external/protobuf+/src/google/protobuf/compiler/cpp/_virtual_includes/names_internal/google/protobuf/compiler/cpp/helpers.h:29:
2026-10-07T01:16:35.3015553Z bazel-out/k8-opt-exec-ST-d57f47055a04/bin/external/protobuf+/src/google/protobuf/_virtual_includes/protobuf/google/protobuf/descriptor.pb.h:18861:13: note: declared here
2026-10-07T01:16:35.3016335Z 18861 | inline bool FieldOptions::weak() const {
2026-10-07T01:16:35.3016728Z       |             ^~~~~~~~~~~~
2026-10-07T01:16:36.0920087Z [816 / 939] Compiling src/google/protobuf/message.cc; 3s processwrapper-sandbox ... (4 actions running)
2026-10-07T01:16:36.2290215Z INFO: From Compiling src/google/protobuf/map_field.cc [for tool]:
2026-10-07T01:16:36.2290841Z In file included from external/protobuf+/src/google/protobuf/map_field.cc:8:
2026-10-07T01:16:36.2306815Z bazel-out/k8-opt-exec-ST-d57f47055a04/bin/external/protobuf+/src/google/protobuf/_virtual_includes/protobuf/google/protobuf/map_field.h: In constructor 'google::protobuf::internal::MapFieldBase::ReflectionPayload::ReflectionPayload(google::protobuf::Arena*, const google::protobuf::Message*)':
2026-10-07T01:16:36.2330656Z bazel-out/k8-opt-exec-ST-d57f47055a04/bin/external/protobuf+/src/google/protobuf/_virtual_includes/protobuf/google/protobuf/map_field.h:416:11: warning: 'google::protobuf::RepeatedPtrField<T>::RepeatedPtrField(google::protobuf::Arena*) [with Element = google::protobuf::Message]' is deprecated: Use Arena::Create<RepeatedPtrField<...>>(Arena*) instead [-Wdeprecated-declarations]
2026-10-07T01:16:36.2339669Z   416 |         : repeated_field_(arena), prototype_(prototype) {}
2026-10-07T01:16:36.2369538Z       |           ^~~~~~~~~~~~~~~~~~~~~~
2026-10-07T01:16:36.2386998Z In file included from bazel-out/k8-opt-exec-ST-d57f47055a04/bin/external/protobuf+/src/google/protobuf/_virtual_includes/protobuf_lite/google/protobuf/repeated_field.h:46,
2026-10-07T01:16:36.2389120Z                  from bazel-out/k8-opt-exec-ST-d57f47055a04/bin/external/protobuf+/src/google/protobuf/_virtual_includes/protobuf_lite/google/protobuf/parse_context.h:39,
2026-10-07T01:16:36.2395472Z                  from bazel-out/k8-opt-exec-ST-d57f47055a04/bin/external/protobuf+/src/google/protobuf/_virtual_includes/protobuf_lite/google/protobuf/generated_message_tctable_decl.h:25,
2026-10-07T01:16:36.2397316Z                  from bazel-out/k8-opt-exec-ST-d57f47055a04/bin/external/protobuf+/src/google/protobuf/_virtual_includes/protobuf_lite/google/protobuf/extension_set.h:40,
2026-10-07T01:16:36.2400894Z                  from bazel-out/k8-opt-exec-ST-d57f47055a04/bin/external/protobuf+/src/google/protobuf/_virtual_includes/protobuf/google/protobuf/descriptor.h:56,
2026-10-07T01:16:36.2402618Z                  from bazel-out/k8-opt-exec-ST-d57f47055a04/bin/external/protobuf+/src/google/protobuf/_virtual_includes/protobuf/google/protobuf/map_field.h:23:
2026-10-07T01:16:36.2403854Z bazel-out/k8-opt-exec-ST-d57f47055a04/bin/external/protobuf+/src/google/protobuf/_virtual_includes/protobuf_lite/google/protobuf/repeated_ptr_field.h:1380:8: note: declared here
2026-10-07T01:16:36.2404820Z  1380 | inline RepeatedPtrField<Element>::RepeatedPtrField(Arena* arena)
2026-10-07T01:16:36.2405345Z       |        ^~~~~~~~~~~~~~~~~~~~~~~~~
2026-10-07T01:16:36.6153453Z INFO: From Compiling src/google/protobuf/message.cc:
2026-10-07T01:16:36.6200139Z In file included from external/protobuf+/src/google/protobuf/message.cc:40:
2026-10-07T01:16:36.6230791Z bazel-out/k8-opt/bin/external/protobuf+/src/google/protobuf/_virtual_includes/protobuf/google/protobuf/map_field.h: In constructor 'google::protobuf::internal::MapFieldBase::ReflectionPayload::ReflectionPayload(google::protobuf::Arena*, const google::protobuf::Message*)':
2026-10-07T01:16:36.6261270Z bazel-out/k8-opt/bin/external/protobuf+/src/google/protobuf/_virtual_includes/protobuf/google/protobuf/map_field.h:416:11: warning: 'google::protobuf::RepeatedPtrField<T>::RepeatedPtrField(google::protobuf::Arena*) [with Element = google::protobuf::Message]' is deprecated: Use Arena::Create<RepeatedPtrField<...>>(Arena*) instead [-Wdeprecated-declarations]
2026-10-07T01:16:36.6262859Z   416 |         : repeated_field_(arena), prototype_(prototype) {}
2026-10-07T01:16:36.6289436Z       |           ^~~~~~~~~~~~~~~~~~~~~~
2026-10-07T01:16:36.6297757Z In file included from bazel-out/k8-opt/bin/external/protobuf+/src/google/protobuf/_virtual_includes/protobuf_lite/google/protobuf/repeated_field.h:46,
2026-10-07T01:16:36.6299901Z                  from bazel-out/k8-opt/bin/external/protobuf+/src/google/protobuf/_virtual_includes/protobuf_lite/google/protobuf/parse_context.h:39,
2026-10-07T01:16:36.6301795Z                  from bazel-out/k8-opt/bin/external/protobuf+/src/google/protobuf/_virtual_includes/protobuf_lite/google/protobuf/generated_message_tctable_decl.h:25,
2026-10-07T01:16:36.6303533Z                  from bazel-out/k8-opt/bin/external/protobuf+/src/google/protobuf/_virtual_includes/protobuf_lite/google/protobuf/extension_set.h:40,
2026-10-07T01:16:36.6305057Z                  from bazel-out/k8-opt/bin/external/protobuf+/src/google/protobuf/_virtual_includes/protobuf/google/protobuf/descriptor.h:56,
2026-10-07T01:16:36.6306498Z                  from bazel-out/k8-opt/bin/external/protobuf+/src/google/protobuf/_virtual_includes/protobuf/google/protobuf/message.h:112,
2026-10-07T01:16:36.6307462Z                  from external/protobuf+/src/google/protobuf/message.cc:12:
2026-10-07T01:16:36.6308303Z bazel-out/k8-opt/bin/external/protobuf+/src/google/protobuf/_virtual_includes/protobuf_lite/google/protobuf/repeated_ptr_field.h:1380:8: note: declared here
2026-10-07T01:16:36.6309288Z  1380 | inline RepeatedPtrField<Element>::RepeatedPtrField(Arena* arena)
2026-10-07T01:16:36.6309800Z       |        ^~~~~~~~~~~~~~~~~~~~~~~~~
2026-10-07T01:16:37.3826289Z [819 / 939] Compiling src/google/protobuf/compiler/cpp/field.cc [for tool]; 2s processwrapper-sandbox ... (4 actions, 3 running)
2026-10-07T01:16:38.5052138Z [821 / 939] Compiling src/google/protobuf/compiler/cpp/field.cc [for tool]; 3s processwrapper-sandbox ... (4 actions, 3 running)
2026-10-07T01:16:39.3279734Z INFO: From Compiling src/google/protobuf/map_field.cc:
2026-10-07T01:16:39.3330597Z In file included from external/protobuf+/src/google/protobuf/map_field.cc:8:
2026-10-07T01:16:39.3360523Z bazel-out/k8-opt/bin/external/protobuf+/src/google/protobuf/_virtual_includes/protobuf/google/protobuf/map_field.h: In constructor 'google::protobuf::internal::MapFieldBase::ReflectionPayload::ReflectionPayload(google::protobuf::Arena*, const google::protobuf::Message*)':
2026-10-07T01:16:39.3390664Z bazel-out/k8-opt/bin/external/protobuf+/src/google/protobuf/_virtual_includes/protobuf/google/protobuf/map_field.h:416:11: warning: 'google::protobuf::RepeatedPtrField<T>::RepeatedPtrField(google::protobuf::Arena*) [with Element = google::protobuf::Message]' is deprecated: Use Arena::Create<RepeatedPtrField<...>>(Arena*) instead [-Wdeprecated-declarations]
2026-10-07T01:16:39.3403958Z   416 |         : repeated_field_(arena), prototype_(prototype) {}
2026-10-07T01:16:39.3404653Z       |           ^~~~~~~~~~~~~~~~~~~~~~
2026-10-07T01:16:39.3405423Z In file included from bazel-out/k8-opt/bin/external/protobuf+/src/google/protobuf/_virtual_includes/protobuf_lite/google/protobuf/repeated_field.h:46,
2026-10-07T01:16:39.3407464Z                  from bazel-out/k8-opt/bin/external/protobuf+/src/google/protobuf/_virtual_includes/protobuf_lite/google/protobuf/parse_context.h:39,
2026-10-07T01:16:39.3409468Z                  from bazel-out/k8-opt/bin/external/protobuf+/src/google/protobuf/_virtual_includes/protobuf_lite/google/protobuf/generated_message_tctable_decl.h:25,
2026-10-07T01:16:39.3411454Z                  from bazel-out/k8-opt/bin/external/protobuf+/src/google/protobuf/_virtual_includes/protobuf_lite/google/protobuf/extension_set.h:40,
2026-10-07T01:16:39.3413011Z                  from bazel-out/k8-opt/bin/external/protobuf+/src/google/protobuf/_virtual_includes/protobuf/google/protobuf/descriptor.h:56,
2026-10-07T01:16:39.3414666Z                  from bazel-out/k8-opt/bin/external/protobuf+/src/google/protobuf/_virtual_includes/protobuf/google/protobuf/map_field.h:23:
2026-10-07T01:16:39.3417210Z bazel-out/k8-opt/bin/external/protobuf+/src/google/protobuf/_virtual_includes/protobuf_lite/google/protobuf/repeated_ptr_field.h:1380:8: note: declared here
2026-10-07T01:16:39.3418140Z  1380 | inline RepeatedPtrField<Element>::RepeatedPtrField(Arena* arena)
2026-10-07T01:16:39.3418681Z       |        ^~~~~~~~~~~~~~~~~~~~~~~~~
2026-10-07T01:16:40.0940292Z [823 / 939] Compiling src/google/protobuf/compiler/cpp/field.cc [for tool]; 4s processwrapper-sandbox ... (4 actions running)
2026-10-07T01:16:40.3930219Z INFO: From Compiling src/google/protobuf/compiler/cpp/field.cc [for tool]:
2026-10-07T01:16:40.3950130Z In file included from bazel-out/k8-opt-exec-ST-d57f47055a04/bin/external/protobuf+/src/google/protobuf/compiler/cpp/_virtual_includes/cpp/google/protobuf/compiler/cpp/field.h:26,
2026-10-07T01:16:40.3990627Z                  from external/protobuf+/src/google/protobuf/compiler/cpp/field.cc:12:
2026-10-07T01:16:40.4050668Z bazel-out/k8-opt-exec-ST-d57f47055a04/bin/external/protobuf+/src/google/protobuf/compiler/cpp/_virtual_includes/names_internal/google/protobuf/compiler/cpp/helpers.h: In function 'bool google::protobuf::compiler::cpp::IsWeak(const google::protobuf::FieldDescriptor*, const Options&)':
2026-10-07T01:16:40.4073208Z bazel-out/k8-opt-exec-ST-d57f47055a04/bin/external/protobuf+/src/google/protobuf/compiler/cpp/_virtual_includes/names_internal/google/protobuf/compiler/cpp/helpers.h:347:28: warning: 'bool google::protobuf::FieldOptions::weak() const' is deprecated [-Wdeprecated-declarations]
2026-10-07T01:16:40.4100124Z   347 |   if (field->options().weak()) {
2026-10-07T01:16:40.4132712Z       |       ~~~~~~~~~~~~~~~~~~~~~^~
2026-10-07T01:16:40.4159886Z In file included from bazel-out/k8-opt-exec-ST-d57f47055a04/bin/external/protobuf+/src/google/protobuf/compiler/_virtual_includes/code_generator_lite/google/protobuf/compiler/code_generator_lite.h:18,
2026-10-07T01:16:40.4180613Z                  from bazel-out/k8-opt-exec-ST-d57f47055a04/bin/external/protobuf+/src/google/protobuf/compiler/_virtual_includes/code_generator/google/protobuf/compiler/code_generator.h:25,
2026-10-07T01:16:40.4210497Z                  from bazel-out/k8-opt-exec-ST-d57f47055a04/bin/external/protobuf+/src/google/protobuf/compiler/cpp/_virtual_includes/names_internal/google/protobuf/compiler/cpp/helpers.h:29:
2026-10-07T01:16:40.4219775Z bazel-out/k8-opt-exec-ST-d57f47055a04/bin/external/protobuf+/src/google/protobuf/_virtual_includes/protobuf/google/protobuf/descriptor.pb.h:18861:13: note: declared here
2026-10-07T01:16:40.4249475Z 18861 | inline bool FieldOptions::weak() const {
2026-10-07T01:16:40.4269332Z       |             ^~~~~~~~~~~~
2026-10-07T01:16:41.2394143Z [825 / 939] Compiling src/google/protobuf/generated_message_tctable_gen.cc [for tool]; 2s processwrapper-sandbox ... (4 actions, 3 running)
2026-10-07T01:16:41.3060194Z INFO: From Compiling src/google/protobuf/generated_message_tctable_gen.cc [for tool]:
2026-10-07T01:16:41.3094462Z external/protobuf+/src/google/protobuf/generated_message_tctable_gen.cc: In function 'bool google::protobuf::internal::{anonymous}::HasWeakFields(const google::protobuf::Descriptor*)':
2026-10-07T01:16:41.3119999Z external/protobuf+/src/google/protobuf/generated_message_tctable_gen.cc:699:45: warning: 'bool google::protobuf::FieldOptions::weak() const' is deprecated [-Wdeprecated-declarations]
2026-10-07T01:16:41.3159933Z   699 |     if (descriptor->field(i)->options().weak()) {
2026-10-07T01:16:41.3180312Z       |         ~~~~~~~~~~~~~~~~~~~~~~~~~~~~~~~~~~~~^~
2026-10-07T01:16:41.3182387Z In file included from bazel-out/k8-opt-exec-ST-d57f47055a04/bin/external/protobuf+/src/google/protobuf/_virtual_includes/protobuf/google/protobuf/generated_message_tctable_gen.h:21,
2026-10-07T01:16:41.3199043Z                  from external/protobuf+/src/google/protobuf/generated_message_tctable_gen.cc:8:
2026-10-07T01:16:41.3201267Z bazel-out/k8-opt-exec-ST-d57f47055a04/bin/external/protobuf+/src/google/protobuf/_virtual_includes/protobuf/google/protobuf/descriptor.pb.h:18861:13: note: declared here
2026-10-07T01:16:41.3203561Z 18861 | inline bool FieldOptions::weak() const {
2026-10-07T01:16:41.3203951Z       |             ^~~~~~~~~~~~
2026-10-07T01:16:41.3205844Z external/protobuf+/src/google/protobuf/generated_message_tctable_gen.cc: In function 'bool google::protobuf::internal::IsFieldTypeEligibleForFastParsing(const google::protobuf::FieldDescriptor*)':
2026-10-07T01:16:41.3207197Z external/protobuf+/src/google/protobuf/generated_message_tctable_gen.cc:738:28: warning: 'bool google::protobuf::FieldOptions::weak() const' is deprecated [-Wdeprecated-declarations]
2026-10-07T01:16:41.3208153Z   738 |       field->options().weak()) {
2026-10-07T01:16:41.3208523Z       |       ~~~~~~~~~~~~~~~~~~~~~^~
2026-10-07T01:16:41.3209693Z bazel-out/k8-opt-exec-ST-d57f47055a04/bin/external/protobuf+/src/google/protobuf/_virtual_includes/protobuf/google/protobuf/descriptor.pb.h:18861:13: note: declared here
2026-10-07T01:16:41.3210636Z 18861 | inline bool FieldOptions::weak() const {
2026-10-07T01:16:41.3211161Z       |             ^~~~~~~~~~~~
2026-10-07T01:16:41.3211721Z external/protobuf+/src/google/protobuf/generated_message_tctable_gen.cc: In lambda function:
2026-10-07T01:16:41.3214046Z external/protobuf+/src/google/protobuf/generated_message_tctable_gen.cc:773:54: warning: 'bool google::protobuf::FieldOptions::weak() const' is deprecated [-Wdeprecated-declarations]
2026-10-07T01:16:41.3215858Z   773 |            !field->is_map() && !field->options().weak() &&
2026-10-07T01:16:41.3216910Z       |                                 ~~~~~~~~~~~~~~~~~~~~~^~
2026-10-07T01:16:41.3217854Z bazel-out/k8-opt-exec-ST-d57f47055a04/bin/external/protobuf+/src/google/protobuf/_virtual_includes/protobuf/google/protobuf/descriptor.pb.h:18861:13: note: declared here
2026-10-07T01:16:41.3218899Z 18861 | inline bool FieldOptions::weak() const {
2026-10-07T01:16:41.3219366Z       |             ^~~~~~~~~~~~
2026-10-07T01:16:41.3221131Z external/protobuf+/src/google/protobuf/generated_message_tctable_gen.cc: In static member function 'static std::vector<google::protobuf::internal::TailCallTableInfo::FieldEntryInfo> google::protobuf::internal::TailCallTableInfo::BuildFieldEntries(const google::protobuf::Descriptor*, const MessageOptions&, absl::lts_20250814::Span<const FieldOptions>, std::vector<AuxEntry>&)':
2026-10-07T01:16:41.3223889Z external/protobuf+/src/google/protobuf/generated_message_tctable_gen.cc:813:39: warning: 'bool google::protobuf::FieldOptions::weak() const' is deprecated [-Wdeprecated-declarations]
2026-10-07T01:16:41.3225021Z   813 |       } else if (field->options().weak()) {
2026-10-07T01:16:41.3225517Z       |                  ~~~~~~~~~~~~~~~~~~~~~^~
2026-10-07T01:16:41.3226589Z bazel-out/k8-opt-exec-ST-d57f47055a04/bin/external/protobuf+/src/google/protobuf/_virtual_includes/protobuf/google/protobuf/descriptor.pb.h:18861:13: note: declared here
2026-10-07T01:16:41.3227489Z 18861 | inline bool FieldOptions::weak() const {
2026-10-07T01:16:41.3228154Z       |             ^~~~~~~~~~~~
2026-10-07T01:16:42.9567252Z [828 / 939] Compiling src/google/protobuf/compiler/cpp/field_chunk.cc [for tool]; 2s processwrapper-sandbox ... (4 actions, 3 running)
2026-10-07T01:16:43.2331891Z INFO: From Compiling src/google/protobuf/compiler/cpp/field_chunk.cc [for tool]:
2026-10-07T01:16:43.2398567Z In file included from bazel-out/k8-opt-exec-ST-d57f47055a04/bin/external/protobuf+/src/google/protobuf/compiler/cpp/_virtual_includes/cpp/google/protobuf/compiler/cpp/field_chunk.h:10,
2026-10-07T01:16:43.2419847Z                  from external/protobuf+/src/google/protobuf/compiler/cpp/field_chunk.cc:1:
2026-10-07T01:16:43.2430987Z bazel-out/k8-opt-exec-ST-d57f47055a04/bin/external/protobuf+/src/google/protobuf/compiler/cpp/_virtual_includes/names_internal/google/protobuf/compiler/cpp/helpers.h: In function 'bool google::protobuf::compiler::cpp::IsWeak(const google::protobuf::FieldDescriptor*, const Options&)':
2026-10-07T01:16:43.2460220Z bazel-out/k8-opt-exec-ST-d57f47055a04/bin/external/protobuf+/src/google/protobuf/compiler/cpp/_virtual_includes/names_internal/google/protobuf/compiler/cpp/helpers.h:347:28: warning: 'bool google::protobuf::FieldOptions::weak() const' is deprecated [-Wdeprecated-declarations]
2026-10-07T01:16:43.2479712Z   347 |   if (field->options().weak()) {
2026-10-07T01:16:43.2480226Z       |       ~~~~~~~~~~~~~~~~~~~~~^~
2026-10-07T01:16:43.2481073Z In file included from bazel-out/k8-opt-exec-ST-d57f47055a04/bin/external/protobuf+/src/google/protobuf/compiler/_virtual_includes/code_generator_lite/google/protobuf/compiler/code_generator_lite.h:18,
2026-10-07T01:16:43.2483530Z                  from bazel-out/k8-opt-exec-ST-d57f47055a04/bin/external/protobuf+/src/google/protobuf/compiler/_virtual_includes/code_generator/google/protobuf/compiler/code_generator.h:25,
2026-10-07T01:16:43.2485413Z                  from bazel-out/k8-opt-exec-ST-d57f47055a04/bin/external/protobuf+/src/google/protobuf/compiler/cpp/_virtual_includes/names_internal/google/protobuf/compiler/cpp/helpers.h:29:
2026-10-07T01:16:43.2486595Z bazel-out/k8-opt-exec-ST-d57f47055a04/bin/external/protobuf+/src/google/protobuf/_virtual_includes/protobuf/google/protobuf/descriptor.pb.h:18861:13: note: declared here
2026-10-07T01:16:43.2487455Z 18861 | inline bool FieldOptions::weak() const {
2026-10-07T01:16:43.2487890Z       |             ^~~~~~~~~~~~
2026-10-07T01:16:44.0970361Z [829 / 939] Compiling src/google/protobuf/descriptor.cc; 2s processwrapper-sandbox ... (4 actions running)
2026-10-07T01:16:44.5074574Z INFO: From Compiling src/google/protobuf/generated_message_tctable_gen.cc:
2026-10-07T01:16:44.5075729Z external/protobuf+/src/google/protobuf/generated_message_tctable_gen.cc: In function 'bool google::protobuf::internal::{anonymous}::HasWeakFields(const google::protobuf::Descriptor*)':
2026-10-07T01:16:44.5130106Z external/protobuf+/src/google/protobuf/generated_message_tctable_gen.cc:699:45: warning: 'bool google::protobuf::FieldOptions::weak() const' is deprecated [-Wdeprecated-declarations]
2026-10-07T01:16:44.5159679Z   699 |     if (descriptor->field(i)->options().weak()) {
2026-10-07T01:16:44.5160441Z       |         ~~~~~~~~~~~~~~~~~~~~~~~~~~~~~~~~~~~~^~
2026-10-07T01:16:44.5189993Z In file included from bazel-out/k8-opt/bin/external/protobuf+/src/google/protobuf/_virtual_includes/protobuf/google/protobuf/generated_message_tctable_gen.h:21,
2026-10-07T01:16:44.5200479Z                  from external/protobuf+/src/google/protobuf/generated_message_tctable_gen.cc:8:
2026-10-07T01:16:44.5201583Z bazel-out/k8-opt/bin/external/protobuf+/src/google/protobuf/_virtual_includes/protobuf/google/protobuf/descriptor.pb.h:18861:13: note: declared here
2026-10-07T01:16:44.5202429Z 18861 | inline bool FieldOptions::weak() const {
2026-10-07T01:16:44.5202901Z       |             ^~~~~~~~~~~~
2026-10-07T01:16:44.5203818Z external/protobuf+/src/google/protobuf/generated_message_tctable_gen.cc: In function 'bool google::protobuf::internal::IsFieldTypeEligibleForFastParsing(const google::protobuf::FieldDescriptor*)':
2026-10-07T01:16:44.5205147Z external/protobuf+/src/google/protobuf/generated_message_tctable_gen.cc:738:28: warning: 'bool google::protobuf::FieldOptions::weak() const' is deprecated [-Wdeprecated-declarations]
2026-10-07T01:16:44.5205991Z   738 |       field->options().weak()) {
2026-10-07T01:16:44.5206416Z       |       ~~~~~~~~~~~~~~~~~~~~~^~
2026-10-07T01:16:44.5207138Z bazel-out/k8-opt/bin/external/protobuf+/src/google/protobuf/_virtual_includes/protobuf/google/protobuf/descriptor.pb.h:18861:13: note: declared here
2026-10-07T01:16:44.5208268Z 18861 | inline bool FieldOptions::weak() const {
2026-10-07T01:16:44.5208942Z       |             ^~~~~~~~~~~~
2026-10-07T01:16:44.5209441Z external/protobuf+/src/google/protobuf/generated_message_tctable_gen.cc: In lambda function:
2026-10-07T01:16:44.5210615Z external/protobuf+/src/google/protobuf/generated_message_tctable_gen.cc:773:54: warning: 'bool google::protobuf::FieldOptions::weak() const' is deprecated [-Wdeprecated-declarations]
2026-10-07T01:16:44.5211484Z   773 |            !field->is_map() && !field->options().weak() &&
2026-10-07T01:16:44.5212014Z       |                                 ~~~~~~~~~~~~~~~~~~~~~^~
2026-10-07T01:16:44.5212787Z bazel-out/k8-opt/bin/external/protobuf+/src/google/protobuf/_virtual_includes/protobuf/google/protobuf/descriptor.pb.h:18861:13: note: declared here
2026-10-07T01:16:44.5213582Z 18861 | inline bool FieldOptions::weak() const {
2026-10-07T01:16:44.5214031Z       |             ^~~~~~~~~~~~
2026-10-07T01:16:44.5215489Z external/protobuf+/src/google/protobuf/generated_message_tctable_gen.cc: In static member function 'static std::vector<google::protobuf::internal::TailCallTableInfo::FieldEntryInfo> google::protobuf::internal::TailCallTableInfo::BuildFieldEntries(const google::protobuf::Descriptor*, const MessageOptions&, absl::lts_20250814::Span<const FieldOptions>, std::vector<AuxEntry>&)':
2026-10-07T01:16:44.5217438Z external/protobuf+/src/google/protobuf/generated_message_tctable_gen.cc:813:39: warning: 'bool google::protobuf::FieldOptions::weak() const' is deprecated [-Wdeprecated-declarations]
2026-10-07T01:16:44.5218313Z   813 |       } else if (field->options().weak()) {
2026-10-07T01:16:44.5219011Z       |                  ~~~~~~~~~~~~~~~~~~~~~^~
2026-10-07T01:16:44.5219767Z bazel-out/k8-opt/bin/external/protobuf+/src/google/protobuf/_virtual_includes/protobuf/google/protobuf/descriptor.pb.h:18861:13: note: declared here
2026-10-07T01:16:44.5220529Z 18861 | inline bool FieldOptions::weak() const {
2026-10-07T01:16:44.5220964Z       |             ^~~~~~~~~~~~
2026-10-07T01:16:46.0956317Z [830 / 939] Compiling src/google/protobuf/descriptor.cc; 4s processwrapper-sandbox ... (4 actions running)
2026-10-07T01:16:47.0980245Z [831 / 939] Compiling src/google/protobuf/descriptor.cc; 5s processwrapper-sandbox ... (4 actions running)
2026-10-07T01:16:47.4370009Z INFO: From Compiling src/google/protobuf/compiler/cpp/field_generators/cord_field.cc [for tool]:
2026-10-07T01:16:47.4400061Z In file included from bazel-out/k8-opt-exec-ST-d57f47055a04/bin/external/protobuf+/src/google/protobuf/compiler/cpp/_virtual_includes/cpp/google/protobuf/compiler/cpp/field.h:26,
2026-10-07T01:16:47.4429965Z                  from external/protobuf+/src/google/protobuf/compiler/cpp/field_generators/cord_field.cc:23:
2026-10-07T01:16:47.4431309Z bazel-out/k8-opt-exec-ST-d57f47055a04/bin/external/protobuf+/src/google/protobuf/compiler/cpp/_virtual_includes/names_internal/google/protobuf/compiler/cpp/helpers.h: In function 'bool google::protobuf::compiler::cpp::IsWeak(const google::protobuf::FieldDescriptor*, const Options&)':
2026-10-07T01:16:47.4460068Z bazel-out/k8-opt-exec-ST-d57f47055a04/bin/external/protobuf+/src/google/protobuf/compiler/cpp/_virtual_includes/names_internal/google/protobuf/compiler/cpp/helpers.h:347:28: warning: 'bool google::protobuf::FieldOptions::weak() const' is deprecated [-Wdeprecated-declarations]
2026-10-07T01:16:47.4461164Z   347 |   if (field->options().weak()) {
2026-10-07T01:16:47.4489524Z       |       ~~~~~~~~~~~~~~~~~~~~~^~
2026-10-07T01:16:47.4519843Z In file included from bazel-out/k8-opt-exec-ST-d57f47055a04/bin/external/protobuf+/src/google/protobuf/compiler/_virtual_includes/code_generator_lite/google/protobuf/compiler/code_generator_lite.h:18,
2026-10-07T01:16:47.4529896Z                  from bazel-out/k8-opt-exec-ST-d57f47055a04/bin/external/protobuf+/src/google/protobuf/compiler/_virtual_includes/code_generator/google/protobuf/compiler/code_generator.h:25,
2026-10-07T01:16:47.4531984Z                  from bazel-out/k8-opt-exec-ST-d57f47055a04/bin/external/protobuf+/src/google/protobuf/compiler/cpp/_virtual_includes/names_internal/google/protobuf/compiler/cpp/helpers.h:29:
2026-10-07T01:16:47.4533667Z bazel-out/k8-opt-exec-ST-d57f47055a04/bin/external/protobuf+/src/google/protobuf/_virtual_includes/protobuf/google/protobuf/descriptor.pb.h:18861:13: note: declared here
2026-10-07T01:16:47.4534731Z 18861 | inline bool FieldOptions::weak() const {
2026-10-07T01:16:47.4535179Z       |             ^~~~~~~~~~~~
2026-10-07T01:16:48.0980058Z [832 / 939] Compiling src/google/protobuf/descriptor.cc; 6s processwrapper-sandbox ... (4 actions running)
2026-10-07T01:16:51.3459799Z INFO: From Compiling src/google/protobuf/generated_message_reflection.cc [for tool]:
2026-10-07T01:16:51.3510203Z In file included from external/protobuf+/src/google/protobuf/generated_message_reflection.cc:51:
2026-10-07T01:16:51.3540477Z bazel-out/k8-opt-exec-ST-d57f47055a04/bin/external/protobuf+/src/google/protobuf/_virtual_includes/protobuf/google/protobuf/map_field.h: In constructor 'google::protobuf::internal::MapFieldBase::ReflectionPayload::ReflectionPayload(google::protobuf::Arena*, const google::protobuf::Message*)':
2026-10-07T01:16:51.3559088Z bazel-out/k8-opt-exec-ST-d57f47055a04/bin/external/protobuf+/src/google/protobuf/_virtual_includes/protobuf/google/protobuf/map_field.h:416:11: warning: 'google::protobuf::RepeatedPtrField<T>::RepeatedPtrField(google::protobuf::Arena*) [with Element = google::protobuf::Message]' is deprecated: Use Arena::Create<RepeatedPtrField<...>>(Arena*) instead [-Wdeprecated-declarations]
2026-10-07T01:16:51.3583431Z   416 |         : repeated_field_(arena), prototype_(prototype) {}
2026-10-07T01:16:51.3599513Z       |           ^~~~~~~~~~~~~~~~~~~~~~
2026-10-07T01:16:51.3600212Z In file included from bazel-out/k8-opt-exec-ST-d57f47055a04/bin/external/protobuf+/src/google/protobuf/_virtual_includes/protobuf_lite/google/protobuf/repeated_field.h:46,
2026-10-07T01:16:51.3601726Z                  from bazel-out/k8-opt-exec-ST-d57f47055a04/bin/external/protobuf+/src/google/protobuf/_virtual_includes/protobuf_lite/google/protobuf/parse_context.h:39,
2026-10-07T01:16:51.3603533Z                  from bazel-out/k8-opt-exec-ST-d57f47055a04/bin/external/protobuf+/src/google/protobuf/_virtual_includes/protobuf_lite/google/protobuf/generated_message_tctable_decl.h:25,
2026-10-07T01:16:51.3605161Z                  from bazel-out/k8-opt-exec-ST-d57f47055a04/bin/external/protobuf+/src/google/protobuf/_virtual_includes/protobuf_lite/google/protobuf/extension_set.h:40,
2026-10-07T01:16:51.3606630Z                  from bazel-out/k8-opt-exec-ST-d57f47055a04/bin/external/protobuf+/src/google/protobuf/_virtual_includes/protobuf/google/protobuf/descriptor.h:56,
2026-10-07T01:16:51.3608192Z                  from bazel-out/k8-opt-exec-ST-d57f47055a04/bin/external/protobuf+/src/google/protobuf/_virtual_includes/protobuf/google/protobuf/generated_message_reflection.h:26,
2026-10-07T01:16:51.3609384Z                  from external/protobuf+/src/google/protobuf/generated_message_reflection.cc:12:
2026-10-07T01:16:51.3610245Z bazel-out/k8-opt-exec-ST-d57f47055a04/bin/external/protobuf+/src/google/protobuf/_virtual_includes/protobuf_lite/google/protobuf/repeated_ptr_field.h:1380:8: note: declared here
2026-10-07T01:16:51.3611071Z  1380 | inline RepeatedPtrField<Element>::RepeatedPtrField(Arena* arena)
2026-10-07T01:16:51.3611477Z       |        ^~~~~~~~~~~~~~~~~~~~~~~~~
2026-10-07T01:16:51.3612357Z external/protobuf+/src/google/protobuf/generated_message_reflection.cc: In member function 'const google::protobuf::Message* google::protobuf::Reflection::GetDefaultMessageInstance(const google::protobuf::FieldDescriptor*) const':
2026-10-07T01:16:51.3613637Z external/protobuf+/src/google/protobuf/generated_message_reflection.cc:2526:55: warning: 'bool google::protobuf::FieldOptions::weak() const' is deprecated [-Wdeprecated-declarations]
2026-10-07T01:16:51.3614349Z  2526 |   if (!field->is_extension() && !field->options().weak() &&
2026-10-07T01:16:51.3614755Z       |                                  ~~~~~~~~~~~~~~~~~~~~~^~
2026-10-07T01:16:51.3615478Z In file included from external/protobuf+/src/google/protobuf/generated_message_reflection.cc:41:
2026-10-07T01:16:51.3616337Z bazel-out/k8-opt-exec-ST-d57f47055a04/bin/external/protobuf+/src/google/protobuf/_virtual_includes/protobuf/google/protobuf/descriptor.pb.h:18861:13: note: declared here
2026-10-07T01:16:51.3617227Z 18861 | inline bool FieldOptions::weak() const {
2026-10-07T01:16:51.3617545Z       |             ^~~~~~~~~~~~
2026-10-07T01:16:51.3617897Z In file included from external/abseil-cpp+/absl/log/internal/check_impl.h:20,
2026-10-07T01:16:51.3618538Z                  from external/abseil-cpp+/absl/log/absl_check.h:38,
2026-10-07T01:16:51.3620045Z                  from bazel-out/k8-opt-exec-ST-d57f47055a04/bin/external/protobuf+/src/google/protobuf/_virtual_includes/protobuf/google/protobuf/generated_message_reflection.h:25:
2026-10-07T01:16:51.3621352Z external/protobuf+/src/google/protobuf/generated_message_reflection.cc: In member function 'bool google::protobuf::Reflection::HasFieldWithHasbits(const google::protobuf::Message&, const google::protobuf::FieldDescriptor*) const':
2026-10-07T01:16:51.3622688Z external/protobuf+/src/google/protobuf/generated_message_reflection.cc:3290:37: warning: 'bool google::protobuf::FieldOptions::weak() const' is deprecated [-Wdeprecated-declarations]
2026-10-07T01:16:51.3623431Z  3290 |   ABSL_DCHECK(!field->options().weak());
2026-10-07T01:16:51.3623767Z       |                ~~~~~~~~~~~~~~~~~~~~~^~
2026-10-07T01:16:51.3624406Z external/abseil-cpp+/absl/log/internal/conditions.h:68:7: note: in definition of macro 'ABSL_LOG_INTERNAL_STATELESS_CONDITION'
2026-10-07T01:16:51.3640706Z    68 |     !(condition) ? (void)0 : ::absl::log_internal::Voidify() &&
2026-10-07T01:16:51.3669279Z       |       ^~~~~~~~~
2026-10-07T01:16:51.3679553Z external/abseil-cpp+/absl/log/internal/check_impl.h:26:3: note: in expansion of macro 'ABSL_LOG_INTERNAL_CONDITION_FATAL'
2026-10-07T01:16:51.3699538Z    26 |   ABSL_LOG_INTERNAL_CONDITION_FATAL(STATELESS,                        \
2026-10-07T01:16:51.3719336Z       |   ^~~~~~~~~~~~~~~~~~~~~~~~~~~~~~~~~
2026-10-07T01:16:51.3749543Z external/abseil-cpp+/absl/log/internal/check_impl.h:27:37: note: in expansion of macro 'ABSL_PREDICT_FALSE'
2026-10-07T01:16:51.3750153Z    27 |                                     ABSL_PREDICT_FALSE(!(condition))) \
2026-10-07T01:16:51.3750597Z       |                                     ^~~~~~~~~~~~~~~~~~
2026-10-07T01:16:51.3751114Z external/abseil-cpp+/absl/log/internal/check_impl.h:43:3: note: in expansion of macro 'ABSL_LOG_INTERNAL_CHECK_IMPL'
2026-10-07T01:16:51.3751715Z    43 |   ABSL_LOG_INTERNAL_CHECK_IMPL(true || (condition), "true")
2026-10-07T01:16:51.3752093Z       |   ^~~~~~~~~~~~~~~~~~~~~~~~~~~~
2026-10-07T01:16:51.3752564Z external/abseil-cpp+/absl/log/absl_check.h:47:3: note: in expansion of macro 'ABSL_LOG_INTERNAL_DCHECK_IMPL'
2026-10-07T01:16:51.3753141Z    47 |   ABSL_LOG_INTERNAL_DCHECK_IMPL((condition), #condition)
2026-10-07T01:16:51.3753518Z       |   ^~~~~~~~~~~~~~~~~~~~~~~~~~~~~
2026-10-07T01:16:51.3754049Z external/protobuf+/src/google/protobuf/generated_message_reflection.cc:3290:3: note: in expansion of macro 'ABSL_DCHECK'
2026-10-07T01:16:51.3754633Z  3290 |   ABSL_DCHECK(!field->options().weak());
2026-10-07T01:16:51.3754920Z       |   ^~~~~~~~~~~
2026-10-07T01:16:51.3755591Z bazel-out/k8-opt-exec-ST-d57f47055a04/bin/external/protobuf+/src/google/protobuf/_virtual_includes/protobuf/google/protobuf/descriptor.pb.h:18861:13: note: declared here
2026-10-07T01:16:51.3756324Z 18861 | inline bool FieldOptions::weak() const {
2026-10-07T01:16:51.3756636Z       |             ^~~~~~~~~~~~
2026-10-07T01:16:51.3757466Z external/protobuf+/src/google/protobuf/generated_message_reflection.cc: In member function 'void google::protobuf::Reflection::SetHasBit(google::protobuf::Message*, const google::protobuf::FieldDescriptor*) const':
2026-10-07T01:16:51.3758843Z external/protobuf+/src/google/protobuf/generated_message_reflection.cc:3323:37: warning: 'bool google::protobuf::FieldOptions::weak() const' is deprecated [-Wdeprecated-declarations]
2026-10-07T01:16:51.3759991Z  3323 |   ABSL_DCHECK(!field->options().weak());
2026-10-07T01:16:51.3760319Z       |                ~~~~~~~~~~~~~~~~~~~~~^~
2026-10-07T01:16:51.3761028Z external/abseil-cpp+/absl/log/internal/conditions.h:68:7: note: in definition of macro 'ABSL_LOG_INTERNAL_STATELESS_CONDITION'
2026-10-07T01:16:51.3779462Z    68 |     !(condition) ? (void)0 : ::absl::log_internal::Voidify() &&
2026-10-07T01:16:51.3819439Z       |       ^~~~~~~~~
2026-10-07T01:16:51.3839634Z external/abseil-cpp+/absl/log/internal/check_impl.h:26:3: note: in expansion of macro 'ABSL_LOG_INTERNAL_CONDITION_FATAL'
2026-10-07T01:16:51.3849331Z    26 |   ABSL_LOG_INTERNAL_CONDITION_FATAL(STATELESS,                        \
2026-10-07T01:16:51.3879223Z       |   ^~~~~~~~~~~~~~~~~~~~~~~~~~~~~~~~~
2026-10-07T01:16:51.3899591Z external/abseil-cpp+/absl/log/internal/check_impl.h:27:37: note: in expansion of macro 'ABSL_PREDICT_FALSE'
2026-10-07T01:16:51.3929538Z    27 |                                     ABSL_PREDICT_FALSE(!(condition))) \
2026-10-07T01:16:51.3939463Z       |                                     ^~~~~~~~~~~~~~~~~~
2026-10-07T01:16:51.3959684Z external/abseil-cpp+/absl/log/internal/check_impl.h:43:3: note: in expansion of macro 'ABSL_LOG_INTERNAL_CHECK_IMPL'
2026-10-07T01:16:51.3989599Z    43 |   ABSL_LOG_INTERNAL_CHECK_IMPL(true || (condition), "true")
2026-10-07T01:16:51.3999286Z       |   ^~~~~~~~~~~~~~~~~~~~~~~~~~~~
2026-10-07T01:16:51.4029490Z external/abseil-cpp+/absl/log/absl_check.h:47:3: note: in expansion of macro 'ABSL_LOG_INTERNAL_DCHECK_IMPL'
2026-10-07T01:16:51.4049498Z    47 |   ABSL_LOG_INTERNAL_DCHECK_IMPL((condition), #condition)
2026-10-07T01:16:51.4079382Z       |   ^~~~~~~~~~~~~~~~~~~~~~~~~~~~~
2026-10-07T01:16:51.4089541Z external/protobuf+/src/google/protobuf/generated_message_reflection.cc:3323:3: note: in expansion of macro 'ABSL_DCHECK'
2026-10-07T01:16:51.4109362Z  3323 |   ABSL_DCHECK(!field->options().weak());
2026-10-07T01:16:51.4139333Z       |   ^~~~~~~~~~~
2026-10-07T01:16:51.4169773Z bazel-out/k8-opt-exec-ST-d57f47055a04/bin/external/protobuf+/src/google/protobuf/_virtual_includes/protobuf/google/protobuf/descriptor.pb.h:18861:13: note: declared here
2026-10-07T01:16:51.4179279Z 18861 | inline bool FieldOptions::weak() const {
2026-10-07T01:16:51.4197200Z       |             ^~~~~~~~~~~~
2026-10-07T01:16:51.4219872Z external/protobuf+/src/google/protobuf/generated_message_reflection.cc: In member function 'void google::protobuf::Reflection::ClearHasBit(google::protobuf::Message*, const google::protobuf::FieldDescriptor*) const':
2026-10-07T01:16:51.4249757Z external/protobuf+/src/google/protobuf/generated_message_reflection.cc:3332:37: warning: 'bool google::protobuf::FieldOptions::weak() const' is deprecated [-Wdeprecated-declarations]
2026-10-07T01:16:51.4279613Z  3332 |   ABSL_DCHECK(!field->options().weak());
2026-10-07T01:16:51.4289325Z       |                ~~~~~~~~~~~~~~~~~~~~~^~
2026-10-07T01:16:51.4309593Z external/abseil-cpp+/absl/log/internal/conditions.h:68:7: note: in definition of macro 'ABSL_LOG_INTERNAL_STATELESS_CONDITION'
2026-10-07T01:16:51.4339480Z    68 |     !(condition) ? (void)0 : ::absl::log_internal::Voidify() &&
2026-10-07T01:16:51.4340647Z       |       ^~~~~~~~~
2026-10-07T01:16:51.4379709Z external/abseil-cpp+/absl/log/internal/check_impl.h:26:3: note: in expansion of macro 'ABSL_LOG_INTERNAL_CONDITION_FATAL'
2026-10-07T01:16:51.4399504Z    26 |   ABSL_LOG_INTERNAL_CONDITION_FATAL(STATELESS,                        \
2026-10-07T01:16:51.4429327Z       |   ^~~~~~~~~~~~~~~~~~~~~~~~~~~~~~~~~
2026-10-07T01:16:51.4439451Z external/abseil-cpp+/absl/log/internal/check_impl.h:27:37: note: in expansion of macro 'ABSL_PREDICT_FALSE'
2026-10-07T01:16:51.4459431Z    27 |                                     ABSL_PREDICT_FALSE(!(condition))) \
2026-10-07T01:16:51.4489445Z       |                                     ^~~~~~~~~~~~~~~~~~
2026-10-07T01:16:51.4499555Z external/abseil-cpp+/absl/log/internal/check_impl.h:43:3: note: in expansion of macro 'ABSL_LOG_INTERNAL_CHECK_IMPL'
2026-10-07T01:16:51.4529389Z    43 |   ABSL_LOG_INTERNAL_CHECK_IMPL(true || (condition), "true")
2026-10-07T01:16:51.4549388Z       |   ^~~~~~~~~~~~~~~~~~~~~~~~~~~~
2026-10-07T01:16:51.4571829Z external/abseil-cpp+/absl/log/absl_check.h:47:3: note: in expansion of macro 'ABSL_LOG_INTERNAL_DCHECK_IMPL'
2026-10-07T01:16:51.4589289Z    47 |   ABSL_LOG_INTERNAL_DCHECK_IMPL((condition), #condition)
2026-10-07T01:16:51.4609356Z       |   ^~~~~~~~~~~~~~~~~~~~~~~~~~~~~
2026-10-07T01:16:51.4639430Z external/protobuf+/src/google/protobuf/generated_message_reflection.cc:3332:3: note: in expansion of macro 'ABSL_DCHECK'
2026-10-07T01:16:51.4659362Z  3332 |   ABSL_DCHECK(!field->options().weak());
2026-10-07T01:16:51.4669176Z       |   ^~~~~~~~~~~
2026-10-07T01:16:51.4699682Z bazel-out/k8-opt-exec-ST-d57f47055a04/bin/external/protobuf+/src/google/protobuf/_virtual_includes/protobuf/google/protobuf/descriptor.pb.h:18861:13: note: declared here
2026-10-07T01:16:51.4700512Z 18861 | inline bool FieldOptions::weak() const {
2026-10-07T01:16:51.4700844Z       |             ^~~~~~~~~~~~
2026-10-07T01:16:51.4701800Z external/protobuf+/src/google/protobuf/generated_message_reflection.cc: In member function 'void google::protobuf::Reflection::NaiveSwapHasBit(google::protobuf::Message*, google::protobuf::Message*, const google::protobuf::FieldDescriptor*) const':
2026-10-07T01:16:51.4703205Z external/protobuf+/src/google/protobuf/generated_message_reflection.cc:3341:37: warning: 'bool google::protobuf::FieldOptions::weak() const' is deprecated [-Wdeprecated-declarations]
2026-10-07T01:16:51.4703922Z  3341 |   ABSL_DCHECK(!field->options().weak());
2026-10-07T01:16:51.4704255Z       |                ~~~~~~~~~~~~~~~~~~~~~^~
2026-10-07T01:16:51.4704791Z external/abseil-cpp+/absl/log/internal/conditions.h:68:7: note: in definition of macro 'ABSL_LOG_INTERNAL_STATELESS_CONDITION'
2026-10-07T01:16:51.4705417Z    68 |     !(condition) ? (void)0 : ::absl::log_internal::Voidify() &&
2026-10-07T01:16:51.4705749Z       |       ^~~~~~~~~
2026-10-07T01:16:51.4706209Z external/abseil-cpp+/absl/log/internal/check_impl.h:26:3: note: in expansion of macro 'ABSL_LOG_INTERNAL_CONDITION_FATAL'
2026-10-07T01:16:51.4706863Z    26 |   ABSL_LOG_INTERNAL_CONDITION_FATAL(STATELESS,                        \
2026-10-07T01:16:51.4707291Z       |   ^~~~~~~~~~~~~~~~~~~~~~~~~~~~~~~~~
2026-10-07T01:16:51.4707769Z external/abseil-cpp+/absl/log/internal/check_impl.h:27:37: note: in expansion of macro 'ABSL_PREDICT_FALSE'
2026-10-07T01:16:51.4708334Z    27 |                                     ABSL_PREDICT_FALSE(!(condition))) \
2026-10-07T01:16:51.4708894Z       |                                     ^~~~~~~~~~~~~~~~~~
2026-10-07T01:16:51.4709387Z external/abseil-cpp+/absl/log/internal/check_impl.h:43:3: note: in expansion of macro 'ABSL_LOG_INTERNAL_CHECK_IMPL'
2026-10-07T01:16:51.4709937Z    43 |   ABSL_LOG_INTERNAL_CHECK_IMPL(true || (condition), "true")
2026-10-07T01:16:51.4710298Z       |   ^~~~~~~~~~~~~~~~~~~~~~~~~~~~
2026-10-07T01:16:51.4710708Z external/abseil-cpp+/absl/log/absl_check.h:47:3: note: in expansion of macro 'ABSL_LOG_INTERNAL_DCHECK_IMPL'
2026-10-07T01:16:51.4711206Z    47 |   ABSL_LOG_INTERNAL_DCHECK_IMPL((condition), #condition)
2026-10-07T01:16:51.4711540Z       |   ^~~~~~~~~~~~~~~~~~~~~~~~~~~~~
2026-10-07T01:16:51.4712024Z external/protobuf+/src/google/protobuf/generated_message_reflection.cc:3341:3: note: in expansion of macro 'ABSL_DCHECK'
2026-10-07T01:16:51.4712535Z  3341 |   ABSL_DCHECK(!field->options().weak());
2026-10-07T01:16:51.4712807Z       |   ^~~~~~~~~~~
2026-10-07T01:16:51.4713442Z bazel-out/k8-opt-exec-ST-d57f47055a04/bin/external/protobuf+/src/google/protobuf/_virtual_includes/protobuf/google/protobuf/descriptor.pb.h:18861:13: note: declared here
2026-10-07T01:16:51.4714137Z 18861 | inline bool FieldOptions::weak() const {
2026-10-07T01:16:51.4714441Z       |             ^~~~~~~~~~~~
2026-10-07T01:16:51.4717443Z bazel-out/k8-opt-exec-ST-d57f47055a04/bin/external/protobuf+/src/google/protobuf/_virtual_includes/protobuf/google/protobuf/reflection_visit_fields.h: In instantiation of 'static void google::protobuf::internal::ReflectionVisit::VisitFields(MessageT&, CallbackFn&&, google::protobuf::internal::FieldMask) [with MessageT = google::protobuf::Message; CallbackFn = google::protobuf::internal::ReflectionVisit::VisitMessageFields<google::protobuf::Reflection::MaybePoisonAfterClear(google::protobuf::Message&) const::<lambda(google::protobuf::Message&)> >(google::protobuf::Message&, google::protobuf::Reflection::MaybePoisonAfterClear(google::protobuf::Message&) const::<lambda(google::protobuf::Message&)>&&)::<lambda(auto:42)>]':
2026-10-07T01:16:51.4730456Z bazel-out/k8-opt-exec-ST-d57f47055a04/bin/external/protobuf+/src/google/protobuf/_virtual_includes/protobuf/google/protobuf/reflection_visit_fields.h:447:31:   required from 'static void google::protobuf::internal::ReflectionVisit::VisitMessageFields(google::protobuf::Message&, CallbackFn&&) [with CallbackFn = google::protobuf::Reflection::MaybePoisonAfterClear(google::protobuf::Message&) const::<lambda(google::protobuf::Message&)>]'
2026-10-07T01:16:51.4740437Z bazel-out/k8-opt-exec-ST-d57f47055a04/bin/external/protobuf+/src/google/protobuf/_virtual_includes/protobuf/google/protobuf/reflection_visit_fields.h:502:38:   required from 'void google::protobuf::internal::VisitMutableMessageFields(google::protobuf::Message&, CallbackFn&&) [with CallbackFn = google::protobuf::Reflection::MaybePoisonAfterClear(google::protobuf::Message&) const::<lambda(google::protobuf::Message&)>]'
2026-10-07T01:16:51.4769391Z external/protobuf+/src/google/protobuf/generated_message_reflection.cc:1390:40:   required from here
2026-10-07T01:16:51.4790543Z bazel-out/k8-opt-exec-ST-d57f47055a04/bin/external/protobuf+/src/google/protobuf/_virtual_includes/protobuf/google/protobuf/reflection_visit_fields.h:109:39: warning: 'bool google::protobuf::FieldOptions::weak() const' is deprecated [-Wdeprecated-declarations]
2026-10-07T01:16:51.4819390Z   109 |     ABSL_DCHECK(!field->options().weak()) << "weak fields are not supported";
2026-10-07T01:16:51.4829242Z       |                  ~~~~~~~~~~~~~~~~~~~~~^~
2026-10-07T01:16:51.4869563Z external/abseil-cpp+/absl/log/internal/conditions.h:68:7: note: in definition of macro 'ABSL_LOG_INTERNAL_STATELESS_CONDITION'
2026-10-07T01:16:51.4879515Z    68 |     !(condition) ? (void)0 : ::absl::log_internal::Voidify() &&
2026-10-07T01:16:51.4909545Z       |       ^~~~~~~~~
2026-10-07T01:16:51.4919575Z external/abseil-cpp+/absl/log/internal/check_impl.h:26:3: note: in expansion of macro 'ABSL_LOG_INTERNAL_CONDITION_FATAL'
2026-10-07T01:16:51.4939561Z    26 |   ABSL_LOG_INTERNAL_CONDITION_FATAL(STATELESS,                        \
2026-10-07T01:16:51.4969327Z       |   ^~~~~~~~~~~~~~~~~~~~~~~~~~~~~~~~~
2026-10-07T01:16:51.4979451Z external/abseil-cpp+/absl/log/internal/check_impl.h:27:37: note: in expansion of macro 'ABSL_PREDICT_FALSE'
2026-10-07T01:16:51.5009287Z    27 |                                     ABSL_PREDICT_FALSE(!(condition))) \
2026-10-07T01:16:51.5029444Z       |                                     ^~~~~~~~~~~~~~~~~~
2026-10-07T01:16:51.5059530Z external/abseil-cpp+/absl/log/internal/check_impl.h:43:3: note: in expansion of macro 'ABSL_LOG_INTERNAL_CHECK_IMPL'
2026-10-07T01:16:51.5069358Z    43 |   ABSL_LOG_INTERNAL_CHECK_IMPL(true || (condition), "true")
2026-10-07T01:16:51.5089274Z       |   ^~~~~~~~~~~~~~~~~~~~~~~~~~~~
2026-10-07T01:16:51.5119529Z external/abseil-cpp+/absl/log/absl_check.h:47:3: note: in expansion of macro 'ABSL_LOG_INTERNAL_DCHECK_IMPL'
2026-10-07T01:16:51.5129523Z    47 |   ABSL_LOG_INTERNAL_DCHECK_IMPL((condition), #condition)
2026-10-07T01:16:51.5151247Z       |   ^~~~~~~~~~~~~~~~~~~~~~~~~~~~~
2026-10-07T01:16:51.5179848Z bazel-out/k8-opt-exec-ST-d57f47055a04/bin/external/protobuf+/src/google/protobuf/_virtual_includes/protobuf/google/protobuf/reflection_visit_fields.h:109:5: note: in expansion of macro 'ABSL_DCHECK'
2026-10-07T01:16:51.5209393Z   109 |     ABSL_DCHECK(!field->options().weak()) << "weak fields are not supported";
2026-10-07T01:16:51.5209858Z       |     ^~~~~~~~~~~
2026-10-07T01:16:51.5239758Z bazel-out/k8-opt-exec-ST-d57f47055a04/bin/external/protobuf+/src/google/protobuf/_virtual_includes/protobuf/google/protobuf/descriptor.pb.h:18861:13: note: declared here
2026-10-07T01:16:51.5269883Z 18861 | inline bool FieldOptions::weak() const {
2026-10-07T01:16:51.5299247Z       |             ^~~~~~~~~~~~
2026-10-07T01:16:51.5300330Z bazel-out/k8-opt-exec-ST-d57f47055a04/bin/external/protobuf+/src/google/protobuf/_virtual_includes/protobuf/google/protobuf/reflection_visit_fields.h:109:39: warning: 'bool google::protobuf::FieldOptions::weak() const' is deprecated [-Wdeprecated-declarations]
2026-10-07T01:16:51.5329465Z   109 |     ABSL_DCHECK(!field->options().weak()) << "weak fields are not supported";
2026-10-07T01:16:51.5359309Z       |                  ~~~~~~~~~~~~~~~~~~~~~^~
2026-10-07T01:16:51.5359922Z external/abseil-cpp+/absl/log/internal/conditions.h:68:7: note: in definition of macro 'ABSL_LOG_INTERNAL_STATELESS_CONDITION'
2026-10-07T01:16:51.5389409Z    68 |     !(condition) ? (void)0 : ::absl::log_internal::Voidify() &&
2026-10-07T01:16:51.5419467Z       |       ^~~~~~~~~
2026-10-07T01:16:51.5449614Z external/abseil-cpp+/absl/log/internal/check_impl.h:26:3: note: in expansion of macro 'ABSL_LOG_INTERNAL_CONDITION_FATAL'
2026-10-07T01:16:51.5450334Z    26 |   ABSL_LOG_INTERNAL_CONDITION_FATAL(STATELESS,                        \
2026-10-07T01:16:51.5479404Z       |   ^~~~~~~~~~~~~~~~~~~~~~~~~~~~~~~~~
2026-10-07T01:16:51.5509647Z external/abseil-cpp+/absl/log/internal/check_impl.h:27:37: note: in expansion of macro 'ABSL_PREDICT_FALSE'
2026-10-07T01:16:51.5510368Z    27 |                                     ABSL_PREDICT_FALSE(!(condition))) \
2026-10-07T01:16:51.5539393Z       |                                     ^~~~~~~~~~~~~~~~~~
2026-10-07T01:16:51.5569658Z external/abseil-cpp+/absl/log/internal/check_impl.h:43:3: note: in expansion of macro 'ABSL_LOG_INTERNAL_CHECK_IMPL'
2026-10-07T01:16:51.5589468Z    43 |   ABSL_LOG_INTERNAL_CHECK_IMPL(true || (condition), "true")
2026-10-07T01:16:51.5599246Z       |   ^~~~~~~~~~~~~~~~~~~~~~~~~~~~
2026-10-07T01:16:51.5599760Z external/abseil-cpp+/absl/log/absl_check.h:47:3: note: in expansion of macro 'ABSL_LOG_INTERNAL_DCHECK_IMPL'
2026-10-07T01:16:51.5600389Z    47 |   ABSL_LOG_INTERNAL_DCHECK_IMPL((condition), #condition)
2026-10-07T01:16:51.5600755Z       |   ^~~~~~~~~~~~~~~~~~~~~~~~~~~~~
2026-10-07T01:16:51.5601593Z bazel-out/k8-opt-exec-ST-d57f47055a04/bin/external/protobuf+/src/google/protobuf/_virtual_includes/protobuf/google/protobuf/reflection_visit_fields.h:109:5: note: in expansion of macro 'ABSL_DCHECK'
2026-10-07T01:16:51.5602506Z   109 |     ABSL_DCHECK(!field->options().weak()) << "weak fields are not supported";
2026-10-07T01:16:51.5602895Z       |     ^~~~~~~~~~~
2026-10-07T01:16:51.5603599Z bazel-out/k8-opt-exec-ST-d57f47055a04/bin/external/protobuf+/src/google/protobuf/_virtual_includes/protobuf/google/protobuf/descriptor.pb.h:18861:13: note: declared here
2026-10-07T01:16:51.5604377Z 18861 | inline bool FieldOptions::weak() const {
2026-10-07T01:16:51.5604693Z       |             ^~~~~~~~~~~~
2026-10-07T01:16:51.5605143Z [833 / 939] Compiling src/google/protobuf/descriptor.cc; 10s processwrapper-sandbox ... (4 actions, 3 running)
2026-10-07T01:16:51.7585511Z INFO: From Compiling src/google/protobuf/compiler/cpp/field_generators/enum_field.cc [for tool]:
2026-10-07T01:16:51.7610077Z In file included from bazel-out/k8-opt-exec-ST-d57f47055a04/bin/external/protobuf+/src/google/protobuf/compiler/cpp/_virtual_includes/cpp/google/protobuf/compiler/cpp/field.h:26,
2026-10-07T01:16:51.7630162Z                  from external/protobuf+/src/google/protobuf/compiler/cpp/field_generators/enum_field.cc:20:
2026-10-07T01:16:51.7660378Z bazel-out/k8-opt-exec-ST-d57f47055a04/bin/external/protobuf+/src/google/protobuf/compiler/cpp/_virtual_includes/names_internal/google/protobuf/compiler/cpp/helpers.h: In function 'bool google::protobuf::compiler::cpp::IsWeak(const google::protobuf::FieldDescriptor*, const Options&)':
2026-10-07T01:16:51.7670485Z bazel-out/k8-opt-exec-ST-d57f47055a04/bin/external/protobuf+/src/google/protobuf/compiler/cpp/_virtual_includes/names_internal/google/protobuf/compiler/cpp/helpers.h:347:28: warning: 'bool google::protobuf::FieldOptions::weak() const' is deprecated [-Wdeprecated-declarations]
2026-10-07T01:16:51.7699305Z   347 |   if (field->options().weak()) {
2026-10-07T01:16:51.7719642Z       |       ~~~~~~~~~~~~~~~~~~~~~^~
2026-10-07T01:16:51.7750691Z In file included from bazel-out/k8-opt-exec-ST-d57f47055a04/bin/external/protobuf+/src/google/protobuf/compiler/_virtual_includes/code_generator_lite/google/protobuf/compiler/code_generator_lite.h:18,
2026-10-07T01:16:51.7780646Z                  from bazel-out/k8-opt-exec-ST-d57f47055a04/bin/external/protobuf+/src/google/protobuf/compiler/_virtual_includes/code_generator/google/protobuf/compiler/code_generator.h:25,
2026-10-07T01:16:51.7782709Z                  from bazel-out/k8-opt-exec-ST-d57f47055a04/bin/external/protobuf+/src/google/protobuf/compiler/cpp/_virtual_includes/names_internal/google/protobuf/compiler/cpp/helpers.h:29:
2026-10-07T01:16:51.7810057Z bazel-out/k8-opt-exec-ST-d57f47055a04/bin/external/protobuf+/src/google/protobuf/_virtual_includes/protobuf/google/protobuf/descriptor.pb.h:18861:13: note: declared here
2026-10-07T01:16:51.7839514Z 18861 | inline bool FieldOptions::weak() const {
2026-10-07T01:16:51.7869384Z       |             ^~~~~~~~~~~~
2026-10-07T01:16:52.9542108Z [835 / 939] Compiling src/google/protobuf/descriptor.cc; 11s processwrapper-sandbox ... (4 actions, 3 running)
2026-10-07T01:16:54.1029995Z [835 / 939] Compiling src/google/protobuf/descriptor.cc; 12s processwrapper-sandbox ... (4 actions running)
2026-10-07T01:16:54.5970135Z INFO: From Compiling src/google/protobuf/generated_message_reflection.cc:
2026-10-07T01:16:54.5990730Z In file included from external/protobuf+/src/google/protobuf/generated_message_reflection.cc:51:
2026-10-07T01:16:54.6031761Z bazel-out/k8-opt/bin/external/protobuf+/src/google/protobuf/_virtual_includes/protobuf/google/protobuf/map_field.h: In constructor 'google::protobuf::internal::MapFieldBase::ReflectionPayload::ReflectionPayload(google::protobuf::Arena*, const google::protobuf::Message*)':
2026-10-07T01:16:54.6080901Z bazel-out/k8-opt/bin/external/protobuf+/src/google/protobuf/_virtual_includes/protobuf/google/protobuf/map_field.h:416:11: warning: 'google::protobuf::RepeatedPtrField<T>::RepeatedPtrField(google::protobuf::Arena*) [with Element = google::protobuf::Message]' is deprecated: Use Arena::Create<RepeatedPtrField<...>>(Arena*) instead [-Wdeprecated-declarations]
2026-10-07T01:16:54.6150253Z   416 |         : repeated_field_(arena), prototype_(prototype) {}
2026-10-07T01:16:54.6159566Z       |           ^~~~~~~~~~~~~~~~~~~~~~
2026-10-07T01:16:54.6199805Z In file included from bazel-out/k8-opt/bin/external/protobuf+/src/google/protobuf/_virtual_includes/protobuf_lite/google/protobuf/repeated_field.h:46,
2026-10-07T01:16:54.6241901Z                  from bazel-out/k8-opt/bin/external/protobuf+/src/google/protobuf/_virtual_includes/protobuf_lite/google/protobuf/parse_context.h:39,
2026-10-07T01:16:54.6270476Z                  from bazel-out/k8-opt/bin/external/protobuf+/src/google/protobuf/_virtual_includes/protobuf_lite/google/protobuf/generated_message_tctable_decl.h:25,
2026-10-07T01:16:54.6290100Z                  from bazel-out/k8-opt/bin/external/protobuf+/src/google/protobuf/_virtual_includes/protobuf_lite/google/protobuf/extension_set.h:40,
2026-10-07T01:16:54.6300120Z                  from bazel-out/k8-opt/bin/external/protobuf+/src/google/protobuf/_virtual_includes/protobuf/google/protobuf/descriptor.h:56,
2026-10-07T01:16:54.6330252Z                  from bazel-out/k8-opt/bin/external/protobuf+/src/google/protobuf/_virtual_includes/protobuf/google/protobuf/generated_message_reflection.h:26,
2026-10-07T01:16:54.6359803Z                  from external/protobuf+/src/google/protobuf/generated_message_reflection.cc:12:
2026-10-07T01:16:54.6361074Z bazel-out/k8-opt/bin/external/protobuf+/src/google/protobuf/_virtual_includes/protobuf_lite/google/protobuf/repeated_ptr_field.h:1380:8: note: declared here
2026-10-07T01:16:54.6389511Z  1380 | inline RepeatedPtrField<Element>::RepeatedPtrField(Arena* arena)
2026-10-07T01:16:54.6419933Z       |        ^~~~~~~~~~~~~~~~~~~~~~~~~
2026-10-07T01:16:54.6449933Z external/protobuf+/src/google/protobuf/generated_message_reflection.cc: In member function 'const google::protobuf::Message* google::protobuf::Reflection::GetDefaultMessageInstance(const google::protobuf::FieldDescriptor*) const':
2026-10-07T01:16:54.6451297Z external/protobuf+/src/google/protobuf/generated_message_reflection.cc:2526:55: warning: 'bool google::protobuf::FieldOptions::weak() const' is deprecated [-Wdeprecated-declarations]
2026-10-07T01:16:54.6479413Z  2526 |   if (!field->is_extension() && !field->options().weak() &&
2026-10-07T01:16:54.6509402Z       |                                  ~~~~~~~~~~~~~~~~~~~~~^~
2026-10-07T01:16:54.6539525Z In file included from external/protobuf+/src/google/protobuf/generated_message_reflection.cc:41:
2026-10-07T01:16:54.6569679Z bazel-out/k8-opt/bin/external/protobuf+/src/google/protobuf/_virtual_includes/protobuf/google/protobuf/descriptor.pb.h:18861:13: note: declared here
2026-10-07T01:16:54.6599427Z 18861 | inline bool FieldOptions::weak() const {
2026-10-07T01:16:54.6599779Z       |             ^~~~~~~~~~~~
2026-10-07T01:16:54.6629416Z In file included from external/abseil-cpp+/absl/log/internal/check_impl.h:20,
2026-10-07T01:16:54.6659576Z                  from external/abseil-cpp+/absl/log/absl_check.h:38,
2026-10-07T01:16:54.6660963Z                  from bazel-out/k8-opt/bin/external/protobuf+/src/google/protobuf/_virtual_includes/protobuf/google/protobuf/generated_message_reflection.h:25:
2026-10-07T01:16:54.6689973Z external/protobuf+/src/google/protobuf/generated_message_reflection.cc: In member function 'bool google::protobuf::Reflection::HasFieldWithHasbits(const google::protobuf::Message&, const google::protobuf::FieldDescriptor*) const':
2026-10-07T01:16:54.6719769Z external/protobuf+/src/google/protobuf/generated_message_reflection.cc:3290:37: warning: 'bool google::protobuf::FieldOptions::weak() const' is deprecated [-Wdeprecated-declarations]
2026-10-07T01:16:54.6720545Z  3290 |   ABSL_DCHECK(!field->options().weak());
2026-10-07T01:16:54.6720887Z       |                ~~~~~~~~~~~~~~~~~~~~~^~
2026-10-07T01:16:54.6721419Z external/abseil-cpp+/absl/log/internal/conditions.h:68:7: note: in definition of macro 'ABSL_LOG_INTERNAL_STATELESS_CONDITION'
2026-10-07T01:16:54.6722039Z    68 |     !(condition) ? (void)0 : ::absl::log_internal::Voidify() &&
2026-10-07T01:16:54.6722378Z       |       ^~~~~~~~~
2026-10-07T01:16:54.6722840Z external/abseil-cpp+/absl/log/internal/check_impl.h:26:3: note: in expansion of macro 'ABSL_LOG_INTERNAL_CONDITION_FATAL'
2026-10-07T01:16:54.6749431Z    26 |   ABSL_LOG_INTERNAL_CONDITION_FATAL(STATELESS,                        \
2026-10-07T01:16:54.6750038Z       |   ^~~~~~~~~~~~~~~~~~~~~~~~~~~~~~~~~
2026-10-07T01:16:54.6769147Z external/abseil-cpp+/absl/log/internal/check_impl.h:27:37: note: in expansion of macro 'ABSL_PREDICT_FALSE'
2026-10-07T01:16:54.6769885Z    27 |                                     ABSL_PREDICT_FALSE(!(condition))) \
2026-10-07T01:16:54.6770380Z       |                                     ^~~~~~~~~~~~~~~~~~
2026-10-07T01:16:54.6770973Z external/abseil-cpp+/absl/log/internal/check_impl.h:43:3: note: in expansion of macro 'ABSL_LOG_INTERNAL_CHECK_IMPL'
2026-10-07T01:16:54.6771720Z    43 |   ABSL_LOG_INTERNAL_CHECK_IMPL(true || (condition), "true")
2026-10-07T01:16:54.6772162Z       |   ^~~~~~~~~~~~~~~~~~~~~~~~~~~~
2026-10-07T01:16:54.6772675Z external/abseil-cpp+/absl/log/absl_check.h:47:3: note: in expansion of macro 'ABSL_LOG_INTERNAL_DCHECK_IMPL'
2026-10-07T01:16:54.6773282Z    47 |   ABSL_LOG_INTERNAL_DCHECK_IMPL((condition), #condition)
2026-10-07T01:16:54.6774202Z       |   ^~~~~~~~~~~~~~~~~~~~~~~~~~~~~
2026-10-07T01:16:54.6784436Z external/protobuf+/src/google/protobuf/generated_message_reflection.cc:3290:3: note: in expansion of macro 'ABSL_DCHECK'
2026-10-07T01:16:54.6785385Z  3290 |   ABSL_DCHECK(!field->options().weak());
2026-10-07T01:16:54.6785793Z       |   ^~~~~~~~~~~
2026-10-07T01:16:54.6786763Z bazel-out/k8-opt/bin/external/protobuf+/src/google/protobuf/_virtual_includes/protobuf/google/protobuf/descriptor.pb.h:18861:13: note: declared here
2026-10-07T01:16:54.6787528Z 18861 | inline bool FieldOptions::weak() const {
2026-10-07T01:16:54.6787941Z       |             ^~~~~~~~~~~~
2026-10-07T01:16:54.6788997Z external/protobuf+/src/google/protobuf/generated_message_reflection.cc: In member function 'void google::protobuf::Reflection::SetHasBit(google::protobuf::Message*, const google::protobuf::FieldDescriptor*) const':
2026-10-07T01:16:54.6790357Z external/protobuf+/src/google/protobuf/generated_message_reflection.cc:3323:37: warning: 'bool google::protobuf::FieldOptions::weak() const' is deprecated [-Wdeprecated-declarations]
2026-10-07T01:16:54.6791192Z  3323 |   ABSL_DCHECK(!field->options().weak());
2026-10-07T01:16:54.6791634Z       |                ~~~~~~~~~~~~~~~~~~~~~^~
2026-10-07T01:16:54.6792276Z external/abseil-cpp+/absl/log/internal/conditions.h:68:7: note: in definition of macro 'ABSL_LOG_INTERNAL_STATELESS_CONDITION'
2026-10-07T01:16:54.6793021Z    68 |     !(condition) ? (void)0 : ::absl::log_internal::Voidify() &&
2026-10-07T01:16:54.6793452Z       |       ^~~~~~~~~
2026-10-07T01:16:54.6794022Z external/abseil-cpp+/absl/log/internal/check_impl.h:26:3: note: in expansion of macro 'ABSL_LOG_INTERNAL_CONDITION_FATAL'
2026-10-07T01:16:54.6794758Z    26 |   ABSL_LOG_INTERNAL_CONDITION_FATAL(STATELESS,                        \
2026-10-07T01:16:54.6795264Z       |   ^~~~~~~~~~~~~~~~~~~~~~~~~~~~~~~~~
2026-10-07T01:16:54.6795836Z external/abseil-cpp+/absl/log/internal/check_impl.h:27:37: note: in expansion of macro 'ABSL_PREDICT_FALSE'
2026-10-07T01:16:54.6796504Z    27 |                                     ABSL_PREDICT_FALSE(!(condition))) \
2026-10-07T01:16:54.6797003Z       |                                     ^~~~~~~~~~~~~~~~~~
2026-10-07T01:16:54.6797612Z external/abseil-cpp+/absl/log/internal/check_impl.h:43:3: note: in expansion of macro 'ABSL_LOG_INTERNAL_CHECK_IMPL'
2026-10-07T01:16:54.6798287Z    43 |   ABSL_LOG_INTERNAL_CHECK_IMPL(true || (condition), "true")
2026-10-07T01:16:54.6798892Z       |   ^~~~~~~~~~~~~~~~~~~~~~~~~~~~
2026-10-07T01:16:54.6799452Z external/abseil-cpp+/absl/log/absl_check.h:47:3: note: in expansion of macro 'ABSL_LOG_INTERNAL_DCHECK_IMPL'
2026-10-07T01:16:54.6800102Z    47 |   ABSL_LOG_INTERNAL_DCHECK_IMPL((condition), #condition)
2026-10-07T01:16:54.6800561Z       |   ^~~~~~~~~~~~~~~~~~~~~~~~~~~~~
2026-10-07T01:16:54.6801171Z external/protobuf+/src/google/protobuf/generated_message_reflection.cc:3323:3: note: in expansion of macro 'ABSL_DCHECK'
2026-10-07T01:16:54.6801819Z  3323 |   ABSL_DCHECK(!field->options().weak());
2026-10-07T01:16:54.6802222Z       |   ^~~~~~~~~~~
2026-10-07T01:16:54.6802906Z bazel-out/k8-opt/bin/external/protobuf+/src/google/protobuf/_virtual_includes/protobuf/google/protobuf/descriptor.pb.h:18861:13: note: declared here
2026-10-07T01:16:54.6803646Z 18861 | inline bool FieldOptions::weak() const {
2026-10-07T01:16:54.6804047Z       |             ^~~~~~~~~~~~
2026-10-07T01:16:54.6805130Z external/protobuf+/src/google/protobuf/generated_message_reflection.cc: In member function 'void google::protobuf::Reflection::ClearHasBit(google::protobuf::Message*, const google::protobuf::FieldDescriptor*) const':
2026-10-07T01:16:54.6806545Z external/protobuf+/src/google/protobuf/generated_message_reflection.cc:3332:37: warning: 'bool google::protobuf::FieldOptions::weak() const' is deprecated [-Wdeprecated-declarations]
2026-10-07T01:16:54.6807376Z  3332 |   ABSL_DCHECK(!field->options().weak());
2026-10-07T01:16:54.6807811Z       |                ~~~~~~~~~~~~~~~~~~~~~^~
2026-10-07T01:16:54.6808645Z external/abseil-cpp+/absl/log/internal/conditions.h:68:7: note: in definition of macro 'ABSL_LOG_INTERNAL_STATELESS_CONDITION'
2026-10-07T01:16:54.6809500Z    68 |     !(condition) ? (void)0 : ::absl::log_internal::Voidify() &&
2026-10-07T01:16:54.6809939Z       |       ^~~~~~~~~
2026-10-07T01:16:54.6810758Z external/abseil-cpp+/absl/log/internal/check_impl.h:26:3: note: in expansion of macro 'ABSL_LOG_INTERNAL_CONDITION_FATAL'
2026-10-07T01:16:54.6811501Z    26 |   ABSL_LOG_INTERNAL_CONDITION_FATAL(STATELESS,                        \
2026-10-07T01:16:54.6812008Z       |   ^~~~~~~~~~~~~~~~~~~~~~~~~~~~~~~~~
2026-10-07T01:16:54.6812566Z external/abseil-cpp+/absl/log/internal/check_impl.h:27:37: note: in expansion of macro 'ABSL_PREDICT_FALSE'
2026-10-07T01:16:54.6813217Z    27 |                                     ABSL_PREDICT_FALSE(!(condition))) \
2026-10-07T01:16:54.6813719Z       |                                     ^~~~~~~~~~~~~~~~~~
2026-10-07T01:16:54.6814326Z external/abseil-cpp+/absl/log/internal/check_impl.h:43:3: note: in expansion of macro 'ABSL_LOG_INTERNAL_CHECK_IMPL'
2026-10-07T01:16:54.6815007Z    43 |   ABSL_LOG_INTERNAL_CHECK_IMPL(true || (condition), "true")
2026-10-07T01:16:54.6815474Z       |   ^~~~~~~~~~~~~~~~~~~~~~~~~~~~
2026-10-07T01:16:54.6816025Z external/abseil-cpp+/absl/log/absl_check.h:47:3: note: in expansion of macro 'ABSL_LOG_INTERNAL_DCHECK_IMPL'
2026-10-07T01:16:54.6816671Z    47 |   ABSL_LOG_INTERNAL_DCHECK_IMPL((condition), #condition)
2026-10-07T01:16:54.6817130Z       |   ^~~~~~~~~~~~~~~~~~~~~~~~~~~~~
2026-10-07T01:16:54.6817745Z external/protobuf+/src/google/protobuf/generated_message_reflection.cc:3332:3: note: in expansion of macro 'ABSL_DCHECK'
2026-10-07T01:16:54.6818391Z  3332 |   ABSL_DCHECK(!field->options().weak());
2026-10-07T01:16:54.6818918Z       |   ^~~~~~~~~~~
2026-10-07T01:16:54.6819594Z bazel-out/k8-opt/bin/external/protobuf+/src/google/protobuf/_virtual_includes/protobuf/google/protobuf/descriptor.pb.h:18861:13: note: declared here
2026-10-07T01:16:54.6820326Z 18861 | inline bool FieldOptions::weak() const {
2026-10-07T01:16:54.6820735Z       |             ^~~~~~~~~~~~
2026-10-07T01:16:54.6821747Z external/protobuf+/src/google/protobuf/generated_message_reflection.cc: In member function 'void google::protobuf::Reflection::NaiveSwapHasBit(google::protobuf::Message*, google::protobuf::Message*, const google::protobuf::FieldDescriptor*) const':
2026-10-07T01:16:54.6823458Z external/protobuf+/src/google/protobuf/generated_message_reflection.cc:3341:37: warning: 'bool google::protobuf::FieldOptions::weak() const' is deprecated [-Wdeprecated-declarations]
2026-10-07T01:16:54.6824291Z  3341 |   ABSL_DCHECK(!field->options().weak());
2026-10-07T01:16:54.6824721Z       |                ~~~~~~~~~~~~~~~~~~~~~^~
2026-10-07T01:16:54.6825355Z external/abseil-cpp+/absl/log/internal/conditions.h:68:7: note: in definition of macro 'ABSL_LOG_INTERNAL_STATELESS_CONDITION'
2026-10-07T01:16:54.6826082Z    68 |     !(condition) ? (void)0 : ::absl::log_internal::Voidify() &&
2026-10-07T01:16:54.6826519Z       |       ^~~~~~~~~
2026-10-07T01:16:54.6827078Z external/abseil-cpp+/absl/log/internal/check_impl.h:26:3: note: in expansion of macro 'ABSL_LOG_INTERNAL_CONDITION_FATAL'
2026-10-07T01:16:54.6827819Z    26 |   ABSL_LOG_INTERNAL_CONDITION_FATAL(STATELESS,                        \
2026-10-07T01:16:54.6828320Z       |   ^~~~~~~~~~~~~~~~~~~~~~~~~~~~~~~~~
2026-10-07T01:16:54.6829002Z external/abseil-cpp+/absl/log/internal/check_impl.h:27:37: note: in expansion of macro 'ABSL_PREDICT_FALSE'
2026-10-07T01:16:54.6829660Z    27 |                                     ABSL_PREDICT_FALSE(!(condition))) \
2026-10-07T01:16:54.6830160Z       |                                     ^~~~~~~~~~~~~~~~~~
2026-10-07T01:16:54.6830768Z external/abseil-cpp+/absl/log/internal/check_impl.h:43:3: note: in expansion of macro 'ABSL_LOG_INTERNAL_CHECK_IMPL'
2026-10-07T01:16:54.6831447Z    43 |   ABSL_LOG_INTERNAL_CHECK_IMPL(true || (condition), "true")
2026-10-07T01:16:54.6831910Z       |   ^~~~~~~~~~~~~~~~~~~~~~~~~~~~
2026-10-07T01:16:54.6832655Z external/abseil-cpp+/absl/log/absl_check.h:47:3: note: in expansion of macro 'ABSL_LOG_INTERNAL_DCHECK_IMPL'
2026-10-07T01:16:54.6833299Z    47 |   ABSL_LOG_INTERNAL_DCHECK_IMPL((condition), #condition)
2026-10-07T01:16:54.6833753Z       |   ^~~~~~~~~~~~~~~~~~~~~~~~~~~~~
2026-10-07T01:16:54.6834514Z external/protobuf+/src/google/protobuf/generated_message_reflection.cc:3341:3: note: in expansion of macro 'ABSL_DCHECK'
2026-10-07T01:16:54.6835169Z  3341 |   ABSL_DCHECK(!field->options().weak());
2026-10-07T01:16:54.6835557Z       |   ^~~~~~~~~~~
2026-10-07T01:16:54.6836229Z bazel-out/k8-opt/bin/external/protobuf+/src/google/protobuf/_virtual_includes/protobuf/google/protobuf/descriptor.pb.h:18861:13: note: declared here
2026-10-07T01:16:54.6836964Z 18861 | inline bool FieldOptions::weak() const {
2026-10-07T01:16:54.6837379Z       |             ^~~~~~~~~~~~
2026-10-07T01:16:54.6840157Z bazel-out/k8-opt/bin/external/protobuf+/src/google/protobuf/_virtual_includes/protobuf/google/protobuf/reflection_visit_fields.h: In instantiation of 'static void google::protobuf::internal::ReflectionVisit::VisitFields(MessageT&, CallbackFn&&, google::protobuf::internal::FieldMask) [with MessageT = google::protobuf::Message; CallbackFn = google::protobuf::internal::ReflectionVisit::VisitMessageFields<google::protobuf::Reflection::MaybePoisonAfterClear(google::protobuf::Message&) const::<lambda(google::protobuf::Message&)> >(google::protobuf::Message&, google::protobuf::Reflection::MaybePoisonAfterClear(google::protobuf::Message&) const::<lambda(google::protobuf::Message&)>&&)::<lambda(auto:42)>]':
2026-10-07T01:16:54.6843800Z bazel-out/k8-opt/bin/external/protobuf+/src/google/protobuf/_virtual_includes/protobuf/google/protobuf/reflection_visit_fields.h:447:31:   required from 'static void google::protobuf::internal::ReflectionVisit::VisitMessageFields(google::protobuf::Message&, CallbackFn&&) [with CallbackFn = google::protobuf::Reflection::MaybePoisonAfterClear(google::protobuf::Message&) const::<lambda(google::protobuf::Message&)>]'
2026-10-07T01:16:54.6846501Z bazel-out/k8-opt/bin/external/protobuf+/src/google/protobuf/_virtual_includes/protobuf/google/protobuf/reflection_visit_fields.h:502:38:   required from 'void google::protobuf::internal::VisitMutableMessageFields(google::protobuf::Message&, CallbackFn&&) [with CallbackFn = google::protobuf::Reflection::MaybePoisonAfterClear(google::protobuf::Message&) const::<lambda(google::protobuf::Message&)>]'
2026-10-07T01:16:54.6848173Z external/protobuf+/src/google/protobuf/generated_message_reflection.cc:1390:40:   required from here
2026-10-07T01:16:54.6849487Z bazel-out/k8-opt/bin/external/protobuf+/src/google/protobuf/_virtual_includes/protobuf/google/protobuf/reflection_visit_fields.h:109:39: warning: 'bool google::protobuf::FieldOptions::weak() const' is deprecated [-Wdeprecated-declarations]
2026-10-07T01:16:54.6869550Z   109 |     ABSL_DCHECK(!field->options().weak()) << "weak fields are not supported";
2026-10-07T01:16:54.6870222Z       |                  ~~~~~~~~~~~~~~~~~~~~~^~
2026-10-07T01:16:54.6870810Z external/abseil-cpp+/absl/log/internal/conditions.h:68:7: note: in definition of macro 'ABSL_LOG_INTERNAL_STATELESS_CONDITION'
2026-10-07T01:16:54.6871486Z    68 |     !(condition) ? (void)0 : ::absl::log_internal::Voidify() &&
2026-10-07T01:16:54.6871878Z       |       ^~~~~~~~~
2026-10-07T01:16:54.6872361Z external/abseil-cpp+/absl/log/internal/check_impl.h:26:3: note: in expansion of macro 'ABSL_LOG_INTERNAL_CONDITION_FATAL'
2026-10-07T01:16:54.6873048Z    26 |   ABSL_LOG_INTERNAL_CONDITION_FATAL(STATELESS,                        \
2026-10-07T01:16:54.6873484Z       |   ^~~~~~~~~~~~~~~~~~~~~~~~~~~~~~~~~
2026-10-07T01:16:54.6873998Z external/abseil-cpp+/absl/log/internal/check_impl.h:27:37: note: in expansion of macro 'ABSL_PREDICT_FALSE'
2026-10-07T01:16:54.6874583Z    27 |                                     ABSL_PREDICT_FALSE(!(condition))) \
2026-10-07T01:16:54.6874978Z       |                                     ^~~~~~~~~~~~~~~~~~
2026-10-07T01:16:54.6875733Z external/abseil-cpp+/absl/log/internal/check_impl.h:43:3: note: in expansion of macro 'ABSL_LOG_INTERNAL_CHECK_IMPL'
2026-10-07T01:16:54.6876299Z    43 |   ABSL_LOG_INTERNAL_CHECK_IMPL(true || (condition), "true")
2026-10-07T01:16:54.6876662Z       |   ^~~~~~~~~~~~~~~~~~~~~~~~~~~~
2026-10-07T01:16:54.6877302Z external/abseil-cpp+/absl/log/absl_check.h:47:3: note: in expansion of macro 'ABSL_LOG_INTERNAL_DCHECK_IMPL'
2026-10-07T01:16:54.6877856Z    47 |   ABSL_LOG_INTERNAL_DCHECK_IMPL((condition), #condition)
2026-10-07T01:16:54.6878215Z       |   ^~~~~~~~~~~~~~~~~~~~~~~~~~~~~
2026-10-07T01:16:54.6879089Z bazel-out/k8-opt/bin/external/protobuf+/src/google/protobuf/_virtual_includes/protobuf/google/protobuf/reflection_visit_fields.h:109:5: note: in expansion of macro 'ABSL_DCHECK'
2026-10-07T01:16:54.6879919Z   109 |     ABSL_DCHECK(!field->options().weak()) << "weak fields are not supported";
2026-10-07T01:16:54.6880307Z       |     ^~~~~~~~~~~
2026-10-07T01:16:54.6880895Z bazel-out/k8-opt/bin/external/protobuf+/src/google/protobuf/_virtual_includes/protobuf/google/protobuf/descriptor.pb.h:18861:13: note: declared here
2026-10-07T01:16:54.6881524Z 18861 | inline bool FieldOptions::weak() const {
2026-10-07T01:16:54.6881833Z       |             ^~~~~~~~~~~~
2026-10-07T01:16:54.6882726Z bazel-out/k8-opt/bin/external/protobuf+/src/google/protobuf/_virtual_includes/protobuf/google/protobuf/reflection_visit_fields.h:109:39: warning: 'bool google::protobuf::FieldOptions::weak() const' is deprecated [-Wdeprecated-declarations]
2026-10-07T01:16:54.6883774Z   109 |     ABSL_DCHECK(!field->options().weak()) << "weak fields are not supported";
2026-10-07T01:16:54.6884216Z       |                  ~~~~~~~~~~~~~~~~~~~~~^~
2026-10-07T01:16:54.6884764Z external/abseil-cpp+/absl/log/internal/conditions.h:68:7: note: in definition of macro 'ABSL_LOG_INTERNAL_STATELESS_CONDITION'
2026-10-07T01:16:54.6885390Z    68 |     !(condition) ? (void)0 : ::absl::log_internal::Voidify() &&
2026-10-07T01:16:54.6885733Z       |       ^~~~~~~~~
2026-10-07T01:16:54.6886186Z external/abseil-cpp+/absl/log/internal/check_impl.h:26:3: note: in expansion of macro 'ABSL_LOG_INTERNAL_CONDITION_FATAL'
2026-10-07T01:16:54.6886807Z    26 |   ABSL_LOG_INTERNAL_CONDITION_FATAL(STATELESS,                        \
2026-10-07T01:16:54.6887206Z       |   ^~~~~~~~~~~~~~~~~~~~~~~~~~~~~~~~~
2026-10-07T01:16:54.6887656Z external/abseil-cpp+/absl/log/internal/check_impl.h:27:37: note: in expansion of macro 'ABSL_PREDICT_FALSE'
2026-10-07T01:16:54.6888199Z    27 |                                     ABSL_PREDICT_FALSE(!(condition))) \
2026-10-07T01:16:54.6888602Z       |                                     ^~~~~~~~~~~~~~~~~~
2026-10-07T01:16:54.6889271Z external/abseil-cpp+/absl/log/internal/check_impl.h:43:3: note: in expansion of macro 'ABSL_LOG_INTERNAL_CHECK_IMPL'
2026-10-07T01:16:54.6889834Z    43 |   ABSL_LOG_INTERNAL_CHECK_IMPL(true || (condition), "true")
2026-10-07T01:16:54.6890191Z       |   ^~~~~~~~~~~~~~~~~~~~~~~~~~~~
2026-10-07T01:16:54.6890647Z external/abseil-cpp+/absl/log/absl_check.h:47:3: note: in expansion of macro 'ABSL_LOG_INTERNAL_DCHECK_IMPL'
2026-10-07T01:16:54.6891185Z    47 |   ABSL_LOG_INTERNAL_DCHECK_IMPL((condition), #condition)
2026-10-07T01:16:54.6891534Z       |   ^~~~~~~~~~~~~~~~~~~~~~~~~~~~~
2026-10-07T01:16:54.6892261Z bazel-out/k8-opt/bin/external/protobuf+/src/google/protobuf/_virtual_includes/protobuf/google/protobuf/reflection_visit_fields.h:109:5: note: in expansion of macro 'ABSL_DCHECK'
2026-10-07T01:16:54.6893131Z   109 |     ABSL_DCHECK(!field->options().weak()) << "weak fields are not supported";
2026-10-07T01:16:54.6893530Z       |     ^~~~~~~~~~~
2026-10-07T01:16:54.6894120Z bazel-out/k8-opt/bin/external/protobuf+/src/google/protobuf/_virtual_includes/protobuf/google/protobuf/descriptor.pb.h:18861:13: note: declared here
2026-10-07T01:16:54.6894768Z 18861 | inline bool FieldOptions::weak() const {
2026-10-07T01:16:54.6895092Z       |             ^~~~~~~~~~~~
2026-10-07T01:16:56.1030307Z [836 / 939] Compiling src/google/protobuf/descriptor.cc; 14s processwrapper-sandbox ... (4 actions running)
2026-10-07T01:16:56.6627289Z INFO: From Compiling src/google/protobuf/compiler/cpp/field_generators/map_field.cc [for tool]:
2026-10-07T01:16:56.6650458Z In file included from bazel-out/k8-opt-exec-ST-d57f47055a04/bin/external/protobuf+/src/google/protobuf/compiler/cpp/_virtual_includes/cpp/google/protobuf/compiler/cpp/field.h:26,
2026-10-07T01:16:56.6680344Z                  from external/protobuf+/src/google/protobuf/compiler/cpp/field_generators/map_field.cc:19:
2026-10-07T01:16:56.6710543Z bazel-out/k8-opt-exec-ST-d57f47055a04/bin/external/protobuf+/src/google/protobuf/compiler/cpp/_virtual_includes/names_internal/google/protobuf/compiler/cpp/helpers.h: In function 'bool google::protobuf::compiler::cpp::IsWeak(const google::protobuf::FieldDescriptor*, const Options&)':
2026-10-07T01:16:56.6732490Z bazel-out/k8-opt-exec-ST-d57f47055a04/bin/external/protobuf+/src/google/protobuf/compiler/cpp/_virtual_includes/names_internal/google/protobuf/compiler/cpp/helpers.h:347:28: warning: 'bool google::protobuf::FieldOptions::weak() const' is deprecated [-Wdeprecated-declarations]
2026-10-07T01:16:56.6733940Z   347 |   if (field->options().weak()) {
2026-10-07T01:16:56.6734456Z       |       ~~~~~~~~~~~~~~~~~~~~~^~
2026-10-07T01:16:56.6735411Z In file included from bazel-out/k8-opt-exec-ST-d57f47055a04/bin/external/protobuf+/src/google/protobuf/compiler/_virtual_includes/code_generator_lite/google/protobuf/compiler/code_generator_lite.h:18,
2026-10-07T01:16:56.6737474Z                  from bazel-out/k8-opt-exec-ST-d57f47055a04/bin/external/protobuf+/src/google/protobuf/compiler/_virtual_includes/code_generator/google/protobuf/compiler/code_generator.h:25,
2026-10-07T01:16:56.6739737Z                  from bazel-out/k8-opt-exec-ST-d57f47055a04/bin/external/protobuf+/src/google/protobuf/compiler/cpp/_virtual_includes/names_internal/google/protobuf/compiler/cpp/helpers.h:29:
2026-10-07T01:16:56.6741413Z bazel-out/k8-opt-exec-ST-d57f47055a04/bin/external/protobuf+/src/google/protobuf/_virtual_includes/protobuf/google/protobuf/descriptor.pb.h:18861:13: note: declared here
2026-10-07T01:16:56.6742386Z 18861 | inline bool FieldOptions::weak() const {
2026-10-07T01:16:56.6742803Z       |             ^~~~~~~~~~~~
2026-10-07T01:16:58.1050203Z [839 / 939] Compiling src/google/protobuf/descriptor.cc; 16s processwrapper-sandbox ... (4 actions running)
2026-10-07T01:16:59.4580329Z [840 / 939] Compiling src/google/protobuf/descriptor.cc; 18s processwrapper-sandbox ... (4 actions, 3 running)
2026-10-07T01:17:01.1070371Z [841 / 939] Compiling src/google/protobuf/descriptor.cc; 19s processwrapper-sandbox ... (4 actions running)
2026-10-07T01:17:01.6590050Z INFO: From Compiling src/google/protobuf/descriptor.cc:
2026-10-07T01:17:01.6610176Z external/protobuf+/src/google/protobuf/descriptor.cc: In member function 'void google::protobuf::FieldDescriptor::DebugString(int, std::string*, const google::protobuf::DebugStringOptions&) const':
2026-10-07T01:17:01.6629917Z external/protobuf+/src/google/protobuf/descriptor.cc:3953:65: warning: 'bool google::protobuf::FieldDescriptor::has_optional_keyword() const' is deprecated: Use has_presence() instead. [-Wdeprecated-declarations]
2026-10-07T01:17:01.6659479Z  3953 |       (!is_required() && !is_repeated() && !has_optional_keyword())) {
2026-10-07T01:17:01.6686200Z       |                                             ~~~~~~~~~~~~~~~~~~~~^~
2026-10-07T01:17:01.6699537Z In file included from external/protobuf+/src/google/protobuf/descriptor.cc:12:
2026-10-07T01:17:01.6720388Z bazel-out/k8-opt/bin/external/protobuf+/src/google/protobuf/_virtual_includes/protobuf/google/protobuf/descriptor.h:1136:8: note: declared here
2026-10-07T01:17:01.6721241Z  1136 |   bool has_optional_keyword() const;
2026-10-07T01:17:01.6721662Z       |        ^~~~~~~~~~~~~~~~~~~~
2026-10-07T01:17:01.6722659Z external/protobuf+/src/google/protobuf/descriptor.cc: In member function 'void google::protobuf::DescriptorBuilder::CrossLinkField(google::protobuf::FieldDescriptor*, const google::protobuf::FieldDescriptorProto&)':
2026-10-07T01:17:01.6724370Z external/protobuf+/src/google/protobuf/descriptor.cc:7982:65: warning: 'bool google::protobuf::FieldOptions::weak() const' is deprecated [-Wdeprecated-declarations]
2026-10-07T01:17:01.6725283Z  7982 |     bool is_weak = !pool_->enforce_weak_ && proto.options().weak();
2026-10-07T01:17:01.6726107Z       |                                             ~~~~~~~~~~~~~~~~~~~~^~
2026-10-07T01:17:01.6726898Z In file included from bazel-out/k8-opt/bin/external/protobuf+/src/google/protobuf/_virtual_includes/protobuf/google/protobuf/cpp_features.pb.h:33,
2026-10-07T01:17:01.6728004Z                  from external/protobuf+/src/google/protobuf/descriptor.cc:72:
2026-10-07T01:17:01.6729073Z bazel-out/k8-opt/bin/external/protobuf+/src/google/protobuf/_virtual_includes/protobuf/google/protobuf/descriptor.pb.h:18861:13: note: declared here
2026-10-07T01:17:01.6729814Z 18861 | inline bool FieldOptions::weak() const {
2026-10-07T01:17:01.6730226Z       |             ^~~~~~~~~~~~
2026-10-07T01:17:01.6731132Z external/protobuf+/src/google/protobuf/descriptor.cc: In function 'google::protobuf::internal::cpp::HasbitMode google::protobuf::internal::cpp::GetFieldHasbitModeWithoutProfile(const google::protobuf::FieldDescriptor*)':
2026-10-07T01:17:01.6732535Z external/protobuf+/src/google/protobuf/descriptor.cc:10700:62: warning: 'bool google::protobuf::FieldOptions::weak() const' is deprecated [-Wdeprecated-declarations]
2026-10-07T01:17:01.6733409Z 10700 |   if (field->real_containing_oneof() || field->options().weak() ||
2026-10-07T01:17:01.6733996Z       |                                         ~~~~~~~~~~~~~~~~~~~~~^~
2026-10-07T01:17:01.6734726Z bazel-out/k8-opt/bin/external/protobuf+/src/google/protobuf/_virtual_includes/protobuf/google/protobuf/descriptor.pb.h:18861:13: note: declared here
2026-10-07T01:17:01.6735496Z 18861 | inline bool FieldOptions::weak() const {
2026-10-07T01:17:01.6735904Z       |             ^~~~~~~~~~~~
2026-10-07T01:17:02.0012919Z INFO: From Compiling src/google/protobuf/compiler/cpp/field_generators/message_field.cc [for tool]:
2026-10-07T01:17:02.0019951Z In file included from bazel-out/k8-opt-exec-ST-d57f47055a04/bin/external/protobuf+/src/google/protobuf/compiler/cpp/_virtual_includes/cpp/google/protobuf/compiler/cpp/field.h:26,
2026-10-07T01:17:02.0090122Z                  from external/protobuf+/src/google/protobuf/compiler/cpp/field_generators/message_field.cc:21:
2026-10-07T01:17:02.0130652Z bazel-out/k8-opt-exec-ST-d57f47055a04/bin/external/protobuf+/src/google/protobuf/compiler/cpp/_virtual_includes/names_internal/google/protobuf/compiler/cpp/helpers.h: In function 'bool google::protobuf::compiler::cpp::IsWeak(const google::protobuf::FieldDescriptor*, const Options&)':
2026-10-07T01:17:02.0180264Z bazel-out/k8-opt-exec-ST-d57f47055a04/bin/external/protobuf+/src/google/protobuf/compiler/cpp/_virtual_includes/names_internal/google/protobuf/compiler/cpp/helpers.h:347:28: warning: 'bool google::protobuf::FieldOptions::weak() const' is deprecated [-Wdeprecated-declarations]
2026-10-07T01:17:02.0209417Z   347 |   if (field->options().weak()) {
2026-10-07T01:17:02.0239336Z       |       ~~~~~~~~~~~~~~~~~~~~~^~
2026-10-07T01:17:02.0260602Z In file included from bazel-out/k8-opt-exec-ST-d57f47055a04/bin/external/protobuf+/src/google/protobuf/compiler/_virtual_includes/code_generator_lite/google/protobuf/compiler/code_generator_lite.h:18,
2026-10-07T01:17:02.0290438Z                  from bazel-out/k8-opt-exec-ST-d57f47055a04/bin/external/protobuf+/src/google/protobuf/compiler/_virtual_includes/code_generator/google/protobuf/compiler/code_generator.h:25,
2026-10-07T01:17:02.0300536Z                  from bazel-out/k8-opt-exec-ST-d57f47055a04/bin/external/protobuf+/src/google/protobuf/compiler/cpp/_virtual_includes/names_internal/google/protobuf/compiler/cpp/helpers.h:29:
2026-10-07T01:17:02.0329815Z bazel-out/k8-opt-exec-ST-d57f47055a04/bin/external/protobuf+/src/google/protobuf/_virtual_includes/protobuf/google/protobuf/descriptor.pb.h:18861:13: note: declared here
2026-10-07T01:17:02.0369763Z 18861 | inline bool FieldOptions::weak() const {
2026-10-07T01:17:02.0409464Z       |             ^~~~~~~~~~~~
2026-10-07T01:17:02.1041520Z [843 / 939] Compiling src/google/protobuf/dynamic_message.cc [for tool]; 2s processwrapper-sandbox ... (4 actions running)
2026-10-07T01:17:02.1850264Z INFO: From Compiling src/google/protobuf/dynamic_message.cc [for tool]:
2026-10-07T01:17:02.1879678Z In file included from external/protobuf+/src/google/protobuf/dynamic_message.cc:66:
2026-10-07T01:17:02.1910313Z bazel-out/k8-opt-exec-ST-d57f47055a04/bin/external/protobuf+/src/google/protobuf/_virtual_includes/protobuf/google/protobuf/map_field.h: In constructor 'google::protobuf::internal::MapFieldBase::ReflectionPayload::ReflectionPayload(google::protobuf::Arena*, const google::protobuf::Message*)':
2026-10-07T01:17:02.1940438Z bazel-out/k8-opt-exec-ST-d57f47055a04/bin/external/protobuf+/src/google/protobuf/_virtual_includes/protobuf/google/protobuf/map_field.h:416:11: warning: 'google::protobuf::RepeatedPtrField<T>::RepeatedPtrField(google::protobuf::Arena*) [with Element = google::protobuf::Message]' is deprecated: Use Arena::Create<RepeatedPtrField<...>>(Arena*) instead [-Wdeprecated-declarations]
2026-10-07T01:17:02.1969421Z   416 |         : repeated_field_(arena), prototype_(prototype) {}
2026-10-07T01:17:02.1969891Z       |           ^~~~~~~~~~~~~~~~~~~~~~
2026-10-07T01:17:02.2029992Z In file included from bazel-out/k8-opt-exec-ST-d57f47055a04/bin/external/protobuf+/src/google/protobuf/_virtual_includes/protobuf_lite/google/protobuf/repeated_field.h:46,
2026-10-07T01:17:02.2060420Z                  from bazel-out/k8-opt-exec-ST-d57f47055a04/bin/external/protobuf+/src/google/protobuf/_virtual_includes/protobuf_lite/google/protobuf/parse_context.h:39,
2026-10-07T01:17:02.2110527Z                  from bazel-out/k8-opt-exec-ST-d57f47055a04/bin/external/protobuf+/src/google/protobuf/_virtual_includes/protobuf_lite/google/protobuf/generated_message_tctable_decl.h:25,
2026-10-07T01:17:02.2140310Z                  from bazel-out/k8-opt-exec-ST-d57f47055a04/bin/external/protobuf+/src/google/protobuf/_virtual_includes/protobuf_lite/google/protobuf/extension_set.h:40,
2026-10-07T01:17:02.2150456Z                  from bazel-out/k8-opt-exec-ST-d57f47055a04/bin/external/protobuf+/src/google/protobuf/_virtual_includes/protobuf/google/protobuf/descriptor.h:56,
2026-10-07T01:17:02.2180156Z                  from bazel-out/k8-opt-exec-ST-d57f47055a04/bin/external/protobuf+/src/google/protobuf/_virtual_includes/protobuf/google/protobuf/dynamic_message.h:27,
2026-10-07T01:17:02.2181208Z                  from external/protobuf+/src/google/protobuf/dynamic_message.cc:42:
2026-10-07T01:17:02.2182049Z bazel-out/k8-opt-exec-ST-d57f47055a04/bin/external/protobuf+/src/google/protobuf/_virtual_includes/protobuf_lite/google/protobuf/repeated_ptr_field.h:1380:8: note: declared here
2026-10-07T01:17:02.2182885Z  1380 | inline RepeatedPtrField<Element>::RepeatedPtrField(Arena* arena)
2026-10-07T01:17:02.2183319Z       |        ^~~~~~~~~~~~~~~~~~~~~~~~~
2026-10-07T01:17:02.2183913Z external/protobuf+/src/google/protobuf/dynamic_message.cc: In member function 'void google::protobuf::DynamicMessage::SharedCtor(bool)':
2026-10-07T01:17:02.2185383Z external/protobuf+/src/google/protobuf/dynamic_message.cc:574:66: warning: 'google::protobuf::RepeatedPtrField<T>::RepeatedPtrField(google::protobuf::Arena*) [with Element = std::__cxx11::basic_string<char>]' is deprecated: Use Arena::Create<RepeatedPtrField<...>>(Arena*) instead [-Wdeprecated-declarations]
2026-10-07T01:17:02.2186594Z   574 |               new (field_ptr) RepeatedPtrField<std::string>(arena);
2026-10-07T01:17:02.2187038Z       |                                                                  ^
2026-10-07T01:17:02.2187814Z bazel-out/k8-opt-exec-ST-d57f47055a04/bin/external/protobuf+/src/google/protobuf/_virtual_includes/protobuf_lite/google/protobuf/repeated_ptr_field.h:1380:8: note: declared here
2026-10-07T01:17:02.2189279Z  1380 | inline RepeatedPtrField<Element>::RepeatedPtrField(Arena* arena)
2026-10-07T01:17:02.2189679Z       |        ^~~~~~~~~~~~~~~~~~~~~~~~~
2026-10-07T01:17:02.2190963Z external/protobuf+/src/google/protobuf/dynamic_message.cc:602:60: warning: 'google::protobuf::RepeatedPtrField<T>::RepeatedPtrField(google::protobuf::Arena*) [with Element = google::protobuf::Message]' is deprecated: Use Arena::Create<RepeatedPtrField<...>>(Arena*) instead [-Wdeprecated-declarations]
2026-10-07T01:17:02.2192146Z   602 |             new (field_ptr) RepeatedPtrField<Message>(arena);
2026-10-07T01:17:02.2192578Z       |                                                            ^
2026-10-07T01:17:02.2193330Z bazel-out/k8-opt-exec-ST-d57f47055a04/bin/external/protobuf+/src/google/protobuf/_virtual_includes/protobuf_lite/google/protobuf/repeated_ptr_field.h:1380:8: note: declared here
2026-10-07T01:17:02.2194138Z  1380 | inline RepeatedPtrField<Element>::RepeatedPtrField(Arena* arena)
2026-10-07T01:17:02.2194524Z       |        ^~~~~~~~~~~~~~~~~~~~~~~~~
2026-10-07T01:17:02.2195077Z external/protobuf+/src/google/protobuf/dynamic_message.cc: In member function 'void google::protobuf::DynamicMessage::CrossLinkPrototypes()':
2026-10-07T01:17:02.2196087Z external/protobuf+/src/google/protobuf/dynamic_message.cc:774:31: warning: 'bool google::protobuf::FieldOptions::weak() const' is deprecated [-Wdeprecated-declarations]
2026-10-07T01:17:02.2209376Z   774 |         !field->options().weak() && !InRealOneof(field) &&
2026-10-07T01:17:02.2239211Z       |          ~~~~~~~~~~~~~~~~~~~~~^~
2026-10-07T01:17:02.2259472Z In file included from external/protobuf+/src/google/protobuf/dynamic_message.cc:60:
2026-10-07T01:17:02.2279631Z bazel-out/k8-opt-exec-ST-d57f47055a04/bin/external/protobuf+/src/google/protobuf/_virtual_includes/protobuf/google/protobuf/descriptor.pb.h:18861:13: note: declared here
2026-10-07T01:17:02.2299237Z 18861 | inline bool FieldOptions::weak() const {
2026-10-07T01:17:02.2329164Z       |             ^~~~~~~~~~~~
2026-10-07T01:17:04.1049967Z [845 / 939] Compiling src/google/protobuf/descriptor.pb.cc; 2s processwrapper-sandbox ... (4 actions running)
2026-10-07T01:17:05.3870029Z INFO: From Compiling src/google/protobuf/dynamic_message.cc:
2026-10-07T01:17:05.3899963Z In file included from external/protobuf+/src/google/protobuf/dynamic_message.cc:66:
2026-10-07T01:17:05.3920512Z bazel-out/k8-opt/bin/external/protobuf+/src/google/protobuf/_virtual_includes/protobuf/google/protobuf/map_field.h: In constructor 'google::protobuf::internal::MapFieldBase::ReflectionPayload::ReflectionPayload(google::protobuf::Arena*, const google::protobuf::Message*)':
2026-10-07T01:17:05.3922651Z bazel-out/k8-opt/bin/external/protobuf+/src/google/protobuf/_virtual_includes/protobuf/google/protobuf/map_field.h:416:11: warning: 'google::protobuf::RepeatedPtrField<T>::RepeatedPtrField(google::protobuf::Arena*) [with Element = google::protobuf::Message]' is deprecated: Use Arena::Create<RepeatedPtrField<...>>(Arena*) instead [-Wdeprecated-declarations]
2026-10-07T01:17:05.3924046Z   416 |         : repeated_field_(arena), prototype_(prototype) {}
2026-10-07T01:17:05.3924392Z       |           ^~~~~~~~~~~~~~~~~~~~~~
2026-10-07T01:17:05.3925007Z In file included from bazel-out/k8-opt/bin/external/protobuf+/src/google/protobuf/_virtual_includes/protobuf_lite/google/protobuf/repeated_field.h:46,
2026-10-07T01:17:05.3926470Z                  from bazel-out/k8-opt/bin/external/protobuf+/src/google/protobuf/_virtual_includes/protobuf_lite/google/protobuf/parse_context.h:39,
2026-10-07T01:17:05.3927943Z                  from bazel-out/k8-opt/bin/external/protobuf+/src/google/protobuf/_virtual_includes/protobuf_lite/google/protobuf/generated_message_tctable_decl.h:25,
2026-10-07T01:17:05.3929542Z                  from bazel-out/k8-opt/bin/external/protobuf+/src/google/protobuf/_virtual_includes/protobuf_lite/google/protobuf/extension_set.h:40,
2026-10-07T01:17:05.3930877Z                  from bazel-out/k8-opt/bin/external/protobuf+/src/google/protobuf/_virtual_includes/protobuf/google/protobuf/descriptor.h:56,
2026-10-07T01:17:05.3932565Z                  from bazel-out/k8-opt/bin/external/protobuf+/src/google/protobuf/_virtual_includes/protobuf/google/protobuf/dynamic_message.h:27,
2026-10-07T01:17:05.3933506Z                  from external/protobuf+/src/google/protobuf/dynamic_message.cc:42:
2026-10-07T01:17:05.3934459Z bazel-out/k8-opt/bin/external/protobuf+/src/google/protobuf/_virtual_includes/protobuf_lite/google/protobuf/repeated_ptr_field.h:1380:8: note: declared here
2026-10-07T01:17:05.3935206Z  1380 | inline RepeatedPtrField<Element>::RepeatedPtrField(Arena* arena)
2026-10-07T01:17:05.3935610Z       |        ^~~~~~~~~~~~~~~~~~~~~~~~~
2026-10-07T01:17:05.3936170Z external/protobuf+/src/google/protobuf/dynamic_message.cc: In member function 'void google::protobuf::DynamicMessage::SharedCtor(bool)':
2026-10-07T01:17:05.3937570Z external/protobuf+/src/google/protobuf/dynamic_message.cc:574:66: warning: 'google::protobuf::RepeatedPtrField<T>::RepeatedPtrField(google::protobuf::Arena*) [with Element = std::__cxx11::basic_string<char>]' is deprecated: Use Arena::Create<RepeatedPtrField<...>>(Arena*) instead [-Wdeprecated-declarations]
2026-10-07T01:17:05.3938893Z   574 |               new (field_ptr) RepeatedPtrField<std::string>(arena);
2026-10-07T01:17:05.3939329Z       |                                                                  ^
2026-10-07T01:17:05.3940017Z bazel-out/k8-opt/bin/external/protobuf+/src/google/protobuf/_virtual_includes/protobuf_lite/google/protobuf/repeated_ptr_field.h:1380:8: note: declared here
2026-10-07T01:17:05.3940781Z  1380 | inline RepeatedPtrField<Element>::RepeatedPtrField(Arena* arena)
2026-10-07T01:17:05.3941190Z       |        ^~~~~~~~~~~~~~~~~~~~~~~~~
2026-10-07T01:17:05.3942401Z external/protobuf+/src/google/protobuf/dynamic_message.cc:602:60: warning: 'google::protobuf::RepeatedPtrField<T>::RepeatedPtrField(google::protobuf::Arena*) [with Element = google::protobuf::Message]' is deprecated: Use Arena::Create<RepeatedPtrField<...>>(Arena*) instead [-Wdeprecated-declarations]
2026-10-07T01:17:05.3943525Z   602 |             new (field_ptr) RepeatedPtrField<Message>(arena);
2026-10-07T01:17:05.3943948Z       |                                                            ^
2026-10-07T01:17:05.3944620Z bazel-out/k8-opt/bin/external/protobuf+/src/google/protobuf/_virtual_includes/protobuf_lite/google/protobuf/repeated_ptr_field.h:1380:8: note: declared here
2026-10-07T01:17:05.3945367Z  1380 | inline RepeatedPtrField<Element>::RepeatedPtrField(Arena* arena)
2026-10-07T01:17:05.3979498Z       |        ^~~~~~~~~~~~~~~~~~~~~~~~~
2026-10-07T01:17:05.3980147Z external/protobuf+/src/google/protobuf/dynamic_message.cc: In member function 'void google::protobuf::DynamicMessage::CrossLinkPrototypes()':
2026-10-07T01:17:05.3981165Z external/protobuf+/src/google/protobuf/dynamic_message.cc:774:31: warning: 'bool google::protobuf::FieldOptions::weak() const' is deprecated [-Wdeprecated-declarations]
2026-10-07T01:17:05.3981912Z   774 |         !field->options().weak() && !InRealOneof(field) &&
2026-10-07T01:17:05.3982286Z       |          ~~~~~~~~~~~~~~~~~~~~~^~
2026-10-07T01:17:05.3982709Z In file included from external/protobuf+/src/google/protobuf/dynamic_message.cc:60:
2026-10-07T01:17:05.3983500Z bazel-out/k8-opt/bin/external/protobuf+/src/google/protobuf/_virtual_includes/protobuf/google/protobuf/descriptor.pb.h:18861:13: note: declared here
2026-10-07T01:17:05.3984148Z 18861 | inline bool FieldOptions::weak() const {
2026-10-07T01:17:05.3984466Z       |             ^~~~~~~~~~~~
2026-10-07T01:17:05.3984940Z [846 / 939] Compiling src/google/protobuf/descriptor.pb.cc; 3s processwrapper-sandbox ... (4 actions, 3 running)
2026-10-07T01:17:06.1395911Z INFO: From Compiling src/google/protobuf/compiler/cpp/field_generators/primitive_field.cc [for tool]:
2026-10-07T01:17:06.1436813Z In file included from bazel-out/k8-opt-exec-ST-d57f47055a04/bin/external/protobuf+/src/google/protobuf/compiler/cpp/_virtual_includes/cpp/google/protobuf/compiler/cpp/field.h:26,
2026-10-07T01:17:06.1470149Z                  from external/protobuf+/src/google/protobuf/compiler/cpp/field_generators/primitive_field.cc:21:
2026-10-07T01:17:06.1500497Z bazel-out/k8-opt-exec-ST-d57f47055a04/bin/external/protobuf+/src/google/protobuf/compiler/cpp/_virtual_includes/names_internal/google/protobuf/compiler/cpp/helpers.h: In function 'bool google::protobuf::compiler::cpp::IsWeak(const google::protobuf::FieldDescriptor*, const Options&)':
2026-10-07T01:17:06.1502364Z bazel-out/k8-opt-exec-ST-d57f47055a04/bin/external/protobuf+/src/google/protobuf/compiler/cpp/_virtual_includes/names_internal/google/protobuf/compiler/cpp/helpers.h:347:28: warning: 'bool google::protobuf::FieldOptions::weak() const' is deprecated [-Wdeprecated-declarations]
2026-10-07T01:17:06.1521980Z   347 |   if (field->options().weak()) {
2026-10-07T01:17:06.1526035Z       |       ~~~~~~~~~~~~~~~~~~~~~^~
2026-10-07T01:17:06.1527033Z In file included from bazel-out/k8-opt-exec-ST-d57f47055a04/bin/external/protobuf+/src/google/protobuf/compiler/_virtual_includes/code_generator_lite/google/protobuf/compiler/code_generator_lite.h:18,
2026-10-07T01:17:06.1529922Z                  from bazel-out/k8-opt-exec-ST-d57f47055a04/bin/external/protobuf+/src/google/protobuf/compiler/_virtual_includes/code_generator/google/protobuf/compiler/code_generator.h:25,
2026-10-07T01:17:06.1532042Z                  from bazel-out/k8-opt-exec-ST-d57f47055a04/bin/external/protobuf+/src/google/protobuf/compiler/cpp/_virtual_includes/names_internal/google/protobuf/compiler/cpp/helpers.h:29:
2026-10-07T01:17:06.1533339Z bazel-out/k8-opt-exec-ST-d57f47055a04/bin/external/protobuf+/src/google/protobuf/_virtual_includes/protobuf/google/protobuf/descriptor.pb.h:18861:13: note: declared here
2026-10-07T01:17:06.1534318Z 18861 | inline bool FieldOptions::weak() const {
2026-10-07T01:17:06.1534798Z       |             ^~~~~~~~~~~~
2026-10-07T01:17:07.1060307Z [847 / 939] Compiling src/google/protobuf/descriptor.pb.cc; 5s processwrapper-sandbox ... (4 actions running)
2026-10-07T01:17:08.3780124Z [849 / 939] Compiling src/google/protobuf/descriptor_database.cc; 2s processwrapper-sandbox ... (4 actions, 3 running)
2026-10-07T01:17:10.1100087Z [849 / 939] Compiling src/google/protobuf/descriptor_database.cc; 4s processwrapper-sandbox ... (4 actions running)
2026-10-07T01:17:11.1570272Z INFO: From Compiling src/google/protobuf/compiler/cpp/field_generators/string_field.cc [for tool]:
2026-10-07T01:17:11.1571382Z In file included from bazel-out/k8-opt-exec-ST-d57f47055a04/bin/external/protobuf+/src/google/protobuf/compiler/cpp/_virtual_includes/cpp/google/protobuf/compiler/cpp/field.h:26,
2026-10-07T01:17:11.1600300Z                  from external/protobuf+/src/google/protobuf/compiler/cpp/field_generators/string_field.cc:20:
2026-10-07T01:17:11.1630246Z bazel-out/k8-opt-exec-ST-d57f47055a04/bin/external/protobuf+/src/google/protobuf/compiler/cpp/_virtual_includes/names_internal/google/protobuf/compiler/cpp/helpers.h: In function 'bool google::protobuf::compiler::cpp::IsWeak(const google::protobuf::FieldDescriptor*, const Options&)':
2026-10-07T01:17:11.1660272Z bazel-out/k8-opt-exec-ST-d57f47055a04/bin/external/protobuf+/src/google/protobuf/compiler/cpp/_virtual_includes/names_internal/google/protobuf/compiler/cpp/helpers.h:347:28: warning: 'bool google::protobuf::FieldOptions::weak() const' is deprecated [-Wdeprecated-declarations]
2026-10-07T01:17:11.1661394Z   347 |   if (field->options().weak()) {
2026-10-07T01:17:11.1661695Z       |       ~~~~~~~~~~~~~~~~~~~~~^~
2026-10-07T01:17:11.1662593Z In file included from bazel-out/k8-opt-exec-ST-d57f47055a04/bin/external/protobuf+/src/google/protobuf/compiler/_virtual_includes/code_generator_lite/google/protobuf/compiler/code_generator_lite.h:18,
2026-10-07T01:17:11.1664434Z                  from bazel-out/k8-opt-exec-ST-d57f47055a04/bin/external/protobuf+/src/google/protobuf/compiler/_virtual_includes/code_generator/google/protobuf/compiler/code_generator.h:25,
2026-10-07T01:17:11.1666190Z                  from bazel-out/k8-opt-exec-ST-d57f47055a04/bin/external/protobuf+/src/google/protobuf/compiler/cpp/_virtual_includes/names_internal/google/protobuf/compiler/cpp/helpers.h:29:
2026-10-07T01:17:11.1667612Z bazel-out/k8-opt-exec-ST-d57f47055a04/bin/external/protobuf+/src/google/protobuf/_virtual_includes/protobuf/google/protobuf/descriptor.pb.h:18861:13: note: declared here
2026-10-07T01:17:11.1668525Z 18861 | inline bool FieldOptions::weak() const {
2026-10-07T01:17:11.1669006Z       |             ^~~~~~~~~~~~
2026-10-07T01:17:11.1669501Z [850 / 939] Compiling src/google/protobuf/descriptor_database.cc; 5s processwrapper-sandbox ... (4 actions, 3 running)
2026-10-07T01:17:12.8353293Z [853 / 939] Compiling src/google/protobuf/descriptor.cc [for tool]; 4s processwrapper-sandbox ... (4 actions, 3 running)
2026-10-07T01:17:13.8580161Z [854 / 939] Compiling src/google/protobuf/descriptor.cc [for tool]; 5s processwrapper-sandbox ... (4 actions, 3 running)
2026-10-07T01:17:15.1120362Z [855 / 939] Compiling src/google/protobuf/descriptor.cc [for tool]; 6s processwrapper-sandbox ... (4 actions running)
2026-10-07T01:17:16.0024247Z INFO: From Compiling src/google/protobuf/compiler/cpp/field_generators/string_view_field.cc [for tool]:
2026-10-07T01:17:16.0066128Z In file included from bazel-out/k8-opt-exec-ST-d57f47055a04/bin/external/protobuf+/src/google/protobuf/compiler/cpp/_virtual_includes/cpp/google/protobuf/compiler/cpp/field.h:26,
2026-10-07T01:17:16.0090265Z                  from external/protobuf+/src/google/protobuf/compiler/cpp/field_generators/string_view_field.cc:19:
2026-10-07T01:17:16.0120561Z bazel-out/k8-opt-exec-ST-d57f47055a04/bin/external/protobuf+/src/google/protobuf/compiler/cpp/_virtual_includes/names_internal/google/protobuf/compiler/cpp/helpers.h: In function 'bool google::protobuf::compiler::cpp::IsWeak(const google::protobuf::FieldDescriptor*, const Options&)':
2026-10-07T01:17:16.0140376Z bazel-out/k8-opt-exec-ST-d57f47055a04/bin/external/protobuf+/src/google/protobuf/compiler/cpp/_virtual_includes/names_internal/google/protobuf/compiler/cpp/helpers.h:347:28: warning: 'bool google::protobuf::FieldOptions::weak() const' is deprecated [-Wdeprecated-declarations]
2026-10-07T01:17:16.0151838Z   347 |   if (field->options().weak()) {
2026-10-07T01:17:16.0152296Z       |       ~~~~~~~~~~~~~~~~~~~~~^~
2026-10-07T01:17:16.0153183Z In file included from bazel-out/k8-opt-exec-ST-d57f47055a04/bin/external/protobuf+/src/google/protobuf/compiler/_virtual_includes/code_generator_lite/google/protobuf/compiler/code_generator_lite.h:18,
2026-10-07T01:17:16.0155667Z                  from bazel-out/k8-opt-exec-ST-d57f47055a04/bin/external/protobuf+/src/google/protobuf/compiler/_virtual_includes/code_generator/google/protobuf/compiler/code_generator.h:25,
2026-10-07T01:17:16.0157688Z                  from bazel-out/k8-opt-exec-ST-d57f47055a04/bin/external/protobuf+/src/google/protobuf/compiler/cpp/_virtual_includes/names_internal/google/protobuf/compiler/cpp/helpers.h:29:
2026-10-07T01:17:16.0159286Z bazel-out/k8-opt-exec-ST-d57f47055a04/bin/external/protobuf+/src/google/protobuf/_virtual_includes/protobuf/google/protobuf/descriptor.pb.h:18861:13: note: declared here
2026-10-07T01:17:16.0160118Z 18861 | inline bool FieldOptions::weak() const {
2026-10-07T01:17:16.0160512Z       |             ^~~~~~~~~~~~
2026-10-07T01:17:17.0200393Z [857 / 939] Compiling src/google/protobuf/descriptor.cc [for tool]; 8s processwrapper-sandbox ... (4 actions, 3 running)
2026-10-07T01:17:18.1140000Z [859 / 939] Compiling src/google/protobuf/descriptor.cc [for tool]; 9s processwrapper-sandbox ... (4 actions running)
2026-10-07T01:17:19.3820165Z [860 / 939] Compiling src/google/protobuf/descriptor.cc [for tool]; 11s processwrapper-sandbox ... (4 actions, 3 running)
2026-10-07T01:17:21.1150042Z [862 / 939] Compiling src/google/protobuf/descriptor.cc [for tool]; 12s processwrapper-sandbox ... (4 actions running)
2026-10-07T01:17:22.1150100Z [864 / 939] Compiling src/google/protobuf/descriptor.cc [for tool]; 13s processwrapper-sandbox ... (4 actions running)
2026-10-07T01:17:23.2686215Z INFO: From Compiling src/google/protobuf/compiler/cpp/tracker.cc [for tool]:
2026-10-07T01:17:23.2729919Z In file included from external/protobuf+/src/google/protobuf/compiler/cpp/tracker.cc:20:
2026-10-07T01:17:23.2760845Z bazel-out/k8-opt-exec-ST-d57f47055a04/bin/external/protobuf+/src/google/protobuf/compiler/cpp/_virtual_includes/names_internal/google/protobuf/compiler/cpp/helpers.h: In function 'bool google::protobuf::compiler::cpp::IsWeak(const google::protobuf::FieldDescriptor*, const Options&)':
2026-10-07T01:17:23.2790275Z bazel-out/k8-opt-exec-ST-d57f47055a04/bin/external/protobuf+/src/google/protobuf/compiler/cpp/_virtual_includes/names_internal/google/protobuf/compiler/cpp/helpers.h:347:28: warning: 'bool google::protobuf::FieldOptions::weak() const' is deprecated [-Wdeprecated-declarations]
2026-10-07T01:17:23.2819481Z   347 |   if (field->options().weak()) {
2026-10-07T01:17:23.2839549Z       |       ~~~~~~~~~~~~~~~~~~~~~^~
2026-10-07T01:17:23.2879973Z In file included from bazel-out/k8-opt-exec-ST-d57f47055a04/bin/external/protobuf+/src/google/protobuf/compiler/_virtual_includes/code_generator_lite/google/protobuf/compiler/code_generator_lite.h:18,
2026-10-07T01:17:23.2910635Z                  from bazel-out/k8-opt-exec-ST-d57f47055a04/bin/external/protobuf+/src/google/protobuf/compiler/_virtual_includes/code_generator/google/protobuf/compiler/code_generator.h:25,
2026-10-07T01:17:23.2930619Z                  from bazel-out/k8-opt-exec-ST-d57f47055a04/bin/external/protobuf+/src/google/protobuf/compiler/cpp/_virtual_includes/names_internal/google/protobuf/compiler/cpp/helpers.h:29:
2026-10-07T01:17:23.2969825Z bazel-out/k8-opt-exec-ST-d57f47055a04/bin/external/protobuf+/src/google/protobuf/_virtual_includes/protobuf/google/protobuf/descriptor.pb.h:18861:13: note: declared here
2026-10-07T01:17:23.2999305Z 18861 | inline bool FieldOptions::weak() const {
2026-10-07T01:17:23.3029236Z       |             ^~~~~~~~~~~~
2026-10-07T01:17:23.3039639Z [865 / 939] Compiling src/google/protobuf/descriptor.cc [for tool]; 14s processwrapper-sandbox ... (4 actions, 3 running)
2026-10-07T01:17:25.1160137Z [865 / 939] Compiling src/google/protobuf/descriptor.cc [for tool]; 16s processwrapper-sandbox ... (4 actions running)
2026-10-07T01:17:25.4960385Z INFO: From Compiling src/google/protobuf/compiler/cpp/service.cc [for tool]:
2026-10-07T01:17:25.4990095Z In file included from external/protobuf+/src/google/protobuf/compiler/cpp/service.cc:17:
2026-10-07T01:17:25.5020632Z bazel-out/k8-opt-exec-ST-d57f47055a04/bin/external/protobuf+/src/google/protobuf/compiler/cpp/_virtual_includes/names_internal/google/protobuf/compiler/cpp/helpers.h: In function 'bool google::protobuf::compiler::cpp::IsWeak(const google::protobuf::FieldDescriptor*, const Options&)':
2026-10-07T01:17:25.5040499Z bazel-out/k8-opt-exec-ST-d57f47055a04/bin/external/protobuf+/src/google/protobuf/compiler/cpp/_virtual_includes/names_internal/google/protobuf/compiler/cpp/helpers.h:347:28: warning: 'bool google::protobuf::FieldOptions::weak() const' is deprecated [-Wdeprecated-declarations]
2026-10-07T01:17:25.5069997Z   347 |   if (field->options().weak()) {
2026-10-07T01:17:25.5079417Z       |       ~~~~~~~~~~~~~~~~~~~~~^~
2026-10-07T01:17:25.5109872Z In file included from bazel-out/k8-opt-exec-ST-d57f47055a04/bin/external/protobuf+/src/google/protobuf/compiler/_virtual_includes/code_generator_lite/google/protobuf/compiler/code_generator_lite.h:18,
2026-10-07T01:17:25.5112363Z                  from bazel-out/k8-opt-exec-ST-d57f47055a04/bin/external/protobuf+/src/google/protobuf/compiler/_virtual_includes/code_generator/google/protobuf/compiler/code_generator.h:25,
2026-10-07T01:17:25.5114327Z                  from bazel-out/k8-opt-exec-ST-d57f47055a04/bin/external/protobuf+/src/google/protobuf/compiler/cpp/_virtual_includes/names_internal/google/protobuf/compiler/cpp/helpers.h:29:
2026-10-07T01:17:25.5115825Z bazel-out/k8-opt-exec-ST-d57f47055a04/bin/external/protobuf+/src/google/protobuf/_virtual_includes/protobuf/google/protobuf/descriptor.pb.h:18861:13: note: declared here
2026-10-07T01:17:25.5117116Z 18861 | inline bool FieldOptions::weak() const {
2026-10-07T01:17:25.5117536Z       |             ^~~~~~~~~~~~
2026-10-07T01:17:26.1190145Z [866 / 939] Compiling src/google/protobuf/descriptor.cc [for tool]; 17s processwrapper-sandbox ... (4 actions running)
2026-10-07T01:17:26.6180760Z INFO: From Compiling src/google/protobuf/compiler/cpp/file.cc [for tool]:
2026-10-07T01:17:26.6220474Z In file included from bazel-out/k8-opt-exec-ST-d57f47055a04/bin/external/protobuf+/src/google/protobuf/compiler/cpp/_virtual_includes/cpp/google/protobuf/compiler/cpp/extension.h:19,
2026-10-07T01:17:26.6230715Z                  from bazel-out/k8-opt-exec-ST-d57f47055a04/bin/external/protobuf+/src/google/protobuf/compiler/cpp/_virtual_includes/cpp/google/protobuf/compiler/cpp/file.h:26,
2026-10-07T01:17:26.6290091Z                  from external/protobuf+/src/google/protobuf/compiler/cpp/file.cc:12:
2026-10-07T01:17:26.6300534Z bazel-out/k8-opt-exec-ST-d57f47055a04/bin/external/protobuf+/src/google/protobuf/compiler/cpp/_virtual_includes/names_internal/google/protobuf/compiler/cpp/helpers.h: In function 'bool google::protobuf::compiler::cpp::IsWeak(const google::protobuf::FieldDescriptor*, const Options&)':
2026-10-07T01:17:26.6350672Z bazel-out/k8-opt-exec-ST-d57f47055a04/bin/external/protobuf+/src/google/protobuf/compiler/cpp/_virtual_includes/names_internal/google/protobuf/compiler/cpp/helpers.h:347:28: warning: 'bool google::protobuf::FieldOptions::weak() const' is deprecated [-Wdeprecated-declarations]
2026-10-07T01:17:26.6352121Z   347 |   if (field->options().weak()) {
2026-10-07T01:17:26.6352550Z       |       ~~~~~~~~~~~~~~~~~~~~~^~
2026-10-07T01:17:26.6353432Z In file included from bazel-out/k8-opt-exec-ST-d57f47055a04/bin/external/protobuf+/src/google/protobuf/compiler/_virtual_includes/code_generator_lite/google/protobuf/compiler/code_generator_lite.h:18,
2026-10-07T01:17:26.6355458Z                  from bazel-out/k8-opt-exec-ST-d57f47055a04/bin/external/protobuf+/src/google/protobuf/compiler/_virtual_includes/code_generator/google/protobuf/compiler/code_generator.h:25,
2026-10-07T01:17:26.6357369Z                  from bazel-out/k8-opt-exec-ST-d57f47055a04/bin/external/protobuf+/src/google/protobuf/compiler/cpp/_virtual_includes/names_internal/google/protobuf/compiler/cpp/helpers.h:29:
2026-10-07T01:17:26.6358639Z bazel-out/k8-opt-exec-ST-d57f47055a04/bin/external/protobuf+/src/google/protobuf/_virtual_includes/protobuf/google/protobuf/descriptor.pb.h:18861:13: note: declared here
2026-10-07T01:17:26.6359530Z 18861 | inline bool FieldOptions::weak() const {
2026-10-07T01:17:26.6359942Z       |             ^~~~~~~~~~~~
2026-10-07T01:17:26.6360360Z In file included from external/abseil-cpp+/absl/functional/any_invocable.h:44,
2026-10-07T01:17:26.6361231Z                  from external/abseil-cpp+/absl/functional/internal/function_ref.h:22,
2026-10-07T01:17:26.6361988Z                  from external/abseil-cpp+/absl/functional/function_ref.h:54,
2026-10-07T01:17:26.6362673Z                  from external/abseil-cpp+/absl/hash/hash.h:88,
2026-10-07T01:17:26.6363526Z                  from external/abseil-cpp+/absl/container/internal/hash_function_defaults.h:57,
2026-10-07T01:17:26.6364444Z                  from external/abseil-cpp+/absl/container/hash_container_defaults.h:19,
2026-10-07T01:17:26.6365242Z                  from external/abseil-cpp+/absl/container/flat_hash_map.h:43,
2026-10-07T01:17:26.6366709Z                  from bazel-out/k8-opt-exec-ST-d57f47055a04/bin/external/protobuf+/src/google/protobuf/compiler/cpp/_virtual_includes/cpp/google/protobuf/compiler/cpp/file.h:20:
2026-10-07T01:17:26.6367768Z In function 'void absl::lts_20250814::internal_any_invocable::LocalManagerTrivial(FunctionToCall, TypeErasedState*, TypeErasedState*)',
2026-10-07T01:17:26.6369887Z     inlined from 'absl::lts_20250814::internal_any_invocable::CoreImpl<SigIsNoexcept, ReturnType, P>::CoreImpl(absl::lts_20250814::internal_any_invocable::CoreImpl<SigIsNoexcept, ReturnType, P>&&) [with bool SigIsNoexcept = false; ReturnType = void; P = {google::protobuf::io::Printer*}]' at external/abseil-cpp+/absl/functional/internal/any_invocable.h:461:11,
2026-10-07T01:17:26.6372952Z     inlined from 'absl::lts_20250814::internal_any_invocable::Impl<void(google::protobuf::io::Printer*)>::Impl(absl::lts_20250814::internal_any_invocable::Impl<void(google::protobuf::io::Printer*)>&&)' at external/abseil-cpp+/absl/functional/internal/any_invocable.h:755:1,
2026-10-07T01:17:26.6374761Z     inlined from 'absl::lts_20250814::AnyInvocable<Sig>::AnyInvocable(absl::lts_20250814::AnyInvocable<Sig>&&) [with Sig = void(google::protobuf::io::Printer*)]' at external/abseil-cpp+/absl/functional/any_invocable.h:185:3,
2026-10-07T01:17:26.6376854Z     inlined from 'void std::__new_allocator<_Tp>::construct(_Up*, _Args&& ...) [with _Up = absl::lts_20250814::AnyInvocable<void(google::protobuf::io::Printer*)>; _Args = {absl::lts_20250814::AnyInvocable<void(google::protobuf::io::Printer*)>}; _Tp = absl::lts_20250814::AnyInvocable<void(google::protobuf::io::Printer*)>]' at /usr/include/c++/13/bits/new_allocator.h:191:4,
2026-10-07T01:17:26.6379834Z     inlined from 'static void std::allocator_traits<std::allocator<_Tp1> >::construct(allocator_type&, _Up*, _Args&& ...) [with _Up = absl::lts_20250814::AnyInvocable<void(google::protobuf::io::Printer*)>; _Args = {absl::lts_20250814::AnyInvocable<void(google::protobuf::io::Printer*)>}; _Tp = absl::lts_20250814::AnyInvocable<void(google::protobuf::io::Printer*)>]' at /usr/include/c++/13/bits/alloc_traits.h:538:17,
2026-10-07T01:17:26.6382641Z     inlined from 'std::vector<_Tp, _Alloc>::reference std::vector<_Tp, _Alloc>::emplace_back(_Args&& ...) [with _Args = {absl::lts_20250814::AnyInvocable<void(google::protobuf::io::Printer*)>}; _Tp = absl::lts_20250814::AnyInvocable<void(google::protobuf::io::Printer*)>; _Alloc = std::allocator<absl::lts_20250814::AnyInvocable<void(google::protobuf::io::Printer*)> >]' at /usr/include/c++/13/bits/vector.tcc:117:30,
2026-10-07T01:17:26.6384987Z     inlined from 'void std::vector<_Tp, _Alloc>::push_back(value_type&&) [with _Tp = absl::lts_20250814::AnyInvocable<void(google::protobuf::io::Printer*)>; _Alloc = std::allocator<absl::lts_20250814::AnyInvocable<void(google::protobuf::io::Printer*)> >]' at /usr/include/c++/13/bits/stl_vector.h:1299:21,
2026-10-07T01:17:26.6386771Z     inlined from 'void google::protobuf::compiler::cpp::FileGenerator::GenerateReflectionInitializationCode(google::protobuf::io::Printer*)' at external/protobuf+/src/google/protobuf/compiler/cpp/file.cc:1385:53:
2026-10-07T01:17:26.6389256Z external/abseil-cpp+/absl/functional/internal/any_invocable.h:225:7: warning: '<unnamed>.absl::lts_20250814::AnyInvocable<void(google::protobuf::io::Printer*)>::<unnamed>.absl::lts_20250814::internal_any_invocable::Impl<void(google::protobuf::io::Printer*)>::<unnamed>.absl::lts_20250814::internal_any_invocable::CoreImpl<false, void, google::protobuf::io::Printer*>::state_' may be used uninitialized [-Wmaybe-uninitialized]
2026-10-07T01:17:26.6390755Z   225 |   *to = *from;
2026-10-07T01:17:26.6391096Z       |   ~~~~^~~~~~~
2026-10-07T01:17:26.6391913Z external/protobuf+/src/google/protobuf/compiler/cpp/file.cc: In member function 'void google::protobuf::compiler::cpp::FileGenerator::GenerateReflectionInitializationCode(google::protobuf::io::Printer*)':
2026-10-07T01:17:26.6393133Z external/protobuf+/src/google/protobuf/compiler/cpp/file.cc:1385:53: note: '<anonymous>' declared here
2026-10-07T01:17:26.6393961Z  1385 |     static_initializers_[kInitPriority102].push_back([](auto* p) {
2026-10-07T01:17:26.6394531Z       |     ~~~~~~~~~~~~~~~~~~~~~~~~~~~~~~~~~~~~~~~~~~~~~~~~^~~~~~~~~~~~~~
2026-10-07T01:17:26.6394923Z  1386 |       p->Emit(R"cc(
2026-10-07T01:17:26.6395356Z       |       ~~~~~~~~~~~~~                                  
2026-10-07T01:17:26.6395780Z  1387 |         ::_pbi::AddDescriptors(&$desc_table$),
2026-10-07T01:17:26.6396252Z       |         ~~~~~~~~~~~~~~~~~~~~~~~~~~~~~~~~~~~~~~       
2026-10-07T01:17:26.6396618Z  1388 |       )cc");
2026-10-07T01:17:26.6397314Z       |       ~~~~~~                                         
2026-10-07T01:17:26.6397671Z  1389 |     });
2026-10-07T01:17:26.6398056Z       |     ~~                                               
2026-10-07T01:17:27.1174726Z [867 / 939] Compiling src/google/protobuf/descriptor.cc [for tool]; 18s processwrapper-sandbox ... (4 actions running)
2026-10-07T01:17:28.1191606Z [868 / 939] Compiling src/google/protobuf/descriptor.cc [for tool]; 19s processwrapper-sandbox ... (4 actions running)
2026-10-07T01:17:28.6880199Z INFO: From Compiling src/google/protobuf/descriptor.cc [for tool]:
2026-10-07T01:17:28.6960546Z external/protobuf+/src/google/protobuf/descriptor.cc: In member function 'void google::protobuf::FieldDescriptor::DebugString(int, std::string*, const google::protobuf::DebugStringOptions&) const':
2026-10-07T01:17:28.6990785Z external/protobuf+/src/google/protobuf/descriptor.cc:3953:65: warning: 'bool google::protobuf::FieldDescriptor::has_optional_keyword() const' is deprecated: Use has_presence() instead. [-Wdeprecated-declarations]
2026-10-07T01:17:28.7001835Z  3953 |       (!is_required() && !is_repeated() && !has_optional_keyword())) {
2026-10-07T01:17:28.7002571Z       |                                             ~~~~~~~~~~~~~~~~~~~~^~
2026-10-07T01:17:28.7003074Z In file included from external/protobuf+/src/google/protobuf/descriptor.cc:12:
2026-10-07T01:17:28.7003950Z bazel-out/k8-opt-exec-ST-d57f47055a04/bin/external/protobuf+/src/google/protobuf/_virtual_includes/protobuf/google/protobuf/descriptor.h:1136:8: note: declared here
2026-10-07T01:17:28.7004827Z  1136 |   bool has_optional_keyword() const;
2026-10-07T01:17:28.7005187Z       |        ^~~~~~~~~~~~~~~~~~~~
2026-10-07T01:17:28.7006112Z external/protobuf+/src/google/protobuf/descriptor.cc: In member function 'void google::protobuf::DescriptorBuilder::CrossLinkField(google::protobuf::FieldDescriptor*, const google::protobuf::FieldDescriptorProto&)':
2026-10-07T01:17:28.7007324Z external/protobuf+/src/google/protobuf/descriptor.cc:7982:65: warning: 'bool google::protobuf::FieldOptions::weak() const' is deprecated [-Wdeprecated-declarations]
2026-10-07T01:17:28.7008161Z  7982 |     bool is_weak = !pool_->enforce_weak_ && proto.options().weak();
2026-10-07T01:17:28.7008672Z       |                                             ~~~~~~~~~~~~~~~~~~~~^~
2026-10-07T01:17:28.7009731Z In file included from bazel-out/k8-opt-exec-ST-d57f47055a04/bin/external/protobuf+/src/google/protobuf/_virtual_includes/protobuf/google/protobuf/cpp_features.pb.h:33,
2026-10-07T01:17:28.7010776Z                  from external/protobuf+/src/google/protobuf/descriptor.cc:72:
2026-10-07T01:17:28.7011582Z bazel-out/k8-opt-exec-ST-d57f47055a04/bin/external/protobuf+/src/google/protobuf/_virtual_includes/protobuf/google/protobuf/descriptor.pb.h:18861:13: note: declared here
2026-10-07T01:17:28.7012295Z 18861 | inline bool FieldOptions::weak() const {
2026-10-07T01:17:28.7012679Z       |             ^~~~~~~~~~~~
2026-10-07T01:17:28.7013531Z external/protobuf+/src/google/protobuf/descriptor.cc: In function 'google::protobuf::internal::cpp::HasbitMode google::protobuf::internal::cpp::GetFieldHasbitModeWithoutProfile(const google::protobuf::FieldDescriptor*)':
2026-10-07T01:17:28.7014787Z external/protobuf+/src/google/protobuf/descriptor.cc:10700:62: warning: 'bool google::protobuf::FieldOptions::weak() const' is deprecated [-Wdeprecated-declarations]
2026-10-07T01:17:28.7015532Z 10700 |   if (field->real_containing_oneof() || field->options().weak() ||
2026-10-07T01:17:28.7016065Z       |                                         ~~~~~~~~~~~~~~~~~~~~~^~
2026-10-07T01:17:28.7016903Z bazel-out/k8-opt-exec-ST-d57f47055a04/bin/external/protobuf+/src/google/protobuf/_virtual_includes/protobuf/google/protobuf/descriptor.pb.h:18861:13: note: declared here
2026-10-07T01:17:28.7017653Z 18861 | inline bool FieldOptions::weak() const {
2026-10-07T01:17:28.7018011Z       |             ^~~~~~~~~~~~
2026-10-07T01:17:29.1176663Z INFO: From Compiling src/google/protobuf/compiler/cpp/parse_function_generator.cc [for tool]:
2026-10-07T01:17:29.1220395Z In file included from bazel-out/k8-opt-exec-ST-d57f47055a04/bin/external/protobuf+/src/google/protobuf/compiler/cpp/_virtual_includes/cpp/google/protobuf/compiler/cpp/parse_function_generator.h:18,
2026-10-07T01:17:29.1250489Z                  from external/protobuf+/src/google/protobuf/compiler/cpp/parse_function_generator.cc:8:
2026-10-07T01:17:29.1280302Z bazel-out/k8-opt-exec-ST-d57f47055a04/bin/external/protobuf+/src/google/protobuf/compiler/cpp/_virtual_includes/names_internal/google/protobuf/compiler/cpp/helpers.h: In function 'bool google::protobuf::compiler::cpp::IsWeak(const google::protobuf::FieldDescriptor*, const Options&)':
2026-10-07T01:17:29.1300206Z bazel-out/k8-opt-exec-ST-d57f47055a04/bin/external/protobuf+/src/google/protobuf/compiler/cpp/_virtual_includes/names_internal/google/protobuf/compiler/cpp/helpers.h:347:28: warning: 'bool google::protobuf::FieldOptions::weak() const' is deprecated [-Wdeprecated-declarations]
2026-10-07T01:17:29.1326018Z   347 |   if (field->options().weak()) {
2026-10-07T01:17:29.1331198Z       |       ~~~~~~~~~~~~~~~~~~~~~^~
2026-10-07T01:17:29.1332199Z In file included from bazel-out/k8-opt-exec-ST-d57f47055a04/bin/external/protobuf+/src/google/protobuf/compiler/_virtual_includes/code_generator_lite/google/protobuf/compiler/code_generator_lite.h:18,
2026-10-07T01:17:29.1334895Z                  from bazel-out/k8-opt-exec-ST-d57f47055a04/bin/external/protobuf+/src/google/protobuf/compiler/_virtual_includes/code_generator/google/protobuf/compiler/code_generator.h:25,
2026-10-07T01:17:29.1336941Z                  from bazel-out/k8-opt-exec-ST-d57f47055a04/bin/external/protobuf+/src/google/protobuf/compiler/cpp/_virtual_includes/names_internal/google/protobuf/compiler/cpp/helpers.h:29:
2026-10-07T01:17:29.1351405Z bazel-out/k8-opt-exec-ST-d57f47055a04/bin/external/protobuf+/src/google/protobuf/_virtual_includes/protobuf/google/protobuf/descriptor.pb.h:18861:13: note: declared here
2026-10-07T01:17:29.1352591Z 18861 | inline bool FieldOptions::weak() const {
2026-10-07T01:17:29.1353076Z       |             ^~~~~~~~~~~~
2026-10-07T01:17:29.1353838Z [871 / 939] Compiling src/google/protobuf/compiler/cpp/generator.cc [for tool]; 2s processwrapper-sandbox ... (4 actions, 3 running)
2026-10-07T01:17:31.1189852Z [872 / 939] Compiling src/google/protobuf/compiler/cpp/generator.cc [for tool]; 4s processwrapper-sandbox ... (3 actions running)
2026-10-07T01:17:31.5135613Z INFO: From Compiling src/google/protobuf/compiler/cpp/generator.cc [for tool]:
2026-10-07T01:17:31.5144244Z In file included from bazel-out/k8-opt-exec-ST-d57f47055a04/bin/external/protobuf+/src/google/protobuf/compiler/cpp/_virtual_includes/cpp/google/protobuf/compiler/cpp/extension.h:19,
2026-10-07T01:17:31.5146065Z                  from bazel-out/k8-opt-exec-ST-d57f47055a04/bin/external/protobuf+/src/google/protobuf/compiler/cpp/_virtual_includes/cpp/google/protobuf/compiler/cpp/file.h:26,
2026-10-07T01:17:31.5147284Z                  from external/protobuf+/src/google/protobuf/compiler/cpp/generator.cc:31:
2026-10-07T01:17:31.5148595Z bazel-out/k8-opt-exec-ST-d57f47055a04/bin/external/protobuf+/src/google/protobuf/compiler/cpp/_virtual_includes/names_internal/google/protobuf/compiler/cpp/helpers.h: In function 'bool google::protobuf::compiler::cpp::IsWeak(const google::protobuf::FieldDescriptor*, const Options&)':
2026-10-07T01:17:31.5150755Z bazel-out/k8-opt-exec-ST-d57f47055a04/bin/external/protobuf+/src/google/protobuf/compiler/cpp/_virtual_includes/names_internal/google/protobuf/compiler/cpp/helpers.h:347:28: warning: 'bool google::protobuf::FieldOptions::weak() const' is deprecated [-Wdeprecated-declarations]
2026-10-07T01:17:31.5151839Z   347 |   if (field->options().weak()) {
2026-10-07T01:17:31.5152215Z       |       ~~~~~~~~~~~~~~~~~~~~~^~
2026-10-07T01:17:31.5153057Z In file included from bazel-out/k8-opt-exec-ST-d57f47055a04/bin/external/protobuf+/src/google/protobuf/compiler/_virtual_includes/code_generator_lite/google/protobuf/compiler/code_generator_lite.h:18,
2026-10-07T01:17:31.5155367Z                  from bazel-out/k8-opt-exec-ST-d57f47055a04/bin/external/protobuf+/src/google/protobuf/compiler/_virtual_includes/code_generator/google/protobuf/compiler/code_generator.h:25,
2026-10-07T01:17:31.5157342Z                  from bazel-out/k8-opt-exec-ST-d57f47055a04/bin/external/protobuf+/src/google/protobuf/compiler/cpp/_virtual_includes/cpp/google/protobuf/compiler/cpp/generator.h:24,
2026-10-07T01:17:31.5158098Z                  from external/protobuf+/src/google/protobuf/compiler/cpp/generator.cc:12:
2026-10-07T01:17:31.5158682Z bazel-out/k8-opt-exec-ST-d57f47055a04/bin/external/protobuf+/src/google/protobuf/_virtual_includes/protobuf/google/protobuf/descriptor.pb.h:18861:13: note: declared here
2026-10-07T01:17:31.5159575Z 18861 | inline bool FieldOptions::weak() const {
2026-10-07T01:17:31.5159881Z       |             ^~~~~~~~~~~~
2026-10-07T01:17:31.5181029Z INFO: From Compiling src/google/protobuf/compiler/cpp/message_layout_helper.cc [for tool]:
2026-10-07T01:17:31.5182079Z In file included from bazel-out/k8-opt-exec-ST-d57f47055a04/bin/external/protobuf+/src/google/protobuf/compiler/cpp/_virtual_includes/cpp/google/protobuf/compiler/cpp/message_layout_helper.h:20,
2026-10-07T01:17:31.5183234Z                  from external/protobuf+/src/google/protobuf/compiler/cpp/message_layout_helper.cc:1:
2026-10-07T01:17:31.5184448Z bazel-out/k8-opt-exec-ST-d57f47055a04/bin/external/protobuf+/src/google/protobuf/compiler/cpp/_virtual_includes/names_internal/google/protobuf/compiler/cpp/helpers.h: In function 'bool google::protobuf::compiler::cpp::IsWeak(const google::protobuf::FieldDescriptor*, const Options&)':
2026-10-07T01:17:31.5186138Z bazel-out/k8-opt-exec-ST-d57f47055a04/bin/external/protobuf+/src/google/protobuf/compiler/cpp/_virtual_includes/names_internal/google/protobuf/compiler/cpp/helpers.h:347:28: warning: 'bool google::protobuf::FieldOptions::weak() const' is deprecated [-Wdeprecated-declarations]
2026-10-07T01:17:31.5187097Z   347 |   if (field->options().weak()) {
2026-10-07T01:17:31.5187289Z       |       ~~~~~~~~~~~~~~~~~~~~~^~
2026-10-07T01:17:31.5187755Z In file included from bazel-out/k8-opt-exec-ST-d57f47055a04/bin/external/protobuf+/src/google/protobuf/compiler/_virtual_includes/code_generator_lite/google/protobuf/compiler/code_generator_lite.h:18,
2026-10-07T01:17:31.5188993Z                  from bazel-out/k8-opt-exec-ST-d57f47055a04/bin/external/protobuf+/src/google/protobuf/compiler/_virtual_includes/code_generator/google/protobuf/compiler/code_generator.h:25,
2026-10-07T01:17:31.5190035Z                  from bazel-out/k8-opt-exec-ST-d57f47055a04/bin/external/protobuf+/src/google/protobuf/compiler/cpp/_virtual_includes/names_internal/google/protobuf/compiler/cpp/helpers.h:29:
2026-10-07T01:17:31.5190707Z bazel-out/k8-opt-exec-ST-d57f47055a04/bin/external/protobuf+/src/google/protobuf/_virtual_includes/protobuf/google/protobuf/descriptor.pb.h:18861:13: note: declared here
2026-10-07T01:17:31.5191133Z 18861 | inline bool FieldOptions::weak() const {
2026-10-07T01:17:31.5191329Z       |             ^~~~~~~~~~~~
2026-10-07T01:17:32.1194297Z [874 / 939] Compiling src/google/protobuf/compiler/cpp/message.cc [for tool]; 3s processwrapper-sandbox
2026-10-07T01:17:39.6134929Z INFO: From Compiling src/google/protobuf/compiler/cpp/message.cc [for tool]:
2026-10-07T01:17:39.6142459Z In file included from bazel-out/k8-opt-exec-ST-d57f47055a04/bin/external/protobuf+/src/google/protobuf/compiler/cpp/_virtual_includes/cpp/google/protobuf/compiler/cpp/extension.h:19,
2026-10-07T01:17:39.6144122Z                  from bazel-out/k8-opt-exec-ST-d57f47055a04/bin/external/protobuf+/src/google/protobuf/compiler/cpp/_virtual_includes/cpp/google/protobuf/compiler/cpp/message.h:25,
2026-10-07T01:17:39.6145109Z                  from external/protobuf+/src/google/protobuf/compiler/cpp/message.cc:12:
2026-10-07T01:17:39.6146224Z bazel-out/k8-opt-exec-ST-d57f47055a04/bin/external/protobuf+/src/google/protobuf/compiler/cpp/_virtual_includes/names_internal/google/protobuf/compiler/cpp/helpers.h: In function 'bool google::protobuf::compiler::cpp::IsWeak(const google::protobuf::FieldDescriptor*, const Options&)':
2026-10-07T01:17:39.6148326Z bazel-out/k8-opt-exec-ST-d57f47055a04/bin/external/protobuf+/src/google/protobuf/compiler/cpp/_virtual_includes/names_internal/google/protobuf/compiler/cpp/helpers.h:347:28: warning: 'bool google::protobuf::FieldOptions::weak() const' is deprecated [-Wdeprecated-declarations]
2026-10-07T01:17:39.6149490Z   347 |   if (field->options().weak()) {
2026-10-07T01:17:39.6149772Z       |       ~~~~~~~~~~~~~~~~~~~~~^~
2026-10-07T01:17:39.6150490Z In file included from bazel-out/k8-opt-exec-ST-d57f47055a04/bin/external/protobuf+/src/google/protobuf/compiler/_virtual_includes/code_generator_lite/google/protobuf/compiler/code_generator_lite.h:18,
2026-10-07T01:17:39.6152225Z                  from bazel-out/k8-opt-exec-ST-d57f47055a04/bin/external/protobuf+/src/google/protobuf/compiler/_virtual_includes/code_generator/google/protobuf/compiler/code_generator.h:25,
2026-10-07T01:17:39.6153973Z                  from bazel-out/k8-opt-exec-ST-d57f47055a04/bin/external/protobuf+/src/google/protobuf/compiler/cpp/_virtual_includes/names_internal/google/protobuf/compiler/cpp/helpers.h:29:
2026-10-07T01:17:39.6155039Z bazel-out/k8-opt-exec-ST-d57f47055a04/bin/external/protobuf+/src/google/protobuf/_virtual_includes/protobuf/google/protobuf/descriptor.pb.h:18861:13: note: declared here
2026-10-07T01:17:39.6155676Z 18861 | inline bool FieldOptions::weak() const {
2026-10-07T01:17:39.6155963Z       |             ^~~~~~~~~~~~
2026-10-07T01:17:39.6156898Z external/protobuf+/src/google/protobuf/compiler/cpp/message.cc: In function 'void google::protobuf::compiler::cpp::{anonymous}::PrintPresenceCheck(const google::protobuf::FieldDescriptor*, const std::vector<int>&, google::protobuf::io::Printer*, int*, const google::protobuf::compiler::cpp::Options&)':
2026-10-07T01:17:39.6158184Z external/protobuf+/src/google/protobuf/compiler/cpp/message.cc:176:29: warning: 'bool google::protobuf::FieldOptions::weak() const' is deprecated [-Wdeprecated-declarations]
2026-10-07T01:17:39.6158988Z   176 |   if (!field->options().weak()) {
2026-10-07T01:17:39.6161252Z       |        ~~~~~~~~~~~~~~~~~~~~~^~
2026-10-07T01:17:39.6161974Z bazel-out/k8-opt-exec-ST-d57f47055a04/bin/external/protobuf+/src/google/protobuf/_virtual_includes/protobuf/google/protobuf/descriptor.pb.h:18861:13: note: declared here
2026-10-07T01:17:39.6162608Z 18861 | inline bool FieldOptions::weak() const {
2026-10-07T01:17:39.6162898Z       |             ^~~~~~~~~~~~
2026-10-07T01:17:39.6163625Z external/protobuf+/src/google/protobuf/compiler/cpp/message.cc: In member function 'void google::protobuf::compiler::cpp::MessageGenerator::GenerateFieldAccessorDeclarations(google::protobuf::io::Printer*)':
2026-10-07T01:17:39.6164788Z external/protobuf+/src/google/protobuf/compiler/cpp/message.cc:775:66: warning: 'bool google::protobuf::FieldOptions::weak() const' is deprecated [-Wdeprecated-declarations]
2026-10-07T01:17:39.6165502Z   775 |     if (!field->real_containing_oneof() && !field->options().weak()) {
2026-10-07T01:17:39.6165932Z       |                                             ~~~~~~~~~~~~~~~~~~~~~^~
2026-10-07T01:17:39.6166609Z bazel-out/k8-opt-exec-ST-d57f47055a04/bin/external/protobuf+/src/google/protobuf/_virtual_includes/protobuf/google/protobuf/descriptor.pb.h:18861:13: note: declared here
2026-10-07T01:17:39.6167262Z 18861 | inline bool FieldOptions::weak() const {
2026-10-07T01:17:39.6167569Z       |             ^~~~~~~~~~~~
2026-10-07T01:17:39.6168443Z external/protobuf+/src/google/protobuf/compiler/cpp/message.cc: In member function 'void google::protobuf::compiler::cpp::MessageGenerator::GenerateSingularFieldHasBits(const google::protobuf::FieldDescriptor*, google::protobuf::io::Printer*)':
2026-10-07T01:17:39.6169888Z external/protobuf+/src/google/protobuf/compiler/cpp/message.cc:1140:28: warning: 'bool google::protobuf::FieldOptions::weak() const' is deprecated [-Wdeprecated-declarations]
2026-10-07T01:17:39.6170743Z  1140 |   if (field->options().weak()) {
2026-10-07T01:17:39.6171034Z       |       ~~~~~~~~~~~~~~~~~~~~~^~
2026-10-07T01:17:39.6171712Z bazel-out/k8-opt-exec-ST-d57f47055a04/bin/external/protobuf+/src/google/protobuf/_virtual_includes/protobuf/google/protobuf/descriptor.pb.h:18861:13: note: declared here
2026-10-07T01:17:39.6172562Z 18861 | inline bool FieldOptions::weak() const {
2026-10-07T01:17:39.6172867Z       |             ^~~~~~~~~~~~
2026-10-07T01:17:39.6173791Z external/protobuf+/src/google/protobuf/compiler/cpp/message.cc: In member function 'void google::protobuf::compiler::cpp::MessageGenerator::MaybeEmitUpdateCachedHasbits(const google::protobuf::FieldDescriptor*, google::protobuf::io::Printer*, int&) const':
2026-10-07T01:17:39.6175129Z external/protobuf+/src/google/protobuf/compiler/cpp/message.cc:1396:59: warning: 'bool google::protobuf::FieldOptions::weak() const' is deprecated [-Wdeprecated-declarations]
2026-10-07T01:17:39.6175879Z  1396 |   if (!HasHasbit(field, options_) || field->options().weak()) return;
2026-10-07T01:17:39.6176358Z       |                                      ~~~~~~~~~~~~~~~~~~~~~^~
2026-10-07T01:17:39.6177074Z bazel-out/k8-opt-exec-ST-d57f47055a04/bin/external/protobuf+/src/google/protobuf/_virtual_includes/protobuf/google/protobuf/descriptor.pb.h:18861:13: note: declared here
2026-10-07T01:17:39.6177794Z 18861 | inline bool FieldOptions::weak() const {
2026-10-07T01:17:39.6178099Z       |             ^~~~~~~~~~~~
2026-10-07T01:17:39.6178462Z external/protobuf+/src/google/protobuf/compiler/cpp/message.cc: In lambda function:
2026-10-07T01:17:39.6179400Z external/protobuf+/src/google/protobuf/compiler/cpp/message.cc:2184:64: warning: 'bool google::protobuf::FieldOptions::weak() const' is deprecated [-Wdeprecated-declarations]
2026-10-07T01:17:39.6180137Z  2184 |             if (!field->is_repeated() && !field->options().weak() &&
2026-10-07T01:17:39.6180564Z       |                                           ~~~~~~~~~~~~~~~~~~~~~^~
2026-10-07T01:17:39.6181104Z bazel-out/k8-opt-exec-ST-d57f47055a04/bin/external/protobuf+/src/google/protobuf/_virtual_includes/protobuf/google/protobuf/descriptor.pb.h:18861:13: note: declared here
2026-10-07T01:17:39.6181566Z 18861 | inline bool FieldOptions::weak() const {
2026-10-07T01:17:39.6181767Z       |             ^~~~~~~~~~~~
2026-10-07T01:17:39.6182249Z external/protobuf+/src/google/protobuf/compiler/cpp/message.cc: In member function 'size_t google::protobuf::compiler::cpp::MessageGenerator::GenerateOffsets(google::protobuf::io::Printer*)':
2026-10-07T01:17:39.6183254Z external/protobuf+/src/google/protobuf/compiler/cpp/message.cc:2717:30: warning: 'bool google::protobuf::FieldOptions::weak() const' is deprecated [-Wdeprecated-declarations]
2026-10-07T01:17:39.6183720Z  2717 |     if (field->options().weak()) {
2026-10-07T01:17:39.6183918Z       |         ~~~~~~~~~~~~~~~~~~~~~^~
2026-10-07T01:17:39.6184381Z bazel-out/k8-opt-exec-ST-d57f47055a04/bin/external/protobuf+/src/google/protobuf/_virtual_includes/protobuf/google/protobuf/descriptor.pb.h:18861:13: note: declared here
2026-10-07T01:17:39.6184871Z 18861 | inline bool FieldOptions::weak() const {
2026-10-07T01:17:39.6185082Z       |             ^~~~~~~~~~~~
2026-10-07T01:17:39.6185333Z external/protobuf+/src/google/protobuf/compiler/cpp/message.cc: In lambda function:
2026-10-07T01:17:39.6185887Z external/protobuf+/src/google/protobuf/compiler/cpp/message.cc:4372:39: warning: 'bool google::protobuf::FieldOptions::weak() const' is deprecated [-Wdeprecated-declarations]
2026-10-07T01:17:39.6186356Z  4372 |       } else if (field->options().weak() ||
2026-10-07T01:17:39.6186592Z       |                  ~~~~~~~~~~~~~~~~~~~~~^~
2026-10-07T01:17:39.6187114Z bazel-out/k8-opt-exec-ST-d57f47055a04/bin/external/protobuf+/src/google/protobuf/_virtual_includes/protobuf/google/protobuf/descriptor.pb.h:18861:13: note: declared here
2026-10-07T01:17:39.6187538Z 18861 | inline bool FieldOptions::weak() const {
2026-10-07T01:17:39.6187739Z       |             ^~~~~~~~~~~~
2026-10-07T01:17:39.6188431Z external/protobuf+/src/google/protobuf/compiler/cpp/message.cc: In member function 'void google::protobuf::compiler::cpp::MessageGenerator::GenerateSerializeOneField(google::protobuf::io::Printer*, const google::protobuf::FieldDescriptor*, int)':
2026-10-07T01:17:39.6189639Z external/protobuf+/src/google/protobuf/compiler/cpp/message.cc:4722:28: warning: 'bool google::protobuf::FieldOptions::weak() const' is deprecated [-Wdeprecated-declarations]
2026-10-07T01:17:39.6190271Z  4722 |   if (field->options().weak()) {
2026-10-07T01:17:39.6190481Z       |       ~~~~~~~~~~~~~~~~~~~~~^~
2026-10-07T01:17:39.6190924Z bazel-out/k8-opt-exec-ST-d57f47055a04/bin/external/protobuf+/src/google/protobuf/_virtual_includes/protobuf/google/protobuf/descriptor.pb.h:18861:13: note: declared here
2026-10-07T01:17:39.6191372Z 18861 | inline bool FieldOptions::weak() const {
2026-10-07T01:17:39.6191556Z       |             ^~~~~~~~~~~~
2026-10-07T01:17:39.6191789Z external/protobuf+/src/google/protobuf/compiler/cpp/message.cc: In lambda function:
2026-10-07T01:17:39.6192281Z external/protobuf+/src/google/protobuf/compiler/cpp/message.cc:5029:43: warning: 'bool google::protobuf::FieldOptions::weak() const' is deprecated [-Wdeprecated-declarations]
2026-10-07T01:17:39.6192721Z  5029 |                  if (field->options().weak()) {
2026-10-07T01:17:39.6192954Z       |                      ~~~~~~~~~~~~~~~~~~~~~^~
2026-10-07T01:17:39.6193393Z bazel-out/k8-opt-exec-ST-d57f47055a04/bin/external/protobuf+/src/google/protobuf/_virtual_includes/protobuf/google/protobuf/descriptor.pb.h:18861:13: note: declared here
2026-10-07T01:17:39.6193812Z 18861 | inline bool FieldOptions::weak() const {
2026-10-07T01:17:39.6194000Z       |             ^~~~~~~~~~~~
2026-10-07T01:17:39.6194555Z external/protobuf+/src/google/protobuf/compiler/cpp/message.cc: In member function 'void google::protobuf::compiler::cpp::MessageGenerator::EmitCheckAndSerializeField(const google::protobuf::FieldDescriptor*, google::protobuf::io::Printer*) const':
2026-10-07T01:17:39.6195387Z external/protobuf+/src/google/protobuf/compiler/cpp/message.cc:5572:28: warning: 'bool google::protobuf::FieldOptions::weak() const' is deprecated [-Wdeprecated-declarations]
2026-10-07T01:17:39.6195803Z  5572 |   if (field->options().weak()) {
2026-10-07T01:17:39.6195982Z       |       ~~~~~~~~~~~~~~~~~~~~~^~
2026-10-07T01:17:39.6196384Z bazel-out/k8-opt-exec-ST-d57f47055a04/bin/external/protobuf+/src/google/protobuf/_virtual_includes/protobuf/google/protobuf/descriptor.pb.h:18861:13: note: declared here
2026-10-07T01:17:39.6196796Z 18861 | inline bool FieldOptions::weak() const {
2026-10-07T01:17:39.6196981Z       |             ^~~~~~~~~~~~
2026-10-07T01:17:39.6197620Z external/protobuf+/src/google/protobuf/compiler/cpp/message.cc: In instantiation of 'void google::protobuf::compiler::cpp::MessageGenerator::EmitCheckAndUpdateByteSizeForField(const google::protobuf::FieldDescriptor*, google::protobuf::io::Printer*) const [with bool kIsV2 = false]':
2026-10-07T01:17:39.6198318Z external/protobuf+/src/google/protobuf/compiler/cpp/message.cc:1418:62:   required from here
2026-10-07T01:17:39.6198970Z external/protobuf+/src/google/protobuf/compiler/cpp/message.cc:1363:28: warning: 'bool google::protobuf::FieldOptions::weak() const' is deprecated [-Wdeprecated-declarations]
2026-10-07T01:17:39.6199390Z  1363 |   if (field->options().weak()) {
2026-10-07T01:17:39.6199604Z       |       ~~~~~~~~~~~~~~~~~~~~~^~
2026-10-07T01:17:39.6200002Z bazel-out/k8-opt-exec-ST-d57f47055a04/bin/external/protobuf+/src/google/protobuf/_virtual_includes/protobuf/google/protobuf/descriptor.pb.h:18861:13: note: declared here
2026-10-07T01:17:39.6200399Z 18861 | inline bool FieldOptions::weak() const {
2026-10-07T01:17:39.6200575Z       |             ^~~~~~~~~~~~
2026-10-07T01:17:39.6200953Z external/protobuf+/src/google/protobuf/compiler/cpp/message.cc:1363:28: warning: 'bool google::protobuf::FieldOptions::weak() const' is deprecated [-Wdeprecated-declarations]
2026-10-07T01:17:39.6201472Z  1363 |   if (field->options().weak()) {
2026-10-07T01:17:39.6201645Z       |       ~~~~~~~~~~~~~~~~~~~~~^~
2026-10-07T01:17:39.6202032Z bazel-out/k8-opt-exec-ST-d57f47055a04/bin/external/protobuf+/src/google/protobuf/_virtual_includes/protobuf/google/protobuf/descriptor.pb.h:18861:13: note: declared here
2026-10-07T01:17:39.6202431Z 18861 | inline bool FieldOptions::weak() const {
2026-10-07T01:17:39.6202774Z       |             ^~~~~~~~~~~~
2026-10-07T01:17:39.6203048Z [875 / 939] [Prepa] Linking external/protobuf+/src/google/protobuf/compiler/cpp/libcpp.a [for tool]
2026-10-07T01:17:41.1240284Z [886 / 939] Compiling external/protobuf+/src/google/protobuf/_virtual_imports/timestamp_proto/google/protobuf/timestamp.pb.cc; 1s processwrapper-sandbox ... (4 actions running)
2026-10-07T01:17:42.2030327Z INFO: From Compiling external/protobuf+/src/google/protobuf/_virtual_imports/struct_proto/google/protobuf/struct.pb.cc:
2026-10-07T01:17:42.2060049Z In file included from bazel-out/k8-opt/bin/external/protobuf+/src/google/protobuf/_virtual_includes/struct_proto/google/protobuf/struct.pb.h:34,
2026-10-07T01:17:42.2080589Z                  from bazel-out/k8-opt/bin/external/protobuf+/src/google/protobuf/_virtual_imports/struct_proto/google/protobuf/struct.pb.cc:6:
2026-10-07T01:17:42.2090266Z bazel-out/k8-opt/bin/external/protobuf+/src/google/protobuf/_virtual_includes/protobuf/google/protobuf/map_field.h: In constructor 'google::protobuf::internal::MapFieldBase::ReflectionPayload::ReflectionPayload(google::protobuf::Arena*, const google::protobuf::Message*)':
2026-10-07T01:17:42.2141239Z bazel-out/k8-opt/bin/external/protobuf+/src/google/protobuf/_virtual_includes/protobuf/google/protobuf/map_field.h:416:11: warning: 'google::protobuf::RepeatedPtrField<T>::RepeatedPtrField(google::protobuf::Arena*) [with Element = google::protobuf::Message]' is deprecated: Use Arena::Create<RepeatedPtrField<...>>(Arena*) instead [-Wdeprecated-declarations]
2026-10-07T01:17:42.2169571Z   416 |         : repeated_field_(arena), prototype_(prototype) {}
2026-10-07T01:17:42.2170058Z       |           ^~~~~~~~~~~~~~~~~~~~~~
2026-10-07T01:17:42.2240073Z In file included from bazel-out/k8-opt/bin/external/protobuf+/src/google/protobuf/_virtual_includes/protobuf_lite/google/protobuf/repeated_field.h:46,
2026-10-07T01:17:42.2270560Z                  from bazel-out/k8-opt/bin/external/protobuf+/src/google/protobuf/_virtual_includes/protobuf_lite/google/protobuf/parse_context.h:39,
2026-10-07T01:17:42.2300521Z                  from bazel-out/k8-opt/bin/external/protobuf+/src/google/protobuf/_virtual_includes/protobuf_lite/google/protobuf/generated_message_tctable_decl.h:25,
2026-10-07T01:17:42.2330672Z                  from bazel-out/k8-opt/bin/external/protobuf+/src/google/protobuf/_virtual_includes/struct_proto/google/protobuf/struct.pb.h:23:
2026-10-07T01:17:42.2360081Z bazel-out/k8-opt/bin/external/protobuf+/src/google/protobuf/_virtual_includes/protobuf_lite/google/protobuf/repeated_ptr_field.h:1380:8: note: declared here
2026-10-07T01:17:42.2389744Z  1380 | inline RepeatedPtrField<Element>::RepeatedPtrField(Arena* arena)
2026-10-07T01:17:42.2419500Z       |        ^~~~~~~~~~~~~~~~~~~~~~~~~
2026-10-07T01:17:42.2420360Z [896 / 939] Compiling external/protobuf+/src/google/protobuf/_virtual_imports/source_context_proto/google/protobuf/source_context.pb.cc; 0s processwrapper-sandbox ... (4 actions, 3 running)
2026-10-07T01:17:43.3065390Z [900 / 939] Compiling external/protobuf+/src/google/protobuf/_virtual_imports/field_mask_proto/google/protobuf/field_mask.pb.cc; 1s processwrapper-sandbox ... (4 actions, 3 running)
2026-10-07T01:17:45.0611062Z [913 / 939] Compiling src/google/protobuf/util/field_mask_util.cc; 1s processwrapper-sandbox ... (4 actions, 3 running)
2026-10-07T01:17:46.1251789Z [916 / 939] Compiling src/google/protobuf/util/field_mask_util.cc; 2s processwrapper-sandbox ... (4 actions running)
2026-10-07T01:17:48.0966539Z [922 / 939] Compiling pkg/sentry/seccheck/points/syscall.pb.cc; 1s processwrapper-sandbox ... (4 actions, 3 running)
2026-10-07T01:17:49.1300142Z [925 / 939] Compiling pkg/sentry/seccheck/points/syscall.pb.cc; 2s processwrapper-sandbox ... (4 actions running)
2026-10-07T01:17:50.1283159Z [927 / 939] Compiling pkg/sentry/seccheck/points/syscall.pb.cc; 3s processwrapper-sandbox ... (4 actions running)
2026-10-07T01:17:51.9830442Z [928 / 939] Compiling src/google/protobuf/json/internal/untyped_message.cc; 3s processwrapper-sandbox ... (4 actions, 3 running)
2026-10-07T01:17:53.1269175Z [931 / 939] Compiling src/google/protobuf/json/internal/parser.cc; 4s processwrapper-sandbox ... (4 actions running)
2026-10-07T01:17:54.1280548Z [933 / 939] Compiling src/google/protobuf/json/internal/parser.cc; 5s processwrapper-sandbox ... (3 actions running)
2026-10-07T01:17:55.1288239Z [937 / 939] Compiling tools/haa_gvisor_observer/observer.cc; 2s processwrapper-sandbox
2026-10-07T01:17:59.4808066Z INFO: From Compiling tools/haa_gvisor_observer/observer.cc:
2026-10-07T01:17:59.4809086Z tools/haa_gvisor_observer/observer.cc:4614:6: warning: 'bool {anonymous}::Handle(const Header&, const char*, size_t, int, std::string*, const char*, ProcessState*, NormalizedCounts*, TopologyState*, const char**, FaultSite*)' defined but not used [-Wunused-function]
2026-10-07T01:17:59.4810104Z  4614 | bool Handle(const Header& header, const char* payload, size_t payload_size, int output, std::string* container_id,
2026-10-07T01:17:59.4810424Z       |      ^~~~~~
2026-10-07T01:17:59.4810923Z tools/haa_gvisor_observer/observer.cc:3868:6: warning: 'bool {anonymous}::ParseSentryProcessAndClassify(const char*, size_t, int, std::string*, const char*, ProcessState*, const char**)' defined but not used [-Wunused-function]
2026-10-07T01:17:59.4811636Z  3868 | bool ParseSentryProcessAndClassify(const char* payload, size_t payload_size, int output, std::string* container_id,
2026-10-07T01:17:59.4812012Z       |      ^~~~~~~~~~~~~~~~~~~~~~~~~~~~~
2026-10-07T01:17:59.4812409Z tools/haa_gvisor_observer/observer.cc:262:13: warning: 'const char* {anonymous}::CommandPhaseName(CommandPhase)' defined but not used [-Wunused-function]
2026-10-07T01:17:59.4812813Z   262 | const char* CommandPhaseName(CommandPhase phase) {
2026-10-07T01:17:59.4813023Z       |             ^~~~~~~~~~~~~~~~
2026-10-07T01:17:59.4823209Z [938 / 939] [Prepa] Linking tools/haa_gvisor_observer/haa_gvisor_observer
2026-10-07T01:17:59.5702618Z INFO: Found 1 target...
2026-10-07T01:17:59.5823898Z Target //tools/haa_gvisor_observer:haa_gvisor_observer up-to-date:
2026-10-07T01:17:59.5824503Z   bazel-bin/tools/haa_gvisor_observer/haa_gvisor_observer
2026-10-07T01:17:59.6184072Z INFO: Elapsed time: 197.406s, Critical Path: 27.30s
2026-10-07T01:17:59.6187655Z INFO: 939 processes: 291 internal, 648 processwrapper-sandbox.
2026-10-07T01:17:59.6188341Z INFO: Build completed successfully, 939 total actions
2026-10-07T01:17:59.7547874Z Computing main repo mapping: 
2026-10-07T01:17:59.9202906Z WARNING: For repository 'bazel_skylib', the root module requires module version bazel_skylib@1.7.1, but got bazel_skylib@1.8.2 in the resolved dependency graph. Please update the version in your MODULE.bazel or set --check_direct_dependencies=off
2026-10-07T01:18:00.0323766Z Loading: 
2026-10-07T01:18:00.0333866Z Loading: 0 packages loaded
2026-10-07T01:18:00.1426203Z Analyzing: target //tools/haa_gvisor_observer:haa_gvisor_observer_latch_test (0 packages loaded, 0 targets configured)
2026-10-07T01:18:00.1456651Z Analyzing: target //tools/haa_gvisor_observer:haa_gvisor_observer_latch_test (0 packages loaded, 0 targets configured)
2026-10-07T01:18:00.1459564Z 
2026-10-07T01:18:00.4839047Z INFO: Analyzed target //tools/haa_gvisor_observer:haa_gvisor_observer_latch_test (38 packages loaded, 384 targets configured).
2026-10-07T01:18:01.7558937Z [938 / 940] Compiling tools/haa_gvisor_observer/observer_latch_test.cc; 1s processwrapper-sandbox
2026-10-07T01:18:12.1452345Z [938 / 940] Compiling tools/haa_gvisor_observer/observer_latch_test.cc; 11s processwrapper-sandbox
2026-10-07T01:18:13.2094511Z [939 / 940] [Prepa] Linking tools/haa_gvisor_observer/haa_gvisor_observer_latch_test
2026-10-07T01:18:13.2937544Z INFO: Found 1 target...
2026-10-07T01:18:13.2960378Z Target //tools/haa_gvisor_observer:haa_gvisor_observer_latch_test up-to-date:
2026-10-07T01:18:13.2961118Z   bazel-bin/tools/haa_gvisor_observer/haa_gvisor_observer_latch_test
2026-10-07T01:18:13.3000646Z INFO: Elapsed time: 13.615s, Critical Path: 12.75s
2026-10-07T01:18:13.3005762Z INFO: 6 processes: 4 internal, 2 processwrapper-sandbox.
2026-10-07T01:18:13.3006388Z INFO: Build completed successfully, 6 total actions
2026-10-07T01:18:13.3157617Z STARTING record_boundaries
2026-10-07T01:18:14.1798476Z profile=go-module-resolver bounded terminal={"container_id":"0202020202020202","kind":"stream-fault","reason":"EVENT_LIMIT","fault_site":"EVENT_LIMIT","fault_budget":{"charged":200000,"limit":200000,"close":199998,"fcntl":0,"raw":0,"other":2,"workspace":0}}
2026-10-07T01:18:15.4361316Z profile=go-module-build bounded terminal={"container_id":"0606060606060606","kind":"stream-fault","reason":"EVENT_LIMIT","fault_site":"EVENT_LIMIT","fault_budget":{"charged":250000,"limit":250000,"close":249998,"fcntl":0,"raw":0,"other":2,"workspace":0}}
2026-10-07T01:18:15.4924113Z profile=cargo-resolver bounded terminal={"container_id":"0808080808080808","kind":"stream-fault","reason":"EVENT_LIMIT","fault_site":"EVENT_LIMIT","fault_budget":{"charged":10000,"limit":10000,"close":9998,"fcntl":0,"raw":0,"other":2,"workspace":0}}
2026-10-07T01:18:15.5641009Z profile=npm-lifecycle bounded terminal={"container_id":"0404040404040404","kind":"stream-fault","reason":"EVENT_LIMIT","fault_site":"EVENT_LIMIT","fault_budget":{"charged":10000,"limit":10000,"close":9998,"fcntl":0,"raw":0,"other":2,"workspace":0}}
2026-10-07T01:18:15.5641789Z STARTING accessors
2026-10-07T01:18:15.6230452Z STARTING network
2026-10-07T01:18:16.5258309Z STARTING malformed_socket
2026-10-07T01:18:16.5260953Z STARTING malformed_connect
2026-10-07T01:18:16.5269865Z STARTING unknown_fd
2026-10-07T01:18:16.5271421Z STARTING process
2026-10-07T01:18:16.7287628Z STARTING correlation
2026-10-07T01:18:16.8797486Z STARTING cloexec
2026-10-07T01:18:16.9805715Z STARTING delayed
2026-10-07T01:18:17.1314335Z STARTING concurrent_python_streams
2026-10-07T01:18:17.1316025Z STARTING roles
2026-10-07T01:18:17.2327418Z STARTING oci_bootstrap
2026-10-07T01:18:17.2357346Z STARTING demotion
2026-10-07T01:18:17.2366188Z STARTING mismatch
2026-10-07T01:18:17.2367556Z STARTING dropped
2026-10-07T01:18:17.2369254Z STARTING topology_fail_closed
2026-10-07T01:18:17.2384906Z STARTING filesystem
2026-10-07T01:18:17.8532461Z STARTING npm_node
2026-10-07T01:18:17.8532741Z STARTING open_result_negative
2026-10-07T01:18:17.8571975Z STARTING open_result_positive
2026-10-07T01:18:18.2587891Z STARTING no_basename_trust
2026-10-07T01:18:18.3094526Z STARTING unexpected_exec_diagnostic
2026-10-07T01:18:18.3101382Z STARTING resolver_npm_version_node
2026-10-07T01:18:18.3101656Z STARTING resolver_npm_version_production_path
2026-10-07T01:18:18.3104604Z STARTING resolver_lock_generation_production_path
2026-10-07T01:18:18.3108704Z STARTING process_group_lifecycle
2026-10-07T01:18:18.3110591Z STARTING direct_exec_admission
2026-10-07T01:18:18.3117934Z STARTING direct_exec_admission_bound
2026-10-07T01:18:18.3153573Z STARTING session_aware_control
2026-10-07T01:18:18.3163621Z STARTING control_peer_hup_live_admission
2026-10-07T01:18:18.3166187Z STARTING pre_attribution_disconnect
2026-10-07T01:18:18.3167040Z haa_gvisor_observer_latch_test: accepted remote stream ended before attribution
2026-10-07T01:18:18.3173061Z observer latch PASS: readiness
2026-10-07T01:18:18.3173337Z observer latch PASS: pod-init profile
2026-10-07T01:18:18.3173590Z observer latch PASS: profile record limits
2026-10-07T01:18:18.3173863Z observer latch PASS: finite profile record boundary
2026-10-07T01:18:18.3174082Z observer latch PASS: normalized accessors
2026-10-07T01:18:18.3174260Z observer latch PASS: socket family classification
2026-10-07T01:18:18.3174491Z observer latch PASS: unknown socket family
2026-10-07T01:18:18.3175122Z observer latch PASS: malformed socket address
2026-10-07T01:18:18.3175395Z observer latch PASS: unknown FD state
2026-10-07T01:18:18.3175643Z observer latch PASS: process trust boundary
2026-10-07T01:18:18.3175906Z observer latch PASS: exec correlation boundary
2026-10-07T01:18:18.3176213Z observer latch PASS: CLOEXEC/re-exec boundary
2026-10-07T01:18:18.3176679Z observer latch PASS: delayed profile registration
2026-10-07T01:18:18.3176964Z observer latch PASS: concurrent Python streams
2026-10-07T01:18:18.3177179Z observer latch PASS: role handoff/provenance
2026-10-07T01:18:18.3177348Z observer latch PASS: OCI bootstrap demotion
2026-10-07T01:18:18.3177516Z observer latch PASS: setpriv demotion boundary
2026-10-07T01:18:18.3177684Z observer latch PASS: container mismatch
2026-10-07T01:18:18.3177850Z observer latch PASS: dropped events
2026-10-07T01:18:18.3178018Z observer latch PASS: topology fail-closed
2026-10-07T01:18:18.3178196Z observer latch PASS: registered nested mount boundary
2026-10-07T01:18:18.3178384Z observer latch PASS: filesystem normalization
2026-10-07T01:18:18.3178575Z observer latch PASS: Cargo resolver runtime read boundary
2026-10-07T01:18:18.3178948Z observer latch PASS: Cargo resolver self maps boundary
2026-10-07T01:18:18.3179195Z observer latch PASS: Cargo configuration read boundary
2026-10-07T01:18:18.3179398Z observer latch PASS: Cargo TAR configuration read boundary
2026-10-07T01:18:18.3179601Z observer latch PASS: Cargo entropy read boundary
2026-10-07T01:18:18.3179803Z observer latch PASS: Cargo certificate bundle read boundary
2026-10-07T01:18:18.3180008Z observer latch PASS: Cargo null input read boundary
2026-10-07T01:18:18.3180191Z observer latch PASS: Cargo Rustc query boundary
2026-10-07T01:18:18.3180382Z observer latch PASS: Cargo Rustc metadata query boundary
2026-10-07T01:18:18.3180609Z observer latch PASS: Cargo Rustc VM metadata boundary
2026-10-07T01:18:18.3180902Z observer latch PASS: Cargo Rustc self maps boundary
2026-10-07T01:18:18.3181204Z observer latch PASS: Cargo Rustc self memory stats boundary
2026-10-07T01:18:18.3181527Z observer latch PASS: Cargo Rustc self cgroup boundary
2026-10-07T01:18:18.3181839Z observer latch PASS: Cargo Rustc self mountinfo boundary
2026-10-07T01:18:18.3182098Z observer latch PASS: Cargo Rustc CPU quota boundary
2026-10-07T01:18:18.3182311Z observer latch PASS: Cargo Rustc fixed sysroot directory boundary
2026-10-07T01:18:18.3182533Z observer latch PASS: Cargo DNS configuration boundary
2026-10-07T01:18:18.3182763Z observer latch PASS: Cargo resolver configuration file boundary
2026-10-07T01:18:18.3182970Z observer latch PASS: Cargo fixed UTC boundary
2026-10-07T01:18:18.3183163Z observer latch PASS: Cargo close-on-exec entropy boundary
2026-10-07T01:18:18.3183385Z observer latch PASS: SocketPair diagnostic preserves FD authority
2026-10-07T01:18:18.3183640Z observer latch PASS: Kernel SocketPair descriptor authority
2026-10-07T01:18:18.3183899Z observer latch PASS: Cargo Rustc Zlib ABI boundary
2026-10-07T01:18:18.3184110Z observer latch PASS: Cargo Rustc ABI boundary
2026-10-07T01:18:18.3184314Z observer latch PASS: Go resolver runtime read boundary
2026-10-07T01:18:18.3184537Z observer latch PASS: Go build configuration read boundary
2026-10-07T01:18:18.3184744Z observer latch PASS: Go build handoff read boundary
2026-10-07T01:18:18.3184938Z observer latch PASS: Cargo build handoff read boundary
2026-10-07T01:18:18.3185132Z observer latch PASS: Cargo build pinned target
2026-10-07T01:18:18.3192254Z observer latch PASS: Cargo build driver read
2026-10-07T01:18:18.3192466Z observer latch PASS: Cargo build rustc child
2026-10-07T01:18:18.3192667Z observer latch PASS: Cargo build native cc child
2026-10-07T01:18:18.3192864Z observer latch PASS: Cargo build collect2 child
2026-10-07T01:18:18.3193045Z observer latch PASS: Cargo build lld launcher
2026-10-07T01:18:18.3193215Z observer latch PASS: Cargo build rust lld
2026-10-07T01:18:18.3193387Z observer latch PASS: Cargo build link inputs
2026-10-07T01:18:18.3193556Z observer latch PASS: Cargo build link sdk
2026-10-07T01:18:18.3193865Z observer latch PASS: Cargo build Rust C ABI
2026-10-07T01:18:18.3194036Z observer latch PASS: Cargo build lld entropy
2026-10-07T01:18:18.3194209Z observer latch PASS: Cargo build program
2026-10-07T01:18:18.3194393Z observer latch PASS: Cargo build program ABI
2026-10-07T01:18:18.3194573Z observer latch PASS: Cargo build program maps
2026-10-07T01:18:18.3194856Z observer latch PASS: Cargo build program rustc query
2026-10-07T01:18:18.3195047Z observer latch PASS: Cargo build program null
2026-10-07T01:18:18.3195226Z observer latch PASS: Cargo build configuration
2026-10-07T01:18:18.3195424Z observer latch PASS: Terraform provider profile isolation
2026-10-07T01:18:18.3195633Z observer latch PASS: Go build runtime metadata boundary
2026-10-07T01:18:18.3195860Z observer latch PASS: Go build exact creator diagnostic boundary
2026-10-07T01:18:18.3196101Z observer latch PASS: Go build SDK tool child boundary
2026-10-07T01:18:18.3196304Z observer latch PASS: Go build cgo GCC creator boundary
2026-10-07T01:18:18.3196527Z observer latch PASS: Go build SDK linker GCC creator boundary
2026-10-07T01:18:18.3196762Z observer latch PASS: Go build SDK linker native ancestry boundary
2026-10-07T01:18:18.3196996Z observer latch PASS: Go build native linker resolver ABI boundary
2026-10-07T01:18:18.3197224Z observer latch PASS: Go build CC1 creator and loader boundary
2026-10-07T01:18:18.3197460Z observer latch PASS: Go build CC1 readonly header boundary
2026-10-07T01:18:18.3197723Z observer latch PASS: Go build assembler creator and loader boundary
2026-10-07T01:18:18.3197971Z observer latch PASS: Go build collect2 creator and loader boundary
2026-10-07T01:18:18.3198218Z observer latch PASS: Go build native linker creator and loader boundary
2026-10-07T01:18:18.3198467Z observer latch PASS: Go build native linker fixed plugin boundary
2026-10-07T01:18:18.3198697Z observer latch PASS: Go build native linker null device boundary
2026-10-07T01:18:18.3199104Z observer latch PASS: Go build native linker C runtime input boundary
2026-10-07T01:18:18.3199361Z observer latch PASS: Go build assembler null device boundary
2026-10-07T01:18:18.3199605Z observer latch PASS: Go build CC1 readonly SDK Cgo input boundary
2026-10-07T01:18:18.3199836Z observer latch PASS: exact npm CLI-to-Node
2026-10-07T01:18:18.3200018Z observer latch PASS: OPEN_RESULT negative matrix
2026-10-07T01:18:18.3200208Z observer latch PASS: OPEN_RESULT positive matrix
2026-10-07T01:18:18.3200384Z observer latch PASS: no-basename-trust
2026-10-07T01:18:18.3200572Z observer latch PASS: unexpected exec diagnostic retention
2026-10-07T01:18:18.3200789Z observer latch PASS: exact resolver npm-version-to-Node
2026-10-07T01:18:18.3201011Z observer latch PASS: resolver npm-version production path
2026-10-07T01:18:18.3201246Z observer latch PASS: resolver lock-generation production path
2026-10-07T01:18:18.3201476Z observer latch PASS: authoritative process-group lifecycle
2026-10-07T01:18:18.3201681Z observer latch PASS: direct-exec one-shot admission
2026-10-07T01:18:18.3201895Z observer latch PASS: direct-exec terminal admission protocol
2026-10-07T01:18:18.3202098Z observer latch PASS: direct-exec admission bound
2026-10-07T01:18:18.3202291Z observer latch PASS: session-aware control
2026-10-07T01:18:18.3202474Z observer latch PASS: exact control peer binding
2026-10-07T01:18:18.3202678Z observer latch PASS: control peer HUP clears live admission
2026-10-07T01:18:18.3202880Z observer latch PASS: unaccepted remote disconnect
2026-10-07T01:18:18.3203225Z observer latch PASS: accepted pre-attribution disconnect fail-stop
2026-10-07T01:18:18.9053465Z Building helox for gVisor integration
2026-10-07T01:18:19.3350981Z go: downloading github.com/pelletier/go-toml/v2 v2.4.3
2026-10-07T01:18:19.4305057Z go: downloading golang.org/x/mod v0.40.0
2026-10-07T01:18:19.5944952Z go: downloading github.com/hashicorp/hcl/v2 v2.24.0
2026-10-07T01:18:19.6877180Z go: downloading github.com/zclconf/go-cty v1.16.3
2026-10-07T01:18:19.6877453Z go: downloading github.com/spf13/cobra v1.10.2
2026-10-07T01:18:19.7259180Z go: downloading golang.org/x/sys v0.47.0
2026-10-07T01:18:19.8163335Z go: downloading github.com/ProtonMail/go-crypto v1.5.2
2026-10-07T01:18:20.0364788Z go: downloading github.com/agext/levenshtein v1.2.1
2026-10-07T01:18:20.0379386Z go: downloading github.com/apparentlymart/go-textseg/v15 v15.0.0
2026-10-07T01:18:20.0402658Z go: downloading github.com/mitchellh/go-wordwrap v1.0.1
2026-10-07T01:18:20.1221949Z go: downloading github.com/spf13/pflag v1.0.9
2026-10-07T01:18:20.1424787Z go: downloading github.com/cloudflare/circl v1.6.3
2026-10-07T01:18:20.9363131Z go: downloading golang.org/x/crypto v0.41.0
2026-10-07T01:18:20.9991227Z go: downloading golang.org/x/text v0.39.0
2026-10-07T01:18:36.0769553Z Building network-policy helper for gVisor integration
2026-10-07T01:18:36.3580328Z Installing network-policy helper and preparing its identity contract
2026-10-07T01:18:36.3980503Z helper launch: bash=/bin/bash version=5.2.21(1)-release owner=2244
2026-10-07T01:18:37.5385517Z helper ready: pid=149876 attempt=11
2026-10-07T01:18:37.5430288Z runsc version 7c6199801fd2-dirty
2026-10-07T01:18:37.5433239Z spec: 1.2.1
2026-10-07T01:18:37.5588928Z 29.8.1
2026-10-07T01:18:37.6047120Z {"path":"/usr/libexec/heliopause/gvisor/runsc","runtimeArgs":["--sidecar-usage-policy=STRICT","--pod-init-config=/etc/heliopause/pod-init.json"],"status":{"org.opencontainers.runtime-spec.features":"{\"ociVersionMin\":\"1.0.0\",\"ociVersionMax\":\"1.2.1\",\"hooks\":[\"prestart\",\"createRuntime\",\"createContainer\",\"startContainer\",\"poststart\",\"poststop\"],\"mountOptions\":[\"acl\",\"async\",\"atime\",\"bind\",\"defaults\",\"dev\",\"diratime\",\"dirsync\",\"exec\",\"iversion\",\"loud\",\"mand\",\"noacl\",\"noatime\",\"nodev\",\"nodiratime\",\"noexec\",\"noiversion\",\"nomand\",\"norelatime\",\"nostrictatime\",\"nosuid\",\"private\",\"rbind\",\"relatime\",\"remount\",\"ro\",\"rprivate\",\"rslave\",\"runbindable\",\"rw\",\"silent\",\"slave\",\"strictatime\",\"suid\",\"sync\",\"unbindable\"],\"linux\":{\"namespaces\":[\"cgroup\",\"ipc\",\"mount\",\"network\",\"pid\",\"user\",\"uts\"],\"capabilities\":[\"CAP_CHOWN\",\"CAP_DAC_READ_SEARCH\",\"CAP_LEASE\",\"CAP_SYSLOG\",\"CAP_CHECKPOINT_RESTORE\",\"CAP_NET_BIND_SERVICE\",\"CAP_SYS_MODULE\",\"CAP_SYS_PTRACE\",\"CAP_AUDIT_READ\",\"CAP_NET_ADMIN\",\"CAP_MKNOD\",\"CAP_SETFCAP\",\"CAP_WAKE_ALARM\",\"CAP_KILL\",\"CAP_SETGID\",\"CAP_SETPCAP\",\"CAP_IPC_LOCK\",\"CAP_IPC_OWNER\",\"CAP_SYS_RAWIO\",\"CAP_SYS_ADMIN\",\"CAP_SYS_RESOURCE\",\"CAP_DAC_OVERRIDE\",\"CAP_FOWNER\",\"CAP_FSETID\",\"CAP_SYS_CHROOT\",\"CAP_SYS_PACCT\",\"CAP_SYS_TIME\",\"CAP_SYS_TTY_CONFIG\",\"CAP_NET_RAW\",\"CAP_SYS_NICE\",\"CAP_MAC_ADMIN\",\"CAP_PERFMON\",\"CAP_NET_BROADCAST\",\"CAP_SYS_BOOT\",\"CAP_BLOCK_SUSPEND\",\"CAP_SETUID\",\"CAP_LINUX_IMMUTABLE\",\"CAP_AUDIT_WRITE\",\"CAP_AUDIT_CONTROL\",\"CAP_MAC_OVERRIDE\",\"CAP_BPF\"],\"cgroup\":{\"v1\":true,\"v2\":false,\"systemd\":false,\"systemdUser\":false,\"rdma\":false},\"seccomp\":{\"enabled\":true,\"actions\":[\"SCMP_ACT_KILL\",\"SCMP_ACT_TRAP\",\"SCMP_ACT_ERRNO\",\"SCMP_ACT_TRACE\",\"SCMP_ACT_ALLOW\"],\"operators\":[\"SCMP_CMP_EQ\",\"SCMP_CMP_NE\",\"SCMP_CMP_GT\",\"SCMP_CMP_GE\",\"SCMP_CMP_LT\",\"SCMP_CMP_LE\",\"SCMP_CMP_MASKED_EQ\"],\"archs\":[\"SCMP_ARCH_X86_64\",\"SCMP_ARCH_AARCH64\"],\"knownFlags\":[\"SECCOMP_FILTER_FLAG_TSYNC\"],\"supportedFlags\":[\"SECCOMP_FILTER_FLAG_TSYNC\"]},\"apparmor\":{\"enabled\":false},\"selinux\":{\"enabled\":false},\"intelRdt\":{\"enabled\":false},\"mountExtensions\":{\"idmap\":{\"enabled\":true}}},\"annotations\":{\"dev.gvisor.container-name-remap.\":\"\",\"dev.gvisor.flag.EXPERIMENTAL-xdp\":\"off\",\"dev.gvisor.flag.EXPERIMENTAL-xdp-need-wakeup\":\"true\",\"dev.gvisor.flag.TESTONLY-afs-syscall-panic\":\"false\",\"dev.gvisor.flag.TESTONLY-autosave-image-path\":\"\",\"dev.gvisor.flag.TESTONLY-autosave-resume\":\"false\",\"dev.gvisor.flag.TESTONLY-nftables\":\"false\",\"dev.gvisor.flag.TESTONLY-test-name-env\":\"\",\"dev.gvisor.flag.TESTONLY-unsafe-nonroot\":\"false\",\"dev.gvisor.flag.allow-connected-on-save\":\"false\",\"dev.gvisor.flag.allow-flag-override\":\"false\",\"dev.gvisor.flag.allow-live-tcp-migration\":\"true\",\"dev.gvisor.flag.allow-packet-socket-write\":\"false\",\"dev.gvisor.flag.allow-rootfs-tar-annotation\":\"false\",\"dev.gvisor.flag.allow-suid\":\"false\",\"dev.gvisor.flag.alsologtostderr\":\"false\",\"dev.gvisor.flag.app-huge-pages\":\"true\",\"dev.gvisor.flag.buffer-pooling\":\"true\",\"dev.gvisor.flag.cgroupfs\":\"false\",\"dev.gvisor.flag.character-device-policy\":\"emulated-only\",\"dev.gvisor.flag.control-rpc-stop-timeout\":\"15s\",\"dev.gvisor.flag.coverage-report\":\"\",\"dev.gvisor.flag.cpu-num-from-quota\":\"true\",\"dev.gvisor.flag.dcache\":\"-1\",\"dev.gvisor.flag.debug\":\"false\",\"dev.gvisor.flag.debug-command\":\"\",\"dev.gvisor.flag.debug-log\":\"\",\"dev.gvisor.flag.debug-log-format\":\"text\",\"dev.gvisor.flag.debug-to-user-log\":\"false\",\"dev.gvisor.flag.directfs\":\"true\",\"dev.gvisor.flag.enable-core-tags\":\"false\",\"dev.gvisor.flag.fdlimit\":\"-1\",\"dev.gvisor.flag.file-access\":\"exclusive\",\"dev.gvisor.flag.file-access-mounts\":\"shared\",\"dev.gvisor.flag.final-metrics-log\":\"\",\"dev.gvisor.flag.fsgofer-host-uds\":\"false\",\"dev.gvisor.flag.fuse\":\"true\",\"dev.gvisor.flag.gofer-network-namespace\":\"null\",\"dev.gvisor.flag.gso\":\"true\",\"dev.gvisor.flag.gvisor-gro\":\"false\",\"dev.gvisor.flag.gvisor-marker-file\":\"false\",\"dev.gvisor.flag.host-fifo\":\"none\",\"dev.gvisor.flag.host-settings\":\"check\",\"dev.gvisor.flag.host-uds\":\"none\",\"dev.gvisor.flag.ignore-cgroups\":\"false\",\"dev.gvisor.flag.in-sandbox-cgroup\":\"v1\",\"dev.gvisor.flag.iouring\":\"false\",\"dev.gvisor.flag.kvm-use-cpu-nums\":\"false\",\"dev.gvisor.flag.lisafs\":\"true\",\"dev.gvisor.flag.log\":\"\",\"dev.gvisor.flag.log-format\":\"text\",\"dev.gvisor.flag.log-packets\":\"false\",\"dev.gvisor.flag.metric-server\":\"\",\"dev.gvisor.flag.mount-cgroup-v2\":\"false\",\"dev.gvisor.flag.net-disconnect-ok\":\"true\",\"dev.gvisor.flag.net-raw\":\"false\",\"dev.gvisor.flag.network\":\"sandbox\",\"dev.gvisor.flag.network-processors-per-channel\":\"0\",\"dev.gvisor.flag.num-network-channels\":\"1\",\"dev.gvisor.flag.nvproxy\":\"false\",\"dev.gvisor.flag.nvproxy-allow-unsupported-driver\":\"false\",\"dev.gvisor.flag.nvproxy-allowed-driver-capabilities\":\"utility,compute\",\"dev.gvisor.flag.nvproxy-docker\":\"false\",\"dev.gvisor.flag.nvproxy-driver-version\":\"\",\"dev.gvisor.flag.oci-seccomp\":\"false\",\"dev.gvisor.flag.overlay\":\"false\",\"dev.gvisor.flag.overlay2\":\"root:self\",\"dev.gvisor.flag.override-procs\":\"\",\"dev.gvisor.flag.panic-log\":\"\",\"dev.gvisor.flag.panic-signal\":\"-1\",\"dev.gvisor.flag.pause-external-networking\":\"false\",\"dev.gvisor.flag.pcap-log\":\"\",\"dev.gvisor.flag.platform\":\"systrap\",\"dev.gvisor.flag.platform_device_path\":\"\",\"dev.gvisor.flag.pod-init-config\":\"\",\"dev.gvisor.flag.profile\":\"false\",\"dev.gvisor.flag.profile-block\":\"\",\"dev.gvisor.flag.profile-cpu\":\"\",\"dev.gvisor.flag.profile-gc-interval\":\"0s\",\"dev.gvisor.flag.profile-heap\":\"\",\"dev.gvisor.flag.profile-mutex\":\"\",\"dev.gvisor.flag.profiling-metrics\":\"\",\"dev.gvisor.flag.profiling-metrics-log\":\"\",\"dev.gvisor.flag.profiling-metrics-rate-us\":\"1000\",\"dev.gvisor.flag.qdisc\":\"fifo\",\"dev.gvisor.flag.qdisc-tbf-burst\":\"0\",\"dev.gvisor.flag.qdisc-tbf-rate\":\"0\",\"dev.gvisor.flag.rdmaproxy\":\"false\",\"dev.gvisor.flag.ref-leak-mode\":\"disabled\",\"dev.gvisor.flag.reproduce-nat\":\"false\",\"dev.gvisor.flag.reproduce-nftables\":\"false\",\"dev.gvisor.flag.restore-spec-validation\":\"enforce\",\"dev.gvisor.flag.root\":\"\",\"dev.gvisor.flag.rootless\":\"false\",\"dev.gvisor.flag.rx-checksum-offload\":\"true\",\"dev.gvisor.flag.save-restore-netstack\":\"true\",\"dev.gvisor.flag.shared-root\":\"\",\"dev.gvisor.flag.sidecar-release-enforcement-policy\":\"IF_RELEASE_BUILD\",\"dev.gvisor.flag.sidecar-usage-policy\":\"DEFAULT\",\"dev.gvisor.flag.software-gso\":\"true\",\"dev.gvisor.flag.strace\":\"false\",\"dev.gvisor.flag.strace-event\":\"false\",\"dev.gvisor.flag.strace-log-size\":\"1024\",\"dev.gvisor.flag.strace-syscalls\":\"\",\"dev.gvisor.flag.systemd-cgroup\":\"false\",\"dev.gvisor.flag.systrap-disable-fast-path\":\"false\",\"dev.gvisor.flag.systrap-disable-syscall-patching\":\"false\",\"dev.gvisor.flag.tpuproxy\":\"false\",\"dev.gvisor.flag.trace\":\"\",\"dev.gvisor.flag.traceback\":\"system\",\"dev.gvisor.flag.tx-checksum-offload\":\"false\",\"dev.gvisor.flag.vfs2\":\"true\",\"dev.gvisor.flag.watchdog-action\":\"log\",\"dev.gvisor.internal.cpufeatures\":\"\",\"dev.gvisor.internal.seccomp.\":\"\",\"dev.gvisor.internal.seccomp.cont\":\"RuntimeDefault\",\"dev.gvisor.internal.tpuproxy\":\"\",\"dev.gvisor.tar.rootfs.upper\":\"\"},\"potentiallyUnsafeConfigAnnotations\":[\"dev.gvisor.container-name-remap.\",\"dev.gvisor.flag.EXPERIMENTAL-xdp\",\"dev.gvisor.flag.EXPERIMENTAL-xdp-need-wakeup\",\"dev.gvisor.flag.TESTONLY-afs-syscall-panic\",\"dev.gvisor.flag.TESTONLY-autosave-image-path\",\"dev.gvisor.flag.TESTONLY-autosave-resume\",\"dev.gvisor.flag.TESTONLY-nftables\",\"dev.gvisor.flag.TESTONLY-test-name-env\",\"dev.gvisor.flag.TESTONLY-unsafe-nonroot\",\"dev.gvisor.flag.allow-flag-override\",\"dev.gvisor.flag.allow-live-tcp-migration\",\"dev.gvisor.flag.allow-packet-socket-write\",\"dev.gvisor.flag.allow-rootfs-tar-annotation\",\"dev.gvisor.flag.allow-suid\",\"dev.gvisor.flag.alsologtostderr\",\"dev.gvisor.flag.app-huge-pages\",\"dev.gvisor.flag.buffer-pooling\",\"dev.gvisor.flag.cgroupfs\",\"dev.gvisor.flag.character-device-policy\",\"dev.gvisor.flag.control-rpc-stop-timeout\",\"dev.gvisor.flag.coverage-report\",\"dev.gvisor.flag.cpu-num-from-quota\",\"dev.gvisor.flag.dcache\",\"dev.gvisor.flag.debug-log\",\"dev.gvisor.flag.debug-log-format\",\"dev.gvisor.flag.directfs\",\"dev.gvisor.flag.enable-core-tags\",\"dev.gvisor.flag.fdlimit\",\"dev.gvisor.flag.file-access\",\"dev.gvisor.flag.file-access-mounts\",\"dev.gvisor.flag.final-metrics-log\",\"dev.gvisor.flag.fsgofer-host-uds\",\"dev.gvisor.flag.fuse\",\"dev.gvisor.flag.gofer-network-namespace\",\"dev.gvisor.flag.gso\",\"dev.gvisor.flag.gvisor-gro\",\"dev.gvisor.flag.gvisor-marker-file\",\"dev.gvisor.flag.host-fifo\",\"dev.gvisor.flag.host-settings\",\"dev.gvisor.flag.ignore-cgroups\",\"dev.gvisor.flag.iouring\",\"dev.gvisor.flag.kvm-use-cpu-nums\",\"dev.gvisor.flag.lisafs\",\"dev.gvisor.flag.log\",\"dev.gvisor.flag.log-format\",\"dev.gvisor.flag.log-packets\",\"dev.gvisor.flag.metric-server\",\"dev.gvisor.flag.mount-cgroup-v2\",\"dev.gvisor.flag.net-raw\",\"dev.gvisor.flag.network\",\"dev.gvisor.flag.network-processors-per-channel\",\"dev.gvisor.flag.num-network-channels\",\"dev.gvisor.flag.nvproxy\",\"dev.gvisor.flag.nvproxy-allow-unsupported-driver\",\"dev.gvisor.flag.nvproxy-allowed-driver-capabilities\",\"dev.gvisor.flag.nvproxy-docker\",\"dev.gvisor.flag.nvproxy-driver-version\",\"dev.gvisor.flag.overlay\",\"dev.gvisor.flag.override-procs\",\"dev.gvisor.flag.panic-log\",\"dev.gvisor.flag.panic-signal\",\"dev.gvisor.flag.pcap-log\",\"dev.gvisor.flag.platform\",\"dev.gvisor.flag.platform_device_path\",\"dev.gvisor.flag.pod-init-config\",\"dev.gvisor.flag.profile\",\"dev.gvisor.flag.profile-block\",\"dev.gvisor.flag.profile-cpu\",\"dev.gvisor.flag.profile-gc-interval\",\"dev.gvisor.flag.profile-heap\",\"dev.gvisor.flag.profile-mutex\",\"dev.gvisor.flag.profiling-metrics\",\"dev.gvisor.flag.profiling-metrics-log\",\"dev.gvisor.flag.profiling-metrics-rate-us\",\"dev.gvisor.flag.rdmaproxy\",\"dev.gvisor.flag.ref-leak-mode\",\"dev.gvisor.flag.reproduce-nat\",\"dev.gvisor.flag.restore-spec-validation\",\"dev.gvisor.flag.root\",\"dev.gvisor.flag.rootless\",\"dev.gvisor.flag.rx-checksum-offload\",\"dev.gvisor.flag.save-restore-netstack\",\"dev.gvisor.flag.shared-root\",\"dev.gvisor.flag.sidecar-release-enforcement-policy\",\"dev.gvisor.flag.sidecar-usage-policy\",\"dev.gvisor.flag.software-gso\",\"dev.gvisor.flag.strace-event\",\"dev.gvisor.flag.systemd-cgroup\",\"dev.gvisor.flag.systrap-disable-fast-path\",\"dev.gvisor.flag.systrap-disable-syscall-patching\",\"dev.gvisor.flag.tpuproxy\",\"dev.gvisor.flag.trace\",\"dev.gvisor.flag.traceback\",\"dev.gvisor.flag.tx-checksum-offload\",\"dev.gvisor.flag.vfs2\",\"dev.gvisor.flag.watchdog-action\",\"dev.gvisor.internal.cpufeatures\",\"dev.gvisor.internal.seccomp.\",\"dev.gvisor.internal.tpuproxy\",\"dev.gvisor.tar.rootfs.upper\"]}"}}
2026-10-07T01:19:00.9512856Z fuzz: elapsed: 0s, gathering baseline coverage: 0/3 completed
2026-10-07T01:19:00.9732652Z fuzz: elapsed: 0s, gathering baseline coverage: 3/3 completed, now fuzzing with 4 workers
2026-10-07T01:19:02.9907867Z fuzz: elapsed: 2s, execs: 46701 (22899/sec), new interesting: 60 (total: 63)
2026-10-07T01:19:02.9908241Z PASS
2026-10-07T01:19:02.9920351Z ok  	github.com/rahoney/heliopause/internal/sandbox	2.045s
2026-10-07T01:19:13.4090423Z === RUN   TestLinuxTrustedHostExecutorIntegration
2026-10-07T01:19:15.6807342Z --- PASS: TestLinuxTrustedHostExecutorIntegration (2.27s)
2026-10-07T01:19:15.6807606Z PASS
2026-10-07T01:19:15.6812034Z ok  	github.com/rahoney/heliopause/internal/hosttool	2.275s
2026-10-07T01:19:24.0437108Z ok  	github.com/rahoney/heliopause/internal/sandbox	3.095s
2026-10-07T01:19:24.9147785Z ok  	github.com/rahoney/heliopause/internal/sandbox	0.474s
2026-10-07T01:19:27.6522852Z observer_attribution sequence=1 profile=npm-lifecycle counts=NETWORK/CONNECT/INET/CONTROL_GROUP/OTHER:14
2026-10-07T01:19:30.9692693Z {"schema_version":"helox.operation-result/v1","operation_id":"op_uwnw4mww5jsxkpge5wj3xm2jo4","operation":"INSTALL","operation_status":"COMPLETED","artifact":{"reference":{"source_id":"npm","locator":"is-number@7.0.0"}},"checks":[{"id":"npm-declared-integrity","kind":"VERIFICATION","required":true,"capability":"SUPPORTED","execution_status":"COMPLETED"},{"id":"npm-static-archive","kind":"INSPECTION","required":true,"capability":"SUPPORTED","execution_status":"COMPLETED"},{"id":"npm-dynamic-lifecycle","kind":"INSPECTION","required":true,"capability":"SUPPORTED","execution_status":"COMPLETED"}],"evidence_references":[{"id":"npm-declared-integrity-result","handle":"evidence:run_3qc36bkbzy2drxuqsdqlhchamu:npm-declared-integrity-result"},{"id":"npm-static-archive-result","handle":"evidence:run_3qc36bkbzy2drxuqsdqlhchamu:npm-static-archive-result"},{"id":"npm-dynamic-lifecycle-result","handle":"evidence:run_3qc36bkbzy2drxuqsdqlhchamu:npm-dynamic-lifecycle-result"}],"dependency_policy_attribution":[{"node":"lock-cea938ada7edc7cbce5a1360495944a7","package":"is-number","version":"7.0.0","source":"npm","entry_policy_decision":"ALLOW","entry_policy_reasons":["M3_REQUIRED_CHECKS_COMPLETED"],"dynamic_finding_codes":null}],"policy":{"decision":"ALLOW","id":"m4-npm-install-promotion","version":1,"reasons":["M4_VERIFIED_SET_COMPLETED"]},"target":"/home/runner/work/_temp/npm-target","verified_set":{"manifest_id":"50db6053ff3a3effbadb73edfc15525c42ce7e3887b6868afd5668c2278b9ad2","sbom_handle":"staging:50db6053ff3a3effbadb73edfc15525c42ce7e3887b6868afd5668c2278b9ad2:sbom.cdx.json","staging_handle":"staging:50db6053ff3a3effbadb73edfc15525c42ce7e3887b6868afd5668c2278b9ad2","entry_count":1},"promotion_status":"COMPLETED"}
2026-10-07T01:19:37.4150903Z observer_attribution sequence=1 profile=pypi-wheel counts=NETWORK/TRUSTED_CONTROL/CONNECT/INET/DIRECT_EXEC_SESSION/PYTHON:11
2026-10-07T01:19:43.3698260Z {"schema_version":"helox.operation-result/v1","operation_id":"op_6sdl6wb7qtojfa6rlgymivvlcu","operation":"INSTALL","operation_status":"COMPLETED","artifact":{"reference":{"source_id":"pypi","locator":"packaging@25.0"}},"checks":[{"id":"pypi-declared-sha256","kind":"VERIFICATION","required":true,"capability":"SUPPORTED","execution_status":"COMPLETED"},{"id":"pypi-static-archive","kind":"INSPECTION","required":true,"capability":"SUPPORTED","execution_status":"COMPLETED"},{"id":"pypi-dynamic-import","kind":"INSPECTION","required":true,"capability":"SUPPORTED","execution_status":"COMPLETED"}],"evidence_references":[{"id":"pypi-declared-sha256-result","handle":"evidence:run_t6i4yk7qocxbu7vee7nr2pef24:pypi-declared-sha256-result"},{"id":"pypi-static-archive-result","handle":"evidence:run_t6i4yk7qocxbu7vee7nr2pef24:pypi-static-archive-result"},{"id":"pypi-dynamic-import-result","handle":"evidence:run_t6i4yk7qocxbu7vee7nr2pef24:pypi-dynamic-import-result"}],"dependency_policy_attribution":[{"node":"pypi-a08217d00fbe041ba9f9f3cea594d590","package":"packaging","version":"25.0","source":"pypi","entry_policy_decision":"ALLOW","entry_policy_reasons":["M3_REQUIRED_CHECKS_COMPLETED"],"dynamic_finding_codes":null}],"policy":{"decision":"ALLOW","id":"m5-pypi-pip","version":1,"reasons":["M5_VERIFIED_SET_COMPLETED"]},"target":"/home/runner/work/_temp/pypi-target","verified_set":{"manifest_id":"3f59c37b57bea322fa35dd1873b8da793a7072fc433b7f8cbd6eab6da035fb42","sbom_handle":"staging:3f59c37b57bea322fa35dd1873b8da793a7072fc433b7f8cbd6eab6da035fb42:sbom.cdx.json","staging_handle":"staging:3f59c37b57bea322fa35dd1873b8da793a7072fc433b7f8cbd6eab6da035fb42","entry_count":1},"promotion_status":"COMPLETED"}
2026-10-07T01:19:43.7445913Z === RUN   TestPublicTerraformProviderSourceIntegration
2026-10-07T01:19:44.2234591Z === RUN   TestPublicTerraformProviderSourceIntegration/hashicorp/random@3.7.2
2026-10-07T01:19:44.2238023Z     source_integration_linux_test.go:92: ZIP fully read; files=2; h1=h1:356j/3XnXEKr9nyicLUufzoF4Yr6hRy481KIxRVpK0c=; zh=zh:7b8434212eef0f8c83f5a90c6d76feaf850f6502b61b53c329e85b3b281cba34; executable=terraform-provider-random_v3.7.2_x5; executableSHA256=b2e1c417324b1100b67360e044d69636043320ffe024d0546f18b74ed99a7c39
2026-10-07T01:19:44.2260809Z     source_integration_linux_test.go:93: Exact public provider verified; archive=7b8434212eef0f8c83f5a90c6d76feaf850f6502b61b53c329e85b3b281cba34; envelope=7d85f5a5f93b439108a4ae28afba098908190b8b735c622024e3fab33dfb9b37; signer=C874011F0AB405110D02105534365D9472D7468F; trust=HASHICORP_OFFICIAL
2026-10-07T01:19:44.2261759Z     source_integration_linux_test.go:94: Qualification intake directory=/tmp/TestPublicTerraformProviderSourceIntegrationhashicorprandom@3.3107874471/001; Run=run_dnv6kebexsd6chyzdcy3mno25i
2026-10-07T01:19:44.2267174Z === RUN   TestPublicTerraformProviderSourceIntegration/integrations/github@6.6.0
2026-10-07T01:19:45.0143793Z     source_integration_linux_test.go:92: ZIP fully read; files=4; h1=h1:Fp0RrNe+w167AQkVUWC1WRAsyjhhHN7aHWUky7VkKW8=; zh=zh:772edb5890d72b32868f9fdc0a9a1d4f4701d8e7f8acb37a7ac530d053c776e3; executable=terraform-provider-github_v6.6.0; executableSHA256=eb5a89fb6f8ac65d81ed98398a89155b21b1b072ef032e7cad34ca10b477884f
2026-10-07T01:19:45.0177274Z     source_integration_linux_test.go:93: Exact public provider verified; archive=772edb5890d72b32868f9fdc0a9a1d4f4701d8e7f8acb37a7ac530d053c776e3; envelope=82bf50411243e7c1cd932a0b5834d84cfa938577ab0c6d01b0ff5cdb641e25b4; signer=F31928FACE52F1A13A6C60EA38027F80D7FD5FB2; trust=RECOGNIZED_PARTNER
2026-10-07T01:19:45.0178382Z     source_integration_linux_test.go:94: Qualification intake directory=/tmp/TestPublicTerraformProviderSourceIntegrationintegrationsgithub1289022555/001; Run=run_zfooodpw4u634k6kx7dccsrbyy
2026-10-07T01:19:45.0186534Z --- PASS: TestPublicTerraformProviderSourceIntegration (1.27s)
2026-10-07T01:19:45.0187126Z     --- PASS: TestPublicTerraformProviderSourceIntegration/hashicorp/random@3.7.2 (0.48s)
2026-10-07T01:19:45.0187514Z     --- PASS: TestPublicTerraformProviderSourceIntegration/integrations/github@6.6.0 (0.79s)
2026-10-07T01:19:45.0187749Z PASS
2026-10-07T01:19:45.0206318Z ok  	github.com/rahoney/heliopause/internal/verification/terraformprovider	1.279s
2026-10-07T01:19:45.6837487Z helper reaped: pid=149876 wait=0
2026-10-07T01:19:45.6982709Z helper launch: bash=/bin/bash version=5.2.21(1)-release owner=2244
2026-10-07T01:19:46.7349545Z helper ready: pid=162049 attempt=10
2026-10-07T01:19:46.7379603Z === RUN   TestLinuxPyTorchResolverIntegration
2026-10-07T01:20:08.7581579Z observer_attribution sequence=1 profile=pypi-wheel-pytorch-cpu counts=NETWORK/TRUSTED_CONTROL/CONNECT/INET/DIRECT_EXEC_SESSION/PYTHON:115
2026-10-07T01:20:08.9292794Z --- PASS: TestLinuxPyTorchResolverIntegration (22.19s)
2026-10-07T01:20:08.9293065Z PASS
2026-10-07T01:20:08.9326196Z === RUN   TestLinuxGoIsolatedResolverIntegration
2026-10-07T01:20:10.8279760Z observer_attribution sequence=1 profile=go-module-resolver counts=NETWORK/TRUSTED_CONTROL/CONNECT/INET/DIRECT_EXEC_SESSION/OTHER:2
2026-10-07T01:20:10.9826172Z     gomodule_isolated_integration_test.go:21: isolated_command=get github.com/spf13/pflag@v1.0.9 output_bytes=0 output_sha256=e3b0c44298fc1c149afbf4c8996fb92427ae41e4649b934ca495991b7852b855
2026-10-07T01:20:11.9047985Z observer_attribution sequence=2 profile=go-module-resolver counts=NETWORK/TRUSTED_CONTROL/CONNECT/INET/DIRECT_EXEC_SESSION/OTHER:1
2026-10-07T01:20:12.0597265Z     gomodule_isolated_integration_test.go:21: isolated_command=mod download -json all output_bytes=497 output_sha256=56f6013247270cb569000a7f0014ef97099984324d026108514217ef8f7c7d4c
2026-10-07T01:20:12.9175292Z observer_attribution sequence=3 profile=go-module-resolver counts=NETWORK/TRUSTED_CONTROL/CONNECT/INET/DIRECT_EXEC_SESSION/OTHER:1
2026-10-07T01:20:13.0666012Z     gomodule_isolated_integration_test.go:21: isolated_command=mod graph output_bytes=111 output_sha256=a34d60c5aea5368cbb0e91d403dfd8f88442cc3322e0087a47dc4cd618e991b0
2026-10-07T01:20:13.0672080Z --- PASS: TestLinuxGoIsolatedResolverIntegration (4.13s)
2026-10-07T01:20:13.0672468Z === RUN   TestLinuxGoIsolatedProjectResolverIntegration
2026-10-07T01:20:14.0864573Z observer_attribution sequence=1 profile=go-module-resolver counts=NETWORK/TRUSTED_CONTROL/CONNECT/INET/DIRECT_EXEC_SESSION/OTHER:1
2026-10-07T01:20:14.2224969Z     gomodule_isolated_integration_test.go:28: isolated_command=mod download -json all output_bytes=497 output_sha256=56f6013247270cb569000a7f0014ef97099984324d026108514217ef8f7c7d4c
2026-10-07T01:20:15.0952147Z observer_attribution sequence=2 profile=go-module-resolver counts=NETWORK/TRUSTED_CONTROL/CONNECT/INET/DIRECT_EXEC_SESSION/OTHER:1
2026-10-07T01:20:15.2624863Z     gomodule_isolated_integration_test.go:28: isolated_command=mod graph output_bytes=111 output_sha256=a34d60c5aea5368cbb0e91d403dfd8f88442cc3322e0087a47dc4cd618e991b0
2026-10-07T01:20:15.2632605Z --- PASS: TestLinuxGoIsolatedProjectResolverIntegration (2.20s)
2026-10-07T01:20:15.2633014Z === RUN   TestLinuxGoSourceProjectSnapshotIntegration
2026-10-07T01:20:16.2639644Z observer_attribution sequence=1 profile=go-module-resolver counts=NETWORK/TRUSTED_CONTROL/CONNECT/INET/DIRECT_EXEC_SESSION/OTHER:1
2026-10-07T01:20:17.2215376Z observer_attribution sequence=2 profile=go-module-resolver counts=NETWORK/TRUSTED_CONTROL/CONNECT/INET/DIRECT_EXEC_SESSION/OTHER:1
2026-10-07T01:20:17.3904496Z     gomodule_isolated_integration_test.go:37: actual_project_graph_sha256=2fd85f35b1032f4332f924e60f9846cac5bd5a4f1a49a36a135879eec72a4db5 modules=1
2026-10-07T01:20:17.3910909Z --- PASS: TestLinuxGoSourceProjectSnapshotIntegration (2.13s)
2026-10-07T01:20:17.3911369Z === RUN   TestLinuxGoDependencyFreeProjectSnapshotIntegration
2026-10-07T01:20:19.2046039Z     gomodule_isolated_integration_test.go:44: actual_project_graph_sha256=5fce8efcf6e6c7e4462e816a233133217f502d87491cac38214d03de2cf441a5 modules=0
2026-10-07T01:20:19.2051236Z --- PASS: TestLinuxGoDependencyFreeProjectSnapshotIntegration (1.81s)
2026-10-07T01:20:19.2051638Z PASS
2026-10-07T01:20:19.2091256Z === RUN   TestLinuxCargoSourceProjectSnapshotIntegration
2026-10-07T01:20:20.1771700Z observer_attribution sequence=1 profile=cargo-resolver counts=NETWORK/TRUSTED_CONTROL/CONNECT/INET/DIRECT_EXEC_SESSION/OTHER:10,NETWORK/TRUSTED_CONTROL/SENDTO/INET/DIRECT_EXEC_SESSION/OTHER:24
2026-10-07T01:20:20.3371413Z     cargo_isolated_integration_test.go:58: actual_cargo_graph_sha256=df04ccadce07ff0b9a2facd6a75f628a65a10bc82b4f51b521d53f0b34f99c45 crates=1
2026-10-07T01:20:20.3381897Z --- PASS: TestLinuxCargoSourceProjectSnapshotIntegration (1.13s)
2026-10-07T01:20:20.3382263Z PASS
2026-10-07T01:20:20.3420538Z === RUN   TestLinuxTerraformProviderProbeIntegration
2026-10-07T01:20:20.3420968Z === RUN   TestLinuxTerraformProviderProbeIntegration/hashicorp/random@3.7.2
2026-10-07T01:20:21.2397129Z     terraform_provider_integration_linux_test.go:89: Exact public provider help probe completed: reference=hashicorp/random@3.7.2 archive=7b8434212eef0f8c83f5a90c6d76feaf850f6502b61b53c329e85b3b281cba34 envelope=7d85f5a5f93b439108a4ae28afba098908190b8b735c622024e3fab33dfb9b37 {"schema":"m11-004","session":"sbx_7hclzikjawhedwtmcq3oevfgae","status":"COMPLETED","unique_subjects":4,"total":39,"counts":{"FILESYSTEM:filesystem-workspace-access":2,"PROCESS:lifecycle-completed":1,"PROCESS:process-exec-expected":35,"PROCESS:terraform-help-exit-0":1}}
2026-10-07T01:20:21.2405738Z === RUN   TestLinuxTerraformProviderProbeIntegration/integrations/github@6.6.0
2026-10-07T01:20:22.4377743Z     direct_exec_admission.go:99: discard command failed: docker ["exec" "--user" "0:0" "464337d0c49552dd7bd01f49dc79a3135d4d01474242e31c2348bb191d445e56" "/haa-runtime/haa-boundary" "--origin-handoff-elf" "136a0744fb25a46db72539c7614f5c3481ad4566ef4c25fd2815036bc28a2107" "/work/artifact" "-help"]: exit status 1; bounded output="This binary is a plugin. These are not meant to be executed directly.\nPlease execute the program that consumes these plugins, which will\nload any plugins automatically\n"
2026-10-07T01:20:22.5002956Z     terraform_provider_integration_linux_test.go:89: Exact public provider help probe completed: reference=integrations/github@6.6.0 archive=772edb5890d72b32868f9fdc0a9a1d4f4701d8e7f8acb37a7ac530d053c776e3 envelope=82bf50411243e7c1cd932a0b5834d84cfa938577ab0c6d01b0ff5cdb641e25b4 {"schema":"m11-004","session":"sbx_2526ebbfifg42zjmp6kihjnhxi","status":"COMPLETED","unique_subjects":4,"total":39,"counts":{"FILESYSTEM:filesystem-workspace-access":2,"PROCESS:lifecycle-completed":1,"PROCESS:process-exec-expected":35,"PROCESS:terraform-help-exit-1":1}}
2026-10-07T01:20:22.5012071Z --- PASS: TestLinuxTerraformProviderProbeIntegration (2.16s)
2026-10-07T01:20:22.5012483Z     --- PASS: TestLinuxTerraformProviderProbeIntegration/hashicorp/random@3.7.2 (0.90s)
2026-10-07T01:20:22.5012892Z     --- PASS: TestLinuxTerraformProviderProbeIntegration/integrations/github@6.6.0 (1.26s)
2026-10-07T01:20:22.5013211Z === RUN   TestLinuxTerraformProviderSecurityIntegration
2026-10-07T01:20:22.5013567Z === RUN   TestLinuxTerraformProviderSecurityIntegration/normal
2026-10-07T01:20:22.8745053Z     terraform_provider_security_integration_linux_test.go:203: actual_provider_boundary=normal {"schema":"m11-004","session":"sbx_tlczmazeergije7zgtdok6mdre","status":"COMPLETED","unique_subjects":4,"total":38,"counts":{"FILESYSTEM:filesystem-workspace-access":1,"PROCESS:lifecycle-completed":1,"PROCESS:process-exec-expected":35,"PROCESS:terraform-help-exit-0":1}}
2026-10-07T01:20:22.8750265Z === RUN   TestLinuxTerraformProviderSecurityIntegration/network
2026-10-07T01:20:23.2485345Z observer_attribution sequence=1 profile=terraform-provider counts=NETWORK/CONNECT/INET/ARTIFACT_GROUP/OTHER:1
2026-10-07T01:20:23.2761733Z     terraform_provider_security_integration_linux_test.go:203: actual_provider_boundary=network {"schema":"m11-004","session":"sbx_2sqdky5an5hxpfsesqpxd5zor4","status":"COMPLETED","unique_subjects":5,"total":39,"counts":{"FILESYSTEM:filesystem-workspace-access":1,"NETWORK:network-attempt":1,"PROCESS:lifecycle-completed":1,"PROCESS:process-exec-expected":35,"PROCESS:terraform-help-exit-0":1}}
2026-10-07T01:20:23.2766842Z === RUN   TestLinuxTerraformProviderSecurityIntegration/filesystem
2026-10-07T01:20:23.7116742Z     terraform_provider_security_integration_linux_test.go:203: actual_provider_boundary=filesystem {"schema":"m11-004","session":"sbx_hyq7zt2wi5oj7a2qgkbwwjp3pu","status":"INCOMPLETE","limitation":"M3_DYNAMIC_OBSERVER_FAILED","unique_subjects":0,"total":0,"counts":{}}
2026-10-07T01:20:23.7118354Z === RUN   TestLinuxTerraformProviderSecurityIntegration/unexpected-process
2026-10-07T01:20:24.0693317Z observer_attribution sequence=1 profile=terraform-provider counts=PROCESS/SENTRY_EXEC/OTHER/ARTIFACT_ROLE/ARTIFACT_GROUP:1
2026-10-07T01:20:24.1296697Z     terraform_provider_security_integration_linux_test.go:203: actual_provider_boundary=unexpected-process {"schema":"m11-004","session":"sbx_i7t5bguuaiekaoahfx43n7tduu","status":"INCOMPLETE","limitation":"M3_DYNAMIC_OBSERVER_FAILED","unique_subjects":1,"total":1,"counts":{"PROCESS:process-exec-unexpected":1}}
2026-10-07T01:20:24.1298654Z --- PASS: TestLinuxTerraformProviderSecurityIntegration (1.63s)
2026-10-07T01:20:24.1299313Z     --- PASS: TestLinuxTerraformProviderSecurityIntegration/normal (0.37s)
2026-10-07T01:20:24.1300037Z     --- PASS: TestLinuxTerraformProviderSecurityIntegration/network (0.40s)
2026-10-07T01:20:24.1300569Z     --- PASS: TestLinuxTerraformProviderSecurityIntegration/filesystem (0.44s)
2026-10-07T01:20:24.1301137Z     --- PASS: TestLinuxTerraformProviderSecurityIntegration/unexpected-process (0.42s)
2026-10-07T01:20:24.1301495Z PASS
2026-10-07T01:20:27.0000858Z helper reaped: pid=162049 wait=0
2026-10-07T01:20:27.0144318Z helper launch: bash=/bin/bash version=5.2.21(1)-release owner=2244
2026-10-07T01:20:28.0501322Z helper ready: pid=169938 attempt=10
2026-10-07T01:20:28.0534087Z === RUN   TestLinuxGoDependencyFreeDownloadIntegration
2026-10-07T01:20:33.6677654Z     go_download_integration_test.go:59: actual_download_attempt=0 Source: go-proxy
2026-10-07T01:20:33.6678083Z         Modules: 0
2026-10-07T01:20:33.6678376Z         Graph digest: 5fce8efcf6e6c7e4462e816a233133217f502d87491cac38214d03de2cf441a5
2026-10-07T01:20:39.0230347Z     go_download_integration_test.go:59: actual_download_attempt=1 Source: go-proxy
2026-10-07T01:20:39.0230643Z         Modules: 0
2026-10-07T01:20:39.0230965Z         Graph digest: 5fce8efcf6e6c7e4462e816a233133217f502d87491cac38214d03de2cf441a5
2026-10-07T01:20:39.0240335Z --- PASS: TestLinuxGoDependencyFreeDownloadIntegration (10.97s)
2026-10-07T01:20:39.0240805Z === RUN   TestLinuxGoGetDownloadIntegration
2026-10-07T01:20:43.1835601Z observer_attribution sequence=1 profile=go-module-resolver counts=NETWORK/TRUSTED_CONTROL/CONNECT/INET/DIRECT_EXEC_SESSION/OTHER:4
2026-10-07T01:20:45.5937869Z observer_attribution sequence=2 profile=go-module-resolver counts=NETWORK/TRUSTED_CONTROL/CONNECT/INET/DIRECT_EXEC_SESSION/OTHER:1
2026-10-07T01:20:47.9465802Z observer_attribution sequence=3 profile=go-module-resolver counts=NETWORK/TRUSTED_CONTROL/CONNECT/INET/DIRECT_EXEC_SESSION/OTHER:1
2026-10-07T01:20:51.6254197Z observer_attribution sequence=1 profile=go-module-resolver counts=NETWORK/TRUSTED_CONTROL/CONNECT/INET/DIRECT_EXEC_SESSION/OTHER:1
2026-10-07T01:20:53.9789578Z observer_attribution sequence=2 profile=go-module-resolver counts=NETWORK/TRUSTED_CONTROL/CONNECT/INET/DIRECT_EXEC_SESSION/OTHER:1
2026-10-07T01:20:54.4873990Z --- PASS: TestLinuxGoGetDownloadIntegration (15.46s)
2026-10-07T01:20:54.4874272Z === RUN   TestLinuxGoTransitiveGetDownloadIntegration
2026-10-07T01:21:02.6117368Z observer_attribution sequence=1 profile=go-module-resolver counts=NETWORK/TRUSTED_CONTROL/CONNECT/INET/DIRECT_EXEC_SESSION/OTHER:3
2026-10-07T01:21:13.3461346Z observer_attribution sequence=2 profile=go-module-resolver counts=NETWORK/TRUSTED_CONTROL/CONNECT/INET/DIRECT_EXEC_SESSION/OTHER:4
2026-10-07T01:21:15.6696934Z observer_attribution sequence=3 profile=go-module-resolver counts=NETWORK/TRUSTED_CONTROL/CONNECT/INET/DIRECT_EXEC_SESSION/OTHER:2
2026-10-07T01:21:39.3671151Z observer_attribution sequence=1 profile=go-module-resolver counts=NETWORK/TRUSTED_CONTROL/CONNECT/INET/DIRECT_EXEC_SESSION/OTHER:2
2026-10-07T01:21:41.7045363Z observer_attribution sequence=2 profile=go-module-resolver counts=NETWORK/TRUSTED_CONTROL/CONNECT/INET/DIRECT_EXEC_SESSION/OTHER:2
2026-10-07T01:21:58.1331786Z --- PASS: TestLinuxGoTransitiveGetDownloadIntegration (63.65s)
2026-10-07T01:21:58.1332148Z PASS
2026-10-07T01:21:58.1392506Z === RUN   TestLinuxGoDependencyFreeBuildCLIIntegration
2026-10-07T01:22:13.9975163Z     go_build_cli_integration_test.go:21: actual CLI retained build reference= graph=bda38cb39b9fc0aa676b07ab6ad654d1c5867ec81cfb8ee1b7788d0911f0539e source=27d4b61d26b3f0431008d6843549c699f9d6867184992ef6a007ed27dbfe05a3 cache=5f70bf18a086007016e948b04aed3b82103a36bea41755b6cddfaf10ace3c6ef output=a8188540c6a4a80d72c6f88e84bfd223110b63473d10c11a9dd31f9b0c13d8db recipe=370b1b9aa7af73617e37cb9867e48ae9989b50ddcb8a8cc24fb9db7d3a57e00d
2026-10-07T01:22:24.6159821Z     go_build_cli_integration_test.go:21: actual CLI retained build reference= graph=bda38cb39b9fc0aa676b07ab6ad654d1c5867ec81cfb8ee1b7788d0911f0539e source=27d4b61d26b3f0431008d6843549c699f9d6867184992ef6a007ed27dbfe05a3 cache=5f70bf18a086007016e948b04aed3b82103a36bea41755b6cddfaf10ace3c6ef output=a8188540c6a4a80d72c6f88e84bfd223110b63473d10c11a9dd31f9b0c13d8db recipe=370b1b9aa7af73617e37cb9867e48ae9989b50ddcb8a8cc24fb9db7d3a57e00d
2026-10-07T01:22:24.6197159Z --- PASS: TestLinuxGoDependencyFreeBuildCLIIntegration (26.48s)
2026-10-07T01:22:24.6198699Z === RUN   TestLinuxGoPublicBuildCLIIntegration
2026-10-07T01:22:28.8519897Z observer_attribution sequence=1 profile=go-module-resolver counts=NETWORK/TRUSTED_CONTROL/CONNECT/INET/DIRECT_EXEC_SESSION/OTHER:4
2026-10-07T01:22:31.3587630Z observer_attribution sequence=2 profile=go-module-resolver counts=NETWORK/TRUSTED_CONTROL/CONNECT/INET/DIRECT_EXEC_SESSION/OTHER:1
2026-10-07T01:22:33.7246126Z observer_attribution sequence=3 profile=go-module-resolver counts=NETWORK/TRUSTED_CONTROL/CONNECT/INET/DIRECT_EXEC_SESSION/OTHER:1
2026-10-07T01:22:57.3062948Z     go_build_cli_integration_test.go:24: actual CLI retained build reference=github.com/spf13/pflag@v1.0.9 graph=448d4a5978ee1b675396511f50147e43ebaf11e6cd08603e11a27d3719ae2651 source=047ba408e8a9b4d029447657425faa692863e5c409277514cf49759398944e64 cache=34c81f63bf01dfb5b38ea9eda545d91c5d2dd8357db7b6170b78685877f701af output=36770872f3848cddef52f5af4c8bceeaf00969ebad548c05fd65bc7e55b74c61 recipe=370b1b9aa7af73617e37cb9867e48ae9989b50ddcb8a8cc24fb9db7d3a57e00d
2026-10-07T01:22:57.3205687Z --- PASS: TestLinuxGoPublicBuildCLIIntegration (32.70s)
2026-10-07T01:22:57.3207376Z === RUN   TestLinuxGoTransitiveBuildCLIIntegration
2026-10-07T01:23:05.3125466Z observer_attribution sequence=1 profile=go-module-resolver counts=NETWORK/TRUSTED_CONTROL/CONNECT/INET/DIRECT_EXEC_SESSION/OTHER:3
2026-10-07T01:23:15.6778159Z observer_attribution sequence=2 profile=go-module-resolver counts=NETWORK/TRUSTED_CONTROL/CONNECT/INET/DIRECT_EXEC_SESSION/OTHER:4
2026-10-07T01:23:18.1793972Z observer_attribution sequence=3 profile=go-module-resolver counts=NETWORK/TRUSTED_CONTROL/CONNECT/INET/DIRECT_EXEC_SESSION/OTHER:2
2026-10-07T01:24:42.8607723Z     go_build_cli_integration_test.go:27: actual CLI retained build reference=google.golang.org/grpc@v1.76.0 graph=23e3024403173c469be709790536e5b56df0bf690c756b9f362ca6a9b0e2ec41 source=c5b0d6da55ca1dbb74d5e3ac324706794ac9d9387610351132065d36e050a57f cache=bdf76a0f270b3d34a8da95b35c49e019677aff8d771123dae88caa845fae6d4e output=518d22e9b9ecf2ebbe96dd7be1f5050153a2e62523cf33fc1e2037c4a65c735d recipe=370b1b9aa7af73617e37cb9867e48ae9989b50ddcb8a8cc24fb9db7d3a57e00d
2026-10-07T01:24:44.5086352Z --- PASS: TestLinuxGoTransitiveBuildCLIIntegration (107.19s)
2026-10-07T01:24:44.5086788Z === RUN   TestLinuxGoInvalidTestdataBuildCLIIntegration
2026-10-07T01:24:53.0871506Z     go_build_cli_integration_test.go:30: actual selected compiler failure selector=./testdata source_sha256=27d4b61d26b3f0431008d6843549c699f9d6867184992ef6a007ed27dbfe05a3 trusted_failure=observed go build failed: phase=BUILD_ALL command_status=EXIT_STATUS_1 reason= events=0 bytes=0 session_complete=false last_kind= kinds=none
2026-10-07T01:24:53.0886450Z --- PASS: TestLinuxGoInvalidTestdataBuildCLIIntegration (8.58s)
2026-10-07T01:24:53.0886855Z === RUN   TestLinuxGoCgoBuildCLIIntegration
2026-10-07T01:25:12.5398646Z     go_build_cli_integration_test.go:34: actual CLI retained build reference= graph=bda38cb39b9fc0aa676b07ab6ad654d1c5867ec81cfb8ee1b7788d0911f0539e source=671bad5e3b9f521f5aaacb8ade4fabbd64c39a09a3f16568e3a83fd206dc7a5b cache=5f70bf18a086007016e948b04aed3b82103a36bea41755b6cddfaf10ace3c6ef output=8d739ee41de67be7d872c1d92b226277ca9d736e4873c596ec6950f617f4b9f3 recipe=370b1b9aa7af73617e37cb9867e48ae9989b50ddcb8a8cc24fb9db7d3a57e00d
2026-10-07T01:25:12.5422287Z --- PASS: TestLinuxGoCgoBuildCLIIntegration (19.45s)
2026-10-07T01:25:12.5422643Z === RUN   TestLinuxGoLibraryBuildCLIIntegration
2026-10-07T01:25:21.6766539Z     go_build_cli_integration_test.go:38: actual CLI retained build reference= graph=bda38cb39b9fc0aa676b07ab6ad654d1c5867ec81cfb8ee1b7788d0911f0539e source=4dafcb34a1a39ef8c1b8675ac17792e72e33812905d598525a12bac18cee195d cache=5f70bf18a086007016e948b04aed3b82103a36bea41755b6cddfaf10ace3c6ef output=5f70bf18a086007016e948b04aed3b82103a36bea41755b6cddfaf10ace3c6ef recipe=370b1b9aa7af73617e37cb9867e48ae9989b50ddcb8a8cc24fb9db7d3a57e00d
2026-10-07T01:25:21.6785907Z --- PASS: TestLinuxGoLibraryBuildCLIIntegration (9.14s)
2026-10-07T01:25:21.6786265Z === RUN   TestLinuxGoMixedPackagesBuildCLIIntegration
2026-10-07T01:25:38.0893192Z     go_build_cli_integration_test.go:42: actual CLI retained build reference= graph=bda38cb39b9fc0aa676b07ab6ad654d1c5867ec81cfb8ee1b7788d0911f0539e source=c16a8683cde09153549a7e072093726783a42a4e023b4647f6651abff1f60d9a cache=5f70bf18a086007016e948b04aed3b82103a36bea41755b6cddfaf10ace3c6ef output=a8188540c6a4a80d72c6f88e84bfd223110b63473d10c11a9dd31f9b0c13d8db recipe=370b1b9aa7af73617e37cb9867e48ae9989b50ddcb8a8cc24fb9db7d3a57e00d
2026-10-07T01:25:38.0924024Z --- PASS: TestLinuxGoMixedPackagesBuildCLIIntegration (16.41s)
2026-10-07T01:25:38.0924310Z === RUN   TestLinuxGoMixedInvalidPackageBuildCLIIntegration
2026-10-07T01:25:54.1104639Z     go_build_cli_integration_test.go:46: actual selected compiler failure selector=./... source_sha256=24c2b88048ba2c08df5e6ca85ce454016e9ae7aef5e25453cec896f1551378f2 trusted_failure=observed go build failed: phase=BUILD_ALL command_status=EXIT_STATUS_1 reason= events=0 bytes=0 session_complete=false last_kind= kinds=none
2026-10-07T01:25:54.1120754Z --- PASS: TestLinuxGoMixedInvalidPackageBuildCLIIntegration (16.02s)
2026-10-07T01:25:54.1121184Z === RUN   TestLinuxGoBuildSecurityCLIIntegration
2026-10-07T01:25:54.1125948Z === RUN   TestLinuxGoBuildSecurityCLIIntegration/filesystem
2026-10-07T01:26:12.7320853Z === RUN   TestLinuxGoBuildSecurityCLIIntegration/missing-cache
2026-10-07T01:26:16.8913904Z observer_attribution sequence=1 profile=go-module-resolver counts=NETWORK/TRUSTED_CONTROL/CONNECT/INET/DIRECT_EXEC_SESSION/OTHER:4
2026-10-07T01:26:19.3661238Z observer_attribution sequence=2 profile=go-module-resolver counts=NETWORK/TRUSTED_CONTROL/CONNECT/INET/DIRECT_EXEC_SESSION/OTHER:1
2026-10-07T01:26:21.6834217Z observer_attribution sequence=3 profile=go-module-resolver counts=NETWORK/TRUSTED_CONTROL/CONNECT/INET/DIRECT_EXEC_SESSION/OTHER:1
2026-10-07T01:26:23.1189747Z === RUN   TestLinuxGoBuildSecurityCLIIntegration/unmanaged
2026-10-07T01:26:24.0457376Z --- PASS: TestLinuxGoBuildSecurityCLIIntegration (29.93s)
2026-10-07T01:26:24.0457896Z     --- PASS: TestLinuxGoBuildSecurityCLIIntegration/filesystem (18.62s)
2026-10-07T01:26:24.0458382Z     --- PASS: TestLinuxGoBuildSecurityCLIIntegration/missing-cache (10.39s)
2026-10-07T01:26:24.0458964Z     --- PASS: TestLinuxGoBuildSecurityCLIIntegration/unmanaged (0.93s)
2026-10-07T01:26:24.0459390Z PASS
2026-10-07T01:26:24.0505305Z === RUN   TestLinuxCargoAddIntegration
2026-10-07T01:26:27.1130160Z observer_attribution sequence=1 profile=cargo-resolver counts=NETWORK/TRUSTED_CONTROL/CONNECT/INET/DIRECT_EXEC_SESSION/OTHER:5,NETWORK/TRUSTED_CONTROL/SENDTO/INET/DIRECT_EXEC_SESSION/OTHER:17
2026-10-07T01:26:29.4509314Z observer_attribution sequence=2 profile=cargo-resolver counts=NETWORK/TRUSTED_CONTROL/CONNECT/INET/DIRECT_EXEC_SESSION/OTHER:10,NETWORK/TRUSTED_CONTROL/SENDTO/INET/DIRECT_EXEC_SESSION/OTHER:24
2026-10-07T01:26:29.7741790Z     cargo_add_integration_test.go:20: actual_cargo_add_attempt=0 Source: crates-io
2026-10-07T01:26:29.7742252Z         Crates: 1
2026-10-07T01:26:29.7742696Z         Lock digest: cbf39703e39655f25a7390d31c2766f93fcb119f4054952ec94a779cdb190d04
2026-10-07T01:26:32.8005492Z observer_attribution sequence=1 profile=cargo-resolver counts=NETWORK/TRUSTED_CONTROL/CONNECT/INET/DIRECT_EXEC_SESSION/OTHER:5,NETWORK/TRUSTED_CONTROL/SENDTO/INET/DIRECT_EXEC_SESSION/OTHER:13
2026-10-07T01:26:35.1110569Z observer_attribution sequence=2 profile=cargo-resolver counts=NETWORK/TRUSTED_CONTROL/CONNECT/INET/DIRECT_EXEC_SESSION/OTHER:10,NETWORK/TRUSTED_CONTROL/SENDTO/INET/DIRECT_EXEC_SESSION/OTHER:24
2026-10-07T01:26:35.3789406Z     cargo_add_integration_test.go:20: actual_cargo_add_attempt=1 Source: crates-io
2026-10-07T01:26:35.3789714Z         Crates: 1
2026-10-07T01:26:35.3790247Z         Lock digest: cbf39703e39655f25a7390d31c2766f93fcb119f4054952ec94a779cdb190d04
2026-10-07T01:26:35.3851061Z --- PASS: TestLinuxCargoAddIntegration (11.33s)
2026-10-07T01:26:38.6531571Z observer_attribution sequence=1 profile=cargo-resolver counts=NETWORK/TRUSTED_CONTROL/CONNECT/INET/DIRECT_EXEC_SESSION/OTHER:5,NETWORK/TRUSTED_CONTROL/SENDTO/INET/DIRECT_EXEC_SESSION/OTHER:29
2026-10-07T01:26:38.6532181Z === RUN   TestLinuxCargoTransitiveAddIntegration
2026-10-07T01:26:41.1342153Z observer_attribution sequence=2 profile=cargo-resolver counts=NETWORK/TRUSTED_CONTROL/CONNECT/INET/DIRECT_EXEC_SESSION/OTHER:10,NETWORK/TRUSTED_CONTROL/SENDTO/INET/DIRECT_EXEC_SESSION/OTHER:48
2026-10-07T01:26:41.9033749Z     cargo_add_integration_test.go:21: actual_cargo_add_attempt=0 Source: crates-io
2026-10-07T01:26:41.9034185Z         Crates: 7
2026-10-07T01:26:41.9034471Z         Lock digest: ec13922d429a8e1cca9148f636c32731cd44ccfc9d1fa55bc9d5bf9241672ba6
2026-10-07T01:26:45.3179777Z observer_attribution sequence=1 profile=cargo-resolver counts=NETWORK/TRUSTED_CONTROL/CONNECT/INET/DIRECT_EXEC_SESSION/OTHER:5,NETWORK/TRUSTED_CONTROL/SENDTO/INET/DIRECT_EXEC_SESSION/OTHER:25
2026-10-07T01:26:47.8192605Z observer_attribution sequence=2 profile=cargo-resolver counts=NETWORK/TRUSTED_CONTROL/CONNECT/INET/DIRECT_EXEC_SESSION/OTHER:10,NETWORK/TRUSTED_CONTROL/SENDTO/INET/DIRECT_EXEC_SESSION/OTHER:48
2026-10-07T01:26:48.5777138Z     cargo_add_integration_test.go:21: actual_cargo_add_attempt=1 Source: crates-io
2026-10-07T01:26:48.5777437Z         Crates: 7
2026-10-07T01:26:48.5777712Z         Lock digest: ec13922d429a8e1cca9148f636c32731cd44ccfc9d1fa55bc9d5bf9241672ba6
2026-10-07T01:26:48.6713345Z --- PASS: TestLinuxCargoTransitiveAddIntegration (13.29s)
2026-10-07T01:26:48.6713707Z PASS
2026-10-07T01:26:48.6760424Z === RUN   TestLinuxCargoDependencyFreeBuildCLIIntegration
2026-10-07T01:26:55.0979464Z --- PASS: TestLinuxCargoDependencyFreeBuildCLIIntegration (6.42s)
2026-10-07T01:26:55.0979929Z === RUN   TestLinuxCargoPublicBuildCLIIntegration
2026-10-07T01:26:58.1749223Z observer_attribution sequence=1 profile=cargo-resolver counts=NETWORK/TRUSTED_CONTROL/CONNECT/INET/DIRECT_EXEC_SESSION/OTHER:5,NETWORK/TRUSTED_CONTROL/SENDTO/INET/DIRECT_EXEC_SESSION/OTHER:17
2026-10-07T01:27:00.5049181Z observer_attribution sequence=2 profile=cargo-resolver counts=NETWORK/TRUSTED_CONTROL/CONNECT/INET/DIRECT_EXEC_SESSION/OTHER:10,NETWORK/TRUSTED_CONTROL/SENDTO/INET/DIRECT_EXEC_SESSION/OTHER:24
2026-10-07T01:27:03.8837310Z observer_attribution sequence=1 profile=cargo-resolver counts=NETWORK/TRUSTED_CONTROL/CONNECT/INET/DIRECT_EXEC_SESSION/OTHER:10,NETWORK/TRUSTED_CONTROL/SENDTO/INET/DIRECT_EXEC_SESSION/OTHER:24
2026-10-07T01:27:07.6026399Z     cargo_build_cli_integration_test.go:254: actual Cargo build run=run_hxbix7tq22xju3ijv2ochtufz4 source=5918cf755e0ec402b22ea3718f08d9e5e27836cd7d627ced21d75f36669eb0b9 cache=f3217d77bfa700abb967435755c8b6a00990b62568de34f651f8c20c3f9a370c graph=12cba32698557c17bb51c6c8f2112ae90b70b0468a61c991602edb28ec1a7f2d output=ed3d7ce7238e8cc07c84c23aa78132242176648c6d58fe47b77f7d2c50d055d4 recipe=c1e616d14c8444fc02a561c87914291120a26781960e357428afaaff4da4a6b5
2026-10-07T01:27:10.7364608Z observer_attribution sequence=1 profile=cargo-resolver counts=NETWORK/TRUSTED_CONTROL/CONNECT/INET/DIRECT_EXEC_SESSION/OTHER:10,NETWORK/TRUSTED_CONTROL/SENDTO/INET/DIRECT_EXEC_SESSION/OTHER:24
2026-10-07T01:27:14.4761912Z     cargo_build_cli_integration_test.go:254: actual Cargo build run=run_bg4bxudig6i36w5nwiwseiiy7e source=5918cf755e0ec402b22ea3718f08d9e5e27836cd7d627ced21d75f36669eb0b9 cache=f3217d77bfa700abb967435755c8b6a00990b62568de34f651f8c20c3f9a370c graph=12cba32698557c17bb51c6c8f2112ae90b70b0468a61c991602edb28ec1a7f2d output=ed3d7ce7238e8cc07c84c23aa78132242176648c6d58fe47b77f7d2c50d055d4 recipe=c1e616d14c8444fc02a561c87914291120a26781960e357428afaaff4da4a6b5
2026-10-07T01:27:14.4787654Z     cargo_build_cli_integration_test.go:254: actual Cargo build run=run_hxbix7tq22xju3ijv2ochtufz4 source=5918cf755e0ec402b22ea3718f08d9e5e27836cd7d627ced21d75f36669eb0b9 cache=f3217d77bfa700abb967435755c8b6a00990b62568de34f651f8c20c3f9a370c graph=12cba32698557c17bb51c6c8f2112ae90b70b0468a61c991602edb28ec1a7f2d output=ed3d7ce7238e8cc07c84c23aa78132242176648c6d58fe47b77f7d2c50d055d4 recipe=c1e616d14c8444fc02a561c87914291120a26781960e357428afaaff4da4a6b5
2026-10-07T01:27:14.5002838Z --- PASS: TestLinuxCargoPublicBuildCLIIntegration (19.40s)
2026-10-07T01:27:14.5003405Z === RUN   TestLinuxCargoTransitiveBuildCLIIntegration
2026-10-07T01:27:17.6166525Z observer_attribution sequence=1 profile=cargo-resolver counts=NETWORK/TRUSTED_CONTROL/CONNECT/INET/DIRECT_EXEC_SESSION/OTHER:5,NETWORK/TRUSTED_CONTROL/SENDTO/INET/DIRECT_EXEC_SESSION/OTHER:29
2026-10-07T01:27:20.1834483Z observer_attribution sequence=2 profile=cargo-resolver counts=NETWORK/TRUSTED_CONTROL/CONNECT/INET/DIRECT_EXEC_SESSION/OTHER:10,NETWORK/TRUSTED_CONTROL/SENDTO/INET/DIRECT_EXEC_SESSION/OTHER:48
2026-10-07T01:27:24.3654593Z observer_attribution sequence=1 profile=cargo-resolver counts=NETWORK/TRUSTED_CONTROL/CONNECT/INET/DIRECT_EXEC_SESSION/OTHER:10,NETWORK/TRUSTED_CONTROL/SENDTO/INET/DIRECT_EXEC_SESSION/OTHER:48
2026-10-07T01:27:31.1328620Z     cargo_build_cli_integration_test.go:261: actual Cargo build run=run_kahyf27wumbwylee7esi6yji2q source=2a999d2593128a26c7a33d79f9d63d1cab25c794980aa27ce0b4443e92a4a52e cache=b674535e14dd26d8c2968d12c8ca8ca885bd8f4e16f61d4c0277c91bd9b378c1 graph=a61e41c97cc49602fa03850562cf625ea8f41887c41dc0d99eec7eb89477be11 output=88797ed2713baa286c4f7a6bdf582824e597c78e8212eb9370185c2b2dbcdcdf recipe=c1e616d14c8444fc02a561c87914291120a26781960e357428afaaff4da4a6b5
2026-10-07T01:27:34.5332584Z observer_attribution sequence=1 profile=cargo-resolver counts=NETWORK/TRUSTED_CONTROL/CONNECT/INET/DIRECT_EXEC_SESSION/OTHER:10,NETWORK/TRUSTED_CONTROL/SENDTO/INET/DIRECT_EXEC_SESSION/OTHER:48
2026-10-07T01:27:41.4247090Z     cargo_build_cli_integration_test.go:261: actual Cargo build run=run_zmhxh5y53errffvyoja4357koq source=2a999d2593128a26c7a33d79f9d63d1cab25c794980aa27ce0b4443e92a4a52e cache=b674535e14dd26d8c2968d12c8ca8ca885bd8f4e16f61d4c0277c91bd9b378c1 graph=a61e41c97cc49602fa03850562cf625ea8f41887c41dc0d99eec7eb89477be11 output=88797ed2713baa286c4f7a6bdf582824e597c78e8212eb9370185c2b2dbcdcdf recipe=c1e616d14c8444fc02a561c87914291120a26781960e357428afaaff4da4a6b5
2026-10-07T01:27:41.4277724Z     cargo_build_cli_integration_test.go:261: actual Cargo build run=run_kahyf27wumbwylee7esi6yji2q source=2a999d2593128a26c7a33d79f9d63d1cab25c794980aa27ce0b4443e92a4a52e cache=b674535e14dd26d8c2968d12c8ca8ca885bd8f4e16f61d4c0277c91bd9b378c1 graph=a61e41c97cc49602fa03850562cf625ea8f41887c41dc0d99eec7eb89477be11 output=88797ed2713baa286c4f7a6bdf582824e597c78e8212eb9370185c2b2dbcdcdf recipe=c1e616d14c8444fc02a561c87914291120a26781960e357428afaaff4da4a6b5
2026-10-07T01:27:41.5952672Z --- PASS: TestLinuxCargoTransitiveBuildCLIIntegration (27.09s)
2026-10-07T01:27:41.5953074Z === RUN   TestLinuxCargoLibraryBuildCLIIntegration
2026-10-07T01:27:47.7861316Z     cargo_build_cli_integration_test.go:83: actual Cargo build run=run_skley7sjxjxmfsgnemc4fm575q source=f2880bde4a29f039190d600435ee7395528409d635ea63fed0174b300bc24212 cache=5f70bf18a086007016e948b04aed3b82103a36bea41755b6cddfaf10ace3c6ef graph=7d98bf301eb14b746685c78c4c1cdec2f06d5c7f0293984cd1561a87d9a11128 output=009f5b1f15ee6185b943ab928ed6ad7f84df8ad63affce272db81f7a2d818189 recipe=c1e616d14c8444fc02a561c87914291120a26781960e357428afaaff4da4a6b5
2026-10-07T01:27:53.9527957Z     cargo_build_cli_integration_test.go:83: actual Cargo build run=run_v43fd2fxut4fm3x647fh4pn7km source=f2880bde4a29f039190d600435ee7395528409d635ea63fed0174b300bc24212 cache=5f70bf18a086007016e948b04aed3b82103a36bea41755b6cddfaf10ace3c6ef graph=7d98bf301eb14b746685c78c4c1cdec2f06d5c7f0293984cd1561a87d9a11128 output=009f5b1f15ee6185b943ab928ed6ad7f84df8ad63affce272db81f7a2d818189 recipe=c1e616d14c8444fc02a561c87914291120a26781960e357428afaaff4da4a6b5
2026-10-07T01:27:53.9531141Z     cargo_build_cli_integration_test.go:83: actual Cargo build run=run_skley7sjxjxmfsgnemc4fm575q source=f2880bde4a29f039190d600435ee7395528409d635ea63fed0174b300bc24212 cache=5f70bf18a086007016e948b04aed3b82103a36bea41755b6cddfaf10ace3c6ef graph=7d98bf301eb14b746685c78c4c1cdec2f06d5c7f0293984cd1561a87d9a11128 output=009f5b1f15ee6185b943ab928ed6ad7f84df8ad63affce272db81f7a2d818189 recipe=c1e616d14c8444fc02a561c87914291120a26781960e357428afaaff4da4a6b5
2026-10-07T01:27:53.9567644Z --- PASS: TestLinuxCargoLibraryBuildCLIIntegration (12.36s)
2026-10-07T01:27:53.9568069Z === RUN   TestLinuxCargoWorkspaceBuildCLIIntegration
2026-10-07T01:28:00.5458878Z     cargo_build_cli_integration_test.go:83: actual Cargo build run=run_bingdxwb74hehx3ba5bauwasgq source=b20393852d5e587a656605ef41a2594ed8cb17cac0b52204019e58841528d24c cache=5f70bf18a086007016e948b04aed3b82103a36bea41755b6cddfaf10ace3c6ef graph=5b566d887b590d7405f1350fc43eb76f9aae40db6ee4d9c7635a10a8103e864c output=30623e1da7c843c099a41168d1609921628aae79c0acd74917fa800623587bcd recipe=c1e616d14c8444fc02a561c87914291120a26781960e357428afaaff4da4a6b5
2026-10-07T01:28:07.1516084Z     cargo_build_cli_integration_test.go:83: actual Cargo build run=run_jwt3fr7v4kzxf72koanfe7izd4 source=b20393852d5e587a656605ef41a2594ed8cb17cac0b52204019e58841528d24c cache=5f70bf18a086007016e948b04aed3b82103a36bea41755b6cddfaf10ace3c6ef graph=5b566d887b590d7405f1350fc43eb76f9aae40db6ee4d9c7635a10a8103e864c output=30623e1da7c843c099a41168d1609921628aae79c0acd74917fa800623587bcd recipe=c1e616d14c8444fc02a561c87914291120a26781960e357428afaaff4da4a6b5
2026-10-07T01:28:07.1549143Z     cargo_build_cli_integration_test.go:83: actual Cargo build run=run_bingdxwb74hehx3ba5bauwasgq source=b20393852d5e587a656605ef41a2594ed8cb17cac0b52204019e58841528d24c cache=5f70bf18a086007016e948b04aed3b82103a36bea41755b6cddfaf10ace3c6ef graph=5b566d887b590d7405f1350fc43eb76f9aae40db6ee4d9c7635a10a8103e864c output=30623e1da7c843c099a41168d1609921628aae79c0acd74917fa800623587bcd recipe=c1e616d14c8444fc02a561c87914291120a26781960e357428afaaff4da4a6b5
2026-10-07T01:28:07.1608297Z --- PASS: TestLinuxCargoWorkspaceBuildCLIIntegration (13.20s)
2026-10-07T01:28:07.1608842Z === RUN   TestLinuxCargoBuildScriptBuildCLIIntegration
2026-10-07T01:28:13.7917482Z     cargo_build_cli_integration_test.go:83: actual Cargo build run=run_w7tzqiryaq7mvrg3zrcqoreeiy source=83eacac37c883c26ae897016d8dd21f0f4e89e99932b7d16e46655c573691b8e cache=5f70bf18a086007016e948b04aed3b82103a36bea41755b6cddfaf10ace3c6ef graph=21389cc67090a4a790254e10c2156baa0c860bcdec5db729d353db8dea181bd7 output=8add82489026921248ecb487cc204958d8aa6dffbe10dfa14d0beeb5ac5d3a58 recipe=c1e616d14c8444fc02a561c87914291120a26781960e357428afaaff4da4a6b5
2026-10-07T01:28:20.3080471Z     cargo_build_cli_integration_test.go:83: actual Cargo build run=run_3mv5pefufxsgn7zbimd4wtw4o4 source=83eacac37c883c26ae897016d8dd21f0f4e89e99932b7d16e46655c573691b8e cache=5f70bf18a086007016e948b04aed3b82103a36bea41755b6cddfaf10ace3c6ef graph=21389cc67090a4a790254e10c2156baa0c860bcdec5db729d353db8dea181bd7 output=8add82489026921248ecb487cc204958d8aa6dffbe10dfa14d0beeb5ac5d3a58 recipe=c1e616d14c8444fc02a561c87914291120a26781960e357428afaaff4da4a6b5
2026-10-07T01:28:20.3112882Z     cargo_build_cli_integration_test.go:83: actual Cargo build run=run_w7tzqiryaq7mvrg3zrcqoreeiy source=83eacac37c883c26ae897016d8dd21f0f4e89e99932b7d16e46655c573691b8e cache=5f70bf18a086007016e948b04aed3b82103a36bea41755b6cddfaf10ace3c6ef graph=21389cc67090a4a790254e10c2156baa0c860bcdec5db729d353db8dea181bd7 output=8add82489026921248ecb487cc204958d8aa6dffbe10dfa14d0beeb5ac5d3a58 recipe=c1e616d14c8444fc02a561c87914291120a26781960e357428afaaff4da4a6b5
2026-10-07T01:28:20.3165544Z --- PASS: TestLinuxCargoBuildScriptBuildCLIIntegration (13.16s)
2026-10-07T01:28:20.3165937Z === RUN   TestLinuxCargoProcMacroBuildCLIIntegration
2026-10-07T01:28:26.8035255Z     cargo_build_cli_integration_test.go:83: actual Cargo build run=run_jwiqkv2lrrze7j5ivyvtr42r5u source=c1e74d99bb60b4f5948aeb80d765d4b200fc2b4ccb3b0facad8736184266aded cache=5f70bf18a086007016e948b04aed3b82103a36bea41755b6cddfaf10ace3c6ef graph=10a8db38a755f1d3dd197b50b8339729d0c4a9b48d289fab7c60f90b9f222cb7 output=c3d57b99189cac27b81e1ba347b0ae8f12ab68d932a5d48b5119f96bf210e383 recipe=c1e616d14c8444fc02a561c87914291120a26781960e357428afaaff4da4a6b5
2026-10-07T01:28:33.4777578Z     cargo_build_cli_integration_test.go:83: actual Cargo build run=run_epfcsa4beayd4tdyof6ffnd4vi source=c1e74d99bb60b4f5948aeb80d765d4b200fc2b4ccb3b0facad8736184266aded cache=5f70bf18a086007016e948b04aed3b82103a36bea41755b6cddfaf10ace3c6ef graph=10a8db38a755f1d3dd197b50b8339729d0c4a9b48d289fab7c60f90b9f222cb7 output=c3d57b99189cac27b81e1ba347b0ae8f12ab68d932a5d48b5119f96bf210e383 recipe=c1e616d14c8444fc02a561c87914291120a26781960e357428afaaff4da4a6b5
2026-10-07T01:28:33.4808322Z     cargo_build_cli_integration_test.go:83: actual Cargo build run=run_jwiqkv2lrrze7j5ivyvtr42r5u source=c1e74d99bb60b4f5948aeb80d765d4b200fc2b4ccb3b0facad8736184266aded cache=5f70bf18a086007016e948b04aed3b82103a36bea41755b6cddfaf10ace3c6ef graph=10a8db38a755f1d3dd197b50b8339729d0c4a9b48d289fab7c60f90b9f222cb7 output=c3d57b99189cac27b81e1ba347b0ae8f12ab68d932a5d48b5119f96bf210e383 recipe=c1e616d14c8444fc02a561c87914291120a26781960e357428afaaff4da4a6b5
2026-10-07T01:28:33.4931858Z --- PASS: TestLinuxCargoProcMacroBuildCLIIntegration (13.18s)
2026-10-07T01:28:33.4932428Z === RUN   TestLinuxCargoBuildFilesystemSecurityCLIIntegration
2026-10-07T01:28:39.8493431Z     cargo_build_cli_integration_test.go:83: actual Cargo build denied: observed cargo build failed: phase=BUILD command_status=LIFECYCLE_ERROR reason=STREAM_FAULT events=41 bytes=4674 session_complete=false last_kind=process-exec-expected kinds=process-exec-expected:41 fault_site=OPEN_RESULT_CLASSIFICATION_IMAGE image_locator_fnv1a64=8cd5faba57335497 open_image=OTHER open_role=ARTIFACT open_provenance=CLONE_CHILD open_subject=OCI_IMAGE open_mount=oci-root open_flags=557056 open_locator_fnv1a64=8cd5faba57335497 open_kernel_image=UNKNOWN open_executable_fnv1a64=465928f011aed54f open_executable_pinned=false open_go_driver_creator=false open_cargo_driver_creator=true open_rustc_version_query=false open_build_target_image=true open_rustc_metadata_query=false open_rustc_argc=0 open_rustc_argv_fnv1a64=0000000000000000 open_mountpoint_fnv1a64=af63a24c860189fe output_diagnostic= stdout=Operation: INSPECT
2026-10-07T01:28:39.8495308Z         Operation ID: op_bihiyjsukepoden5fmgwaewsqq
2026-10-07T01:28:39.8495513Z         Status: FAILED
2026-10-07T01:28:39.8495698Z         Run ID: run_gtlkpll5dyrwzmumsbasvmqqri
2026-10-07T01:28:39.8495889Z         Run outcome: FAILED
2026-10-07T01:28:39.8496333Z         Artifact: project-local/project-1f1a90ee038763c6a293089f7a1a6d63f727371c967a57907004c534c5e280b0@snapshot (cargo-source)
2026-10-07T01:28:39.8496809Z         Digest: sha256:ecff69a6fbd1f4383ed011ca6630bde04e909e295e64a2a759bdee5569758169
2026-10-07T01:28:39.8497189Z         Error: M12_CARGO_BUILD_OBSERVATION_FAILED: Project build did not complete.
2026-10-07T01:28:39.8506121Z --- PASS: TestLinuxCargoBuildFilesystemSecurityCLIIntegration (6.36s)
2026-10-07T01:28:39.8506504Z === RUN   TestLinuxCargoBuildNetworkSecurityCLIIntegration
2026-10-07T01:28:46.4503055Z observer_attribution sequence=3 profile=cargo-build counts=NETWORK/CONNECT/INET/ARTIFACT_GROUP/OTHER:1
2026-10-07T01:28:46.5467676Z     cargo_build_cli_integration_test.go:83: actual Cargo build denied: operation completed with exit code 10 stdout=Operation: INSPECT
2026-10-07T01:28:46.5468328Z         Operation ID: op_heohihom6u3ifj47i2hmvksjou
2026-10-07T01:28:46.5468656Z         Status: COMPLETED
2026-10-07T01:28:46.5469101Z         Run ID: run_gulkerbhh6fyxdfzo3prfr523q
2026-10-07T01:28:46.5469375Z         Run outcome: COMPLETED
2026-10-07T01:28:46.5469848Z         Artifact: project-local/project-56e4386c983c141ca49eb035a7be855105ac290675c94e67d3ae5412f80aa7a3@snapshot (cargo-source)
2026-10-07T01:28:46.5470606Z         Digest: sha256:d6955f9b8c6acd333e92f2b16db53dd650a6961800b74b1968377cf9a2233a20
2026-10-07T01:28:46.5470929Z         Policy: MANUAL_REVIEW (m3-npm-dynamic-inspect v1)
2026-10-07T01:28:46.5471147Z         Reasons: [M3_NETWORK_ATTEMPT]
2026-10-07T01:28:46.5495569Z --- PASS: TestLinuxCargoBuildNetworkSecurityCLIIntegration (6.70s)
2026-10-07T01:28:46.5496046Z === RUN   TestLinuxCargoBuildConfigurationSecurityCLIIntegration
2026-10-07T01:28:46.5496435Z === RUN   TestLinuxCargoBuildConfigurationSecurityCLIIntegration/cargo-home
2026-10-07T01:28:53.2864921Z     cargo_build_cli_integration_test.go:83: actual Cargo build denied: operation completed with exit code 20 stdout=Operation: INSPECT
2026-10-07T01:28:53.2865574Z         Operation ID: op_stbdpe2p4rvbkvd72pzgqk4rfu
2026-10-07T01:28:53.2865811Z         Status: COMPLETED
2026-10-07T01:28:53.2866005Z         Run ID: run_lhbwtu7h44onxw75kcf5ktgmuq
2026-10-07T01:28:53.2866234Z         Run outcome: COMPLETED
2026-10-07T01:28:53.2866805Z         Artifact: project-local/project-126234dd65e195b682a410224469c1fc2aff5819d3f748346305aa89b8fc3741@snapshot (cargo-source)
2026-10-07T01:28:53.2867311Z         Digest: sha256:64c821e8cc5707904cde0208b3f71195d74ac863ac3af247615a581de94417d1
2026-10-07T01:28:53.2867608Z         Policy: BLOCK (m3-npm-dynamic-inspect v1)
2026-10-07T01:28:53.2867891Z         Reasons: [M3_FILESYSTEM_VIOLATION]
2026-10-07T01:28:53.2891456Z === RUN   TestLinuxCargoBuildConfigurationSecurityCLIIntegration/working-directory
2026-10-07T01:29:00.1375981Z     cargo_build_cli_integration_test.go:83: actual Cargo build denied: operation completed with exit code 20 stdout=Operation: INSPECT
2026-10-07T01:29:00.1376706Z         Operation ID: op_ctbty24icvvtoknckuerlumita
2026-10-07T01:29:00.1377111Z         Status: COMPLETED
2026-10-07T01:29:00.1377428Z         Run ID: run_d7efqlndl46qbnjibkfhwwjsui
2026-10-07T01:29:00.1377797Z         Run outcome: COMPLETED
2026-10-07T01:29:00.1378558Z         Artifact: project-local/project-53af9d5d5482e1d16c0ed642d40f79d34baafe8b0f0ad2c310da7053d5373ec6@snapshot (cargo-source)
2026-10-07T01:29:00.1379606Z         Digest: sha256:eb98ad8bbdcc0a663604a18dbc945a294d3a8297d265c2f1baf8d4e06dfac40b
2026-10-07T01:29:00.1380012Z         Policy: BLOCK (m3-npm-dynamic-inspect v1)
2026-10-07T01:29:00.1380253Z         Reasons: [M3_FILESYSTEM_VIOLATION]
2026-10-07T01:29:00.1402469Z --- PASS: TestLinuxCargoBuildConfigurationSecurityCLIIntegration (13.59s)
2026-10-07T01:29:00.1403109Z     --- PASS: TestLinuxCargoBuildConfigurationSecurityCLIIntegration/cargo-home (6.74s)
2026-10-07T01:29:00.1403772Z     --- PASS: TestLinuxCargoBuildConfigurationSecurityCLIIntegration/working-directory (6.85s)
2026-10-07T01:29:00.1404301Z === RUN   TestLinuxCargoBuildUnexpectedChildSecurityCLIIntegration
2026-10-07T01:29:06.4587303Z observer_attribution sequence=3 profile=cargo-build counts=PROCESS/SENTRY_EXEC/SHELL/ARTIFACT_ROLE/ARTIFACT_GROUP:1
2026-10-07T01:29:06.7711909Z     cargo_build_cli_integration_test.go:83: actual Cargo build denied: observed cargo build failed: phase=BUILD command_status=LIFECYCLE_ERROR reason=STREAM_FAULT events=42 bytes=4918 session_complete=false last_kind=process-exec-unexpected kinds=process-exec-expected:41,process-exec-unexpected:1 fault_site=OPEN_RESULT_CLASSIFICATION_IMAGE image_locator_fnv1a64=fbc430c15ef57dff open_image=SHELL open_role=ARTIFACT open_provenance=CLONE_CHILD open_subject=OCI_IMAGE open_mount=oci-root open_flags=557056 open_locator_fnv1a64=fbc430c15ef57dff open_kernel_image=SHELL open_executable_fnv1a64=adfe813dd2e5792b open_executable_pinned=true open_go_driver_creator=false open_cargo_driver_creator=false open_rustc_version_query=false open_cargo_program_creator=true open_rustc_metadata_query=false open_rustc_argc=0 open_rustc_argv_fnv1a64=0000000000000000 open_mountpoint_fnv1a64=af63a24c860189fe output_diagnostic= stdout=Operation: INSPECT
2026-10-07T01:29:06.7713887Z         Operation ID: op_p3chahgymbiftgzjcimzd2e5di
2026-10-07T01:29:06.7714361Z         Status: FAILED
2026-10-07T01:29:06.7714539Z         Run ID: run_lqycggm4qhxbillvyjvn72zrhy
2026-10-07T01:29:06.7714727Z         Run outcome: FAILED
2026-10-07T01:29:06.7715152Z         Artifact: project-local/project-bb2b214ac084bd09c5df180c6a90c6c62dad9dabb3ceeb19a409c285f6012d63@snapshot (cargo-source)
2026-10-07T01:29:06.7715752Z         Digest: sha256:d7e46faf988a39710220d4acb85c978c34eacc3c65641598465bcd3645e1c0aa
2026-10-07T01:29:06.7716118Z         Error: M12_CARGO_BUILD_OBSERVATION_FAILED: Project build did not complete.
2026-10-07T01:29:06.7729071Z --- PASS: TestLinuxCargoBuildUnexpectedChildSecurityCLIIntegration (6.63s)
2026-10-07T01:29:06.7729562Z === RUN   TestLinuxCargoInvalidSourceBuildCLIIntegration
2026-10-07T01:29:12.8533456Z     cargo_build_cli_integration_test.go:83: actual Cargo build denied: observed cargo build failed: phase=BUILD command_status=EXIT_STATUS_101 reason= events=43 bytes=4919 session_complete=true last_kind=filesystem-workspace-access kinds=process-exec-expected:42,filesystem-workspace-access:61 output_diagnostic= stdout=Operation: INSPECT
2026-10-07T01:29:12.8534482Z         Operation ID: op_oe4wekrocdjgm3vmach3ylgc74
2026-10-07T01:29:12.8534721Z         Status: FAILED
2026-10-07T01:29:12.8535016Z         Run ID: run_sjfmogcrtowvft4vnckdua5r2m
2026-10-07T01:29:12.8535299Z         Run outcome: FAILED
2026-10-07T01:29:12.8535782Z         Artifact: project-local/project-369509cac491757d322d4a0864f15377e94479c53746b0ca9ba705b50b2af084@snapshot (cargo-source)
2026-10-07T01:29:12.8536484Z         Digest: sha256:e6eb93b484ab2ff42015ee8d9fa6386940784290a29d5acdec511ba054b6cd5d
2026-10-07T01:29:12.8536943Z         Error: M12_CARGO_BUILD_OBSERVATION_FAILED: Project build did not complete.
2026-10-07T01:29:12.8547802Z --- PASS: TestLinuxCargoInvalidSourceBuildCLIIntegration (6.08s)
2026-10-07T01:29:12.8550875Z === RUN   TestLinuxCargoProcMacroSecurityCLIIntegration
2026-10-07T01:29:12.8551844Z === RUN   TestLinuxCargoProcMacroSecurityCLIIntegration/filesystem
2026-10-07T01:29:19.2729769Z     cargo_build_cli_integration_test.go:83: actual Cargo build denied: observed cargo build failed: phase=BUILD command_status=LIFECYCLE_ERROR reason=STREAM_FAULT events=41 bytes=4674 session_complete=false last_kind=process-exec-expected kinds=process-exec-expected:41 fault_site=OPEN_RESULT_CLASSIFICATION_IMAGE image_locator_fnv1a64=8cd5faba57335497 open_image=OTHER open_role=ARTIFACT open_provenance=CLONE_CHILD open_subject=OCI_IMAGE open_mount=oci-root open_flags=557056 open_locator_fnv1a64=8cd5faba57335497 open_kernel_image=RUSTC open_executable_fnv1a64=10196e7a251de540 open_executable_pinned=true open_go_driver_creator=false open_cargo_driver_creator=true open_rustc_version_query=false open_rustc_metadata_query=false open_rustc_argc=32 open_rustc_argv_fnv1a64=64a98d95e24bb02b open_mountpoint_fnv1a64=af63a24c860189fe output_diagnostic= stdout=Operation: INSPECT
2026-10-07T01:29:19.2732047Z         Operation ID: op_5p75yjfr74hunyyfogdjerprmm
2026-10-07T01:29:19.2732312Z         Status: FAILED
2026-10-07T01:29:19.2732515Z         Run ID: run_cyesc7xw4kvhywlh24f5sqhf7q
2026-10-07T01:29:19.2732706Z         Run outcome: FAILED
2026-10-07T01:29:19.2733139Z         Artifact: project-local/project-66bafe9e902a2d87ad4297bc781fd6fff90539968960bc181914ae36f53aa646@snapshot (cargo-source)
2026-10-07T01:29:19.2733669Z         Digest: sha256:bdf41bfb291cd865f3b98bda0d22fabc550a21142d00786ce6a81c1a1322e021
2026-10-07T01:29:19.2734227Z         Error: M12_CARGO_BUILD_OBSERVATION_FAILED: Project build did not complete.
2026-10-07T01:29:19.2752675Z === RUN   TestLinuxCargoProcMacroSecurityCLIIntegration/network
2026-10-07T01:29:25.9495128Z observer_attribution sequence=3 profile=cargo-build counts=NETWORK/CONNECT/INET/ARTIFACT_GROUP/OTHER:1
2026-10-07T01:29:26.0450600Z     cargo_build_cli_integration_test.go:83: actual Cargo build denied: operation completed with exit code 10 stdout=Operation: INSPECT
2026-10-07T01:29:26.0451056Z         Operation ID: op_c7dnhx5ifgoporyfug5vil3jbi
2026-10-07T01:29:26.0451534Z         Status: COMPLETED
2026-10-07T01:29:26.0451737Z         Run ID: run_xojs4wfquyxruy4yekrtzsg3sy
2026-10-07T01:29:26.0451936Z         Run outcome: COMPLETED
2026-10-07T01:29:26.0452386Z         Artifact: project-local/project-af23060a7b185085f39c51f15347bdfc50485dc0b8ff2a571f9a5553976054c7@snapshot (cargo-source)
2026-10-07T01:29:26.0453136Z         Digest: sha256:e07ebc75aba943b3686e5bf4a5456b747843ac27a89c2c179f6261414489a039
2026-10-07T01:29:26.0453540Z         Policy: MANUAL_REVIEW (m3-npm-dynamic-inspect v1)
2026-10-07T01:29:26.0453767Z         Reasons: [M3_NETWORK_ATTEMPT]
2026-10-07T01:29:26.0479027Z --- PASS: TestLinuxCargoProcMacroSecurityCLIIntegration (13.19s)
2026-10-07T01:29:26.0479847Z     --- PASS: TestLinuxCargoProcMacroSecurityCLIIntegration/filesystem (6.42s)
2026-10-07T01:29:26.0480571Z     --- PASS: TestLinuxCargoProcMacroSecurityCLIIntegration/network (6.77s)
2026-10-07T01:29:26.0483776Z PASS
2026-10-07T01:29:26.0537607Z === RUN   TestLinuxTerraformInitIntegration
2026-10-07T01:29:26.0538089Z === RUN   TestLinuxTerraformInitIntegration/official
2026-10-07T01:29:30.4114985Z     terraform_init_integration_linux_test.go:140: actual_terraform_init_attempt=0 Source: terraform-registry
2026-10-07T01:29:30.4115335Z         Providers: 1
2026-10-07T01:29:30.4115628Z         Lock digest: 99fb2d19275d424494f9b13908c02d35283fe2a3eafc75557a2897028d3f671e
2026-10-07T01:29:34.7413891Z     terraform_init_integration_linux_test.go:140: actual_terraform_init_attempt=1 Source: terraform-registry
2026-10-07T01:29:34.7414386Z         Providers: 1
2026-10-07T01:29:34.7414714Z         Lock digest: 99fb2d19275d424494f9b13908c02d35283fe2a3eafc75557a2897028d3f671e
2026-10-07T01:29:34.7519269Z === RUN   TestLinuxTerraformInitIntegration/partner
2026-10-07T01:29:39.6736478Z     terraform_init_integration_linux_test.go:140: actual_terraform_init_attempt=0 Source: terraform-registry
2026-10-07T01:29:39.6736989Z         Providers: 1
2026-10-07T01:29:39.6737440Z         Lock digest: 09a25ee6094804f26211dd3df171aa4fe7638817160dce0f3a727b3e525eb8ed
2026-10-07T01:29:44.7968106Z     terraform_init_integration_linux_test.go:140: actual_terraform_init_attempt=1 Source: terraform-registry
2026-10-07T01:29:44.7968454Z         Providers: 1
2026-10-07T01:29:44.7968902Z         Lock digest: b6def8c75edb3b87538042360e44bbd40b428aa7f4477ba45d1371e4e0f2fa11
2026-10-07T01:29:44.8055945Z === RUN   TestLinuxTerraformInitIntegration/complete-project
2026-10-07T01:29:52.5054539Z     terraform_init_integration_linux_test.go:140: actual_terraform_init_attempt=0 Source: terraform-registry
2026-10-07T01:29:52.5054963Z         Providers: 2
2026-10-07T01:29:52.5055282Z         Lock digest: 315c94b6fc35209dc3af5a8cb88472fcbbe2eb5bd0650ba0b6f99b1559ab16d7
2026-10-07T01:30:00.6503783Z     terraform_init_integration_linux_test.go:140: actual_terraform_init_attempt=1 Source: terraform-registry
2026-10-07T01:30:00.6504238Z         Providers: 2
2026-10-07T01:30:00.6504545Z         Lock digest: 315c94b6fc35209dc3af5a8cb88472fcbbe2eb5bd0650ba0b6f99b1559ab16d7
2026-10-07T01:30:00.6699944Z --- PASS: TestLinuxTerraformInitIntegration (34.62s)
2026-10-07T01:30:00.6700318Z     --- PASS: TestLinuxTerraformInitIntegration/official (8.70s)
2026-10-07T01:30:00.6700628Z     --- PASS: TestLinuxTerraformInitIntegration/partner (10.05s)
2026-10-07T01:30:00.6700951Z     --- PASS: TestLinuxTerraformInitIntegration/complete-project (15.86s)
2026-10-07T01:30:00.6701260Z === RUN   TestLinuxTerraformInitNegativeIntegration
2026-10-07T01:30:00.6701547Z === RUN   TestLinuxTerraformInitNegativeIntegration/lock-checksum-mismatch
2026-10-07T01:30:02.0507588Z     terraform_init_integration_linux_test.go:217: actual_terraform_negative=lock-checksum-mismatch primary=resolve exact Terraform graph: terraform package does not match any existing lock hash
2026-10-07T01:30:02.0515607Z === RUN   TestLinuxTerraformInitNegativeIntegration/remote-module
2026-10-07T01:30:03.0022760Z     terraform_init_integration_linux_test.go:217: actual_terraform_negative=remote-module primary=guard Terraform project: terraform remote module acquisition is unsupported
2026-10-07T01:30:03.0023752Z === RUN   TestLinuxTerraformInitNegativeIntegration/foreign-provider-cache
2026-10-07T01:30:03.9285880Z     terraform_init_integration_linux_test.go:217: actual_terraform_negative=foreign-provider-cache primary=guard Terraform project: terraform installation contains unmanaged module/backend/cache state
2026-10-07T01:30:03.9286772Z === RUN   TestLinuxTerraformInitNegativeIntegration/concurrent-init
2026-10-07T01:30:04.8600508Z     terraform_init_integration_linux_test.go:217: actual_terraform_negative=concurrent-init primary=guard Terraform project: go project is already being mutated or lock is unavailable
2026-10-07T01:30:04.8601297Z --- PASS: TestLinuxTerraformInitNegativeIntegration (4.19s)
2026-10-07T01:30:04.8601831Z     --- PASS: TestLinuxTerraformInitNegativeIntegration/lock-checksum-mismatch (1.38s)
2026-10-07T01:30:04.8602417Z     --- PASS: TestLinuxTerraformInitNegativeIntegration/remote-module (0.95s)
2026-10-07T01:30:04.8603021Z     --- PASS: TestLinuxTerraformInitNegativeIntegration/foreign-provider-cache (0.93s)
2026-10-07T01:30:04.8603474Z     --- PASS: TestLinuxTerraformInitNegativeIntegration/concurrent-init (0.93s)
2026-10-07T01:30:04.8603687Z PASS
2026-10-07T01:30:04.8694437Z go: downloading go.yaml.in/yaml/v3 v3.0.4
2026-10-07T01:30:05.6503333Z [check] strict version support freshness
2026-10-07T01:30:05.6572249Z === RUN   TestLinuxPyTorchFullIntegration
2026-10-07T01:30:31.5842587Z observer_attribution sequence=1 profile=pypi-wheel-pytorch-cpu counts=NETWORK/TRUSTED_CONTROL/CONNECT/INET/DIRECT_EXEC_SESSION/PYTHON:115
2026-10-07T01:33:42.3249735Z --- PASS: TestLinuxPyTorchFullIntegration (216.67s)
2026-10-07T01:33:42.3250061Z PASS
2026-10-07T01:33:42.3371873Z === RUN   TestLinuxPyTorchFullIntegration
2026-10-07T01:34:50.9320135Z observer_attribution sequence=1 profile=pypi-wheel-pytorch-cu130 counts=NETWORK/TRUSTED_CONTROL/CONNECT/INET/DIRECT_EXEC_SESSION/PYTHON:401
2026-10-07T01:35:45.1134513Z observer_attribution sequence=2 profile=pypi-wheel counts=NETWORK/TRUSTED_CONTROL/CONNECT/INET/DIRECT_EXEC_SESSION/PYTHON:15
2026-10-07T01:45:34.5493946Z     pytorch_linux_integration_test.go:126: bounded command evidence retained in result/promotion: {"scope":"post-install-command-target-import","module":"triton.profiler.viewer","owner_sha256":"387dae4cb0089a7b6ba1a428ae0782b65c4c58f57d94617cb22ca8593d8ccbca","unit":"DIRECT_IMPORT:324d826a5e0796a9815573025b8e581dafea10a9a4eeebdd618902f893e531c3","disposition":"NOT_ATTESTED","functionality_attested":false,"later_execution_enforced":false}
2026-10-07T01:45:34.5500149Z     pytorch_linux_integration_test.go:183: inspection input excluded from 29 promoted entries; separate supplemented evidence retained
2026-10-07T01:45:37.0278215Z --- PASS: TestLinuxPyTorchFullIntegration (714.69s)
2026-10-07T01:45:37.0278489Z PASS
2026-10-07T01:45:37.1570754Z helper reaped: pid=169938 wait=0
2026-10-07T01:45:37.1999795Z helper launch: bash=/bin/bash version=5.2.21(1)-release owner=2244
2026-10-07T01:45:38.2363295Z helper ready: pid=340804 attempt=10
2026-10-07T01:45:38.2394799Z === RUN   TestLinuxPyPISdistBuildIntegration
2026-10-07T01:45:44.0642658Z observer_attribution sequence=1 profile=pypi-wheel counts=PROCESS/SENTRY_EXEC/OTHER/ARTIFACT_ROLE/ARTIFACT_GROUP:1,PROCESS/SENTRY_EXEC/PYTHON/ARTIFACT_ROLE/ARTIFACT_GROUP:2
2026-10-07T01:45:44.1069472Z --- PASS: TestLinuxPyPISdistBuildIntegration (5.87s)
2026-10-07T01:45:44.1070482Z === RUN   TestLinuxPyPIWheelDynamicIntegration
2026-10-07T01:45:47.3512724Z --- PASS: TestLinuxPyPIWheelDynamicIntegration (3.24s)
2026-10-07T01:45:47.3513083Z PASS
2026-10-07T01:45:47.4646654Z helper reaped: pid=340804 wait=0
2026-10-07T01:45:47.5039163Z helper launch: bash=/bin/bash version=5.2.21(1)-release owner=2244
2026-10-07T01:45:48.5403290Z helper ready: pid=342376 attempt=10
2026-10-07T01:45:50.2413992Z === RUN   TestLinuxNPMPromotionIntegration
2026-10-07T01:45:52.0854945Z --- PASS: TestLinuxNPMPromotionIntegration (1.84s)
2026-10-07T01:45:52.0857136Z PASS
2026-10-07T01:45:52.0861273Z ok  	github.com/rahoney/heliopause/internal/promotion	1.848s
2026-10-07T01:45:52.3748210Z === RUN   TestLinuxPyPIPromotionIntegration
2026-10-07T01:45:54.5231694Z --- PASS: TestLinuxPyPIPromotionIntegration (2.15s)
2026-10-07T01:45:54.5236806Z PASS
2026-10-07T01:45:54.5238329Z ok  	github.com/rahoney/heliopause/internal/promotion	2.152s
2026-10-07T01:45:54.5531710Z helper reaped: pid=342376 wait=0
2026-10-07T01:45:54.5532325Z cleanup: original=0 helper_state=CONFIRMED_STOPPED helper_stop=0 client_error=0 client_restore=0 restore_result=NOT_REQUIRED pid=342376
2026-10-07T01:45:54.5759263Z Post job cleanup.
2026-10-07T01:45:54.8010250Z Post job cleanup.
2026-10-07T01:45:54.8619375Z [command]/usr/bin/git version
2026-10-07T01:45:54.8668134Z git version 2.55.0
2026-10-07T01:45:54.8690833Z Temporarily overriding HOME='/home/runner/work/_temp/e0fba062-ab0c-409c-8178-44e5cd0a2967' before making global git config changes
2026-10-07T01:45:54.8691525Z Adding repository directory to the temporary git global config as a safe directory
2026-10-07T01:45:54.8700178Z [command]/usr/bin/git config --global --add safe.directory /home/runner/work/heliopause/heliopause
2026-10-07T01:45:54.8737785Z Removing SSH command configuration
2026-10-07T01:45:54.8743608Z [command]/usr/bin/git config --local --name-only --get-regexp core\.sshCommand
2026-10-07T01:45:54.8798991Z [command]/usr/bin/git submodule foreach --recursive sh -c "git config --local --name-only --get-regexp 'core\.sshCommand' && git config --local --unset-all 'core.sshCommand' || :"
2026-10-07T01:45:54.9061097Z Removing HTTP extra header
2026-10-07T01:45:54.9065548Z [command]/usr/bin/git config --local --name-only --get-regexp http\.https\:\/\/github\.com\/\.extraheader
2026-10-07T01:45:54.9103567Z [command]/usr/bin/git submodule foreach --recursive sh -c "git config --local --name-only --get-regexp 'http\.https\:\/\/github\.com\/\.extraheader' && git config --local --unset-all 'http.https://github.com/.extraheader' || :"
2026-10-07T01:45:54.9290774Z Removing includeIf entries pointing to credentials config files
2026-10-07T01:45:54.9295930Z [command]/usr/bin/git config --local --name-only --get-regexp ^includeIf\.gitdir:
2026-10-07T01:45:54.9325615Z [command]/usr/bin/git submodule foreach --recursive git config --local --show-origin --name-only --get-regexp remote.origin.url
2026-10-07T01:45:54.9637860Z Cleaning up orphan processes
2026-10-07T01:45:54.9990931Z Terminate orphan process: pid (143408) (java.lang=ALL-UNNAMED)
