2026-10-07T01:22:47.4299538Z Current runner version: '2.337.0'
2026-10-07T01:22:47.4324373Z ##[group]Runner Image Provisioner
2026-10-07T01:22:47.4325334Z Hosted Compute Agent
2026-10-07T01:22:47.4325962Z Version: 20260901.588
2026-10-07T01:22:47.4326641Z Commit: f88ec8081b781fac6c440065ac7ff9e710ce3d0b
2026-10-07T01:22:47.4327409Z Build Date: 2026-09-01T19:56:44Z
2026-10-07T01:22:47.4328097Z Worker ID: {f630fb9d-36be-4763-a8a0-59f4dd1c4ca1}
2026-10-07T01:22:47.4328883Z Azure Region: westus
2026-10-07T01:22:47.4329470Z ##[endgroup]
2026-10-07T01:22:47.4331288Z ##[group]Operating System
2026-10-07T01:22:47.4332027Z Ubuntu
2026-10-07T01:22:47.4332563Z 24.04.5
2026-10-07T01:22:47.4333151Z LTS
2026-10-07T01:22:47.4333677Z ##[endgroup]
2026-10-07T01:22:47.4334305Z ##[group]Runner Image
2026-10-07T01:22:47.4334956Z Image: ubuntu-24.04
2026-10-07T01:22:47.4335533Z Version: 20260927.320.1
2026-10-07T01:22:47.4336859Z Included Software: https://github.com/actions/runner-images/blob/ubuntu24/20260927.320/images/ubuntu/Ubuntu2404-Readme.md
2026-10-07T01:22:47.4338539Z Image Release: https://github.com/actions/runner-images/releases/tag/ubuntu24%2F20260927.320
2026-10-07T01:22:47.4339560Z ##[endgroup]
2026-10-07T01:22:47.4340668Z ##[group]GITHUB_TOKEN Permissions
2026-10-07T01:22:47.4343049Z Contents: read
2026-10-07T01:22:47.4343657Z Metadata: read
2026-10-07T01:22:47.4344309Z ##[endgroup]
2026-10-07T01:22:47.4346367Z Secret source: Actions
2026-10-07T01:22:47.4347421Z Cache mode: write
2026-10-07T01:22:47.4348129Z Prepare workflow directory
2026-10-07T01:22:47.4754846Z Prepare all required actions
2026-10-07T01:22:47.4805303Z Getting action download info
2026-10-07T01:22:47.8439558Z Download action repository 'actions/checkout@3d3c42e5aac5ba805825da76410c181273ba90b1' (SHA:3d3c42e5aac5ba805825da76410c181273ba90b1)
2026-10-07T01:22:48.0334918Z Complete job name: gVisor Observer Helper
2026-10-07T01:22:48.1102516Z ##[group]Run actions/checkout@3d3c42e5aac5ba805825da76410c181273ba90b1
2026-10-07T01:22:48.1103599Z with:
2026-10-07T01:22:48.1104072Z   persist-credentials: false
2026-10-07T01:22:48.1104643Z   repository: rahoney/heliopause
2026-10-07T01:22:48.1108267Z   token: ***
2026-10-07T01:22:48.1108720Z   ssh-strict: true
2026-10-07T01:22:48.1109170Z   ssh-user: git
2026-10-07T01:22:48.1109609Z   clean: true
2026-10-07T01:22:48.1110070Z   sparse-checkout-cone-mode: true
2026-10-07T01:22:48.1110610Z   fetch-depth: 1
2026-10-07T01:22:48.1111246Z   fetch-tags: false
2026-10-07T01:22:48.1111708Z   show-progress: true
2026-10-07T01:22:48.1112263Z   lfs: false
2026-10-07T01:22:48.1112693Z   submodules: false
2026-10-07T01:22:48.1113141Z   set-safe-directory: true
2026-10-07T01:22:48.1113658Z   allow-unsafe-pr-checkout: false
2026-10-07T01:22:48.1114462Z ##[endgroup]
2026-10-07T01:22:48.2139755Z Syncing repository: rahoney/heliopause
2026-10-07T01:22:48.2142928Z ##[group]Getting Git version info
2026-10-07T01:22:48.2143979Z Working directory is '/home/runner/work/heliopause/heliopause'
2026-10-07T01:22:48.2145169Z [command]/usr/bin/git version
2026-10-07T01:22:48.2231857Z git version 2.55.0
2026-10-07T01:22:48.2257604Z ##[endgroup]
2026-10-07T01:22:48.2269833Z Temporarily overriding HOME='/home/runner/work/_temp/8b8ed7dc-5530-409f-aef6-9895f924ae9a' before making global git config changes
2026-10-07T01:22:48.2272613Z Adding repository directory to the temporary git global config as a safe directory
2026-10-07T01:22:48.2277362Z [command]/usr/bin/git config --global --add safe.directory /home/runner/work/heliopause/heliopause
2026-10-07T01:22:48.2332042Z Deleting the contents of '/home/runner/work/heliopause/heliopause'
2026-10-07T01:22:48.2335693Z ##[group]Determining repository object format
2026-10-07T01:22:48.2337593Z ##[endgroup]
2026-10-07T01:22:48.2338898Z ##[group]Initializing the repository
2026-10-07T01:22:48.2341835Z [command]/usr/bin/git init /home/runner/work/heliopause/heliopause
2026-10-07T01:22:48.2470379Z hint: Using 'master' as the name for the initial branch. This default branch name
2026-10-07T01:22:48.2473098Z hint: will change to "main" in Git 3.0. To configure the initial branch name
2026-10-07T01:22:48.2475463Z hint: to use in all of your new repositories, which will suppress this warning,
2026-10-07T01:22:48.2476951Z hint: call:
2026-10-07T01:22:48.2478750Z hint:
2026-10-07T01:22:48.2480059Z hint: 	git config --global init.defaultBranch <name>
2026-10-07T01:22:48.2481690Z hint:
2026-10-07T01:22:48.2482802Z hint: Names commonly chosen instead of 'master' are 'main', 'trunk' and
2026-10-07T01:22:48.2484760Z hint: 'development'. The just-created branch can be renamed via this command:
2026-10-07T01:22:48.2486331Z hint:
2026-10-07T01:22:48.2487076Z hint: 	git branch -m <name>
2026-10-07T01:22:48.2488146Z hint:
2026-10-07T01:22:48.2489404Z hint: Disable this message with "git config set advice.defaultBranchName false"
2026-10-07T01:22:48.2491698Z Initialized empty Git repository in /home/runner/work/heliopause/heliopause/.git/
2026-10-07T01:22:48.2494673Z [command]/usr/bin/git remote add origin https://github.com/rahoney/heliopause
2026-10-07T01:22:48.2565171Z ##[endgroup]
2026-10-07T01:22:48.2566437Z ##[group]Disabling automatic garbage collection
2026-10-07T01:22:48.2567513Z [command]/usr/bin/git config --local gc.auto 0
2026-10-07T01:22:48.2599782Z ##[endgroup]
2026-10-07T01:22:48.2601211Z ##[group]Setting up auth
2026-10-07T01:22:48.2602159Z Removing SSH command configuration
2026-10-07T01:22:48.2605817Z [command]/usr/bin/git config --local --name-only --get-regexp core\.sshCommand
2026-10-07T01:22:48.2651117Z [command]/usr/bin/git submodule foreach --recursive sh -c "git config --local --name-only --get-regexp 'core\.sshCommand' && git config --local --unset-all 'core.sshCommand' || :"
2026-10-07T01:22:48.3051926Z Removing HTTP extra header
2026-10-07T01:22:48.3058693Z [command]/usr/bin/git config --local --name-only --get-regexp http\.https\:\/\/github\.com\/\.extraheader
2026-10-07T01:22:48.3097649Z [command]/usr/bin/git submodule foreach --recursive sh -c "git config --local --name-only --get-regexp 'http\.https\:\/\/github\.com\/\.extraheader' && git config --local --unset-all 'http.https://github.com/.extraheader' || :"
2026-10-07T01:22:48.3322254Z Removing includeIf entries pointing to credentials config files
2026-10-07T01:22:48.3327560Z [command]/usr/bin/git config --local --name-only --get-regexp ^includeIf\.gitdir:
2026-10-07T01:22:48.3362101Z [command]/usr/bin/git submodule foreach --recursive git config --local --show-origin --name-only --get-regexp remote.origin.url
2026-10-07T01:22:48.3594913Z [command]/usr/bin/git config --file /home/runner/work/_temp/git-credentials-a49e9c3f-34d1-47eb-953a-c81b9258eace.config http.https://github.com/.extraheader AUTHORIZATION: basic ***
2026-10-07T01:22:48.3638082Z [command]/usr/bin/git config --local includeIf.gitdir:/home/runner/work/heliopause/heliopause/.git.path /home/runner/work/_temp/git-credentials-a49e9c3f-34d1-47eb-953a-c81b9258eace.config
2026-10-07T01:22:48.3675020Z [command]/usr/bin/git config --local includeIf.gitdir:/home/runner/work/heliopause/heliopause/.git/worktrees/*.path /home/runner/work/_temp/git-credentials-a49e9c3f-34d1-47eb-953a-c81b9258eace.config
2026-10-07T01:22:48.3768674Z [command]/usr/bin/git config --local includeIf.gitdir:/github/workspace/.git.path /github/runner_temp/git-credentials-a49e9c3f-34d1-47eb-953a-c81b9258eace.config
2026-10-07T01:22:48.3772246Z [command]/usr/bin/git config --local includeIf.gitdir:/github/workspace/.git/worktrees/*.path /github/runner_temp/git-credentials-a49e9c3f-34d1-47eb-953a-c81b9258eace.config
2026-10-07T01:22:48.3799854Z ##[endgroup]
2026-10-07T01:22:48.3802083Z ##[group]Fetching the repository
2026-10-07T01:22:48.3810462Z [command]/usr/bin/git -c protocol.version=2 fetch --no-tags --prune --no-recurse-submodules --depth=1 origin +6f0a519852c7ddcc1ac80d4e91f6bcd45214f885:refs/remotes/pull/29/merge
2026-10-07T01:22:49.1878364Z From https://github.com/rahoney/heliopause
2026-10-07T01:22:49.1880988Z  * [new ref]         6f0a519852c7ddcc1ac80d4e91f6bcd45214f885 -> pull/29/merge
2026-10-07T01:22:49.1885968Z ##[endgroup]
2026-10-07T01:22:49.1887418Z ##[group]Determining the checkout info
2026-10-07T01:22:49.1888572Z ##[endgroup]
2026-10-07T01:22:49.1890043Z [command]/usr/bin/git sparse-checkout disable
2026-10-07T01:22:49.1949798Z [command]/usr/bin/git config --local --unset-all extensions.worktreeConfig
2026-10-07T01:22:49.1990377Z ##[group]Checking out the ref
2026-10-07T01:22:49.1991788Z [command]/usr/bin/git checkout --progress --force refs/remotes/pull/29/merge
2026-10-07T01:22:49.3099111Z Note: switching to 'refs/remotes/pull/29/merge'.
2026-10-07T01:22:49.3100397Z 
2026-10-07T01:22:49.3101456Z You are in 'detached HEAD' state. You can look around, make experimental
2026-10-07T01:22:49.3103242Z changes and commit them, and you can discard any commits you make in this
2026-10-07T01:22:49.3104939Z state without impacting any branches by switching back to a branch.
2026-10-07T01:22:49.3105999Z 
2026-10-07T01:22:49.3106597Z If you want to create a new branch to retain commits you create, you may
2026-10-07T01:22:49.3108091Z do so (now or later) by using -c with the switch command. Example:
2026-10-07T01:22:49.3109270Z 
2026-10-07T01:22:49.3109710Z   git switch -c <new-branch-name>
2026-10-07T01:22:49.3110616Z 
2026-10-07T01:22:49.3111378Z Or undo this operation with:
2026-10-07T01:22:49.3112193Z 
2026-10-07T01:22:49.3112636Z   git switch -
2026-10-07T01:22:49.3113252Z 
2026-10-07T01:22:49.3114215Z Turn off this advice by setting config variable advice.detachedHead to false
2026-10-07T01:22:49.3115981Z 
2026-10-07T01:22:49.3118077Z HEAD is now at 6f0a519 Merge 8791fdcff573b1d85681ca74b65cf5a9e3ccf27a into 62c3b595e8e27a4a1d836849643c372692a39b8b
2026-10-07T01:22:49.3123800Z ##[endgroup]
2026-10-07T01:22:49.3173050Z [command]/usr/bin/git log -1 --format=%H
2026-10-07T01:22:49.3204044Z 6f0a519852c7ddcc1ac80d4e91f6bcd45214f885
2026-10-07T01:22:49.3214799Z ##[group]Removing auth
2026-10-07T01:22:49.3218627Z Removing SSH command configuration
2026-10-07T01:22:49.3220133Z [command]/usr/bin/git config --local --name-only --get-regexp core\.sshCommand
2026-10-07T01:22:49.3255876Z [command]/usr/bin/git submodule foreach --recursive sh -c "git config --local --name-only --get-regexp 'core\.sshCommand' && git config --local --unset-all 'core.sshCommand' || :"
2026-10-07T01:22:49.3484323Z Removing HTTP extra header
2026-10-07T01:22:49.3488249Z [command]/usr/bin/git config --local --name-only --get-regexp http\.https\:\/\/github\.com\/\.extraheader
2026-10-07T01:22:49.3529379Z [command]/usr/bin/git submodule foreach --recursive sh -c "git config --local --name-only --get-regexp 'http\.https\:\/\/github\.com\/\.extraheader' && git config --local --unset-all 'http.https://github.com/.extraheader' || :"
2026-10-07T01:22:49.3758180Z Removing includeIf entries pointing to credentials config files
2026-10-07T01:22:49.3762049Z [command]/usr/bin/git config --local --name-only --get-regexp ^includeIf\.gitdir:
2026-10-07T01:22:49.3794723Z includeif.gitdir:/home/runner/work/heliopause/heliopause/.git.path
2026-10-07T01:22:49.3796433Z includeif.gitdir:/home/runner/work/heliopause/heliopause/.git/worktrees/*.path
2026-10-07T01:22:49.3797870Z includeif.gitdir:/github/workspace/.git.path
2026-10-07T01:22:49.3798951Z includeif.gitdir:/github/workspace/.git/worktrees/*.path
2026-10-07T01:22:49.3803727Z [command]/usr/bin/git config --local --get-all includeif.gitdir:/home/runner/work/heliopause/heliopause/.git.path
2026-10-07T01:22:49.3831417Z /home/runner/work/_temp/git-credentials-a49e9c3f-34d1-47eb-953a-c81b9258eace.config
2026-10-07T01:22:49.3841313Z [command]/usr/bin/git config --local --unset includeif.gitdir:/home/runner/work/heliopause/heliopause/.git.path \/home\/runner\/work\/_temp\/git\-credentials\-a49e9c3f\-34d1\-47eb\-953a\-c81b9258eace\.config
2026-10-07T01:22:49.3879335Z [command]/usr/bin/git config --local --get-all includeif.gitdir:/home/runner/work/heliopause/heliopause/.git/worktrees/*.path
2026-10-07T01:22:49.3914711Z /home/runner/work/_temp/git-credentials-a49e9c3f-34d1-47eb-953a-c81b9258eace.config
2026-10-07T01:22:49.3924411Z [command]/usr/bin/git config --local --unset includeif.gitdir:/home/runner/work/heliopause/heliopause/.git/worktrees/*.path \/home\/runner\/work\/_temp\/git\-credentials\-a49e9c3f\-34d1\-47eb\-953a\-c81b9258eace\.config
2026-10-07T01:22:49.3968186Z [command]/usr/bin/git config --local --get-all includeif.gitdir:/github/workspace/.git.path
2026-10-07T01:22:49.3997083Z /github/runner_temp/git-credentials-a49e9c3f-34d1-47eb-953a-c81b9258eace.config
2026-10-07T01:22:49.4009920Z [command]/usr/bin/git config --local --unset includeif.gitdir:/github/workspace/.git.path \/github\/runner_temp\/git\-credentials\-a49e9c3f\-34d1\-47eb\-953a\-c81b9258eace\.config
2026-10-07T01:22:49.4058193Z [command]/usr/bin/git config --local --get-all includeif.gitdir:/github/workspace/.git/worktrees/*.path
2026-10-07T01:22:49.4090702Z /github/runner_temp/git-credentials-a49e9c3f-34d1-47eb-953a-c81b9258eace.config
2026-10-07T01:22:49.4109825Z [command]/usr/bin/git config --local --unset includeif.gitdir:/github/workspace/.git/worktrees/*.path \/github\/runner_temp\/git\-credentials\-a49e9c3f\-34d1\-47eb\-953a\-c81b9258eace\.config
2026-10-07T01:22:49.4147414Z [command]/usr/bin/git submodule foreach --recursive git config --local --show-origin --name-only --get-regexp remote.origin.url
2026-10-07T01:22:49.4395186Z Removing credentials config '/home/runner/work/_temp/git-credentials-a49e9c3f-34d1-47eb-953a-c81b9258eace.config'
2026-10-07T01:22:49.4407137Z ##[endgroup]
2026-10-07T01:22:49.4637543Z ##[group]Run set -eu
2026-10-07T01:22:49.4638205Z [36;1mset -eu[0m
2026-10-07T01:22:49.4638830Z [36;1mruntime_lock=scripts/runtimes.lock.json[0m
2026-10-07T01:22:49.4639665Z [36;1mtest -f "$runtime_lock"[0m
2026-10-07T01:22:49.4640702Z [36;1mgvisor_repository="$(jq -er '.gvisor.source_repository' "$runtime_lock")"[0m
2026-10-07T01:22:49.4642261Z [36;1mgvisor_commit="$(jq -er '.gvisor.commit' "$runtime_lock")"[0m
2026-10-07T01:22:49.4643539Z [36;1mgvisor_patch_path="$(jq -er '.gvisor.patch.path' "$runtime_lock")"[0m
2026-10-07T01:22:49.4644892Z [36;1mgvisor_patch_sha256="$(jq -er '.gvisor.patch.sha256' "$runtime_lock")"[0m
2026-10-07T01:22:49.4646241Z [36;1mbazel_url="$(jq -er '.bazel.linux_x86_64_url' "$runtime_lock")"[0m
2026-10-07T01:22:49.4647509Z [36;1mbazel_sha512="$(jq -er '.bazel.linux_x86_64_sha512' "$runtime_lock")"[0m
2026-10-07T01:22:49.4648553Z [36;1mcase "$gvisor_patch_path" in[0m
2026-10-07T01:22:49.4649249Z [36;1m  tools/gvisor/*.patch) ;;[0m
2026-10-07T01:22:49.4650254Z [36;1m  *) echo "runtime lock gVisor patch path is invalid" >&2; exit 1 ;;[0m
2026-10-07T01:22:49.4651343Z [36;1mesac[0m
2026-10-07T01:22:49.4651846Z [36;1mtest -f "$gvisor_patch_path"[0m
2026-10-07T01:22:49.4652942Z [36;1mtest "$(sha256sum "$gvisor_patch_path" | awk '{print $1}')" = "$gvisor_patch_sha256"[0m
2026-10-07T01:22:49.4654155Z [36;1mpatch_abs="$PWD/$gvisor_patch_path"[0m
2026-10-07T01:22:49.4655231Z [36;1mgit clone --filter=blob:none "$gvisor_repository" "$RUNNER_TEMP/gvisor"[0m
2026-10-07T01:22:49.4656556Z [36;1mgit -C "$RUNNER_TEMP/gvisor" checkout --detach "$gvisor_commit"[0m
2026-10-07T01:22:49.4657858Z [36;1mtest "$(git -C "$RUNNER_TEMP/gvisor" rev-parse HEAD)" = "$gvisor_commit"[0m
2026-10-07T01:22:49.4659507Z [36;1mgit -C "$RUNNER_TEMP/gvisor" apply --check "$patch_abs"[0m
2026-10-07T01:22:49.4660563Z [36;1mgit -C "$RUNNER_TEMP/gvisor" apply "$patch_abs"[0m
2026-10-07T01:22:49.4662033Z [36;1mcurl --fail --location --silent --show-error --output "$RUNNER_TEMP/bazel" "$bazel_url"[0m
2026-10-07T01:22:49.4663705Z [36;1mtest "$(sha512sum "$RUNNER_TEMP/bazel" | awk '{print $1}')" = "$bazel_sha512"[0m
2026-10-07T01:22:49.4664815Z [36;1mchmod 0755 "$RUNNER_TEMP/bazel"[0m
2026-10-07T01:22:49.4665913Z [36;1mcp -R tools/gvisor-observer "$RUNNER_TEMP/gvisor/tools/haa_gvisor_observer"[0m
2026-10-07T01:22:49.4667048Z [36;1mcd "$RUNNER_TEMP/gvisor"[0m
2026-10-07T01:22:49.4668724Z [36;1m"$RUNNER_TEMP/bazel" build -c opt //tools/haa_gvisor_observer:haa_gvisor_observer //tools/haa_gvisor_observer:haa_gvisor_observer_latch_test[0m
2026-10-07T01:22:49.4671047Z [36;1mbazel-bin/tools/haa_gvisor_observer/haa_gvisor_observer_latch_test[0m
2026-10-07T01:22:49.4964873Z shell: /usr/bin/bash -e {0}
2026-10-07T01:22:49.4965705Z ##[endgroup]
2026-10-07T01:22:49.5289716Z Cloning into '/home/runner/work/_temp/gvisor'...
2026-10-07T01:22:54.2502663Z Updating files:   0% (1/4374)
2026-10-07T01:22:54.2650403Z Updating files:   1% (44/4374)
2026-10-07T01:22:54.2695625Z Updating files:   2% (88/4374)
2026-10-07T01:22:54.2749362Z Updating files:   3% (132/4374)
2026-10-07T01:22:54.2777374Z Updating files:   4% (175/4374)
2026-10-07T01:22:54.2807474Z Updating files:   5% (219/4374)
2026-10-07T01:22:54.2835506Z Updating files:   6% (263/4374)
2026-10-07T01:22:54.2867056Z Updating files:   7% (307/4374)
2026-10-07T01:22:54.2894231Z Updating files:   8% (350/4374)
2026-10-07T01:22:54.2921546Z Updating files:   9% (394/4374)
2026-10-07T01:22:54.2950273Z Updating files:  10% (438/4374)
2026-10-07T01:22:54.2980851Z Updating files:  11% (482/4374)
2026-10-07T01:22:54.3010449Z Updating files:  12% (525/4374)
2026-10-07T01:22:54.3036602Z Updating files:  13% (569/4374)
2026-10-07T01:22:54.3059755Z Updating files:  14% (613/4374)
2026-10-07T01:22:54.3090480Z Updating files:  15% (657/4374)
2026-10-07T01:22:54.3123172Z Updating files:  16% (700/4374)
2026-10-07T01:22:54.3148837Z Updating files:  17% (744/4374)
2026-10-07T01:22:54.3175612Z Updating files:  18% (788/4374)
2026-10-07T01:22:54.3208726Z Updating files:  19% (832/4374)
2026-10-07T01:22:54.3236771Z Updating files:  20% (875/4374)
2026-10-07T01:22:54.3269560Z Updating files:  21% (919/4374)
2026-10-07T01:22:54.3298825Z Updating files:  22% (963/4374)
2026-10-07T01:22:54.3333373Z Updating files:  23% (1007/4374)
2026-10-07T01:22:54.3371044Z Updating files:  24% (1050/4374)
2026-10-07T01:22:54.3404489Z Updating files:  25% (1094/4374)
2026-10-07T01:22:54.3436938Z Updating files:  26% (1138/4374)
2026-10-07T01:22:54.3463622Z Updating files:  27% (1181/4374)
2026-10-07T01:22:54.3514629Z Updating files:  28% (1225/4374)
2026-10-07T01:22:54.3548379Z Updating files:  29% (1269/4374)
2026-10-07T01:22:54.3583479Z Updating files:  30% (1313/4374)
2026-10-07T01:22:54.3620441Z Updating files:  31% (1356/4374)
2026-10-07T01:22:54.3739568Z Updating files:  32% (1400/4374)
2026-10-07T01:22:54.3759801Z Updating files:  33% (1444/4374)
2026-10-07T01:22:54.3760998Z Updating files:  34% (1488/4374)
2026-10-07T01:22:54.3761941Z Updating files:  35% (1531/4374)
2026-10-07T01:22:54.3771164Z Updating files:  36% (1575/4374)
2026-10-07T01:22:54.3802446Z Updating files:  37% (1619/4374)
2026-10-07T01:22:54.3835880Z Updating files:  38% (1663/4374)
2026-10-07T01:22:54.3864416Z Updating files:  39% (1706/4374)
2026-10-07T01:22:54.3891649Z Updating files:  40% (1750/4374)
2026-10-07T01:22:54.3920279Z Updating files:  41% (1794/4374)
2026-10-07T01:22:54.3945969Z Updating files:  42% (1838/4374)
2026-10-07T01:22:54.3982565Z Updating files:  43% (1881/4374)
2026-10-07T01:22:54.4008097Z Updating files:  44% (1925/4374)
2026-10-07T01:22:54.4036918Z Updating files:  45% (1969/4374)
2026-10-07T01:22:54.4061515Z Updating files:  46% (2013/4374)
2026-10-07T01:22:54.4085867Z Updating files:  47% (2056/4374)
2026-10-07T01:22:54.4120372Z Updating files:  48% (2100/4374)
2026-10-07T01:22:54.4149994Z Updating files:  49% (2144/4374)
2026-10-07T01:22:54.4178890Z Updating files:  50% (2187/4374)
2026-10-07T01:22:54.4225269Z Updating files:  51% (2231/4374)
2026-10-07T01:22:54.4275123Z Updating files:  52% (2275/4374)
2026-10-07T01:22:54.4318866Z Updating files:  53% (2319/4374)
2026-10-07T01:22:54.4325886Z Updating files:  54% (2362/4374)
2026-10-07T01:22:54.4370415Z Updating files:  54% (2368/4374)
2026-10-07T01:22:54.4406344Z Updating files:  55% (2406/4374)
2026-10-07T01:22:54.4476188Z Updating files:  56% (2450/4374)
2026-10-07T01:22:54.4509504Z Updating files:  57% (2494/4374)
2026-10-07T01:22:54.4539113Z Updating files:  58% (2537/4374)
2026-10-07T01:22:54.4577344Z Updating files:  59% (2581/4374)
2026-10-07T01:22:54.4606454Z Updating files:  60% (2625/4374)
2026-10-07T01:22:54.4630956Z Updating files:  61% (2669/4374)
2026-10-07T01:22:54.4659724Z Updating files:  62% (2712/4374)
2026-10-07T01:22:54.4702352Z Updating files:  63% (2756/4374)
2026-10-07T01:22:54.4734553Z Updating files:  64% (2800/4374)
2026-10-07T01:22:54.4768450Z Updating files:  65% (2844/4374)
2026-10-07T01:22:54.4800124Z Updating files:  66% (2887/4374)
2026-10-07T01:22:54.4824081Z Updating files:  67% (2931/4374)
2026-10-07T01:22:54.4852769Z Updating files:  68% (2975/4374)
2026-10-07T01:22:54.4884867Z Updating files:  69% (3019/4374)
2026-10-07T01:22:54.4916246Z Updating files:  70% (3062/4374)
2026-10-07T01:22:54.4949394Z Updating files:  71% (3106/4374)
2026-10-07T01:22:54.4979126Z Updating files:  72% (3150/4374)
2026-10-07T01:22:54.5008167Z Updating files:  73% (3194/4374)
2026-10-07T01:22:54.5033336Z Updating files:  74% (3237/4374)
2026-10-07T01:22:54.5062449Z Updating files:  75% (3281/4374)
2026-10-07T01:22:54.5090542Z Updating files:  76% (3325/4374)
2026-10-07T01:22:54.5129139Z Updating files:  77% (3368/4374)
2026-10-07T01:22:54.5166062Z Updating files:  78% (3412/4374)
2026-10-07T01:22:54.5213313Z Updating files:  79% (3456/4374)
2026-10-07T01:22:54.5250724Z Updating files:  80% (3500/4374)
2026-10-07T01:22:54.5286522Z Updating files:  81% (3543/4374)
2026-10-07T01:22:54.5326380Z Updating files:  82% (3587/4374)
2026-10-07T01:22:54.5352949Z Updating files:  83% (3631/4374)
2026-10-07T01:22:54.5388636Z Updating files:  84% (3675/4374)
2026-10-07T01:22:54.5412879Z Updating files:  85% (3718/4374)
2026-10-07T01:22:54.5439568Z Updating files:  86% (3762/4374)
2026-10-07T01:22:54.5471164Z Updating files:  87% (3806/4374)
2026-10-07T01:22:54.5493745Z Updating files:  88% (3850/4374)
2026-10-07T01:22:54.5519382Z Updating files:  89% (3893/4374)
2026-10-07T01:22:54.5546734Z Updating files:  90% (3937/4374)
2026-10-07T01:22:54.5574023Z Updating files:  91% (3981/4374)
2026-10-07T01:22:54.5604249Z Updating files:  92% (4025/4374)
2026-10-07T01:22:54.5629956Z Updating files:  93% (4068/4374)
2026-10-07T01:22:54.5652952Z Updating files:  94% (4112/4374)
2026-10-07T01:22:54.5702118Z Updating files:  95% (4156/4374)
2026-10-07T01:22:54.5905350Z Updating files:  96% (4200/4374)
2026-10-07T01:22:54.6470025Z Updating files:  97% (4243/4374)
2026-10-07T01:22:54.6513869Z Updating files:  98% (4287/4374)
2026-10-07T01:22:54.6546586Z Updating files:  99% (4331/4374)
2026-10-07T01:22:54.6547369Z Updating files: 100% (4374/4374)
2026-10-07T01:22:54.6547923Z Updating files: 100% (4374/4374), done.
2026-10-07T01:22:56.1561603Z HEAD is now at 7c6199801 Support NVIDIA IMEX-620.30 in gVisor.
2026-10-07T01:22:56.7431363Z Extracting Bazel installation...
2026-10-07T01:22:57.6897146Z Starting local Bazel server (8.3.1) and connecting to it...
2026-10-07T01:22:59.2468464Z Computing main repo mapping: 
2026-10-07T01:23:00.2496222Z Computing main repo mapping: 
2026-10-07T01:23:01.2499835Z Computing main repo mapping: 
2026-10-07T01:23:02.7509649Z Computing main repo mapping: 
2026-10-07T01:23:03.7590432Z Computing main repo mapping: 
2026-10-07T01:23:04.8110635Z Computing main repo mapping: 
2026-10-07T01:23:05.2579480Z WARNING: For repository 'bazel_skylib', the root module requires module version bazel_skylib@1.7.1, but got bazel_skylib@1.8.2 in the resolved dependency graph. Please update the version in your MODULE.bazel or set --check_direct_dependencies=off
2026-10-07T01:23:05.8189131Z Computing main repo mapping: 
2026-10-07T01:23:06.8268642Z Computing main repo mapping: 
2026-10-07T01:23:07.5497695Z Loading: 
2026-10-07T01:23:07.5498650Z Loading: 2 packages loaded
2026-10-07T01:23:08.6062793Z Loading: 2 packages loaded
2026-10-07T01:23:08.6063561Z     currently loading: tools/haa_gvisor_observer
2026-10-07T01:23:09.0713410Z DEBUG: /home/runner/.cache/bazel/_bazel_runner/a1b24ff0a5ad432a517b429ddfed25d5/external/gazelle+/internal/bzlmod/go_deps.bzl:660:36: The following Go modules were required by the root module at the given versions, but were implicitly updated to higher versions due to transitive dependencies:
2026-10-07T01:23:09.0751364Z  
2026-10-07T01:23:09.0771530Z   go.opentelemetry.io/auto/sdk: v1.1.0 -> v1.2.1 
2026-10-07T01:23:09.0801851Z   go.opentelemetry.io/contrib/instrumentation/google.golang.org/grpc/otelgrpc: v0.61.0 -> v0.67.0 
2026-10-07T01:23:09.0821508Z   golang.org/x/crypto: v0.42.0 -> v0.49.0 
2026-10-07T01:23:09.0861570Z   golang.org/x/term: v0.35.0 -> v0.42.0 
2026-10-07T01:23:09.0881360Z   golang.org/x/net: v0.44.0 -> v0.52.0 
2026-10-07T01:23:09.0881950Z   go.opentelemetry.io/otel: v1.37.0 -> v1.43.0 
2026-10-07T01:23:09.0882581Z   go.opentelemetry.io/otel/metric: v1.28.0 -> v1.43.0 
2026-10-07T01:23:09.0883199Z   github.com/felixge/httpsnoop: v1.0.2 -> v1.0.4 
2026-10-07T01:23:09.0884009Z   go.opentelemetry.io/contrib/instrumentation/net/http/otelhttp: v0.53.0 -> v0.67.0 
2026-10-07T01:23:09.0884858Z   go.opentelemetry.io/otel/trace: v1.28.0 -> v1.43.0 
2026-10-07T01:23:09.0885505Z   github.com/opencontainers/image-spec: v1.0.2 -> v1.1.1 
2026-10-07T01:23:09.0886102Z   cloud.google.com/go: v0.105.0 -> v0.123.0 
2026-10-07T01:23:09.0886648Z   cloud.google.com/go/iam: v0.8.0 -> v1.7.0 
2026-10-07T01:23:09.0887239Z   cloud.google.com/go/compute/metadata: v0.8.0 -> v0.9.0 
2026-10-07T01:23:09.0888010Z   github.com/googleapis/enterprise-certificate-proxy: v0.3.6 -> v0.3.14 
2026-10-07T01:23:09.0888732Z   golang.org/x/oauth2: v0.30.0 -> v0.36.0 
2026-10-07T01:23:09.0890094Z   google.golang.org/genproto: v0.0.0-20250707201910-8d1bb00bc6a7 -> v0.0.0-20260319201613-d00831a3d3e7 
2026-10-07T01:23:09.0891279Z   github.com/googleapis/gax-go/v2: v2.15.0 -> v2.21.0 
2026-10-07T01:23:09.0891679Z 
2026-10-07T01:23:09.0892010Z Update the root module's dependencies to match the resolved versions via:
2026-10-07T01:23:09.0892519Z 
2026-10-07T01:23:09.0897403Z   bazel run @io_bazel_rules_go//go -- get go.opentelemetry.io/auto/sdk@v1.2.1 go.opentelemetry.io/contrib/instrumentation/google.golang.org/grpc/otelgrpc@v0.67.0 golang.org/x/crypto@v0.49.0 golang.org/x/term@v0.42.0 golang.org/x/net@v0.52.0 go.opentelemetry.io/otel@v1.43.0 go.opentelemetry.io/otel/metric@v1.43.0 github.com/felixge/httpsnoop@v1.0.4 go.opentelemetry.io/contrib/instrumentation/net/http/otelhttp@v0.67.0 go.opentelemetry.io/otel/trace@v1.43.0 github.com/opencontainers/image-spec@v1.1.1 cloud.google.com/go@v0.123.0 cloud.google.com/go/iam@v1.7.0 cloud.google.com/go/compute/metadata@v0.9.0 github.com/googleapis/enterprise-certificate-proxy@v0.3.14 golang.org/x/oauth2@v0.36.0 google.golang.org/genproto@v0.0.0-20260319201613-d00831a3d3e7 github.com/googleapis/gax-go/v2@v2.21.0 
2026-10-07T01:23:09.0921037Z 
2026-10-07T01:23:09.4207755Z Analyzing: 2 targets (3 packages loaded, 0 targets configured)
2026-10-07T01:23:09.4363238Z Analyzing: 2 targets (3 packages loaded, 0 targets configured)
2026-10-07T01:23:09.4391479Z 
2026-10-07T01:23:10.4622163Z Analyzing: 2 targets (60 packages loaded, 7 targets configured)
2026-10-07T01:23:10.4651192Z 
2026-10-07T01:23:11.5189854Z Analyzing: 2 targets (65 packages loaded, 7 targets configured)
2026-10-07T01:23:11.5190394Z 
2026-10-07T01:23:12.5517738Z Analyzing: 2 targets (84 packages loaded, 2695 targets configured)
2026-10-07T01:23:12.5551444Z 
2026-10-07T01:23:13.7122158Z Analyzing: 2 targets (107 packages loaded, 5763 targets configured)
2026-10-07T01:23:13.7161295Z 
2026-10-07T01:23:14.7746300Z Analyzing: 2 targets (130 packages loaded, 6534 targets configured)
2026-10-07T01:23:14.7747353Z [1 / 1] no actions running
2026-10-07T01:23:14.8061785Z INFO: Analyzed 2 targets (130 packages loaded, 6534 targets configured).
2026-10-07T01:23:16.0739124Z [87 / 930] Compiling absl/base/internal/spinlock_wait.cc; 1s processwrapper-sandbox ... (4 actions, 3 running)
2026-10-07T01:23:17.2567071Z [90 / 930] Linking external/abseil-cpp+/absl/strings/libstring_view.a [for tool]; 1s processwrapper-sandbox ... (4 actions running)
2026-10-07T01:23:23.8111920Z [94 / 930] [Scann] Compiling absl/strings/string_view.cc
2026-10-07T01:23:24.9455653Z [105 / 934] Compiling absl/strings/internal/escaping.cc [for tool]; 0s processwrapper-sandbox ... (4 actions, 3 running)
2026-10-07T01:23:26.0214173Z [117 / 939] Compiling absl/base/internal/sysinfo.cc [for tool]; 0s processwrapper-sandbox ... (4 actions, 3 running)
2026-10-07T01:23:27.0732316Z [126 / 939] Compiling absl/strings/numbers.cc [for tool]; 0s processwrapper-sandbox ... (4 actions, 3 running)
2026-10-07T01:23:28.0972354Z [141 / 939] Compiling absl/strings/numbers.cc [for tool]; 1s processwrapper-sandbox ... (3 actions, 2 running)
2026-10-07T01:23:29.1525194Z [146 / 939] Compiling absl/strings/internal/charconv_bigint.cc [for tool]; 1s processwrapper-sandbox ... (4 actions, 3 running)
2026-10-07T01:23:30.1771468Z [150 / 939] Compiling absl/strings/escaping.cc [for tool]; 0s processwrapper-sandbox ... (4 actions, 3 running)
2026-10-07T01:23:31.2625678Z [153 / 939] Compiling absl/strings/internal/charconv_bigint.cc; 1s processwrapper-sandbox ... (4 actions running)
2026-10-07T01:23:32.2635949Z [155 / 939] Compiling absl/strings/internal/charconv_bigint.cc; 2s processwrapper-sandbox ... (4 actions running)
2026-10-07T01:23:33.6762250Z [163 / 939] Compiling absl/strings/ascii.cc; 0s processwrapper-sandbox ... (4 actions, 3 running)
2026-10-07T01:23:34.7222461Z [167 / 939] Compiling absl/strings/internal/str_format/float_conversion.cc [for tool]; 1s processwrapper-sandbox ... (4 actions, 3 running)
2026-10-07T01:23:36.1676751Z [173 / 939] Compiling absl/strings/internal/str_format/arg.cc [for tool]; 1s processwrapper-sandbox ... (4 actions, 3 running)
2026-10-07T01:23:37.2650987Z [179 / 939] Compiling absl/crc/internal/crc.cc [for tool]; 0s processwrapper-sandbox ... (4 actions running)
2026-10-07T01:23:38.5104688Z [187 / 939] Compiling absl/crc/internal/crc_cord_state.cc [for tool]; 0s processwrapper-sandbox ... (4 actions, 3 running)
2026-10-07T01:23:39.8002409Z [193 / 939] Compiling absl/strings/internal/str_format/float_conversion.cc; 1s processwrapper-sandbox ... (4 actions, 3 running)
2026-10-07T01:23:40.8262507Z [197 / 939] Compiling absl/time/internal/cctz/src/time_zone_info.cc [for tool]; 1s processwrapper-sandbox ... (4 actions, 3 running)
2026-10-07T01:23:41.8515219Z [200 / 939] Compiling absl/crc/internal/crc_non_temporal_memcpy.cc [for tool]; 1s processwrapper-sandbox ... (4 actions, 3 running)
2026-10-07T01:23:42.9714401Z [206 / 939] Compiling absl/time/internal/cctz/src/time_zone_format.cc [for tool]; 1s processwrapper-sandbox ... (4 actions, 3 running)
2026-10-07T01:23:43.9882487Z [211 / 939] Compiling absl/time/time.cc [for tool]; 1s processwrapper-sandbox ... (4 actions, 3 running)
2026-10-07T01:23:45.0097078Z [217 / 939] Compiling absl/time/duration.cc [for tool]; 0s processwrapper-sandbox ... (4 actions, 3 running)
2026-10-07T01:23:46.2682264Z [220 / 939] Compiling absl/time/civil_time.cc [for tool]; 1s processwrapper-sandbox ... (4 actions running)
2026-10-07T01:23:47.2662950Z [226 / 939] Compiling absl/crc/internal/crc_memcpy_x86_arm_combined.cc; 1s processwrapper-sandbox ... (4 actions running)
2026-10-07T01:23:48.3422261Z [235 / 939] Compiling absl/time/time.cc; 1s processwrapper-sandbox ... (4 actions, 3 running)
2026-10-07T01:23:49.4003404Z [246 / 939] Compiling absl/debugging/internal/demangle.cc [for tool]; 0s processwrapper-sandbox ... (4 actions, 3 running)
2026-10-07T01:23:50.4202291Z [249 / 939] Compiling absl/debugging/internal/demangle.cc [for tool]; 1s processwrapper-sandbox ... (4 actions, 3 running)
2026-10-07T01:23:51.4604663Z [256 / 939] Compiling absl/debugging/internal/address_is_readable.cc [for tool]; 0s processwrapper-sandbox ... (4 actions, 3 running)
2026-10-07T01:23:52.4657104Z [265 / 939] Compiling absl/debugging/symbolize.cc [for tool]; 1s processwrapper-sandbox ... (4 actions, 3 running)
2026-10-07T01:23:53.5032274Z [276 / 939] Compiling absl/debugging/symbolize.cc; 0s processwrapper-sandbox ... (4 actions, 3 running)
2026-10-07T01:23:54.9582411Z [282 / 939] Compiling absl/time/internal/cctz/src/time_zone_info.cc; 1s processwrapper-sandbox ... (4 actions, 3 running)
2026-10-07T01:23:56.2702244Z [299 / 939] Compiling absl/synchronization/mutex.cc [for tool]; 1s processwrapper-sandbox ... (4 actions running)
2026-10-07T01:23:57.2833647Z [307 / 939] Compiling absl/synchronization/internal/pthread_waiter.cc [for tool]; 0s processwrapper-sandbox ... (4 actions, 3 running)
2026-10-07T01:23:58.3413796Z [312 / 939] Compiling absl/synchronization/internal/per_thread_sem.cc; 0s processwrapper-sandbox ... (4 actions, 3 running)
2026-10-07T01:23:59.3623501Z [318 / 939] Compiling absl/synchronization/barrier.cc [for tool]; 0s processwrapper-sandbox ... (4 actions, 3 running)
2026-10-07T01:24:00.4222224Z [352 / 939] Compiling absl/hash/internal/city.cc [for tool]; 0s processwrapper-sandbox ... (4 actions, 3 running)
2026-10-07T01:24:01.4572547Z [361 / 939] Compiling absl/hash/internal/hash.cc [for tool]; 1s processwrapper-sandbox ... (4 actions, 3 running)
2026-10-07T01:24:02.5262656Z [365 / 939] Compiling absl/strings/internal/cord_rep_btree_reader.cc [for tool]; 1s processwrapper-sandbox ... (4 actions, 3 running)
2026-10-07T01:24:03.6202398Z [369 / 939] Compiling absl/strings/internal/cord_rep_crc.cc; 1s processwrapper-sandbox ... (4 actions, 3 running)
2026-10-07T01:24:05.2640646Z [373 / 939] Compiling absl/strings/internal/cord_rep_btree.cc [for tool]; 1s processwrapper-sandbox ... (4 actions, 3 running)
2026-10-07T01:24:06.2752445Z [376 / 939] Compiling absl/strings/internal/cord_rep_btree.cc [for tool]; 2s processwrapper-sandbox ... (4 actions running)
2026-10-07T01:24:07.2752614Z [379 / 939] Compiling absl/strings/internal/cordz_info.cc; 1s processwrapper-sandbox ... (4 actions running)
2026-10-07T01:24:08.2792193Z [386 / 939] Compiling absl/strings/cord.cc [for tool]; 1s processwrapper-sandbox ... (4 actions running)
2026-10-07T01:24:09.2842437Z [392 / 939] Compiling absl/strings/cord.cc [for tool]; 2s processwrapper-sandbox ... (4 actions running)
2026-10-07T01:24:10.7227553Z [398 / 939] Compiling absl/strings/cord.cc [for tool]; 4s processwrapper-sandbox ... (4 actions, 3 running)
2026-10-07T01:24:11.7460701Z [419 / 939] Compiling absl/strings/cord.cc [for tool]; 5s processwrapper-sandbox ... (4 actions, 3 running)
2026-10-07T01:24:12.8513354Z [458 / 939] Compiling absl/status/statusor.cc [for tool]; 1s processwrapper-sandbox ... (4 actions, 3 running)
2026-10-07T01:24:14.0972336Z [477 / 939] Compiling absl/strings/cord.cc; 1s processwrapper-sandbox ... (4 actions, 3 running)
2026-10-07T01:24:15.2832192Z [482 / 939] Compiling absl/strings/cord.cc; 2s processwrapper-sandbox ... (4 actions running)
2026-10-07T01:24:16.5832322Z [486 / 939] Compiling absl/strings/cord.cc; 3s processwrapper-sandbox ... (4 actions, 3 running)
2026-10-07T01:24:17.5962174Z [489 / 939] Compiling absl/strings/cord.cc; 4s processwrapper-sandbox ... (4 actions, 3 running)
2026-10-07T01:24:19.1531067Z [493 / 939] Compiling absl/status/internal/status_internal.cc [for tool]; 1s processwrapper-sandbox ... (4 actions, 3 running)
2026-10-07T01:24:20.1692440Z [503 / 939] Compiling src/google/protobuf/stubs/common.cc; 0s processwrapper-sandbox ... (4 actions, 3 running)
2026-10-07T01:24:21.2842289Z [507 / 939] Compiling absl/status/internal/status_internal.cc; 1s processwrapper-sandbox ... (4 actions running)
2026-10-07T01:24:22.2882272Z [515 / 939] Compiling absl/log/internal/vlog_config.cc; 0s processwrapper-sandbox ... (4 actions running)
2026-10-07T01:24:23.2882258Z [521 / 939] Compiling absl/log/globals.cc [for tool]; 1s processwrapper-sandbox ... (4 actions running)
2026-10-07T01:24:24.2902579Z [530 / 939] Compiling absl/log/internal/log_message.cc [for tool]; 0s processwrapper-sandbox ... (4 actions, 3 running)
2026-10-07T01:24:25.7476806Z [554 / 944] Compiling absl/container/internal/hashtablez_sampler.cc [for tool]; 0s processwrapper-sandbox ... (4 actions, 3 running)
2026-10-07T01:24:27.2882608Z [571 / 944] Compiling src/google/protobuf/io/zero_copy_stream.cc [for tool]; 1s processwrapper-sandbox ... (4 actions running)
2026-10-07T01:24:28.2923476Z [573 / 944] Compiling src/google/protobuf/io/coded_stream.cc [for tool]; 1s processwrapper-sandbox ... (4 actions running)
2026-10-07T01:24:29.2942654Z [627 / 944] Compiling src/google/protobuf/io/zero_copy_stream_impl.cc [for tool]; 1s processwrapper-sandbox ... (4 actions running)
2026-10-07T01:24:30.3512353Z [636 / 944] Compiling absl/container/internal/raw_hash_set.cc; 1s processwrapper-sandbox ... (4 actions, 3 running)
2026-10-07T01:24:31.9556850Z [647 / 944] Compiling src/google/protobuf/message_lite.cc [for tool]; 0s processwrapper-sandbox ... (4 actions, 3 running)
2026-10-07T01:24:33.2952287Z [652 / 944] Compiling src/google/protobuf/message_lite.cc [for tool]; 2s processwrapper-sandbox ... (4 actions running)
2026-10-07T01:24:34.3729839Z [657 / 944] Compiling src/google/protobuf/repeated_ptr_field.cc [for tool]; 0s processwrapper-sandbox ... (4 actions, 3 running)
2026-10-07T01:24:35.6242521Z [663 / 944] Compiling src/google/protobuf/io/printer.cc [for tool]; 1s processwrapper-sandbox ... (4 actions, 3 running)
2026-10-07T01:24:36.7514202Z [669 / 944] Compiling src/google/protobuf/io/printer.cc [for tool]; 3s processwrapper-sandbox ... (4 actions, 3 running)
2026-10-07T01:24:37.7547103Z [673 / 944] Compiling src/google/protobuf/io/printer.cc [for tool]; 4s processwrapper-sandbox ... (4 actions, 3 running)
2026-10-07T01:24:38.8695146Z INFO: From Compiling src/google/protobuf/map.cc [for tool]:
2026-10-07T01:24:38.8722721Z In file included from bazel-out/k8-opt-exec-ST-d57f47055a04/bin/external/protobuf+/src/google/protobuf/_virtual_includes/protobuf_lite/google/protobuf/generated_enum_util.h:20,
2026-10-07T01:24:38.8752189Z                  from bazel-out/k8-opt-exec-ST-d57f47055a04/bin/external/protobuf+/src/google/protobuf/_virtual_includes/protobuf_lite/google/protobuf/map.h:41,
2026-10-07T01:24:38.8781677Z                  from external/protobuf+/src/google/protobuf/map.cc:8:
2026-10-07T01:24:38.8799203Z In function 'const google::protobuf::internal::ClassData* google::protobuf::internal::GetClassData(const Type&) [with Type = google::protobuf::MessageLite]',
2026-10-07T01:24:38.8824067Z     inlined from 'google::protobuf::internal::Offsets google::protobuf::internal::AlignAndAddSizeDynamic(size_t, UntypedMapBase::TypeKind, const google::protobuf::MessageLite*, size_t&)' at external/protobuf+/src/google/protobuf/map.cc:229:38,
2026-10-07T01:24:38.8832415Z     inlined from 'static google::protobuf::internal::UntypedMapBase::TypeInfo google::protobuf::internal::UntypedMapBase::GetTypeInfoDynamic(TypeKind, TypeKind, const google::protobuf::MessageLite*)' at external/protobuf+/src/google/protobuf/map.cc:249:29:
2026-10-07T01:24:38.8835505Z bazel-out/k8-opt-exec-ST-d57f47055a04/bin/external/protobuf+/src/google/protobuf/_virtual_includes/protobuf_lite/google/protobuf/message_lite.h:1230:28: warning: 'this' pointer is null [-Wnonnull]
2026-10-07T01:24:38.8837198Z  1230 |     return msg.GetClassData();
2026-10-07T01:24:38.8837893Z       |            ~~~~~~~~~~~~~~~~^~
2026-10-07T01:24:38.8839035Z [679 / 944] Compiling src/google/protobuf/io/printer.cc [for tool]; 5s processwrapper-sandbox ... (4 actions, 3 running)
2026-10-07T01:24:40.2952342Z [682 / 944] Compiling src/google/protobuf/inlined_string_field.cc [for tool]; 1s processwrapper-sandbox ... (4 actions running)
2026-10-07T01:24:41.5222459Z [691 / 944] Compiling src/google/protobuf/generated_message_tctable_lite.cc [for tool]; 1s processwrapper-sandbox ... (4 actions, 3 running)
2026-10-07T01:24:43.1822762Z [693 / 944] Compiling src/google/protobuf/generated_message_tctable_lite.cc [for tool]; 2s processwrapper-sandbox ... (4 actions, 3 running)
2026-10-07T01:24:44.2962671Z [696 / 944] Compiling src/google/protobuf/generated_message_tctable_lite.cc [for tool]; 3s processwrapper-sandbox ... (4 actions running)
2026-10-07T01:24:45.2972013Z [698 / 944] Compiling src/google/protobuf/generated_message_tctable_lite.cc [for tool]; 4s processwrapper-sandbox ... (4 actions running)
2026-10-07T01:24:46.3492428Z [701 / 944] Compiling src/google/protobuf/generated_message_tctable_lite.cc [for tool]; 5s processwrapper-sandbox ... (4 actions, 3 running)
2026-10-07T01:24:47.6132759Z [704 / 944] Compiling src/google/protobuf/generated_message_tctable_lite.cc [for tool]; 7s processwrapper-sandbox ... (4 actions, 3 running)
2026-10-07T01:24:49.2972346Z [706 / 944] Compiling src/google/protobuf/generated_message_tctable_lite.cc [for tool]; 8s processwrapper-sandbox ... (4 actions running)
2026-10-07T01:24:50.2972411Z [707 / 944] Compiling src/google/protobuf/generated_message_tctable_lite.cc [for tool]; 9s processwrapper-sandbox ... (4 actions running)
2026-10-07T01:24:51.2992368Z [708 / 944] Compiling src/google/protobuf/generated_message_tctable_lite.cc [for tool]; 10s processwrapper-sandbox ... (4 actions running)
2026-10-07T01:24:52.3012286Z [709 / 944] Compiling src/google/protobuf/wire_format.cc [for tool]; 6s processwrapper-sandbox ... (4 actions running)
2026-10-07T01:24:52.3201991Z INFO: From Compiling src/google/protobuf/wire_format.cc [for tool]:
2026-10-07T01:24:52.3260586Z In file included from external/protobuf+/src/google/protobuf/wire_format.cc:31:
2026-10-07T01:24:52.3293062Z bazel-out/k8-opt-exec-ST-d57f47055a04/bin/external/protobuf+/src/google/protobuf/_virtual_includes/protobuf/google/protobuf/map_field.h: In constructor 'google::protobuf::internal::MapFieldBase::ReflectionPayload::ReflectionPayload(google::protobuf::Arena*, const google::protobuf::Message*)':
2026-10-07T01:24:52.3394115Z bazel-out/k8-opt-exec-ST-d57f47055a04/bin/external/protobuf+/src/google/protobuf/_virtual_includes/protobuf/google/protobuf/map_field.h:416:11: warning: 'google::protobuf::RepeatedPtrField<T>::RepeatedPtrField(google::protobuf::Arena*) [with Element = google::protobuf::Message]' is deprecated: Use Arena::Create<RepeatedPtrField<...>>(Arena*) instead [-Wdeprecated-declarations]
2026-10-07T01:24:52.3425502Z   416 |         : repeated_field_(arena), prototype_(prototype) {}
2026-10-07T01:24:52.3429273Z       |           ^~~~~~~~~~~~~~~~~~~~~~
2026-10-07T01:24:52.3433659Z In file included from bazel-out/k8-opt-exec-ST-d57f47055a04/bin/external/protobuf+/src/google/protobuf/_virtual_includes/protobuf_lite/google/protobuf/repeated_field.h:46,
2026-10-07T01:24:52.3438429Z                  from bazel-out/k8-opt-exec-ST-d57f47055a04/bin/external/protobuf+/src/google/protobuf/_virtual_includes/protobuf_lite/google/protobuf/parse_context.h:39,
2026-10-07T01:24:52.3443733Z                  from bazel-out/k8-opt-exec-ST-d57f47055a04/bin/external/protobuf+/src/google/protobuf/_virtual_includes/protobuf_lite/google/protobuf/generated_message_tctable_decl.h:25,
2026-10-07T01:24:52.3482197Z                  from bazel-out/k8-opt-exec-ST-d57f47055a04/bin/external/protobuf+/src/google/protobuf/_virtual_includes/protobuf_lite/google/protobuf/extension_set.h:40,
2026-10-07T01:24:52.3512189Z                  from bazel-out/k8-opt-exec-ST-d57f47055a04/bin/external/protobuf+/src/google/protobuf/_virtual_includes/protobuf/google/protobuf/descriptor.h:56,
2026-10-07T01:24:52.3514634Z                  from bazel-out/k8-opt-exec-ST-d57f47055a04/bin/external/protobuf+/src/google/protobuf/_virtual_includes/protobuf/google/protobuf/wire_format.h:26,
2026-10-07T01:24:52.3541803Z                  from external/protobuf+/src/google/protobuf/wire_format.cc:12:
2026-10-07T01:24:52.3564015Z bazel-out/k8-opt-exec-ST-d57f47055a04/bin/external/protobuf+/src/google/protobuf/_virtual_includes/protobuf_lite/google/protobuf/repeated_ptr_field.h:1380:8: note: declared here
2026-10-07T01:24:52.3565914Z  1380 | inline RepeatedPtrField<Element>::RepeatedPtrField(Arena* arena)
2026-10-07T01:24:52.3566899Z       |        ^~~~~~~~~~~~~~~~~~~~~~~~~
2026-10-07T01:24:53.3032334Z [714 / 944] Compiling src/google/protobuf/text_format.cc [for tool]; 2s processwrapper-sandbox ... (4 actions running)
2026-10-07T01:24:55.9691904Z INFO: From Compiling src/google/protobuf/reflection_ops.cc [for tool]:
2026-10-07T01:24:55.9751643Z In file included from external/protobuf+/src/google/protobuf/reflection_ops.cc:22:
2026-10-07T01:24:55.9782713Z bazel-out/k8-opt-exec-ST-d57f47055a04/bin/external/protobuf+/src/google/protobuf/_virtual_includes/protobuf/google/protobuf/map_field.h: In constructor 'google::protobuf::internal::MapFieldBase::ReflectionPayload::ReflectionPayload(google::protobuf::Arena*, const google::protobuf::Message*)':
2026-10-07T01:24:55.9813107Z bazel-out/k8-opt-exec-ST-d57f47055a04/bin/external/protobuf+/src/google/protobuf/_virtual_includes/protobuf/google/protobuf/map_field.h:416:11: warning: 'google::protobuf::RepeatedPtrField<T>::RepeatedPtrField(google::protobuf::Arena*) [with Element = google::protobuf::Message]' is deprecated: Use Arena::Create<RepeatedPtrField<...>>(Arena*) instead [-Wdeprecated-declarations]
2026-10-07T01:24:55.9841420Z   416 |         : repeated_field_(arena), prototype_(prototype) {}
2026-10-07T01:24:55.9846457Z       |           ^~~~~~~~~~~~~~~~~~~~~~
2026-10-07T01:24:55.9847885Z In file included from bazel-out/k8-opt-exec-ST-d57f47055a04/bin/external/protobuf+/src/google/protobuf/_virtual_includes/protobuf_lite/google/protobuf/repeated_field.h:46,
2026-10-07T01:24:55.9850105Z                  from bazel-out/k8-opt-exec-ST-d57f47055a04/bin/external/protobuf+/src/google/protobuf/_virtual_includes/protobuf_lite/google/protobuf/parse_context.h:39,
2026-10-07T01:24:55.9852629Z                  from bazel-out/k8-opt-exec-ST-d57f47055a04/bin/external/protobuf+/src/google/protobuf/_virtual_includes/protobuf_lite/google/protobuf/generated_message_tctable_decl.h:25,
2026-10-07T01:24:55.9855052Z                  from bazel-out/k8-opt-exec-ST-d57f47055a04/bin/external/protobuf+/src/google/protobuf/_virtual_includes/protobuf_lite/google/protobuf/extension_set.h:40,
2026-10-07T01:24:55.9857119Z                  from bazel-out/k8-opt-exec-ST-d57f47055a04/bin/external/protobuf+/src/google/protobuf/_virtual_includes/protobuf/google/protobuf/descriptor.h:56,
2026-10-07T01:24:55.9859120Z                  from bazel-out/k8-opt-exec-ST-d57f47055a04/bin/external/protobuf+/src/google/protobuf/_virtual_includes/protobuf/google/protobuf/message.h:112,
2026-10-07T01:24:55.9861188Z                  from bazel-out/k8-opt-exec-ST-d57f47055a04/bin/external/protobuf+/src/google/protobuf/_virtual_includes/protobuf/google/protobuf/reflection_ops.h:18,
2026-10-07T01:24:55.9862660Z                  from external/protobuf+/src/google/protobuf/reflection_ops.cc:11:
2026-10-07T01:24:55.9864184Z bazel-out/k8-opt-exec-ST-d57f47055a04/bin/external/protobuf+/src/google/protobuf/_virtual_includes/protobuf_lite/google/protobuf/repeated_ptr_field.h:1380:8: note: declared here
2026-10-07T01:24:55.9865792Z  1380 | inline RepeatedPtrField<Element>::RepeatedPtrField(Arena* arena)
2026-10-07T01:24:55.9866534Z       |        ^~~~~~~~~~~~~~~~~~~~~~~~~
2026-10-07T01:24:55.9867498Z [715 / 944] Compiling src/google/protobuf/text_format.cc [for tool]; 5s processwrapper-sandbox ... (4 actions, 3 running)
2026-10-07T01:24:57.3022151Z [715 / 944] Compiling src/google/protobuf/text_format.cc [for tool]; 6s processwrapper-sandbox ... (4 actions running)
2026-10-07T01:24:58.4502144Z INFO: From Compiling src/google/protobuf/message.cc [for tool]:
2026-10-07T01:24:58.4521918Z In file included from external/protobuf+/src/google/protobuf/message.cc:40:
2026-10-07T01:24:58.4553067Z bazel-out/k8-opt-exec-ST-d57f47055a04/bin/external/protobuf+/src/google/protobuf/_virtual_includes/protobuf/google/protobuf/map_field.h: In constructor 'google::protobuf::internal::MapFieldBase::ReflectionPayload::ReflectionPayload(google::protobuf::Arena*, const google::protobuf::Message*)':
2026-10-07T01:24:58.4593458Z bazel-out/k8-opt-exec-ST-d57f47055a04/bin/external/protobuf+/src/google/protobuf/_virtual_includes/protobuf/google/protobuf/map_field.h:416:11: warning: 'google::protobuf::RepeatedPtrField<T>::RepeatedPtrField(google::protobuf::Arena*) [with Element = google::protobuf::Message]' is deprecated: Use Arena::Create<RepeatedPtrField<...>>(Arena*) instead [-Wdeprecated-declarations]
2026-10-07T01:24:58.4661577Z   416 |         : repeated_field_(arena), prototype_(prototype) {}
2026-10-07T01:24:58.4681330Z       |           ^~~~~~~~~~~~~~~~~~~~~~
2026-10-07T01:24:58.4702398Z In file included from bazel-out/k8-opt-exec-ST-d57f47055a04/bin/external/protobuf+/src/google/protobuf/_virtual_includes/protobuf_lite/google/protobuf/repeated_field.h:46,
2026-10-07T01:24:58.4705223Z                  from bazel-out/k8-opt-exec-ST-d57f47055a04/bin/external/protobuf+/src/google/protobuf/_virtual_includes/protobuf_lite/google/protobuf/parse_context.h:39,
2026-10-07T01:24:58.4707769Z                  from bazel-out/k8-opt-exec-ST-d57f47055a04/bin/external/protobuf+/src/google/protobuf/_virtual_includes/protobuf_lite/google/protobuf/generated_message_tctable_decl.h:25,
2026-10-07T01:24:58.4710168Z                  from bazel-out/k8-opt-exec-ST-d57f47055a04/bin/external/protobuf+/src/google/protobuf/_virtual_includes/protobuf_lite/google/protobuf/extension_set.h:40,
2026-10-07T01:24:58.4712710Z                  from bazel-out/k8-opt-exec-ST-d57f47055a04/bin/external/protobuf+/src/google/protobuf/_virtual_includes/protobuf/google/protobuf/descriptor.h:56,
2026-10-07T01:24:58.4714846Z                  from bazel-out/k8-opt-exec-ST-d57f47055a04/bin/external/protobuf+/src/google/protobuf/_virtual_includes/protobuf/google/protobuf/message.h:112,
2026-10-07T01:24:58.4716412Z                  from external/protobuf+/src/google/protobuf/message.cc:12:
2026-10-07T01:24:58.4718004Z bazel-out/k8-opt-exec-ST-d57f47055a04/bin/external/protobuf+/src/google/protobuf/_virtual_includes/protobuf_lite/google/protobuf/repeated_ptr_field.h:1380:8: note: declared here
2026-10-07T01:24:58.4719948Z  1380 | inline RepeatedPtrField<Element>::RepeatedPtrField(Arena* arena)
2026-10-07T01:24:58.4721051Z       |        ^~~~~~~~~~~~~~~~~~~~~~~~~
2026-10-07T01:24:58.4722153Z [716 / 944] Compiling src/google/protobuf/text_format.cc [for tool]; 7s processwrapper-sandbox ... (4 actions, 3 running)
2026-10-07T01:24:59.9382571Z INFO: From Compiling src/google/protobuf/text_format.cc [for tool]:
2026-10-07T01:24:59.9423646Z In file included from external/protobuf+/src/google/protobuf/text_format.cc:54:
2026-10-07T01:24:59.9443225Z bazel-out/k8-opt-exec-ST-d57f47055a04/bin/external/protobuf+/src/google/protobuf/_virtual_includes/protobuf/google/protobuf/map_field.h: In constructor 'google::protobuf::internal::MapFieldBase::ReflectionPayload::ReflectionPayload(google::protobuf::Arena*, const google::protobuf::Message*)':
2026-10-07T01:24:59.9483382Z bazel-out/k8-opt-exec-ST-d57f47055a04/bin/external/protobuf+/src/google/protobuf/_virtual_includes/protobuf/google/protobuf/map_field.h:416:11: warning: 'google::protobuf::RepeatedPtrField<T>::RepeatedPtrField(google::protobuf::Arena*) [with Element = google::protobuf::Message]' is deprecated: Use Arena::Create<RepeatedPtrField<...>>(Arena*) instead [-Wdeprecated-declarations]
2026-10-07T01:24:59.9521595Z   416 |         : repeated_field_(arena), prototype_(prototype) {}
2026-10-07T01:24:59.9531435Z       |           ^~~~~~~~~~~~~~~~~~~~~~
2026-10-07T01:24:59.9572188Z In file included from bazel-out/k8-opt-exec-ST-d57f47055a04/bin/external/protobuf+/src/google/protobuf/_virtual_includes/protobuf_lite/google/protobuf/repeated_field.h:46,
2026-10-07T01:24:59.9592275Z                  from bazel-out/k8-opt-exec-ST-d57f47055a04/bin/external/protobuf+/src/google/protobuf/_virtual_includes/protobuf_lite/google/protobuf/parse_context.h:39,
2026-10-07T01:24:59.9622210Z                  from bazel-out/k8-opt-exec-ST-d57f47055a04/bin/external/protobuf+/src/google/protobuf/_virtual_includes/protobuf_lite/google/protobuf/generated_message_tctable_decl.h:25,
2026-10-07T01:24:59.9652051Z                  from bazel-out/k8-opt-exec-ST-d57f47055a04/bin/external/protobuf+/src/google/protobuf/_virtual_includes/protobuf_lite/google/protobuf/extension_set.h:40,
2026-10-07T01:24:59.9654093Z                  from bazel-out/k8-opt-exec-ST-d57f47055a04/bin/external/protobuf+/src/google/protobuf/_virtual_includes/protobuf/google/protobuf/descriptor.h:56,
2026-10-07T01:24:59.9656046Z                  from bazel-out/k8-opt-exec-ST-d57f47055a04/bin/external/protobuf+/src/google/protobuf/_virtual_includes/protobuf/google/protobuf/text_format.h:27,
2026-10-07T01:24:59.9657423Z                  from external/protobuf+/src/google/protobuf/text_format.cc:12:
2026-10-07T01:24:59.9712364Z bazel-out/k8-opt-exec-ST-d57f47055a04/bin/external/protobuf+/src/google/protobuf/_virtual_includes/protobuf_lite/google/protobuf/repeated_ptr_field.h:1380:8: note: declared here
2026-10-07T01:24:59.9714289Z  1380 | inline RepeatedPtrField<Element>::RepeatedPtrField(Arena* arena)
2026-10-07T01:24:59.9741366Z       |        ^~~~~~~~~~~~~~~~~~~~~~~~~
2026-10-07T01:24:59.9752179Z external/protobuf+/src/google/protobuf/text_format.cc: In member function 'bool google::protobuf::TextFormat::Parser::ParserImpl::ConsumeField(google::protobuf::Message*)':
2026-10-07T01:24:59.9782105Z external/protobuf+/src/google/protobuf/text_format.cc:663:54: warning: 'bool google::protobuf::FieldOptions::weak() const' is deprecated [-Wdeprecated-declarations]
2026-10-07T01:24:59.9801399Z   663 |       if (consumed_semicolon && field->options().weak() &&
2026-10-07T01:24:59.9831543Z       |                                 ~~~~~~~~~~~~~~~~~~~~~^~
2026-10-07T01:24:59.9841522Z In file included from external/protobuf+/src/google/protobuf/text_format.cc:46:
2026-10-07T01:24:59.9872163Z bazel-out/k8-opt-exec-ST-d57f47055a04/bin/external/protobuf+/src/google/protobuf/_virtual_includes/protobuf/google/protobuf/descriptor.pb.h:18861:13: note: declared here
2026-10-07T01:24:59.9891353Z 18861 | inline bool FieldOptions::weak() const {
2026-10-07T01:24:59.9897768Z       |             ^~~~~~~~~~~~
2026-10-07T01:24:59.9931715Z [718 / 944] Compiling src/google/protobuf/map_field.cc [for tool]; 3s processwrapper-sandbox ... (4 actions, 3 running)
2026-10-07T01:25:00.1687265Z INFO: From Compiling src/google/protobuf/map_field.cc [for tool]:
2026-10-07T01:25:00.1691680Z In file included from external/protobuf+/src/google/protobuf/map_field.cc:8:
2026-10-07T01:25:00.1694419Z bazel-out/k8-opt-exec-ST-d57f47055a04/bin/external/protobuf+/src/google/protobuf/_virtual_includes/protobuf/google/protobuf/map_field.h: In constructor 'google::protobuf::internal::MapFieldBase::ReflectionPayload::ReflectionPayload(google::protobuf::Arena*, const google::protobuf::Message*)':
2026-10-07T01:25:00.1698885Z bazel-out/k8-opt-exec-ST-d57f47055a04/bin/external/protobuf+/src/google/protobuf/_virtual_includes/protobuf/google/protobuf/map_field.h:416:11: warning: 'google::protobuf::RepeatedPtrField<T>::RepeatedPtrField(google::protobuf::Arena*) [with Element = google::protobuf::Message]' is deprecated: Use Arena::Create<RepeatedPtrField<...>>(Arena*) instead [-Wdeprecated-declarations]
2026-10-07T01:25:00.1702109Z   416 |         : repeated_field_(arena), prototype_(prototype) {}
2026-10-07T01:25:00.1702962Z       |           ^~~~~~~~~~~~~~~~~~~~~~
2026-10-07T01:25:00.1704934Z In file included from bazel-out/k8-opt-exec-ST-d57f47055a04/bin/external/protobuf+/src/google/protobuf/_virtual_includes/protobuf_lite/google/protobuf/repeated_field.h:46,
2026-10-07T01:25:00.1707748Z                  from bazel-out/k8-opt-exec-ST-d57f47055a04/bin/external/protobuf+/src/google/protobuf/_virtual_includes/protobuf_lite/google/protobuf/parse_context.h:39,
2026-10-07T01:25:00.1710062Z                  from bazel-out/k8-opt-exec-ST-d57f47055a04/bin/external/protobuf+/src/google/protobuf/_virtual_includes/protobuf_lite/google/protobuf/generated_message_tctable_decl.h:25,
2026-10-07T01:25:00.1713057Z                  from bazel-out/k8-opt-exec-ST-d57f47055a04/bin/external/protobuf+/src/google/protobuf/_virtual_includes/protobuf_lite/google/protobuf/extension_set.h:40,
2026-10-07T01:25:00.1715551Z                  from bazel-out/k8-opt-exec-ST-d57f47055a04/bin/external/protobuf+/src/google/protobuf/_virtual_includes/protobuf/google/protobuf/descriptor.h:56,
2026-10-07T01:25:00.1717979Z                  from bazel-out/k8-opt-exec-ST-d57f47055a04/bin/external/protobuf+/src/google/protobuf/_virtual_includes/protobuf/google/protobuf/map_field.h:23:
2026-10-07T01:25:00.1720137Z bazel-out/k8-opt-exec-ST-d57f47055a04/bin/external/protobuf+/src/google/protobuf/_virtual_includes/protobuf_lite/google/protobuf/repeated_ptr_field.h:1380:8: note: declared here
2026-10-07T01:25:00.1722917Z  1380 | inline RepeatedPtrField<Element>::RepeatedPtrField(Arena* arena)
2026-10-07T01:25:00.1723920Z       |        ^~~~~~~~~~~~~~~~~~~~~~~~~
2026-10-07T01:25:01.3062369Z [719 / 944] Compiling src/google/protobuf/internal_feature_helper.cc [for tool]; 2s processwrapper-sandbox ... (4 actions running)
2026-10-07T01:25:02.7039137Z [721 / 944] Compiling src/google/protobuf/generated_message_tctable_lite.cc; 3s processwrapper-sandbox ... (4 actions, 3 running)
2026-10-07T01:25:04.2072421Z INFO: From Compiling src/google/protobuf/generated_message_tctable_gen.cc [for tool]:
2026-10-07T01:25:04.2142414Z external/protobuf+/src/google/protobuf/generated_message_tctable_gen.cc: In function 'bool google::protobuf::internal::{anonymous}::HasWeakFields(const google::protobuf::Descriptor*)':
2026-10-07T01:25:04.2182355Z external/protobuf+/src/google/protobuf/generated_message_tctable_gen.cc:699:45: warning: 'bool google::protobuf::FieldOptions::weak() const' is deprecated [-Wdeprecated-declarations]
2026-10-07T01:25:04.2231515Z   699 |     if (descriptor->field(i)->options().weak()) {
2026-10-07T01:25:04.2261350Z       |         ~~~~~~~~~~~~~~~~~~~~~~~~~~~~~~~~~~~~^~
2026-10-07T01:25:04.2302360Z In file included from bazel-out/k8-opt-exec-ST-d57f47055a04/bin/external/protobuf+/src/google/protobuf/_virtual_includes/protobuf/google/protobuf/generated_message_tctable_gen.h:21,
2026-10-07T01:25:04.2312299Z                  from external/protobuf+/src/google/protobuf/generated_message_tctable_gen.cc:8:
2026-10-07T01:25:04.2314657Z bazel-out/k8-opt-exec-ST-d57f47055a04/bin/external/protobuf+/src/google/protobuf/_virtual_includes/protobuf/google/protobuf/descriptor.pb.h:18861:13: note: declared here
2026-10-07T01:25:04.2316438Z 18861 | inline bool FieldOptions::weak() const {
2026-10-07T01:25:04.2317248Z       |             ^~~~~~~~~~~~
2026-10-07T01:25:04.2318987Z external/protobuf+/src/google/protobuf/generated_message_tctable_gen.cc: In function 'bool google::protobuf::internal::IsFieldTypeEligibleForFastParsing(const google::protobuf::FieldDescriptor*)':
2026-10-07T01:25:04.2322257Z external/protobuf+/src/google/protobuf/generated_message_tctable_gen.cc:738:28: warning: 'bool google::protobuf::FieldOptions::weak() const' is deprecated [-Wdeprecated-declarations]
2026-10-07T01:25:04.2323964Z   738 |       field->options().weak()) {
2026-10-07T01:25:04.2324701Z       |       ~~~~~~~~~~~~~~~~~~~~~^~
2026-10-07T01:25:04.2326316Z bazel-out/k8-opt-exec-ST-d57f47055a04/bin/external/protobuf+/src/google/protobuf/_virtual_includes/protobuf/google/protobuf/descriptor.pb.h:18861:13: note: declared here
2026-10-07T01:25:04.2328020Z 18861 | inline bool FieldOptions::weak() const {
2026-10-07T01:25:04.2329039Z       |             ^~~~~~~~~~~~
2026-10-07T01:25:04.2330271Z external/protobuf+/src/google/protobuf/generated_message_tctable_gen.cc: In lambda function:
2026-10-07T01:25:04.2332777Z external/protobuf+/src/google/protobuf/generated_message_tctable_gen.cc:773:54: warning: 'bool google::protobuf::FieldOptions::weak() const' is deprecated [-Wdeprecated-declarations]
2026-10-07T01:25:04.2334567Z   773 |            !field->is_map() && !field->options().weak() &&
2026-10-07T01:25:04.2335416Z       |                                 ~~~~~~~~~~~~~~~~~~~~~^~
2026-10-07T01:25:04.2337039Z bazel-out/k8-opt-exec-ST-d57f47055a04/bin/external/protobuf+/src/google/protobuf/_virtual_includes/protobuf/google/protobuf/descriptor.pb.h:18861:13: note: declared here
2026-10-07T01:25:04.2338740Z 18861 | inline bool FieldOptions::weak() const {
2026-10-07T01:25:04.2339493Z       |             ^~~~~~~~~~~~
2026-10-07T01:25:04.2342629Z external/protobuf+/src/google/protobuf/generated_message_tctable_gen.cc: In static member function 'static std::vector<google::protobuf::internal::TailCallTableInfo::FieldEntryInfo> google::protobuf::internal::TailCallTableInfo::BuildFieldEntries(const google::protobuf::Descriptor*, const MessageOptions&, absl::lts_20250814::Span<const FieldOptions>, std::vector<AuxEntry>&)':
2026-10-07T01:25:04.2346526Z external/protobuf+/src/google/protobuf/generated_message_tctable_gen.cc:813:39: warning: 'bool google::protobuf::FieldOptions::weak() const' is deprecated [-Wdeprecated-declarations]
2026-10-07T01:25:04.2348533Z   813 |       } else if (field->options().weak()) {
2026-10-07T01:25:04.2349304Z       |                  ~~~~~~~~~~~~~~~~~~~~~^~
2026-10-07T01:25:04.2351228Z bazel-out/k8-opt-exec-ST-d57f47055a04/bin/external/protobuf+/src/google/protobuf/_virtual_includes/protobuf/google/protobuf/descriptor.pb.h:18861:13: note: declared here
2026-10-07T01:25:04.2352890Z 18861 | inline bool FieldOptions::weak() const {
2026-10-07T01:25:04.2353630Z       |             ^~~~~~~~~~~~
2026-10-07T01:25:04.2354865Z [722 / 944] Compiling src/google/protobuf/generated_message_tctable_lite.cc; 5s processwrapper-sandbox ... (4 actions, 3 running)
2026-10-07T01:25:05.3062373Z [724 / 944] Compiling src/google/protobuf/generated_message_tctable_lite.cc; 6s processwrapper-sandbox ... (4 actions running)
2026-10-07T01:25:06.6960207Z [725 / 944] Compiling src/google/protobuf/generated_message_tctable_lite.cc; 7s processwrapper-sandbox ... (4 actions, 3 running)
2026-10-07T01:25:08.3092317Z [726 / 944] Compiling src/google/protobuf/generated_message_tctable_lite.cc; 9s processwrapper-sandbox ... (4 actions running)
2026-10-07T01:25:10.3882983Z [727 / 944] Compiling src/google/protobuf/generated_message_reflection.cc [for tool]; 8s processwrapper-sandbox ... (4 actions, 3 running)
2026-10-07T01:25:11.5862637Z [728 / 944] Compiling src/google/protobuf/generated_message_reflection.cc [for tool]; 9s processwrapper-sandbox ... (4 actions, 3 running)
2026-10-07T01:25:13.3112537Z [730 / 944] Compiling src/google/protobuf/generated_message_reflection.cc [for tool]; 11s processwrapper-sandbox ... (4 actions running)
2026-10-07T01:25:14.3411967Z INFO: From Compiling src/google/protobuf/generated_message_reflection.cc [for tool]:
2026-10-07T01:25:14.3811899Z In file included from external/protobuf+/src/google/protobuf/generated_message_reflection.cc:51:
2026-10-07T01:25:14.3844860Z bazel-out/k8-opt-exec-ST-d57f47055a04/bin/external/protobuf+/src/google/protobuf/_virtual_includes/protobuf/google/protobuf/map_field.h: In constructor 'google::protobuf::internal::MapFieldBase::ReflectionPayload::ReflectionPayload(google::protobuf::Arena*, const google::protobuf::Message*)':
2026-10-07T01:25:14.3849040Z bazel-out/k8-opt-exec-ST-d57f47055a04/bin/external/protobuf+/src/google/protobuf/_virtual_includes/protobuf/google/protobuf/map_field.h:416:11: warning: 'google::protobuf::RepeatedPtrField<T>::RepeatedPtrField(google::protobuf::Arena*) [with Element = google::protobuf::Message]' is deprecated: Use Arena::Create<RepeatedPtrField<...>>(Arena*) instead [-Wdeprecated-declarations]
2026-10-07T01:25:14.3871631Z   416 |         : repeated_field_(arena), prototype_(prototype) {}
2026-10-07T01:25:14.3931363Z       |           ^~~~~~~~~~~~~~~~~~~~~~
2026-10-07T01:25:14.3952793Z In file included from bazel-out/k8-opt-exec-ST-d57f47055a04/bin/external/protobuf+/src/google/protobuf/_virtual_includes/protobuf_lite/google/protobuf/repeated_field.h:46,
2026-10-07T01:25:14.3972441Z                  from bazel-out/k8-opt-exec-ST-d57f47055a04/bin/external/protobuf+/src/google/protobuf/_virtual_includes/protobuf_lite/google/protobuf/parse_context.h:39,
2026-10-07T01:25:14.4022347Z                  from bazel-out/k8-opt-exec-ST-d57f47055a04/bin/external/protobuf+/src/google/protobuf/_virtual_includes/protobuf_lite/google/protobuf/generated_message_tctable_decl.h:25,
2026-10-07T01:25:14.4052179Z                  from bazel-out/k8-opt-exec-ST-d57f47055a04/bin/external/protobuf+/src/google/protobuf/_virtual_includes/protobuf_lite/google/protobuf/extension_set.h:40,
2026-10-07T01:25:14.4082049Z                  from bazel-out/k8-opt-exec-ST-d57f47055a04/bin/external/protobuf+/src/google/protobuf/_virtual_includes/protobuf/google/protobuf/descriptor.h:56,
2026-10-07T01:25:14.4084353Z                  from bazel-out/k8-opt-exec-ST-d57f47055a04/bin/external/protobuf+/src/google/protobuf/_virtual_includes/protobuf/google/protobuf/generated_message_reflection.h:26,
2026-10-07T01:25:14.4111852Z                  from external/protobuf+/src/google/protobuf/generated_message_reflection.cc:12:
2026-10-07T01:25:14.4142186Z bazel-out/k8-opt-exec-ST-d57f47055a04/bin/external/protobuf+/src/google/protobuf/_virtual_includes/protobuf_lite/google/protobuf/repeated_ptr_field.h:1380:8: note: declared here
2026-10-07T01:25:14.4171619Z  1380 | inline RepeatedPtrField<Element>::RepeatedPtrField(Arena* arena)
2026-10-07T01:25:14.4201607Z       |        ^~~~~~~~~~~~~~~~~~~~~~~~~
2026-10-07T01:25:14.4203469Z external/protobuf+/src/google/protobuf/generated_message_reflection.cc: In member function 'const google::protobuf::Message* google::protobuf::Reflection::GetDefaultMessageInstance(const google::protobuf::FieldDescriptor*) const':
2026-10-07T01:25:14.4232345Z external/protobuf+/src/google/protobuf/generated_message_reflection.cc:2526:55: warning: 'bool google::protobuf::FieldOptions::weak() const' is deprecated [-Wdeprecated-declarations]
2026-10-07T01:25:14.4261433Z  2526 |   if (!field->is_extension() && !field->options().weak() &&
2026-10-07T01:25:14.4291415Z       |                                  ~~~~~~~~~~~~~~~~~~~~~^~
2026-10-07T01:25:14.4292678Z In file included from external/protobuf+/src/google/protobuf/generated_message_reflection.cc:41:
2026-10-07T01:25:14.4322849Z bazel-out/k8-opt-exec-ST-d57f47055a04/bin/external/protobuf+/src/google/protobuf/_virtual_includes/protobuf/google/protobuf/descriptor.pb.h:18861:13: note: declared here
2026-10-07T01:25:14.4351656Z 18861 | inline bool FieldOptions::weak() const {
2026-10-07T01:25:14.4381364Z       |             ^~~~~~~~~~~~
2026-10-07T01:25:14.4382237Z In file included from external/abseil-cpp+/absl/log/internal/check_impl.h:20,
2026-10-07T01:25:14.4408374Z                  from external/abseil-cpp+/absl/log/absl_check.h:38,
2026-10-07T01:25:14.4432255Z                  from bazel-out/k8-opt-exec-ST-d57f47055a04/bin/external/protobuf+/src/google/protobuf/_virtual_includes/protobuf/google/protobuf/generated_message_reflection.h:25:
2026-10-07T01:25:14.4462650Z external/protobuf+/src/google/protobuf/generated_message_reflection.cc: In member function 'bool google::protobuf::Reflection::HasFieldWithHasbits(const google::protobuf::Message&, const google::protobuf::FieldDescriptor*) const':
2026-10-07T01:25:14.4492292Z external/protobuf+/src/google/protobuf/generated_message_reflection.cc:3290:37: warning: 'bool google::protobuf::FieldOptions::weak() const' is deprecated [-Wdeprecated-declarations]
2026-10-07T01:25:14.4521449Z  3290 |   ABSL_DCHECK(!field->options().weak());
2026-10-07T01:25:14.4522182Z       |                ~~~~~~~~~~~~~~~~~~~~~^~
2026-10-07T01:25:14.4552039Z external/abseil-cpp+/absl/log/internal/conditions.h:68:7: note: in definition of macro 'ABSL_LOG_INTERNAL_STATELESS_CONDITION'
2026-10-07T01:25:14.4581659Z    68 |     !(condition) ? (void)0 : ::absl::log_internal::Voidify() &&
2026-10-07T01:25:14.4611382Z       |       ^~~~~~~~~
2026-10-07T01:25:14.4612496Z external/abseil-cpp+/absl/log/internal/check_impl.h:26:3: note: in expansion of macro 'ABSL_LOG_INTERNAL_CONDITION_FATAL'
2026-10-07T01:25:14.4641578Z    26 |   ABSL_LOG_INTERNAL_CONDITION_FATAL(STATELESS,                        \
2026-10-07T01:25:14.4671355Z       |   ^~~~~~~~~~~~~~~~~~~~~~~~~~~~~~~~~
2026-10-07T01:25:14.4701809Z external/abseil-cpp+/absl/log/internal/check_impl.h:27:37: note: in expansion of macro 'ABSL_PREDICT_FALSE'
2026-10-07T01:25:14.4702921Z    27 |                                     ABSL_PREDICT_FALSE(!(condition))) \
2026-10-07T01:25:14.4731413Z       |                                     ^~~~~~~~~~~~~~~~~~
2026-10-07T01:25:14.4761795Z external/abseil-cpp+/absl/log/internal/check_impl.h:43:3: note: in expansion of macro 'ABSL_LOG_INTERNAL_CHECK_IMPL'
2026-10-07T01:25:14.4763013Z    43 |   ABSL_LOG_INTERNAL_CHECK_IMPL(true || (condition), "true")
2026-10-07T01:25:14.4791299Z       |   ^~~~~~~~~~~~~~~~~~~~~~~~~~~~
2026-10-07T01:25:14.4792228Z external/abseil-cpp+/absl/log/absl_check.h:47:3: note: in expansion of macro 'ABSL_LOG_INTERNAL_DCHECK_IMPL'
2026-10-07T01:25:14.4793691Z    47 |   ABSL_LOG_INTERNAL_DCHECK_IMPL((condition), #condition)
2026-10-07T01:25:14.4794297Z       |   ^~~~~~~~~~~~~~~~~~~~~~~~~~~~~
2026-10-07T01:25:14.4795316Z external/protobuf+/src/google/protobuf/generated_message_reflection.cc:3290:3: note: in expansion of macro 'ABSL_DCHECK'
2026-10-07T01:25:14.4796447Z  3290 |   ABSL_DCHECK(!field->options().weak());
2026-10-07T01:25:14.4796961Z       |   ^~~~~~~~~~~
2026-10-07T01:25:14.4798224Z bazel-out/k8-opt-exec-ST-d57f47055a04/bin/external/protobuf+/src/google/protobuf/_virtual_includes/protobuf/google/protobuf/descriptor.pb.h:18861:13: note: declared here
2026-10-07T01:25:14.4799781Z 18861 | inline bool FieldOptions::weak() const {
2026-10-07T01:25:14.4800300Z       |             ^~~~~~~~~~~~
2026-10-07T01:25:14.4832215Z external/protobuf+/src/google/protobuf/generated_message_reflection.cc: In member function 'void google::protobuf::Reflection::SetHasBit(google::protobuf::Message*, const google::protobuf::FieldDescriptor*) const':
2026-10-07T01:25:14.4834847Z external/protobuf+/src/google/protobuf/generated_message_reflection.cc:3323:37: warning: 'bool google::protobuf::FieldOptions::weak() const' is deprecated [-Wdeprecated-declarations]
2026-10-07T01:25:14.4836283Z  3323 |   ABSL_DCHECK(!field->options().weak());
2026-10-07T01:25:14.4837187Z       |                ~~~~~~~~~~~~~~~~~~~~~^~
2026-10-07T01:25:14.4838303Z external/abseil-cpp+/absl/log/internal/conditions.h:68:7: note: in definition of macro 'ABSL_LOG_INTERNAL_STATELESS_CONDITION'
2026-10-07T01:25:14.4839476Z    68 |     !(condition) ? (void)0 : ::absl::log_internal::Voidify() &&
2026-10-07T01:25:14.4840075Z       |       ^~~~~~~~~
2026-10-07T01:25:14.4841281Z external/abseil-cpp+/absl/log/internal/check_impl.h:26:3: note: in expansion of macro 'ABSL_LOG_INTERNAL_CONDITION_FATAL'
2026-10-07T01:25:14.4842436Z    26 |   ABSL_LOG_INTERNAL_CONDITION_FATAL(STATELESS,                        \
2026-10-07T01:25:14.4843108Z       |   ^~~~~~~~~~~~~~~~~~~~~~~~~~~~~~~~~
2026-10-07T01:25:14.4843936Z external/abseil-cpp+/absl/log/internal/check_impl.h:27:37: note: in expansion of macro 'ABSL_PREDICT_FALSE'
2026-10-07T01:25:14.4844897Z    27 |                                     ABSL_PREDICT_FALSE(!(condition))) \
2026-10-07T01:25:14.4845498Z       |                                     ^~~~~~~~~~~~~~~~~~
2026-10-07T01:25:14.4846456Z external/abseil-cpp+/absl/log/internal/check_impl.h:43:3: note: in expansion of macro 'ABSL_LOG_INTERNAL_CHECK_IMPL'
2026-10-07T01:25:14.4847513Z    43 |   ABSL_LOG_INTERNAL_CHECK_IMPL(true || (condition), "true")
2026-10-07T01:25:14.4848101Z       |   ^~~~~~~~~~~~~~~~~~~~~~~~~~~~
2026-10-07T01:25:14.4849416Z external/abseil-cpp+/absl/log/absl_check.h:47:3: note: in expansion of macro 'ABSL_LOG_INTERNAL_DCHECK_IMPL'
2026-10-07T01:25:14.4850400Z    47 |   ABSL_LOG_INTERNAL_DCHECK_IMPL((condition), #condition)
2026-10-07T01:25:14.4851232Z       |   ^~~~~~~~~~~~~~~~~~~~~~~~~~~~~
2026-10-07T01:25:14.4852218Z external/protobuf+/src/google/protobuf/generated_message_reflection.cc:3323:3: note: in expansion of macro 'ABSL_DCHECK'
2026-10-07T01:25:14.4853281Z  3323 |   ABSL_DCHECK(!field->options().weak());
2026-10-07T01:25:14.4853768Z       |   ^~~~~~~~~~~
2026-10-07T01:25:14.4854986Z bazel-out/k8-opt-exec-ST-d57f47055a04/bin/external/protobuf+/src/google/protobuf/_virtual_includes/protobuf/google/protobuf/descriptor.pb.h:18861:13: note: declared here
2026-10-07T01:25:14.4856394Z 18861 | inline bool FieldOptions::weak() const {
2026-10-07T01:25:14.4856918Z       |             ^~~~~~~~~~~~
2026-10-07T01:25:14.4858454Z external/protobuf+/src/google/protobuf/generated_message_reflection.cc: In member function 'void google::protobuf::Reflection::ClearHasBit(google::protobuf::Message*, const google::protobuf::FieldDescriptor*) const':
2026-10-07T01:25:14.4881473Z external/protobuf+/src/google/protobuf/generated_message_reflection.cc:3332:37: warning: 'bool google::protobuf::FieldOptions::weak() const' is deprecated [-Wdeprecated-declarations]
2026-10-07T01:25:14.4883114Z  3332 |   ABSL_DCHECK(!field->options().weak());
2026-10-07T01:25:14.4883609Z       |                ~~~~~~~~~~~~~~~~~~~~~^~
2026-10-07T01:25:14.4884505Z external/abseil-cpp+/absl/log/internal/conditions.h:68:7: note: in definition of macro 'ABSL_LOG_INTERNAL_STATELESS_CONDITION'
2026-10-07T01:25:14.4885505Z    68 |     !(condition) ? (void)0 : ::absl::log_internal::Voidify() &&
2026-10-07T01:25:14.4886008Z       |       ^~~~~~~~~
2026-10-07T01:25:14.4886737Z external/abseil-cpp+/absl/log/internal/check_impl.h:26:3: note: in expansion of macro 'ABSL_LOG_INTERNAL_CONDITION_FATAL'
2026-10-07T01:25:14.4887707Z    26 |   ABSL_LOG_INTERNAL_CONDITION_FATAL(STATELESS,                        \
2026-10-07T01:25:14.4888287Z       |   ^~~~~~~~~~~~~~~~~~~~~~~~~~~~~~~~~
2026-10-07T01:25:14.4889020Z external/abseil-cpp+/absl/log/internal/check_impl.h:27:37: note: in expansion of macro 'ABSL_PREDICT_FALSE'
2026-10-07T01:25:14.4889895Z    27 |                                     ABSL_PREDICT_FALSE(!(condition))) \
2026-10-07T01:25:14.4890426Z       |                                     ^~~~~~~~~~~~~~~~~~
2026-10-07T01:25:14.4891463Z external/abseil-cpp+/absl/log/internal/check_impl.h:43:3: note: in expansion of macro 'ABSL_LOG_INTERNAL_CHECK_IMPL'
2026-10-07T01:25:14.4892406Z    43 |   ABSL_LOG_INTERNAL_CHECK_IMPL(true || (condition), "true")
2026-10-07T01:25:14.4893137Z       |   ^~~~~~~~~~~~~~~~~~~~~~~~~~~~
2026-10-07T01:25:14.4893894Z external/abseil-cpp+/absl/log/absl_check.h:47:3: note: in expansion of macro 'ABSL_LOG_INTERNAL_DCHECK_IMPL'
2026-10-07T01:25:14.4894861Z    47 |   ABSL_LOG_INTERNAL_DCHECK_IMPL((condition), #condition)
2026-10-07T01:25:14.4895418Z       |   ^~~~~~~~~~~~~~~~~~~~~~~~~~~~~
2026-10-07T01:25:14.4896347Z external/protobuf+/src/google/protobuf/generated_message_reflection.cc:3332:3: note: in expansion of macro 'ABSL_DCHECK'
2026-10-07T01:25:14.4897352Z  3332 |   ABSL_DCHECK(!field->options().weak());
2026-10-07T01:25:14.4897825Z       |   ^~~~~~~~~~~
2026-10-07T01:25:14.4899021Z bazel-out/k8-opt-exec-ST-d57f47055a04/bin/external/protobuf+/src/google/protobuf/_virtual_includes/protobuf/google/protobuf/descriptor.pb.h:18861:13: note: declared here
2026-10-07T01:25:14.4900360Z 18861 | inline bool FieldOptions::weak() const {
2026-10-07T01:25:14.4911180Z       |             ^~~~~~~~~~~~
2026-10-07T01:25:14.4912819Z external/protobuf+/src/google/protobuf/generated_message_reflection.cc: In member function 'void google::protobuf::Reflection::NaiveSwapHasBit(google::protobuf::Message*, google::protobuf::Message*, const google::protobuf::FieldDescriptor*) const':
2026-10-07T01:25:14.4915802Z external/protobuf+/src/google/protobuf/generated_message_reflection.cc:3341:37: warning: 'bool google::protobuf::FieldOptions::weak() const' is deprecated [-Wdeprecated-declarations]
2026-10-07T01:25:14.4917198Z  3341 |   ABSL_DCHECK(!field->options().weak());
2026-10-07T01:25:14.4917705Z       |                ~~~~~~~~~~~~~~~~~~~~~^~
2026-10-07T01:25:14.4918677Z external/abseil-cpp+/absl/log/internal/conditions.h:68:7: note: in definition of macro 'ABSL_LOG_INTERNAL_STATELESS_CONDITION'
2026-10-07T01:25:14.4919779Z    68 |     !(condition) ? (void)0 : ::absl::log_internal::Voidify() &&
2026-10-07T01:25:14.4920342Z       |       ^~~~~~~~~
2026-10-07T01:25:14.4921378Z external/abseil-cpp+/absl/log/internal/check_impl.h:26:3: note: in expansion of macro 'ABSL_LOG_INTERNAL_CONDITION_FATAL'
2026-10-07T01:25:14.4922443Z    26 |   ABSL_LOG_INTERNAL_CONDITION_FATAL(STATELESS,                        \
2026-10-07T01:25:14.4923104Z       |   ^~~~~~~~~~~~~~~~~~~~~~~~~~~~~~~~~
2026-10-07T01:25:14.4923976Z external/abseil-cpp+/absl/log/internal/check_impl.h:27:37: note: in expansion of macro 'ABSL_PREDICT_FALSE'
2026-10-07T01:25:14.4924889Z    27 |                                     ABSL_PREDICT_FALSE(!(condition))) \
2026-10-07T01:25:14.4925458Z       |                                     ^~~~~~~~~~~~~~~~~~
2026-10-07T01:25:14.4926353Z external/abseil-cpp+/absl/log/internal/check_impl.h:43:3: note: in expansion of macro 'ABSL_LOG_INTERNAL_CHECK_IMPL'
2026-10-07T01:25:14.4927580Z    43 |   ABSL_LOG_INTERNAL_CHECK_IMPL(true || (condition), "true")
2026-10-07T01:25:14.4928127Z       |   ^~~~~~~~~~~~~~~~~~~~~~~~~~~~
2026-10-07T01:25:14.4928898Z external/abseil-cpp+/absl/log/absl_check.h:47:3: note: in expansion of macro 'ABSL_LOG_INTERNAL_DCHECK_IMPL'
2026-10-07T01:25:14.4929850Z    47 |   ABSL_LOG_INTERNAL_DCHECK_IMPL((condition), #condition)
2026-10-07T01:25:14.4930389Z       |   ^~~~~~~~~~~~~~~~~~~~~~~~~~~~~
2026-10-07T01:25:14.4931551Z external/protobuf+/src/google/protobuf/generated_message_reflection.cc:3341:3: note: in expansion of macro 'ABSL_DCHECK'
2026-10-07T01:25:14.4932532Z  3341 |   ABSL_DCHECK(!field->options().weak());
2026-10-07T01:25:14.4932987Z       |   ^~~~~~~~~~~
2026-10-07T01:25:14.4934125Z bazel-out/k8-opt-exec-ST-d57f47055a04/bin/external/protobuf+/src/google/protobuf/_virtual_includes/protobuf/google/protobuf/descriptor.pb.h:18861:13: note: declared here
2026-10-07T01:25:14.4935450Z 18861 | inline bool FieldOptions::weak() const {
2026-10-07T01:25:14.4935926Z       |             ^~~~~~~~~~~~
2026-10-07T01:25:14.4940663Z bazel-out/k8-opt-exec-ST-d57f47055a04/bin/external/protobuf+/src/google/protobuf/_virtual_includes/protobuf/google/protobuf/reflection_visit_fields.h: In instantiation of 'static void google::protobuf::internal::ReflectionVisit::VisitFields(MessageT&, CallbackFn&&, google::protobuf::internal::FieldMask) [with MessageT = google::protobuf::Message; CallbackFn = google::protobuf::internal::ReflectionVisit::VisitMessageFields<google::protobuf::Reflection::MaybePoisonAfterClear(google::protobuf::Message&) const::<lambda(google::protobuf::Message&)> >(google::protobuf::Message&, google::protobuf::Reflection::MaybePoisonAfterClear(google::protobuf::Message&) const::<lambda(google::protobuf::Message&)>&&)::<lambda(auto:42)>]':
2026-10-07T01:25:14.4968251Z bazel-out/k8-opt-exec-ST-d57f47055a04/bin/external/protobuf+/src/google/protobuf/_virtual_includes/protobuf/google/protobuf/reflection_visit_fields.h:447:31:   required from 'static void google::protobuf::internal::ReflectionVisit::VisitMessageFields(google::protobuf::Message&, CallbackFn&&) [with CallbackFn = google::protobuf::Reflection::MaybePoisonAfterClear(google::protobuf::Message&) const::<lambda(google::protobuf::Message&)>]'
2026-10-07T01:25:14.4996137Z bazel-out/k8-opt-exec-ST-d57f47055a04/bin/external/protobuf+/src/google/protobuf/_virtual_includes/protobuf/google/protobuf/reflection_visit_fields.h:502:38:   required from 'void google::protobuf::internal::VisitMutableMessageFields(google::protobuf::Message&, CallbackFn&&) [with CallbackFn = google::protobuf::Reflection::MaybePoisonAfterClear(google::protobuf::Message&) const::<lambda(google::protobuf::Message&)>]'
2026-10-07T01:25:14.4999278Z external/protobuf+/src/google/protobuf/generated_message_reflection.cc:1390:40:   required from here
2026-10-07T01:25:14.5001439Z bazel-out/k8-opt-exec-ST-d57f47055a04/bin/external/protobuf+/src/google/protobuf/_virtual_includes/protobuf/google/protobuf/reflection_visit_fields.h:109:39: warning: 'bool google::protobuf::FieldOptions::weak() const' is deprecated [-Wdeprecated-declarations]
2026-10-07T01:25:14.5004270Z   109 |     ABSL_DCHECK(!field->options().weak()) << "weak fields are not supported";
2026-10-07T01:25:14.5005871Z       |                  ~~~~~~~~~~~~~~~~~~~~~^~
2026-10-07T01:25:14.5006803Z external/abseil-cpp+/absl/log/internal/conditions.h:68:7: note: in definition of macro 'ABSL_LOG_INTERNAL_STATELESS_CONDITION'
2026-10-07T01:25:14.5007899Z    68 |     !(condition) ? (void)0 : ::absl::log_internal::Voidify() &&
2026-10-07T01:25:14.5008474Z       |       ^~~~~~~~~
2026-10-07T01:25:14.5018986Z external/abseil-cpp+/absl/log/internal/check_impl.h:26:3: note: in expansion of macro 'ABSL_LOG_INTERNAL_CONDITION_FATAL'
2026-10-07T01:25:14.5020583Z    26 |   ABSL_LOG_INTERNAL_CONDITION_FATAL(STATELESS,                        \
2026-10-07T01:25:14.5021629Z       |   ^~~~~~~~~~~~~~~~~~~~~~~~~~~~~~~~~
2026-10-07T01:25:14.5022740Z external/abseil-cpp+/absl/log/internal/check_impl.h:27:37: note: in expansion of macro 'ABSL_PREDICT_FALSE'
2026-10-07T01:25:14.5023676Z    27 |                                     ABSL_PREDICT_FALSE(!(condition))) \
2026-10-07T01:25:14.5024334Z       |                                     ^~~~~~~~~~~~~~~~~~
2026-10-07T01:25:14.5025261Z external/abseil-cpp+/absl/log/internal/check_impl.h:43:3: note: in expansion of macro 'ABSL_LOG_INTERNAL_CHECK_IMPL'
2026-10-07T01:25:14.5026311Z    43 |   ABSL_LOG_INTERNAL_CHECK_IMPL(true || (condition), "true")
2026-10-07T01:25:14.5026872Z       |   ^~~~~~~~~~~~~~~~~~~~~~~~~~~~
2026-10-07T01:25:14.5027666Z external/abseil-cpp+/absl/log/absl_check.h:47:3: note: in expansion of macro 'ABSL_LOG_INTERNAL_DCHECK_IMPL'
2026-10-07T01:25:14.5028600Z    47 |   ABSL_LOG_INTERNAL_DCHECK_IMPL((condition), #condition)
2026-10-07T01:25:14.5029156Z       |   ^~~~~~~~~~~~~~~~~~~~~~~~~~~~~
2026-10-07T01:25:14.5030557Z bazel-out/k8-opt-exec-ST-d57f47055a04/bin/external/protobuf+/src/google/protobuf/_virtual_includes/protobuf/google/protobuf/reflection_visit_fields.h:109:5: note: in expansion of macro 'ABSL_DCHECK'
2026-10-07T01:25:14.5032427Z   109 |     ABSL_DCHECK(!field->options().weak()) << "weak fields are not supported";
2026-10-07T01:25:14.5033103Z       |     ^~~~~~~~~~~
2026-10-07T01:25:14.5034530Z bazel-out/k8-opt-exec-ST-d57f47055a04/bin/external/protobuf+/src/google/protobuf/_virtual_includes/protobuf/google/protobuf/descriptor.pb.h:18861:13: note: declared here
2026-10-07T01:25:14.5035932Z 18861 | inline bool FieldOptions::weak() const {
2026-10-07T01:25:14.5036435Z       |             ^~~~~~~~~~~~
2026-10-07T01:25:14.5038175Z bazel-out/k8-opt-exec-ST-d57f47055a04/bin/external/protobuf+/src/google/protobuf/_virtual_includes/protobuf/google/protobuf/reflection_visit_fields.h:109:39: warning: 'bool google::protobuf::FieldOptions::weak() const' is deprecated [-Wdeprecated-declarations]
2026-10-07T01:25:14.5040144Z   109 |     ABSL_DCHECK(!field->options().weak()) << "weak fields are not supported";
2026-10-07T01:25:14.5047532Z       |                  ~~~~~~~~~~~~~~~~~~~~~^~
2026-10-07T01:25:14.5048552Z external/abseil-cpp+/absl/log/internal/conditions.h:68:7: note: in definition of macro 'ABSL_LOG_INTERNAL_STATELESS_CONDITION'
2026-10-07T01:25:14.5049662Z    68 |     !(condition) ? (void)0 : ::absl::log_internal::Voidify() &&
2026-10-07T01:25:14.5050256Z       |       ^~~~~~~~~
2026-10-07T01:25:14.5051489Z external/abseil-cpp+/absl/log/internal/check_impl.h:26:3: note: in expansion of macro 'ABSL_LOG_INTERNAL_CONDITION_FATAL'
2026-10-07T01:25:14.5070261Z    26 |   ABSL_LOG_INTERNAL_CONDITION_FATAL(STATELESS,                        \
2026-10-07T01:25:14.5071375Z       |   ^~~~~~~~~~~~~~~~~~~~~~~~~~~~~~~~~
2026-10-07T01:25:14.5072185Z external/abseil-cpp+/absl/log/internal/check_impl.h:27:37: note: in expansion of macro 'ABSL_PREDICT_FALSE'
2026-10-07T01:25:14.5073036Z    27 |                                     ABSL_PREDICT_FALSE(!(condition))) \
2026-10-07T01:25:14.5073588Z       |                                     ^~~~~~~~~~~~~~~~~~
2026-10-07T01:25:14.5074527Z external/abseil-cpp+/absl/log/internal/check_impl.h:43:3: note: in expansion of macro 'ABSL_LOG_INTERNAL_CHECK_IMPL'
2026-10-07T01:25:14.5075579Z    43 |   ABSL_LOG_INTERNAL_CHECK_IMPL(true || (condition), "true")
2026-10-07T01:25:14.5076163Z       |   ^~~~~~~~~~~~~~~~~~~~~~~~~~~~
2026-10-07T01:25:14.5077004Z external/abseil-cpp+/absl/log/absl_check.h:47:3: note: in expansion of macro 'ABSL_LOG_INTERNAL_DCHECK_IMPL'
2026-10-07T01:25:14.5077985Z    47 |   ABSL_LOG_INTERNAL_DCHECK_IMPL((condition), #condition)
2026-10-07T01:25:14.5078547Z       |   ^~~~~~~~~~~~~~~~~~~~~~~~~~~~~
2026-10-07T01:25:14.5080337Z bazel-out/k8-opt-exec-ST-d57f47055a04/bin/external/protobuf+/src/google/protobuf/_virtual_includes/protobuf/google/protobuf/reflection_visit_fields.h:109:5: note: in expansion of macro 'ABSL_DCHECK'
2026-10-07T01:25:14.5143344Z   109 |     ABSL_DCHECK(!field->options().weak()) << "weak fields are not supported";
2026-10-07T01:25:14.5144484Z       |     ^~~~~~~~~~~
2026-10-07T01:25:14.5145665Z bazel-out/k8-opt-exec-ST-d57f47055a04/bin/external/protobuf+/src/google/protobuf/_virtual_includes/protobuf/google/protobuf/descriptor.pb.h:18861:13: note: declared here
2026-10-07T01:25:14.5147003Z 18861 | inline bool FieldOptions::weak() const {
2026-10-07T01:25:14.5147475Z       |             ^~~~~~~~~~~~
2026-10-07T01:25:14.5148342Z [731 / 944] Compiling src/google/protobuf/dynamic_message.cc [for tool]; 2s processwrapper-sandbox ... (4 actions, 3 running)
2026-10-07T01:25:15.8218407Z INFO: From Compiling src/google/protobuf/dynamic_message.cc [for tool]:
2026-10-07T01:25:15.8271871Z In file included from external/protobuf+/src/google/protobuf/dynamic_message.cc:66:
2026-10-07T01:25:15.8354095Z bazel-out/k8-opt-exec-ST-d57f47055a04/bin/external/protobuf+/src/google/protobuf/_virtual_includes/protobuf/google/protobuf/map_field.h: In constructor 'google::protobuf::internal::MapFieldBase::ReflectionPayload::ReflectionPayload(google::protobuf::Arena*, const google::protobuf::Message*)':
2026-10-07T01:25:15.8414081Z bazel-out/k8-opt-exec-ST-d57f47055a04/bin/external/protobuf+/src/google/protobuf/_virtual_includes/protobuf/google/protobuf/map_field.h:416:11: warning: 'google::protobuf::RepeatedPtrField<T>::RepeatedPtrField(google::protobuf::Arena*) [with Element = google::protobuf::Message]' is deprecated: Use Arena::Create<RepeatedPtrField<...>>(Arena*) instead [-Wdeprecated-declarations]
2026-10-07T01:25:15.8491416Z   416 |         : repeated_field_(arena), prototype_(prototype) {}
2026-10-07T01:25:15.8521258Z       |           ^~~~~~~~~~~~~~~~~~~~~~
2026-10-07T01:25:15.8552237Z In file included from bazel-out/k8-opt-exec-ST-d57f47055a04/bin/external/protobuf+/src/google/protobuf/_virtual_includes/protobuf_lite/google/protobuf/repeated_field.h:46,
2026-10-07T01:25:15.8592669Z                  from bazel-out/k8-opt-exec-ST-d57f47055a04/bin/external/protobuf+/src/google/protobuf/_virtual_includes/protobuf_lite/google/protobuf/parse_context.h:39,
2026-10-07T01:25:15.8595084Z                  from bazel-out/k8-opt-exec-ST-d57f47055a04/bin/external/protobuf+/src/google/protobuf/_virtual_includes/protobuf_lite/google/protobuf/generated_message_tctable_decl.h:25,
2026-10-07T01:25:15.8622480Z                  from bazel-out/k8-opt-exec-ST-d57f47055a04/bin/external/protobuf+/src/google/protobuf/_virtual_includes/protobuf_lite/google/protobuf/extension_set.h:40,
2026-10-07T01:25:15.8652121Z                  from bazel-out/k8-opt-exec-ST-d57f47055a04/bin/external/protobuf+/src/google/protobuf/_virtual_includes/protobuf/google/protobuf/descriptor.h:56,
2026-10-07T01:25:15.8682173Z                  from bazel-out/k8-opt-exec-ST-d57f47055a04/bin/external/protobuf+/src/google/protobuf/_virtual_includes/protobuf/google/protobuf/dynamic_message.h:27,
2026-10-07T01:25:15.8711619Z                  from external/protobuf+/src/google/protobuf/dynamic_message.cc:42:
2026-10-07T01:25:15.8713521Z bazel-out/k8-opt-exec-ST-d57f47055a04/bin/external/protobuf+/src/google/protobuf/_virtual_includes/protobuf_lite/google/protobuf/repeated_ptr_field.h:1380:8: note: declared here
2026-10-07T01:25:15.8741640Z  1380 | inline RepeatedPtrField<Element>::RepeatedPtrField(Arena* arena)
2026-10-07T01:25:15.8771376Z       |        ^~~~~~~~~~~~~~~~~~~~~~~~~
2026-10-07T01:25:15.8801922Z external/protobuf+/src/google/protobuf/dynamic_message.cc: In member function 'void google::protobuf::DynamicMessage::SharedCtor(bool)':
2026-10-07T01:25:15.8804891Z external/protobuf+/src/google/protobuf/dynamic_message.cc:574:66: warning: 'google::protobuf::RepeatedPtrField<T>::RepeatedPtrField(google::protobuf::Arena*) [with Element = std::__cxx11::basic_string<char>]' is deprecated: Use Arena::Create<RepeatedPtrField<...>>(Arena*) instead [-Wdeprecated-declarations]
2026-10-07T01:25:15.8831548Z   574 |               new (field_ptr) RepeatedPtrField<std::string>(arena);
2026-10-07T01:25:15.8858142Z       |                                                                  ^
2026-10-07T01:25:15.8882223Z bazel-out/k8-opt-exec-ST-d57f47055a04/bin/external/protobuf+/src/google/protobuf/_virtual_includes/protobuf_lite/google/protobuf/repeated_ptr_field.h:1380:8: note: declared here
2026-10-07T01:25:15.8911592Z  1380 | inline RepeatedPtrField<Element>::RepeatedPtrField(Arena* arena)
2026-10-07T01:25:15.8941262Z       |        ^~~~~~~~~~~~~~~~~~~~~~~~~
2026-10-07T01:25:15.8943613Z external/protobuf+/src/google/protobuf/dynamic_message.cc:602:60: warning: 'google::protobuf::RepeatedPtrField<T>::RepeatedPtrField(google::protobuf::Arena*) [with Element = google::protobuf::Message]' is deprecated: Use Arena::Create<RepeatedPtrField<...>>(Arena*) instead [-Wdeprecated-declarations]
2026-10-07T01:25:15.8971362Z   602 |             new (field_ptr) RepeatedPtrField<Message>(arena);
2026-10-07T01:25:15.9001342Z       |                                                            ^
2026-10-07T01:25:15.9032220Z bazel-out/k8-opt-exec-ST-d57f47055a04/bin/external/protobuf+/src/google/protobuf/_virtual_includes/protobuf_lite/google/protobuf/repeated_ptr_field.h:1380:8: note: declared here
2026-10-07T01:25:15.9033839Z  1380 | inline RepeatedPtrField<Element>::RepeatedPtrField(Arena* arena)
2026-10-07T01:25:15.9061280Z       |        ^~~~~~~~~~~~~~~~~~~~~~~~~
2026-10-07T01:25:15.9083153Z external/protobuf+/src/google/protobuf/dynamic_message.cc: In member function 'void google::protobuf::DynamicMessage::CrossLinkPrototypes()':
2026-10-07T01:25:15.9085385Z external/protobuf+/src/google/protobuf/dynamic_message.cc:774:31: warning: 'bool google::protobuf::FieldOptions::weak() const' is deprecated [-Wdeprecated-declarations]
2026-10-07T01:25:15.9087085Z   774 |         !field->options().weak() && !InRealOneof(field) &&
2026-10-07T01:25:15.9087944Z       |          ~~~~~~~~~~~~~~~~~~~~~^~
2026-10-07T01:25:15.9088859Z In file included from external/protobuf+/src/google/protobuf/dynamic_message.cc:60:
2026-10-07T01:25:15.9090681Z bazel-out/k8-opt-exec-ST-d57f47055a04/bin/external/protobuf+/src/google/protobuf/_virtual_includes/protobuf/google/protobuf/descriptor.pb.h:18861:13: note: declared here
2026-10-07T01:25:15.9092561Z 18861 | inline bool FieldOptions::weak() const {
2026-10-07T01:25:15.9093268Z       |             ^~~~~~~~~~~~
2026-10-07T01:25:15.9094408Z [733 / 944] Compiling src/google/protobuf/descriptor_database.cc [for tool]; 4s processwrapper-sandbox ... (4 actions, 3 running)
2026-10-07T01:25:17.3169026Z [734 / 944] Compiling src/google/protobuf/descriptor_database.cc [for tool]; 5s processwrapper-sandbox ... (4 actions running)
2026-10-07T01:25:19.8541919Z INFO: From Compiling src/google/protobuf/map.cc:
2026-10-07T01:25:19.8602192Z In file included from bazel-out/k8-opt/bin/external/protobuf+/src/google/protobuf/_virtual_includes/protobuf_lite/google/protobuf/generated_enum_util.h:20,
2026-10-07T01:25:19.8661939Z                  from bazel-out/k8-opt/bin/external/protobuf+/src/google/protobuf/_virtual_includes/protobuf_lite/google/protobuf/map.h:41,
2026-10-07T01:25:19.8721501Z                  from external/protobuf+/src/google/protobuf/map.cc:8:
2026-10-07T01:25:19.8774909Z In function 'const google::protobuf::internal::ClassData* google::protobuf::internal::GetClassData(const Type&) [with Type = google::protobuf::MessageLite]',
2026-10-07T01:25:19.8777359Z     inlined from 'google::protobuf::internal::Offsets google::protobuf::internal::AlignAndAddSizeDynamic(size_t, UntypedMapBase::TypeKind, const google::protobuf::MessageLite*, size_t&)' at external/protobuf+/src/google/protobuf/map.cc:229:38,
2026-10-07T01:25:19.8780490Z     inlined from 'static google::protobuf::internal::UntypedMapBase::TypeInfo google::protobuf::internal::UntypedMapBase::GetTypeInfoDynamic(TypeKind, TypeKind, const google::protobuf::MessageLite*)' at external/protobuf+/src/google/protobuf/map.cc:249:29:
2026-10-07T01:25:19.8805084Z bazel-out/k8-opt/bin/external/protobuf+/src/google/protobuf/_virtual_includes/protobuf_lite/google/protobuf/message_lite.h:1230:28: warning: 'this' pointer is null [-Wnonnull]
2026-10-07T01:25:19.8831463Z  1230 |     return msg.GetClassData();
2026-10-07T01:25:19.8861331Z       |            ~~~~~~~~~~~~~~~~^~
2026-10-07T01:25:19.8891910Z [735 / 944] Compiling src/google/protobuf/descriptor_database.cc [for tool]; 8s processwrapper-sandbox ... (4 actions, 3 running)
2026-10-07T01:25:21.2556021Z [736 / 944] Compiling src/google/protobuf/descriptor.pb.cc [for tool]; 6s processwrapper-sandbox ... (4 actions, 3 running)
2026-10-07T01:25:22.3172525Z [736 / 944] Compiling src/google/protobuf/descriptor.pb.cc [for tool]; 7s processwrapper-sandbox ... (4 actions running)
2026-10-07T01:25:24.3162204Z [738 / 944] Compiling src/google/protobuf/descriptor.cc [for tool]; 8s processwrapper-sandbox ... (4 actions running)
2026-10-07T01:25:25.3192214Z [745 / 944] Compiling src/google/protobuf/descriptor.cc [for tool]; 9s processwrapper-sandbox ... (4 actions running)
2026-10-07T01:25:26.3199657Z [753 / 944] Compiling src/google/protobuf/descriptor.cc [for tool]; 10s processwrapper-sandbox ... (4 actions, 3 running)
2026-10-07T01:25:28.1008646Z [756 / 944] Compiling src/google/protobuf/descriptor.cc [for tool]; 12s processwrapper-sandbox ... (4 actions, 3 running)
2026-10-07T01:25:29.1334664Z [757 / 944] Compiling src/google/protobuf/descriptor.cc [for tool]; 13s processwrapper-sandbox ... (4 actions, 3 running)
2026-10-07T01:25:30.3202565Z [761 / 944] Compiling src/google/protobuf/descriptor.cc [for tool]; 14s processwrapper-sandbox ... (4 actions running)
2026-10-07T01:25:31.7701646Z [766 / 944] Compiling src/google/protobuf/descriptor.cc [for tool]; 15s processwrapper-sandbox ... (4 actions, 3 running)
2026-10-07T01:25:32.9043041Z [770 / 944] Compiling src/google/protobuf/descriptor.cc [for tool]; 17s processwrapper-sandbox ... (4 actions, 3 running)
2026-10-07T01:25:34.3203436Z [797 / 944] Compiling src/google/protobuf/descriptor.cc [for tool]; 18s processwrapper-sandbox ... (4 actions running)
2026-10-07T01:25:35.3223540Z [798 / 944] Compiling src/google/protobuf/descriptor.cc [for tool]; 19s processwrapper-sandbox ... (4 actions running)
2026-10-07T01:25:36.5752415Z [799 / 944] Compiling src/google/protobuf/descriptor.cc [for tool]; 20s processwrapper-sandbox ... (4 actions, 3 running)
2026-10-07T01:25:38.3242233Z [801 / 944] Compiling src/google/protobuf/descriptor.cc [for tool]; 22s processwrapper-sandbox ... (4 actions running)
2026-10-07T01:25:39.3252367Z [802 / 944] Compiling src/google/protobuf/descriptor.cc [for tool]; 23s processwrapper-sandbox ... (4 actions running)
2026-10-07T01:25:40.8158907Z [803 / 944] Compiling src/google/protobuf/descriptor.cc [for tool]; 24s processwrapper-sandbox ... (4 actions, 3 running)
2026-10-07T01:25:42.3302240Z [805 / 944] Compiling src/google/protobuf/descriptor.cc [for tool]; 26s processwrapper-sandbox ... (4 actions running)
2026-10-07T01:25:44.5322576Z [806 / 944] Compiling src/google/protobuf/descriptor.cc [for tool]; 28s processwrapper-sandbox ... (4 actions, 3 running)
2026-10-07T01:25:45.0922085Z INFO: From Compiling src/google/protobuf/descriptor.cc [for tool]:
2026-10-07T01:25:45.0923917Z external/protobuf+/src/google/protobuf/descriptor.cc: In member function 'void google::protobuf::FieldDescriptor::DebugString(int, std::string*, const google::protobuf::DebugStringOptions&) const':
2026-10-07T01:25:45.0952567Z external/protobuf+/src/google/protobuf/descriptor.cc:3953:65: warning: 'bool google::protobuf::FieldDescriptor::has_optional_keyword() const' is deprecated: Use has_presence() instead. [-Wdeprecated-declarations]
2026-10-07T01:25:45.0976785Z  3953 |       (!is_required() && !is_repeated() && !has_optional_keyword())) {
2026-10-07T01:25:45.0977607Z       |                                             ~~~~~~~~~~~~~~~~~~~~^~
2026-10-07T01:25:45.0978369Z In file included from external/protobuf+/src/google/protobuf/descriptor.cc:12:
2026-10-07T01:25:45.0980352Z bazel-out/k8-opt-exec-ST-d57f47055a04/bin/external/protobuf+/src/google/protobuf/_virtual_includes/protobuf/google/protobuf/descriptor.h:1136:8: note: declared here
2026-10-07T01:25:45.0982116Z  1136 |   bool has_optional_keyword() const;
2026-10-07T01:25:45.0983042Z       |        ^~~~~~~~~~~~~~~~~~~~
2026-10-07T01:25:45.0984797Z external/protobuf+/src/google/protobuf/descriptor.cc: In member function 'void google::protobuf::DescriptorBuilder::CrossLinkField(google::protobuf::FieldDescriptor*, const google::protobuf::FieldDescriptorProto&)':
2026-10-07T01:25:45.0987169Z external/protobuf+/src/google/protobuf/descriptor.cc:7982:65: warning: 'bool google::protobuf::FieldOptions::weak() const' is deprecated [-Wdeprecated-declarations]
2026-10-07T01:25:45.0990111Z  7982 |     bool is_weak = !pool_->enforce_weak_ && proto.options().weak();
2026-10-07T01:25:45.0991230Z       |                                             ~~~~~~~~~~~~~~~~~~~~^~
2026-10-07T01:25:45.0992721Z In file included from bazel-out/k8-opt-exec-ST-d57f47055a04/bin/external/protobuf+/src/google/protobuf/_virtual_includes/protobuf/google/protobuf/cpp_features.pb.h:33,
2026-10-07T01:25:45.0994382Z                  from external/protobuf+/src/google/protobuf/descriptor.cc:72:
2026-10-07T01:25:45.0996078Z bazel-out/k8-opt-exec-ST-d57f47055a04/bin/external/protobuf+/src/google/protobuf/_virtual_includes/protobuf/google/protobuf/descriptor.pb.h:18861:13: note: declared here
2026-10-07T01:25:45.0997696Z 18861 | inline bool FieldOptions::weak() const {
2026-10-07T01:25:45.0998355Z       |             ^~~~~~~~~~~~
2026-10-07T01:25:45.1000342Z external/protobuf+/src/google/protobuf/descriptor.cc: In function 'google::protobuf::internal::cpp::HasbitMode google::protobuf::internal::cpp::GetFieldHasbitModeWithoutProfile(const google::protobuf::FieldDescriptor*)':
2026-10-07T01:25:45.1003363Z external/protobuf+/src/google/protobuf/descriptor.cc:10700:62: warning: 'bool google::protobuf::FieldOptions::weak() const' is deprecated [-Wdeprecated-declarations]
2026-10-07T01:25:45.1004961Z 10700 |   if (field->real_containing_oneof() || field->options().weak() ||
2026-10-07T01:25:45.1005797Z       |                                         ~~~~~~~~~~~~~~~~~~~~~^~
2026-10-07T01:25:45.1007324Z bazel-out/k8-opt-exec-ST-d57f47055a04/bin/external/protobuf+/src/google/protobuf/_virtual_includes/protobuf/google/protobuf/descriptor.pb.h:18861:13: note: declared here
2026-10-07T01:25:45.1008916Z 18861 | inline bool FieldOptions::weak() const {
2026-10-07T01:25:45.1009573Z       |             ^~~~~~~~~~~~
2026-10-07T01:25:45.3632413Z INFO: From Compiling src/google/protobuf/compiler/cpp/helpers.cc [for tool]:
2026-10-07T01:25:45.3643489Z In file included from external/protobuf+/src/google/protobuf/compiler/cpp/helpers.cc:12:
2026-10-07T01:25:45.3646411Z bazel-out/k8-opt-exec-ST-d57f47055a04/bin/external/protobuf+/src/google/protobuf/compiler/cpp/_virtual_includes/names_internal/google/protobuf/compiler/cpp/helpers.h: In function 'bool google::protobuf::compiler::cpp::IsWeak(const google::protobuf::FieldDescriptor*, const Options&)':
2026-10-07T01:25:45.3650331Z bazel-out/k8-opt-exec-ST-d57f47055a04/bin/external/protobuf+/src/google/protobuf/compiler/cpp/_virtual_includes/names_internal/google/protobuf/compiler/cpp/helpers.h:347:28: warning: 'bool google::protobuf::FieldOptions::weak() const' is deprecated [-Wdeprecated-declarations]
2026-10-07T01:25:45.3652927Z   347 |   if (field->options().weak()) {
2026-10-07T01:25:45.3653573Z       |       ~~~~~~~~~~~~~~~~~~~~~^~
2026-10-07T01:25:45.3655258Z In file included from bazel-out/k8-opt-exec-ST-d57f47055a04/bin/external/protobuf+/src/google/protobuf/compiler/_virtual_includes/code_generator_lite/google/protobuf/compiler/code_generator_lite.h:18,
2026-10-07T01:25:45.3657874Z                  from bazel-out/k8-opt-exec-ST-d57f47055a04/bin/external/protobuf+/src/google/protobuf/compiler/_virtual_includes/code_generator/google/protobuf/compiler/code_generator.h:25,
2026-10-07T01:25:45.3660357Z                  from bazel-out/k8-opt-exec-ST-d57f47055a04/bin/external/protobuf+/src/google/protobuf/compiler/cpp/_virtual_includes/names_internal/google/protobuf/compiler/cpp/helpers.h:29:
2026-10-07T01:25:45.3662947Z bazel-out/k8-opt-exec-ST-d57f47055a04/bin/external/protobuf+/src/google/protobuf/_virtual_includes/protobuf/google/protobuf/descriptor.pb.h:18861:13: note: declared here
2026-10-07T01:25:45.3664916Z 18861 | inline bool FieldOptions::weak() const {
2026-10-07T01:25:45.3665599Z       |             ^~~~~~~~~~~~
2026-10-07T01:25:45.3667532Z external/protobuf+/src/google/protobuf/compiler/cpp/helpers.cc: In member function 'google::protobuf::compiler::cpp::MessageAnalysis google::protobuf::compiler::cpp::MessageSCCAnalyzer::GetSCCAnalysis(const google::protobuf::compiler::SCC*)':
2026-10-07T01:25:45.3670385Z external/protobuf+/src/google/protobuf/compiler/cpp/helpers.cc:1802:32: warning: 'bool google::protobuf::FieldOptions::weak() const' is deprecated [-Wdeprecated-declarations]
2026-10-07T01:25:45.3671916Z  1802 |       if (field->options().weak()) {
2026-10-07T01:25:45.3672947Z       |           ~~~~~~~~~~~~~~~~~~~~~^~
2026-10-07T01:25:45.3674546Z bazel-out/k8-opt-exec-ST-d57f47055a04/bin/external/protobuf+/src/google/protobuf/_virtual_includes/protobuf/google/protobuf/descriptor.pb.h:18861:13: note: declared here
2026-10-07T01:25:45.3676115Z 18861 | inline bool FieldOptions::weak() const {
2026-10-07T01:25:45.3676750Z       |             ^~~~~~~~~~~~
2026-10-07T01:25:46.3322215Z [810 / 944] Compiling src/google/protobuf/io/printer.cc; 5s processwrapper-sandbox ... (4 actions running)
2026-10-07T01:25:47.9302907Z [813 / 944] Compiling src/google/protobuf/compiler/code_generator_lite.cc [for tool]; 2s processwrapper-sandbox ... (4 actions, 3 running)
2026-10-07T01:25:49.3392301Z [818 / 944] Compiling src/google/protobuf/compiler/cpp/enum.cc [for tool]; 3s processwrapper-sandbox ... (4 actions running)
2026-10-07T01:25:50.8342510Z [819 / 944] Compiling src/google/protobuf/compiler/cpp/enum.cc [for tool]; 5s processwrapper-sandbox ... (4 actions, 3 running)
2026-10-07T01:25:52.0914201Z [820 / 944] Compiling src/google/protobuf/compiler/cpp/enum.cc [for tool]; 6s processwrapper-sandbox ... (4 actions, 3 running)
2026-10-07T01:25:53.3343514Z [822 / 944] Compiling src/google/protobuf/compiler/cpp/enum.cc [for tool]; 7s processwrapper-sandbox ... (4 actions running)
2026-10-07T01:25:54.0692150Z INFO: From Compiling src/google/protobuf/compiler/cpp/enum.cc [for tool]:
2026-10-07T01:25:54.0721806Z In file included from external/protobuf+/src/google/protobuf/compiler/cpp/enum.cc:29:
2026-10-07T01:25:54.0743172Z bazel-out/k8-opt-exec-ST-d57f47055a04/bin/external/protobuf+/src/google/protobuf/compiler/cpp/_virtual_includes/names_internal/google/protobuf/compiler/cpp/helpers.h: In function 'bool google::protobuf::compiler::cpp::IsWeak(const google::protobuf::FieldDescriptor*, const Options&)':
2026-10-07T01:25:54.0772830Z bazel-out/k8-opt-exec-ST-d57f47055a04/bin/external/protobuf+/src/google/protobuf/compiler/cpp/_virtual_includes/names_internal/google/protobuf/compiler/cpp/helpers.h:347:28: warning: 'bool google::protobuf::FieldOptions::weak() const' is deprecated [-Wdeprecated-declarations]
2026-10-07T01:25:54.0801427Z   347 |   if (field->options().weak()) {
2026-10-07T01:25:54.0861320Z       |       ~~~~~~~~~~~~~~~~~~~~~^~
2026-10-07T01:25:54.0872193Z In file included from bazel-out/k8-opt-exec-ST-d57f47055a04/bin/external/protobuf+/src/google/protobuf/compiler/_virtual_includes/code_generator_lite/google/protobuf/compiler/code_generator_lite.h:18,
2026-10-07T01:25:54.0922257Z                  from bazel-out/k8-opt-exec-ST-d57f47055a04/bin/external/protobuf+/src/google/protobuf/compiler/_virtual_includes/code_generator/google/protobuf/compiler/code_generator.h:25,
2026-10-07T01:25:54.0972281Z                  from bazel-out/k8-opt-exec-ST-d57f47055a04/bin/external/protobuf+/src/google/protobuf/compiler/cpp/_virtual_includes/cpp/google/protobuf/compiler/cpp/generator.h:24,
2026-10-07T01:25:54.1001563Z                  from external/protobuf+/src/google/protobuf/compiler/cpp/enum.cc:28:
2026-10-07T01:25:54.1032143Z bazel-out/k8-opt-exec-ST-d57f47055a04/bin/external/protobuf+/src/google/protobuf/_virtual_includes/protobuf/google/protobuf/descriptor.pb.h:18861:13: note: declared here
2026-10-07T01:25:54.1051502Z 18861 | inline bool FieldOptions::weak() const {
2026-10-07T01:25:54.1081267Z       |             ^~~~~~~~~~~~
2026-10-07T01:25:54.3352164Z [824 / 944] Compiling src/google/protobuf/compiler/cpp/tracker.cc [for tool]; 2s processwrapper-sandbox ... (4 actions running)
2026-10-07T01:25:57.7728300Z INFO: From Compiling src/google/protobuf/compiler/cpp/tracker.cc [for tool]:
2026-10-07T01:25:57.7751799Z In file included from external/protobuf+/src/google/protobuf/compiler/cpp/tracker.cc:20:
2026-10-07T01:25:57.7783091Z bazel-out/k8-opt-exec-ST-d57f47055a04/bin/external/protobuf+/src/google/protobuf/compiler/cpp/_virtual_includes/names_internal/google/protobuf/compiler/cpp/helpers.h: In function 'bool google::protobuf::compiler::cpp::IsWeak(const google::protobuf::FieldDescriptor*, const Options&)':
2026-10-07T01:25:57.7812781Z bazel-out/k8-opt-exec-ST-d57f47055a04/bin/external/protobuf+/src/google/protobuf/compiler/cpp/_virtual_includes/names_internal/google/protobuf/compiler/cpp/helpers.h:347:28: warning: 'bool google::protobuf::FieldOptions::weak() const' is deprecated [-Wdeprecated-declarations]
2026-10-07T01:25:57.7841532Z   347 |   if (field->options().weak()) {
2026-10-07T01:25:57.7851340Z       |       ~~~~~~~~~~~~~~~~~~~~~^~
2026-10-07T01:25:57.7882926Z In file included from bazel-out/k8-opt-exec-ST-d57f47055a04/bin/external/protobuf+/src/google/protobuf/compiler/_virtual_includes/code_generator_lite/google/protobuf/compiler/code_generator_lite.h:18,
2026-10-07T01:25:57.7885639Z                  from bazel-out/k8-opt-exec-ST-d57f47055a04/bin/external/protobuf+/src/google/protobuf/compiler/_virtual_includes/code_generator/google/protobuf/compiler/code_generator.h:25,
2026-10-07T01:25:57.7893413Z                  from bazel-out/k8-opt-exec-ST-d57f47055a04/bin/external/protobuf+/src/google/protobuf/compiler/cpp/_virtual_includes/names_internal/google/protobuf/compiler/cpp/helpers.h:29:
2026-10-07T01:25:57.7896156Z bazel-out/k8-opt-exec-ST-d57f47055a04/bin/external/protobuf+/src/google/protobuf/_virtual_includes/protobuf/google/protobuf/descriptor.pb.h:18861:13: note: declared here
2026-10-07T01:25:57.7897747Z 18861 | inline bool FieldOptions::weak() const {
2026-10-07T01:25:57.7898400Z       |             ^~~~~~~~~~~~
2026-10-07T01:25:57.7899564Z [825 / 944] Compiling src/google/protobuf/compiler/cpp/service.cc [for tool]; 5s processwrapper-sandbox ... (4 actions, 3 running)
2026-10-07T01:25:58.1297236Z INFO: From Compiling src/google/protobuf/compiler/cpp/service.cc [for tool]:
2026-10-07T01:25:58.1334795Z In file included from external/protobuf+/src/google/protobuf/compiler/cpp/service.cc:17:
2026-10-07T01:25:58.1383108Z bazel-out/k8-opt-exec-ST-d57f47055a04/bin/external/protobuf+/src/google/protobuf/compiler/cpp/_virtual_includes/names_internal/google/protobuf/compiler/cpp/helpers.h: In function 'bool google::protobuf::compiler::cpp::IsWeak(const google::protobuf::FieldDescriptor*, const Options&)':
2026-10-07T01:25:58.1412885Z bazel-out/k8-opt-exec-ST-d57f47055a04/bin/external/protobuf+/src/google/protobuf/compiler/cpp/_virtual_includes/names_internal/google/protobuf/compiler/cpp/helpers.h:347:28: warning: 'bool google::protobuf::FieldOptions::weak() const' is deprecated [-Wdeprecated-declarations]
2026-10-07T01:25:58.1431578Z   347 |   if (field->options().weak()) {
2026-10-07T01:25:58.1452588Z       |       ~~~~~~~~~~~~~~~~~~~~~^~
2026-10-07T01:25:58.1459489Z In file included from bazel-out/k8-opt-exec-ST-d57f47055a04/bin/external/protobuf+/src/google/protobuf/compiler/_virtual_includes/code_generator_lite/google/protobuf/compiler/code_generator_lite.h:18,
2026-10-07T01:25:58.1462405Z                  from bazel-out/k8-opt-exec-ST-d57f47055a04/bin/external/protobuf+/src/google/protobuf/compiler/_virtual_includes/code_generator/google/protobuf/compiler/code_generator.h:25,
2026-10-07T01:25:58.1464996Z                  from bazel-out/k8-opt-exec-ST-d57f47055a04/bin/external/protobuf+/src/google/protobuf/compiler/cpp/_virtual_includes/names_internal/google/protobuf/compiler/cpp/helpers.h:29:
2026-10-07T01:25:58.1467854Z bazel-out/k8-opt-exec-ST-d57f47055a04/bin/external/protobuf+/src/google/protobuf/_virtual_includes/protobuf/google/protobuf/descriptor.pb.h:18861:13: note: declared here
2026-10-07T01:25:58.1469470Z 18861 | inline bool FieldOptions::weak() const {
2026-10-07T01:25:58.1470190Z       |             ^~~~~~~~~~~~
2026-10-07T01:25:59.3345691Z [826 / 944] Compiling src/google/protobuf/descriptor.cc; 5s processwrapper-sandbox ... (4 actions running)
2026-10-07T01:26:00.6572653Z [827 / 944] Compiling src/google/protobuf/descriptor.cc; 6s processwrapper-sandbox ... (4 actions, 3 running)
2026-10-07T01:26:01.7800134Z INFO: From Compiling src/google/protobuf/compiler/cpp/extension.cc [for tool]:
2026-10-07T01:26:01.7898062Z In file included from bazel-out/k8-opt-exec-ST-d57f47055a04/bin/external/protobuf+/src/google/protobuf/compiler/cpp/_virtual_includes/cpp/google/protobuf/compiler/cpp/extension.h:19,
2026-10-07T01:26:01.7962043Z                  from external/protobuf+/src/google/protobuf/compiler/cpp/extension.cc:12:
2026-10-07T01:26:01.7972956Z bazel-out/k8-opt-exec-ST-d57f47055a04/bin/external/protobuf+/src/google/protobuf/compiler/cpp/_virtual_includes/names_internal/google/protobuf/compiler/cpp/helpers.h: In function 'bool google::protobuf::compiler::cpp::IsWeak(const google::protobuf::FieldDescriptor*, const Options&)':
2026-10-07T01:26:01.8003277Z bazel-out/k8-opt-exec-ST-d57f47055a04/bin/external/protobuf+/src/google/protobuf/compiler/cpp/_virtual_includes/names_internal/google/protobuf/compiler/cpp/helpers.h:347:28: warning: 'bool google::protobuf::FieldOptions::weak() const' is deprecated [-Wdeprecated-declarations]
2026-10-07T01:26:01.8031399Z   347 |   if (field->options().weak()) {
2026-10-07T01:26:01.8051290Z       |       ~~~~~~~~~~~~~~~~~~~~~^~
2026-10-07T01:26:01.8062513Z In file included from bazel-out/k8-opt-exec-ST-d57f47055a04/bin/external/protobuf+/src/google/protobuf/compiler/_virtual_includes/code_generator_lite/google/protobuf/compiler/code_generator_lite.h:18,
2026-10-07T01:26:01.8092293Z                  from bazel-out/k8-opt-exec-ST-d57f47055a04/bin/external/protobuf+/src/google/protobuf/compiler/_virtual_includes/code_generator/google/protobuf/compiler/code_generator.h:25,
2026-10-07T01:26:01.8122346Z                  from bazel-out/k8-opt-exec-ST-d57f47055a04/bin/external/protobuf+/src/google/protobuf/compiler/cpp/_virtual_includes/names_internal/google/protobuf/compiler/cpp/helpers.h:29:
2026-10-07T01:26:01.8142142Z bazel-out/k8-opt-exec-ST-d57f47055a04/bin/external/protobuf+/src/google/protobuf/_virtual_includes/protobuf/google/protobuf/descriptor.pb.h:18861:13: note: declared here
2026-10-07T01:26:01.8151439Z 18861 | inline bool FieldOptions::weak() const {
2026-10-07T01:26:01.8181384Z       |             ^~~~~~~~~~~~
2026-10-07T01:26:01.8211884Z [828 / 944] Compiling src/google/protobuf/descriptor.cc; 7s processwrapper-sandbox ... (4 actions, 3 running)
2026-10-07T01:26:03.3354611Z [828 / 944] Compiling src/google/protobuf/descriptor.cc; 9s processwrapper-sandbox ... (4 actions running)
2026-10-07T01:26:06.0262236Z INFO: From Compiling src/google/protobuf/compiler/cpp/parse_function_generator.cc [for tool]:
2026-10-07T01:26:06.0328387Z In file included from bazel-out/k8-opt-exec-ST-d57f47055a04/bin/external/protobuf+/src/google/protobuf/compiler/cpp/_virtual_includes/cpp/google/protobuf/compiler/cpp/parse_function_generator.h:18,
2026-10-07T01:26:06.0387528Z                  from external/protobuf+/src/google/protobuf/compiler/cpp/parse_function_generator.cc:8:
2026-10-07T01:26:06.0443001Z bazel-out/k8-opt-exec-ST-d57f47055a04/bin/external/protobuf+/src/google/protobuf/compiler/cpp/_virtual_includes/names_internal/google/protobuf/compiler/cpp/helpers.h: In function 'bool google::protobuf::compiler::cpp::IsWeak(const google::protobuf::FieldDescriptor*, const Options&)':
2026-10-07T01:26:06.0472873Z bazel-out/k8-opt-exec-ST-d57f47055a04/bin/external/protobuf+/src/google/protobuf/compiler/cpp/_virtual_includes/names_internal/google/protobuf/compiler/cpp/helpers.h:347:28: warning: 'bool google::protobuf::FieldOptions::weak() const' is deprecated [-Wdeprecated-declarations]
2026-10-07T01:26:06.0511378Z   347 |   if (field->options().weak()) {
2026-10-07T01:26:06.0559916Z       |       ~~~~~~~~~~~~~~~~~~~~~^~
2026-10-07T01:26:06.0565986Z In file included from bazel-out/k8-opt-exec-ST-d57f47055a04/bin/external/protobuf+/src/google/protobuf/compiler/_virtual_includes/code_generator_lite/google/protobuf/compiler/code_generator_lite.h:18,
2026-10-07T01:26:06.0568504Z                  from bazel-out/k8-opt-exec-ST-d57f47055a04/bin/external/protobuf+/src/google/protobuf/compiler/_virtual_includes/code_generator/google/protobuf/compiler/code_generator.h:25,
2026-10-07T01:26:06.0571223Z                  from bazel-out/k8-opt-exec-ST-d57f47055a04/bin/external/protobuf+/src/google/protobuf/compiler/cpp/_virtual_includes/names_internal/google/protobuf/compiler/cpp/helpers.h:29:
2026-10-07T01:26:06.0573360Z bazel-out/k8-opt-exec-ST-d57f47055a04/bin/external/protobuf+/src/google/protobuf/_virtual_includes/protobuf/google/protobuf/descriptor.pb.h:18861:13: note: declared here
2026-10-07T01:26:06.0575465Z 18861 | inline bool FieldOptions::weak() const {
2026-10-07T01:26:06.0576148Z       |             ^~~~~~~~~~~~
2026-10-07T01:26:06.0577177Z [829 / 944] Compiling src/google/protobuf/descriptor.cc; 11s processwrapper-sandbox ... (4 actions, 3 running)
2026-10-07T01:26:06.9229897Z INFO: From Compiling src/google/protobuf/compiler/cpp/message_layout_helper.cc [for tool]:
2026-10-07T01:26:06.9252557Z In file included from bazel-out/k8-opt-exec-ST-d57f47055a04/bin/external/protobuf+/src/google/protobuf/compiler/cpp/_virtual_includes/cpp/google/protobuf/compiler/cpp/message_layout_helper.h:20,
2026-10-07T01:26:06.9258997Z                  from external/protobuf+/src/google/protobuf/compiler/cpp/message_layout_helper.cc:1:
2026-10-07T01:26:06.9262049Z bazel-out/k8-opt-exec-ST-d57f47055a04/bin/external/protobuf+/src/google/protobuf/compiler/cpp/_virtual_includes/names_internal/google/protobuf/compiler/cpp/helpers.h: In function 'bool google::protobuf::compiler::cpp::IsWeak(const google::protobuf::FieldDescriptor*, const Options&)':
2026-10-07T01:26:06.9266026Z bazel-out/k8-opt-exec-ST-d57f47055a04/bin/external/protobuf+/src/google/protobuf/compiler/cpp/_virtual_includes/names_internal/google/protobuf/compiler/cpp/helpers.h:347:28: warning: 'bool google::protobuf::FieldOptions::weak() const' is deprecated [-Wdeprecated-declarations]
2026-10-07T01:26:06.9268316Z   347 |   if (field->options().weak()) {
2026-10-07T01:26:06.9269001Z       |       ~~~~~~~~~~~~~~~~~~~~~^~
2026-10-07T01:26:06.9270701Z In file included from bazel-out/k8-opt-exec-ST-d57f47055a04/bin/external/protobuf+/src/google/protobuf/compiler/_virtual_includes/code_generator_lite/google/protobuf/compiler/code_generator_lite.h:18,
2026-10-07T01:26:06.9273631Z                  from bazel-out/k8-opt-exec-ST-d57f47055a04/bin/external/protobuf+/src/google/protobuf/compiler/_virtual_includes/code_generator/google/protobuf/compiler/code_generator.h:25,
2026-10-07T01:26:06.9276180Z                  from bazel-out/k8-opt-exec-ST-d57f47055a04/bin/external/protobuf+/src/google/protobuf/compiler/cpp/_virtual_includes/names_internal/google/protobuf/compiler/cpp/helpers.h:29:
2026-10-07T01:26:06.9278647Z bazel-out/k8-opt-exec-ST-d57f47055a04/bin/external/protobuf+/src/google/protobuf/_virtual_includes/protobuf/google/protobuf/descriptor.pb.h:18861:13: note: declared here
2026-10-07T01:26:06.9280261Z 18861 | inline bool FieldOptions::weak() const {
2026-10-07T01:26:06.9281204Z       |             ^~~~~~~~~~~~
2026-10-07T01:26:07.3381830Z [830 / 944] Compiling src/google/protobuf/descriptor.cc; 13s processwrapper-sandbox ... (4 actions running)
2026-10-07T01:26:09.4472111Z INFO: From Compiling src/google/protobuf/compiler/cpp/field.cc [for tool]:
2026-10-07T01:26:09.4502653Z In file included from bazel-out/k8-opt-exec-ST-d57f47055a04/bin/external/protobuf+/src/google/protobuf/compiler/cpp/_virtual_includes/cpp/google/protobuf/compiler/cpp/field.h:26,
2026-10-07T01:26:09.4531780Z                  from external/protobuf+/src/google/protobuf/compiler/cpp/field.cc:12:
2026-10-07T01:26:09.4553383Z bazel-out/k8-opt-exec-ST-d57f47055a04/bin/external/protobuf+/src/google/protobuf/compiler/cpp/_virtual_includes/names_internal/google/protobuf/compiler/cpp/helpers.h: In function 'bool google::protobuf::compiler::cpp::IsWeak(const google::protobuf::FieldDescriptor*, const Options&)':
2026-10-07T01:26:09.4562971Z bazel-out/k8-opt-exec-ST-d57f47055a04/bin/external/protobuf+/src/google/protobuf/compiler/cpp/_virtual_includes/names_internal/google/protobuf/compiler/cpp/helpers.h:347:28: warning: 'bool google::protobuf::FieldOptions::weak() const' is deprecated [-Wdeprecated-declarations]
2026-10-07T01:26:09.4594087Z   347 |   if (field->options().weak()) {
2026-10-07T01:26:09.4621356Z       |       ~~~~~~~~~~~~~~~~~~~~~^~
2026-10-07T01:26:09.4672470Z In file included from bazel-out/k8-opt-exec-ST-d57f47055a04/bin/external/protobuf+/src/google/protobuf/compiler/_virtual_includes/code_generator_lite/google/protobuf/compiler/code_generator_lite.h:18,
2026-10-07T01:26:09.4674834Z                  from bazel-out/k8-opt-exec-ST-d57f47055a04/bin/external/protobuf+/src/google/protobuf/compiler/_virtual_includes/code_generator/google/protobuf/compiler/code_generator.h:25,
2026-10-07T01:26:09.4677168Z                  from bazel-out/k8-opt-exec-ST-d57f47055a04/bin/external/protobuf+/src/google/protobuf/compiler/cpp/_virtual_includes/names_internal/google/protobuf/compiler/cpp/helpers.h:29:
2026-10-07T01:26:09.4679169Z bazel-out/k8-opt-exec-ST-d57f47055a04/bin/external/protobuf+/src/google/protobuf/_virtual_includes/protobuf/google/protobuf/descriptor.pb.h:18861:13: note: declared here
2026-10-07T01:26:09.4680396Z 18861 | inline bool FieldOptions::weak() const {
2026-10-07T01:26:09.4681116Z       |             ^~~~~~~~~~~~
2026-10-07T01:26:09.4681873Z [831 / 944] Compiling src/google/protobuf/descriptor.cc; 15s processwrapper-sandbox ... (4 actions, 3 running)
2026-10-07T01:26:11.3381572Z [832 / 944] Compiling src/google/protobuf/descriptor.cc; 17s processwrapper-sandbox ... (4 actions running)
2026-10-07T01:26:13.5368900Z INFO: From Compiling src/google/protobuf/compiler/cpp/field_chunk.cc [for tool]:
2026-10-07T01:26:13.5420205Z In file included from bazel-out/k8-opt-exec-ST-d57f47055a04/bin/external/protobuf+/src/google/protobuf/compiler/cpp/_virtual_includes/cpp/google/protobuf/compiler/cpp/field_chunk.h:10,
2026-10-07T01:26:13.5451704Z                  from external/protobuf+/src/google/protobuf/compiler/cpp/field_chunk.cc:1:
2026-10-07T01:26:13.5473059Z bazel-out/k8-opt-exec-ST-d57f47055a04/bin/external/protobuf+/src/google/protobuf/compiler/cpp/_virtual_includes/names_internal/google/protobuf/compiler/cpp/helpers.h: In function 'bool google::protobuf::compiler::cpp::IsWeak(const google::protobuf::FieldDescriptor*, const Options&)':
2026-10-07T01:26:13.5482901Z bazel-out/k8-opt-exec-ST-d57f47055a04/bin/external/protobuf+/src/google/protobuf/compiler/cpp/_virtual_includes/names_internal/google/protobuf/compiler/cpp/helpers.h:347:28: warning: 'bool google::protobuf::FieldOptions::weak() const' is deprecated [-Wdeprecated-declarations]
2026-10-07T01:26:13.5511334Z   347 |   if (field->options().weak()) {
2026-10-07T01:26:13.5541244Z       |       ~~~~~~~~~~~~~~~~~~~~~^~
2026-10-07T01:26:13.5556097Z In file included from bazel-out/k8-opt-exec-ST-d57f47055a04/bin/external/protobuf+/src/google/protobuf/compiler/_virtual_includes/code_generator_lite/google/protobuf/compiler/code_generator_lite.h:18,
2026-10-07T01:26:13.5563454Z                  from bazel-out/k8-opt-exec-ST-d57f47055a04/bin/external/protobuf+/src/google/protobuf/compiler/_virtual_includes/code_generator/google/protobuf/compiler/code_generator.h:25,
2026-10-07T01:26:13.5566399Z                  from bazel-out/k8-opt-exec-ST-d57f47055a04/bin/external/protobuf+/src/google/protobuf/compiler/cpp/_virtual_includes/names_internal/google/protobuf/compiler/cpp/helpers.h:29:
2026-10-07T01:26:13.5569002Z bazel-out/k8-opt-exec-ST-d57f47055a04/bin/external/protobuf+/src/google/protobuf/_virtual_includes/protobuf/google/protobuf/descriptor.pb.h:18861:13: note: declared here
2026-10-07T01:26:13.5571594Z 18861 | inline bool FieldOptions::weak() const {
2026-10-07T01:26:13.5572265Z       |             ^~~~~~~~~~~~
2026-10-07T01:26:13.5573387Z [833 / 944] Compiling src/google/protobuf/descriptor.cc; 19s processwrapper-sandbox ... (4 actions, 3 running)
2026-10-07T01:26:15.3422810Z [833 / 944] Compiling src/google/protobuf/descriptor.cc; 21s processwrapper-sandbox ... (4 actions running)
2026-10-07T01:26:16.5483441Z INFO: From Compiling src/google/protobuf/compiler/cpp/generator.cc [for tool]:
2026-10-07T01:26:16.5512488Z In file included from bazel-out/k8-opt-exec-ST-d57f47055a04/bin/external/protobuf+/src/google/protobuf/compiler/cpp/_virtual_includes/cpp/google/protobuf/compiler/cpp/extension.h:19,
2026-10-07T01:26:16.5542241Z                  from bazel-out/k8-opt-exec-ST-d57f47055a04/bin/external/protobuf+/src/google/protobuf/compiler/cpp/_virtual_includes/cpp/google/protobuf/compiler/cpp/file.h:26,
2026-10-07T01:26:16.5560588Z                  from external/protobuf+/src/google/protobuf/compiler/cpp/generator.cc:31:
2026-10-07T01:26:16.5582971Z bazel-out/k8-opt-exec-ST-d57f47055a04/bin/external/protobuf+/src/google/protobuf/compiler/cpp/_virtual_includes/names_internal/google/protobuf/compiler/cpp/helpers.h: In function 'bool google::protobuf::compiler::cpp::IsWeak(const google::protobuf::FieldDescriptor*, const Options&)':
2026-10-07T01:26:16.5602864Z bazel-out/k8-opt-exec-ST-d57f47055a04/bin/external/protobuf+/src/google/protobuf/compiler/cpp/_virtual_includes/names_internal/google/protobuf/compiler/cpp/helpers.h:347:28: warning: 'bool google::protobuf::FieldOptions::weak() const' is deprecated [-Wdeprecated-declarations]
2026-10-07T01:26:16.5631345Z   347 |   if (field->options().weak()) {
2026-10-07T01:26:16.5662644Z       |       ~~~~~~~~~~~~~~~~~~~~~^~
2026-10-07T01:26:16.5692586Z In file included from bazel-out/k8-opt-exec-ST-d57f47055a04/bin/external/protobuf+/src/google/protobuf/compiler/_virtual_includes/code_generator_lite/google/protobuf/compiler/code_generator_lite.h:18,
2026-10-07T01:26:16.5695581Z                  from bazel-out/k8-opt-exec-ST-d57f47055a04/bin/external/protobuf+/src/google/protobuf/compiler/_virtual_includes/code_generator/google/protobuf/compiler/code_generator.h:25,
2026-10-07T01:26:16.5722380Z                  from bazel-out/k8-opt-exec-ST-d57f47055a04/bin/external/protobuf+/src/google/protobuf/compiler/cpp/_virtual_includes/cpp/google/protobuf/compiler/cpp/generator.h:24,
2026-10-07T01:26:16.5751719Z                  from external/protobuf+/src/google/protobuf/compiler/cpp/generator.cc:12:
2026-10-07T01:26:16.5782224Z bazel-out/k8-opt-exec-ST-d57f47055a04/bin/external/protobuf+/src/google/protobuf/_virtual_includes/protobuf/google/protobuf/descriptor.pb.h:18861:13: note: declared here
2026-10-07T01:26:16.5811410Z 18861 | inline bool FieldOptions::weak() const {
2026-10-07T01:26:16.5812203Z       |             ^~~~~~~~~~~~
2026-10-07T01:26:16.5841926Z [834 / 944] Compiling src/google/protobuf/descriptor.cc; 22s processwrapper-sandbox ... (4 actions, 3 running)
2026-10-07T01:26:18.3432054Z [834 / 944] Compiling src/google/protobuf/descriptor.cc; 24s processwrapper-sandbox ... (4 actions running)
2026-10-07T01:26:19.6683108Z INFO: From Compiling src/google/protobuf/compiler/cpp/field_generators/cord_field.cc [for tool]:
2026-10-07T01:26:19.6702568Z In file included from bazel-out/k8-opt-exec-ST-d57f47055a04/bin/external/protobuf+/src/google/protobuf/compiler/cpp/_virtual_includes/cpp/google/protobuf/compiler/cpp/field.h:26,
2026-10-07T01:26:19.6731733Z                  from external/protobuf+/src/google/protobuf/compiler/cpp/field_generators/cord_field.cc:23:
2026-10-07T01:26:19.6762908Z bazel-out/k8-opt-exec-ST-d57f47055a04/bin/external/protobuf+/src/google/protobuf/compiler/cpp/_virtual_includes/names_internal/google/protobuf/compiler/cpp/helpers.h: In function 'bool google::protobuf::compiler::cpp::IsWeak(const google::protobuf::FieldDescriptor*, const Options&)':
2026-10-07T01:26:19.6773081Z bazel-out/k8-opt-exec-ST-d57f47055a04/bin/external/protobuf+/src/google/protobuf/compiler/cpp/_virtual_includes/names_internal/google/protobuf/compiler/cpp/helpers.h:347:28: warning: 'bool google::protobuf::FieldOptions::weak() const' is deprecated [-Wdeprecated-declarations]
2026-10-07T01:26:19.6801514Z   347 |   if (field->options().weak()) {
2026-10-07T01:26:19.6807420Z       |       ~~~~~~~~~~~~~~~~~~~~~^~
2026-10-07T01:26:19.6808910Z In file included from bazel-out/k8-opt-exec-ST-d57f47055a04/bin/external/protobuf+/src/google/protobuf/compiler/_virtual_includes/code_generator_lite/google/protobuf/compiler/code_generator_lite.h:18,
2026-10-07T01:26:19.6812177Z                  from bazel-out/k8-opt-exec-ST-d57f47055a04/bin/external/protobuf+/src/google/protobuf/compiler/_virtual_includes/code_generator/google/protobuf/compiler/code_generator.h:25,
2026-10-07T01:26:19.6814566Z                  from bazel-out/k8-opt-exec-ST-d57f47055a04/bin/external/protobuf+/src/google/protobuf/compiler/cpp/_virtual_includes/names_internal/google/protobuf/compiler/cpp/helpers.h:29:
2026-10-07T01:26:19.6817062Z bazel-out/k8-opt-exec-ST-d57f47055a04/bin/external/protobuf+/src/google/protobuf/_virtual_includes/protobuf/google/protobuf/descriptor.pb.h:18861:13: note: declared here
2026-10-07T01:26:19.6818662Z 18861 | inline bool FieldOptions::weak() const {
2026-10-07T01:26:19.6819693Z       |             ^~~~~~~~~~~~
2026-10-07T01:26:19.6821040Z [835 / 944] Compiling src/google/protobuf/descriptor.cc; 25s processwrapper-sandbox ... (4 actions, 3 running)
2026-10-07T01:26:21.3453802Z [835 / 944] Compiling src/google/protobuf/descriptor.cc; 27s processwrapper-sandbox ... (4 actions running)
2026-10-07T01:26:22.8295954Z INFO: From Compiling src/google/protobuf/descriptor.cc:
2026-10-07T01:26:22.8312384Z external/protobuf+/src/google/protobuf/descriptor.cc: In member function 'void google::protobuf::FieldDescriptor::DebugString(int, std::string*, const google::protobuf::DebugStringOptions&) const':
2026-10-07T01:26:22.8342641Z external/protobuf+/src/google/protobuf/descriptor.cc:3953:65: warning: 'bool google::protobuf::FieldDescriptor::has_optional_keyword() const' is deprecated: Use has_presence() instead. [-Wdeprecated-declarations]
2026-10-07T01:26:22.8371598Z  3953 |       (!is_required() && !is_repeated() && !has_optional_keyword())) {
2026-10-07T01:26:22.8401496Z       |                                             ~~~~~~~~~~~~~~~~~~~~^~
2026-10-07T01:26:22.8402364Z In file included from external/protobuf+/src/google/protobuf/descriptor.cc:12:
2026-10-07T01:26:22.8431993Z bazel-out/k8-opt/bin/external/protobuf+/src/google/protobuf/_virtual_includes/protobuf/google/protobuf/descriptor.h:1136:8: note: declared here
2026-10-07T01:26:22.8441359Z  1136 |   bool has_optional_keyword() const;
2026-10-07T01:26:22.8452812Z       |        ^~~~~~~~~~~~~~~~~~~~
2026-10-07T01:26:22.8454937Z external/protobuf+/src/google/protobuf/descriptor.cc: In member function 'void google::protobuf::DescriptorBuilder::CrossLinkField(google::protobuf::FieldDescriptor*, const google::protobuf::FieldDescriptorProto&)':
2026-10-07T01:26:22.8459079Z external/protobuf+/src/google/protobuf/descriptor.cc:7982:65: warning: 'bool google::protobuf::FieldOptions::weak() const' is deprecated [-Wdeprecated-declarations]
2026-10-07T01:26:22.8461263Z  7982 |     bool is_weak = !pool_->enforce_weak_ && proto.options().weak();
2026-10-07T01:26:22.8462266Z       |                                             ~~~~~~~~~~~~~~~~~~~~^~
2026-10-07T01:26:22.8463667Z In file included from bazel-out/k8-opt/bin/external/protobuf+/src/google/protobuf/_virtual_includes/protobuf/google/protobuf/cpp_features.pb.h:33,
2026-10-07T01:26:22.8465253Z                  from external/protobuf+/src/google/protobuf/descriptor.cc:72:
2026-10-07T01:26:22.8466744Z bazel-out/k8-opt/bin/external/protobuf+/src/google/protobuf/_virtual_includes/protobuf/google/protobuf/descriptor.pb.h:18861:13: note: declared here
2026-10-07T01:26:22.8468215Z 18861 | inline bool FieldOptions::weak() const {
2026-10-07T01:26:22.8469424Z       |             ^~~~~~~~~~~~
2026-10-07T01:26:22.8471470Z external/protobuf+/src/google/protobuf/descriptor.cc: In function 'google::protobuf::internal::cpp::HasbitMode google::protobuf::internal::cpp::GetFieldHasbitModeWithoutProfile(const google::protobuf::FieldDescriptor*)':
2026-10-07T01:26:22.8474091Z external/protobuf+/src/google/protobuf/descriptor.cc:10700:62: warning: 'bool google::protobuf::FieldOptions::weak() const' is deprecated [-Wdeprecated-declarations]
2026-10-07T01:26:22.8475683Z 10700 |   if (field->real_containing_oneof() || field->options().weak() ||
2026-10-07T01:26:22.8476513Z       |                                         ~~~~~~~~~~~~~~~~~~~~~^~
2026-10-07T01:26:22.8477947Z bazel-out/k8-opt/bin/external/protobuf+/src/google/protobuf/_virtual_includes/protobuf/google/protobuf/descriptor.pb.h:18861:13: note: declared here
2026-10-07T01:26:22.8479374Z 18861 | inline bool FieldOptions::weak() const {
2026-10-07T01:26:22.8480117Z       |             ^~~~~~~~~~~~
2026-10-07T01:26:22.8481610Z [836 / 944] Compiling src/google/protobuf/compiler/cpp/message.cc [for tool]; 16s processwrapper-sandbox ... (4 actions, 3 running)
2026-10-07T01:26:24.3459965Z [836 / 944] Compiling src/google/protobuf/compiler/cpp/message.cc [for tool]; 18s processwrapper-sandbox ... (4 actions running)
2026-10-07T01:26:25.8492482Z INFO: From Compiling src/google/protobuf/compiler/cpp/field_generators/enum_field.cc [for tool]:
2026-10-07T01:26:25.8522399Z In file included from bazel-out/k8-opt-exec-ST-d57f47055a04/bin/external/protobuf+/src/google/protobuf/compiler/cpp/_virtual_includes/cpp/google/protobuf/compiler/cpp/field.h:26,
2026-10-07T01:26:25.8542032Z                  from external/protobuf+/src/google/protobuf/compiler/cpp/field_generators/enum_field.cc:20:
2026-10-07T01:26:25.8572781Z bazel-out/k8-opt-exec-ST-d57f47055a04/bin/external/protobuf+/src/google/protobuf/compiler/cpp/_virtual_includes/names_internal/google/protobuf/compiler/cpp/helpers.h: In function 'bool google::protobuf::compiler::cpp::IsWeak(const google::protobuf::FieldDescriptor*, const Options&)':
2026-10-07T01:26:25.8582852Z bazel-out/k8-opt-exec-ST-d57f47055a04/bin/external/protobuf+/src/google/protobuf/compiler/cpp/_virtual_includes/names_internal/google/protobuf/compiler/cpp/helpers.h:347:28: warning: 'bool google::protobuf::FieldOptions::weak() const' is deprecated [-Wdeprecated-declarations]
2026-10-07T01:26:25.8601377Z   347 |   if (field->options().weak()) {
2026-10-07T01:26:25.8623024Z       |       ~~~~~~~~~~~~~~~~~~~~~^~
2026-10-07T01:26:25.8624745Z In file included from bazel-out/k8-opt-exec-ST-d57f47055a04/bin/external/protobuf+/src/google/protobuf/compiler/_virtual_includes/code_generator_lite/google/protobuf/compiler/code_generator_lite.h:18,
2026-10-07T01:26:25.8627530Z                  from bazel-out/k8-opt-exec-ST-d57f47055a04/bin/external/protobuf+/src/google/protobuf/compiler/_virtual_includes/code_generator/google/protobuf/compiler/code_generator.h:25,
2026-10-07T01:26:25.8630096Z                  from bazel-out/k8-opt-exec-ST-d57f47055a04/bin/external/protobuf+/src/google/protobuf/compiler/cpp/_virtual_includes/names_internal/google/protobuf/compiler/cpp/helpers.h:29:
2026-10-07T01:26:25.8632579Z bazel-out/k8-opt-exec-ST-d57f47055a04/bin/external/protobuf+/src/google/protobuf/_virtual_includes/protobuf/google/protobuf/descriptor.pb.h:18861:13: note: declared here
2026-10-07T01:26:25.8634426Z 18861 | inline bool FieldOptions::weak() const {
2026-10-07T01:26:25.8635233Z       |             ^~~~~~~~~~~~
2026-10-07T01:26:25.8636390Z [837 / 944] Compiling src/google/protobuf/compiler/cpp/message.cc [for tool]; 19s processwrapper-sandbox ... (4 actions, 3 running)
2026-10-07T01:26:27.3504642Z [837 / 944] Compiling src/google/protobuf/compiler/cpp/message.cc [for tool]; 21s processwrapper-sandbox ... (4 actions running)
2026-10-07T01:26:27.8137383Z INFO: From Compiling src/google/protobuf/compiler/cpp/message.cc [for tool]:
2026-10-07T01:26:27.8162572Z In file included from bazel-out/k8-opt-exec-ST-d57f47055a04/bin/external/protobuf+/src/google/protobuf/compiler/cpp/_virtual_includes/cpp/google/protobuf/compiler/cpp/extension.h:19,
2026-10-07T01:26:27.8192473Z                  from bazel-out/k8-opt-exec-ST-d57f47055a04/bin/external/protobuf+/src/google/protobuf/compiler/cpp/_virtual_includes/cpp/google/protobuf/compiler/cpp/message.h:25,
2026-10-07T01:26:27.8212070Z                  from external/protobuf+/src/google/protobuf/compiler/cpp/message.cc:12:
2026-10-07T01:26:27.8262960Z bazel-out/k8-opt-exec-ST-d57f47055a04/bin/external/protobuf+/src/google/protobuf/compiler/cpp/_virtual_includes/names_internal/google/protobuf/compiler/cpp/helpers.h: In function 'bool google::protobuf::compiler::cpp::IsWeak(const google::protobuf::FieldDescriptor*, const Options&)':
2026-10-07T01:26:27.8292912Z bazel-out/k8-opt-exec-ST-d57f47055a04/bin/external/protobuf+/src/google/protobuf/compiler/cpp/_virtual_includes/names_internal/google/protobuf/compiler/cpp/helpers.h:347:28: warning: 'bool google::protobuf::FieldOptions::weak() const' is deprecated [-Wdeprecated-declarations]
2026-10-07T01:26:27.8301420Z   347 |   if (field->options().weak()) {
2026-10-07T01:26:27.8302067Z       |       ~~~~~~~~~~~~~~~~~~~~~^~
2026-10-07T01:26:27.8332557Z In file included from bazel-out/k8-opt-exec-ST-d57f47055a04/bin/external/protobuf+/src/google/protobuf/compiler/_virtual_includes/code_generator_lite/google/protobuf/compiler/code_generator_lite.h:18,
2026-10-07T01:26:27.8362224Z                  from bazel-out/k8-opt-exec-ST-d57f47055a04/bin/external/protobuf+/src/google/protobuf/compiler/_virtual_includes/code_generator/google/protobuf/compiler/code_generator.h:25,
2026-10-07T01:26:27.8392326Z                  from bazel-out/k8-opt-exec-ST-d57f47055a04/bin/external/protobuf+/src/google/protobuf/compiler/cpp/_virtual_includes/names_internal/google/protobuf/compiler/cpp/helpers.h:29:
2026-10-07T01:26:27.8412310Z bazel-out/k8-opt-exec-ST-d57f47055a04/bin/external/protobuf+/src/google/protobuf/_virtual_includes/protobuf/google/protobuf/descriptor.pb.h:18861:13: note: declared here
2026-10-07T01:26:27.8421639Z 18861 | inline bool FieldOptions::weak() const {
2026-10-07T01:26:27.8451341Z       |             ^~~~~~~~~~~~
2026-10-07T01:26:27.8473116Z external/protobuf+/src/google/protobuf/compiler/cpp/message.cc: In function 'void google::protobuf::compiler::cpp::{anonymous}::PrintPresenceCheck(const google::protobuf::FieldDescriptor*, const std::vector<int>&, google::protobuf::io::Printer*, int*, const google::protobuf::compiler::cpp::Options&)':
2026-10-07T01:26:27.8482275Z external/protobuf+/src/google/protobuf/compiler/cpp/message.cc:176:29: warning: 'bool google::protobuf::FieldOptions::weak() const' is deprecated [-Wdeprecated-declarations]
2026-10-07T01:26:27.8511374Z   176 |   if (!field->options().weak()) {
2026-10-07T01:26:27.8541435Z       |        ~~~~~~~~~~~~~~~~~~~~~^~
2026-10-07T01:26:27.8572214Z bazel-out/k8-opt-exec-ST-d57f47055a04/bin/external/protobuf+/src/google/protobuf/_virtual_includes/protobuf/google/protobuf/descriptor.pb.h:18861:13: note: declared here
2026-10-07T01:26:27.8573841Z 18861 | inline bool FieldOptions::weak() const {
2026-10-07T01:26:27.8601334Z       |             ^~~~~~~~~~~~
2026-10-07T01:26:27.8632524Z external/protobuf+/src/google/protobuf/compiler/cpp/message.cc: In member function 'void google::protobuf::compiler::cpp::MessageGenerator::GenerateFieldAccessorDeclarations(google::protobuf::io::Printer*)':
2026-10-07T01:26:27.8662229Z external/protobuf+/src/google/protobuf/compiler/cpp/message.cc:775:66: warning: 'bool google::protobuf::FieldOptions::weak() const' is deprecated [-Wdeprecated-declarations]
2026-10-07T01:26:27.8664051Z   775 |     if (!field->real_containing_oneof() && !field->options().weak()) {
2026-10-07T01:26:27.8691414Z       |                                             ~~~~~~~~~~~~~~~~~~~~~^~
2026-10-07T01:26:27.8722212Z bazel-out/k8-opt-exec-ST-d57f47055a04/bin/external/protobuf+/src/google/protobuf/_virtual_includes/protobuf/google/protobuf/descriptor.pb.h:18861:13: note: declared here
2026-10-07T01:26:27.8751420Z 18861 | inline bool FieldOptions::weak() const {
2026-10-07T01:26:27.8761248Z       |             ^~~~~~~~~~~~
2026-10-07T01:26:27.8782774Z external/protobuf+/src/google/protobuf/compiler/cpp/message.cc: In member function 'void google::protobuf::compiler::cpp::MessageGenerator::GenerateSingularFieldHasBits(const google::protobuf::FieldDescriptor*, google::protobuf::io::Printer*)':
2026-10-07T01:26:27.8812059Z external/protobuf+/src/google/protobuf/compiler/cpp/message.cc:1140:28: warning: 'bool google::protobuf::FieldOptions::weak() const' is deprecated [-Wdeprecated-declarations]
2026-10-07T01:26:27.8841301Z  1140 |   if (field->options().weak()) {
2026-10-07T01:26:27.8841809Z       |       ~~~~~~~~~~~~~~~~~~~~~^~
2026-10-07T01:26:27.8843193Z bazel-out/k8-opt-exec-ST-d57f47055a04/bin/external/protobuf+/src/google/protobuf/_virtual_includes/protobuf/google/protobuf/descriptor.pb.h:18861:13: note: declared here
2026-10-07T01:26:27.8844622Z 18861 | inline bool FieldOptions::weak() const {
2026-10-07T01:26:27.8845159Z       |             ^~~~~~~~~~~~
2026-10-07T01:26:27.8846998Z external/protobuf+/src/google/protobuf/compiler/cpp/message.cc: In member function 'void google::protobuf::compiler::cpp::MessageGenerator::MaybeEmitUpdateCachedHasbits(const google::protobuf::FieldDescriptor*, google::protobuf::io::Printer*, int&) const':
2026-10-07T01:26:27.8850036Z external/protobuf+/src/google/protobuf/compiler/cpp/message.cc:1396:59: warning: 'bool google::protobuf::FieldOptions::weak() const' is deprecated [-Wdeprecated-declarations]
2026-10-07T01:26:27.8851983Z  1396 |   if (!HasHasbit(field, options_) || field->options().weak()) return;
2026-10-07T01:26:27.8852718Z       |                                      ~~~~~~~~~~~~~~~~~~~~~^~
2026-10-07T01:26:27.8854114Z bazel-out/k8-opt-exec-ST-d57f47055a04/bin/external/protobuf+/src/google/protobuf/_virtual_includes/protobuf/google/protobuf/descriptor.pb.h:18861:13: note: declared here
2026-10-07T01:26:27.8855500Z 18861 | inline bool FieldOptions::weak() const {
2026-10-07T01:26:27.8856042Z       |             ^~~~~~~~~~~~
2026-10-07T01:26:27.8856741Z external/protobuf+/src/google/protobuf/compiler/cpp/message.cc: In lambda function:
2026-10-07T01:26:27.8858326Z external/protobuf+/src/google/protobuf/compiler/cpp/message.cc:2184:64: warning: 'bool google::protobuf::FieldOptions::weak() const' is deprecated [-Wdeprecated-declarations]
2026-10-07T01:26:27.8859761Z  2184 |             if (!field->is_repeated() && !field->options().weak() &&
2026-10-07T01:26:27.8860388Z       |                                           ~~~~~~~~~~~~~~~~~~~~~^~
2026-10-07T01:26:27.8861949Z bazel-out/k8-opt-exec-ST-d57f47055a04/bin/external/protobuf+/src/google/protobuf/_virtual_includes/protobuf/google/protobuf/descriptor.pb.h:18861:13: note: declared here
2026-10-07T01:26:27.8863264Z 18861 | inline bool FieldOptions::weak() const {
2026-10-07T01:26:27.8863741Z       |             ^~~~~~~~~~~~
2026-10-07T01:26:27.8865076Z external/protobuf+/src/google/protobuf/compiler/cpp/message.cc: In member function 'size_t google::protobuf::compiler::cpp::MessageGenerator::GenerateOffsets(google::protobuf::io::Printer*)':
2026-10-07T01:26:27.8867232Z external/protobuf+/src/google/protobuf/compiler/cpp/message.cc:2717:30: warning: 'bool google::protobuf::FieldOptions::weak() const' is deprecated [-Wdeprecated-declarations]
2026-10-07T01:26:27.8868526Z  2717 |     if (field->options().weak()) {
2026-10-07T01:26:27.8868982Z       |         ~~~~~~~~~~~~~~~~~~~~~^~
2026-10-07T01:26:27.8870219Z bazel-out/k8-opt-exec-ST-d57f47055a04/bin/external/protobuf+/src/google/protobuf/_virtual_includes/protobuf/google/protobuf/descriptor.pb.h:18861:13: note: declared here
2026-10-07T01:26:27.8901869Z 18861 | inline bool FieldOptions::weak() const {
2026-10-07T01:26:27.8902390Z       |             ^~~~~~~~~~~~
2026-10-07T01:26:27.8903068Z external/protobuf+/src/google/protobuf/compiler/cpp/message.cc: In lambda function:
2026-10-07T01:26:27.8904643Z external/protobuf+/src/google/protobuf/compiler/cpp/message.cc:4372:39: warning: 'bool google::protobuf::FieldOptions::weak() const' is deprecated [-Wdeprecated-declarations]
2026-10-07T01:26:27.8906220Z  4372 |       } else if (field->options().weak() ||
2026-10-07T01:26:27.8906732Z       |                  ~~~~~~~~~~~~~~~~~~~~~^~
2026-10-07T01:26:27.8908013Z bazel-out/k8-opt-exec-ST-d57f47055a04/bin/external/protobuf+/src/google/protobuf/_virtual_includes/protobuf/google/protobuf/descriptor.pb.h:18861:13: note: declared here
2026-10-07T01:26:27.8909362Z 18861 | inline bool FieldOptions::weak() const {
2026-10-07T01:26:27.8909848Z       |             ^~~~~~~~~~~~
2026-10-07T01:26:27.8911911Z external/protobuf+/src/google/protobuf/compiler/cpp/message.cc: In member function 'void google::protobuf::compiler::cpp::MessageGenerator::GenerateSerializeOneField(google::protobuf::io::Printer*, const google::protobuf::FieldDescriptor*, int)':
2026-10-07T01:26:27.8914510Z external/protobuf+/src/google/protobuf/compiler/cpp/message.cc:4722:28: warning: 'bool google::protobuf::FieldOptions::weak() const' is deprecated [-Wdeprecated-declarations]
2026-10-07T01:26:27.8915812Z  4722 |   if (field->options().weak()) {
2026-10-07T01:26:27.8916268Z       |       ~~~~~~~~~~~~~~~~~~~~~^~
2026-10-07T01:26:27.8917751Z bazel-out/k8-opt-exec-ST-d57f47055a04/bin/external/protobuf+/src/google/protobuf/_virtual_includes/protobuf/google/protobuf/descriptor.pb.h:18861:13: note: declared here
2026-10-07T01:26:27.8919187Z 18861 | inline bool FieldOptions::weak() const {
2026-10-07T01:26:27.8919665Z       |             ^~~~~~~~~~~~
2026-10-07T01:26:27.8920322Z external/protobuf+/src/google/protobuf/compiler/cpp/message.cc: In lambda function:
2026-10-07T01:26:27.8922133Z external/protobuf+/src/google/protobuf/compiler/cpp/message.cc:5029:43: warning: 'bool google::protobuf::FieldOptions::weak() const' is deprecated [-Wdeprecated-declarations]
2026-10-07T01:26:27.8923506Z  5029 |                  if (field->options().weak()) {
2026-10-07T01:26:27.8924032Z       |                      ~~~~~~~~~~~~~~~~~~~~~^~
2026-10-07T01:26:27.8925360Z bazel-out/k8-opt-exec-ST-d57f47055a04/bin/external/protobuf+/src/google/protobuf/_virtual_includes/protobuf/google/protobuf/descriptor.pb.h:18861:13: note: declared here
2026-10-07T01:26:27.8926731Z 18861 | inline bool FieldOptions::weak() const {
2026-10-07T01:26:27.8927205Z       |             ^~~~~~~~~~~~
2026-10-07T01:26:27.8928968Z external/protobuf+/src/google/protobuf/compiler/cpp/message.cc: In member function 'void google::protobuf::compiler::cpp::MessageGenerator::EmitCheckAndSerializeField(const google::protobuf::FieldDescriptor*, google::protobuf::io::Printer*) const':
2026-10-07T01:26:27.8962075Z external/protobuf+/src/google/protobuf/compiler/cpp/message.cc:5572:28: warning: 'bool google::protobuf::FieldOptions::weak() const' is deprecated [-Wdeprecated-declarations]
2026-10-07T01:26:27.8963464Z  5572 |   if (field->options().weak()) {
2026-10-07T01:26:27.8963951Z       |       ~~~~~~~~~~~~~~~~~~~~~^~
2026-10-07T01:26:27.8965331Z bazel-out/k8-opt-exec-ST-d57f47055a04/bin/external/protobuf+/src/google/protobuf/_virtual_includes/protobuf/google/protobuf/descriptor.pb.h:18861:13: note: declared here
2026-10-07T01:26:27.8966753Z 18861 | inline bool FieldOptions::weak() const {
2026-10-07T01:26:27.8967271Z       |             ^~~~~~~~~~~~
2026-10-07T01:26:27.8969312Z external/protobuf+/src/google/protobuf/compiler/cpp/message.cc: In instantiation of 'void google::protobuf::compiler::cpp::MessageGenerator::EmitCheckAndUpdateByteSizeForField(const google::protobuf::FieldDescriptor*, google::protobuf::io::Printer*) const [with bool kIsV2 = false]':
2026-10-07T01:26:27.8971966Z external/protobuf+/src/google/protobuf/compiler/cpp/message.cc:1418:62:   required from here
2026-10-07T01:26:27.8973690Z external/protobuf+/src/google/protobuf/compiler/cpp/message.cc:1363:28: warning: 'bool google::protobuf::FieldOptions::weak() const' is deprecated [-Wdeprecated-declarations]
2026-10-07T01:26:27.8974984Z  1363 |   if (field->options().weak()) {
2026-10-07T01:26:27.8975695Z       |       ~~~~~~~~~~~~~~~~~~~~~^~
2026-10-07T01:26:27.8976934Z bazel-out/k8-opt-exec-ST-d57f47055a04/bin/external/protobuf+/src/google/protobuf/_virtual_includes/protobuf/google/protobuf/descriptor.pb.h:18861:13: note: declared here
2026-10-07T01:26:27.8978293Z 18861 | inline bool FieldOptions::weak() const {
2026-10-07T01:26:27.8978770Z       |             ^~~~~~~~~~~~
2026-10-07T01:26:27.8979966Z external/protobuf+/src/google/protobuf/compiler/cpp/message.cc:1363:28: warning: 'bool google::protobuf::FieldOptions::weak() const' is deprecated [-Wdeprecated-declarations]
2026-10-07T01:26:27.8981429Z  1363 |   if (field->options().weak()) {
2026-10-07T01:26:27.8981875Z       |       ~~~~~~~~~~~~~~~~~~~~~^~
2026-10-07T01:26:27.8983101Z bazel-out/k8-opt-exec-ST-d57f47055a04/bin/external/protobuf+/src/google/protobuf/_virtual_includes/protobuf/google/protobuf/descriptor.pb.h:18861:13: note: declared here
2026-10-07T01:26:27.8984434Z 18861 | inline bool FieldOptions::weak() const {
2026-10-07T01:26:27.8984931Z       |             ^~~~~~~~~~~~
2026-10-07T01:26:29.3509768Z [838 / 944] Compiling src/google/protobuf/compiler/cpp/file.cc [for tool]; 12s processwrapper-sandbox ... (4 actions running)
2026-10-07T01:26:31.1322520Z [839 / 944] Compiling src/google/protobuf/compiler/cpp/file.cc [for tool]; 14s processwrapper-sandbox ... (4 actions, 3 running)
2026-10-07T01:26:32.1111290Z INFO: From Compiling src/google/protobuf/compiler/cpp/file.cc [for tool]:
2026-10-07T01:26:32.1143148Z In file included from bazel-out/k8-opt-exec-ST-d57f47055a04/bin/external/protobuf+/src/google/protobuf/compiler/cpp/_virtual_includes/cpp/google/protobuf/compiler/cpp/extension.h:19,
2026-10-07T01:26:32.1172381Z                  from bazel-out/k8-opt-exec-ST-d57f47055a04/bin/external/protobuf+/src/google/protobuf/compiler/cpp/_virtual_includes/cpp/google/protobuf/compiler/cpp/file.h:26,
2026-10-07T01:26:32.1174274Z                  from external/protobuf+/src/google/protobuf/compiler/cpp/file.cc:12:
2026-10-07T01:26:32.1203148Z bazel-out/k8-opt-exec-ST-d57f47055a04/bin/external/protobuf+/src/google/protobuf/compiler/cpp/_virtual_includes/names_internal/google/protobuf/compiler/cpp/helpers.h: In function 'bool google::protobuf::compiler::cpp::IsWeak(const google::protobuf::FieldDescriptor*, const Options&)':
2026-10-07T01:26:32.1232821Z bazel-out/k8-opt-exec-ST-d57f47055a04/bin/external/protobuf+/src/google/protobuf/compiler/cpp/_virtual_includes/names_internal/google/protobuf/compiler/cpp/helpers.h:347:28: warning: 'bool google::protobuf::FieldOptions::weak() const' is deprecated [-Wdeprecated-declarations]
2026-10-07T01:26:32.1255389Z   347 |   if (field->options().weak()) {
2026-10-07T01:26:32.1262222Z       |       ~~~~~~~~~~~~~~~~~~~~~^~
2026-10-07T01:26:32.1264031Z In file included from bazel-out/k8-opt-exec-ST-d57f47055a04/bin/external/protobuf+/src/google/protobuf/compiler/_virtual_includes/code_generator_lite/google/protobuf/compiler/code_generator_lite.h:18,
2026-10-07T01:26:32.1266775Z                  from bazel-out/k8-opt-exec-ST-d57f47055a04/bin/external/protobuf+/src/google/protobuf/compiler/_virtual_includes/code_generator/google/protobuf/compiler/code_generator.h:25,
2026-10-07T01:26:32.1269379Z                  from bazel-out/k8-opt-exec-ST-d57f47055a04/bin/external/protobuf+/src/google/protobuf/compiler/cpp/_virtual_includes/names_internal/google/protobuf/compiler/cpp/helpers.h:29:
2026-10-07T01:26:32.1272138Z bazel-out/k8-opt-exec-ST-d57f47055a04/bin/external/protobuf+/src/google/protobuf/_virtual_includes/protobuf/google/protobuf/descriptor.pb.h:18861:13: note: declared here
2026-10-07T01:26:32.1273984Z 18861 | inline bool FieldOptions::weak() const {
2026-10-07T01:26:32.1274744Z       |             ^~~~~~~~~~~~
2026-10-07T01:26:32.1275694Z In file included from external/abseil-cpp+/absl/functional/any_invocable.h:44,
2026-10-07T01:26:32.1276802Z                  from external/abseil-cpp+/absl/functional/internal/function_ref.h:22,
2026-10-07T01:26:32.1277777Z                  from external/abseil-cpp+/absl/functional/function_ref.h:54,
2026-10-07T01:26:32.1279132Z                  from external/abseil-cpp+/absl/hash/hash.h:88,
2026-10-07T01:26:32.1280140Z                  from external/abseil-cpp+/absl/container/internal/hash_function_defaults.h:57,
2026-10-07T01:26:32.1281450Z                  from external/abseil-cpp+/absl/container/hash_container_defaults.h:19,
2026-10-07T01:26:32.1282600Z                  from external/abseil-cpp+/absl/container/flat_hash_map.h:43,
2026-10-07T01:26:32.1284363Z                  from bazel-out/k8-opt-exec-ST-d57f47055a04/bin/external/protobuf+/src/google/protobuf/compiler/cpp/_virtual_includes/cpp/google/protobuf/compiler/cpp/file.h:20:
2026-10-07T01:26:32.1287780Z In function 'void absl::lts_20250814::internal_any_invocable::LocalManagerTrivial(FunctionToCall, TypeErasedState*, TypeErasedState*)',
2026-10-07T01:26:32.1291102Z     inlined from 'absl::lts_20250814::internal_any_invocable::CoreImpl<SigIsNoexcept, ReturnType, P>::CoreImpl(absl::lts_20250814::internal_any_invocable::CoreImpl<SigIsNoexcept, ReturnType, P>&&) [with bool SigIsNoexcept = false; ReturnType = void; P = {google::protobuf::io::Printer*}]' at external/abseil-cpp+/absl/functional/internal/any_invocable.h:461:11,
2026-10-07T01:26:32.1295428Z     inlined from 'absl::lts_20250814::internal_any_invocable::Impl<void(google::protobuf::io::Printer*)>::Impl(absl::lts_20250814::internal_any_invocable::Impl<void(google::protobuf::io::Printer*)>&&)' at external/abseil-cpp+/absl/functional/internal/any_invocable.h:755:1,
2026-10-07T01:26:32.1298520Z     inlined from 'absl::lts_20250814::AnyInvocable<Sig>::AnyInvocable(absl::lts_20250814::AnyInvocable<Sig>&&) [with Sig = void(google::protobuf::io::Printer*)]' at external/abseil-cpp+/absl/functional/any_invocable.h:185:3,
2026-10-07T01:26:32.1302463Z     inlined from 'void std::__new_allocator<_Tp>::construct(_Up*, _Args&& ...) [with _Up = absl::lts_20250814::AnyInvocable<void(google::protobuf::io::Printer*)>; _Args = {absl::lts_20250814::AnyInvocable<void(google::protobuf::io::Printer*)>}; _Tp = absl::lts_20250814::AnyInvocable<void(google::protobuf::io::Printer*)>]' at /usr/include/c++/13/bits/new_allocator.h:191:4,
2026-10-07T01:26:32.1306987Z     inlined from 'static void std::allocator_traits<std::allocator<_Tp1> >::construct(allocator_type&, _Up*, _Args&& ...) [with _Up = absl::lts_20250814::AnyInvocable<void(google::protobuf::io::Printer*)>; _Args = {absl::lts_20250814::AnyInvocable<void(google::protobuf::io::Printer*)>}; _Tp = absl::lts_20250814::AnyInvocable<void(google::protobuf::io::Printer*)>]' at /usr/include/c++/13/bits/alloc_traits.h:538:17,
2026-10-07T01:26:32.1312005Z     inlined from 'std::vector<_Tp, _Alloc>::reference std::vector<_Tp, _Alloc>::emplace_back(_Args&& ...) [with _Args = {absl::lts_20250814::AnyInvocable<void(google::protobuf::io::Printer*)>}; _Tp = absl::lts_20250814::AnyInvocable<void(google::protobuf::io::Printer*)>; _Alloc = std::allocator<absl::lts_20250814::AnyInvocable<void(google::protobuf::io::Printer*)> >]' at /usr/include/c++/13/bits/vector.tcc:117:30,
2026-10-07T01:26:32.1316131Z     inlined from 'void std::vector<_Tp, _Alloc>::push_back(value_type&&) [with _Tp = absl::lts_20250814::AnyInvocable<void(google::protobuf::io::Printer*)>; _Alloc = std::allocator<absl::lts_20250814::AnyInvocable<void(google::protobuf::io::Printer*)> >]' at /usr/include/c++/13/bits/stl_vector.h:1299:21,
2026-10-07T01:26:32.1319113Z     inlined from 'void google::protobuf::compiler::cpp::FileGenerator::GenerateReflectionInitializationCode(google::protobuf::io::Printer*)' at external/protobuf+/src/google/protobuf/compiler/cpp/file.cc:1385:53:
2026-10-07T01:26:32.1323268Z external/abseil-cpp+/absl/functional/internal/any_invocable.h:225:7: warning: '<unnamed>.absl::lts_20250814::AnyInvocable<void(google::protobuf::io::Printer*)>::<unnamed>.absl::lts_20250814::internal_any_invocable::Impl<void(google::protobuf::io::Printer*)>::<unnamed>.absl::lts_20250814::internal_any_invocable::CoreImpl<false, void, google::protobuf::io::Printer*>::state_' may be used uninitialized [-Wmaybe-uninitialized]
2026-10-07T01:26:32.1326429Z   225 |   *to = *from;
2026-10-07T01:26:32.1326963Z       |   ~~~~^~~~~~~
2026-10-07T01:26:32.1328618Z external/protobuf+/src/google/protobuf/compiler/cpp/file.cc: In member function 'void google::protobuf::compiler::cpp::FileGenerator::GenerateReflectionInitializationCode(google::protobuf::io::Printer*)':
2026-10-07T01:26:32.1331016Z external/protobuf+/src/google/protobuf/compiler/cpp/file.cc:1385:53: note: '<anonymous>' declared here
2026-10-07T01:26:32.1332895Z  1385 |     static_initializers_[kInitPriority102].push_back([](auto* p) {
2026-10-07T01:26:32.1334012Z       |     ~~~~~~~~~~~~~~~~~~~~~~~~~~~~~~~~~~~~~~~~~~~~~~~~^~~~~~~~~~~~~~
2026-10-07T01:26:32.1334848Z  1386 |       p->Emit(R"cc(
2026-10-07T01:26:32.1335585Z       |       ~~~~~~~~~~~~~                                  
2026-10-07T01:26:32.1336481Z  1387 |         ::_pbi::AddDescriptors(&$desc_table$),
2026-10-07T01:26:32.1337309Z       |         ~~~~~~~~~~~~~~~~~~~~~~~~~~~~~~~~~~~~~~       
2026-10-07T01:26:32.1338077Z  1388 |       )cc");
2026-10-07T01:26:32.1338734Z       |       ~~~~~~                                         
2026-10-07T01:26:32.1339488Z  1389 |     });
2026-10-07T01:26:32.1340124Z       |     ~~                                               
2026-10-07T01:26:32.3545425Z [840 / 944] Compiling src/google/protobuf/compiler/cpp/field_generators/map_field.cc [for tool]; 6s processwrapper-sandbox ... (4 actions running)
2026-10-07T01:26:33.0420692Z INFO: From Compiling src/google/protobuf/compiler/cpp/field_generators/map_field.cc [for tool]:
2026-10-07T01:26:33.0470714Z In file included from bazel-out/k8-opt-exec-ST-d57f47055a04/bin/external/protobuf+/src/google/protobuf/compiler/cpp/_virtual_includes/cpp/google/protobuf/compiler/cpp/field.h:26,
2026-10-07T01:26:33.0491656Z                  from external/protobuf+/src/google/protobuf/compiler/cpp/field_generators/map_field.cc:19:
2026-10-07T01:26:33.0542813Z bazel-out/k8-opt-exec-ST-d57f47055a04/bin/external/protobuf+/src/google/protobuf/compiler/cpp/_virtual_includes/names_internal/google/protobuf/compiler/cpp/helpers.h: In function 'bool google::protobuf::compiler::cpp::IsWeak(const google::protobuf::FieldDescriptor*, const Options&)':
2026-10-07T01:26:33.0572925Z bazel-out/k8-opt-exec-ST-d57f47055a04/bin/external/protobuf+/src/google/protobuf/compiler/cpp/_virtual_includes/names_internal/google/protobuf/compiler/cpp/helpers.h:347:28: warning: 'bool google::protobuf::FieldOptions::weak() const' is deprecated [-Wdeprecated-declarations]
2026-10-07T01:26:33.0591589Z   347 |   if (field->options().weak()) {
2026-10-07T01:26:33.0592425Z       |       ~~~~~~~~~~~~~~~~~~~~~^~
2026-10-07T01:26:33.0595085Z In file included from bazel-out/k8-opt-exec-ST-d57f47055a04/bin/external/protobuf+/src/google/protobuf/compiler/_virtual_includes/code_generator_lite/google/protobuf/compiler/code_generator_lite.h:18,
2026-10-07T01:26:33.0597802Z                  from bazel-out/k8-opt-exec-ST-d57f47055a04/bin/external/protobuf+/src/google/protobuf/compiler/_virtual_includes/code_generator/google/protobuf/compiler/code_generator.h:25,
2026-10-07T01:26:33.0600344Z                  from bazel-out/k8-opt-exec-ST-d57f47055a04/bin/external/protobuf+/src/google/protobuf/compiler/cpp/_virtual_includes/names_internal/google/protobuf/compiler/cpp/helpers.h:29:
2026-10-07T01:26:33.0602991Z bazel-out/k8-opt-exec-ST-d57f47055a04/bin/external/protobuf+/src/google/protobuf/_virtual_includes/protobuf/google/protobuf/descriptor.pb.h:18861:13: note: declared here
2026-10-07T01:26:33.0604584Z 18861 | inline bool FieldOptions::weak() const {
2026-10-07T01:26:33.0605308Z       |             ^~~~~~~~~~~~
2026-10-07T01:26:33.3573381Z [841 / 944] Compiling src/google/protobuf/compiler/cpp/field_generators/string_view_field.cc [for tool]; 5s processwrapper-sandbox ... (4 actions running)
2026-10-07T01:26:34.8072122Z INFO: From Compiling src/google/protobuf/compiler/cpp/field_generators/string_view_field.cc [for tool]:
2026-10-07T01:26:34.8102289Z In file included from bazel-out/k8-opt-exec-ST-d57f47055a04/bin/external/protobuf+/src/google/protobuf/compiler/cpp/_virtual_includes/cpp/google/protobuf/compiler/cpp/field.h:26,
2026-10-07T01:26:34.8127878Z                  from external/protobuf+/src/google/protobuf/compiler/cpp/field_generators/string_view_field.cc:19:
2026-10-07T01:26:34.8152993Z bazel-out/k8-opt-exec-ST-d57f47055a04/bin/external/protobuf+/src/google/protobuf/compiler/cpp/_virtual_includes/names_internal/google/protobuf/compiler/cpp/helpers.h: In function 'bool google::protobuf::compiler::cpp::IsWeak(const google::protobuf::FieldDescriptor*, const Options&)':
2026-10-07T01:26:34.8192880Z bazel-out/k8-opt-exec-ST-d57f47055a04/bin/external/protobuf+/src/google/protobuf/compiler/cpp/_virtual_includes/names_internal/google/protobuf/compiler/cpp/helpers.h:347:28: warning: 'bool google::protobuf::FieldOptions::weak() const' is deprecated [-Wdeprecated-declarations]
2026-10-07T01:26:34.8218381Z   347 |   if (field->options().weak()) {
2026-10-07T01:26:34.8219189Z       |       ~~~~~~~~~~~~~~~~~~~~~^~
2026-10-07T01:26:34.8221487Z In file included from bazel-out/k8-opt-exec-ST-d57f47055a04/bin/external/protobuf+/src/google/protobuf/compiler/_virtual_includes/code_generator_lite/google/protobuf/compiler/code_generator_lite.h:18,
2026-10-07T01:26:34.8224470Z                  from bazel-out/k8-opt-exec-ST-d57f47055a04/bin/external/protobuf+/src/google/protobuf/compiler/_virtual_includes/code_generator/google/protobuf/compiler/code_generator.h:25,
2026-10-07T01:26:34.8227062Z                  from bazel-out/k8-opt-exec-ST-d57f47055a04/bin/external/protobuf+/src/google/protobuf/compiler/cpp/_virtual_includes/names_internal/google/protobuf/compiler/cpp/helpers.h:29:
2026-10-07T01:26:34.8229616Z bazel-out/k8-opt-exec-ST-d57f47055a04/bin/external/protobuf+/src/google/protobuf/_virtual_includes/protobuf/google/protobuf/descriptor.pb.h:18861:13: note: declared here
2026-10-07T01:26:34.8231601Z 18861 | inline bool FieldOptions::weak() const {
2026-10-07T01:26:34.8232373Z       |             ^~~~~~~~~~~~
2026-10-07T01:26:34.8233562Z [842 / 944] Compiling src/google/protobuf/descriptor_database.cc; 3s processwrapper-sandbox ... (4 actions, 3 running)
2026-10-07T01:26:36.3587714Z [842 / 944] Compiling src/google/protobuf/descriptor_database.cc; 5s processwrapper-sandbox ... (4 actions running)
2026-10-07T01:26:39.3272466Z INFO: From Compiling src/google/protobuf/compiler/cpp/field_generators/string_field.cc [for tool]:
2026-10-07T01:26:39.3302790Z In file included from bazel-out/k8-opt-exec-ST-d57f47055a04/bin/external/protobuf+/src/google/protobuf/compiler/cpp/_virtual_includes/cpp/google/protobuf/compiler/cpp/field.h:26,
2026-10-07T01:26:39.3304738Z                  from external/protobuf+/src/google/protobuf/compiler/cpp/field_generators/string_field.cc:20:
2026-10-07T01:26:39.3307281Z bazel-out/k8-opt-exec-ST-d57f47055a04/bin/external/protobuf+/src/google/protobuf/compiler/cpp/_virtual_includes/names_internal/google/protobuf/compiler/cpp/helpers.h: In function 'bool google::protobuf::compiler::cpp::IsWeak(const google::protobuf::FieldDescriptor*, const Options&)':
2026-10-07T01:26:39.3311402Z bazel-out/k8-opt-exec-ST-d57f47055a04/bin/external/protobuf+/src/google/protobuf/compiler/cpp/_virtual_includes/names_internal/google/protobuf/compiler/cpp/helpers.h:347:28: warning: 'bool google::protobuf::FieldOptions::weak() const' is deprecated [-Wdeprecated-declarations]
2026-10-07T01:26:39.3313722Z   347 |   if (field->options().weak()) {
2026-10-07T01:26:39.3314390Z       |       ~~~~~~~~~~~~~~~~~~~~~^~
2026-10-07T01:26:39.3315968Z In file included from bazel-out/k8-opt-exec-ST-d57f47055a04/bin/external/protobuf+/src/google/protobuf/compiler/_virtual_includes/code_generator_lite/google/protobuf/compiler/code_generator_lite.h:18,
2026-10-07T01:26:39.3318452Z                  from bazel-out/k8-opt-exec-ST-d57f47055a04/bin/external/protobuf+/src/google/protobuf/compiler/_virtual_includes/code_generator/google/protobuf/compiler/code_generator.h:25,
2026-10-07T01:26:39.3321175Z                  from bazel-out/k8-opt-exec-ST-d57f47055a04/bin/external/protobuf+/src/google/protobuf/compiler/cpp/_virtual_includes/names_internal/google/protobuf/compiler/cpp/helpers.h:29:
2026-10-07T01:26:39.3324005Z bazel-out/k8-opt-exec-ST-d57f47055a04/bin/external/protobuf+/src/google/protobuf/_virtual_includes/protobuf/google/protobuf/descriptor.pb.h:18861:13: note: declared here
2026-10-07T01:26:39.3325661Z 18861 | inline bool FieldOptions::weak() const {
2026-10-07T01:26:39.3326389Z       |             ^~~~~~~~~~~~
2026-10-07T01:26:39.3327558Z [843 / 944] Compiling src/google/protobuf/descriptor_database.cc; 8s processwrapper-sandbox ... (4 actions, 3 running)
2026-10-07T01:26:40.3602384Z [843 / 944] Compiling src/google/protobuf/descriptor_database.cc; 9s processwrapper-sandbox ... (4 actions running)
2026-10-07T01:26:40.7592474Z INFO: From Compiling src/google/protobuf/compiler/cpp/field_generators/message_field.cc [for tool]:
2026-10-07T01:26:40.7622281Z In file included from bazel-out/k8-opt-exec-ST-d57f47055a04/bin/external/protobuf+/src/google/protobuf/compiler/cpp/_virtual_includes/cpp/google/protobuf/compiler/cpp/field.h:26,
2026-10-07T01:26:40.7651784Z                  from external/protobuf+/src/google/protobuf/compiler/cpp/field_generators/message_field.cc:21:
2026-10-07T01:26:40.7687116Z bazel-out/k8-opt-exec-ST-d57f47055a04/bin/external/protobuf+/src/google/protobuf/compiler/cpp/_virtual_includes/names_internal/google/protobuf/compiler/cpp/helpers.h: In function 'bool google::protobuf::compiler::cpp::IsWeak(const google::protobuf::FieldDescriptor*, const Options&)':
2026-10-07T01:26:40.7713006Z bazel-out/k8-opt-exec-ST-d57f47055a04/bin/external/protobuf+/src/google/protobuf/compiler/cpp/_virtual_includes/names_internal/google/protobuf/compiler/cpp/helpers.h:347:28: warning: 'bool google::protobuf::FieldOptions::weak() const' is deprecated [-Wdeprecated-declarations]
2026-10-07T01:26:40.7760285Z   347 |   if (field->options().weak()) {
2026-10-07T01:26:40.7771313Z       |       ~~~~~~~~~~~~~~~~~~~~~^~
2026-10-07T01:26:40.7772836Z In file included from bazel-out/k8-opt-exec-ST-d57f47055a04/bin/external/protobuf+/src/google/protobuf/compiler/_virtual_includes/code_generator_lite/google/protobuf/compiler/code_generator_lite.h:18,
2026-10-07T01:26:40.7775287Z                  from bazel-out/k8-opt-exec-ST-d57f47055a04/bin/external/protobuf+/src/google/protobuf/compiler/_virtual_includes/code_generator/google/protobuf/compiler/code_generator.h:25,
2026-10-07T01:26:40.7777697Z                  from bazel-out/k8-opt-exec-ST-d57f47055a04/bin/external/protobuf+/src/google/protobuf/compiler/cpp/_virtual_includes/names_internal/google/protobuf/compiler/cpp/helpers.h:29:
2026-10-07T01:26:40.7780211Z bazel-out/k8-opt-exec-ST-d57f47055a04/bin/external/protobuf+/src/google/protobuf/_virtual_includes/protobuf/google/protobuf/descriptor.pb.h:18861:13: note: declared here
2026-10-07T01:26:40.7781881Z 18861 | inline bool FieldOptions::weak() const {
2026-10-07T01:26:40.7782374Z       |             ^~~~~~~~~~~~
2026-10-07T01:26:41.0485485Z INFO: From Compiling src/google/protobuf/compiler/cpp/field_generators/primitive_field.cc [for tool]:
2026-10-07T01:26:41.0502534Z In file included from bazel-out/k8-opt-exec-ST-d57f47055a04/bin/external/protobuf+/src/google/protobuf/compiler/cpp/_virtual_includes/cpp/google/protobuf/compiler/cpp/field.h:26,
2026-10-07T01:26:41.0508758Z                  from external/protobuf+/src/google/protobuf/compiler/cpp/field_generators/primitive_field.cc:21:
2026-10-07T01:26:41.0533099Z bazel-out/k8-opt-exec-ST-d57f47055a04/bin/external/protobuf+/src/google/protobuf/compiler/cpp/_virtual_includes/names_internal/google/protobuf/compiler/cpp/helpers.h: In function 'bool google::protobuf::compiler::cpp::IsWeak(const google::protobuf::FieldDescriptor*, const Options&)':
2026-10-07T01:26:41.0546867Z bazel-out/k8-opt-exec-ST-d57f47055a04/bin/external/protobuf+/src/google/protobuf/compiler/cpp/_virtual_includes/names_internal/google/protobuf/compiler/cpp/helpers.h:347:28: warning: 'bool google::protobuf::FieldOptions::weak() const' is deprecated [-Wdeprecated-declarations]
2026-10-07T01:26:41.0560391Z   347 |   if (field->options().weak()) {
2026-10-07T01:26:41.0561534Z       |       ~~~~~~~~~~~~~~~~~~~~~^~
2026-10-07T01:26:41.0563420Z In file included from bazel-out/k8-opt-exec-ST-d57f47055a04/bin/external/protobuf+/src/google/protobuf/compiler/_virtual_includes/code_generator_lite/google/protobuf/compiler/code_generator_lite.h:18,
2026-10-07T01:26:41.0565574Z                  from bazel-out/k8-opt-exec-ST-d57f47055a04/bin/external/protobuf+/src/google/protobuf/compiler/_virtual_includes/code_generator/google/protobuf/compiler/code_generator.h:25,
2026-10-07T01:26:41.0567932Z                  from bazel-out/k8-opt-exec-ST-d57f47055a04/bin/external/protobuf+/src/google/protobuf/compiler/cpp/_virtual_includes/names_internal/google/protobuf/compiler/cpp/helpers.h:29:
2026-10-07T01:26:41.0570559Z bazel-out/k8-opt-exec-ST-d57f47055a04/bin/external/protobuf+/src/google/protobuf/_virtual_includes/protobuf/google/protobuf/descriptor.pb.h:18861:13: note: declared here
2026-10-07T01:26:41.0572177Z 18861 | inline bool FieldOptions::weak() const {
2026-10-07T01:26:41.0572673Z       |             ^~~~~~~~~~~~
2026-10-07T01:26:41.3622454Z [849 / 944] Compiling src/google/protobuf/dynamic_message.cc; 0s processwrapper-sandbox ... (4 actions running)
2026-10-07T01:26:42.3652970Z [852 / 944] Compiling src/google/protobuf/dynamic_message.cc; 1s processwrapper-sandbox ... (4 actions running)
2026-10-07T01:26:44.3243853Z INFO: From Compiling src/google/protobuf/dynamic_message.cc:
2026-10-07T01:26:44.3291732Z In file included from external/protobuf+/src/google/protobuf/dynamic_message.cc:66:
2026-10-07T01:26:44.3322832Z bazel-out/k8-opt/bin/external/protobuf+/src/google/protobuf/_virtual_includes/protobuf/google/protobuf/map_field.h: In constructor 'google::protobuf::internal::MapFieldBase::ReflectionPayload::ReflectionPayload(google::protobuf::Arena*, const google::protobuf::Message*)':
2026-10-07T01:26:44.3353037Z bazel-out/k8-opt/bin/external/protobuf+/src/google/protobuf/_virtual_includes/protobuf/google/protobuf/map_field.h:416:11: warning: 'google::protobuf::RepeatedPtrField<T>::RepeatedPtrField(google::protobuf::Arena*) [with Element = google::protobuf::Message]' is deprecated: Use Arena::Create<RepeatedPtrField<...>>(Arena*) instead [-Wdeprecated-declarations]
2026-10-07T01:26:44.3381455Z   416 |         : repeated_field_(arena), prototype_(prototype) {}
2026-10-07T01:26:44.3382282Z       |           ^~~~~~~~~~~~~~~~~~~~~~
2026-10-07T01:26:44.3412179Z In file included from bazel-out/k8-opt/bin/external/protobuf+/src/google/protobuf/_virtual_includes/protobuf_lite/google/protobuf/repeated_field.h:46,
2026-10-07T01:26:44.3422072Z                  from bazel-out/k8-opt/bin/external/protobuf+/src/google/protobuf/_virtual_includes/protobuf_lite/google/protobuf/parse_context.h:39,
2026-10-07T01:26:44.3444155Z                  from bazel-out/k8-opt/bin/external/protobuf+/src/google/protobuf/_virtual_includes/protobuf_lite/google/protobuf/generated_message_tctable_decl.h:25,
2026-10-07T01:26:44.3517785Z                  from bazel-out/k8-opt/bin/external/protobuf+/src/google/protobuf/_virtual_includes/protobuf_lite/google/protobuf/extension_set.h:40,
2026-10-07T01:26:44.3519822Z                  from bazel-out/k8-opt/bin/external/protobuf+/src/google/protobuf/_virtual_includes/protobuf/google/protobuf/descriptor.h:56,
2026-10-07T01:26:44.3522035Z                  from bazel-out/k8-opt/bin/external/protobuf+/src/google/protobuf/_virtual_includes/protobuf/google/protobuf/dynamic_message.h:27,
2026-10-07T01:26:44.3523492Z                  from external/protobuf+/src/google/protobuf/dynamic_message.cc:42:
2026-10-07T01:26:44.3525017Z bazel-out/k8-opt/bin/external/protobuf+/src/google/protobuf/_virtual_includes/protobuf_lite/google/protobuf/repeated_ptr_field.h:1380:8: note: declared here
2026-10-07T01:26:44.3526571Z  1380 | inline RepeatedPtrField<Element>::RepeatedPtrField(Arena* arena)
2026-10-07T01:26:44.3527417Z       |        ^~~~~~~~~~~~~~~~~~~~~~~~~
2026-10-07T01:26:44.3528558Z external/protobuf+/src/google/protobuf/dynamic_message.cc: In member function 'void google::protobuf::DynamicMessage::SharedCtor(bool)':
2026-10-07T01:26:44.3531950Z external/protobuf+/src/google/protobuf/dynamic_message.cc:574:66: warning: 'google::protobuf::RepeatedPtrField<T>::RepeatedPtrField(google::protobuf::Arena*) [with Element = std::__cxx11::basic_string<char>]' is deprecated: Use Arena::Create<RepeatedPtrField<...>>(Arena*) instead [-Wdeprecated-declarations]
2026-10-07T01:26:44.3534365Z   574 |               new (field_ptr) RepeatedPtrField<std::string>(arena);
2026-10-07T01:26:44.3535097Z       |                                                                  ^
2026-10-07T01:26:44.3536519Z bazel-out/k8-opt/bin/external/protobuf+/src/google/protobuf/_virtual_includes/protobuf_lite/google/protobuf/repeated_ptr_field.h:1380:8: note: declared here
2026-10-07T01:26:44.3538170Z  1380 | inline RepeatedPtrField<Element>::RepeatedPtrField(Arena* arena)
2026-10-07T01:26:44.3538996Z       |        ^~~~~~~~~~~~~~~~~~~~~~~~~
2026-10-07T01:26:44.3541360Z external/protobuf+/src/google/protobuf/dynamic_message.cc:602:60: warning: 'google::protobuf::RepeatedPtrField<T>::RepeatedPtrField(google::protobuf::Arena*) [with Element = google::protobuf::Message]' is deprecated: Use Arena::Create<RepeatedPtrField<...>>(Arena*) instead [-Wdeprecated-declarations]
2026-10-07T01:26:44.3543991Z   602 |             new (field_ptr) RepeatedPtrField<Message>(arena);
2026-10-07T01:26:44.3544840Z       |                                                            ^
2026-10-07T01:26:44.3546154Z bazel-out/k8-opt/bin/external/protobuf+/src/google/protobuf/_virtual_includes/protobuf_lite/google/protobuf/repeated_ptr_field.h:1380:8: note: declared here
2026-10-07T01:26:44.3547612Z  1380 | inline RepeatedPtrField<Element>::RepeatedPtrField(Arena* arena)
2026-10-07T01:26:44.3548388Z       |        ^~~~~~~~~~~~~~~~~~~~~~~~~
2026-10-07T01:26:44.3549634Z external/protobuf+/src/google/protobuf/dynamic_message.cc: In member function 'void google::protobuf::DynamicMessage::CrossLinkPrototypes()':
2026-10-07T01:26:44.3551955Z external/protobuf+/src/google/protobuf/dynamic_message.cc:774:31: warning: 'bool google::protobuf::FieldOptions::weak() const' is deprecated [-Wdeprecated-declarations]
2026-10-07T01:26:44.3553459Z   774 |         !field->options().weak() && !InRealOneof(field) &&
2026-10-07T01:26:44.3554153Z       |          ~~~~~~~~~~~~~~~~~~~~~^~
2026-10-07T01:26:44.3555075Z In file included from external/protobuf+/src/google/protobuf/dynamic_message.cc:60:
2026-10-07T01:26:44.3556645Z bazel-out/k8-opt/bin/external/protobuf+/src/google/protobuf/_virtual_includes/protobuf/google/protobuf/descriptor.pb.h:18861:13: note: declared here
2026-10-07T01:26:44.3558041Z 18861 | inline bool FieldOptions::weak() const {
2026-10-07T01:26:44.3558681Z       |             ^~~~~~~~~~~~
2026-10-07T01:26:44.3559701Z [855 / 944] Compiling pkg/sentry/seccheck/points/common.pb.cc; 2s processwrapper-sandbox ... (4 actions, 3 running)
2026-10-07T01:26:45.3636969Z [857 / 944] Compiling pkg/sentry/seccheck/points/common.pb.cc; 3s processwrapper-sandbox ... (4 actions running)
2026-10-07T01:26:46.3693532Z [858 / 944] Compiling src/google/protobuf/util/field_comparator.cc; 3s processwrapper-sandbox ... (4 actions running)
2026-10-07T01:26:47.3650320Z [859 / 944] Compiling src/google/protobuf/extension_set_heavy.cc; 3s processwrapper-sandbox ... (4 actions running)
2026-10-07T01:26:48.3663813Z [860 / 944] Compiling src/google/protobuf/extension_set_heavy.cc; 4s processwrapper-sandbox ... (4 actions running)
2026-10-07T01:26:49.3678036Z [863 / 944] Compiling src/google/protobuf/util/message_differencer.cc; 2s processwrapper-sandbox ... (4 actions running)
2026-10-07T01:26:52.4631768Z [864 / 944] Compiling src/google/protobuf/util/message_differencer.cc; 6s processwrapper-sandbox ... (4 actions, 3 running)
2026-10-07T01:26:53.8112674Z [866 / 944] Compiling src/google/protobuf/util/message_differencer.cc; 7s processwrapper-sandbox ... (4 actions, 3 running)
2026-10-07T01:26:55.3692032Z [866 / 944] Compiling src/google/protobuf/util/message_differencer.cc; 8s processwrapper-sandbox ... (4 actions running)
2026-10-07T01:26:56.4782837Z INFO: From Compiling src/google/protobuf/util/message_differencer.cc:
2026-10-07T01:26:56.4844206Z In file included from external/protobuf+/src/google/protobuf/util/message_differencer.cc:36:
2026-10-07T01:26:56.4858439Z bazel-out/k8-opt/bin/external/protobuf+/src/google/protobuf/_virtual_includes/protobuf/google/protobuf/map_field.h: In constructor 'google::protobuf::internal::MapFieldBase::ReflectionPayload::ReflectionPayload(google::protobuf::Arena*, const google::protobuf::Message*)':
2026-10-07T01:26:56.4862940Z bazel-out/k8-opt/bin/external/protobuf+/src/google/protobuf/_virtual_includes/protobuf/google/protobuf/map_field.h:416:11: warning: 'google::protobuf::RepeatedPtrField<T>::RepeatedPtrField(google::protobuf::Arena*) [with Element = google::protobuf::Message]' is deprecated: Use Arena::Create<RepeatedPtrField<...>>(Arena*) instead [-Wdeprecated-declarations]
2026-10-07T01:26:56.4865801Z   416 |         : repeated_field_(arena), prototype_(prototype) {}
2026-10-07T01:26:56.4866589Z       |           ^~~~~~~~~~~~~~~~~~~~~~
2026-10-07T01:26:56.4867924Z In file included from bazel-out/k8-opt/bin/external/protobuf+/src/google/protobuf/_virtual_includes/protobuf_lite/google/protobuf/repeated_field.h:46,
2026-10-07T01:26:56.4870279Z                  from bazel-out/k8-opt/bin/external/protobuf+/src/google/protobuf/_virtual_includes/protobuf_lite/google/protobuf/parse_context.h:39,
2026-10-07T01:26:56.4872650Z                  from bazel-out/k8-opt/bin/external/protobuf+/src/google/protobuf/_virtual_includes/protobuf_lite/google/protobuf/generated_message_tctable_decl.h:25,
2026-10-07T01:26:56.4874653Z                  from bazel-out/k8-opt/bin/external/protobuf+/src/google/protobuf/_virtual_includes/protobuf_lite/google/protobuf/extension_set.h:40,
2026-10-07T01:26:56.4876491Z                  from bazel-out/k8-opt/bin/external/protobuf+/src/google/protobuf/_virtual_includes/protobuf/google/protobuf/descriptor.h:56,
2026-10-07T01:26:56.4878444Z                  from bazel-out/k8-opt/bin/external/protobuf+/src/google/protobuf/util/_virtual_includes/differencer/google/protobuf/util/message_differencer.h:33,
2026-10-07T01:26:56.4880090Z                  from external/protobuf+/src/google/protobuf/util/message_differencer.cc:12:
2026-10-07T01:26:56.4882702Z bazel-out/k8-opt/bin/external/protobuf+/src/google/protobuf/_virtual_includes/protobuf_lite/google/protobuf/repeated_ptr_field.h:1380:8: note: declared here
2026-10-07T01:26:56.4884295Z  1380 | inline RepeatedPtrField<Element>::RepeatedPtrField(Arena* arena)
2026-10-07T01:26:56.4885121Z       |        ^~~~~~~~~~~~~~~~~~~~~~~~~
2026-10-07T01:26:56.4886187Z [868 / 944] Compiling pkg/sentry/seccheck/points/syscall.pb.cc; 4s processwrapper-sandbox ... (4 actions, 3 running)
2026-10-07T01:26:58.3726702Z [869 / 944] Compiling pkg/sentry/seccheck/points/syscall.pb.cc; 5s processwrapper-sandbox ... (4 actions running)
2026-10-07T01:27:00.5382457Z [870 / 944] Compiling src/google/protobuf/compiler/parser.cc; 7s processwrapper-sandbox ... (4 actions, 3 running)
2026-10-07T01:27:02.3715562Z [877 / 944] Compiling src/google/protobuf/generated_message_reflection.cc; 6s processwrapper-sandbox ... (4 actions running)
2026-10-07T01:27:03.0993266Z INFO: From Compiling src/google/protobuf/wire_format.cc:
2026-10-07T01:27:03.1042802Z In file included from external/protobuf+/src/google/protobuf/wire_format.cc:31:
2026-10-07T01:27:03.1103135Z bazel-out/k8-opt/bin/external/protobuf+/src/google/protobuf/_virtual_includes/protobuf/google/protobuf/map_field.h: In constructor 'google::protobuf::internal::MapFieldBase::ReflectionPayload::ReflectionPayload(google::protobuf::Arena*, const google::protobuf::Message*)':
2026-10-07T01:27:03.1163504Z bazel-out/k8-opt/bin/external/protobuf+/src/google/protobuf/_virtual_includes/protobuf/google/protobuf/map_field.h:416:11: warning: 'google::protobuf::RepeatedPtrField<T>::RepeatedPtrField(google::protobuf::Arena*) [with Element = google::protobuf::Message]' is deprecated: Use Arena::Create<RepeatedPtrField<...>>(Arena*) instead [-Wdeprecated-declarations]
2026-10-07T01:27:03.1191547Z   416 |         : repeated_field_(arena), prototype_(prototype) {}
2026-10-07T01:27:03.1241540Z       |           ^~~~~~~~~~~~~~~~~~~~~~
2026-10-07T01:27:03.1275766Z In file included from bazel-out/k8-opt/bin/external/protobuf+/src/google/protobuf/_virtual_includes/protobuf_lite/google/protobuf/repeated_field.h:46,
2026-10-07T01:27:03.1281913Z                  from bazel-out/k8-opt/bin/external/protobuf+/src/google/protobuf/_virtual_includes/protobuf_lite/google/protobuf/parse_context.h:39,
2026-10-07T01:27:03.1302833Z                  from bazel-out/k8-opt/bin/external/protobuf+/src/google/protobuf/_virtual_includes/protobuf_lite/google/protobuf/generated_message_tctable_decl.h:25,
2026-10-07T01:27:03.1333337Z                  from bazel-out/k8-opt/bin/external/protobuf+/src/google/protobuf/_virtual_includes/protobuf_lite/google/protobuf/extension_set.h:40,
2026-10-07T01:27:03.1361960Z                  from bazel-out/k8-opt/bin/external/protobuf+/src/google/protobuf/_virtual_includes/protobuf/google/protobuf/descriptor.h:56,
2026-10-07T01:27:03.1381873Z                  from bazel-out/k8-opt/bin/external/protobuf+/src/google/protobuf/_virtual_includes/protobuf/google/protobuf/wire_format.h:26,
2026-10-07T01:27:03.1391989Z                  from external/protobuf+/src/google/protobuf/wire_format.cc:12:
2026-10-07T01:27:03.1422047Z bazel-out/k8-opt/bin/external/protobuf+/src/google/protobuf/_virtual_includes/protobuf_lite/google/protobuf/repeated_ptr_field.h:1380:8: note: declared here
2026-10-07T01:27:03.1451530Z  1380 | inline RepeatedPtrField<Element>::RepeatedPtrField(Arena* arena)
2026-10-07T01:27:03.1474712Z       |        ^~~~~~~~~~~~~~~~~~~~~~~~~
2026-10-07T01:27:03.3750072Z [882 / 944] Compiling src/google/protobuf/generated_message_reflection.cc; 7s processwrapper-sandbox ... (4 actions running)
2026-10-07T01:27:04.7372409Z [884 / 944] Compiling src/google/protobuf/generated_message_reflection.cc; 8s processwrapper-sandbox ... (4 actions, 3 running)
2026-10-07T01:27:06.3756937Z [884 / 944] Compiling src/google/protobuf/generated_message_reflection.cc; 10s processwrapper-sandbox ... (4 actions running)
2026-10-07T01:27:06.8188650Z INFO: From Compiling external/protobuf+/src/google/protobuf/_virtual_imports/struct_proto/google/protobuf/struct.pb.cc:
2026-10-07T01:27:06.8212171Z In file included from bazel-out/k8-opt/bin/external/protobuf+/src/google/protobuf/_virtual_includes/struct_proto/google/protobuf/struct.pb.h:34,
2026-10-07T01:27:06.8227115Z                  from bazel-out/k8-opt/bin/external/protobuf+/src/google/protobuf/_virtual_imports/struct_proto/google/protobuf/struct.pb.cc:6:
2026-10-07T01:27:06.8242603Z bazel-out/k8-opt/bin/external/protobuf+/src/google/protobuf/_virtual_includes/protobuf/google/protobuf/map_field.h: In constructor 'google::protobuf::internal::MapFieldBase::ReflectionPayload::ReflectionPayload(google::protobuf::Arena*, const google::protobuf::Message*)':
2026-10-07T01:27:06.8245984Z bazel-out/k8-opt/bin/external/protobuf+/src/google/protobuf/_virtual_includes/protobuf/google/protobuf/map_field.h:416:11: warning: 'google::protobuf::RepeatedPtrField<T>::RepeatedPtrField(google::protobuf::Arena*) [with Element = google::protobuf::Message]' is deprecated: Use Arena::Create<RepeatedPtrField<...>>(Arena*) instead [-Wdeprecated-declarations]
2026-10-07T01:27:06.8248131Z   416 |         : repeated_field_(arena), prototype_(prototype) {}
2026-10-07T01:27:06.8248622Z       |           ^~~~~~~~~~~~~~~~~~~~~~
2026-10-07T01:27:06.8249562Z In file included from bazel-out/k8-opt/bin/external/protobuf+/src/google/protobuf/_virtual_includes/protobuf_lite/google/protobuf/repeated_field.h:46,
2026-10-07T01:27:06.8251234Z                  from bazel-out/k8-opt/bin/external/protobuf+/src/google/protobuf/_virtual_includes/protobuf_lite/google/protobuf/parse_context.h:39,
2026-10-07T01:27:06.8252770Z                  from bazel-out/k8-opt/bin/external/protobuf+/src/google/protobuf/_virtual_includes/protobuf_lite/google/protobuf/generated_message_tctable_decl.h:25,
2026-10-07T01:27:06.8254639Z                  from bazel-out/k8-opt/bin/external/protobuf+/src/google/protobuf/_virtual_includes/struct_proto/google/protobuf/struct.pb.h:23:
2026-10-07T01:27:06.8256167Z bazel-out/k8-opt/bin/external/protobuf+/src/google/protobuf/_virtual_includes/protobuf_lite/google/protobuf/repeated_ptr_field.h:1380:8: note: declared here
2026-10-07T01:27:06.8257325Z  1380 | inline RepeatedPtrField<Element>::RepeatedPtrField(Arena* arena)
2026-10-07T01:27:06.8257863Z       |        ^~~~~~~~~~~~~~~~~~~~~~~~~
2026-10-07T01:27:07.3802884Z [888 / 944] Compiling src/google/protobuf/generated_message_reflection.cc; 11s processwrapper-sandbox ... (4 actions running)
2026-10-07T01:27:08.3461884Z INFO: From Compiling src/google/protobuf/reflection_ops.cc:
2026-10-07T01:27:08.3491675Z In file included from external/protobuf+/src/google/protobuf/reflection_ops.cc:22:
2026-10-07T01:27:08.3522907Z bazel-out/k8-opt/bin/external/protobuf+/src/google/protobuf/_virtual_includes/protobuf/google/protobuf/map_field.h: In constructor 'google::protobuf::internal::MapFieldBase::ReflectionPayload::ReflectionPayload(google::protobuf::Arena*, const google::protobuf::Message*)':
2026-10-07T01:27:08.3543502Z bazel-out/k8-opt/bin/external/protobuf+/src/google/protobuf/_virtual_includes/protobuf/google/protobuf/map_field.h:416:11: warning: 'google::protobuf::RepeatedPtrField<T>::RepeatedPtrField(google::protobuf::Arena*) [with Element = google::protobuf::Message]' is deprecated: Use Arena::Create<RepeatedPtrField<...>>(Arena*) instead [-Wdeprecated-declarations]
2026-10-07T01:27:08.3561681Z   416 |         : repeated_field_(arena), prototype_(prototype) {}
2026-10-07T01:27:08.3591616Z       |           ^~~~~~~~~~~~~~~~~~~~~~
2026-10-07T01:27:08.3599104Z In file included from bazel-out/k8-opt/bin/external/protobuf+/src/google/protobuf/_virtual_includes/protobuf_lite/google/protobuf/repeated_field.h:46,
2026-10-07T01:27:08.3601816Z                  from bazel-out/k8-opt/bin/external/protobuf+/src/google/protobuf/_virtual_includes/protobuf_lite/google/protobuf/parse_context.h:39,
2026-10-07T01:27:08.3603658Z                  from bazel-out/k8-opt/bin/external/protobuf+/src/google/protobuf/_virtual_includes/protobuf_lite/google/protobuf/generated_message_tctable_decl.h:25,
2026-10-07T01:27:08.3606245Z                  from bazel-out/k8-opt/bin/external/protobuf+/src/google/protobuf/_virtual_includes/protobuf_lite/google/protobuf/extension_set.h:40,
2026-10-07T01:27:08.3607996Z                  from bazel-out/k8-opt/bin/external/protobuf+/src/google/protobuf/_virtual_includes/protobuf/google/protobuf/descriptor.h:56,
2026-10-07T01:27:08.3609854Z                  from bazel-out/k8-opt/bin/external/protobuf+/src/google/protobuf/_virtual_includes/protobuf/google/protobuf/message.h:112,
2026-10-07T01:27:08.3611976Z                  from bazel-out/k8-opt/bin/external/protobuf+/src/google/protobuf/_virtual_includes/protobuf/google/protobuf/reflection_ops.h:18,
2026-10-07T01:27:08.3613431Z                  from external/protobuf+/src/google/protobuf/reflection_ops.cc:11:
2026-10-07T01:27:08.3615033Z bazel-out/k8-opt/bin/external/protobuf+/src/google/protobuf/_virtual_includes/protobuf_lite/google/protobuf/repeated_ptr_field.h:1380:8: note: declared here
2026-10-07T01:27:08.3616976Z  1380 | inline RepeatedPtrField<Element>::RepeatedPtrField(Arena* arena)
2026-10-07T01:27:08.3617891Z       |        ^~~~~~~~~~~~~~~~~~~~~~~~~
2026-10-07T01:27:08.4182387Z [890 / 944] Compiling src/google/protobuf/generated_message_reflection.cc; 12s processwrapper-sandbox ... (4 actions, 3 running)
2026-10-07T01:27:08.7032178Z INFO: From Compiling src/google/protobuf/generated_message_reflection.cc:
2026-10-07T01:27:08.7092014Z In file included from external/protobuf+/src/google/protobuf/generated_message_reflection.cc:51:
2026-10-07T01:27:08.7123126Z bazel-out/k8-opt/bin/external/protobuf+/src/google/protobuf/_virtual_includes/protobuf/google/protobuf/map_field.h: In constructor 'google::protobuf::internal::MapFieldBase::ReflectionPayload::ReflectionPayload(google::protobuf::Arena*, const google::protobuf::Message*)':
2026-10-07T01:27:08.7163356Z bazel-out/k8-opt/bin/external/protobuf+/src/google/protobuf/_virtual_includes/protobuf/google/protobuf/map_field.h:416:11: warning: 'google::protobuf::RepeatedPtrField<T>::RepeatedPtrField(google::protobuf::Arena*) [with Element = google::protobuf::Message]' is deprecated: Use Arena::Create<RepeatedPtrField<...>>(Arena*) instead [-Wdeprecated-declarations]
2026-10-07T01:27:08.7191503Z   416 |         : repeated_field_(arena), prototype_(prototype) {}
2026-10-07T01:27:08.7208724Z       |           ^~~~~~~~~~~~~~~~~~~~~~
2026-10-07T01:27:08.7214716Z In file included from bazel-out/k8-opt/bin/external/protobuf+/src/google/protobuf/_virtual_includes/protobuf_lite/google/protobuf/repeated_field.h:46,
2026-10-07T01:27:08.7217013Z                  from bazel-out/k8-opt/bin/external/protobuf+/src/google/protobuf/_virtual_includes/protobuf_lite/google/protobuf/parse_context.h:39,
2026-10-07T01:27:08.7219208Z                  from bazel-out/k8-opt/bin/external/protobuf+/src/google/protobuf/_virtual_includes/protobuf_lite/google/protobuf/generated_message_tctable_decl.h:25,
2026-10-07T01:27:08.7221725Z                  from bazel-out/k8-opt/bin/external/protobuf+/src/google/protobuf/_virtual_includes/protobuf_lite/google/protobuf/extension_set.h:40,
2026-10-07T01:27:08.7223700Z                  from bazel-out/k8-opt/bin/external/protobuf+/src/google/protobuf/_virtual_includes/protobuf/google/protobuf/descriptor.h:56,
2026-10-07T01:27:08.7226891Z                  from bazel-out/k8-opt/bin/external/protobuf+/src/google/protobuf/_virtual_includes/protobuf/google/protobuf/generated_message_reflection.h:26,
2026-10-07T01:27:08.7228892Z                  from external/protobuf+/src/google/protobuf/generated_message_reflection.cc:12:
2026-10-07T01:27:08.7230614Z bazel-out/k8-opt/bin/external/protobuf+/src/google/protobuf/_virtual_includes/protobuf_lite/google/protobuf/repeated_ptr_field.h:1380:8: note: declared here
2026-10-07T01:27:08.7232503Z  1380 | inline RepeatedPtrField<Element>::RepeatedPtrField(Arena* arena)
2026-10-07T01:27:08.7233365Z       |        ^~~~~~~~~~~~~~~~~~~~~~~~~
2026-10-07T01:27:08.7235230Z external/protobuf+/src/google/protobuf/generated_message_reflection.cc: In member function 'const google::protobuf::Message* google::protobuf::Reflection::GetDefaultMessageInstance(const google::protobuf::FieldDescriptor*) const':
2026-10-07T01:27:08.7237947Z external/protobuf+/src/google/protobuf/generated_message_reflection.cc:2526:55: warning: 'bool google::protobuf::FieldOptions::weak() const' is deprecated [-Wdeprecated-declarations]
2026-10-07T01:27:08.7239567Z  2526 |   if (!field->is_extension() && !field->options().weak() &&
2026-10-07T01:27:08.7240336Z       |                                  ~~~~~~~~~~~~~~~~~~~~~^~
2026-10-07T01:27:08.7241530Z In file included from external/protobuf+/src/google/protobuf/generated_message_reflection.cc:41:
2026-10-07T01:27:08.7243169Z bazel-out/k8-opt/bin/external/protobuf+/src/google/protobuf/_virtual_includes/protobuf/google/protobuf/descriptor.pb.h:18861:13: note: declared here
2026-10-07T01:27:08.7244618Z 18861 | inline bool FieldOptions::weak() const {
2026-10-07T01:27:08.7245251Z       |             ^~~~~~~~~~~~
2026-10-07T01:27:08.7246010Z In file included from external/abseil-cpp+/absl/log/internal/check_impl.h:20,
2026-10-07T01:27:08.7246928Z                  from external/abseil-cpp+/absl/log/absl_check.h:38,
2026-10-07T01:27:08.7248301Z                  from bazel-out/k8-opt/bin/external/protobuf+/src/google/protobuf/_virtual_includes/protobuf/google/protobuf/generated_message_reflection.h:25:
2026-10-07T01:27:08.7250958Z external/protobuf+/src/google/protobuf/generated_message_reflection.cc: In member function 'bool google::protobuf::Reflection::HasFieldWithHasbits(const google::protobuf::Message&, const google::protobuf::FieldDescriptor*) const':
2026-10-07T01:27:08.7253914Z external/protobuf+/src/google/protobuf/generated_message_reflection.cc:3290:37: warning: 'bool google::protobuf::FieldOptions::weak() const' is deprecated [-Wdeprecated-declarations]
2026-10-07T01:27:08.7255460Z  3290 |   ABSL_DCHECK(!field->options().weak());
2026-10-07T01:27:08.7256107Z       |                ~~~~~~~~~~~~~~~~~~~~~^~
2026-10-07T01:27:08.7257231Z external/abseil-cpp+/absl/log/internal/conditions.h:68:7: note: in definition of macro 'ABSL_LOG_INTERNAL_STATELESS_CONDITION'
2026-10-07T01:27:08.7258493Z    68 |     !(condition) ? (void)0 : ::absl::log_internal::Voidify() &&
2026-10-07T01:27:08.7259222Z       |       ^~~~~~~~~
2026-10-07T01:27:08.7260287Z external/abseil-cpp+/absl/log/internal/check_impl.h:26:3: note: in expansion of macro 'ABSL_LOG_INTERNAL_CONDITION_FATAL'
2026-10-07T01:27:08.7261794Z    26 |   ABSL_LOG_INTERNAL_CONDITION_FATAL(STATELESS,                        \
2026-10-07T01:27:08.7262552Z       |   ^~~~~~~~~~~~~~~~~~~~~~~~~~~~~~~~~
2026-10-07T01:27:08.7263553Z external/abseil-cpp+/absl/log/internal/check_impl.h:27:37: note: in expansion of macro 'ABSL_PREDICT_FALSE'
2026-10-07T01:27:08.7264692Z    27 |                                     ABSL_PREDICT_FALSE(!(condition))) \
2026-10-07T01:27:08.7265444Z       |                                     ^~~~~~~~~~~~~~~~~~
2026-10-07T01:27:08.7266728Z external/abseil-cpp+/absl/log/internal/check_impl.h:43:3: note: in expansion of macro 'ABSL_LOG_INTERNAL_CHECK_IMPL'
2026-10-07T01:27:08.7267938Z    43 |   ABSL_LOG_INTERNAL_CHECK_IMPL(true || (condition), "true")
2026-10-07T01:27:08.7268676Z       |   ^~~~~~~~~~~~~~~~~~~~~~~~~~~~
2026-10-07T01:27:08.7269595Z external/abseil-cpp+/absl/log/absl_check.h:47:3: note: in expansion of macro 'ABSL_LOG_INTERNAL_DCHECK_IMPL'
2026-10-07T01:27:08.7270684Z    47 |   ABSL_LOG_INTERNAL_DCHECK_IMPL((condition), #condition)
2026-10-07T01:27:08.7273259Z       |   ^~~~~~~~~~~~~~~~~~~~~~~~~~~~~
2026-10-07T01:27:08.7274514Z external/protobuf+/src/google/protobuf/generated_message_reflection.cc:3290:3: note: in expansion of macro 'ABSL_DCHECK'
2026-10-07T01:27:08.7275820Z  3290 |   ABSL_DCHECK(!field->options().weak());
2026-10-07T01:27:08.7276542Z       |   ^~~~~~~~~~~
2026-10-07T01:27:08.7277806Z bazel-out/k8-opt/bin/external/protobuf+/src/google/protobuf/_virtual_includes/protobuf/google/protobuf/descriptor.pb.h:18861:13: note: declared here
2026-10-07T01:27:08.7279242Z 18861 | inline bool FieldOptions::weak() const {
2026-10-07T01:27:08.7279916Z       |             ^~~~~~~~~~~~
2026-10-07T01:27:08.7281795Z external/protobuf+/src/google/protobuf/generated_message_reflection.cc: In member function 'void google::protobuf::Reflection::SetHasBit(google::protobuf::Message*, const google::protobuf::FieldDescriptor*) const':
2026-10-07T01:27:08.7284474Z external/protobuf+/src/google/protobuf/generated_message_reflection.cc:3323:37: warning: 'bool google::protobuf::FieldOptions::weak() const' is deprecated [-Wdeprecated-declarations]
2026-10-07T01:27:08.7286051Z  3323 |   ABSL_DCHECK(!field->options().weak());
2026-10-07T01:27:08.7286726Z       |                ~~~~~~~~~~~~~~~~~~~~~^~
2026-10-07T01:27:08.7287860Z external/abseil-cpp+/absl/log/internal/conditions.h:68:7: note: in definition of macro 'ABSL_LOG_INTERNAL_STATELESS_CONDITION'
2026-10-07T01:27:08.7289137Z    68 |     !(condition) ? (void)0 : ::absl::log_internal::Voidify() &&
2026-10-07T01:27:08.7289867Z       |       ^~~~~~~~~
2026-10-07T01:27:08.7291064Z external/abseil-cpp+/absl/log/internal/check_impl.h:26:3: note: in expansion of macro 'ABSL_LOG_INTERNAL_CONDITION_FATAL'
2026-10-07T01:27:08.7292357Z    26 |   ABSL_LOG_INTERNAL_CONDITION_FATAL(STATELESS,                        \
2026-10-07T01:27:08.7293171Z       |   ^~~~~~~~~~~~~~~~~~~~~~~~~~~~~~~~~
2026-10-07T01:27:08.7294179Z external/abseil-cpp+/absl/log/internal/check_impl.h:27:37: note: in expansion of macro 'ABSL_PREDICT_FALSE'
2026-10-07T01:27:08.7295320Z    27 |                                     ABSL_PREDICT_FALSE(!(condition))) \
2026-10-07T01:27:08.7296079Z       |                                     ^~~~~~~~~~~~~~~~~~
2026-10-07T01:27:08.7297428Z external/abseil-cpp+/absl/log/internal/check_impl.h:43:3: note: in expansion of macro 'ABSL_LOG_INTERNAL_CHECK_IMPL'
2026-10-07T01:27:08.7298622Z    43 |   ABSL_LOG_INTERNAL_CHECK_IMPL(true || (condition), "true")
2026-10-07T01:27:08.7299372Z       |   ^~~~~~~~~~~~~~~~~~~~~~~~~~~~
2026-10-07T01:27:08.7300372Z external/abseil-cpp+/absl/log/absl_check.h:47:3: note: in expansion of macro 'ABSL_LOG_INTERNAL_DCHECK_IMPL'
2026-10-07T01:27:08.7301691Z    47 |   ABSL_LOG_INTERNAL_DCHECK_IMPL((condition), #condition)
2026-10-07T01:27:08.7302426Z       |   ^~~~~~~~~~~~~~~~~~~~~~~~~~~~~
2026-10-07T01:27:08.7303527Z external/protobuf+/src/google/protobuf/generated_message_reflection.cc:3323:3: note: in expansion of macro 'ABSL_DCHECK'
2026-10-07T01:27:08.7304664Z  3323 |   ABSL_DCHECK(!field->options().weak());
2026-10-07T01:27:08.7305267Z       |   ^~~~~~~~~~~
2026-10-07T01:27:08.7306444Z bazel-out/k8-opt/bin/external/protobuf+/src/google/protobuf/_virtual_includes/protobuf/google/protobuf/descriptor.pb.h:18861:13: note: declared here
2026-10-07T01:27:08.7307829Z 18861 | inline bool FieldOptions::weak() const {
2026-10-07T01:27:08.7308479Z       |             ^~~~~~~~~~~~
2026-10-07T01:27:08.7310353Z external/protobuf+/src/google/protobuf/generated_message_reflection.cc: In member function 'void google::protobuf::Reflection::ClearHasBit(google::protobuf::Message*, const google::protobuf::FieldDescriptor*) const':
2026-10-07T01:27:08.7313186Z external/protobuf+/src/google/protobuf/generated_message_reflection.cc:3332:37: warning: 'bool google::protobuf::FieldOptions::weak() const' is deprecated [-Wdeprecated-declarations]
2026-10-07T01:27:08.7314744Z  3332 |   ABSL_DCHECK(!field->options().weak());
2026-10-07T01:27:08.7315399Z       |                ~~~~~~~~~~~~~~~~~~~~~^~
2026-10-07T01:27:08.7316526Z external/abseil-cpp+/absl/log/internal/conditions.h:68:7: note: in definition of macro 'ABSL_LOG_INTERNAL_STATELESS_CONDITION'
2026-10-07T01:27:08.7317773Z    68 |     !(condition) ? (void)0 : ::absl::log_internal::Voidify() &&
2026-10-07T01:27:08.7318512Z       |       ^~~~~~~~~
2026-10-07T01:27:08.7319566Z external/abseil-cpp+/absl/log/internal/check_impl.h:26:3: note: in expansion of macro 'ABSL_LOG_INTERNAL_CONDITION_FATAL'
2026-10-07T01:27:08.7321029Z    26 |   ABSL_LOG_INTERNAL_CONDITION_FATAL(STATELESS,                        \
2026-10-07T01:27:08.7321858Z       |   ^~~~~~~~~~~~~~~~~~~~~~~~~~~~~~~~~
2026-10-07T01:27:08.7322853Z external/abseil-cpp+/absl/log/internal/check_impl.h:27:37: note: in expansion of macro 'ABSL_PREDICT_FALSE'
2026-10-07T01:27:08.7323963Z    27 |                                     ABSL_PREDICT_FALSE(!(condition))) \
2026-10-07T01:27:08.7324718Z       |                                     ^~~~~~~~~~~~~~~~~~
2026-10-07T01:27:08.7325810Z external/abseil-cpp+/absl/log/internal/check_impl.h:43:3: note: in expansion of macro 'ABSL_LOG_INTERNAL_CHECK_IMPL'
2026-10-07T01:27:08.7326991Z    43 |   ABSL_LOG_INTERNAL_CHECK_IMPL(true || (condition), "true")
2026-10-07T01:27:08.7327729Z       |   ^~~~~~~~~~~~~~~~~~~~~~~~~~~~
2026-10-07T01:27:08.7328701Z external/abseil-cpp+/absl/log/absl_check.h:47:3: note: in expansion of macro 'ABSL_LOG_INTERNAL_DCHECK_IMPL'
2026-10-07T01:27:08.7329822Z    47 |   ABSL_LOG_INTERNAL_DCHECK_IMPL((condition), #condition)
2026-10-07T01:27:08.7330538Z       |   ^~~~~~~~~~~~~~~~~~~~~~~~~~~~~
2026-10-07T01:27:08.7331812Z external/protobuf+/src/google/protobuf/generated_message_reflection.cc:3332:3: note: in expansion of macro 'ABSL_DCHECK'
2026-10-07T01:27:08.7332964Z  3332 |   ABSL_DCHECK(!field->options().weak());
2026-10-07T01:27:08.7333629Z       |   ^~~~~~~~~~~
2026-10-07T01:27:08.7334949Z bazel-out/k8-opt/bin/external/protobuf+/src/google/protobuf/_virtual_includes/protobuf/google/protobuf/descriptor.pb.h:18861:13: note: declared here
2026-10-07T01:27:08.7336310Z 18861 | inline bool FieldOptions::weak() const {
2026-10-07T01:27:08.7337044Z       |             ^~~~~~~~~~~~
2026-10-07T01:27:08.7338934Z external/protobuf+/src/google/protobuf/generated_message_reflection.cc: In member function 'void google::protobuf::Reflection::NaiveSwapHasBit(google::protobuf::Message*, google::protobuf::Message*, const google::protobuf::FieldDescriptor*) const':
2026-10-07T01:27:08.7342321Z external/protobuf+/src/google/protobuf/generated_message_reflection.cc:3341:37: warning: 'bool google::protobuf::FieldOptions::weak() const' is deprecated [-Wdeprecated-declarations]
2026-10-07T01:27:08.7343960Z  3341 |   ABSL_DCHECK(!field->options().weak());
2026-10-07T01:27:08.7344644Z       |                ~~~~~~~~~~~~~~~~~~~~~^~
2026-10-07T01:27:08.7345772Z external/abseil-cpp+/absl/log/internal/conditions.h:68:7: note: in definition of macro 'ABSL_LOG_INTERNAL_STATELESS_CONDITION'
2026-10-07T01:27:08.7347094Z    68 |     !(condition) ? (void)0 : ::absl::log_internal::Voidify() &&
2026-10-07T01:27:08.7347893Z       |       ^~~~~~~~~
2026-10-07T01:27:08.7348905Z external/abseil-cpp+/absl/log/internal/check_impl.h:26:3: note: in expansion of macro 'ABSL_LOG_INTERNAL_CONDITION_FATAL'
2026-10-07T01:27:08.7350218Z    26 |   ABSL_LOG_INTERNAL_CONDITION_FATAL(STATELESS,                        \
2026-10-07T01:27:08.7351389Z       |   ^~~~~~~~~~~~~~~~~~~~~~~~~~~~~~~~~
2026-10-07T01:27:08.7352449Z external/abseil-cpp+/absl/log/internal/check_impl.h:27:37: note: in expansion of macro 'ABSL_PREDICT_FALSE'
2026-10-07T01:27:08.7353838Z    27 |                                     ABSL_PREDICT_FALSE(!(condition))) \
2026-10-07T01:27:08.7354614Z       |                                     ^~~~~~~~~~~~~~~~~~
2026-10-07T01:27:08.7355730Z external/abseil-cpp+/absl/log/internal/check_impl.h:43:3: note: in expansion of macro 'ABSL_LOG_INTERNAL_CHECK_IMPL'
2026-10-07T01:27:08.7356946Z    43 |   ABSL_LOG_INTERNAL_CHECK_IMPL(true || (condition), "true")
2026-10-07T01:27:08.7357683Z       |   ^~~~~~~~~~~~~~~~~~~~~~~~~~~~
2026-10-07T01:27:08.7358672Z external/abseil-cpp+/absl/log/absl_check.h:47:3: note: in expansion of macro 'ABSL_LOG_INTERNAL_DCHECK_IMPL'
2026-10-07T01:27:08.7359831Z    47 |   ABSL_LOG_INTERNAL_DCHECK_IMPL((condition), #condition)
2026-10-07T01:27:08.7360554Z       |   ^~~~~~~~~~~~~~~~~~~~~~~~~~~~~
2026-10-07T01:27:08.7361968Z external/protobuf+/src/google/protobuf/generated_message_reflection.cc:3341:3: note: in expansion of macro 'ABSL_DCHECK'
2026-10-07T01:27:08.7363148Z  3341 |   ABSL_DCHECK(!field->options().weak());
2026-10-07T01:27:08.7363779Z       |   ^~~~~~~~~~~
2026-10-07T01:27:08.7364986Z bazel-out/k8-opt/bin/external/protobuf+/src/google/protobuf/_virtual_includes/protobuf/google/protobuf/descriptor.pb.h:18861:13: note: declared here
2026-10-07T01:27:08.7366366Z 18861 | inline bool FieldOptions::weak() const {
2026-10-07T01:27:08.7367007Z       |             ^~~~~~~~~~~~
2026-10-07T01:27:08.7372070Z bazel-out/k8-opt/bin/external/protobuf+/src/google/protobuf/_virtual_includes/protobuf/google/protobuf/reflection_visit_fields.h: In instantiation of 'static void google::protobuf::internal::ReflectionVisit::VisitFields(MessageT&, CallbackFn&&, google::protobuf::internal::FieldMask) [with MessageT = google::protobuf::Message; CallbackFn = google::protobuf::internal::ReflectionVisit::VisitMessageFields<google::protobuf::Reflection::MaybePoisonAfterClear(google::protobuf::Message&) const::<lambda(google::protobuf::Message&)> >(google::protobuf::Message&, google::protobuf::Reflection::MaybePoisonAfterClear(google::protobuf::Message&) const::<lambda(google::protobuf::Message&)>&&)::<lambda(auto:42)>]':
2026-10-07T01:27:08.7379151Z bazel-out/k8-opt/bin/external/protobuf+/src/google/protobuf/_virtual_includes/protobuf/google/protobuf/reflection_visit_fields.h:447:31:   required from 'static void google::protobuf::internal::ReflectionVisit::VisitMessageFields(google::protobuf::Message&, CallbackFn&&) [with CallbackFn = google::protobuf::Reflection::MaybePoisonAfterClear(google::protobuf::Message&) const::<lambda(google::protobuf::Message&)>]'
2026-10-07T01:27:08.7384336Z bazel-out/k8-opt/bin/external/protobuf+/src/google/protobuf/_virtual_includes/protobuf/google/protobuf/reflection_visit_fields.h:502:38:   required from 'void google::protobuf::internal::VisitMutableMessageFields(google::protobuf::Message&, CallbackFn&&) [with CallbackFn = google::protobuf::Reflection::MaybePoisonAfterClear(google::protobuf::Message&) const::<lambda(google::protobuf::Message&)>]'
2026-10-07T01:27:08.7387611Z external/protobuf+/src/google/protobuf/generated_message_reflection.cc:1390:40:   required from here
2026-10-07T01:27:08.7389724Z bazel-out/k8-opt/bin/external/protobuf+/src/google/protobuf/_virtual_includes/protobuf/google/protobuf/reflection_visit_fields.h:109:39: warning: 'bool google::protobuf::FieldOptions::weak() const' is deprecated [-Wdeprecated-declarations]
2026-10-07T01:27:08.7392043Z   109 |     ABSL_DCHECK(!field->options().weak()) << "weak fields are not supported";
2026-10-07T01:27:08.7392868Z       |                  ~~~~~~~~~~~~~~~~~~~~~^~
2026-10-07T01:27:08.7393956Z external/abseil-cpp+/absl/log/internal/conditions.h:68:7: note: in definition of macro 'ABSL_LOG_INTERNAL_STATELESS_CONDITION'
2026-10-07T01:27:08.7395177Z    68 |     !(condition) ? (void)0 : ::absl::log_internal::Voidify() &&
2026-10-07T01:27:08.7395895Z       |       ^~~~~~~~~
2026-10-07T01:27:08.7396892Z external/abseil-cpp+/absl/log/internal/check_impl.h:26:3: note: in expansion of macro 'ABSL_LOG_INTERNAL_CONDITION_FATAL'
2026-10-07T01:27:08.7398472Z    26 |   ABSL_LOG_INTERNAL_CONDITION_FATAL(STATELESS,                        \
2026-10-07T01:27:08.7399342Z       |   ^~~~~~~~~~~~~~~~~~~~~~~~~~~~~~~~~
2026-10-07T01:27:08.7400365Z external/abseil-cpp+/absl/log/internal/check_impl.h:27:37: note: in expansion of macro 'ABSL_PREDICT_FALSE'
2026-10-07T01:27:08.7401874Z    27 |                                     ABSL_PREDICT_FALSE(!(condition))) \
2026-10-07T01:27:08.7402642Z       |                                     ^~~~~~~~~~~~~~~~~~
2026-10-07T01:27:08.7403786Z external/abseil-cpp+/absl/log/internal/check_impl.h:43:3: note: in expansion of macro 'ABSL_LOG_INTERNAL_CHECK_IMPL'
2026-10-07T01:27:08.7405032Z    43 |   ABSL_LOG_INTERNAL_CHECK_IMPL(true || (condition), "true")
2026-10-07T01:27:08.7405790Z       |   ^~~~~~~~~~~~~~~~~~~~~~~~~~~~
2026-10-07T01:27:08.7406807Z external/abseil-cpp+/absl/log/absl_check.h:47:3: note: in expansion of macro 'ABSL_LOG_INTERNAL_DCHECK_IMPL'
2026-10-07T01:27:08.7407980Z    47 |   ABSL_LOG_INTERNAL_DCHECK_IMPL((condition), #condition)
2026-10-07T01:27:08.7408736Z       |   ^~~~~~~~~~~~~~~~~~~~~~~~~~~~~
2026-10-07T01:27:08.7410267Z bazel-out/k8-opt/bin/external/protobuf+/src/google/protobuf/_virtual_includes/protobuf/google/protobuf/reflection_visit_fields.h:109:5: note: in expansion of macro 'ABSL_DCHECK'
2026-10-07T01:27:08.7412446Z   109 |     ABSL_DCHECK(!field->options().weak()) << "weak fields are not supported";
2026-10-07T01:27:08.7413282Z       |     ^~~~~~~~~~~
2026-10-07T01:27:08.7414496Z bazel-out/k8-opt/bin/external/protobuf+/src/google/protobuf/_virtual_includes/protobuf/google/protobuf/descriptor.pb.h:18861:13: note: declared here
2026-10-07T01:27:08.7415895Z 18861 | inline bool FieldOptions::weak() const {
2026-10-07T01:27:08.7416535Z       |             ^~~~~~~~~~~~
2026-10-07T01:27:08.7418379Z bazel-out/k8-opt/bin/external/protobuf+/src/google/protobuf/_virtual_includes/protobuf/google/protobuf/reflection_visit_fields.h:109:39: warning: 'bool google::protobuf::FieldOptions::weak() const' is deprecated [-Wdeprecated-declarations]
2026-10-07T01:27:08.7420513Z   109 |     ABSL_DCHECK(!field->options().weak()) << "weak fields are not supported";
2026-10-07T01:27:08.7421591Z       |                  ~~~~~~~~~~~~~~~~~~~~~^~
2026-10-07T01:27:08.7422748Z external/abseil-cpp+/absl/log/internal/conditions.h:68:7: note: in definition of macro 'ABSL_LOG_INTERNAL_STATELESS_CONDITION'
2026-10-07T01:27:08.7424037Z    68 |     !(condition) ? (void)0 : ::absl::log_internal::Voidify() &&
2026-10-07T01:27:08.7424773Z       |       ^~~~~~~~~
2026-10-07T01:27:08.7425764Z external/abseil-cpp+/absl/log/internal/check_impl.h:26:3: note: in expansion of macro 'ABSL_LOG_INTERNAL_CONDITION_FATAL'
2026-10-07T01:27:08.7427273Z    26 |   ABSL_LOG_INTERNAL_CONDITION_FATAL(STATELESS,                        \
2026-10-07T01:27:08.7428079Z       |   ^~~~~~~~~~~~~~~~~~~~~~~~~~~~~~~~~
2026-10-07T01:27:08.7429065Z external/abseil-cpp+/absl/log/internal/check_impl.h:27:37: note: in expansion of macro 'ABSL_PREDICT_FALSE'
2026-10-07T01:27:08.7430187Z    27 |                                     ABSL_PREDICT_FALSE(!(condition))) \
2026-10-07T01:27:08.7431224Z       |                                     ^~~~~~~~~~~~~~~~~~
2026-10-07T01:27:08.7432357Z external/abseil-cpp+/absl/log/internal/check_impl.h:43:3: note: in expansion of macro 'ABSL_LOG_INTERNAL_CHECK_IMPL'
2026-10-07T01:27:08.7433580Z    43 |   ABSL_LOG_INTERNAL_CHECK_IMPL(true || (condition), "true")
2026-10-07T01:27:08.7434317Z       |   ^~~~~~~~~~~~~~~~~~~~~~~~~~~~
2026-10-07T01:27:08.7435302Z external/abseil-cpp+/absl/log/absl_check.h:47:3: note: in expansion of macro 'ABSL_LOG_INTERNAL_DCHECK_IMPL'
2026-10-07T01:27:08.7436624Z    47 |   ABSL_LOG_INTERNAL_DCHECK_IMPL((condition), #condition)
2026-10-07T01:27:08.7437732Z       |   ^~~~~~~~~~~~~~~~~~~~~~~~~~~~~
2026-10-07T01:27:08.7439370Z bazel-out/k8-opt/bin/external/protobuf+/src/google/protobuf/_virtual_includes/protobuf/google/protobuf/reflection_visit_fields.h:109:5: note: in expansion of macro 'ABSL_DCHECK'
2026-10-07T01:27:08.7441535Z   109 |     ABSL_DCHECK(!field->options().weak()) << "weak fields are not supported";
2026-10-07T01:27:08.7442439Z       |     ^~~~~~~~~~~
2026-10-07T01:27:08.7443684Z bazel-out/k8-opt/bin/external/protobuf+/src/google/protobuf/_virtual_includes/protobuf/google/protobuf/descriptor.pb.h:18861:13: note: declared here
2026-10-07T01:27:08.7445101Z 18861 | inline bool FieldOptions::weak() const {
2026-10-07T01:27:08.7445767Z       |             ^~~~~~~~~~~~
2026-10-07T01:27:09.6482310Z [892 / 944] Compiling src/google/protobuf/text_format.cc; 6s processwrapper-sandbox ... (4 actions, 3 running)
2026-10-07T01:27:11.2542256Z [894 / 944] Compiling src/google/protobuf/text_format.cc; 8s processwrapper-sandbox ... (4 actions, 3 running)
2026-10-07T01:27:12.3771695Z [894 / 944] Compiling src/google/protobuf/text_format.cc; 9s processwrapper-sandbox ... (4 actions running)
2026-10-07T01:27:12.6072063Z INFO: From Compiling src/google/protobuf/text_format.cc:
2026-10-07T01:27:12.6091770Z In file included from external/protobuf+/src/google/protobuf/text_format.cc:54:
2026-10-07T01:27:12.6094189Z bazel-out/k8-opt/bin/external/protobuf+/src/google/protobuf/_virtual_includes/protobuf/google/protobuf/map_field.h: In constructor 'google::protobuf::internal::MapFieldBase::ReflectionPayload::ReflectionPayload(google::protobuf::Arena*, const google::protobuf::Message*)':
2026-10-07T01:27:12.6153363Z bazel-out/k8-opt/bin/external/protobuf+/src/google/protobuf/_virtual_includes/protobuf/google/protobuf/map_field.h:416:11: warning: 'google::protobuf::RepeatedPtrField<T>::RepeatedPtrField(google::protobuf::Arena*) [with Element = google::protobuf::Message]' is deprecated: Use Arena::Create<RepeatedPtrField<...>>(Arena*) instead [-Wdeprecated-declarations]
2026-10-07T01:27:12.6181503Z   416 |         : repeated_field_(arena), prototype_(prototype) {}
2026-10-07T01:27:12.6182111Z       |           ^~~~~~~~~~~~~~~~~~~~~~
2026-10-07T01:27:12.6183272Z In file included from bazel-out/k8-opt/bin/external/protobuf+/src/google/protobuf/_virtual_includes/protobuf_lite/google/protobuf/repeated_field.h:46,
2026-10-07T01:27:12.6184997Z                  from bazel-out/k8-opt/bin/external/protobuf+/src/google/protobuf/_virtual_includes/protobuf_lite/google/protobuf/parse_context.h:39,
2026-10-07T01:27:12.6186752Z                  from bazel-out/k8-opt/bin/external/protobuf+/src/google/protobuf/_virtual_includes/protobuf_lite/google/protobuf/generated_message_tctable_decl.h:25,
2026-10-07T01:27:12.6188585Z                  from bazel-out/k8-opt/bin/external/protobuf+/src/google/protobuf/_virtual_includes/protobuf_lite/google/protobuf/extension_set.h:40,
2026-10-07T01:27:12.6190172Z                  from bazel-out/k8-opt/bin/external/protobuf+/src/google/protobuf/_virtual_includes/protobuf/google/protobuf/descriptor.h:56,
2026-10-07T01:27:12.6192588Z                  from bazel-out/k8-opt/bin/external/protobuf+/src/google/protobuf/_virtual_includes/protobuf/google/protobuf/text_format.h:27,
2026-10-07T01:27:12.6193788Z                  from external/protobuf+/src/google/protobuf/text_format.cc:12:
2026-10-07T01:27:12.6222103Z bazel-out/k8-opt/bin/external/protobuf+/src/google/protobuf/_virtual_includes/protobuf_lite/google/protobuf/repeated_ptr_field.h:1380:8: note: declared here
2026-10-07T01:27:12.6251511Z  1380 | inline RepeatedPtrField<Element>::RepeatedPtrField(Arena* arena)
2026-10-07T01:27:12.6281296Z       |        ^~~~~~~~~~~~~~~~~~~~~~~~~
2026-10-07T01:27:12.6282671Z external/protobuf+/src/google/protobuf/text_format.cc: In member function 'bool google::protobuf::TextFormat::Parser::ParserImpl::ConsumeField(google::protobuf::Message*)':
2026-10-07T01:27:12.6312149Z external/protobuf+/src/google/protobuf/text_format.cc:663:54: warning: 'bool google::protobuf::FieldOptions::weak() const' is deprecated [-Wdeprecated-declarations]
2026-10-07T01:27:12.6341432Z   663 |       if (consumed_semicolon && field->options().weak() &&
2026-10-07T01:27:12.6371307Z       |                                 ~~~~~~~~~~~~~~~~~~~~~^~
2026-10-07T01:27:12.6401929Z In file included from external/protobuf+/src/google/protobuf/text_format.cc:46:
2026-10-07T01:27:12.6432012Z bazel-out/k8-opt/bin/external/protobuf+/src/google/protobuf/_virtual_includes/protobuf/google/protobuf/descriptor.pb.h:18861:13: note: declared here
2026-10-07T01:27:12.6461381Z 18861 | inline bool FieldOptions::weak() const {
2026-10-07T01:27:12.6461929Z       |             ^~~~~~~~~~~~
2026-10-07T01:27:14.3776305Z [895 / 944] Compiling src/google/protobuf/message.cc; 5s processwrapper-sandbox ... (4 actions running)
2026-10-07T01:27:14.5182205Z INFO: From Compiling src/google/protobuf/message.cc:
2026-10-07T01:27:14.5183478Z In file included from external/protobuf+/src/google/protobuf/message.cc:40:
2026-10-07T01:27:14.5214847Z bazel-out/k8-opt/bin/external/protobuf+/src/google/protobuf/_virtual_includes/protobuf/google/protobuf/map_field.h: In constructor 'google::protobuf::internal::MapFieldBase::ReflectionPayload::ReflectionPayload(google::protobuf::Arena*, const google::protobuf::Message*)':
2026-10-07T01:27:14.5243311Z bazel-out/k8-opt/bin/external/protobuf+/src/google/protobuf/_virtual_includes/protobuf/google/protobuf/map_field.h:416:11: warning: 'google::protobuf::RepeatedPtrField<T>::RepeatedPtrField(google::protobuf::Arena*) [with Element = google::protobuf::Message]' is deprecated: Use Arena::Create<RepeatedPtrField<...>>(Arena*) instead [-Wdeprecated-declarations]
2026-10-07T01:27:14.5259803Z   416 |         : repeated_field_(arena), prototype_(prototype) {}
2026-10-07T01:27:14.5289162Z       |           ^~~~~~~~~~~~~~~~~~~~~~
2026-10-07T01:27:14.5299383Z In file included from bazel-out/k8-opt/bin/external/protobuf+/src/google/protobuf/_virtual_includes/protobuf_lite/google/protobuf/repeated_field.h:46,
2026-10-07T01:27:14.5302933Z                  from bazel-out/k8-opt/bin/external/protobuf+/src/google/protobuf/_virtual_includes/protobuf_lite/google/protobuf/parse_context.h:39,
2026-10-07T01:27:14.5305193Z                  from bazel-out/k8-opt/bin/external/protobuf+/src/google/protobuf/_virtual_includes/protobuf_lite/google/protobuf/generated_message_tctable_decl.h:25,
2026-10-07T01:27:14.5335186Z                  from bazel-out/k8-opt/bin/external/protobuf+/src/google/protobuf/_virtual_includes/protobuf_lite/google/protobuf/extension_set.h:40,
2026-10-07T01:27:14.5337058Z                  from bazel-out/k8-opt/bin/external/protobuf+/src/google/protobuf/_virtual_includes/protobuf/google/protobuf/descriptor.h:56,
2026-10-07T01:27:14.5338658Z                  from bazel-out/k8-opt/bin/external/protobuf+/src/google/protobuf/_virtual_includes/protobuf/google/protobuf/message.h:112,
2026-10-07T01:27:14.5339826Z                  from external/protobuf+/src/google/protobuf/message.cc:12:
2026-10-07T01:27:14.5341868Z bazel-out/k8-opt/bin/external/protobuf+/src/google/protobuf/_virtual_includes/protobuf_lite/google/protobuf/repeated_ptr_field.h:1380:8: note: declared here
2026-10-07T01:27:14.5343243Z  1380 | inline RepeatedPtrField<Element>::RepeatedPtrField(Arena* arena)
2026-10-07T01:27:14.5343870Z       |        ^~~~~~~~~~~~~~~~~~~~~~~~~
2026-10-07T01:27:15.3805801Z [900 / 944] Compiling src/google/protobuf/generated_message_tctable_gen.cc; 4s processwrapper-sandbox ... (4 actions running)
2026-10-07T01:27:15.6002280Z INFO: From Compiling src/google/protobuf/generated_message_tctable_gen.cc:
2026-10-07T01:27:15.6052499Z external/protobuf+/src/google/protobuf/generated_message_tctable_gen.cc: In function 'bool google::protobuf::internal::{anonymous}::HasWeakFields(const google::protobuf::Descriptor*)':
2026-10-07T01:27:15.6075698Z external/protobuf+/src/google/protobuf/generated_message_tctable_gen.cc:699:45: warning: 'bool google::protobuf::FieldOptions::weak() const' is deprecated [-Wdeprecated-declarations]
2026-10-07T01:27:15.6111588Z   699 |     if (descriptor->field(i)->options().weak()) {
2026-10-07T01:27:15.6141375Z       |         ~~~~~~~~~~~~~~~~~~~~~~~~~~~~~~~~~~~~^~
2026-10-07T01:27:15.6172503Z In file included from bazel-out/k8-opt/bin/external/protobuf+/src/google/protobuf/_virtual_includes/protobuf/google/protobuf/generated_message_tctable_gen.h:21,
2026-10-07T01:27:15.6201639Z                  from external/protobuf+/src/google/protobuf/generated_message_tctable_gen.cc:8:
2026-10-07T01:27:15.6232040Z bazel-out/k8-opt/bin/external/protobuf+/src/google/protobuf/_virtual_includes/protobuf/google/protobuf/descriptor.pb.h:18861:13: note: declared here
2026-10-07T01:27:15.6261470Z 18861 | inline bool FieldOptions::weak() const {
2026-10-07T01:27:15.6291300Z       |             ^~~~~~~~~~~~
2026-10-07T01:27:15.6322480Z external/protobuf+/src/google/protobuf/generated_message_tctable_gen.cc: In function 'bool google::protobuf::internal::IsFieldTypeEligibleForFastParsing(const google::protobuf::FieldDescriptor*)':
2026-10-07T01:27:15.6342346Z external/protobuf+/src/google/protobuf/generated_message_tctable_gen.cc:738:28: warning: 'bool google::protobuf::FieldOptions::weak() const' is deprecated [-Wdeprecated-declarations]
2026-10-07T01:27:15.6351320Z   738 |       field->options().weak()) {
2026-10-07T01:27:15.6381399Z       |       ~~~~~~~~~~~~~~~~~~~~~^~
2026-10-07T01:27:15.6412155Z bazel-out/k8-opt/bin/external/protobuf+/src/google/protobuf/_virtual_includes/protobuf/google/protobuf/descriptor.pb.h:18861:13: note: declared here
2026-10-07T01:27:15.6431395Z 18861 | inline bool FieldOptions::weak() const {
2026-10-07T01:27:15.6441295Z       |             ^~~~~~~~~~~~
2026-10-07T01:27:15.6471791Z external/protobuf+/src/google/protobuf/generated_message_tctable_gen.cc: In lambda function:
2026-10-07T01:27:15.6492380Z external/protobuf+/src/google/protobuf/generated_message_tctable_gen.cc:773:54: warning: 'bool google::protobuf::FieldOptions::weak() const' is deprecated [-Wdeprecated-declarations]
2026-10-07T01:27:15.6501409Z   773 |            !field->is_map() && !field->options().weak() &&
2026-10-07T01:27:15.6531357Z       |                                 ~~~~~~~~~~~~~~~~~~~~~^~
2026-10-07T01:27:15.6562062Z bazel-out/k8-opt/bin/external/protobuf+/src/google/protobuf/_virtual_includes/protobuf/google/protobuf/descriptor.pb.h:18861:13: note: declared here
2026-10-07T01:27:15.6581525Z 18861 | inline bool FieldOptions::weak() const {
2026-10-07T01:27:15.6591274Z       |             ^~~~~~~~~~~~
2026-10-07T01:27:15.6623402Z external/protobuf+/src/google/protobuf/generated_message_tctable_gen.cc: In static member function 'static std::vector<google::protobuf::internal::TailCallTableInfo::FieldEntryInfo> google::protobuf::internal::TailCallTableInfo::BuildFieldEntries(const google::protobuf::Descriptor*, const MessageOptions&, absl::lts_20250814::Span<const FieldOptions>, std::vector<AuxEntry>&)':
2026-10-07T01:27:15.6642377Z external/protobuf+/src/google/protobuf/generated_message_tctable_gen.cc:813:39: warning: 'bool google::protobuf::FieldOptions::weak() const' is deprecated [-Wdeprecated-declarations]
2026-10-07T01:27:15.6671749Z   813 |       } else if (field->options().weak()) {
2026-10-07T01:27:15.6681300Z       |                  ~~~~~~~~~~~~~~~~~~~~~^~
2026-10-07T01:27:15.6712043Z bazel-out/k8-opt/bin/external/protobuf+/src/google/protobuf/_virtual_includes/protobuf/google/protobuf/descriptor.pb.h:18861:13: note: declared here
2026-10-07T01:27:15.6731503Z 18861 | inline bool FieldOptions::weak() const {
2026-10-07T01:27:15.6741276Z       |             ^~~~~~~~~~~~
2026-10-07T01:27:16.3822497Z [903 / 944] Compiling src/google/protobuf/map_field.cc; 3s processwrapper-sandbox ... (4 actions running)
2026-10-07T01:27:16.8728223Z INFO: From Compiling src/google/protobuf/map_field.cc:
2026-10-07T01:27:16.8782212Z In file included from external/protobuf+/src/google/protobuf/map_field.cc:8:
2026-10-07T01:27:16.8829756Z bazel-out/k8-opt/bin/external/protobuf+/src/google/protobuf/_virtual_includes/protobuf/google/protobuf/map_field.h: In constructor 'google::protobuf::internal::MapFieldBase::ReflectionPayload::ReflectionPayload(google::protobuf::Arena*, const google::protobuf::Message*)':
2026-10-07T01:27:16.8855085Z bazel-out/k8-opt/bin/external/protobuf+/src/google/protobuf/_virtual_includes/protobuf/google/protobuf/map_field.h:416:11: warning: 'google::protobuf::RepeatedPtrField<T>::RepeatedPtrField(google::protobuf::Arena*) [with Element = google::protobuf::Message]' is deprecated: Use Arena::Create<RepeatedPtrField<...>>(Arena*) instead [-Wdeprecated-declarations]
2026-10-07T01:27:16.8881799Z   416 |         : repeated_field_(arena), prototype_(prototype) {}
2026-10-07T01:27:16.8921379Z       |           ^~~~~~~~~~~~~~~~~~~~~~
2026-10-07T01:27:16.8922604Z In file included from bazel-out/k8-opt/bin/external/protobuf+/src/google/protobuf/_virtual_includes/protobuf_lite/google/protobuf/repeated_field.h:46,
2026-10-07T01:27:16.8952213Z                  from bazel-out/k8-opt/bin/external/protobuf+/src/google/protobuf/_virtual_includes/protobuf_lite/google/protobuf/parse_context.h:39,
2026-10-07T01:27:16.8958677Z                  from bazel-out/k8-opt/bin/external/protobuf+/src/google/protobuf/_virtual_includes/protobuf_lite/google/protobuf/generated_message_tctable_decl.h:25,
2026-10-07T01:27:16.8961137Z                  from bazel-out/k8-opt/bin/external/protobuf+/src/google/protobuf/_virtual_includes/protobuf_lite/google/protobuf/extension_set.h:40,
2026-10-07T01:27:16.8963170Z                  from bazel-out/k8-opt/bin/external/protobuf+/src/google/protobuf/_virtual_includes/protobuf/google/protobuf/descriptor.h:56,
2026-10-07T01:27:16.8965078Z                  from bazel-out/k8-opt/bin/external/protobuf+/src/google/protobuf/_virtual_includes/protobuf/google/protobuf/map_field.h:23:
2026-10-07T01:27:16.8967096Z bazel-out/k8-opt/bin/external/protobuf+/src/google/protobuf/_virtual_includes/protobuf_lite/google/protobuf/repeated_ptr_field.h:1380:8: note: declared here
2026-10-07T01:27:16.8968839Z  1380 | inline RepeatedPtrField<Element>::RepeatedPtrField(Arena* arena)
2026-10-07T01:27:16.8969767Z       |        ^~~~~~~~~~~~~~~~~~~~~~~~~
2026-10-07T01:27:17.9063171Z [911 / 944] Compiling external/protobuf+/src/google/protobuf/_virtual_imports/wrappers_proto/google/protobuf/wrappers.pb.cc; 2s processwrapper-sandbox ... (4 actions, 3 running)
2026-10-07T01:27:19.3808677Z [918 / 944] Compiling external/protobuf+/src/google/protobuf/_virtual_imports/source_context_proto/google/protobuf/source_context.pb.cc; 2s processwrapper-sandbox ... (4 actions running)
2026-10-07T01:27:20.3841330Z [922 / 944] Compiling external/protobuf+/src/google/protobuf/_virtual_imports/any_proto/google/protobuf/any.pb.cc; 2s processwrapper-sandbox ... (4 actions running)
2026-10-07T01:27:22.0538762Z [925 / 944] Compiling src/google/protobuf/util/time_util.cc; 2s processwrapper-sandbox ... (4 actions, 3 running)
2026-10-07T01:27:23.3823915Z [928 / 944] Compiling src/google/protobuf/util/type_resolver_util.cc; 3s processwrapper-sandbox ... (4 actions running)
2026-10-07T01:27:24.3842291Z [930 / 944] Compiling src/google/protobuf/json/internal/untyped_message.cc; 3s processwrapper-sandbox ... (4 actions running)
2026-10-07T01:27:25.6597683Z [931 / 944] Compiling src/google/protobuf/json/internal/untyped_message.cc; 4s processwrapper-sandbox ... (4 actions, 3 running)
2026-10-07T01:27:27.3830432Z [932 / 944] Compiling src/google/protobuf/json/internal/untyped_message.cc; 6s processwrapper-sandbox ... (4 actions running)
2026-10-07T01:27:28.5952416Z [935 / 944] Compiling src/google/protobuf/json/internal/parser.cc; 6s processwrapper-sandbox ... (4 actions, 3 running)
2026-10-07T01:27:30.3841823Z [936 / 944] Compiling src/google/protobuf/json/internal/parser.cc; 7s processwrapper-sandbox ... (4 actions running)
2026-10-07T01:27:31.6885243Z [937 / 944] Compiling src/google/protobuf/json/internal/unparser.cc; 7s processwrapper-sandbox ... (4 actions, 3 running)
2026-10-07T01:27:33.3847881Z [940 / 944] Compiling tools/haa_gvisor_observer/observer_latch_test.cc; 5s processwrapper-sandbox ... (2 actions running)
2026-10-07T01:27:39.0441281Z INFO: From Compiling tools/haa_gvisor_observer/observer.cc:
2026-10-07T01:27:39.0445546Z tools/haa_gvisor_observer/observer.cc:4614:6: warning: 'bool {anonymous}::Handle(const Header&, const char*, size_t, int, std::string*, const char*, ProcessState*, NormalizedCounts*, TopologyState*, const char**, FaultSite*)' defined but not used [-Wunused-function]
2026-10-07T01:27:39.0448589Z  4614 | bool Handle(const Header& header, const char* payload, size_t payload_size, int output, std::string* container_id,
2026-10-07T01:27:39.0449731Z       |      ^~~~~~
2026-10-07T01:27:39.0451623Z tools/haa_gvisor_observer/observer.cc:3868:6: warning: 'bool {anonymous}::ParseSentryProcessAndClassify(const char*, size_t, int, std::string*, const char*, ProcessState*, const char**)' defined but not used [-Wunused-function]
2026-10-07T01:27:39.0454099Z  3868 | bool ParseSentryProcessAndClassify(const char* payload, size_t payload_size, int output, std::string* container_id,
2026-10-07T01:27:39.0455307Z       |      ^~~~~~~~~~~~~~~~~~~~~~~~~~~~~
2026-10-07T01:27:39.0456611Z tools/haa_gvisor_observer/observer.cc:262:13: warning: 'const char* {anonymous}::CommandPhaseName(CommandPhase)' defined but not used [-Wunused-function]
2026-10-07T01:27:39.0460182Z   262 | const char* CommandPhaseName(CommandPhase phase) {
2026-10-07T01:27:39.0461362Z       |             ^~~~~~~~~~~~~~~~
2026-10-07T01:27:39.0462541Z [941 / 944] Compiling tools/haa_gvisor_observer/observer_latch_test.cc; 10s processwrapper-sandbox ... (2 actions, 1 running)
2026-10-07T01:27:40.3858909Z [942 / 944] Compiling tools/haa_gvisor_observer/observer_latch_test.cc; 12s processwrapper-sandbox
2026-10-07T01:27:48.5862853Z [943 / 944] [Prepa] Linking tools/haa_gvisor_observer/haa_gvisor_observer_latch_test
2026-10-07T01:27:48.7093246Z INFO: Found 2 targets...
2026-10-07T01:27:48.7787352Z INFO: Elapsed time: 291.966s, Critical Path: 50.76s
2026-10-07T01:27:48.7789509Z INFO: 944 processes: 294 internal, 650 processwrapper-sandbox.
2026-10-07T01:27:48.7790666Z INFO: Build completed successfully, 944 total actions
2026-10-07T01:27:48.8573592Z STARTING record_boundaries
2026-10-07T01:27:49.9950179Z profile=go-module-resolver bounded terminal={"container_id":"0202020202020202","kind":"stream-fault","reason":"EVENT_LIMIT","fault_site":"EVENT_LIMIT","fault_budget":{"charged":200000,"limit":200000,"close":199998,"fcntl":0,"raw":0,"other":2,"workspace":0}}
2026-10-07T01:27:51.5880687Z profile=go-module-build bounded terminal={"container_id":"0606060606060606","kind":"stream-fault","reason":"EVENT_LIMIT","fault_site":"EVENT_LIMIT","fault_budget":{"charged":250000,"limit":250000,"close":249998,"fcntl":0,"raw":0,"other":2,"workspace":0}}
2026-10-07T01:27:51.6632339Z profile=cargo-resolver bounded terminal={"container_id":"0808080808080808","kind":"stream-fault","reason":"EVENT_LIMIT","fault_site":"EVENT_LIMIT","fault_budget":{"charged":10000,"limit":10000,"close":9998,"fcntl":0,"raw":0,"other":2,"workspace":0}}
2026-10-07T01:27:51.7528549Z profile=npm-lifecycle bounded terminal={"container_id":"0404040404040404","kind":"stream-fault","reason":"EVENT_LIMIT","fault_site":"EVENT_LIMIT","fault_budget":{"charged":10000,"limit":10000,"close":9998,"fcntl":0,"raw":0,"other":2,"workspace":0}}
2026-10-07T01:27:51.7530033Z STARTING accessors
2026-10-07T01:27:51.8155200Z STARTING network
2026-10-07T01:27:52.7188578Z STARTING malformed_socket
2026-10-07T01:27:52.7193890Z STARTING malformed_connect
2026-10-07T01:27:52.7209906Z STARTING unknown_fd
2026-10-07T01:27:52.7212625Z STARTING process
2026-10-07T01:27:52.9233947Z STARTING correlation
2026-10-07T01:27:53.0749245Z STARTING cloexec
2026-10-07T01:27:53.1757582Z STARTING delayed
2026-10-07T01:27:53.3264810Z STARTING concurrent_python_streams
2026-10-07T01:27:53.3269335Z STARTING roles
2026-10-07T01:27:53.4282065Z STARTING oci_bootstrap
2026-10-07T01:27:53.4324173Z STARTING demotion
2026-10-07T01:27:53.4336429Z STARTING mismatch
2026-10-07T01:27:53.4338714Z STARTING dropped
2026-10-07T01:27:53.4341154Z STARTING topology_fail_closed
2026-10-07T01:27:53.4365061Z STARTING filesystem
2026-10-07T01:27:54.0601664Z STARTING npm_node
2026-10-07T01:27:54.0602157Z STARTING open_result_negative
2026-10-07T01:27:54.0656329Z STARTING open_result_positive
2026-10-07T01:27:54.4674066Z STARTING no_basename_trust
2026-10-07T01:27:54.5183480Z STARTING unexpected_exec_diagnostic
2026-10-07T01:27:54.5196560Z STARTING resolver_npm_version_node
2026-10-07T01:27:54.5197365Z STARTING resolver_npm_version_production_path
2026-10-07T01:27:54.5202012Z STARTING resolver_lock_generation_production_path
2026-10-07T01:27:54.5208179Z STARTING process_group_lifecycle
2026-10-07T01:27:54.5210353Z STARTING direct_exec_admission
2026-10-07T01:27:54.5222665Z STARTING direct_exec_admission_bound
2026-10-07T01:27:54.5289805Z STARTING session_aware_control
2026-10-07T01:27:54.5307310Z STARTING control_peer_hup_live_admission
2026-10-07T01:27:54.5311510Z STARTING pre_attribution_disconnect
2026-10-07T01:27:54.5312710Z haa_gvisor_observer_latch_test: accepted remote stream ended before attribution
2026-10-07T01:27:54.5318948Z observer latch PASS: readiness
2026-10-07T01:27:54.5319525Z observer latch PASS: pod-init profile
2026-10-07T01:27:54.5319844Z observer latch PASS: profile record limits
2026-10-07T01:27:54.5320184Z observer latch PASS: finite profile record boundary
2026-10-07T01:27:54.5320529Z observer latch PASS: normalized accessors
2026-10-07T01:27:54.5321228Z observer latch PASS: socket family classification
2026-10-07T01:27:54.5321573Z observer latch PASS: unknown socket family
2026-10-07T01:27:54.5321881Z observer latch PASS: malformed socket address
2026-10-07T01:27:54.5322188Z observer latch PASS: unknown FD state
2026-10-07T01:27:54.5322481Z observer latch PASS: process trust boundary
2026-10-07T01:27:54.5322825Z observer latch PASS: exec correlation boundary
2026-10-07T01:27:54.5323178Z observer latch PASS: CLOEXEC/re-exec boundary
2026-10-07T01:27:54.5323514Z observer latch PASS: delayed profile registration
2026-10-07T01:27:54.5323859Z observer latch PASS: concurrent Python streams
2026-10-07T01:27:54.5324181Z observer latch PASS: role handoff/provenance
2026-10-07T01:27:54.5324491Z observer latch PASS: OCI bootstrap demotion
2026-10-07T01:27:54.5324808Z observer latch PASS: setpriv demotion boundary
2026-10-07T01:27:54.5325119Z observer latch PASS: container mismatch
2026-10-07T01:27:54.5325419Z observer latch PASS: dropped events
2026-10-07T01:27:54.5325707Z observer latch PASS: topology fail-closed
2026-10-07T01:27:54.5326168Z observer latch PASS: registered nested mount boundary
2026-10-07T01:27:54.5326686Z observer latch PASS: filesystem normalization
2026-10-07T01:27:54.5327256Z observer latch PASS: Cargo resolver runtime read boundary
2026-10-07T01:27:54.5327870Z observer latch PASS: Cargo resolver self maps boundary
2026-10-07T01:27:54.5328477Z observer latch PASS: Cargo configuration read boundary
2026-10-07T01:27:54.5329167Z observer latch PASS: Cargo TAR configuration read boundary
2026-10-07T01:27:54.5330014Z observer latch PASS: Cargo entropy read boundary
2026-10-07T01:27:54.5330556Z observer latch PASS: Cargo certificate bundle read boundary
2026-10-07T01:27:54.5331336Z observer latch PASS: Cargo null input read boundary
2026-10-07T01:27:54.5331689Z observer latch PASS: Cargo Rustc query boundary
2026-10-07T01:27:54.5332062Z observer latch PASS: Cargo Rustc metadata query boundary
2026-10-07T01:27:54.5332435Z observer latch PASS: Cargo Rustc VM metadata boundary
2026-10-07T01:27:54.5332787Z observer latch PASS: Cargo Rustc self maps boundary
2026-10-07T01:27:54.5333149Z observer latch PASS: Cargo Rustc self memory stats boundary
2026-10-07T01:27:54.5333507Z observer latch PASS: Cargo Rustc self cgroup boundary
2026-10-07T01:27:54.5333857Z observer latch PASS: Cargo Rustc self mountinfo boundary
2026-10-07T01:27:54.5334197Z observer latch PASS: Cargo Rustc CPU quota boundary
2026-10-07T01:27:54.5334565Z observer latch PASS: Cargo Rustc fixed sysroot directory boundary
2026-10-07T01:27:54.5334951Z observer latch PASS: Cargo DNS configuration boundary
2026-10-07T01:27:54.5335328Z observer latch PASS: Cargo resolver configuration file boundary
2026-10-07T01:27:54.5335689Z observer latch PASS: Cargo fixed UTC boundary
2026-10-07T01:27:54.5336036Z observer latch PASS: Cargo close-on-exec entropy boundary
2026-10-07T01:27:54.5336610Z observer latch PASS: SocketPair diagnostic preserves FD authority
2026-10-07T01:27:54.5337025Z observer latch PASS: Kernel SocketPair descriptor authority
2026-10-07T01:27:54.5337382Z observer latch PASS: Cargo Rustc Zlib ABI boundary
2026-10-07T01:27:54.5337704Z observer latch PASS: Cargo Rustc ABI boundary
2026-10-07T01:27:54.5338033Z observer latch PASS: Go resolver runtime read boundary
2026-10-07T01:27:54.5338400Z observer latch PASS: Go build configuration read boundary
2026-10-07T01:27:54.5338766Z observer latch PASS: Go build handoff read boundary
2026-10-07T01:27:54.5339101Z observer latch PASS: Cargo build handoff read boundary
2026-10-07T01:27:54.5339438Z observer latch PASS: Cargo build pinned target
2026-10-07T01:27:54.5339744Z observer latch PASS: Cargo build driver read
2026-10-07T01:27:54.5340043Z observer latch PASS: Cargo build rustc child
2026-10-07T01:27:54.5340350Z observer latch PASS: Cargo build native cc child
2026-10-07T01:27:54.5340668Z observer latch PASS: Cargo build collect2 child
2026-10-07T01:27:54.5341240Z observer latch PASS: Cargo build lld launcher
2026-10-07T01:27:54.5341545Z observer latch PASS: Cargo build rust lld
2026-10-07T01:27:54.5341840Z observer latch PASS: Cargo build link inputs
2026-10-07T01:27:54.5342132Z observer latch PASS: Cargo build link sdk
2026-10-07T01:27:54.5342408Z observer latch PASS: Cargo build Rust C ABI
2026-10-07T01:27:54.5342696Z observer latch PASS: Cargo build lld entropy
2026-10-07T01:27:54.5342979Z observer latch PASS: Cargo build program
2026-10-07T01:27:54.5343263Z observer latch PASS: Cargo build program ABI
2026-10-07T01:27:54.5343557Z observer latch PASS: Cargo build program maps
2026-10-07T01:27:54.5343881Z observer latch PASS: Cargo build program rustc query
2026-10-07T01:27:54.5344199Z observer latch PASS: Cargo build program null
2026-10-07T01:27:54.5344499Z observer latch PASS: Cargo build configuration
2026-10-07T01:27:54.5344845Z observer latch PASS: Terraform provider profile isolation
2026-10-07T01:27:54.5345215Z observer latch PASS: Go build runtime metadata boundary
2026-10-07T01:27:54.5345597Z observer latch PASS: Go build exact creator diagnostic boundary
2026-10-07T01:27:54.5345975Z observer latch PASS: Go build SDK tool child boundary
2026-10-07T01:27:54.5346314Z observer latch PASS: Go build cgo GCC creator boundary
2026-10-07T01:27:54.5346680Z observer latch PASS: Go build SDK linker GCC creator boundary
2026-10-07T01:27:54.5347080Z observer latch PASS: Go build SDK linker native ancestry boundary
2026-10-07T01:27:54.5347486Z observer latch PASS: Go build native linker resolver ABI boundary
2026-10-07T01:27:54.5347882Z observer latch PASS: Go build CC1 creator and loader boundary
2026-10-07T01:27:54.5348402Z observer latch PASS: Go build CC1 readonly header boundary
2026-10-07T01:27:54.5348797Z observer latch PASS: Go build assembler creator and loader boundary
2026-10-07T01:27:54.5349214Z observer latch PASS: Go build collect2 creator and loader boundary
2026-10-07T01:27:54.5349640Z observer latch PASS: Go build native linker creator and loader boundary
2026-10-07T01:27:54.5350073Z observer latch PASS: Go build native linker fixed plugin boundary
2026-10-07T01:27:54.5350477Z observer latch PASS: Go build native linker null device boundary
2026-10-07T01:27:54.5351228Z observer latch PASS: Go build native linker C runtime input boundary
2026-10-07T01:27:54.5351639Z observer latch PASS: Go build assembler null device boundary
2026-10-07T01:27:54.5352034Z observer latch PASS: Go build CC1 readonly SDK Cgo input boundary
2026-10-07T01:27:54.5352422Z observer latch PASS: exact npm CLI-to-Node
2026-10-07T01:27:54.5352725Z observer latch PASS: OPEN_RESULT negative matrix
2026-10-07T01:27:54.5353047Z observer latch PASS: OPEN_RESULT positive matrix
2026-10-07T01:27:54.5353347Z observer latch PASS: no-basename-trust
2026-10-07T01:27:54.5353676Z observer latch PASS: unexpected exec diagnostic retention
2026-10-07T01:27:54.5354039Z observer latch PASS: exact resolver npm-version-to-Node
2026-10-07T01:27:54.5354411Z observer latch PASS: resolver npm-version production path
2026-10-07T01:27:54.5354926Z observer latch PASS: resolver lock-generation production path
2026-10-07T01:27:54.5355323Z observer latch PASS: authoritative process-group lifecycle
2026-10-07T01:27:54.5355687Z observer latch PASS: direct-exec one-shot admission
2026-10-07T01:27:54.5356054Z observer latch PASS: direct-exec terminal admission protocol
2026-10-07T01:27:54.5356405Z observer latch PASS: direct-exec admission bound
2026-10-07T01:27:54.5356709Z observer latch PASS: session-aware control
2026-10-07T01:27:54.5357009Z observer latch PASS: exact control peer binding
2026-10-07T01:27:54.5357356Z observer latch PASS: control peer HUP clears live admission
2026-10-07T01:27:54.5357715Z observer latch PASS: unaccepted remote disconnect
2026-10-07T01:27:54.5358093Z observer latch PASS: accepted pre-attribution disconnect fail-stop
2026-10-07T01:27:54.5496930Z Post job cleanup.
2026-10-07T01:27:54.6378271Z [command]/usr/bin/git version
2026-10-07T01:27:54.6423880Z git version 2.55.0
2026-10-07T01:27:54.6462740Z Temporarily overriding HOME='/home/runner/work/_temp/0d7146c1-a612-4e71-9841-75995e378880' before making global git config changes
2026-10-07T01:27:54.6464347Z Adding repository directory to the temporary git global config as a safe directory
2026-10-07T01:27:54.6468522Z [command]/usr/bin/git config --global --add safe.directory /home/runner/work/heliopause/heliopause
2026-10-07T01:27:54.6503173Z Removing SSH command configuration
2026-10-07T01:27:54.6510105Z [command]/usr/bin/git config --local --name-only --get-regexp core\.sshCommand
2026-10-07T01:27:54.6547198Z [command]/usr/bin/git submodule foreach --recursive sh -c "git config --local --name-only --get-regexp 'core\.sshCommand' && git config --local --unset-all 'core.sshCommand' || :"
2026-10-07T01:27:54.6796766Z Removing HTTP extra header
2026-10-07T01:27:54.6804324Z [command]/usr/bin/git config --local --name-only --get-regexp http\.https\:\/\/github\.com\/\.extraheader
2026-10-07T01:27:54.6845210Z [command]/usr/bin/git submodule foreach --recursive sh -c "git config --local --name-only --get-regexp 'http\.https\:\/\/github\.com\/\.extraheader' && git config --local --unset-all 'http.https://github.com/.extraheader' || :"
2026-10-07T01:27:54.7099196Z Removing includeIf entries pointing to credentials config files
2026-10-07T01:27:54.7107513Z [command]/usr/bin/git config --local --name-only --get-regexp ^includeIf\.gitdir:
2026-10-07T01:27:54.7148590Z [command]/usr/bin/git submodule foreach --recursive git config --local --show-origin --name-only --get-regexp remote.origin.url
2026-10-07T01:27:54.7584655Z Cleaning up orphan processes
2026-10-07T01:27:54.7910322Z Terminate orphan process: pid (2470) (java.lang=ALL-UNNAMED)
