2026-10-07T01:05:07.4057029Z Current runner version: '2.337.0'
2026-10-07T01:05:07.4079671Z ##[group]Runner Image Provisioner
2026-10-07T01:05:07.4080407Z Hosted Compute Agent
2026-10-07T01:05:07.4080990Z Version: 20261002.596
2026-10-07T01:05:07.4081354Z Commit: c3d12f3313a95f25162a1503be624f3b0617f8c0
2026-10-07T01:05:07.4081870Z Build Date: 2026-10-02T22:28:27Z
2026-10-07T01:05:07.4082271Z Worker ID: {94cf83f3-c353-4e14-94d8-2af94cf14d72}
2026-10-07T01:05:07.4082698Z Region: centralus
2026-10-07T01:05:07.4083032Z Cloud: Azure
2026-10-07T01:05:07.4083350Z ##[endgroup]
2026-10-07T01:05:07.4084193Z ##[group]Operating System
2026-10-07T01:05:07.4084569Z Ubuntu
2026-10-07T01:05:07.4084861Z 24.04.5
2026-10-07T01:05:07.4085217Z LTS
2026-10-07T01:05:07.4085519Z ##[endgroup]
2026-10-07T01:05:07.4085927Z ##[group]Runner Image
2026-10-07T01:05:07.4086267Z Image: ubuntu-24.04
2026-10-07T01:05:07.4086589Z Version: 20261004.327.1
2026-10-07T01:05:07.4087359Z Included Software: https://github.com/actions/runner-images/blob/ubuntu24/20261004.327/images/ubuntu/Ubuntu2404-Readme.md
2026-10-07T01:05:07.4088264Z Image Release: https://github.com/actions/runner-images/releases/tag/ubuntu24%2F20261004.327
2026-10-07T01:05:07.4088809Z ##[endgroup]
2026-10-07T01:05:07.4089456Z ##[group]GITHUB_TOKEN Permissions
2026-10-07T01:05:07.4091245Z Contents: read
2026-10-07T01:05:07.4091637Z Metadata: read
2026-10-07T01:05:07.4092031Z ##[endgroup]
2026-10-07T01:05:07.4093374Z Secret source: Actions
2026-10-07T01:05:07.4093995Z Cache mode: write
2026-10-07T01:05:07.4094880Z Prepare workflow directory
2026-10-07T01:05:07.4714464Z Prepare all required actions
2026-10-07T01:05:07.4757088Z Getting action download info
2026-10-07T01:05:07.6918614Z Download action repository 'actions/checkout@3d3c42e5aac5ba805825da76410c181273ba90b1' (SHA:3d3c42e5aac5ba805825da76410c181273ba90b1)
2026-10-07T01:05:08.1651848Z Complete job name: gVisor Observer Helper
2026-10-07T01:05:08.3801138Z ##[group]Run actions/checkout@3d3c42e5aac5ba805825da76410c181273ba90b1
2026-10-07T01:05:08.3801782Z with:
2026-10-07T01:05:08.3802084Z   persist-credentials: false
2026-10-07T01:05:08.3802407Z   repository: rahoney/heliopause
2026-10-07T01:05:08.3804612Z   token: ***
2026-10-07T01:05:08.3804871Z   ssh-strict: true
2026-10-07T01:05:08.3805140Z   ssh-user: git
2026-10-07T01:05:08.3805396Z   clean: true
2026-10-07T01:05:08.3805666Z   sparse-checkout-cone-mode: true
2026-10-07T01:05:08.3805982Z   fetch-depth: 1
2026-10-07T01:05:08.3806245Z   fetch-tags: false
2026-10-07T01:05:08.3806515Z   show-progress: true
2026-10-07T01:05:08.3806795Z   lfs: false
2026-10-07T01:05:08.3807275Z   submodules: false
2026-10-07T01:05:08.3807637Z   set-safe-directory: true
2026-10-07T01:05:08.3807942Z   allow-unsafe-pr-checkout: false
2026-10-07T01:05:08.3808336Z ##[endgroup]
2026-10-07T01:05:08.4471775Z Syncing repository: rahoney/heliopause
2026-10-07T01:05:08.4472993Z ##[group]Getting Git version info
2026-10-07T01:05:08.4473529Z Working directory is '/home/runner/work/heliopause/heliopause'
2026-10-07T01:05:08.4474319Z [command]/usr/bin/git version
2026-10-07T01:05:08.4536153Z git version 2.55.0
2026-10-07T01:05:08.4553468Z ##[endgroup]
2026-10-07T01:05:08.4561888Z Temporarily overriding HOME='/home/runner/work/_temp/61383e69-63d2-43b2-84d2-949c2711df62' before making global git config changes
2026-10-07T01:05:08.4562987Z Adding repository directory to the temporary git global config as a safe directory
2026-10-07T01:05:08.4566475Z [command]/usr/bin/git config --global --add safe.directory /home/runner/work/heliopause/heliopause
2026-10-07T01:05:08.4645630Z Deleting the contents of '/home/runner/work/heliopause/heliopause'
2026-10-07T01:05:08.4647468Z ##[group]Determining repository object format
2026-10-07T01:05:08.4648393Z ##[endgroup]
2026-10-07T01:05:08.4649096Z ##[group]Initializing the repository
2026-10-07T01:05:08.4649950Z [command]/usr/bin/git init /home/runner/work/heliopause/heliopause
2026-10-07T01:05:08.4980389Z hint: Using 'master' as the name for the initial branch. This default branch name
2026-10-07T01:05:08.4981880Z hint: will change to "main" in Git 3.0. To configure the initial branch name
2026-10-07T01:05:08.4983112Z hint: to use in all of your new repositories, which will suppress this warning,
2026-10-07T01:05:08.4983836Z hint: call:
2026-10-07T01:05:08.4984141Z hint:
2026-10-07T01:05:08.4984673Z hint: 	git config --global init.defaultBranch <name>
2026-10-07T01:05:08.4985186Z hint:
2026-10-07T01:05:08.4985594Z hint: Names commonly chosen instead of 'master' are 'main', 'trunk' and
2026-10-07T01:05:08.4986238Z hint: 'development'. The just-created branch can be renamed via this command:
2026-10-07T01:05:08.4986677Z hint:
2026-10-07T01:05:08.4986942Z hint: 	git branch -m <name>
2026-10-07T01:05:08.4987232Z hint:
2026-10-07T01:05:08.4987613Z hint: Disable this message with "git config set advice.defaultBranchName false"
2026-10-07T01:05:08.4988296Z Initialized empty Git repository in /home/runner/work/heliopause/heliopause/.git/
2026-10-07T01:05:08.4990452Z [command]/usr/bin/git remote add origin https://github.com/rahoney/heliopause
2026-10-07T01:05:08.5125901Z ##[endgroup]
2026-10-07T01:05:08.5126386Z ##[group]Disabling automatic garbage collection
2026-10-07T01:05:08.5128830Z [command]/usr/bin/git config --local gc.auto 0
2026-10-07T01:05:08.5632163Z ##[endgroup]
2026-10-07T01:05:08.5632780Z ##[group]Setting up auth
2026-10-07T01:05:08.5633250Z Removing SSH command configuration
2026-10-07T01:05:08.5637882Z [command]/usr/bin/git config --local --name-only --get-regexp core\.sshCommand
2026-10-07T01:05:08.5670259Z [command]/usr/bin/git submodule foreach --recursive sh -c "git config --local --name-only --get-regexp 'core\.sshCommand' && git config --local --unset-all 'core.sshCommand' || :"
2026-10-07T01:05:08.5996883Z Removing HTTP extra header
2026-10-07T01:05:08.6000180Z [command]/usr/bin/git config --local --name-only --get-regexp http\.https\:\/\/github\.com\/\.extraheader
2026-10-07T01:05:08.6032686Z [command]/usr/bin/git submodule foreach --recursive sh -c "git config --local --name-only --get-regexp 'http\.https\:\/\/github\.com\/\.extraheader' && git config --local --unset-all 'http.https://github.com/.extraheader' || :"
2026-10-07T01:05:08.6203612Z Removing includeIf entries pointing to credentials config files
2026-10-07T01:05:08.6207207Z [command]/usr/bin/git config --local --name-only --get-regexp ^includeIf\.gitdir:
2026-10-07T01:05:08.6241188Z [command]/usr/bin/git submodule foreach --recursive git config --local --show-origin --name-only --get-regexp remote.origin.url
2026-10-07T01:05:08.6413279Z [command]/usr/bin/git config --file /home/runner/work/_temp/git-credentials-0f16d6df-9cb4-4224-9a32-cf9d777e9ab3.config http.https://github.com/.extraheader AUTHORIZATION: basic ***
2026-10-07T01:05:08.6559097Z [command]/usr/bin/git config --local includeIf.gitdir:/home/runner/work/heliopause/heliopause/.git.path /home/runner/work/_temp/git-credentials-0f16d6df-9cb4-4224-9a32-cf9d777e9ab3.config
2026-10-07T01:05:08.6664609Z [command]/usr/bin/git config --local includeIf.gitdir:/home/runner/work/heliopause/heliopause/.git/worktrees/*.path /home/runner/work/_temp/git-credentials-0f16d6df-9cb4-4224-9a32-cf9d777e9ab3.config
2026-10-07T01:05:08.6768790Z [command]/usr/bin/git config --local includeIf.gitdir:/github/workspace/.git.path /github/runner_temp/git-credentials-0f16d6df-9cb4-4224-9a32-cf9d777e9ab3.config
2026-10-07T01:05:08.7032909Z [command]/usr/bin/git config --local includeIf.gitdir:/github/workspace/.git/worktrees/*.path /github/runner_temp/git-credentials-0f16d6df-9cb4-4224-9a32-cf9d777e9ab3.config
2026-10-07T01:05:08.7135897Z ##[endgroup]
2026-10-07T01:05:08.7140664Z ##[group]Fetching the repository
2026-10-07T01:05:08.7141503Z [command]/usr/bin/git -c protocol.version=2 fetch --no-tags --prune --no-recurse-submodules --depth=1 origin +bb28b4744d6d124169c26e8dba77f4ef8c832db2:refs/remotes/origin/milestone/m12-go-cargo-terraform
2026-10-07T01:05:10.0481730Z From https://github.com/rahoney/heliopause
2026-10-07T01:05:10.0483666Z  * [new ref]         bb28b4744d6d124169c26e8dba77f4ef8c832db2 -> origin/milestone/m12-go-cargo-terraform
2026-10-07T01:05:10.0489335Z [command]/usr/bin/git branch --list --remote origin/milestone/m12-go-cargo-terraform
2026-10-07T01:05:10.0515544Z   origin/milestone/m12-go-cargo-terraform
2026-10-07T01:05:10.0521864Z [command]/usr/bin/git rev-parse refs/remotes/origin/milestone/m12-go-cargo-terraform
2026-10-07T01:05:10.0543051Z bb28b4744d6d124169c26e8dba77f4ef8c832db2
2026-10-07T01:05:10.0546595Z ##[endgroup]
2026-10-07T01:05:10.0547594Z ##[group]Determining the checkout info
2026-10-07T01:05:10.0548851Z ##[endgroup]
2026-10-07T01:05:10.0549541Z [command]/usr/bin/git sparse-checkout disable
2026-10-07T01:05:10.1211827Z [command]/usr/bin/git config --local --unset-all extensions.worktreeConfig
2026-10-07T01:05:10.1478940Z ##[group]Checking out the ref
2026-10-07T01:05:10.1493020Z [command]/usr/bin/git checkout --progress --force -B milestone/m12-go-cargo-terraform refs/remotes/origin/milestone/m12-go-cargo-terraform
2026-10-07T01:05:10.2426388Z Switched to a new branch 'milestone/m12-go-cargo-terraform'
2026-10-07T01:05:10.2429710Z branch 'milestone/m12-go-cargo-terraform' set up to track 'origin/milestone/m12-go-cargo-terraform'.
2026-10-07T01:05:10.2440186Z ##[endgroup]
2026-10-07T01:05:10.2480220Z [command]/usr/bin/git log -1 --format=%H
2026-10-07T01:05:10.2506867Z bb28b4744d6d124169c26e8dba77f4ef8c832db2
2026-10-07T01:05:10.2516309Z ##[group]Removing auth
2026-10-07T01:05:10.2517381Z Removing SSH command configuration
2026-10-07T01:05:10.2526105Z [command]/usr/bin/git config --local --name-only --get-regexp core\.sshCommand
2026-10-07T01:05:10.2558739Z [command]/usr/bin/git submodule foreach --recursive sh -c "git config --local --name-only --get-regexp 'core\.sshCommand' && git config --local --unset-all 'core.sshCommand' || :"
2026-10-07T01:05:10.2742499Z Removing HTTP extra header
2026-10-07T01:05:10.2746074Z [command]/usr/bin/git config --local --name-only --get-regexp http\.https\:\/\/github\.com\/\.extraheader
2026-10-07T01:05:10.2776967Z [command]/usr/bin/git submodule foreach --recursive sh -c "git config --local --name-only --get-regexp 'http\.https\:\/\/github\.com\/\.extraheader' && git config --local --unset-all 'http.https://github.com/.extraheader' || :"
2026-10-07T01:05:10.2943433Z Removing includeIf entries pointing to credentials config files
2026-10-07T01:05:10.2945599Z [command]/usr/bin/git config --local --name-only --get-regexp ^includeIf\.gitdir:
2026-10-07T01:05:10.2969829Z includeif.gitdir:/home/runner/work/heliopause/heliopause/.git.path
2026-10-07T01:05:10.2970386Z includeif.gitdir:/home/runner/work/heliopause/heliopause/.git/worktrees/*.path
2026-10-07T01:05:10.2970934Z includeif.gitdir:/github/workspace/.git.path
2026-10-07T01:05:10.2971312Z includeif.gitdir:/github/workspace/.git/worktrees/*.path
2026-10-07T01:05:10.2976539Z [command]/usr/bin/git config --local --get-all includeif.gitdir:/home/runner/work/heliopause/heliopause/.git.path
2026-10-07T01:05:10.2997371Z /home/runner/work/_temp/git-credentials-0f16d6df-9cb4-4224-9a32-cf9d777e9ab3.config
2026-10-07T01:05:10.3004220Z [command]/usr/bin/git config --local --unset includeif.gitdir:/home/runner/work/heliopause/heliopause/.git.path \/home\/runner\/work\/_temp\/git\-credentials\-0f16d6df\-9cb4\-4224\-9a32\-cf9d777e9ab3\.config
2026-10-07T01:05:10.3122969Z [command]/usr/bin/git config --local --get-all includeif.gitdir:/home/runner/work/heliopause/heliopause/.git/worktrees/*.path
2026-10-07T01:05:10.3144336Z /home/runner/work/_temp/git-credentials-0f16d6df-9cb4-4224-9a32-cf9d777e9ab3.config
2026-10-07T01:05:10.3150936Z [command]/usr/bin/git config --local --unset includeif.gitdir:/home/runner/work/heliopause/heliopause/.git/worktrees/*.path \/home\/runner\/work\/_temp\/git\-credentials\-0f16d6df\-9cb4\-4224\-9a32\-cf9d777e9ab3\.config
2026-10-07T01:05:10.3519953Z [command]/usr/bin/git config --local --get-all includeif.gitdir:/github/workspace/.git.path
2026-10-07T01:05:10.3559294Z /github/runner_temp/git-credentials-0f16d6df-9cb4-4224-9a32-cf9d777e9ab3.config
2026-10-07T01:05:10.3561833Z [command]/usr/bin/git config --local --unset includeif.gitdir:/github/workspace/.git.path \/github\/runner_temp\/git\-credentials\-0f16d6df\-9cb4\-4224\-9a32\-cf9d777e9ab3\.config
2026-10-07T01:05:10.3627029Z [command]/usr/bin/git config --local --get-all includeif.gitdir:/github/workspace/.git/worktrees/*.path
2026-10-07T01:05:10.3636870Z /github/runner_temp/git-credentials-0f16d6df-9cb4-4224-9a32-cf9d777e9ab3.config
2026-10-07T01:05:10.3641740Z [command]/usr/bin/git config --local --unset includeif.gitdir:/github/workspace/.git/worktrees/*.path \/github\/runner_temp\/git\-credentials\-0f16d6df\-9cb4\-4224\-9a32\-cf9d777e9ab3\.config
2026-10-07T01:05:10.3831374Z [command]/usr/bin/git submodule foreach --recursive git config --local --show-origin --name-only --get-regexp remote.origin.url
2026-10-07T01:05:10.3995062Z Removing credentials config '/home/runner/work/_temp/git-credentials-0f16d6df-9cb4-4224-9a32-cf9d777e9ab3.config'
2026-10-07T01:05:10.4002724Z ##[endgroup]
2026-10-07T01:05:10.4232932Z ##[group]Run set -eu
2026-10-07T01:05:10.4233307Z [36;1mset -eu[0m
2026-10-07T01:05:10.4233559Z [36;1mruntime_lock=scripts/runtimes.lock.json[0m
2026-10-07T01:05:10.4233861Z [36;1mtest -f "$runtime_lock"[0m
2026-10-07T01:05:10.4234225Z [36;1mgvisor_repository="$(jq -er '.gvisor.source_repository' "$runtime_lock")"[0m
2026-10-07T01:05:10.4234661Z [36;1mgvisor_commit="$(jq -er '.gvisor.commit' "$runtime_lock")"[0m
2026-10-07T01:05:10.4235069Z [36;1mgvisor_patch_path="$(jq -er '.gvisor.patch.path' "$runtime_lock")"[0m
2026-10-07T01:05:10.4235751Z [36;1mgvisor_patch_sha256="$(jq -er '.gvisor.patch.sha256' "$runtime_lock")"[0m
2026-10-07T01:05:10.4236169Z [36;1mbazel_url="$(jq -er '.bazel.linux_x86_64_url' "$runtime_lock")"[0m
2026-10-07T01:05:10.4236582Z [36;1mbazel_sha512="$(jq -er '.bazel.linux_x86_64_sha512' "$runtime_lock")"[0m
2026-10-07T01:05:10.4236935Z [36;1mcase "$gvisor_patch_path" in[0m
2026-10-07T01:05:10.4237199Z [36;1m  tools/gvisor/*.patch) ;;[0m
2026-10-07T01:05:10.4237575Z [36;1m  *) echo "runtime lock gVisor patch path is invalid" >&2; exit 1 ;;[0m
2026-10-07T01:05:10.4237921Z [36;1mesac[0m
2026-10-07T01:05:10.4238138Z [36;1mtest -f "$gvisor_patch_path"[0m
2026-10-07T01:05:10.4238524Z [36;1mtest "$(sha256sum "$gvisor_patch_path" | awk '{print $1}')" = "$gvisor_patch_sha256"[0m
2026-10-07T01:05:10.4238810Z [36;1mpatch_abs="$PWD/$gvisor_patch_path"[0m
2026-10-07T01:05:10.4239055Z [36;1mgit clone --filter=blob:none "$gvisor_repository" "$RUNNER_TEMP/gvisor"[0m
2026-10-07T01:05:10.4239337Z [36;1mgit -C "$RUNNER_TEMP/gvisor" checkout --detach "$gvisor_commit"[0m
2026-10-07T01:05:10.4239615Z [36;1mtest "$(git -C "$RUNNER_TEMP/gvisor" rev-parse HEAD)" = "$gvisor_commit"[0m
2026-10-07T01:05:10.4239881Z [36;1mgit -C "$RUNNER_TEMP/gvisor" apply --check "$patch_abs"[0m
2026-10-07T01:05:10.4240113Z [36;1mgit -C "$RUNNER_TEMP/gvisor" apply "$patch_abs"[0m
2026-10-07T01:05:10.4240401Z [36;1mcurl --fail --location --silent --show-error --output "$RUNNER_TEMP/bazel" "$bazel_url"[0m
2026-10-07T01:05:10.4240927Z [36;1mtest "$(sha512sum "$RUNNER_TEMP/bazel" | awk '{print $1}')" = "$bazel_sha512"[0m
2026-10-07T01:05:10.4241173Z [36;1mchmod 0755 "$RUNNER_TEMP/bazel"[0m
2026-10-07T01:05:10.4241415Z [36;1mcp -R tools/gvisor-observer "$RUNNER_TEMP/gvisor/tools/haa_gvisor_observer"[0m
2026-10-07T01:05:10.4241663Z [36;1mcd "$RUNNER_TEMP/gvisor"[0m
2026-10-07T01:05:10.4242036Z [36;1m"$RUNNER_TEMP/bazel" build -c opt //tools/haa_gvisor_observer:haa_gvisor_observer //tools/haa_gvisor_observer:haa_gvisor_observer_latch_test[0m
2026-10-07T01:05:10.4242438Z [36;1mbazel-bin/tools/haa_gvisor_observer/haa_gvisor_observer_latch_test[0m
2026-10-07T01:05:10.4562165Z shell: /usr/bin/bash -e {0}
2026-10-07T01:05:10.4562412Z ##[endgroup]
2026-10-07T01:05:10.4934785Z Cloning into '/home/runner/work/_temp/gvisor'...
2026-10-07T01:05:14.9023769Z Updating files:   0% (1/4374)
2026-10-07T01:05:14.9125031Z Updating files:   1% (44/4374)
2026-10-07T01:05:14.9154120Z Updating files:   2% (88/4374)
2026-10-07T01:05:14.9188778Z Updating files:   3% (132/4374)
2026-10-07T01:05:14.9205542Z Updating files:   4% (175/4374)
2026-10-07T01:05:14.9225263Z Updating files:   5% (219/4374)
2026-10-07T01:05:14.9243852Z Updating files:   6% (263/4374)
2026-10-07T01:05:14.9264359Z Updating files:   7% (307/4374)
2026-10-07T01:05:14.9282278Z Updating files:   8% (350/4374)
2026-10-07T01:05:14.9300809Z Updating files:   9% (394/4374)
2026-10-07T01:05:14.9321014Z Updating files:  10% (438/4374)
2026-10-07T01:05:14.9342078Z Updating files:  11% (482/4374)
2026-10-07T01:05:14.9363660Z Updating files:  12% (525/4374)
2026-10-07T01:05:14.9380768Z Updating files:  13% (569/4374)
2026-10-07T01:05:14.9395868Z Updating files:  14% (613/4374)
2026-10-07T01:05:14.9417245Z Updating files:  15% (657/4374)
2026-10-07T01:05:14.9439222Z Updating files:  16% (700/4374)
2026-10-07T01:05:14.9455821Z Updating files:  17% (744/4374)
2026-10-07T01:05:14.9473249Z Updating files:  18% (788/4374)
2026-10-07T01:05:14.9496204Z Updating files:  19% (832/4374)
2026-10-07T01:05:14.9517535Z Updating files:  20% (875/4374)
2026-10-07T01:05:14.9541629Z Updating files:  21% (919/4374)
2026-10-07T01:05:14.9561437Z Updating files:  22% (963/4374)
2026-10-07T01:05:14.9585170Z Updating files:  23% (1007/4374)
2026-10-07T01:05:14.9611282Z Updating files:  24% (1050/4374)
2026-10-07T01:05:14.9633936Z Updating files:  25% (1094/4374)
2026-10-07T01:05:14.9656215Z Updating files:  26% (1138/4374)
2026-10-07T01:05:14.9674534Z Updating files:  27% (1181/4374)
2026-10-07T01:05:14.9710720Z Updating files:  28% (1225/4374)
2026-10-07T01:05:14.9733706Z Updating files:  29% (1269/4374)
2026-10-07T01:05:14.9758564Z Updating files:  30% (1313/4374)
2026-10-07T01:05:14.9784609Z Updating files:  31% (1356/4374)
2026-10-07T01:05:14.9801185Z Updating files:  32% (1400/4374)
2026-10-07T01:05:14.9819586Z Updating files:  33% (1444/4374)
2026-10-07T01:05:14.9835896Z Updating files:  34% (1488/4374)
2026-10-07T01:05:14.9851331Z Updating files:  35% (1531/4374)
2026-10-07T01:05:14.9869596Z Updating files:  36% (1575/4374)
2026-10-07T01:05:14.9890071Z Updating files:  37% (1619/4374)
2026-10-07T01:05:14.9912558Z Updating files:  38% (1663/4374)
2026-10-07T01:05:14.9930982Z Updating files:  39% (1706/4374)
2026-10-07T01:05:14.9949225Z Updating files:  40% (1750/4374)
2026-10-07T01:05:14.9968633Z Updating files:  41% (1794/4374)
2026-10-07T01:05:14.9987010Z Updating files:  42% (1838/4374)
2026-10-07T01:05:15.0011667Z Updating files:  43% (1881/4374)
2026-10-07T01:05:15.0028500Z Updating files:  44% (1925/4374)
2026-10-07T01:05:15.0046436Z Updating files:  45% (1969/4374)
2026-10-07T01:05:15.0062494Z Updating files:  46% (2013/4374)
2026-10-07T01:05:15.0078094Z Updating files:  47% (2056/4374)
2026-10-07T01:05:15.0101216Z Updating files:  48% (2100/4374)
2026-10-07T01:05:15.0120811Z Updating files:  49% (2144/4374)
2026-10-07T01:05:15.0138599Z Updating files:  50% (2187/4374)
2026-10-07T01:05:15.0169894Z Updating files:  51% (2231/4374)
2026-10-07T01:05:15.0204325Z Updating files:  52% (2275/4374)
2026-10-07T01:05:15.0233769Z Updating files:  53% (2319/4374)
2026-10-07T01:05:15.0267692Z Updating files:  54% (2362/4374)
2026-10-07T01:05:15.0291321Z Updating files:  55% (2406/4374)
2026-10-07T01:05:15.0461517Z Updating files:  56% (2450/4374)
2026-10-07T01:05:15.0482683Z Updating files:  57% (2494/4374)
2026-10-07T01:05:15.0502970Z Updating files:  58% (2537/4374)
2026-10-07T01:05:15.0528967Z Updating files:  59% (2581/4374)
2026-10-07T01:05:15.0548017Z Updating files:  60% (2625/4374)
2026-10-07T01:05:15.0564508Z Updating files:  61% (2669/4374)
2026-10-07T01:05:15.0583471Z Updating files:  62% (2712/4374)
2026-10-07T01:05:15.0612570Z Updating files:  63% (2756/4374)
2026-10-07T01:05:15.0634035Z Updating files:  64% (2800/4374)
2026-10-07T01:05:15.0657567Z Updating files:  65% (2844/4374)
2026-10-07T01:05:15.0678401Z Updating files:  66% (2887/4374)
2026-10-07T01:05:15.0693934Z Updating files:  67% (2931/4374)
2026-10-07T01:05:15.0712533Z Updating files:  68% (2975/4374)
2026-10-07T01:05:15.0734375Z Updating files:  69% (3019/4374)
2026-10-07T01:05:15.0755394Z Updating files:  70% (3062/4374)
2026-10-07T01:05:15.0777494Z Updating files:  71% (3106/4374)
2026-10-07T01:05:15.0798030Z Updating files:  72% (3150/4374)
2026-10-07T01:05:15.0817624Z Updating files:  73% (3194/4374)
2026-10-07T01:05:15.0834456Z Updating files:  74% (3237/4374)
2026-10-07T01:05:15.0853159Z Updating files:  75% (3281/4374)
2026-10-07T01:05:15.0872380Z Updating files:  76% (3325/4374)
2026-10-07T01:05:15.0898640Z Updating files:  77% (3368/4374)
2026-10-07T01:05:15.0923596Z Updating files:  78% (3412/4374)
2026-10-07T01:05:15.0956702Z Updating files:  79% (3456/4374)
2026-10-07T01:05:15.0982044Z Updating files:  80% (3500/4374)
2026-10-07T01:05:15.1006308Z Updating files:  81% (3543/4374)
2026-10-07T01:05:15.1034454Z Updating files:  82% (3587/4374)
2026-10-07T01:05:15.1051754Z Updating files:  83% (3631/4374)
2026-10-07T01:05:15.1076215Z Updating files:  84% (3675/4374)
2026-10-07T01:05:15.1092362Z Updating files:  85% (3718/4374)
2026-10-07T01:05:15.1110412Z Updating files:  86% (3762/4374)
2026-10-07T01:05:15.1131181Z Updating files:  87% (3806/4374)
2026-10-07T01:05:15.1145893Z Updating files:  88% (3850/4374)
2026-10-07T01:05:15.1162643Z Updating files:  89% (3893/4374)
2026-10-07T01:05:15.1180704Z Updating files:  90% (3937/4374)
2026-10-07T01:05:15.1200196Z Updating files:  91% (3981/4374)
2026-10-07T01:05:15.1219828Z Updating files:  92% (4025/4374)
2026-10-07T01:05:15.1237273Z Updating files:  93% (4068/4374)
2026-10-07T01:05:15.1252470Z Updating files:  94% (4112/4374)
2026-10-07T01:05:15.1285040Z Updating files:  95% (4156/4374)
2026-10-07T01:05:15.1429910Z Updating files:  96% (4200/4374)
2026-10-07T01:05:15.1845430Z Updating files:  97% (4243/4374)
2026-10-07T01:05:15.1875243Z Updating files:  98% (4287/4374)
2026-10-07T01:05:15.1898330Z Updating files:  99% (4331/4374)
2026-10-07T01:05:15.1898605Z Updating files: 100% (4374/4374)
2026-10-07T01:05:15.1898853Z Updating files: 100% (4374/4374), done.
2026-10-07T01:05:16.5792532Z HEAD is now at 7c6199801 Support NVIDIA IMEX-620.30 in gVisor.
2026-10-07T01:05:17.5434736Z Extracting Bazel installation...
2026-10-07T01:05:19.3889640Z Starting local Bazel server (8.3.1) and connecting to it...
2026-10-07T01:05:20.3551893Z Computing main repo mapping: 
2026-10-07T01:05:21.3572214Z Computing main repo mapping: 
2026-10-07T01:05:22.3571554Z Computing main repo mapping: 
2026-10-07T01:05:23.3659754Z Computing main repo mapping: 
2026-10-07T01:05:24.3736077Z Computing main repo mapping: 
2026-10-07T01:05:25.3753693Z Computing main repo mapping: 
2026-10-07T01:05:26.0618281Z WARNING: For repository 'bazel_skylib', the root module requires module version bazel_skylib@1.7.1, but got bazel_skylib@1.8.2 in the resolved dependency graph. Please update the version in your MODULE.bazel or set --check_direct_dependencies=off
2026-10-07T01:05:26.6129763Z Computing main repo mapping: 
2026-10-07T01:05:27.8533882Z Computing main repo mapping: 
2026-10-07T01:05:28.5527109Z Loading: 
2026-10-07T01:05:28.5551206Z Loading: 2 packages loaded
2026-10-07T01:05:29.5901513Z Loading: 2 packages loaded
2026-10-07T01:05:29.5902098Z     currently loading: tools/haa_gvisor_observer
2026-10-07T01:05:29.7349194Z DEBUG: /home/runner/.cache/bazel/_bazel_runner/a1b24ff0a5ad432a517b429ddfed25d5/external/gazelle+/internal/bzlmod/go_deps.bzl:660:36: The following Go modules were required by the root module at the given versions, but were implicitly updated to higher versions due to transitive dependencies:
2026-10-07T01:05:29.7371086Z  
2026-10-07T01:05:29.7376240Z   go.opentelemetry.io/auto/sdk: v1.1.0 -> v1.2.1 
2026-10-07T01:05:29.7385352Z   go.opentelemetry.io/contrib/instrumentation/google.golang.org/grpc/otelgrpc: v0.61.0 -> v0.67.0 
2026-10-07T01:05:29.7385932Z   golang.org/x/crypto: v0.42.0 -> v0.49.0 
2026-10-07T01:05:29.7386273Z   golang.org/x/term: v0.35.0 -> v0.42.0 
2026-10-07T01:05:29.7386615Z   golang.org/x/net: v0.44.0 -> v0.52.0 
2026-10-07T01:05:29.7387005Z   go.opentelemetry.io/otel: v1.37.0 -> v1.43.0 
2026-10-07T01:05:29.7387379Z   go.opentelemetry.io/otel/metric: v1.28.0 -> v1.43.0 
2026-10-07T01:05:29.7388289Z   github.com/felixge/httpsnoop: v1.0.2 -> v1.0.4 
2026-10-07T01:05:29.7388801Z   go.opentelemetry.io/contrib/instrumentation/net/http/otelhttp: v0.53.0 -> v0.67.0 
2026-10-07T01:05:29.7394234Z   go.opentelemetry.io/otel/trace: v1.28.0 -> v1.43.0 
2026-10-07T01:05:29.7394655Z   github.com/opencontainers/image-spec: v1.0.2 -> v1.1.1 
2026-10-07T01:05:29.7395071Z   cloud.google.com/go: v0.105.0 -> v0.123.0 
2026-10-07T01:05:29.7400691Z   cloud.google.com/go/iam: v0.8.0 -> v1.7.0 
2026-10-07T01:05:29.7401545Z   cloud.google.com/go/compute/metadata: v0.8.0 -> v0.9.0 
2026-10-07T01:05:29.7404598Z   github.com/googleapis/enterprise-certificate-proxy: v0.3.6 -> v0.3.14 
2026-10-07T01:05:29.7405411Z   golang.org/x/oauth2: v0.30.0 -> v0.36.0 
2026-10-07T01:05:29.7408250Z   google.golang.org/genproto: v0.0.0-20250707201910-8d1bb00bc6a7 -> v0.0.0-20260319201613-d00831a3d3e7 
2026-10-07T01:05:29.7409098Z   github.com/googleapis/gax-go/v2: v2.15.0 -> v2.21.0 
2026-10-07T01:05:29.7409471Z 
2026-10-07T01:05:29.7409787Z Update the root module's dependencies to match the resolved versions via:
2026-10-07T01:05:29.7410180Z 
2026-10-07T01:05:29.7412794Z   bazel run @io_bazel_rules_go//go -- get go.opentelemetry.io/auto/sdk@v1.2.1 go.opentelemetry.io/contrib/instrumentation/google.golang.org/grpc/otelgrpc@v0.67.0 golang.org/x/crypto@v0.49.0 golang.org/x/term@v0.42.0 golang.org/x/net@v0.52.0 go.opentelemetry.io/otel@v1.43.0 go.opentelemetry.io/otel/metric@v1.43.0 github.com/felixge/httpsnoop@v1.0.4 go.opentelemetry.io/contrib/instrumentation/net/http/otelhttp@v0.67.0 go.opentelemetry.io/otel/trace@v1.43.0 github.com/opencontainers/image-spec@v1.1.1 cloud.google.com/go@v0.123.0 cloud.google.com/go/iam@v1.7.0 cloud.google.com/go/compute/metadata@v0.9.0 github.com/googleapis/enterprise-certificate-proxy@v0.3.14 golang.org/x/oauth2@v0.36.0 google.golang.org/genproto@v0.0.0-20260319201613-d00831a3d3e7 github.com/googleapis/gax-go/v2@v2.21.0 
2026-10-07T01:05:29.7418025Z 
2026-10-07T01:05:29.9254525Z Analyzing: 2 targets (3 packages loaded, 0 targets configured)
2026-10-07T01:05:29.9378737Z Analyzing: 2 targets (3 packages loaded, 0 targets configured)
2026-10-07T01:05:29.9388023Z 
2026-10-07T01:05:31.3592321Z Analyzing: 2 targets (65 packages loaded, 7 targets configured)
2026-10-07T01:05:31.3592527Z 
2026-10-07T01:05:32.3701698Z Analyzing: 2 targets (82 packages loaded, 240 targets configured)
2026-10-07T01:05:32.3787748Z 
2026-10-07T01:05:33.4063829Z Analyzing: 2 targets (105 packages loaded, 5703 targets configured)
2026-10-07T01:05:33.4071294Z 
2026-10-07T01:05:34.1221453Z INFO: Analyzed 2 targets (130 packages loaded, 6534 targets configured).
2026-10-07T01:05:35.3633345Z [20 / 944] Compiling absl/base/log_severity.cc; 1s processwrapper-sandbox ... (4 actions running)
2026-10-07T01:05:36.3622229Z [156 / 944] Compiling absl/base/internal/sysinfo.cc [for tool]; 0s processwrapper-sandbox ... (4 actions, 3 running)
2026-10-07T01:05:37.3643359Z [169 / 944] Compiling absl/log/internal/fnmatch.cc [for tool]; 0s processwrapper-sandbox ... (4 actions running)
2026-10-07T01:05:38.4062115Z [264 / 944] Compiling absl/strings/str_cat.cc [for tool]; 0s processwrapper-sandbox ... (4 actions, 3 running)
2026-10-07T01:05:39.6395255Z [276 / 944] Compiling absl/strings/internal/charconv_bigint.cc [for tool]; 0s processwrapper-sandbox ... (4 actions, 3 running)
2026-10-07T01:05:40.9052224Z [294 / 944] Compiling absl/time/internal/cctz/src/time_zone_format.cc [for tool]; 0s processwrapper-sandbox ... (4 actions, 3 running)
2026-10-07T01:05:42.0501875Z [304 / 944] Compiling absl/strings/internal/charconv_bigint.cc; 0s processwrapper-sandbox ... (4 actions, 3 running)
2026-10-07T01:05:43.2724057Z [315 / 944] Compiling absl/time/internal/cctz/src/time_zone_info.cc [for tool]; 0s processwrapper-sandbox ... (4 actions, 3 running)
2026-10-07T01:05:44.3311057Z [325 / 944] Compiling absl/strings/numbers.cc; 0s processwrapper-sandbox ... (4 actions, 3 running)
2026-10-07T01:05:45.3671643Z [336 / 944] Compiling absl/time/civil_time.cc [for tool]; 0s processwrapper-sandbox ... (4 actions running)
2026-10-07T01:05:46.5151817Z [345 / 944] Compiling absl/time/duration.cc [for tool]; 0s processwrapper-sandbox ... (4 actions, 3 running)
2026-10-07T01:05:47.6851999Z [358 / 944] Compiling absl/debugging/internal/demangle.cc [for tool]; 1s processwrapper-sandbox ... (4 actions, 3 running)
2026-10-07T01:05:48.7321980Z [374 / 944] Compiling absl/crc/internal/crc_memcpy_x86_arm_combined.cc [for tool]; 0s processwrapper-sandbox ... (4 actions, 3 running)
2026-10-07T01:05:49.7391709Z [385 / 944] Compiling absl/time/internal/cctz/src/time_zone_info.cc; 1s processwrapper-sandbox ... (4 actions, 3 running)
2026-10-07T01:05:50.7751764Z [396 / 944] Compiling absl/time/civil_time.cc; 0s processwrapper-sandbox ... (4 actions, 3 running)
2026-10-07T01:05:51.9762175Z [416 / 944] Compiling absl/crc/internal/crc_cord_state.cc [for tool]; 0s processwrapper-sandbox ... (4 actions, 3 running)
2026-10-07T01:05:52.9922236Z [428 / 944] Compiling absl/log/die_if_null.cc [for tool]; 0s processwrapper-sandbox ... (4 actions, 3 running)
2026-10-07T01:05:54.1371789Z [449 / 944] Compiling absl/synchronization/internal/per_thread_sem.cc [for tool]; 0s processwrapper-sandbox ... (4 actions, 3 running)
2026-10-07T01:05:55.3701830Z [503 / 944] Compiling absl/log/internal/log_sink_set.cc [for tool]; 0s processwrapper-sandbox ... (4 actions running)
2026-10-07T01:05:56.3701892Z [530 / 944] Compiling absl/hash/internal/hash.cc; 0s processwrapper-sandbox ... (4 actions running)
2026-10-07T01:05:57.5983229Z [543 / 944] Compiling absl/strings/internal/str_format/arg.cc; 0s processwrapper-sandbox ... (4 actions, 3 running)
2026-10-07T01:05:58.6152019Z [556 / 944] Compiling absl/container/internal/raw_hash_set.cc [for tool]; 1s processwrapper-sandbox ... (4 actions, 3 running)
2026-10-07T01:05:59.8121890Z [568 / 944] Compiling absl/strings/internal/str_format/float_conversion.cc; 0s processwrapper-sandbox ... (4 actions, 3 running)
2026-10-07T01:06:01.1961880Z [579 / 944] Compiling absl/strings/internal/cord_rep_btree.cc [for tool]; 1s processwrapper-sandbox ... (4 actions, 3 running)
2026-10-07T01:06:02.2071706Z [587 / 944] Compiling src/google/protobuf/io/printer.cc [for tool]; 1s processwrapper-sandbox ... (4 actions, 3 running)
2026-10-07T01:06:03.2518472Z [604 / 944] Compiling src/google/protobuf/io/printer.cc [for tool]; 2s processwrapper-sandbox ... (4 actions, 2 running)
2026-10-07T01:06:04.2551975Z [611 / 944] Compiling src/google/protobuf/io/printer.cc [for tool]; 3s processwrapper-sandbox ... (4 actions, 3 running)
2026-10-07T01:06:05.2889508Z [619 / 944] Compiling src/google/protobuf/repeated_field.cc [for tool]; 1s processwrapper-sandbox ... (4 actions, 3 running)
2026-10-07T01:06:06.3741856Z [624 / 944] Compiling src/google/protobuf/parse_context.cc [for tool]; 1s processwrapper-sandbox ... (4 actions running)
2026-10-07T01:06:07.3761824Z [626 / 944] Compiling src/google/protobuf/message_lite.cc [for tool]; 1s processwrapper-sandbox ... (4 actions running)
2026-10-07T01:06:08.5032578Z [630 / 944] Compiling src/google/protobuf/map.cc [for tool]; 1s processwrapper-sandbox ... (4 actions, 3 running)
2026-10-07T01:06:08.5723342Z INFO: From Compiling src/google/protobuf/map.cc [for tool]:
2026-10-07T01:06:08.5731673Z In file included from bazel-out/k8-opt-exec-ST-d57f47055a04/bin/external/protobuf+/src/google/protobuf/_virtual_includes/protobuf_lite/google/protobuf/generated_enum_util.h:20,
2026-10-07T01:06:08.5732741Z                  from bazel-out/k8-opt-exec-ST-d57f47055a04/bin/external/protobuf+/src/google/protobuf/_virtual_includes/protobuf_lite/google/protobuf/map.h:41,
2026-10-07T01:06:08.5733377Z                  from external/protobuf+/src/google/protobuf/map.cc:8:
2026-10-07T01:06:08.5739555Z In function 'const google::protobuf::internal::ClassData* google::protobuf::internal::GetClassData(const Type&) [with Type = google::protobuf::MessageLite]',
2026-10-07T01:06:08.5740987Z     inlined from 'google::protobuf::internal::Offsets google::protobuf::internal::AlignAndAddSizeDynamic(size_t, UntypedMapBase::TypeKind, const google::protobuf::MessageLite*, size_t&)' at external/protobuf+/src/google/protobuf/map.cc:229:38,
2026-10-07T01:06:08.5742804Z     inlined from 'static google::protobuf::internal::UntypedMapBase::TypeInfo google::protobuf::internal::UntypedMapBase::GetTypeInfoDynamic(TypeKind, TypeKind, const google::protobuf::MessageLite*)' at external/protobuf+/src/google/protobuf/map.cc:249:29:
2026-10-07T01:06:08.5744166Z bazel-out/k8-opt-exec-ST-d57f47055a04/bin/external/protobuf+/src/google/protobuf/_virtual_includes/protobuf_lite/google/protobuf/message_lite.h:1230:28: warning: 'this' pointer is null [-Wnonnull]
2026-10-07T01:06:08.5744873Z  1230 |     return msg.GetClassData();
2026-10-07T01:06:08.5745152Z       |            ~~~~~~~~~~~~~~~~^~
2026-10-07T01:06:09.5242060Z [633 / 944] Compiling src/google/protobuf/compiler/versions.cc [for tool]; 1s processwrapper-sandbox ... (4 actions, 3 running)
2026-10-07T01:06:11.1199135Z [639 / 944] Compiling src/google/protobuf/generated_message_tctable_lite.cc [for tool]; 1s processwrapper-sandbox ... (4 actions, 3 running)
2026-10-07T01:06:12.3781808Z [642 / 944] Compiling src/google/protobuf/generated_message_tctable_lite.cc [for tool]; 2s processwrapper-sandbox ... (4 actions running)
2026-10-07T01:06:13.3796902Z [646 / 944] Compiling src/google/protobuf/generated_message_tctable_lite.cc [for tool]; 3s processwrapper-sandbox ... (4 actions running)
2026-10-07T01:06:14.7297167Z [648 / 944] Compiling src/google/protobuf/generated_message_tctable_lite.cc [for tool]; 5s processwrapper-sandbox ... (4 actions, 3 running)
2026-10-07T01:06:16.3794039Z [650 / 944] Compiling src/google/protobuf/generated_message_tctable_lite.cc [for tool]; 6s processwrapper-sandbox ... (4 actions running)
2026-10-07T01:06:17.3821884Z [655 / 944] Compiling src/google/protobuf/wire_format.cc [for tool]; 2s processwrapper-sandbox ... (4 actions running)
2026-10-07T01:06:19.2471715Z INFO: From Compiling src/google/protobuf/wire_format.cc [for tool]:
2026-10-07T01:06:19.2501162Z In file included from external/protobuf+/src/google/protobuf/wire_format.cc:31:
2026-10-07T01:06:19.2532019Z bazel-out/k8-opt-exec-ST-d57f47055a04/bin/external/protobuf+/src/google/protobuf/_virtual_includes/protobuf/google/protobuf/map_field.h: In constructor 'google::protobuf::internal::MapFieldBase::ReflectionPayload::ReflectionPayload(google::protobuf::Arena*, const google::protobuf::Message*)':
2026-10-07T01:06:19.2552329Z bazel-out/k8-opt-exec-ST-d57f47055a04/bin/external/protobuf+/src/google/protobuf/_virtual_includes/protobuf/google/protobuf/map_field.h:416:11: warning: 'google::protobuf::RepeatedPtrField<T>::RepeatedPtrField(google::protobuf::Arena*) [with Element = google::protobuf::Message]' is deprecated: Use Arena::Create<RepeatedPtrField<...>>(Arena*) instead [-Wdeprecated-declarations]
2026-10-07T01:06:19.2611149Z   416 |         : repeated_field_(arena), prototype_(prototype) {}
2026-10-07T01:06:19.2651176Z       |           ^~~~~~~~~~~~~~~~~~~~~~
2026-10-07T01:06:19.2671316Z In file included from bazel-out/k8-opt-exec-ST-d57f47055a04/bin/external/protobuf+/src/google/protobuf/_virtual_includes/protobuf_lite/google/protobuf/repeated_field.h:46,
2026-10-07T01:06:19.2681228Z                  from bazel-out/k8-opt-exec-ST-d57f47055a04/bin/external/protobuf+/src/google/protobuf/_virtual_includes/protobuf_lite/google/protobuf/parse_context.h:39,
2026-10-07T01:06:19.2711314Z                  from bazel-out/k8-opt-exec-ST-d57f47055a04/bin/external/protobuf+/src/google/protobuf/_virtual_includes/protobuf_lite/google/protobuf/generated_message_tctable_decl.h:25,
2026-10-07T01:06:19.2731320Z                  from bazel-out/k8-opt-exec-ST-d57f47055a04/bin/external/protobuf+/src/google/protobuf/_virtual_includes/protobuf_lite/google/protobuf/extension_set.h:40,
2026-10-07T01:06:19.2732480Z                  from bazel-out/k8-opt-exec-ST-d57f47055a04/bin/external/protobuf+/src/google/protobuf/_virtual_includes/protobuf/google/protobuf/descriptor.h:56,
2026-10-07T01:06:19.2771254Z                  from bazel-out/k8-opt-exec-ST-d57f47055a04/bin/external/protobuf+/src/google/protobuf/_virtual_includes/protobuf/google/protobuf/wire_format.h:26,
2026-10-07T01:06:19.2801371Z                  from external/protobuf+/src/google/protobuf/wire_format.cc:12:
2026-10-07T01:06:19.2821527Z bazel-out/k8-opt-exec-ST-d57f47055a04/bin/external/protobuf+/src/google/protobuf/_virtual_includes/protobuf_lite/google/protobuf/repeated_ptr_field.h:1380:8: note: declared here
2026-10-07T01:06:19.2831044Z  1380 | inline RepeatedPtrField<Element>::RepeatedPtrField(Arena* arena)
2026-10-07T01:06:19.2860869Z       |        ^~~~~~~~~~~~~~~~~~~~~~~~~
2026-10-07T01:06:19.2891420Z [656 / 944] Compiling src/google/protobuf/text_format.cc [for tool]; 2s processwrapper-sandbox ... (4 actions, 3 running)
2026-10-07T01:06:19.5371750Z INFO: From Compiling src/google/protobuf/reflection_ops.cc [for tool]:
2026-10-07T01:06:19.5431976Z In file included from external/protobuf+/src/google/protobuf/reflection_ops.cc:22:
2026-10-07T01:06:19.5433280Z bazel-out/k8-opt-exec-ST-d57f47055a04/bin/external/protobuf+/src/google/protobuf/_virtual_includes/protobuf/google/protobuf/map_field.h: In constructor 'google::protobuf::internal::MapFieldBase::ReflectionPayload::ReflectionPayload(google::protobuf::Arena*, const google::protobuf::Message*)':
2026-10-07T01:06:19.5435385Z bazel-out/k8-opt-exec-ST-d57f47055a04/bin/external/protobuf+/src/google/protobuf/_virtual_includes/protobuf/google/protobuf/map_field.h:416:11: warning: 'google::protobuf::RepeatedPtrField<T>::RepeatedPtrField(google::protobuf::Arena*) [with Element = google::protobuf::Message]' is deprecated: Use Arena::Create<RepeatedPtrField<...>>(Arena*) instead [-Wdeprecated-declarations]
2026-10-07T01:06:19.5436764Z   416 |         : repeated_field_(arena), prototype_(prototype) {}
2026-10-07T01:06:19.5460993Z       |           ^~~~~~~~~~~~~~~~~~~~~~
2026-10-07T01:06:19.5461704Z In file included from bazel-out/k8-opt-exec-ST-d57f47055a04/bin/external/protobuf+/src/google/protobuf/_virtual_includes/protobuf_lite/google/protobuf/repeated_field.h:46,
2026-10-07T01:06:19.5462734Z                  from bazel-out/k8-opt-exec-ST-d57f47055a04/bin/external/protobuf+/src/google/protobuf/_virtual_includes/protobuf_lite/google/protobuf/parse_context.h:39,
2026-10-07T01:06:19.5463764Z                  from bazel-out/k8-opt-exec-ST-d57f47055a04/bin/external/protobuf+/src/google/protobuf/_virtual_includes/protobuf_lite/google/protobuf/generated_message_tctable_decl.h:25,
2026-10-07T01:06:19.5472415Z                  from bazel-out/k8-opt-exec-ST-d57f47055a04/bin/external/protobuf+/src/google/protobuf/_virtual_includes/protobuf_lite/google/protobuf/extension_set.h:40,
2026-10-07T01:06:19.5473373Z                  from bazel-out/k8-opt-exec-ST-d57f47055a04/bin/external/protobuf+/src/google/protobuf/_virtual_includes/protobuf/google/protobuf/descriptor.h:56,
2026-10-07T01:06:19.5474311Z                  from bazel-out/k8-opt-exec-ST-d57f47055a04/bin/external/protobuf+/src/google/protobuf/_virtual_includes/protobuf/google/protobuf/message.h:112,
2026-10-07T01:06:19.5531474Z                  from bazel-out/k8-opt-exec-ST-d57f47055a04/bin/external/protobuf+/src/google/protobuf/_virtual_includes/protobuf/google/protobuf/reflection_ops.h:18,
2026-10-07T01:06:19.5532410Z                  from external/protobuf+/src/google/protobuf/reflection_ops.cc:11:
2026-10-07T01:06:19.5533435Z bazel-out/k8-opt-exec-ST-d57f47055a04/bin/external/protobuf+/src/google/protobuf/_virtual_includes/protobuf_lite/google/protobuf/repeated_ptr_field.h:1380:8: note: declared here
2026-10-07T01:06:19.5534368Z  1380 | inline RepeatedPtrField<Element>::RepeatedPtrField(Arena* arena)
2026-10-07T01:06:19.5534851Z       |        ^~~~~~~~~~~~~~~~~~~~~~~~~
2026-10-07T01:06:20.3821147Z [659 / 944] Compiling src/google/protobuf/text_format.cc [for tool]; 3s processwrapper-sandbox ... (4 actions running)
2026-10-07T01:06:21.5261998Z [660 / 944] Compiling src/google/protobuf/text_format.cc [for tool]; 4s processwrapper-sandbox ... (4 actions, 3 running)
2026-10-07T01:06:22.4251769Z INFO: From Compiling src/google/protobuf/text_format.cc [for tool]:
2026-10-07T01:06:22.4281418Z In file included from external/protobuf+/src/google/protobuf/text_format.cc:54:
2026-10-07T01:06:22.4342056Z bazel-out/k8-opt-exec-ST-d57f47055a04/bin/external/protobuf+/src/google/protobuf/_virtual_includes/protobuf/google/protobuf/map_field.h: In constructor 'google::protobuf::internal::MapFieldBase::ReflectionPayload::ReflectionPayload(google::protobuf::Arena*, const google::protobuf::Message*)':
2026-10-07T01:06:22.4402985Z bazel-out/k8-opt-exec-ST-d57f47055a04/bin/external/protobuf+/src/google/protobuf/_virtual_includes/protobuf/google/protobuf/map_field.h:416:11: warning: 'google::protobuf::RepeatedPtrField<T>::RepeatedPtrField(google::protobuf::Arena*) [with Element = google::protobuf::Message]' is deprecated: Use Arena::Create<RepeatedPtrField<...>>(Arena*) instead [-Wdeprecated-declarations]
2026-10-07T01:06:22.4430967Z   416 |         : repeated_field_(arena), prototype_(prototype) {}
2026-10-07T01:06:22.4461071Z       |           ^~~~~~~~~~~~~~~~~~~~~~
2026-10-07T01:06:22.4462133Z In file included from bazel-out/k8-opt-exec-ST-d57f47055a04/bin/external/protobuf+/src/google/protobuf/_virtual_includes/protobuf_lite/google/protobuf/repeated_field.h:46,
2026-10-07T01:06:22.4463287Z                  from bazel-out/k8-opt-exec-ST-d57f47055a04/bin/external/protobuf+/src/google/protobuf/_virtual_includes/protobuf_lite/google/protobuf/parse_context.h:39,
2026-10-07T01:06:22.4464398Z                  from bazel-out/k8-opt-exec-ST-d57f47055a04/bin/external/protobuf+/src/google/protobuf/_virtual_includes/protobuf_lite/google/protobuf/generated_message_tctable_decl.h:25,
2026-10-07T01:06:22.4465513Z                  from bazel-out/k8-opt-exec-ST-d57f47055a04/bin/external/protobuf+/src/google/protobuf/_virtual_includes/protobuf_lite/google/protobuf/extension_set.h:40,
2026-10-07T01:06:22.4466537Z                  from bazel-out/k8-opt-exec-ST-d57f47055a04/bin/external/protobuf+/src/google/protobuf/_virtual_includes/protobuf/google/protobuf/descriptor.h:56,
2026-10-07T01:06:22.4467569Z                  from bazel-out/k8-opt-exec-ST-d57f47055a04/bin/external/protobuf+/src/google/protobuf/_virtual_includes/protobuf/google/protobuf/text_format.h:27,
2026-10-07T01:06:22.4468313Z                  from external/protobuf+/src/google/protobuf/text_format.cc:12:
2026-10-07T01:06:22.4469145Z bazel-out/k8-opt-exec-ST-d57f47055a04/bin/external/protobuf+/src/google/protobuf/_virtual_includes/protobuf_lite/google/protobuf/repeated_ptr_field.h:1380:8: note: declared here
2026-10-07T01:06:22.4470044Z  1380 | inline RepeatedPtrField<Element>::RepeatedPtrField(Arena* arena)
2026-10-07T01:06:22.4470416Z       |        ^~~~~~~~~~~~~~~~~~~~~~~~~
2026-10-07T01:06:22.4471270Z external/protobuf+/src/google/protobuf/text_format.cc: In member function 'bool google::protobuf::TextFormat::Parser::ParserImpl::ConsumeField(google::protobuf::Message*)':
2026-10-07T01:06:22.4487738Z external/protobuf+/src/google/protobuf/text_format.cc:663:54: warning: 'bool google::protobuf::FieldOptions::weak() const' is deprecated [-Wdeprecated-declarations]
2026-10-07T01:06:22.4488476Z   663 |       if (consumed_semicolon && field->options().weak() &&
2026-10-07T01:06:22.4488817Z       |                                 ~~~~~~~~~~~~~~~~~~~~~^~
2026-10-07T01:06:22.4489214Z In file included from external/protobuf+/src/google/protobuf/text_format.cc:46:
2026-10-07T01:06:22.4490037Z bazel-out/k8-opt-exec-ST-d57f47055a04/bin/external/protobuf+/src/google/protobuf/_virtual_includes/protobuf/google/protobuf/descriptor.pb.h:18861:13: note: declared here
2026-10-07T01:06:22.4490936Z 18861 | inline bool FieldOptions::weak() const {
2026-10-07T01:06:22.4491224Z       |             ^~~~~~~~~~~~
2026-10-07T01:06:23.0011496Z INFO: From Compiling src/google/protobuf/message.cc [for tool]:
2026-10-07T01:06:23.0012084Z In file included from external/protobuf+/src/google/protobuf/message.cc:40:
2026-10-07T01:06:23.0102338Z bazel-out/k8-opt-exec-ST-d57f47055a04/bin/external/protobuf+/src/google/protobuf/_virtual_includes/protobuf/google/protobuf/map_field.h: In constructor 'google::protobuf::internal::MapFieldBase::ReflectionPayload::ReflectionPayload(google::protobuf::Arena*, const google::protobuf::Message*)':
2026-10-07T01:06:23.0192445Z bazel-out/k8-opt-exec-ST-d57f47055a04/bin/external/protobuf+/src/google/protobuf/_virtual_includes/protobuf/google/protobuf/map_field.h:416:11: warning: 'google::protobuf::RepeatedPtrField<T>::RepeatedPtrField(google::protobuf::Arena*) [with Element = google::protobuf::Message]' is deprecated: Use Arena::Create<RepeatedPtrField<...>>(Arena*) instead [-Wdeprecated-declarations]
2026-10-07T01:06:23.0214726Z   416 |         : repeated_field_(arena), prototype_(prototype) {}
2026-10-07T01:06:23.0220926Z       |           ^~~~~~~~~~~~~~~~~~~~~~
2026-10-07T01:06:23.0222033Z In file included from bazel-out/k8-opt-exec-ST-d57f47055a04/bin/external/protobuf+/src/google/protobuf/_virtual_includes/protobuf_lite/google/protobuf/repeated_field.h:46,
2026-10-07T01:06:23.0223116Z                  from bazel-out/k8-opt-exec-ST-d57f47055a04/bin/external/protobuf+/src/google/protobuf/_virtual_includes/protobuf_lite/google/protobuf/parse_context.h:39,
2026-10-07T01:06:23.0224405Z                  from bazel-out/k8-opt-exec-ST-d57f47055a04/bin/external/protobuf+/src/google/protobuf/_virtual_includes/protobuf_lite/google/protobuf/generated_message_tctable_decl.h:25,
2026-10-07T01:06:23.0225385Z                  from bazel-out/k8-opt-exec-ST-d57f47055a04/bin/external/protobuf+/src/google/protobuf/_virtual_includes/protobuf_lite/google/protobuf/extension_set.h:40,
2026-10-07T01:06:23.0226241Z                  from bazel-out/k8-opt-exec-ST-d57f47055a04/bin/external/protobuf+/src/google/protobuf/_virtual_includes/protobuf/google/protobuf/descriptor.h:56,
2026-10-07T01:06:23.0227222Z                  from bazel-out/k8-opt-exec-ST-d57f47055a04/bin/external/protobuf+/src/google/protobuf/_virtual_includes/protobuf/google/protobuf/message.h:112,
2026-10-07T01:06:23.0228230Z                  from external/protobuf+/src/google/protobuf/message.cc:12:
2026-10-07T01:06:23.0229167Z bazel-out/k8-opt-exec-ST-d57f47055a04/bin/external/protobuf+/src/google/protobuf/_virtual_includes/protobuf_lite/google/protobuf/repeated_ptr_field.h:1380:8: note: declared here
2026-10-07T01:06:23.0230115Z  1380 | inline RepeatedPtrField<Element>::RepeatedPtrField(Arena* arena)
2026-10-07T01:06:23.0230686Z       |        ^~~~~~~~~~~~~~~~~~~~~~~~~
2026-10-07T01:06:23.0231363Z [663 / 944] Compiling src/google/protobuf/generated_message_tctable_full.cc [for tool]; 1s processwrapper-sandbox ... (4 actions, 3 running)
2026-10-07T01:06:24.0483773Z [665 / 944] Compiling src/google/protobuf/descriptor.cc [for tool]; 2s processwrapper-sandbox ... (4 actions, 3 running)
2026-10-07T01:06:25.3861772Z [665 / 944] Compiling src/google/protobuf/descriptor.cc [for tool]; 3s processwrapper-sandbox ... (4 actions running)
2026-10-07T01:06:27.3891735Z [670 / 944] Compiling src/google/protobuf/descriptor.cc [for tool]; 5s processwrapper-sandbox ... (4 actions running)
2026-10-07T01:06:28.9559899Z [671 / 944] Compiling src/google/protobuf/descriptor.cc [for tool]; 7s processwrapper-sandbox ... (4 actions, 3 running)
2026-10-07T01:06:30.3901719Z [671 / 944] Compiling src/google/protobuf/descriptor.cc [for tool]; 8s processwrapper-sandbox ... (4 actions running)
2026-10-07T01:06:31.3297738Z INFO: From Compiling src/google/protobuf/compiler/cpp/enum.cc [for tool]:
2026-10-07T01:06:31.3351457Z In file included from external/protobuf+/src/google/protobuf/compiler/cpp/enum.cc:29:
2026-10-07T01:06:31.3433679Z bazel-out/k8-opt-exec-ST-d57f47055a04/bin/external/protobuf+/src/google/protobuf/compiler/cpp/_virtual_includes/names_internal/google/protobuf/compiler/cpp/helpers.h: In function 'bool google::protobuf::compiler::cpp::IsWeak(const google::protobuf::FieldDescriptor*, const Options&)':
2026-10-07T01:06:31.3484730Z bazel-out/k8-opt-exec-ST-d57f47055a04/bin/external/protobuf+/src/google/protobuf/compiler/cpp/_virtual_includes/names_internal/google/protobuf/compiler/cpp/helpers.h:347:28: warning: 'bool google::protobuf::FieldOptions::weak() const' is deprecated [-Wdeprecated-declarations]
2026-10-07T01:06:31.3490998Z   347 |   if (field->options().weak()) {
2026-10-07T01:06:31.3530901Z       |       ~~~~~~~~~~~~~~~~~~~~~^~
2026-10-07T01:06:31.3581404Z In file included from bazel-out/k8-opt-exec-ST-d57f47055a04/bin/external/protobuf+/src/google/protobuf/compiler/_virtual_includes/code_generator_lite/google/protobuf/compiler/code_generator_lite.h:18,
2026-10-07T01:06:31.3591353Z                  from bazel-out/k8-opt-exec-ST-d57f47055a04/bin/external/protobuf+/src/google/protobuf/compiler/_virtual_includes/code_generator/google/protobuf/compiler/code_generator.h:25,
2026-10-07T01:06:31.3611588Z                  from bazel-out/k8-opt-exec-ST-d57f47055a04/bin/external/protobuf+/src/google/protobuf/compiler/cpp/_virtual_includes/cpp/google/protobuf/compiler/cpp/generator.h:24,
2026-10-07T01:06:31.3640995Z                  from external/protobuf+/src/google/protobuf/compiler/cpp/enum.cc:28:
2026-10-07T01:06:31.3671382Z bazel-out/k8-opt-exec-ST-d57f47055a04/bin/external/protobuf+/src/google/protobuf/_virtual_includes/protobuf/google/protobuf/descriptor.pb.h:18861:13: note: declared here
2026-10-07T01:06:31.3700920Z 18861 | inline bool FieldOptions::weak() const {
2026-10-07T01:06:31.3730847Z       |             ^~~~~~~~~~~~
2026-10-07T01:06:31.3911369Z [673 / 944] Compiling src/google/protobuf/descriptor.cc [for tool]; 9s processwrapper-sandbox ... (4 actions running)
2026-10-07T01:06:34.1662606Z INFO: From Compiling src/google/protobuf/compiler/cpp/helpers.cc [for tool]:
2026-10-07T01:06:34.1692639Z In file included from external/protobuf+/src/google/protobuf/compiler/cpp/helpers.cc:12:
2026-10-07T01:06:34.1732359Z bazel-out/k8-opt-exec-ST-d57f47055a04/bin/external/protobuf+/src/google/protobuf/compiler/cpp/_virtual_includes/names_internal/google/protobuf/compiler/cpp/helpers.h: In function 'bool google::protobuf::compiler::cpp::IsWeak(const google::protobuf::FieldDescriptor*, const Options&)':
2026-10-07T01:06:34.1734557Z bazel-out/k8-opt-exec-ST-d57f47055a04/bin/external/protobuf+/src/google/protobuf/compiler/cpp/_virtual_includes/names_internal/google/protobuf/compiler/cpp/helpers.h:347:28: warning: 'bool google::protobuf::FieldOptions::weak() const' is deprecated [-Wdeprecated-declarations]
2026-10-07T01:06:34.1737139Z   347 |   if (field->options().weak()) {
2026-10-07T01:06:34.1737510Z       |       ~~~~~~~~~~~~~~~~~~~~~^~
2026-10-07T01:06:34.1738327Z In file included from bazel-out/k8-opt-exec-ST-d57f47055a04/bin/external/protobuf+/src/google/protobuf/compiler/_virtual_includes/code_generator_lite/google/protobuf/compiler/code_generator_lite.h:18,
2026-10-07T01:06:34.1739592Z                  from bazel-out/k8-opt-exec-ST-d57f47055a04/bin/external/protobuf+/src/google/protobuf/compiler/_virtual_includes/code_generator/google/protobuf/compiler/code_generator.h:25,
2026-10-07T01:06:34.1740885Z                  from bazel-out/k8-opt-exec-ST-d57f47055a04/bin/external/protobuf+/src/google/protobuf/compiler/cpp/_virtual_includes/names_internal/google/protobuf/compiler/cpp/helpers.h:29:
2026-10-07T01:06:34.1742049Z bazel-out/k8-opt-exec-ST-d57f47055a04/bin/external/protobuf+/src/google/protobuf/_virtual_includes/protobuf/google/protobuf/descriptor.pb.h:18861:13: note: declared here
2026-10-07T01:06:34.1742819Z 18861 | inline bool FieldOptions::weak() const {
2026-10-07T01:06:34.1743193Z       |             ^~~~~~~~~~~~
2026-10-07T01:06:34.1744130Z external/protobuf+/src/google/protobuf/compiler/cpp/helpers.cc: In member function 'google::protobuf::compiler::cpp::MessageAnalysis google::protobuf::compiler::cpp::MessageSCCAnalyzer::GetSCCAnalysis(const google::protobuf::compiler::SCC*)':
2026-10-07T01:06:34.1745507Z external/protobuf+/src/google/protobuf/compiler/cpp/helpers.cc:1802:32: warning: 'bool google::protobuf::FieldOptions::weak() const' is deprecated [-Wdeprecated-declarations]
2026-10-07T01:06:34.1746277Z  1802 |       if (field->options().weak()) {
2026-10-07T01:06:34.1746993Z       |           ~~~~~~~~~~~~~~~~~~~~~^~
2026-10-07T01:06:34.1747741Z bazel-out/k8-opt-exec-ST-d57f47055a04/bin/external/protobuf+/src/google/protobuf/_virtual_includes/protobuf/google/protobuf/descriptor.pb.h:18861:13: note: declared here
2026-10-07T01:06:34.1748521Z 18861 | inline bool FieldOptions::weak() const {
2026-10-07T01:06:34.1748894Z       |             ^~~~~~~~~~~~
2026-10-07T01:06:34.1749519Z [674 / 944] Compiling src/google/protobuf/descriptor.cc [for tool]; 12s processwrapper-sandbox ... (4 actions, 3 running)
2026-10-07T01:06:35.3921702Z [675 / 944] Compiling src/google/protobuf/descriptor.cc [for tool]; 13s processwrapper-sandbox ... (4 actions running)
2026-10-07T01:06:36.2531882Z INFO: From Compiling src/google/protobuf/compiler/cpp/extension.cc [for tool]:
2026-10-07T01:06:36.2572152Z In file included from bazel-out/k8-opt-exec-ST-d57f47055a04/bin/external/protobuf+/src/google/protobuf/compiler/cpp/_virtual_includes/cpp/google/protobuf/compiler/cpp/extension.h:19,
2026-10-07T01:06:36.2589368Z                  from external/protobuf+/src/google/protobuf/compiler/cpp/extension.cc:12:
2026-10-07T01:06:36.2601981Z bazel-out/k8-opt-exec-ST-d57f47055a04/bin/external/protobuf+/src/google/protobuf/compiler/cpp/_virtual_includes/names_internal/google/protobuf/compiler/cpp/helpers.h: In function 'bool google::protobuf::compiler::cpp::IsWeak(const google::protobuf::FieldDescriptor*, const Options&)':
2026-10-07T01:06:36.2621785Z bazel-out/k8-opt-exec-ST-d57f47055a04/bin/external/protobuf+/src/google/protobuf/compiler/cpp/_virtual_includes/names_internal/google/protobuf/compiler/cpp/helpers.h:347:28: warning: 'bool google::protobuf::FieldOptions::weak() const' is deprecated [-Wdeprecated-declarations]
2026-10-07T01:06:36.2622835Z   347 |   if (field->options().weak()) {
2026-10-07T01:06:36.2623077Z       |       ~~~~~~~~~~~~~~~~~~~~~^~
2026-10-07T01:06:36.2623804Z In file included from bazel-out/k8-opt-exec-ST-d57f47055a04/bin/external/protobuf+/src/google/protobuf/compiler/_virtual_includes/code_generator_lite/google/protobuf/compiler/code_generator_lite.h:18,
2026-10-07T01:06:36.2624961Z                  from bazel-out/k8-opt-exec-ST-d57f47055a04/bin/external/protobuf+/src/google/protobuf/compiler/_virtual_includes/code_generator/google/protobuf/compiler/code_generator.h:25,
2026-10-07T01:06:36.2626039Z                  from bazel-out/k8-opt-exec-ST-d57f47055a04/bin/external/protobuf+/src/google/protobuf/compiler/cpp/_virtual_includes/names_internal/google/protobuf/compiler/cpp/helpers.h:29:
2026-10-07T01:06:36.2627072Z bazel-out/k8-opt-exec-ST-d57f47055a04/bin/external/protobuf+/src/google/protobuf/_virtual_includes/protobuf/google/protobuf/descriptor.pb.h:18861:13: note: declared here
2026-10-07T01:06:36.2629566Z 18861 | inline bool FieldOptions::weak() const {
2026-10-07T01:06:36.2629839Z       |             ^~~~~~~~~~~~
2026-10-07T01:06:37.3931702Z [676 / 944] Compiling src/google/protobuf/descriptor.cc [for tool]; 15s processwrapper-sandbox ... (4 actions running)
2026-10-07T01:06:38.6904320Z INFO: From Compiling src/google/protobuf/compiler/cpp/field_generators/map_field.cc [for tool]:
2026-10-07T01:06:38.6932215Z In file included from bazel-out/k8-opt-exec-ST-d57f47055a04/bin/external/protobuf+/src/google/protobuf/compiler/cpp/_virtual_includes/cpp/google/protobuf/compiler/cpp/field.h:26,
2026-10-07T01:06:38.6951785Z                  from external/protobuf+/src/google/protobuf/compiler/cpp/field_generators/map_field.cc:19:
2026-10-07T01:06:38.6989504Z bazel-out/k8-opt-exec-ST-d57f47055a04/bin/external/protobuf+/src/google/protobuf/compiler/cpp/_virtual_includes/names_internal/google/protobuf/compiler/cpp/helpers.h: In function 'bool google::protobuf::compiler::cpp::IsWeak(const google::protobuf::FieldDescriptor*, const Options&)':
2026-10-07T01:06:38.7012150Z bazel-out/k8-opt-exec-ST-d57f47055a04/bin/external/protobuf+/src/google/protobuf/compiler/cpp/_virtual_includes/names_internal/google/protobuf/compiler/cpp/helpers.h:347:28: warning: 'bool google::protobuf::FieldOptions::weak() const' is deprecated [-Wdeprecated-declarations]
2026-10-07T01:06:38.7031513Z   347 |   if (field->options().weak()) {
2026-10-07T01:06:38.7031944Z       |       ~~~~~~~~~~~~~~~~~~~~~^~
2026-10-07T01:06:38.7034398Z In file included from bazel-out/k8-opt-exec-ST-d57f47055a04/bin/external/protobuf+/src/google/protobuf/compiler/_virtual_includes/code_generator_lite/google/protobuf/compiler/code_generator_lite.h:18,
2026-10-07T01:06:38.7035746Z                  from bazel-out/k8-opt-exec-ST-d57f47055a04/bin/external/protobuf+/src/google/protobuf/compiler/_virtual_includes/code_generator/google/protobuf/compiler/code_generator.h:25,
2026-10-07T01:06:38.7037012Z                  from bazel-out/k8-opt-exec-ST-d57f47055a04/bin/external/protobuf+/src/google/protobuf/compiler/cpp/_virtual_includes/names_internal/google/protobuf/compiler/cpp/helpers.h:29:
2026-10-07T01:06:38.7038533Z bazel-out/k8-opt-exec-ST-d57f47055a04/bin/external/protobuf+/src/google/protobuf/_virtual_includes/protobuf/google/protobuf/descriptor.pb.h:18861:13: note: declared here
2026-10-07T01:06:38.7039626Z 18861 | inline bool FieldOptions::weak() const {
2026-10-07T01:06:38.7040021Z       |             ^~~~~~~~~~~~
2026-10-07T01:06:38.7040806Z [677 / 944] Compiling src/google/protobuf/descriptor.cc [for tool]; 17s processwrapper-sandbox ... (4 actions, 3 running)
2026-10-07T01:06:40.2271737Z INFO: From Compiling src/google/protobuf/descriptor.cc [for tool]:
2026-10-07T01:06:40.2331959Z external/protobuf+/src/google/protobuf/descriptor.cc: In member function 'void google::protobuf::FieldDescriptor::DebugString(int, std::string*, const google::protobuf::DebugStringOptions&) const':
2026-10-07T01:06:40.2368134Z external/protobuf+/src/google/protobuf/descriptor.cc:3953:65: warning: 'bool google::protobuf::FieldDescriptor::has_optional_keyword() const' is deprecated: Use has_presence() instead. [-Wdeprecated-declarations]
2026-10-07T01:06:40.2388761Z  3953 |       (!is_required() && !is_repeated() && !has_optional_keyword())) {
2026-10-07T01:06:40.2390844Z       |                                             ~~~~~~~~~~~~~~~~~~~~^~
2026-10-07T01:06:40.2391239Z In file included from external/protobuf+/src/google/protobuf/descriptor.cc:12:
2026-10-07T01:06:40.2391984Z bazel-out/k8-opt-exec-ST-d57f47055a04/bin/external/protobuf+/src/google/protobuf/_virtual_includes/protobuf/google/protobuf/descriptor.h:1136:8: note: declared here
2026-10-07T01:06:40.2392647Z  1136 |   bool has_optional_keyword() const;
2026-10-07T01:06:40.2392897Z       |        ^~~~~~~~~~~~~~~~~~~~
2026-10-07T01:06:40.2393693Z external/protobuf+/src/google/protobuf/descriptor.cc: In member function 'void google::protobuf::DescriptorBuilder::CrossLinkField(google::protobuf::FieldDescriptor*, const google::protobuf::FieldDescriptorProto&)':
2026-10-07T01:06:40.2394863Z external/protobuf+/src/google/protobuf/descriptor.cc:7982:65: warning: 'bool google::protobuf::FieldOptions::weak() const' is deprecated [-Wdeprecated-declarations]
2026-10-07T01:06:40.2395543Z  7982 |     bool is_weak = !pool_->enforce_weak_ && proto.options().weak();
2026-10-07T01:06:40.2395891Z       |                                             ~~~~~~~~~~~~~~~~~~~~^~
2026-10-07T01:06:40.2396552Z In file included from bazel-out/k8-opt-exec-ST-d57f47055a04/bin/external/protobuf+/src/google/protobuf/_virtual_includes/protobuf/google/protobuf/cpp_features.pb.h:33,
2026-10-07T01:06:40.2397277Z                  from external/protobuf+/src/google/protobuf/descriptor.cc:72:
2026-10-07T01:06:40.2398009Z bazel-out/k8-opt-exec-ST-d57f47055a04/bin/external/protobuf+/src/google/protobuf/_virtual_includes/protobuf/google/protobuf/descriptor.pb.h:18861:13: note: declared here
2026-10-07T01:06:40.2398706Z 18861 | inline bool FieldOptions::weak() const {
2026-10-07T01:06:40.2398998Z       |             ^~~~~~~~~~~~
2026-10-07T01:06:40.2399787Z external/protobuf+/src/google/protobuf/descriptor.cc: In function 'google::protobuf::internal::cpp::HasbitMode google::protobuf::internal::cpp::GetFieldHasbitModeWithoutProfile(const google::protobuf::FieldDescriptor*)':
2026-10-07T01:06:40.2401502Z external/protobuf+/src/google/protobuf/descriptor.cc:10700:62: warning: 'bool google::protobuf::FieldOptions::weak() const' is deprecated [-Wdeprecated-declarations]
2026-10-07T01:06:40.2402206Z 10700 |   if (field->real_containing_oneof() || field->options().weak() ||
2026-10-07T01:06:40.2402570Z       |                                         ~~~~~~~~~~~~~~~~~~~~~^~
2026-10-07T01:06:40.2403258Z bazel-out/k8-opt-exec-ST-d57f47055a04/bin/external/protobuf+/src/google/protobuf/_virtual_includes/protobuf/google/protobuf/descriptor.pb.h:18861:13: note: declared here
2026-10-07T01:06:40.2403938Z 18861 | inline bool FieldOptions::weak() const {
2026-10-07T01:06:40.2404196Z       |             ^~~~~~~~~~~~
2026-10-07T01:06:40.2404674Z [678 / 944] Compiling src/google/protobuf/compiler/cpp/message.cc [for tool]; 9s processwrapper-sandbox ... (4 actions, 3 running)
2026-10-07T01:06:40.8318215Z INFO: From Compiling src/google/protobuf/compiler/cpp/field.cc [for tool]:
2026-10-07T01:06:40.8371676Z In file included from bazel-out/k8-opt-exec-ST-d57f47055a04/bin/external/protobuf+/src/google/protobuf/compiler/cpp/_virtual_includes/cpp/google/protobuf/compiler/cpp/field.h:26,
2026-10-07T01:06:40.8421301Z                  from external/protobuf+/src/google/protobuf/compiler/cpp/field.cc:12:
2026-10-07T01:06:40.8431840Z bazel-out/k8-opt-exec-ST-d57f47055a04/bin/external/protobuf+/src/google/protobuf/compiler/cpp/_virtual_includes/names_internal/google/protobuf/compiler/cpp/helpers.h: In function 'bool google::protobuf::compiler::cpp::IsWeak(const google::protobuf::FieldDescriptor*, const Options&)':
2026-10-07T01:06:40.8452016Z bazel-out/k8-opt-exec-ST-d57f47055a04/bin/external/protobuf+/src/google/protobuf/compiler/cpp/_virtual_includes/names_internal/google/protobuf/compiler/cpp/helpers.h:347:28: warning: 'bool google::protobuf::FieldOptions::weak() const' is deprecated [-Wdeprecated-declarations]
2026-10-07T01:06:40.8472384Z   347 |   if (field->options().weak()) {
2026-10-07T01:06:40.8480099Z       |       ~~~~~~~~~~~~~~~~~~~~~^~
2026-10-07T01:06:40.8481249Z In file included from bazel-out/k8-opt-exec-ST-d57f47055a04/bin/external/protobuf+/src/google/protobuf/compiler/_virtual_includes/code_generator_lite/google/protobuf/compiler/code_generator_lite.h:18,
2026-10-07T01:06:40.8482704Z                  from bazel-out/k8-opt-exec-ST-d57f47055a04/bin/external/protobuf+/src/google/protobuf/compiler/_virtual_includes/code_generator/google/protobuf/compiler/code_generator.h:25,
2026-10-07T01:06:40.8483914Z                  from bazel-out/k8-opt-exec-ST-d57f47055a04/bin/external/protobuf+/src/google/protobuf/compiler/cpp/_virtual_includes/names_internal/google/protobuf/compiler/cpp/helpers.h:29:
2026-10-07T01:06:40.8485285Z bazel-out/k8-opt-exec-ST-d57f47055a04/bin/external/protobuf+/src/google/protobuf/_virtual_includes/protobuf/google/protobuf/descriptor.pb.h:18861:13: note: declared here
2026-10-07T01:06:40.8486118Z 18861 | inline bool FieldOptions::weak() const {
2026-10-07T01:06:40.8486520Z       |             ^~~~~~~~~~~~
2026-10-07T01:06:41.3971806Z [680 / 944] Compiling src/google/protobuf/compiler/cpp/message.cc [for tool]; 10s processwrapper-sandbox ... (4 actions running)
2026-10-07T01:06:43.3811787Z INFO: From Compiling src/google/protobuf/compiler/cpp/field_chunk.cc [for tool]:
2026-10-07T01:06:43.3841782Z In file included from bazel-out/k8-opt-exec-ST-d57f47055a04/bin/external/protobuf+/src/google/protobuf/compiler/cpp/_virtual_includes/cpp/google/protobuf/compiler/cpp/field_chunk.h:10,
2026-10-07T01:06:43.3871486Z                  from external/protobuf+/src/google/protobuf/compiler/cpp/field_chunk.cc:1:
2026-10-07T01:06:43.3881917Z bazel-out/k8-opt-exec-ST-d57f47055a04/bin/external/protobuf+/src/google/protobuf/compiler/cpp/_virtual_includes/names_internal/google/protobuf/compiler/cpp/helpers.h: In function 'bool google::protobuf::compiler::cpp::IsWeak(const google::protobuf::FieldDescriptor*, const Options&)':
2026-10-07T01:06:43.3901794Z bazel-out/k8-opt-exec-ST-d57f47055a04/bin/external/protobuf+/src/google/protobuf/compiler/cpp/_virtual_includes/names_internal/google/protobuf/compiler/cpp/helpers.h:347:28: warning: 'bool google::protobuf::FieldOptions::weak() const' is deprecated [-Wdeprecated-declarations]
2026-10-07T01:06:43.3903803Z   347 |   if (field->options().weak()) {
2026-10-07T01:06:43.3904270Z       |       ~~~~~~~~~~~~~~~~~~~~~^~
2026-10-07T01:06:43.3905175Z In file included from bazel-out/k8-opt-exec-ST-d57f47055a04/bin/external/protobuf+/src/google/protobuf/compiler/_virtual_includes/code_generator_lite/google/protobuf/compiler/code_generator_lite.h:18,
2026-10-07T01:06:43.3906786Z                  from bazel-out/k8-opt-exec-ST-d57f47055a04/bin/external/protobuf+/src/google/protobuf/compiler/_virtual_includes/code_generator/google/protobuf/compiler/code_generator.h:25,
2026-10-07T01:06:43.3908300Z                  from bazel-out/k8-opt-exec-ST-d57f47055a04/bin/external/protobuf+/src/google/protobuf/compiler/cpp/_virtual_includes/names_internal/google/protobuf/compiler/cpp/helpers.h:29:
2026-10-07T01:06:43.3909521Z bazel-out/k8-opt-exec-ST-d57f47055a04/bin/external/protobuf+/src/google/protobuf/_virtual_includes/protobuf/google/protobuf/descriptor.pb.h:18861:13: note: declared here
2026-10-07T01:06:43.3910366Z 18861 | inline bool FieldOptions::weak() const {
2026-10-07T01:06:43.3911169Z       |             ^~~~~~~~~~~~
2026-10-07T01:06:43.3911808Z [681 / 944] Compiling src/google/protobuf/compiler/cpp/message.cc [for tool]; 12s processwrapper-sandbox ... (4 actions, 3 running)
2026-10-07T01:06:44.1091820Z INFO: From Compiling src/google/protobuf/compiler/cpp/tracker.cc [for tool]:
2026-10-07T01:06:44.1121373Z In file included from external/protobuf+/src/google/protobuf/compiler/cpp/tracker.cc:20:
2026-10-07T01:06:44.1152013Z bazel-out/k8-opt-exec-ST-d57f47055a04/bin/external/protobuf+/src/google/protobuf/compiler/cpp/_virtual_includes/names_internal/google/protobuf/compiler/cpp/helpers.h: In function 'bool google::protobuf::compiler::cpp::IsWeak(const google::protobuf::FieldDescriptor*, const Options&)':
2026-10-07T01:06:44.1178117Z bazel-out/k8-opt-exec-ST-d57f47055a04/bin/external/protobuf+/src/google/protobuf/compiler/cpp/_virtual_includes/names_internal/google/protobuf/compiler/cpp/helpers.h:347:28: warning: 'bool google::protobuf::FieldOptions::weak() const' is deprecated [-Wdeprecated-declarations]
2026-10-07T01:06:44.1184119Z   347 |   if (field->options().weak()) {
2026-10-07T01:06:44.1200905Z       |       ~~~~~~~~~~~~~~~~~~~~~^~
2026-10-07T01:06:44.1221567Z In file included from bazel-out/k8-opt-exec-ST-d57f47055a04/bin/external/protobuf+/src/google/protobuf/compiler/_virtual_includes/code_generator_lite/google/protobuf/compiler/code_generator_lite.h:18,
2026-10-07T01:06:44.1222902Z                  from bazel-out/k8-opt-exec-ST-d57f47055a04/bin/external/protobuf+/src/google/protobuf/compiler/_virtual_includes/code_generator/google/protobuf/compiler/code_generator.h:25,
2026-10-07T01:06:44.1224215Z                  from bazel-out/k8-opt-exec-ST-d57f47055a04/bin/external/protobuf+/src/google/protobuf/compiler/cpp/_virtual_includes/names_internal/google/protobuf/compiler/cpp/helpers.h:29:
2026-10-07T01:06:44.1225396Z bazel-out/k8-opt-exec-ST-d57f47055a04/bin/external/protobuf+/src/google/protobuf/_virtual_includes/protobuf/google/protobuf/descriptor.pb.h:18861:13: note: declared here
2026-10-07T01:06:44.1226159Z 18861 | inline bool FieldOptions::weak() const {
2026-10-07T01:06:44.1226501Z       |             ^~~~~~~~~~~~
2026-10-07T01:06:44.3981725Z [682 / 944] Compiling src/google/protobuf/compiler/cpp/message.cc [for tool]; 13s processwrapper-sandbox ... (4 actions running)
2026-10-07T01:06:44.7501889Z INFO: From Compiling src/google/protobuf/compiler/cpp/message.cc [for tool]:
2026-10-07T01:06:44.7522112Z In file included from bazel-out/k8-opt-exec-ST-d57f47055a04/bin/external/protobuf+/src/google/protobuf/compiler/cpp/_virtual_includes/cpp/google/protobuf/compiler/cpp/extension.h:19,
2026-10-07T01:06:44.7591676Z                  from bazel-out/k8-opt-exec-ST-d57f47055a04/bin/external/protobuf+/src/google/protobuf/compiler/cpp/_virtual_includes/cpp/google/protobuf/compiler/cpp/message.h:25,
2026-10-07T01:06:44.7651139Z                  from external/protobuf+/src/google/protobuf/compiler/cpp/message.cc:12:
2026-10-07T01:06:44.7671894Z bazel-out/k8-opt-exec-ST-d57f47055a04/bin/external/protobuf+/src/google/protobuf/compiler/cpp/_virtual_includes/names_internal/google/protobuf/compiler/cpp/helpers.h: In function 'bool google::protobuf::compiler::cpp::IsWeak(const google::protobuf::FieldDescriptor*, const Options&)':
2026-10-07T01:06:44.7673653Z bazel-out/k8-opt-exec-ST-d57f47055a04/bin/external/protobuf+/src/google/protobuf/compiler/cpp/_virtual_includes/names_internal/google/protobuf/compiler/cpp/helpers.h:347:28: warning: 'bool google::protobuf::FieldOptions::weak() const' is deprecated [-Wdeprecated-declarations]
2026-10-07T01:06:44.7675204Z   347 |   if (field->options().weak()) {
2026-10-07T01:06:44.7675455Z       |       ~~~~~~~~~~~~~~~~~~~~~^~
2026-10-07T01:06:44.7676209Z In file included from bazel-out/k8-opt-exec-ST-d57f47055a04/bin/external/protobuf+/src/google/protobuf/compiler/_virtual_includes/code_generator_lite/google/protobuf/compiler/code_generator_lite.h:18,
2026-10-07T01:06:44.7677400Z                  from bazel-out/k8-opt-exec-ST-d57f47055a04/bin/external/protobuf+/src/google/protobuf/compiler/_virtual_includes/code_generator/google/protobuf/compiler/code_generator.h:25,
2026-10-07T01:06:44.7678510Z                  from bazel-out/k8-opt-exec-ST-d57f47055a04/bin/external/protobuf+/src/google/protobuf/compiler/cpp/_virtual_includes/names_internal/google/protobuf/compiler/cpp/helpers.h:29:
2026-10-07T01:06:44.7679628Z bazel-out/k8-opt-exec-ST-d57f47055a04/bin/external/protobuf+/src/google/protobuf/_virtual_includes/protobuf/google/protobuf/descriptor.pb.h:18861:13: note: declared here
2026-10-07T01:06:44.7680315Z 18861 | inline bool FieldOptions::weak() const {
2026-10-07T01:06:44.7680740Z       |             ^~~~~~~~~~~~
2026-10-07T01:06:44.7681801Z external/protobuf+/src/google/protobuf/compiler/cpp/message.cc: In function 'void google::protobuf::compiler::cpp::{anonymous}::PrintPresenceCheck(const google::protobuf::FieldDescriptor*, const std::vector<int>&, google::protobuf::io::Printer*, int*, const google::protobuf::compiler::cpp::Options&)':
2026-10-07T01:06:44.7683248Z external/protobuf+/src/google/protobuf/compiler/cpp/message.cc:176:29: warning: 'bool google::protobuf::FieldOptions::weak() const' is deprecated [-Wdeprecated-declarations]
2026-10-07T01:06:44.7683916Z   176 |   if (!field->options().weak()) {
2026-10-07T01:06:44.7684171Z       |        ~~~~~~~~~~~~~~~~~~~~~^~
2026-10-07T01:06:44.7684831Z bazel-out/k8-opt-exec-ST-d57f47055a04/bin/external/protobuf+/src/google/protobuf/_virtual_includes/protobuf/google/protobuf/descriptor.pb.h:18861:13: note: declared here
2026-10-07T01:06:44.7685488Z 18861 | inline bool FieldOptions::weak() const {
2026-10-07T01:06:44.7685756Z       |             ^~~~~~~~~~~~
2026-10-07T01:06:44.7686490Z external/protobuf+/src/google/protobuf/compiler/cpp/message.cc: In member function 'void google::protobuf::compiler::cpp::MessageGenerator::GenerateFieldAccessorDeclarations(google::protobuf::io::Printer*)':
2026-10-07T01:06:44.7687689Z external/protobuf+/src/google/protobuf/compiler/cpp/message.cc:775:66: warning: 'bool google::protobuf::FieldOptions::weak() const' is deprecated [-Wdeprecated-declarations]
2026-10-07T01:06:44.7688430Z   775 |     if (!field->real_containing_oneof() && !field->options().weak()) {
2026-10-07T01:06:44.7688786Z       |                                             ~~~~~~~~~~~~~~~~~~~~~^~
2026-10-07T01:06:44.7689467Z bazel-out/k8-opt-exec-ST-d57f47055a04/bin/external/protobuf+/src/google/protobuf/_virtual_includes/protobuf/google/protobuf/descriptor.pb.h:18861:13: note: declared here
2026-10-07T01:06:44.7690147Z 18861 | inline bool FieldOptions::weak() const {
2026-10-07T01:06:44.7690418Z       |             ^~~~~~~~~~~~
2026-10-07T01:06:44.7691381Z external/protobuf+/src/google/protobuf/compiler/cpp/message.cc: In member function 'void google::protobuf::compiler::cpp::MessageGenerator::GenerateSingularFieldHasBits(const google::protobuf::FieldDescriptor*, google::protobuf::io::Printer*)':
2026-10-07T01:06:44.7692926Z external/protobuf+/src/google/protobuf/compiler/cpp/message.cc:1140:28: warning: 'bool google::protobuf::FieldOptions::weak() const' is deprecated [-Wdeprecated-declarations]
2026-10-07T01:06:44.7693598Z  1140 |   if (field->options().weak()) {
2026-10-07T01:06:44.7693847Z       |       ~~~~~~~~~~~~~~~~~~~~~^~
2026-10-07T01:06:44.7694528Z bazel-out/k8-opt-exec-ST-d57f47055a04/bin/external/protobuf+/src/google/protobuf/_virtual_includes/protobuf/google/protobuf/descriptor.pb.h:18861:13: note: declared here
2026-10-07T01:06:44.7695202Z 18861 | inline bool FieldOptions::weak() const {
2026-10-07T01:06:44.7695463Z       |             ^~~~~~~~~~~~
2026-10-07T01:06:44.7696603Z external/protobuf+/src/google/protobuf/compiler/cpp/message.cc: In member function 'void google::protobuf::compiler::cpp::MessageGenerator::MaybeEmitUpdateCachedHasbits(const google::protobuf::FieldDescriptor*, google::protobuf::io::Printer*, int&) const':
2026-10-07T01:06:44.7697958Z external/protobuf+/src/google/protobuf/compiler/cpp/message.cc:1396:59: warning: 'bool google::protobuf::FieldOptions::weak() const' is deprecated [-Wdeprecated-declarations]
2026-10-07T01:06:44.7698688Z  1396 |   if (!HasHasbit(field, options_) || field->options().weak()) return;
2026-10-07T01:06:44.7699071Z       |                                      ~~~~~~~~~~~~~~~~~~~~~^~
2026-10-07T01:06:44.7699748Z bazel-out/k8-opt-exec-ST-d57f47055a04/bin/external/protobuf+/src/google/protobuf/_virtual_includes/protobuf/google/protobuf/descriptor.pb.h:18861:13: note: declared here
2026-10-07T01:06:44.7700426Z 18861 | inline bool FieldOptions::weak() const {
2026-10-07T01:06:44.7731016Z       |             ^~~~~~~~~~~~
2026-10-07T01:06:44.7731423Z external/protobuf+/src/google/protobuf/compiler/cpp/message.cc: In lambda function:
2026-10-07T01:06:44.7732237Z external/protobuf+/src/google/protobuf/compiler/cpp/message.cc:2184:64: warning: 'bool google::protobuf::FieldOptions::weak() const' is deprecated [-Wdeprecated-declarations]
2026-10-07T01:06:44.7732945Z  2184 |             if (!field->is_repeated() && !field->options().weak() &&
2026-10-07T01:06:44.7733328Z       |                                           ~~~~~~~~~~~~~~~~~~~~~^~
2026-10-07T01:06:44.7734040Z bazel-out/k8-opt-exec-ST-d57f47055a04/bin/external/protobuf+/src/google/protobuf/_virtual_includes/protobuf/google/protobuf/descriptor.pb.h:18861:13: note: declared here
2026-10-07T01:06:44.7734763Z 18861 | inline bool FieldOptions::weak() const {
2026-10-07T01:06:44.7735045Z       |             ^~~~~~~~~~~~
2026-10-07T01:06:44.7735768Z external/protobuf+/src/google/protobuf/compiler/cpp/message.cc: In member function 'size_t google::protobuf::compiler::cpp::MessageGenerator::GenerateOffsets(google::protobuf::io::Printer*)':
2026-10-07T01:06:44.7736931Z external/protobuf+/src/google/protobuf/compiler/cpp/message.cc:2717:30: warning: 'bool google::protobuf::FieldOptions::weak() const' is deprecated [-Wdeprecated-declarations]
2026-10-07T01:06:44.7737633Z  2717 |     if (field->options().weak()) {
2026-10-07T01:06:44.7737894Z       |         ~~~~~~~~~~~~~~~~~~~~~^~
2026-10-07T01:06:44.7738577Z bazel-out/k8-opt-exec-ST-d57f47055a04/bin/external/protobuf+/src/google/protobuf/_virtual_includes/protobuf/google/protobuf/descriptor.pb.h:18861:13: note: declared here
2026-10-07T01:06:44.7739284Z 18861 | inline bool FieldOptions::weak() const {
2026-10-07T01:06:44.7739560Z       |             ^~~~~~~~~~~~
2026-10-07T01:06:44.7739929Z external/protobuf+/src/google/protobuf/compiler/cpp/message.cc: In lambda function:
2026-10-07T01:06:44.7740882Z external/protobuf+/src/google/protobuf/compiler/cpp/message.cc:4372:39: warning: 'bool google::protobuf::FieldOptions::weak() const' is deprecated [-Wdeprecated-declarations]
2026-10-07T01:06:44.7741577Z  4372 |       } else if (field->options().weak() ||
2026-10-07T01:06:44.7742232Z       |                  ~~~~~~~~~~~~~~~~~~~~~^~
2026-10-07T01:06:44.7742917Z bazel-out/k8-opt-exec-ST-d57f47055a04/bin/external/protobuf+/src/google/protobuf/_virtual_includes/protobuf/google/protobuf/descriptor.pb.h:18861:13: note: declared here
2026-10-07T01:06:44.7743618Z 18861 | inline bool FieldOptions::weak() const {
2026-10-07T01:06:44.7743893Z       |             ^~~~~~~~~~~~
2026-10-07T01:06:44.7744793Z external/protobuf+/src/google/protobuf/compiler/cpp/message.cc: In member function 'void google::protobuf::compiler::cpp::MessageGenerator::GenerateSerializeOneField(google::protobuf::io::Printer*, const google::protobuf::FieldDescriptor*, int)':
2026-10-07T01:06:44.7746117Z external/protobuf+/src/google/protobuf/compiler/cpp/message.cc:4722:28: warning: 'bool google::protobuf::FieldOptions::weak() const' is deprecated [-Wdeprecated-declarations]
2026-10-07T01:06:44.7746956Z  4722 |   if (field->options().weak()) {
2026-10-07T01:06:44.7747218Z       |       ~~~~~~~~~~~~~~~~~~~~~^~
2026-10-07T01:06:44.7747878Z bazel-out/k8-opt-exec-ST-d57f47055a04/bin/external/protobuf+/src/google/protobuf/_virtual_includes/protobuf/google/protobuf/descriptor.pb.h:18861:13: note: declared here
2026-10-07T01:06:44.7748557Z 18861 | inline bool FieldOptions::weak() const {
2026-10-07T01:06:44.7748822Z       |             ^~~~~~~~~~~~
2026-10-07T01:06:44.7749186Z external/protobuf+/src/google/protobuf/compiler/cpp/message.cc: In lambda function:
2026-10-07T01:06:44.7749974Z external/protobuf+/src/google/protobuf/compiler/cpp/message.cc:5029:43: warning: 'bool google::protobuf::FieldOptions::weak() const' is deprecated [-Wdeprecated-declarations]
2026-10-07T01:06:44.7750763Z  5029 |                  if (field->options().weak()) {
2026-10-07T01:06:44.7751045Z       |                      ~~~~~~~~~~~~~~~~~~~~~^~
2026-10-07T01:06:44.7751705Z bazel-out/k8-opt-exec-ST-d57f47055a04/bin/external/protobuf+/src/google/protobuf/_virtual_includes/protobuf/google/protobuf/descriptor.pb.h:18861:13: note: declared here
2026-10-07T01:06:44.7752383Z 18861 | inline bool FieldOptions::weak() const {
2026-10-07T01:06:44.7752641Z       |             ^~~~~~~~~~~~
2026-10-07T01:06:44.7753520Z external/protobuf+/src/google/protobuf/compiler/cpp/message.cc: In member function 'void google::protobuf::compiler::cpp::MessageGenerator::EmitCheckAndSerializeField(const google::protobuf::FieldDescriptor*, google::protobuf::io::Printer*) const':
2026-10-07T01:06:44.7754843Z external/protobuf+/src/google/protobuf/compiler/cpp/message.cc:5572:28: warning: 'bool google::protobuf::FieldOptions::weak() const' is deprecated [-Wdeprecated-declarations]
2026-10-07T01:06:44.7755502Z  5572 |   if (field->options().weak()) {
2026-10-07T01:06:44.7755754Z       |       ~~~~~~~~~~~~~~~~~~~~~^~
2026-10-07T01:06:44.7756397Z bazel-out/k8-opt-exec-ST-d57f47055a04/bin/external/protobuf+/src/google/protobuf/_virtual_includes/protobuf/google/protobuf/descriptor.pb.h:18861:13: note: declared here
2026-10-07T01:06:44.7757074Z 18861 | inline bool FieldOptions::weak() const {
2026-10-07T01:06:44.7757341Z       |             ^~~~~~~~~~~~
2026-10-07T01:06:44.7758321Z external/protobuf+/src/google/protobuf/compiler/cpp/message.cc: In instantiation of 'void google::protobuf::compiler::cpp::MessageGenerator::EmitCheckAndUpdateByteSizeForField(const google::protobuf::FieldDescriptor*, google::protobuf::io::Printer*) const [with bool kIsV2 = false]':
2026-10-07T01:06:44.7759490Z external/protobuf+/src/google/protobuf/compiler/cpp/message.cc:1418:62:   required from here
2026-10-07T01:06:44.7760313Z external/protobuf+/src/google/protobuf/compiler/cpp/message.cc:1363:28: warning: 'bool google::protobuf::FieldOptions::weak() const' is deprecated [-Wdeprecated-declarations]
2026-10-07T01:06:44.7821794Z  1363 |   if (field->options().weak()) {
2026-10-07T01:06:44.7822083Z       |       ~~~~~~~~~~~~~~~~~~~~~^~
2026-10-07T01:06:44.7822760Z bazel-out/k8-opt-exec-ST-d57f47055a04/bin/external/protobuf+/src/google/protobuf/_virtual_includes/protobuf/google/protobuf/descriptor.pb.h:18861:13: note: declared here
2026-10-07T01:06:44.7823837Z 18861 | inline bool FieldOptions::weak() const {
2026-10-07T01:06:44.7824107Z       |             ^~~~~~~~~~~~
2026-10-07T01:06:44.7824744Z external/protobuf+/src/google/protobuf/compiler/cpp/message.cc:1363:28: warning: 'bool google::protobuf::FieldOptions::weak() const' is deprecated [-Wdeprecated-declarations]
2026-10-07T01:06:44.7825422Z  1363 |   if (field->options().weak()) {
2026-10-07T01:06:44.7825668Z       |       ~~~~~~~~~~~~~~~~~~~~~^~
2026-10-07T01:06:44.7826344Z bazel-out/k8-opt-exec-ST-d57f47055a04/bin/external/protobuf+/src/google/protobuf/_virtual_includes/protobuf/google/protobuf/descriptor.pb.h:18861:13: note: declared here
2026-10-07T01:06:44.7826973Z 18861 | inline bool FieldOptions::weak() const {
2026-10-07T01:06:44.7827197Z       |             ^~~~~~~~~~~~
2026-10-07T01:06:45.3992190Z [683 / 944] Compiling src/google/protobuf/descriptor.pb.cc [for tool]; 5s processwrapper-sandbox ... (4 actions running)
2026-10-07T01:06:46.4022107Z [684 / 944] Compiling src/google/protobuf/compiler/cpp/field_generators/cord_field.cc [for tool]; 3s processwrapper-sandbox ... (4 actions running)
2026-10-07T01:06:47.3254137Z INFO: From Compiling src/google/protobuf/compiler/cpp/field_generators/cord_field.cc [for tool]:
2026-10-07T01:06:47.3270799Z In file included from bazel-out/k8-opt-exec-ST-d57f47055a04/bin/external/protobuf+/src/google/protobuf/compiler/cpp/_virtual_includes/cpp/google/protobuf/compiler/cpp/field.h:26,
2026-10-07T01:06:47.3291315Z                  from external/protobuf+/src/google/protobuf/compiler/cpp/field_generators/cord_field.cc:23:
2026-10-07T01:06:47.3322026Z bazel-out/k8-opt-exec-ST-d57f47055a04/bin/external/protobuf+/src/google/protobuf/compiler/cpp/_virtual_includes/names_internal/google/protobuf/compiler/cpp/helpers.h: In function 'bool google::protobuf::compiler::cpp::IsWeak(const google::protobuf::FieldDescriptor*, const Options&)':
2026-10-07T01:06:47.3341085Z bazel-out/k8-opt-exec-ST-d57f47055a04/bin/external/protobuf+/src/google/protobuf/compiler/cpp/_virtual_includes/names_internal/google/protobuf/compiler/cpp/helpers.h:347:28: warning: 'bool google::protobuf::FieldOptions::weak() const' is deprecated [-Wdeprecated-declarations]
2026-10-07T01:06:47.3345973Z   347 |   if (field->options().weak()) {
2026-10-07T01:06:47.3346380Z       |       ~~~~~~~~~~~~~~~~~~~~~^~
2026-10-07T01:06:47.3347226Z In file included from bazel-out/k8-opt-exec-ST-d57f47055a04/bin/external/protobuf+/src/google/protobuf/compiler/_virtual_includes/code_generator_lite/google/protobuf/compiler/code_generator_lite.h:18,
2026-10-07T01:06:47.3348507Z                  from bazel-out/k8-opt-exec-ST-d57f47055a04/bin/external/protobuf+/src/google/protobuf/compiler/_virtual_includes/code_generator/google/protobuf/compiler/code_generator.h:25,
2026-10-07T01:06:47.3349813Z                  from bazel-out/k8-opt-exec-ST-d57f47055a04/bin/external/protobuf+/src/google/protobuf/compiler/cpp/_virtual_includes/names_internal/google/protobuf/compiler/cpp/helpers.h:29:
2026-10-07T01:06:47.3351266Z bazel-out/k8-opt-exec-ST-d57f47055a04/bin/external/protobuf+/src/google/protobuf/_virtual_includes/protobuf/google/protobuf/descriptor.pb.h:18861:13: note: declared here
2026-10-07T01:06:47.3352090Z 18861 | inline bool FieldOptions::weak() const {
2026-10-07T01:06:47.3352461Z       |             ^~~~~~~~~~~~
2026-10-07T01:06:47.5981568Z INFO: From Compiling src/google/protobuf/compiler/cpp/service.cc [for tool]:
2026-10-07T01:06:47.6011319Z In file included from external/protobuf+/src/google/protobuf/compiler/cpp/service.cc:17:
2026-10-07T01:06:47.6091956Z bazel-out/k8-opt-exec-ST-d57f47055a04/bin/external/protobuf+/src/google/protobuf/compiler/cpp/_virtual_includes/names_internal/google/protobuf/compiler/cpp/helpers.h: In function 'bool google::protobuf::compiler::cpp::IsWeak(const google::protobuf::FieldDescriptor*, const Options&)':
2026-10-07T01:06:47.6121800Z bazel-out/k8-opt-exec-ST-d57f47055a04/bin/external/protobuf+/src/google/protobuf/compiler/cpp/_virtual_includes/names_internal/google/protobuf/compiler/cpp/helpers.h:347:28: warning: 'bool google::protobuf::FieldOptions::weak() const' is deprecated [-Wdeprecated-declarations]
2026-10-07T01:06:47.6150933Z   347 |   if (field->options().weak()) {
2026-10-07T01:06:47.6160871Z       |       ~~~~~~~~~~~~~~~~~~~~~^~
2026-10-07T01:06:47.6181383Z In file included from bazel-out/k8-opt-exec-ST-d57f47055a04/bin/external/protobuf+/src/google/protobuf/compiler/_virtual_includes/code_generator_lite/google/protobuf/compiler/code_generator_lite.h:18,
2026-10-07T01:06:47.6188134Z                  from bazel-out/k8-opt-exec-ST-d57f47055a04/bin/external/protobuf+/src/google/protobuf/compiler/_virtual_includes/code_generator/google/protobuf/compiler/code_generator.h:25,
2026-10-07T01:06:47.6189816Z                  from bazel-out/k8-opt-exec-ST-d57f47055a04/bin/external/protobuf+/src/google/protobuf/compiler/cpp/_virtual_includes/names_internal/google/protobuf/compiler/cpp/helpers.h:29:
2026-10-07T01:06:47.6191293Z bazel-out/k8-opt-exec-ST-d57f47055a04/bin/external/protobuf+/src/google/protobuf/_virtual_includes/protobuf/google/protobuf/descriptor.pb.h:18861:13: note: declared here
2026-10-07T01:06:47.6192141Z 18861 | inline bool FieldOptions::weak() const {
2026-10-07T01:06:47.6192495Z       |             ^~~~~~~~~~~~
2026-10-07T01:06:47.6193205Z [686 / 944] Compiling src/google/protobuf/compiler/cpp/parse_function_generator.cc [for tool]; 2s processwrapper-sandbox ... (4 actions, 3 running)
2026-10-07T01:06:48.1241769Z INFO: From Compiling src/google/protobuf/dynamic_message.cc [for tool]:
2026-10-07T01:06:48.1271363Z In file included from external/protobuf+/src/google/protobuf/dynamic_message.cc:66:
2026-10-07T01:06:48.1332224Z bazel-out/k8-opt-exec-ST-d57f47055a04/bin/external/protobuf+/src/google/protobuf/_virtual_includes/protobuf/google/protobuf/map_field.h: In constructor 'google::protobuf::internal::MapFieldBase::ReflectionPayload::ReflectionPayload(google::protobuf::Arena*, const google::protobuf::Message*)':
2026-10-07T01:06:48.1334414Z bazel-out/k8-opt-exec-ST-d57f47055a04/bin/external/protobuf+/src/google/protobuf/_virtual_includes/protobuf/google/protobuf/map_field.h:416:11: warning: 'google::protobuf::RepeatedPtrField<T>::RepeatedPtrField(google::protobuf::Arena*) [with Element = google::protobuf::Message]' is deprecated: Use Arena::Create<RepeatedPtrField<...>>(Arena*) instead [-Wdeprecated-declarations]
2026-10-07T01:06:48.1351142Z   416 |         : repeated_field_(arena), prototype_(prototype) {}
2026-10-07T01:06:48.1367532Z       |           ^~~~~~~~~~~~~~~~~~~~~~
2026-10-07T01:06:48.1368492Z In file included from bazel-out/k8-opt-exec-ST-d57f47055a04/bin/external/protobuf+/src/google/protobuf/_virtual_includes/protobuf_lite/google/protobuf/repeated_field.h:46,
2026-10-07T01:06:48.1369672Z                  from bazel-out/k8-opt-exec-ST-d57f47055a04/bin/external/protobuf+/src/google/protobuf/_virtual_includes/protobuf_lite/google/protobuf/parse_context.h:39,
2026-10-07T01:06:48.1372411Z                  from bazel-out/k8-opt-exec-ST-d57f47055a04/bin/external/protobuf+/src/google/protobuf/_virtual_includes/protobuf_lite/google/protobuf/generated_message_tctable_decl.h:25,
2026-10-07T01:06:48.1373556Z                  from bazel-out/k8-opt-exec-ST-d57f47055a04/bin/external/protobuf+/src/google/protobuf/_virtual_includes/protobuf_lite/google/protobuf/extension_set.h:40,
2026-10-07T01:06:48.1374624Z                  from bazel-out/k8-opt-exec-ST-d57f47055a04/bin/external/protobuf+/src/google/protobuf/_virtual_includes/protobuf/google/protobuf/descriptor.h:56,
2026-10-07T01:06:48.1375718Z                  from bazel-out/k8-opt-exec-ST-d57f47055a04/bin/external/protobuf+/src/google/protobuf/_virtual_includes/protobuf/google/protobuf/dynamic_message.h:27,
2026-10-07T01:06:48.1376635Z                  from external/protobuf+/src/google/protobuf/dynamic_message.cc:42:
2026-10-07T01:06:48.1377659Z bazel-out/k8-opt-exec-ST-d57f47055a04/bin/external/protobuf+/src/google/protobuf/_virtual_includes/protobuf_lite/google/protobuf/repeated_ptr_field.h:1380:8: note: declared here
2026-10-07T01:06:48.1378972Z  1380 | inline RepeatedPtrField<Element>::RepeatedPtrField(Arena* arena)
2026-10-07T01:06:48.1379437Z       |        ^~~~~~~~~~~~~~~~~~~~~~~~~
2026-10-07T01:06:48.1380067Z external/protobuf+/src/google/protobuf/dynamic_message.cc: In member function 'void google::protobuf::DynamicMessage::SharedCtor(bool)':
2026-10-07T01:06:48.1381589Z external/protobuf+/src/google/protobuf/dynamic_message.cc:574:66: warning: 'google::protobuf::RepeatedPtrField<T>::RepeatedPtrField(google::protobuf::Arena*) [with Element = std::__cxx11::basic_string<char>]' is deprecated: Use Arena::Create<RepeatedPtrField<...>>(Arena*) instead [-Wdeprecated-declarations]
2026-10-07T01:06:48.1382752Z   574 |               new (field_ptr) RepeatedPtrField<std::string>(arena);
2026-10-07T01:06:48.1383188Z       |                                                                  ^
2026-10-07T01:06:48.1384167Z bazel-out/k8-opt-exec-ST-d57f47055a04/bin/external/protobuf+/src/google/protobuf/_virtual_includes/protobuf_lite/google/protobuf/repeated_ptr_field.h:1380:8: note: declared here
2026-10-07T01:06:48.1385064Z  1380 | inline RepeatedPtrField<Element>::RepeatedPtrField(Arena* arena)
2026-10-07T01:06:48.1385512Z       |        ^~~~~~~~~~~~~~~~~~~~~~~~~
2026-10-07T01:06:48.1386598Z external/protobuf+/src/google/protobuf/dynamic_message.cc:602:60: warning: 'google::protobuf::RepeatedPtrField<T>::RepeatedPtrField(google::protobuf::Arena*) [with Element = google::protobuf::Message]' is deprecated: Use Arena::Create<RepeatedPtrField<...>>(Arena*) instead [-Wdeprecated-declarations]
2026-10-07T01:06:48.1387782Z   602 |             new (field_ptr) RepeatedPtrField<Message>(arena);
2026-10-07T01:06:48.1388216Z       |                                                            ^
2026-10-07T01:06:48.1389032Z bazel-out/k8-opt-exec-ST-d57f47055a04/bin/external/protobuf+/src/google/protobuf/_virtual_includes/protobuf_lite/google/protobuf/repeated_ptr_field.h:1380:8: note: declared here
2026-10-07T01:06:48.1389922Z  1380 | inline RepeatedPtrField<Element>::RepeatedPtrField(Arena* arena)
2026-10-07T01:06:48.1390366Z       |        ^~~~~~~~~~~~~~~~~~~~~~~~~
2026-10-07T01:06:48.1391370Z external/protobuf+/src/google/protobuf/dynamic_message.cc: In member function 'void google::protobuf::DynamicMessage::CrossLinkPrototypes()':
2026-10-07T01:06:48.1392487Z external/protobuf+/src/google/protobuf/dynamic_message.cc:774:31: warning: 'bool google::protobuf::FieldOptions::weak() const' is deprecated [-Wdeprecated-declarations]
2026-10-07T01:06:48.1393293Z   774 |         !field->options().weak() && !InRealOneof(field) &&
2026-10-07T01:06:48.1393697Z       |          ~~~~~~~~~~~~~~~~~~~~~^~
2026-10-07T01:06:48.1394150Z In file included from external/protobuf+/src/google/protobuf/dynamic_message.cc:60:
2026-10-07T01:06:48.1395038Z bazel-out/k8-opt-exec-ST-d57f47055a04/bin/external/protobuf+/src/google/protobuf/_virtual_includes/protobuf/google/protobuf/descriptor.pb.h:18861:13: note: declared here
2026-10-07T01:06:48.1395839Z 18861 | inline bool FieldOptions::weak() const {
2026-10-07T01:06:48.1396219Z       |             ^~~~~~~~~~~~
2026-10-07T01:06:49.1523164Z [688 / 944] Compiling src/google/protobuf/compiler/cpp/parse_function_generator.cc [for tool]; 4s processwrapper-sandbox ... (4 actions, 3 running)
2026-10-07T01:06:49.9679507Z INFO: From Compiling src/google/protobuf/compiler/cpp/parse_function_generator.cc [for tool]:
2026-10-07T01:06:49.9711620Z In file included from bazel-out/k8-opt-exec-ST-d57f47055a04/bin/external/protobuf+/src/google/protobuf/compiler/cpp/_virtual_includes/cpp/google/protobuf/compiler/cpp/parse_function_generator.h:18,
2026-10-07T01:06:49.9761301Z                  from external/protobuf+/src/google/protobuf/compiler/cpp/parse_function_generator.cc:8:
2026-10-07T01:06:49.9771963Z bazel-out/k8-opt-exec-ST-d57f47055a04/bin/external/protobuf+/src/google/protobuf/compiler/cpp/_virtual_includes/names_internal/google/protobuf/compiler/cpp/helpers.h: In function 'bool google::protobuf::compiler::cpp::IsWeak(const google::protobuf::FieldDescriptor*, const Options&)':
2026-10-07T01:06:49.9801619Z bazel-out/k8-opt-exec-ST-d57f47055a04/bin/external/protobuf+/src/google/protobuf/compiler/cpp/_virtual_includes/names_internal/google/protobuf/compiler/cpp/helpers.h:347:28: warning: 'bool google::protobuf::FieldOptions::weak() const' is deprecated [-Wdeprecated-declarations]
2026-10-07T01:06:49.9814172Z   347 |   if (field->options().weak()) {
2026-10-07T01:06:49.9814540Z       |       ~~~~~~~~~~~~~~~~~~~~~^~
2026-10-07T01:06:49.9815128Z In file included from bazel-out/k8-opt-exec-ST-d57f47055a04/bin/external/protobuf+/src/google/protobuf/compiler/_virtual_includes/code_generator_lite/google/protobuf/compiler/code_generator_lite.h:18,
2026-10-07T01:06:49.9816207Z                  from bazel-out/k8-opt-exec-ST-d57f47055a04/bin/external/protobuf+/src/google/protobuf/compiler/_virtual_includes/code_generator/google/protobuf/compiler/code_generator.h:25,
2026-10-07T01:06:49.9817087Z                  from bazel-out/k8-opt-exec-ST-d57f47055a04/bin/external/protobuf+/src/google/protobuf/compiler/cpp/_virtual_includes/names_internal/google/protobuf/compiler/cpp/helpers.h:29:
2026-10-07T01:06:49.9818203Z bazel-out/k8-opt-exec-ST-d57f47055a04/bin/external/protobuf+/src/google/protobuf/_virtual_includes/protobuf/google/protobuf/descriptor.pb.h:18861:13: note: declared here
2026-10-07T01:06:49.9820113Z 18861 | inline bool FieldOptions::weak() const {
2026-10-07T01:06:49.9820748Z       |             ^~~~~~~~~~~~
2026-10-07T01:06:50.4021793Z [689 / 944] Compiling src/google/protobuf/compiler/cpp/field_generators/enum_field.cc [for tool]; 3s processwrapper-sandbox ... (4 actions running)
2026-10-07T01:06:51.2447269Z INFO: From Compiling src/google/protobuf/compiler/cpp/field_generators/enum_field.cc [for tool]:
2026-10-07T01:06:51.2496325Z In file included from bazel-out/k8-opt-exec-ST-d57f47055a04/bin/external/protobuf+/src/google/protobuf/compiler/cpp/_virtual_includes/cpp/google/protobuf/compiler/cpp/field.h:26,
2026-10-07T01:06:51.2501346Z                  from external/protobuf+/src/google/protobuf/compiler/cpp/field_generators/enum_field.cc:20:
2026-10-07T01:06:51.2531862Z bazel-out/k8-opt-exec-ST-d57f47055a04/bin/external/protobuf+/src/google/protobuf/compiler/cpp/_virtual_includes/names_internal/google/protobuf/compiler/cpp/helpers.h: In function 'bool google::protobuf::compiler::cpp::IsWeak(const google::protobuf::FieldDescriptor*, const Options&)':
2026-10-07T01:06:51.2554133Z bazel-out/k8-opt-exec-ST-d57f47055a04/bin/external/protobuf+/src/google/protobuf/compiler/cpp/_virtual_includes/names_internal/google/protobuf/compiler/cpp/helpers.h:347:28: warning: 'bool google::protobuf::FieldOptions::weak() const' is deprecated [-Wdeprecated-declarations]
2026-10-07T01:06:51.2641145Z   347 |   if (field->options().weak()) {
2026-10-07T01:06:51.2673908Z       |       ~~~~~~~~~~~~~~~~~~~~~^~
2026-10-07T01:06:51.2675151Z In file included from bazel-out/k8-opt-exec-ST-d57f47055a04/bin/external/protobuf+/src/google/protobuf/compiler/_virtual_includes/code_generator_lite/google/protobuf/compiler/code_generator_lite.h:18,
2026-10-07T01:06:51.2682650Z                  from bazel-out/k8-opt-exec-ST-d57f47055a04/bin/external/protobuf+/src/google/protobuf/compiler/_virtual_includes/code_generator/google/protobuf/compiler/code_generator.h:25,
2026-10-07T01:06:51.2686061Z                  from bazel-out/k8-opt-exec-ST-d57f47055a04/bin/external/protobuf+/src/google/protobuf/compiler/cpp/_virtual_includes/names_internal/google/protobuf/compiler/cpp/helpers.h:29:
2026-10-07T01:06:51.2689540Z bazel-out/k8-opt-exec-ST-d57f47055a04/bin/external/protobuf+/src/google/protobuf/_virtual_includes/protobuf/google/protobuf/descriptor.pb.h:18861:13: note: declared here
2026-10-07T01:06:51.2693086Z 18861 | inline bool FieldOptions::weak() const {
2026-10-07T01:06:51.2695696Z       |             ^~~~~~~~~~~~
2026-10-07T01:06:51.4021859Z [691 / 944] Compiling src/google/protobuf/compiler/cpp/message_layout_helper.cc [for tool]; 2s processwrapper-sandbox ... (4 actions running)
2026-10-07T01:06:53.0651820Z INFO: From Compiling src/google/protobuf/compiler/cpp/message_layout_helper.cc [for tool]:
2026-10-07T01:06:53.0682135Z In file included from bazel-out/k8-opt-exec-ST-d57f47055a04/bin/external/protobuf+/src/google/protobuf/compiler/cpp/_virtual_includes/cpp/google/protobuf/compiler/cpp/message_layout_helper.h:20,
2026-10-07T01:06:53.0688369Z                  from external/protobuf+/src/google/protobuf/compiler/cpp/message_layout_helper.cc:1:
2026-10-07T01:06:53.0742456Z bazel-out/k8-opt-exec-ST-d57f47055a04/bin/external/protobuf+/src/google/protobuf/compiler/cpp/_virtual_includes/names_internal/google/protobuf/compiler/cpp/helpers.h: In function 'bool google::protobuf::compiler::cpp::IsWeak(const google::protobuf::FieldDescriptor*, const Options&)':
2026-10-07T01:06:53.0772981Z bazel-out/k8-opt-exec-ST-d57f47055a04/bin/external/protobuf+/src/google/protobuf/compiler/cpp/_virtual_includes/names_internal/google/protobuf/compiler/cpp/helpers.h:347:28: warning: 'bool google::protobuf::FieldOptions::weak() const' is deprecated [-Wdeprecated-declarations]
2026-10-07T01:06:53.0801170Z   347 |   if (field->options().weak()) {
2026-10-07T01:06:53.0831696Z       |       ~~~~~~~~~~~~~~~~~~~~~^~
2026-10-07T01:06:53.0862273Z In file included from bazel-out/k8-opt-exec-ST-d57f47055a04/bin/external/protobuf+/src/google/protobuf/compiler/_virtual_includes/code_generator_lite/google/protobuf/compiler/code_generator_lite.h:18,
2026-10-07T01:06:53.0892362Z                  from bazel-out/k8-opt-exec-ST-d57f47055a04/bin/external/protobuf+/src/google/protobuf/compiler/_virtual_includes/code_generator/google/protobuf/compiler/code_generator.h:25,
2026-10-07T01:06:53.0919062Z                  from bazel-out/k8-opt-exec-ST-d57f47055a04/bin/external/protobuf+/src/google/protobuf/compiler/cpp/_virtual_includes/names_internal/google/protobuf/compiler/cpp/helpers.h:29:
2026-10-07T01:06:53.0952168Z bazel-out/k8-opt-exec-ST-d57f47055a04/bin/external/protobuf+/src/google/protobuf/_virtual_includes/protobuf/google/protobuf/descriptor.pb.h:18861:13: note: declared here
2026-10-07T01:06:53.0953291Z 18861 | inline bool FieldOptions::weak() const {
2026-10-07T01:06:53.0981582Z       |             ^~~~~~~~~~~~
2026-10-07T01:06:53.1012015Z [692 / 944] Compiling src/google/protobuf/compiler/cpp/generator.cc [for tool]; 3s processwrapper-sandbox ... (4 actions, 3 running)
2026-10-07T01:06:54.4061779Z [692 / 944] Compiling src/google/protobuf/compiler/cpp/generator.cc [for tool]; 4s processwrapper-sandbox ... (4 actions running)
2026-10-07T01:06:54.4761815Z INFO: From Compiling src/google/protobuf/compiler/cpp/generator.cc [for tool]:
2026-10-07T01:06:54.4791876Z In file included from bazel-out/k8-opt-exec-ST-d57f47055a04/bin/external/protobuf+/src/google/protobuf/compiler/cpp/_virtual_includes/cpp/google/protobuf/compiler/cpp/extension.h:19,
2026-10-07T01:06:54.4820386Z                  from bazel-out/k8-opt-exec-ST-d57f47055a04/bin/external/protobuf+/src/google/protobuf/compiler/cpp/_virtual_includes/cpp/google/protobuf/compiler/cpp/file.h:26,
2026-10-07T01:06:54.4831182Z                  from external/protobuf+/src/google/protobuf/compiler/cpp/generator.cc:31:
2026-10-07T01:06:54.4851729Z bazel-out/k8-opt-exec-ST-d57f47055a04/bin/external/protobuf+/src/google/protobuf/compiler/cpp/_virtual_includes/names_internal/google/protobuf/compiler/cpp/helpers.h: In function 'bool google::protobuf::compiler::cpp::IsWeak(const google::protobuf::FieldDescriptor*, const Options&)':
2026-10-07T01:06:54.4863209Z bazel-out/k8-opt-exec-ST-d57f47055a04/bin/external/protobuf+/src/google/protobuf/compiler/cpp/_virtual_includes/names_internal/google/protobuf/compiler/cpp/helpers.h:347:28: warning: 'bool google::protobuf::FieldOptions::weak() const' is deprecated [-Wdeprecated-declarations]
2026-10-07T01:06:54.4864564Z   347 |   if (field->options().weak()) {
2026-10-07T01:06:54.4864921Z       |       ~~~~~~~~~~~~~~~~~~~~~^~
2026-10-07T01:06:54.4865739Z In file included from bazel-out/k8-opt-exec-ST-d57f47055a04/bin/external/protobuf+/src/google/protobuf/compiler/_virtual_includes/code_generator_lite/google/protobuf/compiler/code_generator_lite.h:18,
2026-10-07T01:06:54.4869785Z                  from bazel-out/k8-opt-exec-ST-d57f47055a04/bin/external/protobuf+/src/google/protobuf/compiler/_virtual_includes/code_generator/google/protobuf/compiler/code_generator.h:25,
2026-10-07T01:06:54.4871202Z                  from bazel-out/k8-opt-exec-ST-d57f47055a04/bin/external/protobuf+/src/google/protobuf/compiler/cpp/_virtual_includes/cpp/google/protobuf/compiler/cpp/generator.h:24,
2026-10-07T01:06:54.4872119Z                  from external/protobuf+/src/google/protobuf/compiler/cpp/generator.cc:12:
2026-10-07T01:06:54.4873005Z bazel-out/k8-opt-exec-ST-d57f47055a04/bin/external/protobuf+/src/google/protobuf/_virtual_includes/protobuf/google/protobuf/descriptor.pb.h:18861:13: note: declared here
2026-10-07T01:06:54.4874058Z 18861 | inline bool FieldOptions::weak() const {
2026-10-07T01:06:54.4874464Z       |             ^~~~~~~~~~~~
2026-10-07T01:06:56.4072021Z [693 / 944] Compiling src/google/protobuf/compiler/cpp/field_generators/message_field.cc [for tool]; 5s processwrapper-sandbox ... (4 actions running)
2026-10-07T01:06:56.5361768Z INFO: From Compiling src/google/protobuf/compiler/cpp/field_generators/message_field.cc [for tool]:
2026-10-07T01:06:56.5391604Z In file included from bazel-out/k8-opt-exec-ST-d57f47055a04/bin/external/protobuf+/src/google/protobuf/compiler/cpp/_virtual_includes/cpp/google/protobuf/compiler/cpp/field.h:26,
2026-10-07T01:06:56.5421279Z                  from external/protobuf+/src/google/protobuf/compiler/cpp/field_generators/message_field.cc:21:
2026-10-07T01:06:56.5451769Z bazel-out/k8-opt-exec-ST-d57f47055a04/bin/external/protobuf+/src/google/protobuf/compiler/cpp/_virtual_includes/names_internal/google/protobuf/compiler/cpp/helpers.h: In function 'bool google::protobuf::compiler::cpp::IsWeak(const google::protobuf::FieldDescriptor*, const Options&)':
2026-10-07T01:06:56.5453444Z bazel-out/k8-opt-exec-ST-d57f47055a04/bin/external/protobuf+/src/google/protobuf/compiler/cpp/_virtual_includes/names_internal/google/protobuf/compiler/cpp/helpers.h:347:28: warning: 'bool google::protobuf::FieldOptions::weak() const' is deprecated [-Wdeprecated-declarations]
2026-10-07T01:06:56.5480978Z   347 |   if (field->options().weak()) {
2026-10-07T01:06:56.5501098Z       |       ~~~~~~~~~~~~~~~~~~~~~^~
2026-10-07T01:06:56.5502121Z In file included from bazel-out/k8-opt-exec-ST-d57f47055a04/bin/external/protobuf+/src/google/protobuf/compiler/_virtual_includes/code_generator_lite/google/protobuf/compiler/code_generator_lite.h:18,
2026-10-07T01:06:56.5503304Z                  from bazel-out/k8-opt-exec-ST-d57f47055a04/bin/external/protobuf+/src/google/protobuf/compiler/_virtual_includes/code_generator/google/protobuf/compiler/code_generator.h:25,
2026-10-07T01:06:56.5504403Z                  from bazel-out/k8-opt-exec-ST-d57f47055a04/bin/external/protobuf+/src/google/protobuf/compiler/cpp/_virtual_includes/names_internal/google/protobuf/compiler/cpp/helpers.h:29:
2026-10-07T01:06:56.5505502Z bazel-out/k8-opt-exec-ST-d57f47055a04/bin/external/protobuf+/src/google/protobuf/_virtual_includes/protobuf/google/protobuf/descriptor.pb.h:18861:13: note: declared here
2026-10-07T01:06:56.5506197Z 18861 | inline bool FieldOptions::weak() const {
2026-10-07T01:06:56.5506531Z       |             ^~~~~~~~~~~~
2026-10-07T01:06:57.4092051Z [694 / 944] Compiling src/google/protobuf/generated_message_reflection.cc [for tool]; 6s processwrapper-sandbox ... (4 actions running)
2026-10-07T01:06:59.4762226Z INFO: From Compiling src/google/protobuf/compiler/cpp/field_generators/string_view_field.cc [for tool]:
2026-10-07T01:06:59.4802221Z In file included from bazel-out/k8-opt-exec-ST-d57f47055a04/bin/external/protobuf+/src/google/protobuf/compiler/cpp/_virtual_includes/cpp/google/protobuf/compiler/cpp/field.h:26,
2026-10-07T01:06:59.4861968Z                  from external/protobuf+/src/google/protobuf/compiler/cpp/field_generators/string_view_field.cc:19:
2026-10-07T01:06:59.4942639Z bazel-out/k8-opt-exec-ST-d57f47055a04/bin/external/protobuf+/src/google/protobuf/compiler/cpp/_virtual_includes/names_internal/google/protobuf/compiler/cpp/helpers.h: In function 'bool google::protobuf::compiler::cpp::IsWeak(const google::protobuf::FieldDescriptor*, const Options&)':
2026-10-07T01:06:59.4952384Z bazel-out/k8-opt-exec-ST-d57f47055a04/bin/external/protobuf+/src/google/protobuf/compiler/cpp/_virtual_includes/names_internal/google/protobuf/compiler/cpp/helpers.h:347:28: warning: 'bool google::protobuf::FieldOptions::weak() const' is deprecated [-Wdeprecated-declarations]
2026-10-07T01:06:59.4953463Z   347 |   if (field->options().weak()) {
2026-10-07T01:06:59.5001554Z       |       ~~~~~~~~~~~~~~~~~~~~~^~
2026-10-07T01:06:59.5032775Z In file included from bazel-out/k8-opt-exec-ST-d57f47055a04/bin/external/protobuf+/src/google/protobuf/compiler/_virtual_includes/code_generator_lite/google/protobuf/compiler/code_generator_lite.h:18,
2026-10-07T01:06:59.5062021Z                  from bazel-out/k8-opt-exec-ST-d57f47055a04/bin/external/protobuf+/src/google/protobuf/compiler/_virtual_includes/code_generator/google/protobuf/compiler/code_generator.h:25,
2026-10-07T01:06:59.5072823Z                  from bazel-out/k8-opt-exec-ST-d57f47055a04/bin/external/protobuf+/src/google/protobuf/compiler/cpp/_virtual_includes/names_internal/google/protobuf/compiler/cpp/helpers.h:29:
2026-10-07T01:06:59.5102510Z bazel-out/k8-opt-exec-ST-d57f47055a04/bin/external/protobuf+/src/google/protobuf/_virtual_includes/protobuf/google/protobuf/descriptor.pb.h:18861:13: note: declared here
2026-10-07T01:06:59.5131807Z 18861 | inline bool FieldOptions::weak() const {
2026-10-07T01:06:59.5182106Z       |             ^~~~~~~~~~~~
2026-10-07T01:06:59.5222188Z [695 / 944] Compiling src/google/protobuf/generated_message_reflection.cc [for tool]; 8s processwrapper-sandbox ... (4 actions, 3 running)
2026-10-07T01:06:59.9661795Z INFO: From Compiling src/google/protobuf/generated_message_reflection.cc [for tool]:
2026-10-07T01:06:59.9691494Z In file included from external/protobuf+/src/google/protobuf/generated_message_reflection.cc:51:
2026-10-07T01:06:59.9751984Z bazel-out/k8-opt-exec-ST-d57f47055a04/bin/external/protobuf+/src/google/protobuf/_virtual_includes/protobuf/google/protobuf/map_field.h: In constructor 'google::protobuf::internal::MapFieldBase::ReflectionPayload::ReflectionPayload(google::protobuf::Arena*, const google::protobuf::Message*)':
2026-10-07T01:06:59.9775445Z bazel-out/k8-opt-exec-ST-d57f47055a04/bin/external/protobuf+/src/google/protobuf/_virtual_includes/protobuf/google/protobuf/map_field.h:416:11: warning: 'google::protobuf::RepeatedPtrField<T>::RepeatedPtrField(google::protobuf::Arena*) [with Element = google::protobuf::Message]' is deprecated: Use Arena::Create<RepeatedPtrField<...>>(Arena*) instead [-Wdeprecated-declarations]
2026-10-07T01:06:59.9791205Z   416 |         : repeated_field_(arena), prototype_(prototype) {}
2026-10-07T01:06:59.9840904Z       |           ^~~~~~~~~~~~~~~~~~~~~~
2026-10-07T01:06:59.9861972Z In file included from bazel-out/k8-opt-exec-ST-d57f47055a04/bin/external/protobuf+/src/google/protobuf/_virtual_includes/protobuf_lite/google/protobuf/repeated_field.h:46,
2026-10-07T01:06:59.9863303Z                  from bazel-out/k8-opt-exec-ST-d57f47055a04/bin/external/protobuf+/src/google/protobuf/_virtual_includes/protobuf_lite/google/protobuf/parse_context.h:39,
2026-10-07T01:06:59.9864490Z                  from bazel-out/k8-opt-exec-ST-d57f47055a04/bin/external/protobuf+/src/google/protobuf/_virtual_includes/protobuf_lite/google/protobuf/generated_message_tctable_decl.h:25,
2026-10-07T01:06:59.9865631Z                  from bazel-out/k8-opt-exec-ST-d57f47055a04/bin/external/protobuf+/src/google/protobuf/_virtual_includes/protobuf_lite/google/protobuf/extension_set.h:40,
2026-10-07T01:06:59.9866734Z                  from bazel-out/k8-opt-exec-ST-d57f47055a04/bin/external/protobuf+/src/google/protobuf/_virtual_includes/protobuf/google/protobuf/descriptor.h:56,
2026-10-07T01:06:59.9868199Z                  from bazel-out/k8-opt-exec-ST-d57f47055a04/bin/external/protobuf+/src/google/protobuf/_virtual_includes/protobuf/google/protobuf/generated_message_reflection.h:26,
2026-10-07T01:06:59.9869118Z                  from external/protobuf+/src/google/protobuf/generated_message_reflection.cc:12:
2026-10-07T01:06:59.9870036Z bazel-out/k8-opt-exec-ST-d57f47055a04/bin/external/protobuf+/src/google/protobuf/_virtual_includes/protobuf_lite/google/protobuf/repeated_ptr_field.h:1380:8: note: declared here
2026-10-07T01:06:59.9871108Z  1380 | inline RepeatedPtrField<Element>::RepeatedPtrField(Arena* arena)
2026-10-07T01:06:59.9871538Z       |        ^~~~~~~~~~~~~~~~~~~~~~~~~
2026-10-07T01:06:59.9872676Z external/protobuf+/src/google/protobuf/generated_message_reflection.cc: In member function 'const google::protobuf::Message* google::protobuf::Reflection::GetDefaultMessageInstance(const google::protobuf::FieldDescriptor*) const':
2026-10-07T01:06:59.9874094Z external/protobuf+/src/google/protobuf/generated_message_reflection.cc:2526:55: warning: 'bool google::protobuf::FieldOptions::weak() const' is deprecated [-Wdeprecated-declarations]
2026-10-07T01:06:59.9874945Z  2526 |   if (!field->is_extension() && !field->options().weak() &&
2026-10-07T01:06:59.9875351Z       |                                  ~~~~~~~~~~~~~~~~~~~~~^~
2026-10-07T01:06:59.9875888Z In file included from external/protobuf+/src/google/protobuf/generated_message_reflection.cc:41:
2026-10-07T01:06:59.9876802Z bazel-out/k8-opt-exec-ST-d57f47055a04/bin/external/protobuf+/src/google/protobuf/_virtual_includes/protobuf/google/protobuf/descriptor.pb.h:18861:13: note: declared here
2026-10-07T01:06:59.9877622Z 18861 | inline bool FieldOptions::weak() const {
2026-10-07T01:06:59.9877974Z       |             ^~~~~~~~~~~~
2026-10-07T01:06:59.9878415Z In file included from external/abseil-cpp+/absl/log/internal/check_impl.h:20,
2026-10-07T01:06:59.9878912Z                  from external/abseil-cpp+/absl/log/absl_check.h:38,
2026-10-07T01:06:59.9879747Z                  from bazel-out/k8-opt-exec-ST-d57f47055a04/bin/external/protobuf+/src/google/protobuf/_virtual_includes/protobuf/google/protobuf/generated_message_reflection.h:25:
2026-10-07T01:06:59.9881225Z external/protobuf+/src/google/protobuf/generated_message_reflection.cc: In member function 'bool google::protobuf::Reflection::HasFieldWithHasbits(const google::protobuf::Message&, const google::protobuf::FieldDescriptor*) const':
2026-10-07T01:06:59.9882665Z external/protobuf+/src/google/protobuf/generated_message_reflection.cc:3290:37: warning: 'bool google::protobuf::FieldOptions::weak() const' is deprecated [-Wdeprecated-declarations]
2026-10-07T01:06:59.9883449Z  3290 |   ABSL_DCHECK(!field->options().weak());
2026-10-07T01:06:59.9883916Z       |                ~~~~~~~~~~~~~~~~~~~~~^~
2026-10-07T01:06:59.9884517Z external/abseil-cpp+/absl/log/internal/conditions.h:68:7: note: in definition of macro 'ABSL_LOG_INTERNAL_STATELESS_CONDITION'
2026-10-07T01:06:59.9885212Z    68 |     !(condition) ? (void)0 : ::absl::log_internal::Voidify() &&
2026-10-07T01:06:59.9885592Z       |       ^~~~~~~~~
2026-10-07T01:06:59.9886142Z external/abseil-cpp+/absl/log/internal/check_impl.h:26:3: note: in expansion of macro 'ABSL_LOG_INTERNAL_CONDITION_FATAL'
2026-10-07T01:06:59.9886788Z    26 |   ABSL_LOG_INTERNAL_CONDITION_FATAL(STATELESS,                        \
2026-10-07T01:06:59.9887236Z       |   ^~~~~~~~~~~~~~~~~~~~~~~~~~~~~~~~~
2026-10-07T01:06:59.9887750Z external/abseil-cpp+/absl/log/internal/check_impl.h:27:37: note: in expansion of macro 'ABSL_PREDICT_FALSE'
2026-10-07T01:06:59.9888357Z    27 |                                     ABSL_PREDICT_FALSE(!(condition))) \
2026-10-07T01:06:59.9888744Z       |                                     ^~~~~~~~~~~~~~~~~~
2026-10-07T01:06:59.9889345Z external/abseil-cpp+/absl/log/internal/check_impl.h:43:3: note: in expansion of macro 'ABSL_LOG_INTERNAL_CHECK_IMPL'
2026-10-07T01:06:59.9889956Z    43 |   ABSL_LOG_INTERNAL_CHECK_IMPL(true || (condition), "true")
2026-10-07T01:06:59.9890725Z       |   ^~~~~~~~~~~~~~~~~~~~~~~~~~~~
2026-10-07T01:06:59.9891156Z external/abseil-cpp+/absl/log/absl_check.h:47:3: note: in expansion of macro 'ABSL_LOG_INTERNAL_DCHECK_IMPL'
2026-10-07T01:06:59.9891614Z    47 |   ABSL_LOG_INTERNAL_DCHECK_IMPL((condition), #condition)
2026-10-07T01:06:59.9891887Z       |   ^~~~~~~~~~~~~~~~~~~~~~~~~~~~~
2026-10-07T01:06:59.9892282Z external/protobuf+/src/google/protobuf/generated_message_reflection.cc:3290:3: note: in expansion of macro 'ABSL_DCHECK'
2026-10-07T01:06:59.9892590Z  3290 |   ABSL_DCHECK(!field->options().weak());
2026-10-07T01:06:59.9892748Z       |   ^~~~~~~~~~~
2026-10-07T01:06:59.9893117Z bazel-out/k8-opt-exec-ST-d57f47055a04/bin/external/protobuf+/src/google/protobuf/_virtual_includes/protobuf/google/protobuf/descriptor.pb.h:18861:13: note: declared here
2026-10-07T01:06:59.9893526Z 18861 | inline bool FieldOptions::weak() const {
2026-10-07T01:06:59.9893838Z       |             ^~~~~~~~~~~~
2026-10-07T01:06:59.9894298Z external/protobuf+/src/google/protobuf/generated_message_reflection.cc: In member function 'void google::protobuf::Reflection::SetHasBit(google::protobuf::Message*, const google::protobuf::FieldDescriptor*) const':
2026-10-07T01:06:59.9895012Z external/protobuf+/src/google/protobuf/generated_message_reflection.cc:3323:37: warning: 'bool google::protobuf::FieldOptions::weak() const' is deprecated [-Wdeprecated-declarations]
2026-10-07T01:06:59.9895427Z  3323 |   ABSL_DCHECK(!field->options().weak());
2026-10-07T01:06:59.9895591Z       |                ~~~~~~~~~~~~~~~~~~~~~^~
2026-10-07T01:06:59.9895897Z external/abseil-cpp+/absl/log/internal/conditions.h:68:7: note: in definition of macro 'ABSL_LOG_INTERNAL_STATELESS_CONDITION'
2026-10-07T01:06:59.9896234Z    68 |     !(condition) ? (void)0 : ::absl::log_internal::Voidify() &&
2026-10-07T01:06:59.9896416Z       |       ^~~~~~~~~
2026-10-07T01:06:59.9896680Z external/abseil-cpp+/absl/log/internal/check_impl.h:26:3: note: in expansion of macro 'ABSL_LOG_INTERNAL_CONDITION_FATAL'
2026-10-07T01:06:59.9897016Z    26 |   ABSL_LOG_INTERNAL_CONDITION_FATAL(STATELESS,                        \
2026-10-07T01:06:59.9897218Z       |   ^~~~~~~~~~~~~~~~~~~~~~~~~~~~~~~~~
2026-10-07T01:06:59.9897480Z external/abseil-cpp+/absl/log/internal/check_impl.h:27:37: note: in expansion of macro 'ABSL_PREDICT_FALSE'
2026-10-07T01:06:59.9897769Z    27 |                                     ABSL_PREDICT_FALSE(!(condition))) \
2026-10-07T01:06:59.9897959Z       |                                     ^~~~~~~~~~~~~~~~~~
2026-10-07T01:06:59.9898246Z external/abseil-cpp+/absl/log/internal/check_impl.h:43:3: note: in expansion of macro 'ABSL_LOG_INTERNAL_CHECK_IMPL'
2026-10-07T01:06:59.9898557Z    43 |   ABSL_LOG_INTERNAL_CHECK_IMPL(true || (condition), "true")
2026-10-07T01:06:59.9898740Z       |   ^~~~~~~~~~~~~~~~~~~~~~~~~~~~
2026-10-07T01:06:59.9898992Z external/abseil-cpp+/absl/log/absl_check.h:47:3: note: in expansion of macro 'ABSL_LOG_INTERNAL_DCHECK_IMPL'
2026-10-07T01:06:59.9899284Z    47 |   ABSL_LOG_INTERNAL_DCHECK_IMPL((condition), #condition)
2026-10-07T01:06:59.9899465Z       |   ^~~~~~~~~~~~~~~~~~~~~~~~~~~~~
2026-10-07T01:06:59.9899752Z external/protobuf+/src/google/protobuf/generated_message_reflection.cc:3323:3: note: in expansion of macro 'ABSL_DCHECK'
2026-10-07T01:06:59.9900055Z  3323 |   ABSL_DCHECK(!field->options().weak());
2026-10-07T01:06:59.9900210Z       |   ^~~~~~~~~~~
2026-10-07T01:06:59.9900782Z bazel-out/k8-opt-exec-ST-d57f47055a04/bin/external/protobuf+/src/google/protobuf/_virtual_includes/protobuf/google/protobuf/descriptor.pb.h:18861:13: note: declared here
2026-10-07T01:06:59.9901457Z 18861 | inline bool FieldOptions::weak() const {
2026-10-07T01:06:59.9901717Z       |             ^~~~~~~~~~~~
2026-10-07T01:06:59.9902493Z external/protobuf+/src/google/protobuf/generated_message_reflection.cc: In member function 'void google::protobuf::Reflection::ClearHasBit(google::protobuf::Message*, const google::protobuf::FieldDescriptor*) const':
2026-10-07T01:06:59.9903732Z external/protobuf+/src/google/protobuf/generated_message_reflection.cc:3332:37: warning: 'bool google::protobuf::FieldOptions::weak() const' is deprecated [-Wdeprecated-declarations]
2026-10-07T01:06:59.9904608Z  3332 |   ABSL_DCHECK(!field->options().weak());
2026-10-07T01:06:59.9904874Z       |                ~~~~~~~~~~~~~~~~~~~~~^~
2026-10-07T01:06:59.9905390Z external/abseil-cpp+/absl/log/internal/conditions.h:68:7: note: in definition of macro 'ABSL_LOG_INTERNAL_STATELESS_CONDITION'
2026-10-07T01:06:59.9905973Z    68 |     !(condition) ? (void)0 : ::absl::log_internal::Voidify() &&
2026-10-07T01:06:59.9906283Z       |       ^~~~~~~~~
2026-10-07T01:06:59.9906727Z external/abseil-cpp+/absl/log/internal/check_impl.h:26:3: note: in expansion of macro 'ABSL_LOG_INTERNAL_CONDITION_FATAL'
2026-10-07T01:06:59.9907304Z    26 |   ABSL_LOG_INTERNAL_CONDITION_FATAL(STATELESS,                        \
2026-10-07T01:06:59.9907784Z       |   ^~~~~~~~~~~~~~~~~~~~~~~~~~~~~~~~~
2026-10-07T01:06:59.9908199Z external/abseil-cpp+/absl/log/internal/check_impl.h:27:37: note: in expansion of macro 'ABSL_PREDICT_FALSE'
2026-10-07T01:06:59.9908672Z    27 |                                     ABSL_PREDICT_FALSE(!(condition))) \
2026-10-07T01:06:59.9908987Z       |                                     ^~~~~~~~~~~~~~~~~~
2026-10-07T01:06:59.9909462Z external/abseil-cpp+/absl/log/internal/check_impl.h:43:3: note: in expansion of macro 'ABSL_LOG_INTERNAL_CHECK_IMPL'
2026-10-07T01:06:59.9909993Z    43 |   ABSL_LOG_INTERNAL_CHECK_IMPL(true || (condition), "true")
2026-10-07T01:06:59.9910285Z       |   ^~~~~~~~~~~~~~~~~~~~~~~~~~~~
2026-10-07T01:06:59.9910846Z external/abseil-cpp+/absl/log/absl_check.h:47:3: note: in expansion of macro 'ABSL_LOG_INTERNAL_DCHECK_IMPL'
2026-10-07T01:06:59.9911416Z    47 |   ABSL_LOG_INTERNAL_DCHECK_IMPL((condition), #condition)
2026-10-07T01:06:59.9911763Z       |   ^~~~~~~~~~~~~~~~~~~~~~~~~~~~~
2026-10-07T01:06:59.9912350Z external/protobuf+/src/google/protobuf/generated_message_reflection.cc:3332:3: note: in expansion of macro 'ABSL_DCHECK'
2026-10-07T01:06:59.9912983Z  3332 |   ABSL_DCHECK(!field->options().weak());
2026-10-07T01:06:59.9913282Z       |   ^~~~~~~~~~~
2026-10-07T01:06:59.9914032Z bazel-out/k8-opt-exec-ST-d57f47055a04/bin/external/protobuf+/src/google/protobuf/_virtual_includes/protobuf/google/protobuf/descriptor.pb.h:18861:13: note: declared here
2026-10-07T01:06:59.9914886Z 18861 | inline bool FieldOptions::weak() const {
2026-10-07T01:06:59.9915192Z       |             ^~~~~~~~~~~~
2026-10-07T01:06:59.9916253Z external/protobuf+/src/google/protobuf/generated_message_reflection.cc: In member function 'void google::protobuf::Reflection::NaiveSwapHasBit(google::protobuf::Message*, google::protobuf::Message*, const google::protobuf::FieldDescriptor*) const':
2026-10-07T01:06:59.9919524Z external/protobuf+/src/google/protobuf/generated_message_reflection.cc:3341:37: warning: 'bool google::protobuf::FieldOptions::weak() const' is deprecated [-Wdeprecated-declarations]
2026-10-07T01:06:59.9920376Z  3341 |   ABSL_DCHECK(!field->options().weak());
2026-10-07T01:06:59.9920799Z       |                ~~~~~~~~~~~~~~~~~~~~~^~
2026-10-07T01:06:59.9921398Z external/abseil-cpp+/absl/log/internal/conditions.h:68:7: note: in definition of macro 'ABSL_LOG_INTERNAL_STATELESS_CONDITION'
2026-10-07T01:06:59.9922085Z    68 |     !(condition) ? (void)0 : ::absl::log_internal::Voidify() &&
2026-10-07T01:06:59.9922438Z       |       ^~~~~~~~~
2026-10-07T01:06:59.9922946Z external/abseil-cpp+/absl/log/internal/check_impl.h:26:3: note: in expansion of macro 'ABSL_LOG_INTERNAL_CONDITION_FATAL'
2026-10-07T01:06:59.9923631Z    26 |   ABSL_LOG_INTERNAL_CONDITION_FATAL(STATELESS,                        \
2026-10-07T01:06:59.9924028Z       |   ^~~~~~~~~~~~~~~~~~~~~~~~~~~~~~~~~
2026-10-07T01:06:59.9924549Z external/abseil-cpp+/absl/log/internal/check_impl.h:27:37: note: in expansion of macro 'ABSL_PREDICT_FALSE'
2026-10-07T01:06:59.9925134Z    27 |                                     ABSL_PREDICT_FALSE(!(condition))) \
2026-10-07T01:06:59.9925650Z       |                                     ^~~~~~~~~~~~~~~~~~
2026-10-07T01:06:59.9926227Z external/abseil-cpp+/absl/log/internal/check_impl.h:43:3: note: in expansion of macro 'ABSL_LOG_INTERNAL_CHECK_IMPL'
2026-10-07T01:06:59.9926863Z    43 |   ABSL_LOG_INTERNAL_CHECK_IMPL(true || (condition), "true")
2026-10-07T01:06:59.9927216Z       |   ^~~~~~~~~~~~~~~~~~~~~~~~~~~~
2026-10-07T01:06:59.9927711Z external/abseil-cpp+/absl/log/absl_check.h:47:3: note: in expansion of macro 'ABSL_LOG_INTERNAL_DCHECK_IMPL'
2026-10-07T01:06:59.9928295Z    47 |   ABSL_LOG_INTERNAL_DCHECK_IMPL((condition), #condition)
2026-10-07T01:06:59.9928641Z       |   ^~~~~~~~~~~~~~~~~~~~~~~~~~~~~
2026-10-07T01:06:59.9929202Z external/protobuf+/src/google/protobuf/generated_message_reflection.cc:3341:3: note: in expansion of macro 'ABSL_DCHECK'
2026-10-07T01:06:59.9929713Z  3341 |   ABSL_DCHECK(!field->options().weak());
2026-10-07T01:06:59.9930080Z       |   ^~~~~~~~~~~
2026-10-07T01:06:59.9930840Z bazel-out/k8-opt-exec-ST-d57f47055a04/bin/external/protobuf+/src/google/protobuf/_virtual_includes/protobuf/google/protobuf/descriptor.pb.h:18861:13: note: declared here
2026-10-07T01:06:59.9931534Z 18861 | inline bool FieldOptions::weak() const {
2026-10-07T01:06:59.9931797Z       |             ^~~~~~~~~~~~
2026-10-07T01:06:59.9934188Z bazel-out/k8-opt-exec-ST-d57f47055a04/bin/external/protobuf+/src/google/protobuf/_virtual_includes/protobuf/google/protobuf/reflection_visit_fields.h: In instantiation of 'static void google::protobuf::internal::ReflectionVisit::VisitFields(MessageT&, CallbackFn&&, google::protobuf::internal::FieldMask) [with MessageT = google::protobuf::Message; CallbackFn = google::protobuf::internal::ReflectionVisit::VisitMessageFields<google::protobuf::Reflection::MaybePoisonAfterClear(google::protobuf::Message&) const::<lambda(google::protobuf::Message&)> >(google::protobuf::Message&, google::protobuf::Reflection::MaybePoisonAfterClear(google::protobuf::Message&) const::<lambda(google::protobuf::Message&)>&&)::<lambda(auto:42)>]':
2026-10-07T01:06:59.9937824Z bazel-out/k8-opt-exec-ST-d57f47055a04/bin/external/protobuf+/src/google/protobuf/_virtual_includes/protobuf/google/protobuf/reflection_visit_fields.h:447:31:   required from 'static void google::protobuf::internal::ReflectionVisit::VisitMessageFields(google::protobuf::Message&, CallbackFn&&) [with CallbackFn = google::protobuf::Reflection::MaybePoisonAfterClear(google::protobuf::Message&) const::<lambda(google::protobuf::Message&)>]'
2026-10-07T01:06:59.9940641Z bazel-out/k8-opt-exec-ST-d57f47055a04/bin/external/protobuf+/src/google/protobuf/_virtual_includes/protobuf/google/protobuf/reflection_visit_fields.h:502:38:   required from 'void google::protobuf::internal::VisitMutableMessageFields(google::protobuf::Message&, CallbackFn&&) [with CallbackFn = google::protobuf::Reflection::MaybePoisonAfterClear(google::protobuf::Message&) const::<lambda(google::protobuf::Message&)>]'
2026-10-07T01:06:59.9942295Z external/protobuf+/src/google/protobuf/generated_message_reflection.cc:1390:40:   required from here
2026-10-07T01:06:59.9943454Z bazel-out/k8-opt-exec-ST-d57f47055a04/bin/external/protobuf+/src/google/protobuf/_virtual_includes/protobuf/google/protobuf/reflection_visit_fields.h:109:39: warning: 'bool google::protobuf::FieldOptions::weak() const' is deprecated [-Wdeprecated-declarations]
2026-10-07T01:06:59.9944459Z   109 |     ABSL_DCHECK(!field->options().weak()) << "weak fields are not supported";
2026-10-07T01:06:59.9944834Z       |                  ~~~~~~~~~~~~~~~~~~~~~^~
2026-10-07T01:06:59.9945364Z external/abseil-cpp+/absl/log/internal/conditions.h:68:7: note: in definition of macro 'ABSL_LOG_INTERNAL_STATELESS_CONDITION'
2026-10-07T01:06:59.9945943Z    68 |     !(condition) ? (void)0 : ::absl::log_internal::Voidify() &&
2026-10-07T01:06:59.9946251Z       |       ^~~~~~~~~
2026-10-07T01:06:59.9946700Z external/abseil-cpp+/absl/log/internal/check_impl.h:26:3: note: in expansion of macro 'ABSL_LOG_INTERNAL_CONDITION_FATAL'
2026-10-07T01:06:59.9947284Z    26 |   ABSL_LOG_INTERNAL_CONDITION_FATAL(STATELESS,                        \
2026-10-07T01:06:59.9947800Z       |   ^~~~~~~~~~~~~~~~~~~~~~~~~~~~~~~~~
2026-10-07T01:06:59.9948247Z external/abseil-cpp+/absl/log/internal/check_impl.h:27:37: note: in expansion of macro 'ABSL_PREDICT_FALSE'
2026-10-07T01:06:59.9948723Z    27 |                                     ABSL_PREDICT_FALSE(!(condition))) \
2026-10-07T01:06:59.9949039Z       |                                     ^~~~~~~~~~~~~~~~~~
2026-10-07T01:06:59.9949516Z external/abseil-cpp+/absl/log/internal/check_impl.h:43:3: note: in expansion of macro 'ABSL_LOG_INTERNAL_CHECK_IMPL'
2026-10-07T01:06:59.9950019Z    43 |   ABSL_LOG_INTERNAL_CHECK_IMPL(true || (condition), "true")
2026-10-07T01:06:59.9950318Z       |   ^~~~~~~~~~~~~~~~~~~~~~~~~~~~
2026-10-07T01:06:59.9950863Z external/abseil-cpp+/absl/log/absl_check.h:47:3: note: in expansion of macro 'ABSL_LOG_INTERNAL_DCHECK_IMPL'
2026-10-07T01:06:59.9951485Z    47 |   ABSL_LOG_INTERNAL_DCHECK_IMPL((condition), #condition)
2026-10-07T01:06:59.9951774Z       |   ^~~~~~~~~~~~~~~~~~~~~~~~~~~~~
2026-10-07T01:06:59.9952524Z bazel-out/k8-opt-exec-ST-d57f47055a04/bin/external/protobuf+/src/google/protobuf/_virtual_includes/protobuf/google/protobuf/reflection_visit_fields.h:109:5: note: in expansion of macro 'ABSL_DCHECK'
2026-10-07T01:06:59.9953355Z   109 |     ABSL_DCHECK(!field->options().weak()) << "weak fields are not supported";
2026-10-07T01:06:59.9953684Z       |     ^~~~~~~~~~~
2026-10-07T01:06:59.9954298Z bazel-out/k8-opt-exec-ST-d57f47055a04/bin/external/protobuf+/src/google/protobuf/_virtual_includes/protobuf/google/protobuf/descriptor.pb.h:18861:13: note: declared here
2026-10-07T01:06:59.9954978Z 18861 | inline bool FieldOptions::weak() const {
2026-10-07T01:06:59.9955244Z       |             ^~~~~~~~~~~~
2026-10-07T01:06:59.9956136Z bazel-out/k8-opt-exec-ST-d57f47055a04/bin/external/protobuf+/src/google/protobuf/_virtual_includes/protobuf/google/protobuf/reflection_visit_fields.h:109:39: warning: 'bool google::protobuf::FieldOptions::weak() const' is deprecated [-Wdeprecated-declarations]
2026-10-07T01:06:59.9957153Z   109 |     ABSL_DCHECK(!field->options().weak()) << "weak fields are not supported";
2026-10-07T01:06:59.9957512Z       |                  ~~~~~~~~~~~~~~~~~~~~~^~
2026-10-07T01:06:59.9958013Z external/abseil-cpp+/absl/log/internal/conditions.h:68:7: note: in definition of macro 'ABSL_LOG_INTERNAL_STATELESS_CONDITION'
2026-10-07T01:06:59.9958568Z    68 |     !(condition) ? (void)0 : ::absl::log_internal::Voidify() &&
2026-10-07T01:06:59.9958873Z       |       ^~~~~~~~~
2026-10-07T01:06:59.9959382Z external/abseil-cpp+/absl/log/internal/check_impl.h:26:3: note: in expansion of macro 'ABSL_LOG_INTERNAL_CONDITION_FATAL'
2026-10-07T01:06:59.9959968Z    26 |   ABSL_LOG_INTERNAL_CONDITION_FATAL(STATELESS,                        \
2026-10-07T01:06:59.9960297Z       |   ^~~~~~~~~~~~~~~~~~~~~~~~~~~~~~~~~
2026-10-07T01:06:59.9960874Z external/abseil-cpp+/absl/log/internal/check_impl.h:27:37: note: in expansion of macro 'ABSL_PREDICT_FALSE'
2026-10-07T01:06:59.9961351Z    27 |                                     ABSL_PREDICT_FALSE(!(condition))) \
2026-10-07T01:06:59.9961661Z       |                                     ^~~~~~~~~~~~~~~~~~
2026-10-07T01:06:59.9962150Z external/abseil-cpp+/absl/log/internal/check_impl.h:43:3: note: in expansion of macro 'ABSL_LOG_INTERNAL_CHECK_IMPL'
2026-10-07T01:06:59.9962681Z    43 |   ABSL_LOG_INTERNAL_CHECK_IMPL(true || (condition), "true")
2026-10-07T01:06:59.9962991Z       |   ^~~~~~~~~~~~~~~~~~~~~~~~~~~~
2026-10-07T01:06:59.9963420Z external/abseil-cpp+/absl/log/absl_check.h:47:3: note: in expansion of macro 'ABSL_LOG_INTERNAL_DCHECK_IMPL'
2026-10-07T01:06:59.9963907Z    47 |   ABSL_LOG_INTERNAL_DCHECK_IMPL((condition), #condition)
2026-10-07T01:06:59.9964194Z       |   ^~~~~~~~~~~~~~~~~~~~~~~~~~~~~
2026-10-07T01:06:59.9964926Z bazel-out/k8-opt-exec-ST-d57f47055a04/bin/external/protobuf+/src/google/protobuf/_virtual_includes/protobuf/google/protobuf/reflection_visit_fields.h:109:5: note: in expansion of macro 'ABSL_DCHECK'
2026-10-07T01:06:59.9965968Z   109 |     ABSL_DCHECK(!field->options().weak()) << "weak fields are not supported";
2026-10-07T01:06:59.9966315Z       |     ^~~~~~~~~~~
2026-10-07T01:06:59.9966935Z bazel-out/k8-opt-exec-ST-d57f47055a04/bin/external/protobuf+/src/google/protobuf/_virtual_includes/protobuf/google/protobuf/descriptor.pb.h:18861:13: note: declared here
2026-10-07T01:06:59.9967625Z 18861 | inline bool FieldOptions::weak() const {
2026-10-07T01:06:59.9967884Z       |             ^~~~~~~~~~~~
2026-10-07T01:07:01.0003205Z INFO: From Compiling src/google/protobuf/compiler/cpp/field_generators/primitive_field.cc [for tool]:
2026-10-07T01:07:01.0024972Z In file included from bazel-out/k8-opt-exec-ST-d57f47055a04/bin/external/protobuf+/src/google/protobuf/compiler/cpp/_virtual_includes/cpp/google/protobuf/compiler/cpp/field.h:26,
2026-10-07T01:07:01.0122183Z                  from external/protobuf+/src/google/protobuf/compiler/cpp/field_generators/primitive_field.cc:21:
2026-10-07T01:07:01.0182231Z bazel-out/k8-opt-exec-ST-d57f47055a04/bin/external/protobuf+/src/google/protobuf/compiler/cpp/_virtual_includes/names_internal/google/protobuf/compiler/cpp/helpers.h: In function 'bool google::protobuf::compiler::cpp::IsWeak(const google::protobuf::FieldDescriptor*, const Options&)':
2026-10-07T01:07:01.0184048Z bazel-out/k8-opt-exec-ST-d57f47055a04/bin/external/protobuf+/src/google/protobuf/compiler/cpp/_virtual_includes/names_internal/google/protobuf/compiler/cpp/helpers.h:347:28: warning: 'bool google::protobuf::FieldOptions::weak() const' is deprecated [-Wdeprecated-declarations]
2026-10-07T01:07:01.0221641Z   347 |   if (field->options().weak()) {
2026-10-07T01:07:01.0271582Z       |       ~~~~~~~~~~~~~~~~~~~~~^~
2026-10-07T01:07:01.0292025Z In file included from bazel-out/k8-opt-exec-ST-d57f47055a04/bin/external/protobuf+/src/google/protobuf/compiler/_virtual_includes/code_generator_lite/google/protobuf/compiler/code_generator_lite.h:18,
2026-10-07T01:07:01.0321795Z                  from bazel-out/k8-opt-exec-ST-d57f47055a04/bin/external/protobuf+/src/google/protobuf/compiler/_virtual_includes/code_generator/google/protobuf/compiler/code_generator.h:25,
2026-10-07T01:07:01.0342047Z                  from bazel-out/k8-opt-exec-ST-d57f47055a04/bin/external/protobuf+/src/google/protobuf/compiler/cpp/_virtual_includes/names_internal/google/protobuf/compiler/cpp/helpers.h:29:
2026-10-07T01:07:01.0343512Z bazel-out/k8-opt-exec-ST-d57f47055a04/bin/external/protobuf+/src/google/protobuf/_virtual_includes/protobuf/google/protobuf/descriptor.pb.h:18861:13: note: declared here
2026-10-07T01:07:01.0344351Z 18861 | inline bool FieldOptions::weak() const {
2026-10-07T01:07:01.0344693Z       |             ^~~~~~~~~~~~
2026-10-07T01:07:01.0345347Z [697 / 944] Compiling src/google/protobuf/compiler/cpp/file.cc [for tool]; 7s processwrapper-sandbox ... (4 actions, 3 running)
2026-10-07T01:07:02.2843585Z [700 / 944] Compiling src/google/protobuf/compiler/cpp/file.cc [for tool]; 9s processwrapper-sandbox ... (4 actions, 3 running)
2026-10-07T01:07:02.8543201Z INFO: From Compiling src/google/protobuf/generated_message_tctable_gen.cc [for tool]:
2026-10-07T01:07:02.8571663Z external/protobuf+/src/google/protobuf/generated_message_tctable_gen.cc: In function 'bool google::protobuf::internal::{anonymous}::HasWeakFields(const google::protobuf::Descriptor*)':
2026-10-07T01:07:02.8601497Z external/protobuf+/src/google/protobuf/generated_message_tctable_gen.cc:699:45: warning: 'bool google::protobuf::FieldOptions::weak() const' is deprecated [-Wdeprecated-declarations]
2026-10-07T01:07:02.8602289Z   699 |     if (descriptor->field(i)->options().weak()) {
2026-10-07T01:07:02.8631136Z       |         ~~~~~~~~~~~~~~~~~~~~~~~~~~~~~~~~~~~~^~
2026-10-07T01:07:02.8643044Z In file included from bazel-out/k8-opt-exec-ST-d57f47055a04/bin/external/protobuf+/src/google/protobuf/_virtual_includes/protobuf/google/protobuf/generated_message_tctable_gen.h:21,
2026-10-07T01:07:02.8644177Z                  from external/protobuf+/src/google/protobuf/generated_message_tctable_gen.cc:8:
2026-10-07T01:07:02.8645531Z bazel-out/k8-opt-exec-ST-d57f47055a04/bin/external/protobuf+/src/google/protobuf/_virtual_includes/protobuf/google/protobuf/descriptor.pb.h:18861:13: note: declared here
2026-10-07T01:07:02.8646371Z 18861 | inline bool FieldOptions::weak() const {
2026-10-07T01:07:02.8646773Z       |             ^~~~~~~~~~~~
2026-10-07T01:07:02.8647611Z external/protobuf+/src/google/protobuf/generated_message_tctable_gen.cc: In function 'bool google::protobuf::internal::IsFieldTypeEligibleForFastParsing(const google::protobuf::FieldDescriptor*)':
2026-10-07T01:07:02.8648978Z external/protobuf+/src/google/protobuf/generated_message_tctable_gen.cc:738:28: warning: 'bool google::protobuf::FieldOptions::weak() const' is deprecated [-Wdeprecated-declarations]
2026-10-07T01:07:02.8649791Z   738 |       field->options().weak()) {
2026-10-07T01:07:02.8650448Z       |       ~~~~~~~~~~~~~~~~~~~~~^~
2026-10-07T01:07:02.8651428Z bazel-out/k8-opt-exec-ST-d57f47055a04/bin/external/protobuf+/src/google/protobuf/_virtual_includes/protobuf/google/protobuf/descriptor.pb.h:18861:13: note: declared here
2026-10-07T01:07:02.8652273Z 18861 | inline bool FieldOptions::weak() const {
2026-10-07T01:07:02.8652625Z       |             ^~~~~~~~~~~~
2026-10-07T01:07:02.8653143Z external/protobuf+/src/google/protobuf/generated_message_tctable_gen.cc: In lambda function:
2026-10-07T01:07:02.8654109Z external/protobuf+/src/google/protobuf/generated_message_tctable_gen.cc:773:54: warning: 'bool google::protobuf::FieldOptions::weak() const' is deprecated [-Wdeprecated-declarations]
2026-10-07T01:07:02.8654991Z   773 |            !field->is_map() && !field->options().weak() &&
2026-10-07T01:07:02.8655409Z       |                                 ~~~~~~~~~~~~~~~~~~~~~^~
2026-10-07T01:07:02.8656259Z bazel-out/k8-opt-exec-ST-d57f47055a04/bin/external/protobuf+/src/google/protobuf/_virtual_includes/protobuf/google/protobuf/descriptor.pb.h:18861:13: note: declared here
2026-10-07T01:07:02.8657079Z 18861 | inline bool FieldOptions::weak() const {
2026-10-07T01:07:02.8657470Z       |             ^~~~~~~~~~~~
2026-10-07T01:07:02.8658877Z external/protobuf+/src/google/protobuf/generated_message_tctable_gen.cc: In static member function 'static std::vector<google::protobuf::internal::TailCallTableInfo::FieldEntryInfo> google::protobuf::internal::TailCallTableInfo::BuildFieldEntries(const google::protobuf::Descriptor*, const MessageOptions&, absl::lts_20250814::Span<const FieldOptions>, std::vector<AuxEntry>&)':
2026-10-07T01:07:02.8660927Z external/protobuf+/src/google/protobuf/generated_message_tctable_gen.cc:813:39: warning: 'bool google::protobuf::FieldOptions::weak() const' is deprecated [-Wdeprecated-declarations]
2026-10-07T01:07:02.8661772Z   813 |       } else if (field->options().weak()) {
2026-10-07T01:07:02.8662172Z       |                  ~~~~~~~~~~~~~~~~~~~~~^~
2026-10-07T01:07:02.8662960Z bazel-out/k8-opt-exec-ST-d57f47055a04/bin/external/protobuf+/src/google/protobuf/_virtual_includes/protobuf/google/protobuf/descriptor.pb.h:18861:13: note: declared here
2026-10-07T01:07:02.8663810Z 18861 | inline bool FieldOptions::weak() const {
2026-10-07T01:07:02.8664161Z       |             ^~~~~~~~~~~~
2026-10-07T01:07:03.4084399Z [704 / 944] Compiling src/google/protobuf/compiler/cpp/file.cc [for tool]; 10s processwrapper-sandbox ... (4 actions running)
2026-10-07T01:07:04.0469748Z INFO: From Compiling src/google/protobuf/compiler/cpp/file.cc [for tool]:
2026-10-07T01:07:04.0527483Z In file included from bazel-out/k8-opt-exec-ST-d57f47055a04/bin/external/protobuf+/src/google/protobuf/compiler/cpp/_virtual_includes/cpp/google/protobuf/compiler/cpp/extension.h:19,
2026-10-07T01:07:04.0551615Z                  from bazel-out/k8-opt-exec-ST-d57f47055a04/bin/external/protobuf+/src/google/protobuf/compiler/cpp/_virtual_includes/cpp/google/protobuf/compiler/cpp/file.h:26,
2026-10-07T01:07:04.0569920Z                  from external/protobuf+/src/google/protobuf/compiler/cpp/file.cc:12:
2026-10-07T01:07:04.0611725Z bazel-out/k8-opt-exec-ST-d57f47055a04/bin/external/protobuf+/src/google/protobuf/compiler/cpp/_virtual_includes/names_internal/google/protobuf/compiler/cpp/helpers.h: In function 'bool google::protobuf::compiler::cpp::IsWeak(const google::protobuf::FieldDescriptor*, const Options&)':
2026-10-07T01:07:04.0613635Z bazel-out/k8-opt-exec-ST-d57f47055a04/bin/external/protobuf+/src/google/protobuf/compiler/cpp/_virtual_includes/names_internal/google/protobuf/compiler/cpp/helpers.h:347:28: warning: 'bool google::protobuf::FieldOptions::weak() const' is deprecated [-Wdeprecated-declarations]
2026-10-07T01:07:04.0640890Z   347 |   if (field->options().weak()) {
2026-10-07T01:07:04.0671058Z       |       ~~~~~~~~~~~~~~~~~~~~~^~
2026-10-07T01:07:04.0702163Z In file included from bazel-out/k8-opt-exec-ST-d57f47055a04/bin/external/protobuf+/src/google/protobuf/compiler/_virtual_includes/code_generator_lite/google/protobuf/compiler/code_generator_lite.h:18,
2026-10-07T01:07:04.0703648Z                  from bazel-out/k8-opt-exec-ST-d57f47055a04/bin/external/protobuf+/src/google/protobuf/compiler/_virtual_includes/code_generator/google/protobuf/compiler/code_generator.h:25,
2026-10-07T01:07:04.0731272Z                  from bazel-out/k8-opt-exec-ST-d57f47055a04/bin/external/protobuf+/src/google/protobuf/compiler/cpp/_virtual_includes/names_internal/google/protobuf/compiler/cpp/helpers.h:29:
2026-10-07T01:07:04.0761258Z bazel-out/k8-opt-exec-ST-d57f47055a04/bin/external/protobuf+/src/google/protobuf/_virtual_includes/protobuf/google/protobuf/descriptor.pb.h:18861:13: note: declared here
2026-10-07T01:07:04.0790952Z 18861 | inline bool FieldOptions::weak() const {
2026-10-07T01:07:04.0791396Z       |             ^~~~~~~~~~~~
2026-10-07T01:07:04.0820979Z In file included from external/abseil-cpp+/absl/functional/any_invocable.h:44,
2026-10-07T01:07:04.0850960Z                  from external/abseil-cpp+/absl/functional/internal/function_ref.h:22,
2026-10-07T01:07:04.0851592Z                  from external/abseil-cpp+/absl/functional/function_ref.h:54,
2026-10-07T01:07:04.0880952Z                  from external/abseil-cpp+/absl/hash/hash.h:88,
2026-10-07T01:07:04.0901738Z                  from external/abseil-cpp+/absl/container/internal/hash_function_defaults.h:57,
2026-10-07T01:07:04.0930948Z                  from external/abseil-cpp+/absl/container/hash_container_defaults.h:19,
2026-10-07T01:07:04.0941029Z                  from external/abseil-cpp+/absl/container/flat_hash_map.h:43,
2026-10-07T01:07:04.0961213Z                  from bazel-out/k8-opt-exec-ST-d57f47055a04/bin/external/protobuf+/src/google/protobuf/compiler/cpp/_virtual_includes/cpp/google/protobuf/compiler/cpp/file.h:20:
2026-10-07T01:07:04.0991184Z In function 'void absl::lts_20250814::internal_any_invocable::LocalManagerTrivial(FunctionToCall, TypeErasedState*, TypeErasedState*)',
2026-10-07T01:07:04.1001975Z     inlined from 'absl::lts_20250814::internal_any_invocable::CoreImpl<SigIsNoexcept, ReturnType, P>::CoreImpl(absl::lts_20250814::internal_any_invocable::CoreImpl<SigIsNoexcept, ReturnType, P>&&) [with bool SigIsNoexcept = false; ReturnType = void; P = {google::protobuf::io::Printer*}]' at external/abseil-cpp+/absl/functional/internal/any_invocable.h:461:11,
2026-10-07T01:07:04.1031617Z     inlined from 'absl::lts_20250814::internal_any_invocable::Impl<void(google::protobuf::io::Printer*)>::Impl(absl::lts_20250814::internal_any_invocable::Impl<void(google::protobuf::io::Printer*)>&&)' at external/abseil-cpp+/absl/functional/internal/any_invocable.h:755:1,
2026-10-07T01:07:04.1051501Z     inlined from 'absl::lts_20250814::AnyInvocable<Sig>::AnyInvocable(absl::lts_20250814::AnyInvocable<Sig>&&) [with Sig = void(google::protobuf::io::Printer*)]' at external/abseil-cpp+/absl/functional/any_invocable.h:185:3,
2026-10-07T01:07:04.1081829Z     inlined from 'void std::__new_allocator<_Tp>::construct(_Up*, _Args&& ...) [with _Up = absl::lts_20250814::AnyInvocable<void(google::protobuf::io::Printer*)>; _Args = {absl::lts_20250814::AnyInvocable<void(google::protobuf::io::Printer*)>}; _Tp = absl::lts_20250814::AnyInvocable<void(google::protobuf::io::Printer*)>]' at /usr/include/c++/13/bits/new_allocator.h:191:4,
2026-10-07T01:07:04.1092117Z     inlined from 'static void std::allocator_traits<std::allocator<_Tp1> >::construct(allocator_type&, _Up*, _Args&& ...) [with _Up = absl::lts_20250814::AnyInvocable<void(google::protobuf::io::Printer*)>; _Args = {absl::lts_20250814::AnyInvocable<void(google::protobuf::io::Printer*)>}; _Tp = absl::lts_20250814::AnyInvocable<void(google::protobuf::io::Printer*)>]' at /usr/include/c++/13/bits/alloc_traits.h:538:17,
2026-10-07T01:07:04.1122228Z     inlined from 'std::vector<_Tp, _Alloc>::reference std::vector<_Tp, _Alloc>::emplace_back(_Args&& ...) [with _Args = {absl::lts_20250814::AnyInvocable<void(google::protobuf::io::Printer*)>}; _Tp = absl::lts_20250814::AnyInvocable<void(google::protobuf::io::Printer*)>; _Alloc = std::allocator<absl::lts_20250814::AnyInvocable<void(google::protobuf::io::Printer*)> >]' at /usr/include/c++/13/bits/vector.tcc:117:30,
2026-10-07T01:07:04.1141608Z     inlined from 'void std::vector<_Tp, _Alloc>::push_back(value_type&&) [with _Tp = absl::lts_20250814::AnyInvocable<void(google::protobuf::io::Printer*)>; _Alloc = std::allocator<absl::lts_20250814::AnyInvocable<void(google::protobuf::io::Printer*)> >]' at /usr/include/c++/13/bits/stl_vector.h:1299:21,
2026-10-07T01:07:04.1171491Z     inlined from 'void google::protobuf::compiler::cpp::FileGenerator::GenerateReflectionInitializationCode(google::protobuf::io::Printer*)' at external/protobuf+/src/google/protobuf/compiler/cpp/file.cc:1385:53:
2026-10-07T01:07:04.1182151Z external/abseil-cpp+/absl/functional/internal/any_invocable.h:225:7: warning: '<unnamed>.absl::lts_20250814::AnyInvocable<void(google::protobuf::io::Printer*)>::<unnamed>.absl::lts_20250814::internal_any_invocable::Impl<void(google::protobuf::io::Printer*)>::<unnamed>.absl::lts_20250814::internal_any_invocable::CoreImpl<false, void, google::protobuf::io::Printer*>::state_' may be used uninitialized [-Wmaybe-uninitialized]
2026-10-07T01:07:04.1210920Z   225 |   *to = *from;
2026-10-07T01:07:04.1230826Z       |   ~~~~^~~~~~~
2026-10-07T01:07:04.1261390Z external/protobuf+/src/google/protobuf/compiler/cpp/file.cc: In member function 'void google::protobuf::compiler::cpp::FileGenerator::GenerateReflectionInitializationCode(google::protobuf::io::Printer*)':
2026-10-07T01:07:04.1271132Z external/protobuf+/src/google/protobuf/compiler/cpp/file.cc:1385:53: note: '<anonymous>' declared here
2026-10-07T01:07:04.1290919Z  1385 |     static_initializers_[kInitPriority102].push_back([](auto* p) {
2026-10-07T01:07:04.1320890Z       |     ~~~~~~~~~~~~~~~~~~~~~~~~~~~~~~~~~~~~~~~~~~~~~~~~^~~~~~~~~~~~~~
2026-10-07T01:07:04.1330964Z  1386 |       p->Emit(R"cc(
2026-10-07T01:07:04.1360938Z       |       ~~~~~~~~~~~~~                                  
2026-10-07T01:07:04.1380943Z  1387 |         ::_pbi::AddDescriptors(&$desc_table$),
2026-10-07T01:07:04.1410912Z       |         ~~~~~~~~~~~~~~~~~~~~~~~~~~~~~~~~~~~~~~       
2026-10-07T01:07:04.1420923Z  1388 |       )cc");
2026-10-07T01:07:04.1440862Z       |       ~~~~~~                                         
2026-10-07T01:07:04.1470827Z  1389 |     });
2026-10-07T01:07:04.1480961Z       |     ~~                                               
2026-10-07T01:07:04.4082179Z [708 / 944] Compiling src/google/protobuf/compiler/cpp/field_generators/string_field.cc [for tool]; 4s processwrapper-sandbox ... (4 actions running)
2026-10-07T01:07:04.4261720Z INFO: From Compiling src/google/protobuf/compiler/cpp/field_generators/string_field.cc [for tool]:
2026-10-07T01:07:04.4294517Z In file included from bazel-out/k8-opt-exec-ST-d57f47055a04/bin/external/protobuf+/src/google/protobuf/compiler/cpp/_virtual_includes/cpp/google/protobuf/compiler/cpp/field.h:26,
2026-10-07T01:07:04.4305360Z                  from external/protobuf+/src/google/protobuf/compiler/cpp/field_generators/string_field.cc:20:
2026-10-07T01:07:04.4306826Z bazel-out/k8-opt-exec-ST-d57f47055a04/bin/external/protobuf+/src/google/protobuf/compiler/cpp/_virtual_includes/names_internal/google/protobuf/compiler/cpp/helpers.h: In function 'bool google::protobuf::compiler::cpp::IsWeak(const google::protobuf::FieldDescriptor*, const Options&)':
2026-10-07T01:07:04.4308997Z bazel-out/k8-opt-exec-ST-d57f47055a04/bin/external/protobuf+/src/google/protobuf/compiler/cpp/_virtual_includes/names_internal/google/protobuf/compiler/cpp/helpers.h:347:28: warning: 'bool google::protobuf::FieldOptions::weak() const' is deprecated [-Wdeprecated-declarations]
2026-10-07T01:07:04.4310080Z   347 |   if (field->options().weak()) {
2026-10-07T01:07:04.4310435Z       |       ~~~~~~~~~~~~~~~~~~~~~^~
2026-10-07T01:07:04.4311371Z In file included from bazel-out/k8-opt-exec-ST-d57f47055a04/bin/external/protobuf+/src/google/protobuf/compiler/_virtual_includes/code_generator_lite/google/protobuf/compiler/code_generator_lite.h:18,
2026-10-07T01:07:04.4312856Z                  from bazel-out/k8-opt-exec-ST-d57f47055a04/bin/external/protobuf+/src/google/protobuf/compiler/_virtual_includes/code_generator/google/protobuf/compiler/code_generator.h:25,
2026-10-07T01:07:04.4314091Z                  from bazel-out/k8-opt-exec-ST-d57f47055a04/bin/external/protobuf+/src/google/protobuf/compiler/cpp/_virtual_includes/names_internal/google/protobuf/compiler/cpp/helpers.h:29:
2026-10-07T01:07:04.4315299Z bazel-out/k8-opt-exec-ST-d57f47055a04/bin/external/protobuf+/src/google/protobuf/_virtual_includes/protobuf/google/protobuf/descriptor.pb.h:18861:13: note: declared here
2026-10-07T01:07:04.4316105Z 18861 | inline bool FieldOptions::weak() const {
2026-10-07T01:07:04.4316493Z       |             ^~~~~~~~~~~~
2026-10-07T01:07:05.4671744Z [715 / 944] Compiling src/google/protobuf/map_field.cc [for tool]; 2s processwrapper-sandbox ... (4 actions, 3 running)
2026-10-07T01:07:05.4952021Z INFO: From Compiling src/google/protobuf/map_field.cc [for tool]:
2026-10-07T01:07:05.4970076Z In file included from external/protobuf+/src/google/protobuf/map_field.cc:8:
2026-10-07T01:07:05.5002201Z bazel-out/k8-opt-exec-ST-d57f47055a04/bin/external/protobuf+/src/google/protobuf/_virtual_includes/protobuf/google/protobuf/map_field.h: In constructor 'google::protobuf::internal::MapFieldBase::ReflectionPayload::ReflectionPayload(google::protobuf::Arena*, const google::protobuf::Message*)':
2026-10-07T01:07:05.5031730Z bazel-out/k8-opt-exec-ST-d57f47055a04/bin/external/protobuf+/src/google/protobuf/_virtual_includes/protobuf/google/protobuf/map_field.h:416:11: warning: 'google::protobuf::RepeatedPtrField<T>::RepeatedPtrField(google::protobuf::Arena*) [with Element = google::protobuf::Message]' is deprecated: Use Arena::Create<RepeatedPtrField<...>>(Arena*) instead [-Wdeprecated-declarations]
2026-10-07T01:07:05.5061172Z   416 |         : repeated_field_(arena), prototype_(prototype) {}
2026-10-07T01:07:05.5080986Z       |           ^~~~~~~~~~~~~~~~~~~~~~
2026-10-07T01:07:05.5091497Z In file included from bazel-out/k8-opt-exec-ST-d57f47055a04/bin/external/protobuf+/src/google/protobuf/_virtual_includes/protobuf_lite/google/protobuf/repeated_field.h:46,
2026-10-07T01:07:05.5111388Z                  from bazel-out/k8-opt-exec-ST-d57f47055a04/bin/external/protobuf+/src/google/protobuf/_virtual_includes/protobuf_lite/google/protobuf/parse_context.h:39,
2026-10-07T01:07:05.5118185Z                  from bazel-out/k8-opt-exec-ST-d57f47055a04/bin/external/protobuf+/src/google/protobuf/_virtual_includes/protobuf_lite/google/protobuf/generated_message_tctable_decl.h:25,
2026-10-07T01:07:05.5119249Z                  from bazel-out/k8-opt-exec-ST-d57f47055a04/bin/external/protobuf+/src/google/protobuf/_virtual_includes/protobuf_lite/google/protobuf/extension_set.h:40,
2026-10-07T01:07:05.5120941Z                  from bazel-out/k8-opt-exec-ST-d57f47055a04/bin/external/protobuf+/src/google/protobuf/_virtual_includes/protobuf/google/protobuf/descriptor.h:56,
2026-10-07T01:07:05.5122040Z                  from bazel-out/k8-opt-exec-ST-d57f47055a04/bin/external/protobuf+/src/google/protobuf/_virtual_includes/protobuf/google/protobuf/map_field.h:23:
2026-10-07T01:07:05.5123392Z bazel-out/k8-opt-exec-ST-d57f47055a04/bin/external/protobuf+/src/google/protobuf/_virtual_includes/protobuf_lite/google/protobuf/repeated_ptr_field.h:1380:8: note: declared here
2026-10-07T01:07:05.5124302Z  1380 | inline RepeatedPtrField<Element>::RepeatedPtrField(Arena* arena)
2026-10-07T01:07:05.5124740Z       |        ^~~~~~~~~~~~~~~~~~~~~~~~~
2026-10-07T01:07:06.4706339Z [728 / 944] Compiling absl/strings/cord.cc; 0s processwrapper-sandbox ... (4 actions, 3 running)
2026-10-07T01:07:07.7301786Z [735 / 944] Compiling absl/strings/cord.cc; 2s processwrapper-sandbox ... (4 actions, 3 running)
2026-10-07T01:07:08.7751905Z [742 / 944] Compiling absl/strings/cord.cc; 3s processwrapper-sandbox ... (4 actions, 3 running)
2026-10-07T01:07:09.8021279Z [750 / 944] Compiling absl/strings/cord_analysis.cc; 0s processwrapper-sandbox ... (4 actions, 3 running)
2026-10-07T01:07:10.9240200Z [757 / 944] Compiling absl/container/internal/raw_hash_set.cc; 0s processwrapper-sandbox ... (4 actions, 3 running)
2026-10-07T01:07:12.0132607Z [762 / 944] Compiling src/google/protobuf/io/zero_copy_stream_impl.cc [for tool]; 1s processwrapper-sandbox ... (4 actions, 3 running)
2026-10-07T01:07:13.3774538Z [769 / 944] Compiling absl/flags/reflection.cc; 1s processwrapper-sandbox ... (4 actions, 3 running)
2026-10-07T01:07:14.4171708Z [779 / 944] Compiling src/google/protobuf/arena.cc [for tool]; 0s processwrapper-sandbox ... (4 actions running)
2026-10-07T01:07:16.0611988Z [796 / 944] Compiling src/google/protobuf/arena.cc; 1s processwrapper-sandbox ... (4 actions, 3 running)
2026-10-07T01:07:17.4013179Z [804 / 944] Compiling absl/strings/cord.cc [for tool]; 1s processwrapper-sandbox ... (4 actions, 3 running)
2026-10-07T01:07:18.4141611Z [807 / 944] Compiling absl/strings/cord.cc [for tool]; 2s processwrapper-sandbox ... (4 actions running)
2026-10-07T01:07:19.5969053Z [812 / 944] Compiling absl/status/status.cc [for tool]; 0s processwrapper-sandbox ... (4 actions, 3 running)
2026-10-07T01:07:20.6425967Z [819 / 944] Compiling src/google/protobuf/extension_set.cc; 1s processwrapper-sandbox ... (4 actions, 3 running)
2026-10-07T01:07:22.0634965Z [845 / 944] Compiling src/google/protobuf/extension_set.cc; 2s processwrapper-sandbox ... (4 actions, 3 running)
2026-10-07T01:07:23.0712207Z [850 / 944] Compiling src/google/protobuf/extension_set.cc; 3s processwrapper-sandbox ... (4 actions, 3 running)
2026-10-07T01:07:24.4171774Z [853 / 944] Compiling src/google/protobuf/parse_context.cc; 1s processwrapper-sandbox ... (4 actions running)
2026-10-07T01:07:25.9909591Z [857 / 944] Compiling src/google/protobuf/io/printer.cc; 2s processwrapper-sandbox ... (4 actions, 3 running)
2026-10-07T01:07:26.4541464Z INFO: From Compiling src/google/protobuf/map.cc:
2026-10-07T01:07:26.4571667Z In file included from bazel-out/k8-opt/bin/external/protobuf+/src/google/protobuf/_virtual_includes/protobuf_lite/google/protobuf/generated_enum_util.h:20,
2026-10-07T01:07:26.4601402Z                  from bazel-out/k8-opt/bin/external/protobuf+/src/google/protobuf/_virtual_includes/protobuf_lite/google/protobuf/map.h:41,
2026-10-07T01:07:26.4651132Z                  from external/protobuf+/src/google/protobuf/map.cc:8:
2026-10-07T01:07:26.4711411Z In function 'const google::protobuf::internal::ClassData* google::protobuf::internal::GetClassData(const Type&) [with Type = google::protobuf::MessageLite]',
2026-10-07T01:07:26.4721662Z     inlined from 'google::protobuf::internal::Offsets google::protobuf::internal::AlignAndAddSizeDynamic(size_t, UntypedMapBase::TypeKind, const google::protobuf::MessageLite*, size_t&)' at external/protobuf+/src/google/protobuf/map.cc:229:38,
2026-10-07T01:07:26.4771575Z     inlined from 'static google::protobuf::internal::UntypedMapBase::TypeInfo google::protobuf::internal::UntypedMapBase::GetTypeInfoDynamic(TypeKind, TypeKind, const google::protobuf::MessageLite*)' at external/protobuf+/src/google/protobuf/map.cc:249:29:
2026-10-07T01:07:26.4781459Z bazel-out/k8-opt/bin/external/protobuf+/src/google/protobuf/_virtual_includes/protobuf_lite/google/protobuf/message_lite.h:1230:28: warning: 'this' pointer is null [-Wnonnull]
2026-10-07T01:07:26.4830884Z  1230 |     return msg.GetClassData();
2026-10-07T01:07:26.4840874Z       |            ~~~~~~~~~~~~~~~~^~
2026-10-07T01:07:27.0574389Z [859 / 944] Compiling src/google/protobuf/generated_message_tctable_lite.cc; 2s processwrapper-sandbox ... (4 actions, 3 running)
2026-10-07T01:07:28.1021832Z [864 / 944] Compiling src/google/protobuf/generated_message_tctable_lite.cc; 3s processwrapper-sandbox ... (4 actions, 3 running)
2026-10-07T01:07:29.2101968Z [866 / 944] Compiling src/google/protobuf/generated_message_tctable_lite.cc; 4s processwrapper-sandbox ... (4 actions, 3 running)
2026-10-07T01:07:30.4171712Z [870 / 944] Compiling src/google/protobuf/generated_message_tctable_lite.cc; 5s processwrapper-sandbox ... (4 actions running)
2026-10-07T01:07:31.4933969Z [873 / 944] Compiling src/google/protobuf/generated_message_tctable_lite.cc; 6s processwrapper-sandbox ... (4 actions, 3 running)
2026-10-07T01:07:33.4194614Z [876 / 944] Compiling src/google/protobuf/descriptor.cc; 2s processwrapper-sandbox ... (4 actions running)
2026-10-07T01:07:35.4201667Z [877 / 944] Compiling src/google/protobuf/descriptor.cc; 4s processwrapper-sandbox ... (4 actions running)
2026-10-07T01:07:36.4202175Z [881 / 944] Compiling src/google/protobuf/descriptor.cc; 5s processwrapper-sandbox ... (4 actions running)
2026-10-07T01:07:37.4401861Z INFO: From Compiling src/google/protobuf/util/message_differencer.cc:
2026-10-07T01:07:37.4415555Z In file included from external/protobuf+/src/google/protobuf/util/message_differencer.cc:36:
2026-10-07T01:07:37.4432183Z bazel-out/k8-opt/bin/external/protobuf+/src/google/protobuf/_virtual_includes/protobuf/google/protobuf/map_field.h: In constructor 'google::protobuf::internal::MapFieldBase::ReflectionPayload::ReflectionPayload(google::protobuf::Arena*, const google::protobuf::Message*)':
2026-10-07T01:07:37.4462049Z bazel-out/k8-opt/bin/external/protobuf+/src/google/protobuf/_virtual_includes/protobuf/google/protobuf/map_field.h:416:11: warning: 'google::protobuf::RepeatedPtrField<T>::RepeatedPtrField(google::protobuf::Arena*) [with Element = google::protobuf::Message]' is deprecated: Use Arena::Create<RepeatedPtrField<...>>(Arena*) instead [-Wdeprecated-declarations]
2026-10-07T01:07:37.4491069Z   416 |         : repeated_field_(arena), prototype_(prototype) {}
2026-10-07T01:07:37.4501023Z       |           ^~~~~~~~~~~~~~~~~~~~~~
2026-10-07T01:07:37.4531306Z In file included from bazel-out/k8-opt/bin/external/protobuf+/src/google/protobuf/_virtual_includes/protobuf_lite/google/protobuf/repeated_field.h:46,
2026-10-07T01:07:37.4571332Z                  from bazel-out/k8-opt/bin/external/protobuf+/src/google/protobuf/_virtual_includes/protobuf_lite/google/protobuf/parse_context.h:39,
2026-10-07T01:07:37.4591578Z                  from bazel-out/k8-opt/bin/external/protobuf+/src/google/protobuf/_virtual_includes/protobuf_lite/google/protobuf/generated_message_tctable_decl.h:25,
2026-10-07T01:07:37.4631169Z                  from bazel-out/k8-opt/bin/external/protobuf+/src/google/protobuf/_virtual_includes/protobuf_lite/google/protobuf/extension_set.h:40,
2026-10-07T01:07:37.4651263Z                  from bazel-out/k8-opt/bin/external/protobuf+/src/google/protobuf/_virtual_includes/protobuf/google/protobuf/descriptor.h:56,
2026-10-07T01:07:37.4682543Z                  from bazel-out/k8-opt/bin/external/protobuf+/src/google/protobuf/util/_virtual_includes/differencer/google/protobuf/util/message_differencer.h:33,
2026-10-07T01:07:37.4690978Z                  from external/protobuf+/src/google/protobuf/util/message_differencer.cc:12:
2026-10-07T01:07:37.4721229Z bazel-out/k8-opt/bin/external/protobuf+/src/google/protobuf/_virtual_includes/protobuf_lite/google/protobuf/repeated_ptr_field.h:1380:8: note: declared here
2026-10-07T01:07:37.4741130Z  1380 | inline RepeatedPtrField<Element>::RepeatedPtrField(Arena* arena)
2026-10-07T01:07:37.4770900Z       |        ^~~~~~~~~~~~~~~~~~~~~~~~~
2026-10-07T01:07:37.4781039Z [882 / 944] Compiling src/google/protobuf/descriptor.cc; 6s processwrapper-sandbox ... (4 actions, 3 running)
2026-10-07T01:07:38.4421838Z INFO: From Compiling external/protobuf+/src/google/protobuf/_virtual_imports/struct_proto/google/protobuf/struct.pb.cc:
2026-10-07T01:07:38.4451839Z In file included from bazel-out/k8-opt/bin/external/protobuf+/src/google/protobuf/_virtual_includes/struct_proto/google/protobuf/struct.pb.h:34,
2026-10-07T01:07:38.4481521Z                  from bazel-out/k8-opt/bin/external/protobuf+/src/google/protobuf/_virtual_imports/struct_proto/google/protobuf/struct.pb.cc:6:
2026-10-07T01:07:38.4502277Z bazel-out/k8-opt/bin/external/protobuf+/src/google/protobuf/_virtual_includes/protobuf/google/protobuf/map_field.h: In constructor 'google::protobuf::internal::MapFieldBase::ReflectionPayload::ReflectionPayload(google::protobuf::Arena*, const google::protobuf::Message*)':
2026-10-07T01:07:38.4504361Z bazel-out/k8-opt/bin/external/protobuf+/src/google/protobuf/_virtual_includes/protobuf/google/protobuf/map_field.h:416:11: warning: 'google::protobuf::RepeatedPtrField<T>::RepeatedPtrField(google::protobuf::Arena*) [with Element = google::protobuf::Message]' is deprecated: Use Arena::Create<RepeatedPtrField<...>>(Arena*) instead [-Wdeprecated-declarations]
2026-10-07T01:07:38.4505478Z   416 |         : repeated_field_(arena), prototype_(prototype) {}
2026-10-07T01:07:38.4505745Z       |           ^~~~~~~~~~~~~~~~~~~~~~
2026-10-07T01:07:38.4506255Z In file included from bazel-out/k8-opt/bin/external/protobuf+/src/google/protobuf/_virtual_includes/protobuf_lite/google/protobuf/repeated_field.h:46,
2026-10-07T01:07:38.4507034Z                  from bazel-out/k8-opt/bin/external/protobuf+/src/google/protobuf/_virtual_includes/protobuf_lite/google/protobuf/parse_context.h:39,
2026-10-07T01:07:38.4507833Z                  from bazel-out/k8-opt/bin/external/protobuf+/src/google/protobuf/_virtual_includes/protobuf_lite/google/protobuf/generated_message_tctable_decl.h:25,
2026-10-07T01:07:38.4508646Z                  from bazel-out/k8-opt/bin/external/protobuf+/src/google/protobuf/_virtual_includes/struct_proto/google/protobuf/struct.pb.h:23:
2026-10-07T01:07:38.4509446Z bazel-out/k8-opt/bin/external/protobuf+/src/google/protobuf/_virtual_includes/protobuf_lite/google/protobuf/repeated_ptr_field.h:1380:8: note: declared here
2026-10-07T01:07:38.4510101Z  1380 | inline RepeatedPtrField<Element>::RepeatedPtrField(Arena* arena)
2026-10-07T01:07:38.4510411Z       |        ^~~~~~~~~~~~~~~~~~~~~~~~~
2026-10-07T01:07:38.4521275Z [886 / 944] Compiling src/google/protobuf/descriptor.cc; 7s processwrapper-sandbox ... (4 actions, 3 running)
2026-10-07T01:07:39.9490081Z [892 / 944] Compiling src/google/protobuf/descriptor.cc; 8s processwrapper-sandbox ... (4 actions, 3 running)
2026-10-07T01:07:41.4231757Z [895 / 944] Compiling src/google/protobuf/descriptor.cc; 10s processwrapper-sandbox ... (4 actions running)
2026-10-07T01:07:42.4250863Z [901 / 944] Compiling src/google/protobuf/descriptor.cc; 11s processwrapper-sandbox ... (4 actions running)
2026-10-07T01:07:43.7599418Z [902 / 944] Compiling src/google/protobuf/descriptor.cc; 12s processwrapper-sandbox ... (4 actions, 3 running)
2026-10-07T01:07:44.7981526Z [904 / 944] Compiling src/google/protobuf/descriptor.cc; 13s processwrapper-sandbox ... (4 actions, 3 running)
2026-10-07T01:07:46.2831502Z INFO: From Compiling src/google/protobuf/wire_format.cc:
2026-10-07T01:07:46.2861383Z In file included from external/protobuf+/src/google/protobuf/wire_format.cc:31:
2026-10-07T01:07:46.2871952Z bazel-out/k8-opt/bin/external/protobuf+/src/google/protobuf/_virtual_includes/protobuf/google/protobuf/map_field.h: In constructor 'google::protobuf::internal::MapFieldBase::ReflectionPayload::ReflectionPayload(google::protobuf::Arena*, const google::protobuf::Message*)':
2026-10-07T01:07:46.2922093Z bazel-out/k8-opt/bin/external/protobuf+/src/google/protobuf/_virtual_includes/protobuf/google/protobuf/map_field.h:416:11: warning: 'google::protobuf::RepeatedPtrField<T>::RepeatedPtrField(google::protobuf::Arena*) [with Element = google::protobuf::Message]' is deprecated: Use Arena::Create<RepeatedPtrField<...>>(Arena*) instead [-Wdeprecated-declarations]
2026-10-07T01:07:46.2950966Z   416 |         : repeated_field_(arena), prototype_(prototype) {}
2026-10-07T01:07:46.2980937Z       |           ^~~~~~~~~~~~~~~~~~~~~~
2026-10-07T01:07:46.3001438Z In file included from bazel-out/k8-opt/bin/external/protobuf+/src/google/protobuf/_virtual_includes/protobuf_lite/google/protobuf/repeated_field.h:46,
2026-10-07T01:07:46.3031533Z                  from bazel-out/k8-opt/bin/external/protobuf+/src/google/protobuf/_virtual_includes/protobuf_lite/google/protobuf/parse_context.h:39,
2026-10-07T01:07:46.3071407Z                  from bazel-out/k8-opt/bin/external/protobuf+/src/google/protobuf/_virtual_includes/protobuf_lite/google/protobuf/generated_message_tctable_decl.h:25,
2026-10-07T01:07:46.3072977Z                  from bazel-out/k8-opt/bin/external/protobuf+/src/google/protobuf/_virtual_includes/protobuf_lite/google/protobuf/extension_set.h:40,
2026-10-07T01:07:46.3101176Z                  from bazel-out/k8-opt/bin/external/protobuf+/src/google/protobuf/_virtual_includes/protobuf/google/protobuf/descriptor.h:56,
2026-10-07T01:07:46.3102197Z                  from bazel-out/k8-opt/bin/external/protobuf+/src/google/protobuf/_virtual_includes/protobuf/google/protobuf/wire_format.h:26,
2026-10-07T01:07:46.3131131Z                  from external/protobuf+/src/google/protobuf/wire_format.cc:12:
2026-10-07T01:07:46.3161402Z bazel-out/k8-opt/bin/external/protobuf+/src/google/protobuf/_virtual_includes/protobuf_lite/google/protobuf/repeated_ptr_field.h:1380:8: note: declared here
2026-10-07T01:07:46.3191011Z  1380 | inline RepeatedPtrField<Element>::RepeatedPtrField(Arena* arena)
2026-10-07T01:07:46.3191604Z       |        ^~~~~~~~~~~~~~~~~~~~~~~~~
2026-10-07T01:07:46.3221235Z [907 / 944] Compiling src/google/protobuf/descriptor.cc; 15s processwrapper-sandbox ... (4 actions, 3 running)
2026-10-07T01:07:47.4271912Z [908 / 944] Compiling src/google/protobuf/descriptor.cc; 16s processwrapper-sandbox ... (4 actions running)
2026-10-07T01:07:48.4261864Z [912 / 944] Compiling src/google/protobuf/descriptor.cc; 17s processwrapper-sandbox ... (4 actions running)
2026-10-07T01:07:49.3743598Z INFO: From Compiling src/google/protobuf/descriptor.cc:
2026-10-07T01:07:49.3791815Z external/protobuf+/src/google/protobuf/descriptor.cc: In member function 'void google::protobuf::FieldDescriptor::DebugString(int, std::string*, const google::protobuf::DebugStringOptions&) const':
2026-10-07T01:07:49.3801586Z external/protobuf+/src/google/protobuf/descriptor.cc:3953:65: warning: 'bool google::protobuf::FieldDescriptor::has_optional_keyword() const' is deprecated: Use has_presence() instead. [-Wdeprecated-declarations]
2026-10-07T01:07:49.3827124Z  3953 |       (!is_required() && !is_repeated() && !has_optional_keyword())) {
2026-10-07T01:07:49.3846123Z       |                                             ~~~~~~~~~~~~~~~~~~~~^~
2026-10-07T01:07:49.3846668Z In file included from external/protobuf+/src/google/protobuf/descriptor.cc:12:
2026-10-07T01:07:49.3847473Z bazel-out/k8-opt/bin/external/protobuf+/src/google/protobuf/_virtual_includes/protobuf/google/protobuf/descriptor.h:1136:8: note: declared here
2026-10-07T01:07:49.3848104Z  1136 |   bool has_optional_keyword() const;
2026-10-07T01:07:49.3848415Z       |        ^~~~~~~~~~~~~~~~~~~~
2026-10-07T01:07:49.3849214Z external/protobuf+/src/google/protobuf/descriptor.cc: In member function 'void google::protobuf::DescriptorBuilder::CrossLinkField(google::protobuf::FieldDescriptor*, const google::protobuf::FieldDescriptorProto&)':
2026-10-07T01:07:49.3850422Z external/protobuf+/src/google/protobuf/descriptor.cc:7982:65: warning: 'bool google::protobuf::FieldOptions::weak() const' is deprecated [-Wdeprecated-declarations]
2026-10-07T01:07:49.3851267Z  7982 |     bool is_weak = !pool_->enforce_weak_ && proto.options().weak();
2026-10-07T01:07:49.3851920Z       |                                             ~~~~~~~~~~~~~~~~~~~~^~
2026-10-07T01:07:49.3852516Z In file included from bazel-out/k8-opt/bin/external/protobuf+/src/google/protobuf/_virtual_includes/protobuf/google/protobuf/cpp_features.pb.h:33,
2026-10-07T01:07:49.3853171Z                  from external/protobuf+/src/google/protobuf/descriptor.cc:72:
2026-10-07T01:07:49.3853945Z bazel-out/k8-opt/bin/external/protobuf+/src/google/protobuf/_virtual_includes/protobuf/google/protobuf/descriptor.pb.h:18861:13: note: declared here
2026-10-07T01:07:49.3854558Z 18861 | inline bool FieldOptions::weak() const {
2026-10-07T01:07:49.3854861Z       |             ^~~~~~~~~~~~
2026-10-07T01:07:49.3855610Z external/protobuf+/src/google/protobuf/descriptor.cc: In function 'google::protobuf::internal::cpp::HasbitMode google::protobuf::internal::cpp::GetFieldHasbitModeWithoutProfile(const google::protobuf::FieldDescriptor*)':
2026-10-07T01:07:49.3856888Z external/protobuf+/src/google/protobuf/descriptor.cc:10700:62: warning: 'bool google::protobuf::FieldOptions::weak() const' is deprecated [-Wdeprecated-declarations]
2026-10-07T01:07:49.3857567Z 10700 |   if (field->real_containing_oneof() || field->options().weak() ||
2026-10-07T01:07:49.3857939Z       |                                         ~~~~~~~~~~~~~~~~~~~~~^~
2026-10-07T01:07:49.3858528Z bazel-out/k8-opt/bin/external/protobuf+/src/google/protobuf/_virtual_includes/protobuf/google/protobuf/descriptor.pb.h:18861:13: note: declared here
2026-10-07T01:07:49.3859144Z 18861 | inline bool FieldOptions::weak() const {
2026-10-07T01:07:49.3859450Z       |             ^~~~~~~~~~~~
2026-10-07T01:07:50.4281904Z [913 / 944] Compiling src/google/protobuf/text_format.cc; 2s processwrapper-sandbox ... (4 actions running)
2026-10-07T01:07:52.5056874Z [914 / 944] Compiling src/google/protobuf/text_format.cc; 4s processwrapper-sandbox ... (4 actions, 3 running)
2026-10-07T01:07:53.5451891Z INFO: From Compiling src/google/protobuf/text_format.cc:
2026-10-07T01:07:53.5469504Z In file included from external/protobuf+/src/google/protobuf/text_format.cc:54:
2026-10-07T01:07:53.5471178Z bazel-out/k8-opt/bin/external/protobuf+/src/google/protobuf/_virtual_includes/protobuf/google/protobuf/map_field.h: In constructor 'google::protobuf::internal::MapFieldBase::ReflectionPayload::ReflectionPayload(google::protobuf::Arena*, const google::protobuf::Message*)':
2026-10-07T01:07:53.5473180Z bazel-out/k8-opt/bin/external/protobuf+/src/google/protobuf/_virtual_includes/protobuf/google/protobuf/map_field.h:416:11: warning: 'google::protobuf::RepeatedPtrField<T>::RepeatedPtrField(google::protobuf::Arena*) [with Element = google::protobuf::Message]' is deprecated: Use Arena::Create<RepeatedPtrField<...>>(Arena*) instead [-Wdeprecated-declarations]
2026-10-07T01:07:53.5474769Z   416 |         : repeated_field_(arena), prototype_(prototype) {}
2026-10-07T01:07:53.5475235Z       |           ^~~~~~~~~~~~~~~~~~~~~~
2026-10-07T01:07:53.5475901Z In file included from bazel-out/k8-opt/bin/external/protobuf+/src/google/protobuf/_virtual_includes/protobuf_lite/google/protobuf/repeated_field.h:46,
2026-10-07T01:07:53.5476826Z                  from bazel-out/k8-opt/bin/external/protobuf+/src/google/protobuf/_virtual_includes/protobuf_lite/google/protobuf/parse_context.h:39,
2026-10-07T01:07:53.5477781Z                  from bazel-out/k8-opt/bin/external/protobuf+/src/google/protobuf/_virtual_includes/protobuf_lite/google/protobuf/generated_message_tctable_decl.h:25,
2026-10-07T01:07:53.5478722Z                  from bazel-out/k8-opt/bin/external/protobuf+/src/google/protobuf/_virtual_includes/protobuf_lite/google/protobuf/extension_set.h:40,
2026-10-07T01:07:53.5479648Z                  from bazel-out/k8-opt/bin/external/protobuf+/src/google/protobuf/_virtual_includes/protobuf/google/protobuf/descriptor.h:56,
2026-10-07T01:07:53.5480610Z                  from bazel-out/k8-opt/bin/external/protobuf+/src/google/protobuf/_virtual_includes/protobuf/google/protobuf/text_format.h:27,
2026-10-07T01:07:53.5481262Z                  from external/protobuf+/src/google/protobuf/text_format.cc:12:
2026-10-07T01:07:53.5482250Z bazel-out/k8-opt/bin/external/protobuf+/src/google/protobuf/_virtual_includes/protobuf_lite/google/protobuf/repeated_ptr_field.h:1380:8: note: declared here
2026-10-07T01:07:53.5482988Z  1380 | inline RepeatedPtrField<Element>::RepeatedPtrField(Arena* arena)
2026-10-07T01:07:53.5483548Z       |        ^~~~~~~~~~~~~~~~~~~~~~~~~
2026-10-07T01:07:53.5484250Z external/protobuf+/src/google/protobuf/text_format.cc: In member function 'bool google::protobuf::TextFormat::Parser::ParserImpl::ConsumeField(google::protobuf::Message*)':
2026-10-07T01:07:53.5485294Z external/protobuf+/src/google/protobuf/text_format.cc:663:54: warning: 'bool google::protobuf::FieldOptions::weak() const' is deprecated [-Wdeprecated-declarations]
2026-10-07T01:07:53.5486017Z   663 |       if (consumed_semicolon && field->options().weak() &&
2026-10-07T01:07:53.5486647Z       |                                 ~~~~~~~~~~~~~~~~~~~~~^~
2026-10-07T01:07:53.5487115Z In file included from external/protobuf+/src/google/protobuf/text_format.cc:46:
2026-10-07T01:07:53.5487890Z bazel-out/k8-opt/bin/external/protobuf+/src/google/protobuf/_virtual_includes/protobuf/google/protobuf/descriptor.pb.h:18861:13: note: declared here
2026-10-07T01:07:53.5488563Z 18861 | inline bool FieldOptions::weak() const {
2026-10-07T01:07:53.5488918Z       |             ^~~~~~~~~~~~
2026-10-07T01:07:53.5511890Z [918 / 944] Compiling src/google/protobuf/descriptor.pb.cc; 4s processwrapper-sandbox ... (4 actions, 3 running)
2026-10-07T01:07:55.4341721Z [921 / 944] Compiling src/google/protobuf/json/internal/parser.cc; 2s processwrapper-sandbox ... (4 actions running)
2026-10-07T01:07:55.8701464Z INFO: From Compiling src/google/protobuf/reflection_ops.cc:
2026-10-07T01:07:55.8791485Z In file included from external/protobuf+/src/google/protobuf/reflection_ops.cc:22:
2026-10-07T01:07:55.8822027Z bazel-out/k8-opt/bin/external/protobuf+/src/google/protobuf/_virtual_includes/protobuf/google/protobuf/map_field.h: In constructor 'google::protobuf::internal::MapFieldBase::ReflectionPayload::ReflectionPayload(google::protobuf::Arena*, const google::protobuf::Message*)':
2026-10-07T01:07:55.8892203Z bazel-out/k8-opt/bin/external/protobuf+/src/google/protobuf/_virtual_includes/protobuf/google/protobuf/map_field.h:416:11: warning: 'google::protobuf::RepeatedPtrField<T>::RepeatedPtrField(google::protobuf::Arena*) [with Element = google::protobuf::Message]' is deprecated: Use Arena::Create<RepeatedPtrField<...>>(Arena*) instead [-Wdeprecated-declarations]
2026-10-07T01:07:55.8893471Z   416 |         : repeated_field_(arena), prototype_(prototype) {}
2026-10-07T01:07:55.8893750Z       |           ^~~~~~~~~~~~~~~~~~~~~~
2026-10-07T01:07:55.8894294Z In file included from bazel-out/k8-opt/bin/external/protobuf+/src/google/protobuf/_virtual_includes/protobuf_lite/google/protobuf/repeated_field.h:46,
2026-10-07T01:07:55.8895165Z                  from bazel-out/k8-opt/bin/external/protobuf+/src/google/protobuf/_virtual_includes/protobuf_lite/google/protobuf/parse_context.h:39,
2026-10-07T01:07:55.8896068Z                  from bazel-out/k8-opt/bin/external/protobuf+/src/google/protobuf/_virtual_includes/protobuf_lite/google/protobuf/generated_message_tctable_decl.h:25,
2026-10-07T01:07:55.8941414Z                  from bazel-out/k8-opt/bin/external/protobuf+/src/google/protobuf/_virtual_includes/protobuf_lite/google/protobuf/extension_set.h:40,
2026-10-07T01:07:55.8981425Z                  from bazel-out/k8-opt/bin/external/protobuf+/src/google/protobuf/_virtual_includes/protobuf/google/protobuf/descriptor.h:56,
2026-10-07T01:07:55.9011264Z                  from bazel-out/k8-opt/bin/external/protobuf+/src/google/protobuf/_virtual_includes/protobuf/google/protobuf/message.h:112,
2026-10-07T01:07:55.9031364Z                  from bazel-out/k8-opt/bin/external/protobuf+/src/google/protobuf/_virtual_includes/protobuf/google/protobuf/reflection_ops.h:18,
2026-10-07T01:07:55.9060933Z                  from external/protobuf+/src/google/protobuf/reflection_ops.cc:11:
2026-10-07T01:07:55.9091154Z bazel-out/k8-opt/bin/external/protobuf+/src/google/protobuf/_virtual_includes/protobuf_lite/google/protobuf/repeated_ptr_field.h:1380:8: note: declared here
2026-10-07T01:07:55.9091862Z  1380 | inline RepeatedPtrField<Element>::RepeatedPtrField(Arena* arena)
2026-10-07T01:07:55.9092183Z       |        ^~~~~~~~~~~~~~~~~~~~~~~~~
2026-10-07T01:07:57.4321623Z [922 / 944] Compiling src/google/protobuf/json/internal/parser.cc; 4s processwrapper-sandbox ... (4 actions running)
2026-10-07T01:07:57.5898978Z INFO: From Compiling src/google/protobuf/message.cc:
2026-10-07T01:07:57.5931591Z In file included from external/protobuf+/src/google/protobuf/message.cc:40:
2026-10-07T01:07:57.5942043Z bazel-out/k8-opt/bin/external/protobuf+/src/google/protobuf/_virtual_includes/protobuf/google/protobuf/map_field.h: In constructor 'google::protobuf::internal::MapFieldBase::ReflectionPayload::ReflectionPayload(google::protobuf::Arena*, const google::protobuf::Message*)':
2026-10-07T01:07:57.5971818Z bazel-out/k8-opt/bin/external/protobuf+/src/google/protobuf/_virtual_includes/protobuf/google/protobuf/map_field.h:416:11: warning: 'google::protobuf::RepeatedPtrField<T>::RepeatedPtrField(google::protobuf::Arena*) [with Element = google::protobuf::Message]' is deprecated: Use Arena::Create<RepeatedPtrField<...>>(Arena*) instead [-Wdeprecated-declarations]
2026-10-07T01:07:57.5993476Z   416 |         : repeated_field_(arena), prototype_(prototype) {}
2026-10-07T01:07:57.5993957Z       |           ^~~~~~~~~~~~~~~~~~~~~~
2026-10-07T01:07:57.5996787Z In file included from bazel-out/k8-opt/bin/external/protobuf+/src/google/protobuf/_virtual_includes/protobuf_lite/google/protobuf/repeated_field.h:46,
2026-10-07T01:07:57.5998019Z                  from bazel-out/k8-opt/bin/external/protobuf+/src/google/protobuf/_virtual_includes/protobuf_lite/google/protobuf/parse_context.h:39,
2026-10-07T01:07:57.5998984Z                  from bazel-out/k8-opt/bin/external/protobuf+/src/google/protobuf/_virtual_includes/protobuf_lite/google/protobuf/generated_message_tctable_decl.h:25,
2026-10-07T01:07:57.5999944Z                  from bazel-out/k8-opt/bin/external/protobuf+/src/google/protobuf/_virtual_includes/protobuf_lite/google/protobuf/extension_set.h:40,
2026-10-07T01:07:57.6000983Z                  from bazel-out/k8-opt/bin/external/protobuf+/src/google/protobuf/_virtual_includes/protobuf/google/protobuf/descriptor.h:56,
2026-10-07T01:07:57.6001862Z                  from bazel-out/k8-opt/bin/external/protobuf+/src/google/protobuf/_virtual_includes/protobuf/google/protobuf/message.h:112,
2026-10-07T01:07:57.6002551Z                  from external/protobuf+/src/google/protobuf/message.cc:12:
2026-10-07T01:07:57.6003301Z bazel-out/k8-opt/bin/external/protobuf+/src/google/protobuf/_virtual_includes/protobuf_lite/google/protobuf/repeated_ptr_field.h:1380:8: note: declared here
2026-10-07T01:07:57.6004084Z  1380 | inline RepeatedPtrField<Element>::RepeatedPtrField(Arena* arena)
2026-10-07T01:07:57.6004526Z       |        ^~~~~~~~~~~~~~~~~~~~~~~~~
2026-10-07T01:07:58.4342959Z [925 / 944] Compiling src/google/protobuf/descriptor_database.cc; 4s processwrapper-sandbox ... (4 actions running)
2026-10-07T01:07:58.4681529Z INFO: From Compiling src/google/protobuf/map_field.cc:
2026-10-07T01:07:58.4721840Z In file included from external/protobuf+/src/google/protobuf/map_field.cc:8:
2026-10-07T01:07:58.4771847Z bazel-out/k8-opt/bin/external/protobuf+/src/google/protobuf/_virtual_includes/protobuf/google/protobuf/map_field.h: In constructor 'google::protobuf::internal::MapFieldBase::ReflectionPayload::ReflectionPayload(google::protobuf::Arena*, const google::protobuf::Message*)':
2026-10-07T01:07:58.4782027Z bazel-out/k8-opt/bin/external/protobuf+/src/google/protobuf/_virtual_includes/protobuf/google/protobuf/map_field.h:416:11: warning: 'google::protobuf::RepeatedPtrField<T>::RepeatedPtrField(google::protobuf::Arena*) [with Element = google::protobuf::Message]' is deprecated: Use Arena::Create<RepeatedPtrField<...>>(Arena*) instead [-Wdeprecated-declarations]
2026-10-07T01:07:58.4798118Z   416 |         : repeated_field_(arena), prototype_(prototype) {}
2026-10-07T01:07:58.4840982Z       |           ^~~~~~~~~~~~~~~~~~~~~~
2026-10-07T01:07:58.4841760Z In file included from bazel-out/k8-opt/bin/external/protobuf+/src/google/protobuf/_virtual_includes/protobuf_lite/google/protobuf/repeated_field.h:46,
2026-10-07T01:07:58.4871257Z                  from bazel-out/k8-opt/bin/external/protobuf+/src/google/protobuf/_virtual_includes/protobuf_lite/google/protobuf/parse_context.h:39,
2026-10-07T01:07:58.4901239Z                  from bazel-out/k8-opt/bin/external/protobuf+/src/google/protobuf/_virtual_includes/protobuf_lite/google/protobuf/generated_message_tctable_decl.h:25,
2026-10-07T01:07:58.4911486Z                  from bazel-out/k8-opt/bin/external/protobuf+/src/google/protobuf/_virtual_includes/protobuf_lite/google/protobuf/extension_set.h:40,
2026-10-07T01:07:58.4931262Z                  from bazel-out/k8-opt/bin/external/protobuf+/src/google/protobuf/_virtual_includes/protobuf/google/protobuf/descriptor.h:56,
2026-10-07T01:07:58.4961226Z                  from bazel-out/k8-opt/bin/external/protobuf+/src/google/protobuf/_virtual_includes/protobuf/google/protobuf/map_field.h:23:
2026-10-07T01:07:58.4971179Z bazel-out/k8-opt/bin/external/protobuf+/src/google/protobuf/_virtual_includes/protobuf_lite/google/protobuf/repeated_ptr_field.h:1380:8: note: declared here
2026-10-07T01:07:58.5000985Z  1380 | inline RepeatedPtrField<Element>::RepeatedPtrField(Arena* arena)
2026-10-07T01:07:58.5021969Z       |        ^~~~~~~~~~~~~~~~~~~~~~~~~
2026-10-07T01:07:59.5634411Z [927 / 944] Compiling src/google/protobuf/descriptor_database.cc; 5s processwrapper-sandbox ... (4 actions, 3 running)
2026-10-07T01:08:00.9564881Z INFO: From Compiling src/google/protobuf/generated_message_tctable_gen.cc:
2026-10-07T01:08:00.9596978Z external/protobuf+/src/google/protobuf/generated_message_tctable_gen.cc: In function 'bool google::protobuf::internal::{anonymous}::HasWeakFields(const google::protobuf::Descriptor*)':
2026-10-07T01:08:00.9611739Z external/protobuf+/src/google/protobuf/generated_message_tctable_gen.cc:699:45: warning: 'bool google::protobuf::FieldOptions::weak() const' is deprecated [-Wdeprecated-declarations]
2026-10-07T01:08:00.9641153Z   699 |     if (descriptor->field(i)->options().weak()) {
2026-10-07T01:08:00.9661071Z       |         ~~~~~~~~~~~~~~~~~~~~~~~~~~~~~~~~~~~~^~
2026-10-07T01:08:00.9691469Z In file included from bazel-out/k8-opt/bin/external/protobuf+/src/google/protobuf/_virtual_includes/protobuf/google/protobuf/generated_message_tctable_gen.h:21,
2026-10-07T01:08:00.9692795Z                  from external/protobuf+/src/google/protobuf/generated_message_tctable_gen.cc:8:
2026-10-07T01:08:00.9693687Z bazel-out/k8-opt/bin/external/protobuf+/src/google/protobuf/_virtual_includes/protobuf/google/protobuf/descriptor.pb.h:18861:13: note: declared here
2026-10-07T01:08:00.9694570Z 18861 | inline bool FieldOptions::weak() const {
2026-10-07T01:08:00.9695000Z       |             ^~~~~~~~~~~~
2026-10-07T01:08:00.9695757Z external/protobuf+/src/google/protobuf/generated_message_tctable_gen.cc: In function 'bool google::protobuf::internal::IsFieldTypeEligibleForFastParsing(const google::protobuf::FieldDescriptor*)':
2026-10-07T01:08:00.9697851Z external/protobuf+/src/google/protobuf/generated_message_tctable_gen.cc:738:28: warning: 'bool google::protobuf::FieldOptions::weak() const' is deprecated [-Wdeprecated-declarations]
2026-10-07T01:08:00.9698606Z   738 |       field->options().weak()) {
2026-10-07T01:08:00.9698913Z       |       ~~~~~~~~~~~~~~~~~~~~~^~
2026-10-07T01:08:00.9781681Z bazel-out/k8-opt/bin/external/protobuf+/src/google/protobuf/_virtual_includes/protobuf/google/protobuf/descriptor.pb.h:18861:13: note: declared here
2026-10-07T01:08:00.9791065Z 18861 | inline bool FieldOptions::weak() const {
2026-10-07T01:08:00.9811068Z       |             ^~~~~~~~~~~~
2026-10-07T01:08:00.9841155Z external/protobuf+/src/google/protobuf/generated_message_tctable_gen.cc: In lambda function:
2026-10-07T01:08:00.9842507Z external/protobuf+/src/google/protobuf/generated_message_tctable_gen.cc:773:54: warning: 'bool google::protobuf::FieldOptions::weak() const' is deprecated [-Wdeprecated-declarations]
2026-10-07T01:08:00.9881156Z   773 |            !field->is_map() && !field->options().weak() &&
2026-10-07T01:08:00.9901084Z       |                                 ~~~~~~~~~~~~~~~~~~~~~^~
2026-10-07T01:08:00.9931392Z bazel-out/k8-opt/bin/external/protobuf+/src/google/protobuf/_virtual_includes/protobuf/google/protobuf/descriptor.pb.h:18861:13: note: declared here
2026-10-07T01:08:00.9932069Z 18861 | inline bool FieldOptions::weak() const {
2026-10-07T01:08:00.9960973Z       |             ^~~~~~~~~~~~
2026-10-07T01:08:00.9962649Z external/protobuf+/src/google/protobuf/generated_message_tctable_gen.cc: In static member function 'static std::vector<google::protobuf::internal::TailCallTableInfo::FieldEntryInfo> google::protobuf::internal::TailCallTableInfo::BuildFieldEntries(const google::protobuf::Descriptor*, const MessageOptions&, absl::lts_20250814::Span<const FieldOptions>, std::vector<AuxEntry>&)':
2026-10-07T01:08:00.9964325Z external/protobuf+/src/google/protobuf/generated_message_tctable_gen.cc:813:39: warning: 'bool google::protobuf::FieldOptions::weak() const' is deprecated [-Wdeprecated-declarations]
2026-10-07T01:08:00.9964988Z   813 |       } else if (field->options().weak()) {
2026-10-07T01:08:00.9965251Z       |                  ~~~~~~~~~~~~~~~~~~~~~^~
2026-10-07T01:08:00.9965808Z bazel-out/k8-opt/bin/external/protobuf+/src/google/protobuf/_virtual_includes/protobuf/google/protobuf/descriptor.pb.h:18861:13: note: declared here
2026-10-07T01:08:00.9966400Z 18861 | inline bool FieldOptions::weak() const {
2026-10-07T01:08:00.9966655Z       |             ^~~~~~~~~~~~
2026-10-07T01:08:00.9967116Z [929 / 944] Compiling src/google/protobuf/json/internal/unparser.cc; 2s processwrapper-sandbox ... (4 actions, 3 running)
2026-10-07T01:08:02.4321691Z [930 / 944] Compiling src/google/protobuf/json/internal/unparser.cc; 4s processwrapper-sandbox ... (4 actions running)
2026-10-07T01:08:02.5601083Z INFO: From Compiling src/google/protobuf/dynamic_message.cc:
2026-10-07T01:08:02.5631358Z In file included from external/protobuf+/src/google/protobuf/dynamic_message.cc:66:
2026-10-07T01:08:02.5652082Z bazel-out/k8-opt/bin/external/protobuf+/src/google/protobuf/_virtual_includes/protobuf/google/protobuf/map_field.h: In constructor 'google::protobuf::internal::MapFieldBase::ReflectionPayload::ReflectionPayload(google::protobuf::Arena*, const google::protobuf::Message*)':
2026-10-07T01:08:02.5672117Z bazel-out/k8-opt/bin/external/protobuf+/src/google/protobuf/_virtual_includes/protobuf/google/protobuf/map_field.h:416:11: warning: 'google::protobuf::RepeatedPtrField<T>::RepeatedPtrField(google::protobuf::Arena*) [with Element = google::protobuf::Message]' is deprecated: Use Arena::Create<RepeatedPtrField<...>>(Arena*) instead [-Wdeprecated-declarations]
2026-10-07T01:08:02.5690228Z   416 |         : repeated_field_(arena), prototype_(prototype) {}
2026-10-07T01:08:02.5690944Z       |           ^~~~~~~~~~~~~~~~~~~~~~
2026-10-07T01:08:02.5691557Z In file included from bazel-out/k8-opt/bin/external/protobuf+/src/google/protobuf/_virtual_includes/protobuf_lite/google/protobuf/repeated_field.h:46,
2026-10-07T01:08:02.5692664Z                  from bazel-out/k8-opt/bin/external/protobuf+/src/google/protobuf/_virtual_includes/protobuf_lite/google/protobuf/parse_context.h:39,
2026-10-07T01:08:02.5693634Z                  from bazel-out/k8-opt/bin/external/protobuf+/src/google/protobuf/_virtual_includes/protobuf_lite/google/protobuf/generated_message_tctable_decl.h:25,
2026-10-07T01:08:02.5694604Z                  from bazel-out/k8-opt/bin/external/protobuf+/src/google/protobuf/_virtual_includes/protobuf_lite/google/protobuf/extension_set.h:40,
2026-10-07T01:08:02.5695529Z                  from bazel-out/k8-opt/bin/external/protobuf+/src/google/protobuf/_virtual_includes/protobuf/google/protobuf/descriptor.h:56,
2026-10-07T01:08:02.5696743Z                  from bazel-out/k8-opt/bin/external/protobuf+/src/google/protobuf/_virtual_includes/protobuf/google/protobuf/dynamic_message.h:27,
2026-10-07T01:08:02.5697475Z                  from external/protobuf+/src/google/protobuf/dynamic_message.cc:42:
2026-10-07T01:08:02.5698262Z bazel-out/k8-opt/bin/external/protobuf+/src/google/protobuf/_virtual_includes/protobuf_lite/google/protobuf/repeated_ptr_field.h:1380:8: note: declared here
2026-10-07T01:08:02.5699081Z  1380 | inline RepeatedPtrField<Element>::RepeatedPtrField(Arena* arena)
2026-10-07T01:08:02.5699530Z       |        ^~~~~~~~~~~~~~~~~~~~~~~~~
2026-10-07T01:08:02.5700235Z external/protobuf+/src/google/protobuf/dynamic_message.cc: In member function 'void google::protobuf::DynamicMessage::SharedCtor(bool)':
2026-10-07T01:08:02.5702366Z external/protobuf+/src/google/protobuf/dynamic_message.cc:574:66: warning: 'google::protobuf::RepeatedPtrField<T>::RepeatedPtrField(google::protobuf::Arena*) [with Element = std::__cxx11::basic_string<char>]' is deprecated: Use Arena::Create<RepeatedPtrField<...>>(Arena*) instead [-Wdeprecated-declarations]
2026-10-07T01:08:02.5711640Z   574 |               new (field_ptr) RepeatedPtrField<std::string>(arena);
2026-10-07T01:08:02.5712119Z       |                                                                  ^
2026-10-07T01:08:02.5713002Z bazel-out/k8-opt/bin/external/protobuf+/src/google/protobuf/_virtual_includes/protobuf_lite/google/protobuf/repeated_ptr_field.h:1380:8: note: declared here
2026-10-07T01:08:02.5713836Z  1380 | inline RepeatedPtrField<Element>::RepeatedPtrField(Arena* arena)
2026-10-07T01:08:02.5714300Z       |        ^~~~~~~~~~~~~~~~~~~~~~~~~
2026-10-07T01:08:02.5715412Z external/protobuf+/src/google/protobuf/dynamic_message.cc:602:60: warning: 'google::protobuf::RepeatedPtrField<T>::RepeatedPtrField(google::protobuf::Arena*) [with Element = google::protobuf::Message]' is deprecated: Use Arena::Create<RepeatedPtrField<...>>(Arena*) instead [-Wdeprecated-declarations]
2026-10-07T01:08:02.5716632Z   602 |             new (field_ptr) RepeatedPtrField<Message>(arena);
2026-10-07T01:08:02.5717079Z       |                                                            ^
2026-10-07T01:08:02.5717819Z bazel-out/k8-opt/bin/external/protobuf+/src/google/protobuf/_virtual_includes/protobuf_lite/google/protobuf/repeated_ptr_field.h:1380:8: note: declared here
2026-10-07T01:08:02.5718643Z  1380 | inline RepeatedPtrField<Element>::RepeatedPtrField(Arena* arena)
2026-10-07T01:08:02.5719106Z       |        ^~~~~~~~~~~~~~~~~~~~~~~~~
2026-10-07T01:08:02.5719765Z external/protobuf+/src/google/protobuf/dynamic_message.cc: In member function 'void google::protobuf::DynamicMessage::CrossLinkPrototypes()':
2026-10-07T01:08:02.5720942Z external/protobuf+/src/google/protobuf/dynamic_message.cc:774:31: warning: 'bool google::protobuf::FieldOptions::weak() const' is deprecated [-Wdeprecated-declarations]
2026-10-07T01:08:02.5721716Z   774 |         !field->options().weak() && !InRealOneof(field) &&
2026-10-07T01:08:02.5722264Z       |          ~~~~~~~~~~~~~~~~~~~~~^~
2026-10-07T01:08:02.5722774Z In file included from external/protobuf+/src/google/protobuf/dynamic_message.cc:60:
2026-10-07T01:08:02.5723553Z bazel-out/k8-opt/bin/external/protobuf+/src/google/protobuf/_virtual_includes/protobuf/google/protobuf/descriptor.pb.h:18861:13: note: declared here
2026-10-07T01:08:02.5724274Z 18861 | inline bool FieldOptions::weak() const {
2026-10-07T01:08:02.5724642Z       |             ^~~~~~~~~~~~
2026-10-07T01:08:03.4841745Z [934 / 944] Compiling src/google/protobuf/generated_message_reflection.cc; 2s processwrapper-sandbox ... (4 actions, 3 running)
2026-10-07T01:08:05.0856572Z [935 / 944] Compiling src/google/protobuf/generated_message_reflection.cc; 4s processwrapper-sandbox ... (4 actions, 3 running)
2026-10-07T01:08:06.4327618Z [938 / 944] Compiling src/google/protobuf/generated_message_reflection.cc; 5s processwrapper-sandbox ... (3 actions running)
2026-10-07T01:08:08.5487350Z INFO: From Compiling src/google/protobuf/generated_message_reflection.cc:
2026-10-07T01:08:08.5490955Z In file included from external/protobuf+/src/google/protobuf/generated_message_reflection.cc:51:
2026-10-07T01:08:08.5492492Z bazel-out/k8-opt/bin/external/protobuf+/src/google/protobuf/_virtual_includes/protobuf/google/protobuf/map_field.h: In constructor 'google::protobuf::internal::MapFieldBase::ReflectionPayload::ReflectionPayload(google::protobuf::Arena*, const google::protobuf::Message*)':
2026-10-07T01:08:08.5496140Z bazel-out/k8-opt/bin/external/protobuf+/src/google/protobuf/_virtual_includes/protobuf/google/protobuf/map_field.h:416:11: warning: 'google::protobuf::RepeatedPtrField<T>::RepeatedPtrField(google::protobuf::Arena*) [with Element = google::protobuf::Message]' is deprecated: Use Arena::Create<RepeatedPtrField<...>>(Arena*) instead [-Wdeprecated-declarations]
2026-10-07T01:08:08.5497765Z   416 |         : repeated_field_(arena), prototype_(prototype) {}
2026-10-07T01:08:08.5498200Z       |           ^~~~~~~~~~~~~~~~~~~~~~
2026-10-07T01:08:08.5498892Z In file included from bazel-out/k8-opt/bin/external/protobuf+/src/google/protobuf/_virtual_includes/protobuf_lite/google/protobuf/repeated_field.h:46,
2026-10-07T01:08:08.5500336Z                  from bazel-out/k8-opt/bin/external/protobuf+/src/google/protobuf/_virtual_includes/protobuf_lite/google/protobuf/parse_context.h:39,
2026-10-07T01:08:08.5501902Z                  from bazel-out/k8-opt/bin/external/protobuf+/src/google/protobuf/_virtual_includes/protobuf_lite/google/protobuf/generated_message_tctable_decl.h:25,
2026-10-07T01:08:08.5502917Z                  from bazel-out/k8-opt/bin/external/protobuf+/src/google/protobuf/_virtual_includes/protobuf_lite/google/protobuf/extension_set.h:40,
2026-10-07T01:08:08.5503844Z                  from bazel-out/k8-opt/bin/external/protobuf+/src/google/protobuf/_virtual_includes/protobuf/google/protobuf/descriptor.h:56,
2026-10-07T01:08:08.5504802Z                  from bazel-out/k8-opt/bin/external/protobuf+/src/google/protobuf/_virtual_includes/protobuf/google/protobuf/generated_message_reflection.h:26,
2026-10-07T01:08:08.5505666Z                  from external/protobuf+/src/google/protobuf/generated_message_reflection.cc:12:
2026-10-07T01:08:08.5506506Z bazel-out/k8-opt/bin/external/protobuf+/src/google/protobuf/_virtual_includes/protobuf_lite/google/protobuf/repeated_ptr_field.h:1380:8: note: declared here
2026-10-07T01:08:08.5507341Z  1380 | inline RepeatedPtrField<Element>::RepeatedPtrField(Arena* arena)
2026-10-07T01:08:08.5507777Z       |        ^~~~~~~~~~~~~~~~~~~~~~~~~
2026-10-07T01:08:08.5508724Z external/protobuf+/src/google/protobuf/generated_message_reflection.cc: In member function 'const google::protobuf::Message* google::protobuf::Reflection::GetDefaultMessageInstance(const google::protobuf::FieldDescriptor*) const':
2026-10-07T01:08:08.5510056Z external/protobuf+/src/google/protobuf/generated_message_reflection.cc:2526:55: warning: 'bool google::protobuf::FieldOptions::weak() const' is deprecated [-Wdeprecated-declarations]
2026-10-07T01:08:08.5510979Z  2526 |   if (!field->is_extension() && !field->options().weak() &&
2026-10-07T01:08:08.5511371Z       |                                  ~~~~~~~~~~~~~~~~~~~~~^~
2026-10-07T01:08:08.5511890Z In file included from external/protobuf+/src/google/protobuf/generated_message_reflection.cc:41:
2026-10-07T01:08:08.5512754Z bazel-out/k8-opt/bin/external/protobuf+/src/google/protobuf/_virtual_includes/protobuf/google/protobuf/descriptor.pb.h:18861:13: note: declared here
2026-10-07T01:08:08.5513573Z 18861 | inline bool FieldOptions::weak() const {
2026-10-07T01:08:08.5513942Z       |             ^~~~~~~~~~~~
2026-10-07T01:08:08.5514367Z In file included from external/abseil-cpp+/absl/log/internal/check_impl.h:20,
2026-10-07T01:08:08.5514854Z                  from external/abseil-cpp+/absl/log/absl_check.h:38,
2026-10-07T01:08:08.5515585Z                  from bazel-out/k8-opt/bin/external/protobuf+/src/google/protobuf/_virtual_includes/protobuf/google/protobuf/generated_message_reflection.h:25:
2026-10-07T01:08:08.5516969Z external/protobuf+/src/google/protobuf/generated_message_reflection.cc: In member function 'bool google::protobuf::Reflection::HasFieldWithHasbits(const google::protobuf::Message&, const google::protobuf::FieldDescriptor*) const':
2026-10-07T01:08:08.5518343Z external/protobuf+/src/google/protobuf/generated_message_reflection.cc:3290:37: warning: 'bool google::protobuf::FieldOptions::weak() const' is deprecated [-Wdeprecated-declarations]
2026-10-07T01:08:08.5519088Z  3290 |   ABSL_DCHECK(!field->options().weak());
2026-10-07T01:08:08.5519464Z       |                ~~~~~~~~~~~~~~~~~~~~~^~
2026-10-07T01:08:08.5520058Z external/abseil-cpp+/absl/log/internal/conditions.h:68:7: note: in definition of macro 'ABSL_LOG_INTERNAL_STATELESS_CONDITION'
2026-10-07T01:08:08.5521094Z    68 |     !(condition) ? (void)0 : ::absl::log_internal::Voidify() &&
2026-10-07T01:08:08.5521613Z       |       ^~~~~~~~~
2026-10-07T01:08:08.5522201Z external/abseil-cpp+/absl/log/internal/check_impl.h:26:3: note: in expansion of macro 'ABSL_LOG_INTERNAL_CONDITION_FATAL'
2026-10-07T01:08:08.5524613Z    26 |   ABSL_LOG_INTERNAL_CONDITION_FATAL(STATELESS,                        \
2026-10-07T01:08:08.5525053Z       |   ^~~~~~~~~~~~~~~~~~~~~~~~~~~~~~~~~
2026-10-07T01:08:08.5525574Z external/abseil-cpp+/absl/log/internal/check_impl.h:27:37: note: in expansion of macro 'ABSL_PREDICT_FALSE'
2026-10-07T01:08:08.5526141Z    27 |                                     ABSL_PREDICT_FALSE(!(condition))) \
2026-10-07T01:08:08.5526548Z       |                                     ^~~~~~~~~~~~~~~~~~
2026-10-07T01:08:08.5527121Z external/abseil-cpp+/absl/log/internal/check_impl.h:43:3: note: in expansion of macro 'ABSL_LOG_INTERNAL_CHECK_IMPL'
2026-10-07T01:08:08.5527753Z    43 |   ABSL_LOG_INTERNAL_CHECK_IMPL(true || (condition), "true")
2026-10-07T01:08:08.5528165Z       |   ^~~~~~~~~~~~~~~~~~~~~~~~~~~~
2026-10-07T01:08:08.5528737Z external/abseil-cpp+/absl/log/absl_check.h:47:3: note: in expansion of macro 'ABSL_LOG_INTERNAL_DCHECK_IMPL'
2026-10-07T01:08:08.5529297Z    47 |   ABSL_LOG_INTERNAL_DCHECK_IMPL((condition), #condition)
2026-10-07T01:08:08.5529669Z       |   ^~~~~~~~~~~~~~~~~~~~~~~~~~~~~
2026-10-07T01:08:08.5530220Z external/protobuf+/src/google/protobuf/generated_message_reflection.cc:3290:3: note: in expansion of macro 'ABSL_DCHECK'
2026-10-07T01:08:08.5530938Z  3290 |   ABSL_DCHECK(!field->options().weak());
2026-10-07T01:08:08.5531283Z       |   ^~~~~~~~~~~
2026-10-07T01:08:08.5531898Z bazel-out/k8-opt/bin/external/protobuf+/src/google/protobuf/_virtual_includes/protobuf/google/protobuf/descriptor.pb.h:18861:13: note: declared here
2026-10-07T01:08:08.5533071Z 18861 | inline bool FieldOptions::weak() const {
2026-10-07T01:08:08.5533439Z       |             ^~~~~~~~~~~~
2026-10-07T01:08:08.5534234Z external/protobuf+/src/google/protobuf/generated_message_reflection.cc: In member function 'void google::protobuf::Reflection::SetHasBit(google::protobuf::Message*, const google::protobuf::FieldDescriptor*) const':
2026-10-07T01:08:08.5535484Z external/protobuf+/src/google/protobuf/generated_message_reflection.cc:3323:37: warning: 'bool google::protobuf::FieldOptions::weak() const' is deprecated [-Wdeprecated-declarations]
2026-10-07T01:08:08.5536246Z  3323 |   ABSL_DCHECK(!field->options().weak());
2026-10-07T01:08:08.5536603Z       |                ~~~~~~~~~~~~~~~~~~~~~^~
2026-10-07T01:08:08.5537187Z external/abseil-cpp+/absl/log/internal/conditions.h:68:7: note: in definition of macro 'ABSL_LOG_INTERNAL_STATELESS_CONDITION'
2026-10-07T01:08:08.5537821Z    68 |     !(condition) ? (void)0 : ::absl::log_internal::Voidify() &&
2026-10-07T01:08:08.5538222Z       |       ^~~~~~~~~
2026-10-07T01:08:08.5538737Z external/abseil-cpp+/absl/log/internal/check_impl.h:26:3: note: in expansion of macro 'ABSL_LOG_INTERNAL_CONDITION_FATAL'
2026-10-07T01:08:08.5539378Z    26 |   ABSL_LOG_INTERNAL_CONDITION_FATAL(STATELESS,                        \
2026-10-07T01:08:08.5539799Z       |   ^~~~~~~~~~~~~~~~~~~~~~~~~~~~~~~~~
2026-10-07T01:08:08.5540745Z external/abseil-cpp+/absl/log/internal/check_impl.h:27:37: note: in expansion of macro 'ABSL_PREDICT_FALSE'
2026-10-07T01:08:08.5541317Z    27 |                                     ABSL_PREDICT_FALSE(!(condition))) \
2026-10-07T01:08:08.5541716Z       |                                     ^~~~~~~~~~~~~~~~~~
2026-10-07T01:08:08.5542250Z external/abseil-cpp+/absl/log/internal/check_impl.h:43:3: note: in expansion of macro 'ABSL_LOG_INTERNAL_CHECK_IMPL'
2026-10-07T01:08:08.5543001Z    43 |   ABSL_LOG_INTERNAL_CHECK_IMPL(true || (condition), "true")
2026-10-07T01:08:08.5543458Z       |   ^~~~~~~~~~~~~~~~~~~~~~~~~~~~
2026-10-07T01:08:08.5543959Z external/abseil-cpp+/absl/log/absl_check.h:47:3: note: in expansion of macro 'ABSL_LOG_INTERNAL_DCHECK_IMPL'
2026-10-07T01:08:08.5544748Z    47 |   ABSL_LOG_INTERNAL_DCHECK_IMPL((condition), #condition)
2026-10-07T01:08:08.5545305Z       |   ^~~~~~~~~~~~~~~~~~~~~~~~~~~~~
2026-10-07T01:08:08.5545879Z external/protobuf+/src/google/protobuf/generated_message_reflection.cc:3323:3: note: in expansion of macro 'ABSL_DCHECK'
2026-10-07T01:08:08.5546475Z  3323 |   ABSL_DCHECK(!field->options().weak());
2026-10-07T01:08:08.5546826Z       |   ^~~~~~~~~~~
2026-10-07T01:08:08.5547444Z bazel-out/k8-opt/bin/external/protobuf+/src/google/protobuf/_virtual_includes/protobuf/google/protobuf/descriptor.pb.h:18861:13: note: declared here
2026-10-07T01:08:08.5548117Z 18861 | inline bool FieldOptions::weak() const {
2026-10-07T01:08:08.5548474Z       |             ^~~~~~~~~~~~
2026-10-07T01:08:08.5549261Z external/protobuf+/src/google/protobuf/generated_message_reflection.cc: In member function 'void google::protobuf::Reflection::ClearHasBit(google::protobuf::Message*, const google::protobuf::FieldDescriptor*) const':
2026-10-07T01:08:08.5550602Z external/protobuf+/src/google/protobuf/generated_message_reflection.cc:3332:37: warning: 'bool google::protobuf::FieldOptions::weak() const' is deprecated [-Wdeprecated-declarations]
2026-10-07T01:08:08.5551387Z  3332 |   ABSL_DCHECK(!field->options().weak());
2026-10-07T01:08:08.5551763Z       |                ~~~~~~~~~~~~~~~~~~~~~^~
2026-10-07T01:08:08.5552358Z external/abseil-cpp+/absl/log/internal/conditions.h:68:7: note: in definition of macro 'ABSL_LOG_INTERNAL_STATELESS_CONDITION'
2026-10-07T01:08:08.5552991Z    68 |     !(condition) ? (void)0 : ::absl::log_internal::Voidify() &&
2026-10-07T01:08:08.5553387Z       |       ^~~~~~~~~
2026-10-07T01:08:08.5554010Z external/abseil-cpp+/absl/log/internal/check_impl.h:26:3: note: in expansion of macro 'ABSL_LOG_INTERNAL_CONDITION_FATAL'
2026-10-07T01:08:08.5554678Z    26 |   ABSL_LOG_INTERNAL_CONDITION_FATAL(STATELESS,                        \
2026-10-07T01:08:08.5555124Z       |   ^~~~~~~~~~~~~~~~~~~~~~~~~~~~~~~~~
2026-10-07T01:08:08.5555650Z external/abseil-cpp+/absl/log/internal/check_impl.h:27:37: note: in expansion of macro 'ABSL_PREDICT_FALSE'
2026-10-07T01:08:08.5556231Z    27 |                                     ABSL_PREDICT_FALSE(!(condition))) \
2026-10-07T01:08:08.5556638Z       |                                     ^~~~~~~~~~~~~~~~~~
2026-10-07T01:08:08.5557195Z external/abseil-cpp+/absl/log/internal/check_impl.h:43:3: note: in expansion of macro 'ABSL_LOG_INTERNAL_CHECK_IMPL'
2026-10-07T01:08:08.5557794Z    43 |   ABSL_LOG_INTERNAL_CHECK_IMPL(true || (condition), "true")
2026-10-07T01:08:08.5558168Z       |   ^~~~~~~~~~~~~~~~~~~~~~~~~~~~
2026-10-07T01:08:08.5558636Z external/abseil-cpp+/absl/log/absl_check.h:47:3: note: in expansion of macro 'ABSL_LOG_INTERNAL_DCHECK_IMPL'
2026-10-07T01:08:08.5559176Z    47 |   ABSL_LOG_INTERNAL_DCHECK_IMPL((condition), #condition)
2026-10-07T01:08:08.5559570Z       |   ^~~~~~~~~~~~~~~~~~~~~~~~~~~~~
2026-10-07T01:08:08.5560146Z external/protobuf+/src/google/protobuf/generated_message_reflection.cc:3332:3: note: in expansion of macro 'ABSL_DCHECK'
2026-10-07T01:08:08.5560867Z  3332 |   ABSL_DCHECK(!field->options().weak());
2026-10-07T01:08:08.5561227Z       |   ^~~~~~~~~~~
2026-10-07T01:08:08.5562018Z bazel-out/k8-opt/bin/external/protobuf+/src/google/protobuf/_virtual_includes/protobuf/google/protobuf/descriptor.pb.h:18861:13: note: declared here
2026-10-07T01:08:08.5562726Z 18861 | inline bool FieldOptions::weak() const {
2026-10-07T01:08:08.5563092Z       |             ^~~~~~~~~~~~
2026-10-07T01:08:08.5564023Z external/protobuf+/src/google/protobuf/generated_message_reflection.cc: In member function 'void google::protobuf::Reflection::NaiveSwapHasBit(google::protobuf::Message*, google::protobuf::Message*, const google::protobuf::FieldDescriptor*) const':
2026-10-07T01:08:08.5565366Z external/protobuf+/src/google/protobuf/generated_message_reflection.cc:3341:37: warning: 'bool google::protobuf::FieldOptions::weak() const' is deprecated [-Wdeprecated-declarations]
2026-10-07T01:08:08.5566110Z  3341 |   ABSL_DCHECK(!field->options().weak());
2026-10-07T01:08:08.5566472Z       |                ~~~~~~~~~~~~~~~~~~~~~^~
2026-10-07T01:08:08.5567173Z external/abseil-cpp+/absl/log/internal/conditions.h:68:7: note: in definition of macro 'ABSL_LOG_INTERNAL_STATELESS_CONDITION'
2026-10-07T01:08:08.5567836Z    68 |     !(condition) ? (void)0 : ::absl::log_internal::Voidify() &&
2026-10-07T01:08:08.5568245Z       |       ^~~~~~~~~
2026-10-07T01:08:08.5568771Z external/abseil-cpp+/absl/log/internal/check_impl.h:26:3: note: in expansion of macro 'ABSL_LOG_INTERNAL_CONDITION_FATAL'
2026-10-07T01:08:08.5569366Z    26 |   ABSL_LOG_INTERNAL_CONDITION_FATAL(STATELESS,                        \
2026-10-07T01:08:08.5569773Z       |   ^~~~~~~~~~~~~~~~~~~~~~~~~~~~~~~~~
2026-10-07T01:08:08.5570307Z external/abseil-cpp+/absl/log/internal/check_impl.h:27:37: note: in expansion of macro 'ABSL_PREDICT_FALSE'
2026-10-07T01:08:08.5570986Z    27 |                                     ABSL_PREDICT_FALSE(!(condition))) \
2026-10-07T01:08:08.5571395Z       |                                     ^~~~~~~~~~~~~~~~~~
2026-10-07T01:08:08.5572004Z external/abseil-cpp+/absl/log/internal/check_impl.h:43:3: note: in expansion of macro 'ABSL_LOG_INTERNAL_CHECK_IMPL'
2026-10-07T01:08:08.5572624Z    43 |   ABSL_LOG_INTERNAL_CHECK_IMPL(true || (condition), "true")
2026-10-07T01:08:08.5573026Z       |   ^~~~~~~~~~~~~~~~~~~~~~~~~~~~
2026-10-07T01:08:08.5573537Z external/abseil-cpp+/absl/log/absl_check.h:47:3: note: in expansion of macro 'ABSL_LOG_INTERNAL_DCHECK_IMPL'
2026-10-07T01:08:08.5574106Z    47 |   ABSL_LOG_INTERNAL_DCHECK_IMPL((condition), #condition)
2026-10-07T01:08:08.5574493Z       |   ^~~~~~~~~~~~~~~~~~~~~~~~~~~~~
2026-10-07T01:08:08.5575055Z external/protobuf+/src/google/protobuf/generated_message_reflection.cc:3341:3: note: in expansion of macro 'ABSL_DCHECK'
2026-10-07T01:08:08.5575674Z  3341 |   ABSL_DCHECK(!field->options().weak());
2026-10-07T01:08:08.5576039Z       |   ^~~~~~~~~~~
2026-10-07T01:08:08.5576648Z bazel-out/k8-opt/bin/external/protobuf+/src/google/protobuf/_virtual_includes/protobuf/google/protobuf/descriptor.pb.h:18861:13: note: declared here
2026-10-07T01:08:08.5577340Z 18861 | inline bool FieldOptions::weak() const {
2026-10-07T01:08:08.5577707Z       |             ^~~~~~~~~~~~
2026-10-07T01:08:08.5579974Z bazel-out/k8-opt/bin/external/protobuf+/src/google/protobuf/_virtual_includes/protobuf/google/protobuf/reflection_visit_fields.h: In instantiation of 'static void google::protobuf::internal::ReflectionVisit::VisitFields(MessageT&, CallbackFn&&, google::protobuf::internal::FieldMask) [with MessageT = google::protobuf::Message; CallbackFn = google::protobuf::internal::ReflectionVisit::VisitMessageFields<google::protobuf::Reflection::MaybePoisonAfterClear(google::protobuf::Message&) const::<lambda(google::protobuf::Message&)> >(google::protobuf::Message&, google::protobuf::Reflection::MaybePoisonAfterClear(google::protobuf::Message&) const::<lambda(google::protobuf::Message&)>&&)::<lambda(auto:42)>]':
2026-10-07T01:08:08.5583526Z bazel-out/k8-opt/bin/external/protobuf+/src/google/protobuf/_virtual_includes/protobuf/google/protobuf/reflection_visit_fields.h:447:31:   required from 'static void google::protobuf::internal::ReflectionVisit::VisitMessageFields(google::protobuf::Message&, CallbackFn&&) [with CallbackFn = google::protobuf::Reflection::MaybePoisonAfterClear(google::protobuf::Message&) const::<lambda(google::protobuf::Message&)>]'
2026-10-07T01:08:08.5586095Z bazel-out/k8-opt/bin/external/protobuf+/src/google/protobuf/_virtual_includes/protobuf/google/protobuf/reflection_visit_fields.h:502:38:   required from 'void google::protobuf::internal::VisitMutableMessageFields(google::protobuf::Message&, CallbackFn&&) [with CallbackFn = google::protobuf::Reflection::MaybePoisonAfterClear(google::protobuf::Message&) const::<lambda(google::protobuf::Message&)>]'
2026-10-07T01:08:08.5587641Z external/protobuf+/src/google/protobuf/generated_message_reflection.cc:1390:40:   required from here
2026-10-07T01:08:08.5589033Z bazel-out/k8-opt/bin/external/protobuf+/src/google/protobuf/_virtual_includes/protobuf/google/protobuf/reflection_visit_fields.h:109:39: warning: 'bool google::protobuf::FieldOptions::weak() const' is deprecated [-Wdeprecated-declarations]
2026-10-07T01:08:08.5590123Z   109 |     ABSL_DCHECK(!field->options().weak()) << "weak fields are not supported";
2026-10-07T01:08:08.5590809Z       |                  ~~~~~~~~~~~~~~~~~~~~~^~
2026-10-07T01:08:08.5591401Z external/abseil-cpp+/absl/log/internal/conditions.h:68:7: note: in definition of macro 'ABSL_LOG_INTERNAL_STATELESS_CONDITION'
2026-10-07T01:08:08.5592060Z    68 |     !(condition) ? (void)0 : ::absl::log_internal::Voidify() &&
2026-10-07T01:08:08.5592475Z       |       ^~~~~~~~~
2026-10-07T01:08:08.5592979Z external/abseil-cpp+/absl/log/internal/check_impl.h:26:3: note: in expansion of macro 'ABSL_LOG_INTERNAL_CONDITION_FATAL'
2026-10-07T01:08:08.5593618Z    26 |   ABSL_LOG_INTERNAL_CONDITION_FATAL(STATELESS,                        \
2026-10-07T01:08:08.5594064Z       |   ^~~~~~~~~~~~~~~~~~~~~~~~~~~~~~~~~
2026-10-07T01:08:08.5594595Z external/abseil-cpp+/absl/log/internal/check_impl.h:27:37: note: in expansion of macro 'ABSL_PREDICT_FALSE'
2026-10-07T01:08:08.5595193Z    27 |                                     ABSL_PREDICT_FALSE(!(condition))) \
2026-10-07T01:08:08.5595610Z       |                                     ^~~~~~~~~~~~~~~~~~
2026-10-07T01:08:08.5596135Z external/abseil-cpp+/absl/log/internal/check_impl.h:43:3: note: in expansion of macro 'ABSL_LOG_INTERNAL_CHECK_IMPL'
2026-10-07T01:08:08.5596702Z    43 |   ABSL_LOG_INTERNAL_CHECK_IMPL(true || (condition), "true")
2026-10-07T01:08:08.5597110Z       |   ^~~~~~~~~~~~~~~~~~~~~~~~~~~~
2026-10-07T01:08:08.5597638Z external/abseil-cpp+/absl/log/absl_check.h:47:3: note: in expansion of macro 'ABSL_LOG_INTERNAL_DCHECK_IMPL'
2026-10-07T01:08:08.5598233Z    47 |   ABSL_LOG_INTERNAL_DCHECK_IMPL((condition), #condition)
2026-10-07T01:08:08.5598643Z       |   ^~~~~~~~~~~~~~~~~~~~~~~~~~~~~
2026-10-07T01:08:08.5599413Z bazel-out/k8-opt/bin/external/protobuf+/src/google/protobuf/_virtual_includes/protobuf/google/protobuf/reflection_visit_fields.h:109:5: note: in expansion of macro 'ABSL_DCHECK'
2026-10-07T01:08:08.5600248Z   109 |     ABSL_DCHECK(!field->options().weak()) << "weak fields are not supported";
2026-10-07T01:08:08.5600915Z       |     ^~~~~~~~~~~
2026-10-07T01:08:08.5601547Z bazel-out/k8-opt/bin/external/protobuf+/src/google/protobuf/_virtual_includes/protobuf/google/protobuf/descriptor.pb.h:18861:13: note: declared here
2026-10-07T01:08:08.5602252Z 18861 | inline bool FieldOptions::weak() const {
2026-10-07T01:08:08.5602636Z       |             ^~~~~~~~~~~~
2026-10-07T01:08:08.5603542Z bazel-out/k8-opt/bin/external/protobuf+/src/google/protobuf/_virtual_includes/protobuf/google/protobuf/reflection_visit_fields.h:109:39: warning: 'bool google::protobuf::FieldOptions::weak() const' is deprecated [-Wdeprecated-declarations]
2026-10-07T01:08:08.5604564Z   109 |     ABSL_DCHECK(!field->options().weak()) << "weak fields are not supported";
2026-10-07T01:08:08.5605018Z       |                  ~~~~~~~~~~~~~~~~~~~~~^~
2026-10-07T01:08:08.5605591Z external/abseil-cpp+/absl/log/internal/conditions.h:68:7: note: in definition of macro 'ABSL_LOG_INTERNAL_STATELESS_CONDITION'
2026-10-07T01:08:08.5606380Z    68 |     !(condition) ? (void)0 : ::absl::log_internal::Voidify() &&
2026-10-07T01:08:08.5606794Z       |       ^~~~~~~~~
2026-10-07T01:08:08.5607326Z external/abseil-cpp+/absl/log/internal/check_impl.h:26:3: note: in expansion of macro 'ABSL_LOG_INTERNAL_CONDITION_FATAL'
2026-10-07T01:08:08.5608002Z    26 |   ABSL_LOG_INTERNAL_CONDITION_FATAL(STATELESS,                        \
2026-10-07T01:08:08.5608440Z       |   ^~~~~~~~~~~~~~~~~~~~~~~~~~~~~~~~~
2026-10-07T01:08:08.5608957Z external/abseil-cpp+/absl/log/internal/check_impl.h:27:37: note: in expansion of macro 'ABSL_PREDICT_FALSE'
2026-10-07T01:08:08.5609523Z    27 |                                     ABSL_PREDICT_FALSE(!(condition))) \
2026-10-07T01:08:08.5609970Z       |                                     ^~~~~~~~~~~~~~~~~~
2026-10-07T01:08:08.5610789Z external/abseil-cpp+/absl/log/internal/check_impl.h:43:3: note: in expansion of macro 'ABSL_LOG_INTERNAL_CHECK_IMPL'
2026-10-07T01:08:08.5611433Z    43 |   ABSL_LOG_INTERNAL_CHECK_IMPL(true || (condition), "true")
2026-10-07T01:08:08.5611843Z       |   ^~~~~~~~~~~~~~~~~~~~~~~~~~~~
2026-10-07T01:08:08.5612351Z external/abseil-cpp+/absl/log/absl_check.h:47:3: note: in expansion of macro 'ABSL_LOG_INTERNAL_DCHECK_IMPL'
2026-10-07T01:08:08.5612931Z    47 |   ABSL_LOG_INTERNAL_DCHECK_IMPL((condition), #condition)
2026-10-07T01:08:08.5613325Z       |   ^~~~~~~~~~~~~~~~~~~~~~~~~~~~~
2026-10-07T01:08:08.5614039Z bazel-out/k8-opt/bin/external/protobuf+/src/google/protobuf/_virtual_includes/protobuf/google/protobuf/reflection_visit_fields.h:109:5: note: in expansion of macro 'ABSL_DCHECK'
2026-10-07T01:08:08.5614873Z   109 |     ABSL_DCHECK(!field->options().weak()) << "weak fields are not supported";
2026-10-07T01:08:08.5615320Z       |     ^~~~~~~~~~~
2026-10-07T01:08:08.5615950Z bazel-out/k8-opt/bin/external/protobuf+/src/google/protobuf/_virtual_includes/protobuf/google/protobuf/descriptor.pb.h:18861:13: note: declared here
2026-10-07T01:08:08.5616647Z 18861 | inline bool FieldOptions::weak() const {
2026-10-07T01:08:08.5617017Z       |             ^~~~~~~~~~~~
2026-10-07T01:08:08.5617544Z [939 / 944] Compiling tools/haa_gvisor_observer/observer_latch_test.cc; 3s processwrapper-sandbox ... (3 actions, 2 running)
2026-10-07T01:08:10.4342334Z [940 / 944] Compiling tools/haa_gvisor_observer/observer_latch_test.cc; 5s processwrapper-sandbox ... (2 actions running)
2026-10-07T01:08:11.0226203Z INFO: From Compiling tools/haa_gvisor_observer/observer.cc:
2026-10-07T01:08:11.0227650Z tools/haa_gvisor_observer/observer.cc:4614:6: warning: 'bool {anonymous}::Handle(const Header&, const char*, size_t, int, std::string*, const char*, ProcessState*, NormalizedCounts*, TopologyState*, const char**, FaultSite*)' defined but not used [-Wunused-function]
2026-10-07T01:08:11.0228985Z  4614 | bool Handle(const Header& header, const char* payload, size_t payload_size, int output, std::string* container_id,
2026-10-07T01:08:11.0229566Z       |      ^~~~~~
2026-10-07T01:08:11.0230341Z tools/haa_gvisor_observer/observer.cc:3868:6: warning: 'bool {anonymous}::ParseSentryProcessAndClassify(const char*, size_t, int, std::string*, const char*, ProcessState*, const char**)' defined but not used [-Wunused-function]
2026-10-07T01:08:11.0231594Z  3868 | bool ParseSentryProcessAndClassify(const char* payload, size_t payload_size, int output, std::string* container_id,
2026-10-07T01:08:11.0232197Z       |      ^~~~~~~~~~~~~~~~~~~~~~~~~~~~~
2026-10-07T01:08:11.0232852Z tools/haa_gvisor_observer/observer.cc:262:13: warning: 'const char* {anonymous}::CommandPhaseName(CommandPhase)' defined but not used [-Wunused-function]
2026-10-07T01:08:11.0233577Z   262 | const char* CommandPhaseName(CommandPhase phase) {
2026-10-07T01:08:11.0233966Z       |             ^~~~~~~~~~~~~~~~
2026-10-07T01:08:12.4348426Z [942 / 944] Compiling tools/haa_gvisor_observer/observer_latch_test.cc; 7s processwrapper-sandbox
2026-10-07T01:08:18.1747832Z [943 / 944] [Prepa] Linking tools/haa_gvisor_observer/haa_gvisor_observer_latch_test
2026-10-07T01:08:18.2535381Z INFO: Found 2 targets...
2026-10-07T01:08:18.2944234Z INFO: Elapsed time: 180.709s, Critical Path: 32.47s
2026-10-07T01:08:18.2944952Z INFO: 944 processes: 294 internal, 650 processwrapper-sandbox.
2026-10-07T01:08:18.2945497Z INFO: Build completed successfully, 944 total actions
2026-10-07T01:08:18.3561027Z STARTING record_boundaries
2026-10-07T01:08:19.2212653Z profile=go-module-resolver bounded terminal={"container_id":"0202020202020202","kind":"stream-fault","reason":"EVENT_LIMIT","fault_site":"EVENT_LIMIT","fault_budget":{"charged":200000,"limit":200000,"close":199998,"fcntl":0,"raw":0,"other":2,"workspace":0}}
2026-10-07T01:08:20.4764210Z profile=go-module-build bounded terminal={"container_id":"0606060606060606","kind":"stream-fault","reason":"EVENT_LIMIT","fault_site":"EVENT_LIMIT","fault_budget":{"charged":250000,"limit":250000,"close":249998,"fcntl":0,"raw":0,"other":2,"workspace":0}}
2026-10-07T01:08:20.5353550Z profile=cargo-resolver bounded terminal={"container_id":"0808080808080808","kind":"stream-fault","reason":"EVENT_LIMIT","fault_site":"EVENT_LIMIT","fault_budget":{"charged":10000,"limit":10000,"close":9998,"fcntl":0,"raw":0,"other":2,"workspace":0}}
2026-10-07T01:08:20.6030753Z profile=npm-lifecycle bounded terminal={"container_id":"0404040404040404","kind":"stream-fault","reason":"EVENT_LIMIT","fault_site":"EVENT_LIMIT","fault_budget":{"charged":10000,"limit":10000,"close":9998,"fcntl":0,"raw":0,"other":2,"workspace":0}}
2026-10-07T01:08:20.6031307Z STARTING accessors
2026-10-07T01:08:20.6628422Z STARTING network
2026-10-07T01:08:21.5648706Z STARTING malformed_socket
2026-10-07T01:08:21.5651502Z STARTING malformed_connect
2026-10-07T01:08:21.5659429Z STARTING unknown_fd
2026-10-07T01:08:21.5660669Z STARTING process
2026-10-07T01:08:21.7672161Z STARTING correlation
2026-10-07T01:08:21.9180740Z STARTING cloexec
2026-10-07T01:08:22.0185996Z STARTING delayed
2026-10-07T01:08:22.1693133Z STARTING concurrent_python_streams
2026-10-07T01:08:22.1695644Z STARTING roles
2026-10-07T01:08:22.2703110Z STARTING oci_bootstrap
2026-10-07T01:08:22.2731315Z STARTING demotion
2026-10-07T01:08:22.2738608Z STARTING mismatch
2026-10-07T01:08:22.2739892Z STARTING dropped
2026-10-07T01:08:22.2741449Z STARTING topology_fail_closed
2026-10-07T01:08:22.2756637Z STARTING filesystem
2026-10-07T01:08:22.8896557Z STARTING npm_node
2026-10-07T01:08:22.8896775Z STARTING open_result_negative
2026-10-07T01:08:22.8935434Z STARTING open_result_positive
2026-10-07T01:08:23.2946536Z STARTING no_basename_trust
2026-10-07T01:08:23.3450994Z STARTING unexpected_exec_diagnostic
2026-10-07T01:08:23.3458082Z STARTING resolver_npm_version_node
2026-10-07T01:08:23.3458340Z STARTING resolver_npm_version_production_path
2026-10-07T01:08:23.3471104Z STARTING resolver_lock_generation_production_path
2026-10-07T01:08:23.3471412Z STARTING process_group_lifecycle
2026-10-07T01:08:23.3471644Z STARTING direct_exec_admission
2026-10-07T01:08:23.3474369Z STARTING direct_exec_admission_bound
2026-10-07T01:08:23.3513699Z STARTING session_aware_control
2026-10-07T01:08:23.3524589Z STARTING control_peer_hup_live_admission
2026-10-07T01:08:23.3527221Z STARTING pre_attribution_disconnect
2026-10-07T01:08:23.3527822Z haa_gvisor_observer_latch_test: accepted remote stream ended before attribution
2026-10-07T01:08:23.3533141Z observer latch PASS: readiness
2026-10-07T01:08:23.3533361Z observer latch PASS: pod-init profile
2026-10-07T01:08:23.3533613Z observer latch PASS: profile record limits
2026-10-07T01:08:23.3533874Z observer latch PASS: finite profile record boundary
2026-10-07T01:08:23.3534137Z observer latch PASS: normalized accessors
2026-10-07T01:08:23.3534388Z observer latch PASS: socket family classification
2026-10-07T01:08:23.3534653Z observer latch PASS: unknown socket family
2026-10-07T01:08:23.3534894Z observer latch PASS: malformed socket address
2026-10-07T01:08:23.3535138Z observer latch PASS: unknown FD state
2026-10-07T01:08:23.3535373Z observer latch PASS: process trust boundary
2026-10-07T01:08:23.3535860Z observer latch PASS: exec correlation boundary
2026-10-07T01:08:23.3536115Z observer latch PASS: CLOEXEC/re-exec boundary
2026-10-07T01:08:23.3536380Z observer latch PASS: delayed profile registration
2026-10-07T01:08:23.3536647Z observer latch PASS: concurrent Python streams
2026-10-07T01:08:23.3536933Z observer latch PASS: role handoff/provenance
2026-10-07T01:08:23.3537180Z observer latch PASS: OCI bootstrap demotion
2026-10-07T01:08:23.3537425Z observer latch PASS: setpriv demotion boundary
2026-10-07T01:08:23.3537673Z observer latch PASS: container mismatch
2026-10-07T01:08:23.3537905Z observer latch PASS: dropped events
2026-10-07T01:08:23.3538133Z observer latch PASS: topology fail-closed
2026-10-07T01:08:23.3538397Z observer latch PASS: registered nested mount boundary
2026-10-07T01:08:23.3538672Z observer latch PASS: filesystem normalization
2026-10-07T01:08:23.3539097Z observer latch PASS: Cargo resolver runtime read boundary
2026-10-07T01:08:23.3539395Z observer latch PASS: Cargo resolver self maps boundary
2026-10-07T01:08:23.3539677Z observer latch PASS: Cargo configuration read boundary
2026-10-07T01:08:23.3539873Z observer latch PASS: Cargo TAR configuration read boundary
2026-10-07T01:08:23.3540060Z observer latch PASS: Cargo entropy read boundary
2026-10-07T01:08:23.3540250Z observer latch PASS: Cargo certificate bundle read boundary
2026-10-07T01:08:23.3540443Z observer latch PASS: Cargo null input read boundary
2026-10-07T01:08:23.3540790Z observer latch PASS: Cargo Rustc query boundary
2026-10-07T01:08:23.3540976Z observer latch PASS: Cargo Rustc metadata query boundary
2026-10-07T01:08:23.3541166Z observer latch PASS: Cargo Rustc VM metadata boundary
2026-10-07T01:08:23.3541344Z observer latch PASS: Cargo Rustc self maps boundary
2026-10-07T01:08:23.3541533Z observer latch PASS: Cargo Rustc self memory stats boundary
2026-10-07T01:08:23.3541725Z observer latch PASS: Cargo Rustc self cgroup boundary
2026-10-07T01:08:23.3541973Z observer latch PASS: Cargo Rustc self mountinfo boundary
2026-10-07T01:08:23.3542315Z observer latch PASS: Cargo Rustc CPU quota boundary
2026-10-07T01:08:23.3542633Z observer latch PASS: Cargo Rustc fixed sysroot directory boundary
2026-10-07T01:08:23.3542941Z observer latch PASS: Cargo DNS configuration boundary
2026-10-07T01:08:23.3543244Z observer latch PASS: Cargo resolver configuration file boundary
2026-10-07T01:08:23.3543538Z observer latch PASS: Cargo fixed UTC boundary
2026-10-07T01:08:23.3543817Z observer latch PASS: Cargo close-on-exec entropy boundary
2026-10-07T01:08:23.3544032Z observer latch PASS: SocketPair diagnostic preserves FD authority
2026-10-07T01:08:23.3544246Z observer latch PASS: Kernel SocketPair descriptor authority
2026-10-07T01:08:23.3544436Z observer latch PASS: Cargo Rustc Zlib ABI boundary
2026-10-07T01:08:23.3544609Z observer latch PASS: Cargo Rustc ABI boundary
2026-10-07T01:08:23.3544785Z observer latch PASS: Go resolver runtime read boundary
2026-10-07T01:08:23.3544981Z observer latch PASS: Go build configuration read boundary
2026-10-07T01:08:23.3545170Z observer latch PASS: Go build handoff read boundary
2026-10-07T01:08:23.3545352Z observer latch PASS: Cargo build handoff read boundary
2026-10-07T01:08:23.3545528Z observer latch PASS: Cargo build pinned target
2026-10-07T01:08:23.3545695Z observer latch PASS: Cargo build driver read
2026-10-07T01:08:23.3545856Z observer latch PASS: Cargo build rustc child
2026-10-07T01:08:23.3546019Z observer latch PASS: Cargo build native cc child
2026-10-07T01:08:23.3546192Z observer latch PASS: Cargo build collect2 child
2026-10-07T01:08:23.3546358Z observer latch PASS: Cargo build lld launcher
2026-10-07T01:08:23.3546517Z observer latch PASS: Cargo build rust lld
2026-10-07T01:08:23.3546673Z observer latch PASS: Cargo build link inputs
2026-10-07T01:08:23.3546828Z observer latch PASS: Cargo build link sdk
2026-10-07T01:08:23.3546982Z observer latch PASS: Cargo build Rust C ABI
2026-10-07T01:08:23.3547142Z observer latch PASS: Cargo build lld entropy
2026-10-07T01:08:23.3547297Z observer latch PASS: Cargo build program
2026-10-07T01:08:23.3547551Z observer latch PASS: Cargo build program ABI
2026-10-07T01:08:23.3547712Z observer latch PASS: Cargo build program maps
2026-10-07T01:08:23.3547888Z observer latch PASS: Cargo build program rustc query
2026-10-07T01:08:23.3548060Z observer latch PASS: Cargo build program null
2026-10-07T01:08:23.3548223Z observer latch PASS: Cargo build configuration
2026-10-07T01:08:23.3548409Z observer latch PASS: Terraform provider profile isolation
2026-10-07T01:08:23.3548608Z observer latch PASS: Go build runtime metadata boundary
2026-10-07T01:08:23.3548812Z observer latch PASS: Go build exact creator diagnostic boundary
2026-10-07T01:08:23.3549016Z observer latch PASS: Go build SDK tool child boundary
2026-10-07T01:08:23.3549201Z observer latch PASS: Go build cgo GCC creator boundary
2026-10-07T01:08:23.3549398Z observer latch PASS: Go build SDK linker GCC creator boundary
2026-10-07T01:08:23.3549694Z observer latch PASS: Go build SDK linker native ancestry boundary
2026-10-07T01:08:23.3549923Z observer latch PASS: Go build native linker resolver ABI boundary
2026-10-07T01:08:23.3550138Z observer latch PASS: Go build CC1 creator and loader boundary
2026-10-07T01:08:23.3550344Z observer latch PASS: Go build CC1 readonly header boundary
2026-10-07T01:08:23.3550811Z observer latch PASS: Go build assembler creator and loader boundary
2026-10-07T01:08:23.3551041Z observer latch PASS: Go build collect2 creator and loader boundary
2026-10-07T01:08:23.3551273Z observer latch PASS: Go build native linker creator and loader boundary
2026-10-07T01:08:23.3551504Z observer latch PASS: Go build native linker fixed plugin boundary
2026-10-07T01:08:23.3551723Z observer latch PASS: Go build native linker null device boundary
2026-10-07T01:08:23.3551947Z observer latch PASS: Go build native linker C runtime input boundary
2026-10-07T01:08:23.3552166Z observer latch PASS: Go build assembler null device boundary
2026-10-07T01:08:23.3552383Z observer latch PASS: Go build CC1 readonly SDK Cgo input boundary
2026-10-07T01:08:23.3552612Z observer latch PASS: exact npm CLI-to-Node
2026-10-07T01:08:23.3552776Z observer latch PASS: OPEN_RESULT negative matrix
2026-10-07T01:08:23.3552947Z observer latch PASS: OPEN_RESULT positive matrix
2026-10-07T01:08:23.3553113Z observer latch PASS: no-basename-trust
2026-10-07T01:08:23.3553287Z observer latch PASS: unexpected exec diagnostic retention
2026-10-07T01:08:23.3553484Z observer latch PASS: exact resolver npm-version-to-Node
2026-10-07T01:08:23.3553684Z observer latch PASS: resolver npm-version production path
2026-10-07T01:08:23.3553892Z observer latch PASS: resolver lock-generation production path
2026-10-07T01:08:23.3554101Z observer latch PASS: authoritative process-group lifecycle
2026-10-07T01:08:23.3554292Z observer latch PASS: direct-exec one-shot admission
2026-10-07T01:08:23.3554488Z observer latch PASS: direct-exec terminal admission protocol
2026-10-07T01:08:23.3554683Z observer latch PASS: direct-exec admission bound
2026-10-07T01:08:23.3554849Z observer latch PASS: session-aware control
2026-10-07T01:08:23.3555014Z observer latch PASS: exact control peer binding
2026-10-07T01:08:23.3555201Z observer latch PASS: control peer HUP clears live admission
2026-10-07T01:08:23.3555396Z observer latch PASS: unaccepted remote disconnect
2026-10-07T01:08:23.3555601Z observer latch PASS: accepted pre-attribution disconnect fail-stop
2026-10-07T01:08:23.3627278Z Post job cleanup.
2026-10-07T01:08:23.4171401Z [command]/usr/bin/git version
2026-10-07T01:08:23.4204387Z git version 2.55.0
2026-10-07T01:08:23.4226753Z Temporarily overriding HOME='/home/runner/work/_temp/20d06602-5077-45e5-a846-d55f022a618f' before making global git config changes
2026-10-07T01:08:23.4227680Z Adding repository directory to the temporary git global config as a safe directory
2026-10-07T01:08:23.4235642Z [command]/usr/bin/git config --global --add safe.directory /home/runner/work/heliopause/heliopause
2026-10-07T01:08:23.4262300Z Removing SSH command configuration
2026-10-07T01:08:23.4266577Z [command]/usr/bin/git config --local --name-only --get-regexp core\.sshCommand
2026-10-07T01:08:23.4295027Z [command]/usr/bin/git submodule foreach --recursive sh -c "git config --local --name-only --get-regexp 'core\.sshCommand' && git config --local --unset-all 'core.sshCommand' || :"
2026-10-07T01:08:23.4485383Z Removing HTTP extra header
2026-10-07T01:08:23.4489569Z [command]/usr/bin/git config --local --name-only --get-regexp http\.https\:\/\/github\.com\/\.extraheader
2026-10-07T01:08:23.4519382Z [command]/usr/bin/git submodule foreach --recursive sh -c "git config --local --name-only --get-regexp 'http\.https\:\/\/github\.com\/\.extraheader' && git config --local --unset-all 'http.https://github.com/.extraheader' || :"
2026-10-07T01:08:23.4711441Z Removing includeIf entries pointing to credentials config files
2026-10-07T01:08:23.4716443Z [command]/usr/bin/git config --local --name-only --get-regexp ^includeIf\.gitdir:
2026-10-07T01:08:23.4745454Z [command]/usr/bin/git submodule foreach --recursive git config --local --show-origin --name-only --get-regexp remote.origin.url
2026-10-07T01:08:23.5032609Z Cleaning up orphan processes
2026-10-07T01:08:23.5235223Z Terminate orphan process: pid (2257) (java.lang=ALL-UNNAMED)
