2026-10-07T04:15:03.1877286Z Current runner version: '2.337.0'
2026-10-07T04:15:03.1897045Z ##[group]Runner Image Provisioner
2026-10-07T04:15:03.1897735Z Hosted Compute Agent
2026-10-07T04:15:03.1898476Z Version: 20260901.588
2026-10-07T04:15:03.1899122Z Commit: f88ec8081b781fac6c440065ac7ff9e710ce3d0b
2026-10-07T04:15:03.1899755Z Build Date: 2026-09-01T19:56:44Z
2026-10-07T04:15:03.1900364Z Worker ID: {b52e3afd-d668-4264-a04d-f9e5e8d8f55f}
2026-10-07T04:15:03.1900962Z Azure Region: westcentralus
2026-10-07T04:15:03.1901432Z ##[endgroup]
2026-10-07T04:15:03.1902609Z ##[group]Operating System
2026-10-07T04:15:03.1903110Z Ubuntu
2026-10-07T04:15:03.1903592Z 24.04.5
2026-10-07T04:15:03.1904027Z LTS
2026-10-07T04:15:03.1904452Z ##[endgroup]
2026-10-07T04:15:03.1904969Z ##[group]Runner Image
2026-10-07T04:15:03.1905489Z Image: ubuntu-24.04
2026-10-07T04:15:03.1905978Z Version: 20260927.320.1
2026-10-07T04:15:03.1907012Z Included Software: https://github.com/actions/runner-images/blob/ubuntu24/20260927.320/images/ubuntu/Ubuntu2404-Readme.md
2026-10-07T04:15:03.1908842Z Image Release: https://github.com/actions/runner-images/releases/tag/ubuntu24%2F20260927.320
2026-10-07T04:15:03.1909701Z ##[endgroup]
2026-10-07T04:15:03.1910614Z ##[group]GITHUB_TOKEN Permissions
2026-10-07T04:15:03.1912134Z Contents: read
2026-10-07T04:15:03.1912706Z Metadata: read
2026-10-07T04:15:03.1913179Z ##[endgroup]
2026-10-07T04:15:03.1915135Z Secret source: Actions
2026-10-07T04:15:03.1915972Z Cache mode: write
2026-10-07T04:15:03.1916677Z Prepare workflow directory
2026-10-07T04:15:03.2270286Z Prepare all required actions
2026-10-07T04:15:03.2308493Z Getting action download info
2026-10-07T04:15:03.5146467Z Download action repository 'actions/checkout@3d3c42e5aac5ba805825da76410c181273ba90b1' (SHA:3d3c42e5aac5ba805825da76410c181273ba90b1)
2026-10-07T04:15:03.6393401Z Download action repository 'actions/setup-go@b7ad1dad31e06c5925ef5d2fc7ad053ef454303e' (SHA:b7ad1dad31e06c5925ef5d2fc7ad053ef454303e)
2026-10-07T04:15:04.4444644Z Complete job name: gVisor Linux Integration
2026-10-07T04:15:04.5049237Z ##[group]Run actions/checkout@3d3c42e5aac5ba805825da76410c181273ba90b1
2026-10-07T04:15:04.5050152Z with:
2026-10-07T04:15:04.5050554Z   persist-credentials: false
2026-10-07T04:15:04.5051034Z   repository: rahoney/heliopause
2026-10-07T04:15:04.5054678Z   token: ***
2026-10-07T04:15:04.5055076Z   ssh-strict: true
2026-10-07T04:15:04.5055480Z   ssh-user: git
2026-10-07T04:15:04.5055874Z   clean: true
2026-10-07T04:15:04.5056285Z   sparse-checkout-cone-mode: true
2026-10-07T04:15:04.5056759Z   fetch-depth: 1
2026-10-07T04:15:04.5057149Z   fetch-tags: false
2026-10-07T04:15:04.5057549Z   show-progress: true
2026-10-07T04:15:04.5057962Z   lfs: false
2026-10-07T04:15:04.5058698Z   submodules: false
2026-10-07T04:15:04.5059129Z   set-safe-directory: true
2026-10-07T04:15:04.5059605Z   allow-unsafe-pr-checkout: false
2026-10-07T04:15:04.5060305Z env:
2026-10-07T04:15:04.5060678Z   GOTOOLCHAIN: local
2026-10-07T04:15:04.5061080Z ##[endgroup]
2026-10-07T04:15:04.5853113Z Syncing repository: rahoney/heliopause
2026-10-07T04:15:04.5854694Z ##[group]Getting Git version info
2026-10-07T04:15:04.5855470Z Working directory is '/home/runner/work/heliopause/heliopause'
2026-10-07T04:15:04.5856432Z [command]/usr/bin/git version
2026-10-07T04:15:04.5952546Z git version 2.55.0
2026-10-07T04:15:04.5970598Z ##[endgroup]
2026-10-07T04:15:04.5982794Z Temporarily overriding HOME='/home/runner/work/_temp/d7728e1b-f24b-4d06-b1df-4a260c86bcc0' before making global git config changes
2026-10-07T04:15:04.5987962Z Adding repository directory to the temporary git global config as a safe directory
2026-10-07T04:15:04.5989743Z [command]/usr/bin/git config --global --add safe.directory /home/runner/work/heliopause/heliopause
2026-10-07T04:15:04.6027755Z Deleting the contents of '/home/runner/work/heliopause/heliopause'
2026-10-07T04:15:04.6030913Z ##[group]Determining repository object format
2026-10-07T04:15:04.6032139Z ##[endgroup]
2026-10-07T04:15:04.6032853Z ##[group]Initializing the repository
2026-10-07T04:15:04.6036233Z [command]/usr/bin/git init /home/runner/work/heliopause/heliopause
2026-10-07T04:15:04.6134981Z hint: Using 'master' as the name for the initial branch. This default branch name
2026-10-07T04:15:04.6136048Z hint: will change to "main" in Git 3.0. To configure the initial branch name
2026-10-07T04:15:04.6136890Z hint: to use in all of your new repositories, which will suppress this warning,
2026-10-07T04:15:04.6137523Z hint: call:
2026-10-07T04:15:04.6137878Z hint:
2026-10-07T04:15:04.6138557Z hint: 	git config --global init.defaultBranch <name>
2026-10-07T04:15:04.6139110Z hint:
2026-10-07T04:15:04.6139685Z hint: Names commonly chosen instead of 'master' are 'main', 'trunk' and
2026-10-07T04:15:04.6141041Z hint: 'development'. The just-created branch can be renamed via this command:
2026-10-07T04:15:04.6142098Z hint:
2026-10-07T04:15:04.6142783Z hint: 	git branch -m <name>
2026-10-07T04:15:04.6143439Z hint:
2026-10-07T04:15:04.6144369Z hint: Disable this message with "git config set advice.defaultBranchName false"
2026-10-07T04:15:04.6145804Z Initialized empty Git repository in /home/runner/work/heliopause/heliopause/.git/
2026-10-07T04:15:04.6152364Z [command]/usr/bin/git remote add origin https://github.com/rahoney/heliopause
2026-10-07T04:15:04.6197729Z ##[endgroup]
2026-10-07T04:15:04.6198949Z ##[group]Disabling automatic garbage collection
2026-10-07T04:15:04.6201016Z [command]/usr/bin/git config --local gc.auto 0
2026-10-07T04:15:04.6231108Z ##[endgroup]
2026-10-07T04:15:04.6232110Z ##[group]Setting up auth
2026-10-07T04:15:04.6235447Z Removing SSH command configuration
2026-10-07T04:15:04.6243534Z [command]/usr/bin/git config --local --name-only --get-regexp core\.sshCommand
2026-10-07T04:15:04.6266099Z [command]/usr/bin/git submodule foreach --recursive sh -c "git config --local --name-only --get-regexp 'core\.sshCommand' && git config --local --unset-all 'core.sshCommand' || :"
2026-10-07T04:15:04.7355349Z Removing HTTP extra header
2026-10-07T04:15:04.7360683Z [command]/usr/bin/git config --local --name-only --get-regexp http\.https\:\/\/github\.com\/\.extraheader
2026-10-07T04:15:04.7391605Z [command]/usr/bin/git submodule foreach --recursive sh -c "git config --local --name-only --get-regexp 'http\.https\:\/\/github\.com\/\.extraheader' && git config --local --unset-all 'http.https://github.com/.extraheader' || :"
2026-10-07T04:15:04.7575300Z Removing includeIf entries pointing to credentials config files
2026-10-07T04:15:04.7579794Z [command]/usr/bin/git config --local --name-only --get-regexp ^includeIf\.gitdir:
2026-10-07T04:15:04.7610283Z [command]/usr/bin/git submodule foreach --recursive git config --local --show-origin --name-only --get-regexp remote.origin.url
2026-10-07T04:15:04.7808902Z [command]/usr/bin/git config --file /home/runner/work/_temp/git-credentials-1633b757-7e87-49ad-bc7e-e44d3afa1ea5.config http.https://github.com/.extraheader AUTHORIZATION: basic ***
2026-10-07T04:15:04.7842015Z [command]/usr/bin/git config --local includeIf.gitdir:/home/runner/work/heliopause/heliopause/.git.path /home/runner/work/_temp/git-credentials-1633b757-7e87-49ad-bc7e-e44d3afa1ea5.config
2026-10-07T04:15:04.7871129Z [command]/usr/bin/git config --local includeIf.gitdir:/home/runner/work/heliopause/heliopause/.git/worktrees/*.path /home/runner/work/_temp/git-credentials-1633b757-7e87-49ad-bc7e-e44d3afa1ea5.config
2026-10-07T04:15:04.7904911Z [command]/usr/bin/git config --local includeIf.gitdir:/github/workspace/.git.path /github/runner_temp/git-credentials-1633b757-7e87-49ad-bc7e-e44d3afa1ea5.config
2026-10-07T04:15:04.7935740Z [command]/usr/bin/git config --local includeIf.gitdir:/github/workspace/.git/worktrees/*.path /github/runner_temp/git-credentials-1633b757-7e87-49ad-bc7e-e44d3afa1ea5.config
2026-10-07T04:15:04.7962796Z ##[endgroup]
2026-10-07T04:15:04.7963598Z ##[group]Fetching the repository
2026-10-07T04:15:04.7967688Z [command]/usr/bin/git -c protocol.version=2 fetch --no-tags --prune --no-recurse-submodules --depth=1 origin +d328756f0087624093808215d1fbedd47767ef58:refs/remotes/origin/milestone/m12-go-cargo-terraform
2026-10-07T04:15:06.0395733Z From https://github.com/rahoney/heliopause
2026-10-07T04:15:06.0397156Z  * [new ref]         d328756f0087624093808215d1fbedd47767ef58 -> origin/milestone/m12-go-cargo-terraform
2026-10-07T04:15:06.0404363Z [command]/usr/bin/git branch --list --remote origin/milestone/m12-go-cargo-terraform
2026-10-07T04:15:06.0429444Z   origin/milestone/m12-go-cargo-terraform
2026-10-07T04:15:06.0436268Z [command]/usr/bin/git rev-parse refs/remotes/origin/milestone/m12-go-cargo-terraform
2026-10-07T04:15:06.0459226Z d328756f0087624093808215d1fbedd47767ef58
2026-10-07T04:15:06.0464188Z ##[endgroup]
2026-10-07T04:15:06.0464865Z ##[group]Determining the checkout info
2026-10-07T04:15:06.0465400Z ##[endgroup]
2026-10-07T04:15:06.0466913Z [command]/usr/bin/git sparse-checkout disable
2026-10-07T04:15:06.0526466Z [command]/usr/bin/git config --local --unset-all extensions.worktreeConfig
2026-10-07T04:15:06.0555027Z ##[group]Checking out the ref
2026-10-07T04:15:06.0557991Z [command]/usr/bin/git checkout --progress --force -B milestone/m12-go-cargo-terraform refs/remotes/origin/milestone/m12-go-cargo-terraform
2026-10-07T04:15:06.1506254Z Switched to a new branch 'milestone/m12-go-cargo-terraform'
2026-10-07T04:15:06.1510054Z branch 'milestone/m12-go-cargo-terraform' set up to track 'origin/milestone/m12-go-cargo-terraform'.
2026-10-07T04:15:06.1520203Z ##[endgroup]
2026-10-07T04:15:06.1562949Z [command]/usr/bin/git log -1 --format=%H
2026-10-07T04:15:06.1587652Z d328756f0087624093808215d1fbedd47767ef58
2026-10-07T04:15:06.1594976Z ##[group]Removing auth
2026-10-07T04:15:06.1595274Z Removing SSH command configuration
2026-10-07T04:15:06.1597898Z [command]/usr/bin/git config --local --name-only --get-regexp core\.sshCommand
2026-10-07T04:15:06.1627916Z [command]/usr/bin/git submodule foreach --recursive sh -c "git config --local --name-only --get-regexp 'core\.sshCommand' && git config --local --unset-all 'core.sshCommand' || :"
2026-10-07T04:15:06.1825312Z Removing HTTP extra header
2026-10-07T04:15:06.1828410Z [command]/usr/bin/git config --local --name-only --get-regexp http\.https\:\/\/github\.com\/\.extraheader
2026-10-07T04:15:06.1856724Z [command]/usr/bin/git submodule foreach --recursive sh -c "git config --local --name-only --get-regexp 'http\.https\:\/\/github\.com\/\.extraheader' && git config --local --unset-all 'http.https://github.com/.extraheader' || :"
2026-10-07T04:15:06.2045770Z Removing includeIf entries pointing to credentials config files
2026-10-07T04:15:06.2048080Z [command]/usr/bin/git config --local --name-only --get-regexp ^includeIf\.gitdir:
2026-10-07T04:15:06.2075392Z includeif.gitdir:/home/runner/work/heliopause/heliopause/.git.path
2026-10-07T04:15:06.2076151Z includeif.gitdir:/home/runner/work/heliopause/heliopause/.git/worktrees/*.path
2026-10-07T04:15:06.2076648Z includeif.gitdir:/github/workspace/.git.path
2026-10-07T04:15:06.2077078Z includeif.gitdir:/github/workspace/.git/worktrees/*.path
2026-10-07T04:15:06.2082845Z [command]/usr/bin/git config --local --get-all includeif.gitdir:/home/runner/work/heliopause/heliopause/.git.path
2026-10-07T04:15:06.2105143Z /home/runner/work/_temp/git-credentials-1633b757-7e87-49ad-bc7e-e44d3afa1ea5.config
2026-10-07T04:15:06.2112789Z [command]/usr/bin/git config --local --unset includeif.gitdir:/home/runner/work/heliopause/heliopause/.git.path \/home\/runner\/work\/_temp\/git\-credentials\-1633b757\-7e87\-49ad\-bc7e\-e44d3afa1ea5\.config
2026-10-07T04:15:06.2178238Z [command]/usr/bin/git config --local --get-all includeif.gitdir:/home/runner/work/heliopause/heliopause/.git/worktrees/*.path
2026-10-07T04:15:06.2202606Z /home/runner/work/_temp/git-credentials-1633b757-7e87-49ad-bc7e-e44d3afa1ea5.config
2026-10-07T04:15:06.2209005Z [command]/usr/bin/git config --local --unset includeif.gitdir:/home/runner/work/heliopause/heliopause/.git/worktrees/*.path \/home\/runner\/work\/_temp\/git\-credentials\-1633b757\-7e87\-49ad\-bc7e\-e44d3afa1ea5\.config
2026-10-07T04:15:06.2239406Z [command]/usr/bin/git config --local --get-all includeif.gitdir:/github/workspace/.git.path
2026-10-07T04:15:06.2309088Z /github/runner_temp/git-credentials-1633b757-7e87-49ad-bc7e-e44d3afa1ea5.config
2026-10-07T04:15:06.2320909Z [command]/usr/bin/git config --local --unset includeif.gitdir:/github/workspace/.git.path \/github\/runner_temp\/git\-credentials\-1633b757\-7e87\-49ad\-bc7e\-e44d3afa1ea5\.config
2026-10-07T04:15:06.2331964Z [command]/usr/bin/git config --local --get-all includeif.gitdir:/github/workspace/.git/worktrees/*.path
2026-10-07T04:15:06.2354469Z /github/runner_temp/git-credentials-1633b757-7e87-49ad-bc7e-e44d3afa1ea5.config
2026-10-07T04:15:06.2360811Z [command]/usr/bin/git config --local --unset includeif.gitdir:/github/workspace/.git/worktrees/*.path \/github\/runner_temp\/git\-credentials\-1633b757\-7e87\-49ad\-bc7e\-e44d3afa1ea5\.config
2026-10-07T04:15:06.2393040Z [command]/usr/bin/git submodule foreach --recursive git config --local --show-origin --name-only --get-regexp remote.origin.url
2026-10-07T04:15:06.2578895Z Removing credentials config '/home/runner/work/_temp/git-credentials-1633b757-7e87-49ad-bc7e-e44d3afa1ea5.config'
2026-10-07T04:15:06.2589318Z ##[endgroup]
2026-10-07T04:15:06.2786387Z ##[group]Run actions/setup-go@b7ad1dad31e06c5925ef5d2fc7ad053ef454303e
2026-10-07T04:15:06.2786751Z with:
2026-10-07T04:15:06.2786957Z   go-version: 1.26.8
2026-10-07T04:15:06.2787188Z   check-latest: false
2026-10-07T04:15:06.2787405Z   cache: false
2026-10-07T04:15:06.2789703Z   token: ***
2026-10-07T04:15:06.2789911Z env:
2026-10-07T04:15:06.2790109Z   GOTOOLCHAIN: local
2026-10-07T04:15:06.2790326Z ##[endgroup]
2026-10-07T04:15:06.3691208Z Setup go version spec 1.26.8
2026-10-07T04:15:06.3703488Z Found in cache @ /opt/hostedtoolcache/go/1.26.8/x64
2026-10-07T04:15:06.3704305Z Added go to the path
2026-10-07T04:15:06.3706406Z Successfully set up Go version 1.26.8
2026-10-07T04:15:08.2443923Z go version go1.26.8 linux/amd64
2026-10-07T04:15:08.2444126Z 
2026-10-07T04:15:08.2444384Z ##[group]go env
2026-10-07T04:15:08.3998328Z AR='ar'
2026-10-07T04:15:08.3998656Z CC='gcc'
2026-10-07T04:15:08.3998920Z CGO_CFLAGS='-O2 -g'
2026-10-07T04:15:08.3999185Z CGO_CPPFLAGS=''
2026-10-07T04:15:08.3999453Z CGO_CXXFLAGS='-O2 -g'
2026-10-07T04:15:08.3999644Z CGO_ENABLED='1'
2026-10-07T04:15:08.3999831Z CGO_FFLAGS='-O2 -g'
2026-10-07T04:15:08.4000004Z CGO_LDFLAGS='-O2 -g'
2026-10-07T04:15:08.4062559Z CXX='g++'
2026-10-07T04:15:08.4062920Z GCCGO='gccgo'
2026-10-07T04:15:08.4063210Z GO111MODULE=''
2026-10-07T04:15:08.4063517Z GOAMD64='v1'
2026-10-07T04:15:08.4063817Z GOARCH='amd64'
2026-10-07T04:15:08.4064084Z GOAUTH='netrc'
2026-10-07T04:15:08.4064358Z GOBIN=''
2026-10-07T04:15:08.4064650Z GOCACHE='/home/runner/.cache/go-build'
2026-10-07T04:15:08.4065007Z GOCACHEPROG=''
2026-10-07T04:15:08.4065258Z GODEBUG=''
2026-10-07T04:15:08.4065526Z GOENV='/home/runner/.config/go/env'
2026-10-07T04:15:08.4065880Z GOEXE=''
2026-10-07T04:15:08.4066120Z GOEXPERIMENT=''
2026-10-07T04:15:08.4066398Z GOFIPS140='off'
2026-10-07T04:15:08.4066659Z GOFLAGS=''
2026-10-07T04:15:08.4067527Z GOGCCFLAGS='-fPIC -m64 -pthread -Wl,--no-gc-sections -fmessage-length=0 -ffile-prefix-map=/tmp/go-build2085309127=/tmp/go-build -gno-record-gcc-switches'
2026-10-07T04:15:08.4068537Z GOHOSTARCH='amd64'
2026-10-07T04:15:08.4068815Z GOHOSTOS='linux'
2026-10-07T04:15:08.4069074Z GOINSECURE=''
2026-10-07T04:15:08.4069437Z GOMOD='/home/runner/work/heliopause/heliopause/go.mod'
2026-10-07T04:15:08.4069803Z GOMODCACHE='/home/runner/go/pkg/mod'
2026-10-07T04:15:08.4070024Z GONOPROXY=''
2026-10-07T04:15:08.4070188Z GONOSUMDB=''
2026-10-07T04:15:08.4070338Z GOOS='linux'
2026-10-07T04:15:08.4070503Z GOPATH='/home/runner/go'
2026-10-07T04:15:08.4070685Z GOPRIVATE=''
2026-10-07T04:15:08.4070909Z GOPROXY='https://proxy.golang.org,direct'
2026-10-07T04:15:08.4071206Z GOROOT='/opt/hostedtoolcache/go/1.26.8/x64'
2026-10-07T04:15:08.4071460Z GOSUMDB='sum.golang.org'
2026-10-07T04:15:08.4071649Z GOTELEMETRY='local'
2026-10-07T04:15:08.4071863Z GOTELEMETRYDIR='/home/runner/.config/go/telemetry'
2026-10-07T04:15:08.4072303Z GOTMPDIR=''
2026-10-07T04:15:08.4072472Z GOTOOLCHAIN='local'
2026-10-07T04:15:08.4072734Z GOTOOLDIR='/opt/hostedtoolcache/go/1.26.8/x64/pkg/tool/linux_amd64'
2026-10-07T04:15:08.4073013Z GOVCS=''
2026-10-07T04:15:08.4073182Z GOVERSION='go1.26.8'
2026-10-07T04:15:08.4073357Z GOWORK=''
2026-10-07T04:15:08.4073535Z PKG_CONFIG='pkg-config'
2026-10-07T04:15:08.4073657Z 
2026-10-07T04:15:08.4073981Z ##[endgroup]
2026-10-07T04:15:08.4139497Z ##[group]Run set -eu
2026-10-07T04:15:08.4140056Z [36;1mset -eu[0m
2026-10-07T04:15:08.4140276Z [36;1mruntime_lock=scripts/runtimes.lock.json[0m
2026-10-07T04:15:08.4140541Z [36;1mtest -f "$runtime_lock"[0m
2026-10-07T04:15:08.4140913Z [36;1mdocker_package_version="$(jq -er '.docker.ci_ubuntu_24_04_amd64.docker_ce_package' "$runtime_lock")"[0m
2026-10-07T04:15:08.4141462Z [36;1mcontainerd_package_version="$(jq -er '.docker.ci_ubuntu_24_04_amd64.containerd_package' "$runtime_lock")"[0m
2026-10-07T04:15:08.4141967Z [36;1mdocker_engine_version="$(jq -er '.docker.ci_engine_version' "$runtime_lock")"[0m
2026-10-07T04:15:08.4142367Z [36;1mnode_image="$(jq -er '.node_image.reference' "$runtime_lock")"[0m
2026-10-07T04:15:08.4142719Z [36;1mpython_image="$(jq -er '.python_image.reference' "$runtime_lock")"[0m
2026-10-07T04:15:08.4143060Z [36;1mgo_image="$(jq -er '.go_image.reference' "$runtime_lock")"[0m
2026-10-07T04:15:08.4143404Z [36;1mrust_image="$(jq -er '.rust_image.reference' "$runtime_lock")"[0m
2026-10-07T04:15:08.4143684Z [36;1mconflicting_packages=()[0m
2026-10-07T04:15:08.4144120Z [36;1mfor package in docker.io docker-compose docker-compose-v2 docker-doc podman-docker containerd runc moby-engine moby-cli; do[0m
2026-10-07T04:15:08.4144668Z [36;1m  if dpkg-query -W -f='${db:Status-Abbrev}' "$package" 2>/dev/null | grep -q '^ii'; then[0m
2026-10-07T04:15:08.4145020Z [36;1m    conflicting_packages+=("$package")[0m
2026-10-07T04:15:08.4145247Z [36;1m  fi[0m
2026-10-07T04:15:08.4145424Z [36;1mdone[0m
2026-10-07T04:15:08.4145634Z [36;1mif ((${#conflicting_packages[@]})); then[0m
2026-10-07T04:15:08.4145918Z [36;1m  sudo apt-get remove -y "${conflicting_packages[@]}"[0m
2026-10-07T04:15:08.4146164Z [36;1mfi[0m
2026-10-07T04:15:08.4146350Z [36;1msudo install -m 0755 -d /etc/apt/keyrings[0m
2026-10-07T04:15:08.4146883Z [36;1mcurl --fail --location --silent --show-error https://download.docker.com/linux/ubuntu/gpg | sudo tee /etc/apt/keyrings/docker.asc >/dev/null[0m
2026-10-07T04:15:08.4147392Z [36;1msudo chmod a+r /etc/apt/keyrings/docker.asc[0m
2026-10-07T04:15:08.4147629Z [36;1mprintf '%s\n' \[0m
2026-10-07T04:15:08.4147817Z [36;1m  'Types: deb' \[0m
2026-10-07T04:15:08.4148059Z [36;1m  'URIs: https://download.docker.com/linux/ubuntu' \[0m
2026-10-07T04:15:08.4148560Z [36;1m  'Suites: noble' \[0m
2026-10-07T04:15:08.4148767Z [36;1m  'Components: stable' \[0m
2026-10-07T04:15:08.4148977Z [36;1m  'Architectures: amd64' \[0m
2026-10-07T04:15:08.4149352Z [36;1m  'Signed-By: /etc/apt/keyrings/docker.asc' | sudo tee /etc/apt/sources.list.d/docker.sources >/dev/null[0m
2026-10-07T04:15:08.4149740Z [36;1msudo apt-get update[0m
2026-10-07T04:15:08.4150036Z [36;1msudo apt-get install -y --allow-downgrades --no-install-recommends \[0m
2026-10-07T04:15:08.4150359Z [36;1m  "docker-ce=$docker_package_version" \[0m
2026-10-07T04:15:08.4150617Z [36;1m  "docker-ce-cli=$docker_package_version" \[0m
2026-10-07T04:15:08.4150891Z [36;1m  "containerd.io=$containerd_package_version" \[0m
2026-10-07T04:15:08.4151149Z [36;1m  binutils-aarch64-linux-gnu \[0m
2026-10-07T04:15:08.4151371Z [36;1m  gcc-aarch64-linux-gnu \[0m
2026-10-07T04:15:08.4151574Z [36;1m  g++-aarch64-linux-gnu \[0m
2026-10-07T04:15:08.4151774Z [36;1m  libbpf-dev \[0m
2026-10-07T04:15:08.4151954Z [36;1m  libc6-dev-i386 \[0m
2026-10-07T04:15:08.4152148Z [36;1m  libc6-dev-arm64-cross[0m
2026-10-07T04:15:08.4152369Z [36;1mtest -f /usr/include/bpf/bpf_helpers.h[0m
2026-10-07T04:15:08.4152646Z [36;1mtest -f /usr/include/x86_64-linux-gnu/gnu/stubs-32.h[0m
2026-10-07T04:15:08.4153084Z [36;1mcommand -v clang >/dev/null[0m
2026-10-07T04:15:08.4153308Z [36;1mfor tool in gcc g++ as ld objcopy; do[0m
2026-10-07T04:15:08.4153572Z [36;1m  command -v "aarch64-linux-gnu-$tool" >/dev/null[0m
2026-10-07T04:15:08.4153811Z [36;1mdone[0m
2026-10-07T04:15:08.4154043Z [36;1mtest -x "$(aarch64-linux-gnu-g++ -print-prog-name=cc1plus)"[0m
2026-10-07T04:15:08.4154451Z [36;1mfor header in \[0m
2026-10-07T04:15:08.4154639Z [36;1m  asm/sigcontext.h \[0m
2026-10-07T04:15:08.4154831Z [36;1m  asm/unistd.h \[0m
2026-10-07T04:15:08.4155012Z [36;1m  errno.h \[0m
2026-10-07T04:15:08.4155185Z [36;1m  linux/audit.h \[0m
2026-10-07T04:15:08.4155366Z [36;1m  linux/futex.h \[0m
2026-10-07T04:15:08.4155544Z [36;1m  linux/unistd.h \[0m
2026-10-07T04:15:08.4155725Z [36;1m  signal.h \[0m
2026-10-07T04:15:08.4155892Z [36;1m  stdint.h \[0m
2026-10-07T04:15:08.4156063Z [36;1m  stdlib.h \[0m
2026-10-07T04:15:08.4156231Z [36;1m  sys/prctl.h \[0m
2026-10-07T04:15:08.4156408Z [36;1m  sys/types.h \[0m
2026-10-07T04:15:08.4156588Z [36;1m  sys/ucontext.h \[0m
2026-10-07T04:15:08.4156770Z [36;1m  sys/user.h; do[0m
2026-10-07T04:15:08.4156985Z [36;1m  test -f "/usr/aarch64-linux-gnu/include/$header"[0m
2026-10-07T04:15:08.4157223Z [36;1mdone[0m
2026-10-07T04:15:08.4157483Z [36;1maarch64_gcc_include="$(aarch64-linux-gnu-gcc -print-file-name=include)"[0m
2026-10-07T04:15:08.4157825Z [36;1mtest -f "$aarch64_gcc_include/stdbool.h"[0m
2026-10-07T04:15:08.4158087Z [36;1mtest -f "$aarch64_gcc_include/stddef.h"[0m
2026-10-07T04:15:08.4158634Z [36;1mtest "$(docker version --format '{{.Server.Version}}')" = "$docker_engine_version"[0m
2026-10-07T04:15:08.4159040Z [36;1mscripts/build-gvisor-runtime-bundle.sh "$RUNNER_TEMP/gvisor"[0m
2026-10-07T04:15:08.4159405Z [36;1msudo install -d -m 0755 /usr/libexec/heliopause/gvisor/gvisor-bin[0m
2026-10-07T04:15:08.4159831Z [36;1mjq -er '.gvisor.runtime_bundle.members[].path' "$runtime_lock" | while IFS= read -r member; do[0m
2026-10-07T04:15:08.4160321Z [36;1m  sudo install -m 0755 "$RUNNER_TEMP/gvisor/$member" "/usr/libexec/heliopause/gvisor/$member"[0m
2026-10-07T04:15:08.4160668Z [36;1mdone[0m
2026-10-07T04:15:08.4161088Z [36;1msudo install -m 0644 "$RUNNER_TEMP/gvisor/gvisor-bundle.manifest.json" /usr/libexec/heliopause/gvisor/gvisor-bundle.manifest.json[0m
2026-10-07T04:15:08.4161667Z [36;1mtest "$(jq -er '.members | length' "$RUNNER_TEMP/gvisor/gvisor-bundle.manifest.json")" = 6[0m
2026-10-07T04:15:08.4162021Z [36;1mwhile IFS=' ' read -r member sha512; do[0m
2026-10-07T04:15:08.4162398Z [36;1m  test "$(sudo sha512sum "/usr/libexec/heliopause/gvisor/$member" | awk '{print $1}')" = "$sha512"[0m
2026-10-07T04:15:08.4162743Z [36;1mdone <<EOF[0m
2026-10-07T04:15:08.4163035Z [36;1m$(jq -er '.members[] | "\(.path) \(.sha512)"' "$RUNNER_TEMP/gvisor/gvisor-bundle.manifest.json")[0m
2026-10-07T04:15:08.4163353Z [36;1mEOF[0m
2026-10-07T04:15:08.4163610Z [36;1msudo install -d -m 0700 -o "$USER" -g "$(id -gn)" /run/heliopause-observer[0m
2026-10-07T04:15:08.4163932Z [36;1msudo install -d -m 0755 /etc/heliopause[0m
2026-10-07T04:15:08.4164289Z [36;1msudo install -m 0600 tools/gvisor-observer/pod-init.json /etc/heliopause/pod-init.json[0m
2026-10-07T04:15:08.4165083Z [36;1msudo /usr/libexec/heliopause/gvisor/runsc install --download-sidecars=NEVER --require-sidecars=ALWAYS --runtime=runsc-trace -- --sidecar-usage-policy=STRICT --pod-init-config=/etc/heliopause/pod-init.json[0m
2026-10-07T04:15:08.4166342Z [36;1msudo python3 -c 'import json; from pathlib import Path; path = Path("/etc/docker/daemon.json"); config = json.loads(path.read_text()) if path.exists() else {}; config.update({"firewall-backend": "iptables", "iptables": True, "ip6tables": False}); path.write_text(json.dumps(config, sort_keys=True) + "\n")'[0m
2026-10-07T04:15:08.4167420Z [36;1msudo systemctl restart docker || { sudo systemctl status docker --no-pager || true; sudo journalctl -u docker --no-pager -n 100 || true; exit 1; }[0m
2026-10-07T04:15:08.4167896Z [36;1msudo iptables -S DOCKER-USER[0m
2026-10-07T04:15:08.4168400Z [36;1mdocker pull "$node_image"[0m
2026-10-07T04:15:08.4168616Z [36;1mdocker pull "$python_image"[0m
2026-10-07T04:15:08.4168828Z [36;1mdocker pull "$go_image"[0m
2026-10-07T04:15:08.4169031Z [36;1mdocker pull "$rust_image"[0m
2026-10-07T04:15:08.4169349Z [36;1mscripts/build-gvisor-observer-release.sh "$RUNNER_TEMP/haa_gvisor_observer"[0m
2026-10-07T04:15:08.4169947Z [36;1msudo install -m 0755 "$RUNNER_TEMP/haa_gvisor_observer" /usr/libexec/heliopause/haa_gvisor_observer[0m
2026-10-07T04:15:08.4170316Z [36;1m[0m
2026-10-07T04:15:08.4170508Z [36;1msource scripts/ci-integration-cleanup.sh[0m
2026-10-07T04:15:08.4170751Z [36;1mhaa_ci_initialize[0m
2026-10-07T04:15:08.4170974Z [36;1mecho 'Building helox for gVisor integration'[0m
2026-10-07T04:15:08.4171263Z [36;1mgo build -trimpath -o "$RUNNER_TEMP/helox" ./cmd/helox[0m
2026-10-07T04:15:08.4171594Z [36;1mecho 'Building network-policy helper for gVisor integration'[0m
2026-10-07T04:15:08.4172031Z [36;1mgo build -trimpath -o "$RUNNER_TEMP/haa-network-policy-helper" ./cmd/haa-network-policy-helper[0m
2026-10-07T04:15:08.4172500Z [36;1mecho 'Installing network-policy helper and preparing its identity contract'[0m
2026-10-07T04:15:08.4172903Z [36;1msudo install -m 0755 "$RUNNER_TEMP/helox" /usr/libexec/heliopause/helox[0m
2026-10-07T04:15:08.4173394Z [36;1msudo install -m 0755 "$RUNNER_TEMP/haa-network-policy-helper" /usr/libexec/heliopause/haa-network-policy-helper[0m
2026-10-07T04:15:08.4173880Z [36;1msudo install -d -m 0755 -o root -g root /run/heliopause-network-policy[0m
2026-10-07T04:15:08.4174615Z [36;1mprintf '{"socket_path":"/run/heliopause-network-policy/helper.sock","client_path":"/usr/libexec/heliopause/helox","client_uid":%s,"client_gid":%s}\n' "$(id -u)" "$(id -g)" | sudo tee /etc/heliopause/network-policy.json >/dev/null[0m
2026-10-07T04:15:08.4175339Z [36;1m# The ordinary client must read the root-owned, non-writable public[0m
2026-10-07T04:15:08.4175700Z [36;1m# identity contract; it contains no credential or secret.[0m
2026-10-07T04:15:08.4176019Z [36;1msudo chmod 0644 /etc/heliopause/network-policy.json[0m
2026-10-07T04:15:08.4176283Z [36;1mhaa_start_policy_helper[0m
2026-10-07T04:15:08.4176521Z [36;1m/usr/libexec/heliopause/gvisor/runsc --version[0m
2026-10-07T04:15:08.4176795Z [36;1mdocker version --format '{{.Server.Version}}'[0m
2026-10-07T04:15:08.4177105Z [36;1mdocker info --format '{{json (index .Runtimes "runsc-trace")}}'[0m
2026-10-07T04:15:08.4177483Z [36;1mgo test -run='^$' -fuzz=FuzzDecodeHelperRecord -fuzztime=2s ./internal/sandbox[0m
2026-10-07T04:15:08.4178018Z [36;1mHELOX_HOSTTOOL_INTEGRATION=1 go test -v -timeout=2m ./internal/hosttool -run TestLinuxTrustedHostExecutorIntegration[0m
2026-10-07T04:15:08.4178908Z [36;1mHELOX_GVISOR_INTEGRATION=1 go test -timeout=5m ./internal/sandbox -run TestLinuxGVisorLifecycleIntegration[0m
2026-10-07T04:15:08.4179525Z [36;1mHELOX_GITHUB_RELEASE_INTEGRATION=1 go test -timeout=5m ./internal/sandbox -run TestLinuxGitHubReleaseELFDynamicIntegration[0m
2026-10-07T04:15:08.4180063Z [36;1m# The typed-helper ordinary-user path is exercised for both npm and pip.[0m
2026-10-07T04:15:08.4180456Z [36;1m# npm installs is-number@7.0.0 with complete ALLOW inspection and atomic[0m
2026-10-07T04:15:08.4180757Z [36;1m# offline promotion (exit 0).[0m
2026-10-07T04:15:08.4181071Z [36;1m# pip installs packaging@25.0 into an initialized Python 3.14 venv fixture,[0m
2026-10-07T04:15:08.4181468Z [36;1m# proving complete ALLOW inspection and atomic offline promotion (exit 0).[0m
2026-10-07T04:15:08.4181787Z [36;1mmkdir -p "$RUNNER_TEMP/pypi-target"[0m
2026-10-07T04:15:08.4182073Z [36;1mdocker run --rm --network none --user "$(id -u):$(id -g)" \[0m
2026-10-07T04:15:08.4182367Z [36;1m  -v "$RUNNER_TEMP/pypi-target:/target" \[0m
2026-10-07T04:15:08.4182649Z [36;1m  "$python_image" python -m venv --without-pip /target[0m
2026-10-07T04:15:08.4182892Z [36;1mset +e[0m
2026-10-07T04:15:08.4183203Z [36;1m/usr/libexec/heliopause/helox npm install is-number@7.0.0 --target "$RUNNER_TEMP/npm-target"[0m
2026-10-07T04:15:08.4183680Z [36;1mnpm_status=$?[0m
2026-10-07T04:15:08.4184008Z [36;1m/usr/libexec/heliopause/helox pip install packaging@25.0 --target "$RUNNER_TEMP/pypi-target"[0m
2026-10-07T04:15:08.4184357Z [36;1mpypi_status=$?[0m
2026-10-07T04:15:08.4184532Z [36;1mset -e[0m
2026-10-07T04:15:08.4184791Z [36;1mtest "$npm_status" = 0[0m
2026-10-07T04:15:08.4185082Z [36;1mtest -f "$RUNNER_TEMP/npm-target/node_modules/is-number/package.json"[0m
2026-10-07T04:15:08.4185424Z [36;1mjq -e '.name == "is-number" and .version == "7.0.0"' \[0m
2026-10-07T04:15:08.4185764Z [36;1m  "$RUNNER_TEMP/npm-target/node_modules/is-number/package.json" >/dev/null[0m
2026-10-07T04:15:08.4186079Z [36;1mtest "$pypi_status" = 0[0m
2026-10-07T04:15:08.4186376Z [36;1mtest -d "$RUNNER_TEMP/pypi-target/lib/python3.14/site-packages/packaging"[0m
2026-10-07T04:15:08.4187021Z [36;1mHELOX_RUN_TERRAFORM_SOURCE_INTEGRATION=1 go test -v -timeout=3m ./internal/verification/terraformprovider -run '^TestPublicTerraformProviderSourceIntegration$'[0m
2026-10-07T04:15:08.4187636Z [36;1mgo test -c -o "$RUNNER_TEMP/helox-sandbox-test" ./internal/sandbox[0m
2026-10-07T04:15:08.4187977Z [36;1mhaa_install_ci_client "$RUNNER_TEMP/helox-sandbox-test"[0m
2026-10-07T04:15:08.4188364Z [36;1mhaa_start_policy_helper[0m
2026-10-07T04:15:08.4188807Z [36;1mHELOX_PYTORCH_RESOLVER_INTEGRATION=1 /usr/libexec/heliopause/helox -test.v -test.run '^TestLinuxPyTorchResolverIntegration$'[0m
2026-10-07T04:15:08.4189831Z [36;1mHELOX_GO_RESOLVER_INTEGRATION=1 HELOX_GO_RESOLVER_PROJECT_INTEGRATION=1 /usr/libexec/heliopause/helox -test.v -test.timeout=5m -test.run '^TestLinuxGo(IsolatedResolver|IsolatedProjectResolver|SourceProjectSnapshot|DependencyFreeProjectSnapshot)Integration$'[0m
2026-10-07T04:15:08.4190716Z [36;1m# A compiled test binary keeps the caller's cwd; match go test's package cwd.[0m
2026-10-07T04:15:08.4191033Z [36;1m([0m
2026-10-07T04:15:08.4191202Z [36;1m  cd internal/sandbox[0m
2026-10-07T04:15:08.4191691Z [36;1m  HELOX_CARGO_RESOLVER_INTEGRATION=1 /usr/libexec/heliopause/helox -test.v -test.timeout=5m -test.run '^TestLinuxCargoSourceProjectSnapshotIntegration$'[0m
2026-10-07T04:15:08.4192186Z [36;1m)[0m
2026-10-07T04:15:08.4192654Z [36;1mHELOX_TERRAFORM_PROVIDER_INTEGRATION=1 /usr/libexec/heliopause/helox -test.v -test.timeout=5m -test.run '^TestLinuxTerraformProvider(Probe|Security)Integration$'[0m
2026-10-07T04:15:08.4193260Z [36;1mgo test -c -o "$RUNNER_TEMP/helox-bootstrap-test" ./internal/bootstrap[0m
2026-10-07T04:15:08.4193622Z [36;1mhaa_install_ci_client "$RUNNER_TEMP/helox-bootstrap-test"[0m
2026-10-07T04:15:08.4193913Z [36;1mhaa_start_policy_helper[0m
2026-10-07T04:15:08.4194372Z [36;1mHELOX_NPM_INSPECT_INTEGRATION=1 /usr/libexec/heliopause/helox -test.v -test.timeout=5m -test.run '^TestLinuxNPMInspectCLIIntegration$'[0m
2026-10-07T04:15:08.4195300Z [36;1mHELOX_GO_RESOLVER_INTEGRATION=1 HELOX_GO_RESOLVER_PROJECT_INTEGRATION=1 /usr/libexec/heliopause/helox -test.v -test.timeout=10m -test.run '^TestLinuxGo(GetDownload|TransitiveGetDownload|DependencyFreeDownload)Integration$'[0m
2026-10-07T04:15:08.4196676Z [36;1mHELOX_GO_BUILD_CLI_INTEGRATION=1 /usr/libexec/heliopause/helox -test.v -test.timeout=15m -test.run '^TestLinuxGo(DependencyFreeBuildCLI|PublicBuildCLI|TransitiveBuildCLI|InvalidTestdataBuildCLI|CgoBuildCLI|LibraryBuildCLI|MixedPackagesBuildCLI|MixedInvalidPackageBuildCLI|BuildSecurityCLI)Integration$'[0m
2026-10-07T04:15:08.4197938Z [36;1mHELOX_CARGO_RESOLVER_INTEGRATION=1 HELOX_CARGO_ADD_INTEGRATION=1 /usr/libexec/heliopause/helox -test.v -test.timeout=10m -test.run '^TestLinuxCargo(Add|TransitiveAdd)Integration$'[0m
2026-10-07T04:15:08.4199146Z [36;1mHELOX_CARGO_RESOLVER_INTEGRATION=1 HELOX_CARGO_BUILD_CLI_INTEGRATION=1 /usr/libexec/heliopause/helox -test.v -test.timeout=15m -test.run '^TestLinuxCargo.*Build.*CLIIntegration$|^TestLinuxCargoProcMacroSecurityCLIIntegration$'[0m
2026-10-07T04:15:08.4200277Z [36;1mHELOX_TERRAFORM_INIT_INTEGRATION=1 /usr/libexec/heliopause/helox -test.v -test.timeout=10m -test.run '^TestLinuxTerraformInit(Integration|NegativeIntegration)$'[0m
2026-10-07T04:15:08.4200806Z [36;1mselected_cuda_profiles=0[0m
2026-10-07T04:15:08.4201127Z [36;1mif [ "true" = true ]; then selected_cuda_profiles=$((selected_cuda_profiles + 1)); fi[0m
2026-10-07T04:15:08.4201631Z [36;1mif [ "false" = true ]; then selected_cuda_profiles=$((selected_cuda_profiles + 1)); fi[0m
2026-10-07T04:15:08.4202065Z [36;1mif [ "false" = true ]; then selected_cuda_profiles=$((selected_cuda_profiles + 1)); fi[0m
2026-10-07T04:15:08.4202407Z [36;1mif [ "$selected_cuda_profiles" -gt 1 ]; then[0m
2026-10-07T04:15:08.4202713Z [36;1m  echo "select at most one CUDA PyTorch qualification profile" >&2[0m
2026-10-07T04:15:08.4202990Z [36;1m  exit 1[0m
2026-10-07T04:15:08.4203147Z [36;1mfi[0m
2026-10-07T04:15:08.4203328Z [36;1mif [ "$selected_cuda_profiles" -gt 0 ]; then[0m
2026-10-07T04:15:08.4203611Z [36;1m  go run ./scripts/check qualification-freshness[0m
2026-10-07T04:15:08.4203844Z [36;1mfi[0m
2026-10-07T04:15:08.4204125Z [36;1m# Explicit qualification inputs only; never infer dependencies from artifact output.[0m
2026-10-07T04:15:08.4204982Z [36;1mHELOX_PYTORCH_INSPECTION_PREREQUISITE='' HELOX_PYTORCH_NOT_ATTESTED_MODULE='' HELOX_PYTORCH_FULL_INTEGRATION=1 HELOX_PYTORCH_PROFILE=cpu /usr/libexec/heliopause/helox -test.v -test.timeout=15m -test.run '^TestLinuxPyTorchFullIntegration$'[0m
2026-10-07T04:15:08.4205700Z [36;1mif [ "true" = true ]; then[0m
2026-10-07T04:15:08.4207305Z [36;1m  HELOX_PYTORCH_INSPECTION_PREREQUISITE='{"target_sha256":"94e4f9bd6b9b21aad545e0d441707094e4ff88ab420d62b85fcdc8b6da1e039f","source":"pypi","project":"numpy","version":"2.4.6","filename":"numpy-2.4.6-cp314-cp314-manylinux_2_27_x86_64.manylinux_2_28_x86_64.whl","sha256":"a2c306dea656c12c68f51f4cea133cbe78ca7435eb28c735eac1d3ebe73be6e8","reason":"BROADER_MODULE_PROBES"}' HELOX_PYTORCH_NOT_ATTESTED_MODULE='triton.profiler.viewer' HELOX_PYTORCH_FULL_INTEGRATION=1 HELOX_PYTORCH_PROFILE=cu126 /usr/libexec/heliopause/helox -test.v -test.timeout=40m -test.run '^TestLinuxPyTorchFullIntegration$'[0m
2026-10-07T04:15:08.4209054Z [36;1mfi[0m
2026-10-07T04:15:08.4209226Z [36;1mif [ "false" = true ]; then[0m
2026-10-07T04:15:08.4210785Z [36;1m  HELOX_PYTORCH_INSPECTION_PREREQUISITE='{"target_sha256":"bbacde6f75665b197016b986164cfdaa33b17515e5e635a63ddb75926aaa71c3","source":"pypi","project":"numpy","version":"2.4.6","filename":"numpy-2.4.6-cp314-cp314-manylinux_2_27_x86_64.manylinux_2_28_x86_64.whl","sha256":"a2c306dea656c12c68f51f4cea133cbe78ca7435eb28c735eac1d3ebe73be6e8","reason":"BROADER_MODULE_PROBES"}' HELOX_PYTORCH_NOT_ATTESTED_MODULE='triton.profiler.viewer' HELOX_PYTORCH_FULL_INTEGRATION=1 HELOX_PYTORCH_PROFILE=cu130 /usr/libexec/heliopause/helox -test.v -test.timeout=40m -test.run '^TestLinuxPyTorchFullIntegration$'[0m
2026-10-07T04:15:08.4212334Z [36;1mfi[0m
2026-10-07T04:15:08.4212513Z [36;1mif [ "false" = true ]; then[0m
2026-10-07T04:15:08.4214049Z [36;1m  HELOX_PYTORCH_INSPECTION_PREREQUISITE='{"target_sha256":"bbacde6f75665b197016b986164cfdaa33b17515e5e635a63ddb75926aaa71c3","source":"pypi","project":"numpy","version":"2.4.6","filename":"numpy-2.4.6-cp314-cp314-manylinux_2_27_x86_64.manylinux_2_28_x86_64.whl","sha256":"a2c306dea656c12c68f51f4cea133cbe78ca7435eb28c735eac1d3ebe73be6e8","reason":"BROADER_MODULE_PROBES"}' HELOX_PYTORCH_NOT_ATTESTED_MODULE='triton.profiler.viewer' HELOX_PYTORCH_FULL_INTEGRATION=1 HELOX_PYTORCH_PROFILE=cu132 /usr/libexec/heliopause/helox -test.v -test.timeout=40m -test.run '^TestLinuxPyTorchFullIntegration$'[0m
2026-10-07T04:15:08.4216207Z [36;1mfi[0m
2026-10-07T04:15:08.4216501Z [36;1mhaa_install_ci_client "$RUNNER_TEMP/helox-sandbox-test"[0m
2026-10-07T04:15:08.4216878Z [36;1mhaa_start_policy_helper[0m
2026-10-07T04:15:08.4217563Z [36;1mHELOX_PYPI_DYNAMIC_INTEGRATION=1 /usr/libexec/heliopause/helox -test.v -test.timeout=5m -test.run '^TestLinuxPyPI(WheelDynamic|SdistBuild)Integration$'[0m
2026-10-07T04:15:08.4218914Z [36;1m# Restore the production client before leaving the integration step.[0m
2026-10-07T04:15:08.4219413Z [36;1mhaa_install_ci_client "$RUNNER_TEMP/helox"[0m
2026-10-07T04:15:08.4219776Z [36;1mhaa_start_policy_helper[0m
2026-10-07T04:15:08.4220576Z [36;1mHELOX_PROMOTION_INTEGRATION=1 go test -v -timeout=5m ./internal/promotion -run TestLinuxNPMPromotionIntegration[0m
2026-10-07T04:15:08.4221646Z [36;1mHELOX_PYPI_PROMOTION_INTEGRATION=1 go test -v -timeout=5m ./internal/promotion -run TestLinuxPyPIPromotionIntegration[0m
2026-10-07T04:15:08.4225181Z shell: /bin/bash --noprofile --norc -e -u -o pipefail {0}
2026-10-07T04:15:08.4225609Z env:
2026-10-07T04:15:08.4225856Z   GOTOOLCHAIN: local
2026-10-07T04:15:08.4226115Z ##[endgroup]
2026-10-07T04:15:08.7369418Z Get:1 file:/etc/apt/apt-mirrors.txt Mirrorlist [144 B]
2026-10-07T04:15:08.7661588Z Hit:2 http://azure.archive.ubuntu.com/ubuntu noble InRelease
2026-10-07T04:15:08.7673367Z Get:3 http://azure.archive.ubuntu.com/ubuntu noble-updates InRelease [126 kB]
2026-10-07T04:15:08.7729409Z Get:6 https://packages.microsoft.com/ubuntu/24.04/prod noble InRelease [3600 B]
2026-10-07T04:15:08.7750749Z Get:4 http://azure.archive.ubuntu.com/ubuntu noble-backports InRelease [126 kB]
2026-10-07T04:15:08.7780822Z Get:5 http://azure.archive.ubuntu.com/ubuntu noble-security InRelease [126 kB]
2026-10-07T04:15:08.8401141Z Get:7 https://download.docker.com/linux/ubuntu noble InRelease [48.5 kB]
2026-10-07T04:15:08.8735836Z Get:8 http://azure.archive.ubuntu.com/ubuntu noble-updates/main amd64 Packages [1375 kB]
2026-10-07T04:15:08.8864194Z Get:9 http://azure.archive.ubuntu.com/ubuntu noble-updates/main Translation-en [306 kB]
2026-10-07T04:15:08.8882140Z Get:10 http://azure.archive.ubuntu.com/ubuntu noble-updates/main amd64 Components [181 kB]
2026-10-07T04:15:08.8894000Z Get:11 http://azure.archive.ubuntu.com/ubuntu noble-updates/universe amd64 Packages [1701 kB]
2026-10-07T04:15:08.8973754Z Get:12 http://azure.archive.ubuntu.com/ubuntu noble-updates/universe Translation-en [341 kB]
2026-10-07T04:15:08.8992499Z Get:13 http://azure.archive.ubuntu.com/ubuntu noble-updates/universe amd64 Components [388 kB]
2026-10-07T04:15:08.9021630Z Get:14 http://azure.archive.ubuntu.com/ubuntu noble-updates/restricted amd64 Packages [1730 kB]
2026-10-07T04:15:08.9097994Z Get:15 http://azure.archive.ubuntu.com/ubuntu noble-updates/restricted Translation-en [396 kB]
2026-10-07T04:15:08.9137602Z Get:16 http://azure.archive.ubuntu.com/ubuntu noble-updates/multiverse Translation-en [13.3 kB]
2026-10-07T04:15:08.9161473Z Get:18 https://packages.microsoft.com/ubuntu/24.04/prod noble/main armhf Packages [12.6 kB]
2026-10-07T04:15:08.9162428Z Get:17 http://azure.archive.ubuntu.com/ubuntu noble-updates/multiverse amd64 Components [940 B]
2026-10-07T04:15:08.9183568Z Get:19 https://packages.microsoft.com/ubuntu/24.04/prod noble/main arm64 Packages [463 kB]
2026-10-07T04:15:08.9250895Z Get:20 https://packages.microsoft.com/ubuntu/24.04/prod noble/main amd64 Packages [519 kB]
2026-10-07T04:15:09.0017745Z Get:21 http://azure.archive.ubuntu.com/ubuntu noble-backports/main amd64 Components [5752 B]
2026-10-07T04:15:09.0032114Z Get:22 http://azure.archive.ubuntu.com/ubuntu noble-backports/universe amd64 Components [12.6 kB]
2026-10-07T04:15:09.0045870Z Get:23 http://azure.archive.ubuntu.com/ubuntu noble-security/main amd64 Packages [1073 kB]
2026-10-07T04:15:09.0098952Z Get:24 http://azure.archive.ubuntu.com/ubuntu noble-security/main Translation-en [223 kB]
2026-10-07T04:15:09.0122191Z Get:25 http://azure.archive.ubuntu.com/ubuntu noble-security/main amd64 Components [46.4 kB]
2026-10-07T04:15:09.0130718Z Get:26 http://azure.archive.ubuntu.com/ubuntu noble-security/universe amd64 Packages [1218 kB]
2026-10-07T04:15:09.0192643Z Get:27 http://azure.archive.ubuntu.com/ubuntu noble-security/universe Translation-en [245 kB]
2026-10-07T04:15:09.0212405Z Get:28 http://azure.archive.ubuntu.com/ubuntu noble-security/universe amd64 Components [76.3 kB]
2026-10-07T04:15:09.0228432Z Get:29 http://azure.archive.ubuntu.com/ubuntu noble-security/restricted amd64 Packages [1566 kB]
2026-10-07T04:15:09.0304791Z Get:30 http://azure.archive.ubuntu.com/ubuntu noble-security/restricted Translation-en [361 kB]
2026-10-07T04:15:09.0328621Z Get:31 http://azure.archive.ubuntu.com/ubuntu noble-security/multiverse Translation-en [11.6 kB]
2026-10-07T04:15:09.0709827Z Get:32 https://download.docker.com/linux/ubuntu noble/stable amd64 Packages [68.0 kB]
2026-10-07T04:15:16.3765484Z Fetched 12.8 MB in 1s (11.3 MB/s)
2026-10-07T04:15:17.0102642Z Reading package lists...
2026-10-07T04:15:17.0364981Z Reading package lists...
2026-10-07T04:15:17.1972939Z Building dependency tree...
2026-10-07T04:15:17.1979470Z Reading state information...
2026-10-07T04:15:17.3424343Z The following additional packages will be installed:
2026-10-07T04:15:17.3425022Z   cpp-13-aarch64-linux-gnu cpp-aarch64-linux-gnu g++-13-aarch64-linux-gnu
2026-10-07T04:15:17.3425724Z   gcc-13-aarch64-linux-gnu gcc-13-aarch64-linux-gnu-base gcc-13-cross-base
2026-10-07T04:15:17.3426442Z   gcc-14-cross-base libasan8-arm64-cross libatomic1-arm64-cross
2026-10-07T04:15:17.3427148Z   libc6-arm64-cross libelf-dev libgcc-13-dev-arm64-cross libgcc-s1-arm64-cross
2026-10-07T04:15:17.3427800Z   libgomp1-arm64-cross libhwasan0-arm64-cross libitm1-arm64-cross
2026-10-07T04:15:17.3428656Z   liblsan0-arm64-cross libstdc++-13-dev-arm64-cross libstdc++6-arm64-cross
2026-10-07T04:15:17.3431377Z   libtsan2-arm64-cross libubsan1-arm64-cross linux-libc-dev-arm64-cross
2026-10-07T04:15:17.3436189Z Suggested packages:
2026-10-07T04:15:17.3436721Z   binutils-doc gcc-13-locales cpp-13-doc cpp-doc cgroupfs-mount | cgroup-lite
2026-10-07T04:15:17.3437221Z   docker-model-plugin gcc-13-doc manpages-dev gdb-aarch64-linux-gnu gcc-doc
2026-10-07T04:15:17.3437546Z Recommended packages:
2026-10-07T04:15:17.3437868Z   docker-ce-rootless-extras docker-buildx-plugin docker-compose-plugin
2026-10-07T04:15:17.3438366Z   gcc-multilib
2026-10-07T04:15:17.3771078Z The following NEW packages will be installed:
2026-10-07T04:15:17.3771776Z   binutils-aarch64-linux-gnu cpp-13-aarch64-linux-gnu cpp-aarch64-linux-gnu
2026-10-07T04:15:17.3772470Z   g++-13-aarch64-linux-gnu g++-aarch64-linux-gnu gcc-13-aarch64-linux-gnu
2026-10-07T04:15:17.3773100Z   gcc-13-aarch64-linux-gnu-base gcc-13-cross-base gcc-14-cross-base
2026-10-07T04:15:17.3773787Z   gcc-aarch64-linux-gnu libasan8-arm64-cross libatomic1-arm64-cross libbpf-dev
2026-10-07T04:15:17.3774213Z   libc6-arm64-cross libc6-dev-arm64-cross libc6-dev-i386 libelf-dev
2026-10-07T04:15:17.3774631Z   libgcc-13-dev-arm64-cross libgcc-s1-arm64-cross libgomp1-arm64-cross
2026-10-07T04:15:17.3775789Z   libhwasan0-arm64-cross libitm1-arm64-cross liblsan0-arm64-cross
2026-10-07T04:15:17.3776449Z   libstdc++-13-dev-arm64-cross libstdc++6-arm64-cross libtsan2-arm64-cross
2026-10-07T04:15:17.3778879Z   libubsan1-arm64-cross linux-libc-dev-arm64-cross
2026-10-07T04:15:17.3781402Z The following packages will be upgraded:
2026-10-07T04:15:17.3785689Z   docker-ce docker-ce-cli
2026-10-07T04:15:17.3786022Z The following packages will be DOWNGRADED:
2026-10-07T04:15:17.3789758Z   containerd.io
2026-10-07T04:15:17.3971950Z 2 upgraded, 28 newly installed, 1 downgraded, 0 to remove and 29 not upgraded.
2026-10-07T04:15:17.3972506Z Need to get 126 MB of archives.
2026-10-07T04:15:17.3972943Z After this operation, 274 MB of additional disk space will be used.
2026-10-07T04:15:17.3973492Z Get:1 file:/etc/apt/apt-mirrors.txt Mirrorlist [144 B]
2026-10-07T04:15:17.4594013Z Get:2 http://azure.archive.ubuntu.com/ubuntu noble-updates/main amd64 gcc-13-aarch64-linux-gnu-base amd64 13.3.0-6ubuntu2~24.04.1cross1 [51.9 kB]
2026-10-07T04:15:17.4934615Z Get:30 https://download.docker.com/linux/ubuntu noble/stable amd64 docker-ce-cli amd64 5:29.8.1-1~ubuntu.24.04~noble [17.6 MB]
2026-10-07T04:15:17.5078643Z Get:3 http://azure.archive.ubuntu.com/ubuntu noble-updates/main amd64 cpp-13-aarch64-linux-gnu amd64 13.3.0-6ubuntu2~24.04.1cross1 [10.8 MB]
2026-10-07T04:15:17.7210772Z Get:4 http://azure.archive.ubuntu.com/ubuntu noble/main amd64 cpp-aarch64-linux-gnu amd64 4:13.2.0-7ubuntu1 [5332 B]
2026-10-07T04:15:17.7679317Z Get:5 http://azure.archive.ubuntu.com/ubuntu noble-updates/main amd64 binutils-aarch64-linux-gnu amd64 2.42-4ubuntu2.10 [3711 kB]
2026-10-07T04:15:17.7690472Z Get:31 https://download.docker.com/linux/ubuntu noble/stable amd64 containerd.io amd64 2.3.5-1~ubuntu.24.04~noble [22.4 MB]
2026-10-07T04:15:17.8931979Z Get:6 http://azure.archive.ubuntu.com/ubuntu noble-updates/main amd64 gcc-13-cross-base all 13.3.0-6ubuntu2~24.04.1cross1 [46.5 kB]
2026-10-07T04:15:17.9301945Z Get:32 https://download.docker.com/linux/ubuntu noble/stable amd64 docker-ce amd64 5:29.8.1-1~ubuntu.24.04~noble [24.3 MB]
2026-10-07T04:15:17.9400936Z Get:7 http://azure.archive.ubuntu.com/ubuntu noble-updates/main amd64 gcc-14-cross-base all 14.2.0-4ubuntu2~24.04.1cross1 [46.1 kB]
2026-10-07T04:15:17.9874680Z Get:8 http://azure.archive.ubuntu.com/ubuntu noble/main amd64 libc6-arm64-cross all 2.39-0ubuntu8cross1 [1197 kB]
2026-10-07T04:15:18.0593203Z Get:9 http://azure.archive.ubuntu.com/ubuntu noble-updates/main amd64 libgcc-s1-arm64-cross all 14.2.0-4ubuntu2~24.04.1cross1 [61.9 kB]
2026-10-07T04:15:18.1092482Z Get:10 http://azure.archive.ubuntu.com/ubuntu noble-updates/main amd64 libgomp1-arm64-cross all 14.2.0-4ubuntu2~24.04.1cross1 [110 kB]
2026-10-07T04:15:18.2317095Z Get:11 http://azure.archive.ubuntu.com/ubuntu noble-updates/main amd64 libitm1-arm64-cross all 14.2.0-4ubuntu2~24.04.1cross1 [31.1 kB]
2026-10-07T04:15:18.2802391Z Get:12 http://azure.archive.ubuntu.com/ubuntu noble-updates/main amd64 libatomic1-arm64-cross all 14.2.0-4ubuntu2~24.04.1cross1 [11.5 kB]
2026-10-07T04:15:18.3305477Z Get:13 http://azure.archive.ubuntu.com/ubuntu noble-updates/main amd64 libasan8-arm64-cross all 14.2.0-4ubuntu2~24.04.1cross1 [524 kB]
2026-10-07T04:15:18.4008317Z Get:14 http://azure.archive.ubuntu.com/ubuntu noble-updates/main amd64 liblsan0-arm64-cross all 14.2.0-4ubuntu2~24.04.1cross1 [238 kB]
2026-10-07T04:15:18.4610326Z Get:15 http://azure.archive.ubuntu.com/ubuntu noble-updates/main amd64 libtsan2-arm64-cross all 14.2.0-4ubuntu2~24.04.1cross1 [500 kB]
2026-10-07T04:15:18.5207671Z Get:16 http://azure.archive.ubuntu.com/ubuntu noble-updates/main amd64 libstdc++6-arm64-cross all 14.2.0-4ubuntu2~24.04.1cross1 [659 kB]
2026-10-07T04:15:18.5916068Z Get:17 http://azure.archive.ubuntu.com/ubuntu noble-updates/main amd64 libubsan1-arm64-cross all 14.2.0-4ubuntu2~24.04.1cross1 [219 kB]
2026-10-07T04:15:18.6414022Z Get:18 http://azure.archive.ubuntu.com/ubuntu noble-updates/main amd64 libhwasan0-arm64-cross all 14.2.0-4ubuntu2~24.04.1cross1 [304 kB]
2026-10-07T04:15:18.6919789Z Get:19 http://azure.archive.ubuntu.com/ubuntu noble-updates/main amd64 libgcc-13-dev-arm64-cross all 13.3.0-6ubuntu2~24.04.1cross1 [2616 kB]
2026-10-07T04:15:18.7771668Z Get:20 http://azure.archive.ubuntu.com/ubuntu noble-updates/main amd64 gcc-13-aarch64-linux-gnu amd64 13.3.0-6ubuntu2~24.04.1cross1 [21.1 MB]
2026-10-07T04:15:19.2427230Z Get:21 http://azure.archive.ubuntu.com/ubuntu noble/main amd64 linux-libc-dev-arm64-cross all 6.8.0-25.25cross1 [1375 kB]
2026-10-07T04:15:19.3110759Z Get:22 http://azure.archive.ubuntu.com/ubuntu noble/main amd64 libc6-dev-arm64-cross all 2.39-0ubuntu8cross1 [1629 kB]
2026-10-07T04:15:19.3810942Z Get:23 http://azure.archive.ubuntu.com/ubuntu noble-updates/main amd64 libstdc++-13-dev-arm64-cross all 13.3.0-6ubuntu2~24.04.1cross1 [2656 kB]
2026-10-07T04:15:19.4664396Z Get:24 http://azure.archive.ubuntu.com/ubuntu noble-updates/main amd64 g++-13-aarch64-linux-gnu amd64 13.3.0-6ubuntu2~24.04.1cross1 [12.2 MB]
2026-10-07T04:15:19.6950927Z Get:25 http://azure.archive.ubuntu.com/ubuntu noble/main amd64 gcc-aarch64-linux-gnu amd64 4:13.2.0-7ubuntu1 [1210 B]
2026-10-07T04:15:19.7631952Z Get:26 http://azure.archive.ubuntu.com/ubuntu noble/main amd64 g++-aarch64-linux-gnu amd64 4:13.2.0-7ubuntu1 [962 B]
2026-10-07T04:15:19.8733089Z Get:27 http://azure.archive.ubuntu.com/ubuntu noble-updates/main amd64 libelf-dev amd64 0.190-1.1ubuntu0.1 [68.5 kB]
2026-10-07T04:15:19.9531377Z Get:28 http://azure.archive.ubuntu.com/ubuntu noble/main amd64 libbpf-dev amd64 1:1.3.0-2build2 [259 kB]
2026-10-07T04:15:20.0323788Z Get:29 http://azure.archive.ubuntu.com/ubuntu noble-updates/main amd64 libc6-dev-i386 amd64 2.39-0ubuntu8.9 [1447 kB]
2026-10-07T04:15:20.3409075Z Fetched 126 MB in 3s (46.2 MB/s)
2026-10-07T04:15:20.3835171Z (Reading database ... 
2026-10-07T04:15:20.3835727Z (Reading database ... 5%
2026-10-07T04:15:20.3836190Z (Reading database ... 10%
2026-10-07T04:15:20.3836491Z (Reading database ... 15%
2026-10-07T04:15:20.3836774Z (Reading database ... 20%
2026-10-07T04:15:20.3837051Z (Reading database ... 25%
2026-10-07T04:15:20.3837234Z (Reading database ... 30%
2026-10-07T04:15:20.3837416Z (Reading database ... 35%
2026-10-07T04:15:20.3837594Z (Reading database ... 40%
2026-10-07T04:15:20.3837778Z (Reading database ... 45%
2026-10-07T04:15:20.3837976Z (Reading database ... 50%
2026-10-07T04:15:20.3876315Z (Reading database ... 55%
2026-10-07T04:15:20.5276290Z (Reading database ... 60%
2026-10-07T04:15:20.7353244Z (Reading database ... 65%
2026-10-07T04:15:20.9451956Z (Reading database ... 70%
2026-10-07T04:15:21.1313861Z (Reading database ... 75%
2026-10-07T04:15:21.3630466Z (Reading database ... 80%
2026-10-07T04:15:21.5304061Z (Reading database ... 85%
2026-10-07T04:15:21.7328587Z (Reading database ... 90%
2026-10-07T04:15:21.8981741Z (Reading database ... 95%
2026-10-07T04:15:21.8982106Z (Reading database ... 100%
2026-10-07T04:15:21.8982543Z (Reading database ... 202296 files and directories currently installed.)
2026-10-07T04:15:21.9022545Z Preparing to unpack .../00-docker-ce-cli_5%3a29.8.1-1~ubuntu.24.04~noble_amd64.deb ...
2026-10-07T04:15:21.9066780Z Unpacking docker-ce-cli (5:29.8.1-1~ubuntu.24.04~noble) over (5:28.0.4-1~ubuntu.24.04~noble) ...
2026-10-07T04:15:22.7935208Z dpkg: warning: downgrading containerd.io from 2.3.6-1~ubuntu.24.04~noble to 2.3.5-1~ubuntu.24.04~noble
2026-10-07T04:15:22.8047297Z Preparing to unpack .../01-containerd.io_2.3.5-1~ubuntu.24.04~noble_amd64.deb ...
2026-10-07T04:15:22.8149633Z Unpacking containerd.io (2.3.5-1~ubuntu.24.04~noble) over (2.3.6-1~ubuntu.24.04~noble) ...
2026-10-07T04:15:23.7863352Z Preparing to unpack .../02-docker-ce_5%3a29.8.1-1~ubuntu.24.04~noble_amd64.deb ...
2026-10-07T04:15:23.8247207Z Unpacking docker-ce (5:29.8.1-1~ubuntu.24.04~noble) over (5:28.0.4-1~ubuntu.24.04~noble) ...
2026-10-07T04:15:25.1198629Z Selecting previously unselected package gcc-13-aarch64-linux-gnu-base:amd64.
2026-10-07T04:15:25.1310355Z Preparing to unpack .../03-gcc-13-aarch64-linux-gnu-base_13.3.0-6ubuntu2~24.04.1cross1_amd64.deb ...
2026-10-07T04:15:25.1483505Z Unpacking gcc-13-aarch64-linux-gnu-base:amd64 (13.3.0-6ubuntu2~24.04.1cross1) ...
2026-10-07T04:15:25.2190240Z Selecting previously unselected package cpp-13-aarch64-linux-gnu.
2026-10-07T04:15:25.2300585Z Preparing to unpack .../04-cpp-13-aarch64-linux-gnu_13.3.0-6ubuntu2~24.04.1cross1_amd64.deb ...
2026-10-07T04:15:25.2413701Z Unpacking cpp-13-aarch64-linux-gnu (13.3.0-6ubuntu2~24.04.1cross1) ...
2026-10-07T04:15:25.6010746Z Selecting previously unselected package cpp-aarch64-linux-gnu.
2026-10-07T04:15:25.6125285Z Preparing to unpack .../05-cpp-aarch64-linux-gnu_4%3a13.2.0-7ubuntu1_amd64.deb ...
2026-10-07T04:15:25.6198864Z Unpacking cpp-aarch64-linux-gnu (4:13.2.0-7ubuntu1) ...
2026-10-07T04:15:26.1622744Z Selecting previously unselected package binutils-aarch64-linux-gnu.
2026-10-07T04:15:26.1734113Z Preparing to unpack .../06-binutils-aarch64-linux-gnu_2.42-4ubuntu2.10_amd64.deb ...
2026-10-07T04:15:26.2805527Z Unpacking binutils-aarch64-linux-gnu (2.42-4ubuntu2.10) ...
2026-10-07T04:15:29.8043923Z Selecting previously unselected package gcc-13-cross-base.
2026-10-07T04:15:29.8159576Z Preparing to unpack .../07-gcc-13-cross-base_13.3.0-6ubuntu2~24.04.1cross1_all.deb ...
2026-10-07T04:15:29.8947798Z Unpacking gcc-13-cross-base (13.3.0-6ubuntu2~24.04.1cross1) ...
2026-10-07T04:15:29.9107833Z Selecting previously unselected package gcc-14-cross-base.
2026-10-07T04:15:29.9217442Z Preparing to unpack .../08-gcc-14-cross-base_14.2.0-4ubuntu2~24.04.1cross1_all.deb ...
2026-10-07T04:15:29.9224002Z Unpacking gcc-14-cross-base (14.2.0-4ubuntu2~24.04.1cross1) ...
2026-10-07T04:15:29.9391821Z Selecting previously unselected package libc6-arm64-cross.
2026-10-07T04:15:29.9495961Z Preparing to unpack .../09-libc6-arm64-cross_2.39-0ubuntu8cross1_all.deb ...
2026-10-07T04:15:29.9502287Z Unpacking libc6-arm64-cross (2.39-0ubuntu8cross1) ...
2026-10-07T04:15:29.9867879Z Selecting previously unselected package libgcc-s1-arm64-cross.
2026-10-07T04:15:29.9975987Z Preparing to unpack .../10-libgcc-s1-arm64-cross_14.2.0-4ubuntu2~24.04.1cross1_all.deb ...
2026-10-07T04:15:29.9981938Z Unpacking libgcc-s1-arm64-cross (14.2.0-4ubuntu2~24.04.1cross1) ...
2026-10-07T04:15:30.0152355Z Selecting previously unselected package libgomp1-arm64-cross.
2026-10-07T04:15:30.0258389Z Preparing to unpack .../11-libgomp1-arm64-cross_14.2.0-4ubuntu2~24.04.1cross1_all.deb ...
2026-10-07T04:15:30.0263707Z Unpacking libgomp1-arm64-cross (14.2.0-4ubuntu2~24.04.1cross1) ...
2026-10-07T04:15:30.0434223Z Selecting previously unselected package libitm1-arm64-cross.
2026-10-07T04:15:30.0538330Z Preparing to unpack .../12-libitm1-arm64-cross_14.2.0-4ubuntu2~24.04.1cross1_all.deb ...
2026-10-07T04:15:30.0543764Z Unpacking libitm1-arm64-cross (14.2.0-4ubuntu2~24.04.1cross1) ...
2026-10-07T04:15:30.0725150Z Selecting previously unselected package libatomic1-arm64-cross.
2026-10-07T04:15:30.0830047Z Preparing to unpack .../13-libatomic1-arm64-cross_14.2.0-4ubuntu2~24.04.1cross1_all.deb ...
2026-10-07T04:15:30.0836525Z Unpacking libatomic1-arm64-cross (14.2.0-4ubuntu2~24.04.1cross1) ...
2026-10-07T04:15:30.1345944Z Selecting previously unselected package libasan8-arm64-cross.
2026-10-07T04:15:30.1452528Z Preparing to unpack .../14-libasan8-arm64-cross_14.2.0-4ubuntu2~24.04.1cross1_all.deb ...
2026-10-07T04:15:30.1459312Z Unpacking libasan8-arm64-cross (14.2.0-4ubuntu2~24.04.1cross1) ...
2026-10-07T04:15:30.1770331Z Selecting previously unselected package liblsan0-arm64-cross.
2026-10-07T04:15:30.1877191Z Preparing to unpack .../15-liblsan0-arm64-cross_14.2.0-4ubuntu2~24.04.1cross1_all.deb ...
2026-10-07T04:15:30.1883296Z Unpacking liblsan0-arm64-cross (14.2.0-4ubuntu2~24.04.1cross1) ...
2026-10-07T04:15:30.2154142Z Selecting previously unselected package libtsan2-arm64-cross.
2026-10-07T04:15:30.2258221Z Preparing to unpack .../16-libtsan2-arm64-cross_14.2.0-4ubuntu2~24.04.1cross1_all.deb ...
2026-10-07T04:15:30.2263720Z Unpacking libtsan2-arm64-cross (14.2.0-4ubuntu2~24.04.1cross1) ...
2026-10-07T04:15:30.3763941Z Selecting previously unselected package libstdc++6-arm64-cross.
2026-10-07T04:15:30.3875536Z Preparing to unpack .../17-libstdc++6-arm64-cross_14.2.0-4ubuntu2~24.04.1cross1_all.deb ...
2026-10-07T04:15:30.3880727Z Unpacking libstdc++6-arm64-cross (14.2.0-4ubuntu2~24.04.1cross1) ...
2026-10-07T04:15:30.4167891Z Selecting previously unselected package libubsan1-arm64-cross.
2026-10-07T04:15:30.4277490Z Preparing to unpack .../18-libubsan1-arm64-cross_14.2.0-4ubuntu2~24.04.1cross1_all.deb ...
2026-10-07T04:15:30.4282649Z Unpacking libubsan1-arm64-cross (14.2.0-4ubuntu2~24.04.1cross1) ...
2026-10-07T04:15:30.6651543Z Selecting previously unselected package libhwasan0-arm64-cross.
2026-10-07T04:15:30.6761638Z Preparing to unpack .../19-libhwasan0-arm64-cross_14.2.0-4ubuntu2~24.04.1cross1_all.deb ...
2026-10-07T04:15:30.6766734Z Unpacking libhwasan0-arm64-cross (14.2.0-4ubuntu2~24.04.1cross1) ...
2026-10-07T04:15:30.6958809Z Selecting previously unselected package libgcc-13-dev-arm64-cross.
2026-10-07T04:15:30.7066262Z Preparing to unpack .../20-libgcc-13-dev-arm64-cross_13.3.0-6ubuntu2~24.04.1cross1_all.deb ...
2026-10-07T04:15:30.7071845Z Unpacking libgcc-13-dev-arm64-cross (13.3.0-6ubuntu2~24.04.1cross1) ...
2026-10-07T04:15:30.8763524Z Selecting previously unselected package gcc-13-aarch64-linux-gnu.
2026-10-07T04:15:30.8874810Z Preparing to unpack .../21-gcc-13-aarch64-linux-gnu_13.3.0-6ubuntu2~24.04.1cross1_amd64.deb ...
2026-10-07T04:15:30.8899148Z Unpacking gcc-13-aarch64-linux-gnu (13.3.0-6ubuntu2~24.04.1cross1) ...
2026-10-07T04:15:31.3527777Z Selecting previously unselected package linux-libc-dev-arm64-cross.
2026-10-07T04:15:31.3637638Z Preparing to unpack .../22-linux-libc-dev-arm64-cross_6.8.0-25.25cross1_all.deb ...
2026-10-07T04:15:31.3755993Z Unpacking linux-libc-dev-arm64-cross (6.8.0-25.25cross1) ...
2026-10-07T04:15:31.6871087Z Selecting previously unselected package libc6-dev-arm64-cross.
2026-10-07T04:15:31.6984076Z Preparing to unpack .../23-libc6-dev-arm64-cross_2.39-0ubuntu8cross1_all.deb ...
2026-10-07T04:15:31.6989903Z Unpacking libc6-dev-arm64-cross (2.39-0ubuntu8cross1) ...
2026-10-07T04:15:31.8013213Z Selecting previously unselected package libstdc++-13-dev-arm64-cross.
2026-10-07T04:15:31.8124908Z Preparing to unpack .../24-libstdc++-13-dev-arm64-cross_13.3.0-6ubuntu2~24.04.1cross1_all.deb ...
2026-10-07T04:15:31.8130893Z Unpacking libstdc++-13-dev-arm64-cross (13.3.0-6ubuntu2~24.04.1cross1) ...
2026-10-07T04:15:32.1887897Z Selecting previously unselected package g++-13-aarch64-linux-gnu.
2026-10-07T04:15:32.2005362Z Preparing to unpack .../25-g++-13-aarch64-linux-gnu_13.3.0-6ubuntu2~24.04.1cross1_amd64.deb ...
2026-10-07T04:15:32.2030063Z Unpacking g++-13-aarch64-linux-gnu (13.3.0-6ubuntu2~24.04.1cross1) ...
2026-10-07T04:15:32.4920437Z Selecting previously unselected package gcc-aarch64-linux-gnu.
2026-10-07T04:15:32.5030867Z Preparing to unpack .../26-gcc-aarch64-linux-gnu_4%3a13.2.0-7ubuntu1_amd64.deb ...
2026-10-07T04:15:32.5036166Z Unpacking gcc-aarch64-linux-gnu (4:13.2.0-7ubuntu1) ...
2026-10-07T04:15:32.5200874Z Selecting previously unselected package g++-aarch64-linux-gnu.
2026-10-07T04:15:32.5309458Z Preparing to unpack .../27-g++-aarch64-linux-gnu_4%3a13.2.0-7ubuntu1_amd64.deb ...
2026-10-07T04:15:32.5314977Z Unpacking g++-aarch64-linux-gnu (4:13.2.0-7ubuntu1) ...
2026-10-07T04:15:32.5460612Z Selecting previously unselected package libelf-dev:amd64.
2026-10-07T04:15:32.5563148Z Preparing to unpack .../28-libelf-dev_0.190-1.1ubuntu0.1_amd64.deb ...
2026-10-07T04:15:32.5568968Z Unpacking libelf-dev:amd64 (0.190-1.1ubuntu0.1) ...
2026-10-07T04:15:32.5762755Z Selecting previously unselected package libbpf-dev:amd64.
2026-10-07T04:15:32.5867589Z Preparing to unpack .../29-libbpf-dev_1%3a1.3.0-2build2_amd64.deb ...
2026-10-07T04:15:32.5873378Z Unpacking libbpf-dev:amd64 (1:1.3.0-2build2) ...
2026-10-07T04:15:32.6070189Z Selecting previously unselected package libc6-dev-i386.
2026-10-07T04:15:32.6178690Z Preparing to unpack .../30-libc6-dev-i386_2.39-0ubuntu8.9_amd64.deb ...
2026-10-07T04:15:32.6183713Z Unpacking libc6-dev-i386 (2.39-0ubuntu8.9) ...
2026-10-07T04:15:32.7157519Z Setting up libc6-dev-i386 (2.39-0ubuntu8.9) ...
2026-10-07T04:15:32.7416251Z Setting up binutils-aarch64-linux-gnu (2.42-4ubuntu2.10) ...
2026-10-07T04:15:32.7430621Z Setting up gcc-14-cross-base (14.2.0-4ubuntu2~24.04.1cross1) ...
2026-10-07T04:15:32.7444832Z Setting up gcc-13-cross-base (13.3.0-6ubuntu2~24.04.1cross1) ...
2026-10-07T04:15:32.7459480Z Setting up libc6-arm64-cross (2.39-0ubuntu8cross1) ...
2026-10-07T04:15:32.7472783Z Setting up containerd.io (2.3.5-1~ubuntu.24.04~noble) ...
2026-10-07T04:15:33.1238005Z Setting up libelf-dev:amd64 (0.190-1.1ubuntu0.1) ...
2026-10-07T04:15:33.1250914Z Setting up libitm1-arm64-cross (14.2.0-4ubuntu2~24.04.1cross1) ...
2026-10-07T04:15:33.1266318Z Setting up linux-libc-dev-arm64-cross (6.8.0-25.25cross1) ...
2026-10-07T04:15:33.1279895Z Setting up docker-ce-cli (5:29.8.1-1~ubuntu.24.04~noble) ...
2026-10-07T04:15:33.1292681Z Setting up gcc-13-aarch64-linux-gnu-base:amd64 (13.3.0-6ubuntu2~24.04.1cross1) ...
2026-10-07T04:15:33.1499959Z Setting up libgcc-s1-arm64-cross (14.2.0-4ubuntu2~24.04.1cross1) ...
2026-10-07T04:15:33.1514131Z Setting up libatomic1-arm64-cross (14.2.0-4ubuntu2~24.04.1cross1) ...
2026-10-07T04:15:33.1527617Z Setting up liblsan0-arm64-cross (14.2.0-4ubuntu2~24.04.1cross1) ...
2026-10-07T04:15:33.1540438Z Setting up libgomp1-arm64-cross (14.2.0-4ubuntu2~24.04.1cross1) ...
2026-10-07T04:15:33.1554250Z Setting up libbpf-dev:amd64 (1:1.3.0-2build2) ...
2026-10-07T04:15:33.1566901Z Setting up cpp-13-aarch64-linux-gnu (13.3.0-6ubuntu2~24.04.1cross1) ...
2026-10-07T04:15:33.1581043Z Setting up libhwasan0-arm64-cross (14.2.0-4ubuntu2~24.04.1cross1) ...
2026-10-07T04:15:33.1595163Z Setting up libc6-dev-arm64-cross (2.39-0ubuntu8cross1) ...
2026-10-07T04:15:33.1609078Z Setting up libstdc++6-arm64-cross (14.2.0-4ubuntu2~24.04.1cross1) ...
2026-10-07T04:15:33.1621746Z Setting up cpp-aarch64-linux-gnu (4:13.2.0-7ubuntu1) ...
2026-10-07T04:15:33.1634470Z Setting up docker-ce (5:29.8.1-1~ubuntu.24.04~noble) ...
2026-10-07T04:15:35.8558760Z Setting up libasan8-arm64-cross (14.2.0-4ubuntu2~24.04.1cross1) ...
2026-10-07T04:15:35.8571728Z Setting up libtsan2-arm64-cross (14.2.0-4ubuntu2~24.04.1cross1) ...
2026-10-07T04:15:35.8585384Z Setting up libubsan1-arm64-cross (14.2.0-4ubuntu2~24.04.1cross1) ...
2026-10-07T04:15:35.8598827Z Setting up libgcc-13-dev-arm64-cross (13.3.0-6ubuntu2~24.04.1cross1) ...
2026-10-07T04:15:35.8613201Z Setting up gcc-13-aarch64-linux-gnu (13.3.0-6ubuntu2~24.04.1cross1) ...
2026-10-07T04:15:35.8626388Z Setting up libstdc++-13-dev-arm64-cross (13.3.0-6ubuntu2~24.04.1cross1) ...
2026-10-07T04:15:35.8640068Z Setting up g++-13-aarch64-linux-gnu (13.3.0-6ubuntu2~24.04.1cross1) ...
2026-10-07T04:15:35.8653306Z Setting up gcc-aarch64-linux-gnu (4:13.2.0-7ubuntu1) ...
2026-10-07T04:15:35.8666425Z Setting up g++-aarch64-linux-gnu (4:13.2.0-7ubuntu1) ...
2026-10-07T04:15:35.8684521Z Processing triggers for man-db (2.12.0-4build2) ...
2026-10-07T04:15:35.8702888Z Not building database; man-db/auto-update is not 'true'.
2026-10-07T04:15:35.8712573Z Processing triggers for libc-bin (2.39-0ubuntu8.9) ...
2026-10-07T04:15:36.6655099Z 
2026-10-07T04:15:36.6655614Z Running kernel seems to be up-to-date.
2026-10-07T04:15:36.6655899Z 
2026-10-07T04:15:36.6656007Z No services need to be restarted.
2026-10-07T04:15:36.6656149Z 
2026-10-07T04:15:36.6656249Z No containers need to be restarted.
2026-10-07T04:15:36.6656420Z 
2026-10-07T04:15:36.6656527Z No user sessions are running outdated binaries.
2026-10-07T04:15:36.6656694Z 
2026-10-07T04:15:36.6656854Z No VM guests are running outdated hypervisor (qemu) binaries on this host.
2026-10-07T04:15:37.5056456Z hint: Using 'master' as the name for the initial branch. This default branch name
2026-10-07T04:15:37.5057030Z hint: will change to "main" in Git 3.0. To configure the initial branch name
2026-10-07T04:15:37.5057462Z hint: to use in all of your new repositories, which will suppress this warning,
2026-10-07T04:15:37.5057763Z hint: call:
2026-10-07T04:15:37.5057918Z hint:
2026-10-07T04:15:37.5058277Z hint: 	git config --global init.defaultBranch <name>
2026-10-07T04:15:37.5058578Z hint:
2026-10-07T04:15:37.5058967Z hint: Names commonly chosen instead of 'master' are 'main', 'trunk' and
2026-10-07T04:15:37.5059393Z hint: 'development'. The just-created branch can be renamed via this command:
2026-10-07T04:15:37.5059684Z hint:
2026-10-07T04:15:37.5059937Z hint: 	git branch -m <name>
2026-10-07T04:15:37.5060119Z hint:
2026-10-07T04:15:37.5060385Z hint: Disable this message with "git config set advice.defaultBranchName false"
2026-10-07T04:15:42.3537102Z us-central1-docker.pkg.dev/gvisor-presubmit/gvisor-presubmit-images/default_x86_64@sha256:9afba722516843795c026fbe3b7cd8a8f6b729d241e656a70af1ad46fe09406c: Pulling from gvisor-presubmit/gvisor-presubmit-images/default_x86_64
2026-10-07T04:15:42.3542112Z d544298cabd5: Pulling fs layer
2026-10-07T04:15:42.3543737Z ab2267afd5af: Pulling fs layer
2026-10-07T04:15:42.3544180Z 0bf74a384ec6: Pulling fs layer
2026-10-07T04:15:42.3544746Z 5acb13da556d: Pulling fs layer
2026-10-07T04:15:42.3545172Z 464275bdef61: Pulling fs layer
2026-10-07T04:15:42.3545609Z 5791a197cfee: Pulling fs layer
2026-10-07T04:15:42.3546053Z eef77529dfa7: Pulling fs layer
2026-10-07T04:15:42.3546517Z 93bb5bcfff2c: Pulling fs layer
2026-10-07T04:15:42.3546974Z c90ec6366fc5: Pulling fs layer
2026-10-07T04:15:42.3547790Z 1a5fc2c5aa95: Pulling fs layer
2026-10-07T04:15:42.3548319Z c32c4609a695: Pulling fs layer
2026-10-07T04:15:42.3548727Z eef77529dfa7: Waiting
2026-10-07T04:15:42.3549096Z c90ec6366fc5: Waiting
2026-10-07T04:15:42.3549501Z 93bb5bcfff2c: Waiting
2026-10-07T04:15:42.3549907Z 1a5fc2c5aa95: Waiting
2026-10-07T04:15:42.3550281Z c32c4609a695: Waiting
2026-10-07T04:15:42.3550564Z 5acb13da556d: Waiting
2026-10-07T04:15:42.3551072Z 464275bdef61: Waiting
2026-10-07T04:15:42.3551354Z 5791a197cfee: Waiting
2026-10-07T04:15:43.3935088Z 0bf74a384ec6: Verifying Checksum
2026-10-07T04:15:43.3935378Z 0bf74a384ec6: Download complete
2026-10-07T04:15:43.5201625Z d544298cabd5: Verifying Checksum
2026-10-07T04:15:43.5201998Z d544298cabd5: Download complete
2026-10-07T04:15:43.6219565Z 5acb13da556d: Verifying Checksum
2026-10-07T04:15:43.6220677Z 5acb13da556d: Download complete
2026-10-07T04:15:43.9332288Z 464275bdef61: Verifying Checksum
2026-10-07T04:15:43.9332760Z 464275bdef61: Download complete
2026-10-07T04:15:44.7404804Z d544298cabd5: Pull complete
2026-10-07T04:15:44.8574990Z 5791a197cfee: Verifying Checksum
2026-10-07T04:15:44.8575532Z 5791a197cfee: Download complete
2026-10-07T04:15:45.4005680Z 93bb5bcfff2c: Verifying Checksum
2026-10-07T04:15:45.4006122Z 93bb5bcfff2c: Download complete
2026-10-07T04:15:45.5972068Z c90ec6366fc5: Verifying Checksum
2026-10-07T04:15:45.5972708Z c90ec6366fc5: Download complete
2026-10-07T04:15:46.0630862Z eef77529dfa7: Verifying Checksum
2026-10-07T04:15:46.0631158Z eef77529dfa7: Download complete
2026-10-07T04:15:46.2980318Z c32c4609a695: Download complete
2026-10-07T04:15:46.8642359Z 1a5fc2c5aa95: Verifying Checksum
2026-10-07T04:15:46.8642765Z 1a5fc2c5aa95: Download complete
2026-10-07T04:15:50.4661544Z ab2267afd5af: Verifying Checksum
2026-10-07T04:15:50.4661969Z ab2267afd5af: Download complete
2026-10-07T04:16:12.8492611Z ab2267afd5af: Pull complete
2026-10-07T04:16:12.9822315Z 0bf74a384ec6: Pull complete
2026-10-07T04:16:12.9891943Z 5acb13da556d: Pull complete
2026-10-07T04:16:12.9987133Z 464275bdef61: Pull complete
2026-10-07T04:16:14.4707196Z 5791a197cfee: Pull complete
2026-10-07T04:16:33.0474493Z eef77529dfa7: Pull complete
2026-10-07T04:16:33.1719676Z 93bb5bcfff2c: Pull complete
2026-10-07T04:16:33.1782207Z c90ec6366fc5: Pull complete
2026-10-07T04:16:33.6547917Z 1a5fc2c5aa95: Pull complete
2026-10-07T04:16:33.7107735Z c32c4609a695: Pull complete
2026-10-07T04:16:33.7132995Z Digest: sha256:9afba722516843795c026fbe3b7cd8a8f6b729d241e656a70af1ad46fe09406c
2026-10-07T04:16:33.7138952Z Status: Downloaded newer image for us-central1-docker.pkg.dev/gvisor-presubmit/gvisor-presubmit-images/default_x86_64@sha256:9afba722516843795c026fbe3b7cd8a8f6b729d241e656a70af1ad46fe09406c
2026-10-07T04:16:33.7146682Z us-central1-docker.pkg.dev/gvisor-presubmit/gvisor-presubmit-images/default_x86_64@sha256:9afba722516843795c026fbe3b7cd8a8f6b729d241e656a70af1ad46fe09406c
2026-10-07T04:16:34.1607552Z Extracting Bazel installation...
2026-10-07T04:16:35.7805171Z Starting local Bazel server (8.3.1) and connecting to it...
2026-10-07T04:16:36.9980237Z Computing main repo mapping: 
2026-10-07T04:16:37.9984278Z Computing main repo mapping: 
2026-10-07T04:16:38.9987180Z Computing main repo mapping: 
2026-10-07T04:16:39.9992595Z Computing main repo mapping: 
2026-10-07T04:16:41.0023671Z Computing main repo mapping: 
2026-10-07T04:16:42.0262392Z Computing main repo mapping: 
2026-10-07T04:16:42.6370296Z WARNING: For repository 'bazel_skylib', the root module requires module version bazel_skylib@1.7.1, but got bazel_skylib@1.8.2 in the resolved dependency graph. Please update the version in your MODULE.bazel or set --check_direct_dependencies=off
2026-10-07T04:16:43.0449950Z Computing main repo mapping: 
2026-10-07T04:16:44.0710251Z Computing main repo mapping: 
2026-10-07T04:16:44.8887768Z Loading: 
2026-10-07T04:16:44.8917271Z Loading: 2 packages loaded
2026-10-07T04:16:45.9212697Z Loading: 2 packages loaded
2026-10-07T04:16:45.9212999Z     currently loading: 
2026-10-07T04:16:46.4051057Z DEBUG: /tmp/helox-release-gvisor.7yIZAB/.cache/bazel/_bazel_builder/9b8dcb7ce3256a02634b06643649612d/external/gazelle+/internal/bzlmod/go_deps.bzl:660:36: The following Go modules were required by the root module at the given versions, but were implicitly updated to higher versions due to transitive dependencies:
2026-10-07T04:16:46.4055534Z  
2026-10-07T04:16:46.4056241Z   go.opentelemetry.io/auto/sdk: v1.1.0 -> v1.2.1 
2026-10-07T04:16:46.4057503Z   go.opentelemetry.io/contrib/instrumentation/google.golang.org/grpc/otelgrpc: v0.61.0 -> v0.67.0 
2026-10-07T04:16:46.4058589Z   golang.org/x/crypto: v0.42.0 -> v0.49.0 
2026-10-07T04:16:46.4059204Z   golang.org/x/term: v0.35.0 -> v0.42.0 
2026-10-07T04:16:46.4059777Z   golang.org/x/net: v0.44.0 -> v0.52.0 
2026-10-07T04:16:46.4060385Z   go.opentelemetry.io/otel: v1.37.0 -> v1.43.0 
2026-10-07T04:16:46.4061049Z   go.opentelemetry.io/otel/metric: v1.28.0 -> v1.43.0 
2026-10-07T04:16:46.4061688Z   github.com/felixge/httpsnoop: v1.0.2 -> v1.0.4 
2026-10-07T04:16:46.4062506Z   go.opentelemetry.io/contrib/instrumentation/net/http/otelhttp: v0.53.0 -> v0.67.0 
2026-10-07T04:16:46.4063334Z   go.opentelemetry.io/otel/trace: v1.28.0 -> v1.43.0 
2026-10-07T04:16:46.4064002Z   github.com/opencontainers/image-spec: v1.0.2 -> v1.1.1 
2026-10-07T04:16:46.4064643Z   cloud.google.com/go: v0.105.0 -> v0.123.0 
2026-10-07T04:16:46.4065230Z   cloud.google.com/go/iam: v0.8.0 -> v1.7.0 
2026-10-07T04:16:46.4078846Z   cloud.google.com/go/compute/metadata: v0.8.0 -> v0.9.0 
2026-10-07T04:16:46.4079711Z   github.com/googleapis/enterprise-certificate-proxy: v0.3.6 -> v0.3.14 
2026-10-07T04:16:46.4080450Z   golang.org/x/oauth2: v0.30.0 -> v0.36.0 
2026-10-07T04:16:46.4081318Z   google.golang.org/genproto: v0.0.0-20250707201910-8d1bb00bc6a7 -> v0.0.0-20260319201613-d00831a3d3e7 
2026-10-07T04:16:46.4082231Z   github.com/googleapis/gax-go/v2: v2.15.0 -> v2.21.0 
2026-10-07T04:16:46.4082692Z 
2026-10-07T04:16:46.4083160Z Update the root module's dependencies to match the resolved versions via:
2026-10-07T04:16:46.4083704Z 
2026-10-07T04:16:46.4088321Z   bazel run @io_bazel_rules_go//go -- get go.opentelemetry.io/auto/sdk@v1.2.1 go.opentelemetry.io/contrib/instrumentation/google.golang.org/grpc/otelgrpc@v0.67.0 golang.org/x/crypto@v0.49.0 golang.org/x/term@v0.42.0 golang.org/x/net@v0.52.0 go.opentelemetry.io/otel@v1.43.0 go.opentelemetry.io/otel/metric@v1.43.0 github.com/felixge/httpsnoop@v1.0.4 go.opentelemetry.io/contrib/instrumentation/net/http/otelhttp@v0.67.0 go.opentelemetry.io/otel/trace@v1.43.0 github.com/opencontainers/image-spec@v1.1.1 cloud.google.com/go@v0.123.0 cloud.google.com/go/iam@v1.7.0 cloud.google.com/go/compute/metadata@v0.9.0 github.com/googleapis/enterprise-certificate-proxy@v0.3.14 golang.org/x/oauth2@v0.36.0 google.golang.org/genproto@v0.0.0-20260319201613-d00831a3d3e7 github.com/googleapis/gax-go/v2@v2.21.0 
2026-10-07T04:16:46.4092144Z 
2026-10-07T04:16:46.6682631Z Analyzing: target //:release (3 packages loaded, 0 targets configured)
2026-10-07T04:16:46.6825117Z Analyzing: target //:release (3 packages loaded, 0 targets configured)
2026-10-07T04:16:46.6826189Z 
2026-10-07T04:16:46.8519888Z WARNING: /tmp/helox-release-gvisor.7yIZAB/gvisor/runsc/prewarmer/BUILD:19:8: target 'gvisor-sentry-prewarmer' is both a rule and a file; please choose another name for the rule
2026-10-07T04:16:47.6863305Z Analyzing: target //:release (74 packages loaded, 14 targets configured)
2026-10-07T04:16:47.6864002Z 
2026-10-07T04:16:48.7099708Z Analyzing: target //:release (94 packages loaded, 2705 targets configured)
2026-10-07T04:16:48.7100741Z 
2026-10-07T04:16:50.0041865Z Analyzing: target //:release (101 packages loaded, 2731 targets configured)
2026-10-07T04:16:50.0042182Z 
2026-10-07T04:16:51.2947196Z Analyzing: target //:release (101 packages loaded, 2731 targets configured)
2026-10-07T04:16:51.2947947Z 
2026-10-07T04:16:52.3036048Z Analyzing: target //:release (160 packages loaded, 8845 targets configured)
2026-10-07T04:16:52.3037013Z 
2026-10-07T04:16:53.2976331Z Analyzing: target //:release (293 packages loaded, 11104 targets configured)
2026-10-07T04:16:53.2978038Z 
2026-10-07T04:16:54.3437968Z Analyzing: target //:release (422 packages loaded, 16304 targets configured)
2026-10-07T04:16:54.3439342Z 
2026-10-07T04:16:56.0632917Z Analyzing: target //:release (438 packages loaded, 30779 targets configured)
2026-10-07T04:16:56.0634104Z 
2026-10-07T04:16:57.0620245Z Analyzing: target //:release (439 packages loaded, 37480 targets configured)
2026-10-07T04:16:57.0621316Z 
2026-10-07T04:16:58.0652725Z Analyzing: target //:release (442 packages loaded, 45560 targets configured)
2026-10-07T04:16:58.0653738Z 
2026-10-07T04:17:10.2534766Z Analyzing: target //:release (442 packages loaded, 52936 targets configured)
2026-10-07T04:17:10.2535774Z 
2026-10-07T04:17:11.2552042Z Analyzing: target //:release (446 packages loaded, 52954 targets configured)
2026-10-07T04:17:11.2552886Z 
2026-10-07T04:17:12.2634984Z Analyzing: target //:release (487 packages loaded, 53348 targets configured)
2026-10-07T04:17:12.2636084Z 
2026-10-07T04:17:13.2844650Z Analyzing: target //:release (511 packages loaded, 53562 targets configured)
2026-10-07T04:17:13.2845092Z 
2026-10-07T04:17:14.2982321Z Analyzing: target //:release (525 packages loaded, 53762 targets configured)
2026-10-07T04:17:14.2983062Z 
2026-10-07T04:17:15.5526994Z Analyzing: target //:release (565 packages loaded, 54018 targets configured)
2026-10-07T04:17:15.5527864Z 
2026-10-07T04:17:16.5635756Z Analyzing: target //:release (820 packages loaded, 54588 targets configured)
2026-10-07T04:17:16.5639119Z 
2026-10-07T04:17:17.5655349Z Analyzing: target //:release (889 packages loaded, 54945 targets configured)
2026-10-07T04:17:17.5655803Z 
2026-10-07T04:17:18.5831542Z Analyzing: target //:release (1062 packages loaded, 55786 targets configured)
2026-10-07T04:17:18.5831965Z 
2026-10-07T04:17:19.5952364Z Analyzing: target //:release (1122 packages loaded, 56780 targets configured)
2026-10-07T04:17:19.5953185Z 
2026-10-07T04:17:20.6892444Z Analyzing: target //:release (1158 packages loaded, 57873 targets configured)
2026-10-07T04:17:20.6893619Z 
2026-10-07T04:17:21.8794301Z INFO: Analyzed target //:release (1284 packages loaded, 59563 targets configured).
2026-10-07T04:17:21.8920686Z [1 / 1] no actions running
2026-10-07T04:17:22.8966706Z [864 / 3,392] Writing script runsc/boot/filter/config/config_arm64_state_autogen_tools/goimports.sh; 0s local ... (2 actions, 0 running)
2026-10-07T04:17:23.8947122Z [1,367 / 4,902] Executing genrule //runsc/fsgofer/filter:filter_precompiled_gen [for tool]; 0s processwrapper-sandbox ... (3 actions, 2 running)
2026-10-07T04:17:24.9043745Z [1,580 / 5,288] GoToolchainBinaryBuild external/rules_go++go_sdk+main___download_0/builder [for tool]; 0s processwrapper-sandbox ... (4 actions, 3 running)
2026-10-07T04:17:25.3516669Z INFO: From Executing genrule //pkg/sentry/platform/systrap/sysmsg:sighandler_go [for tool]:
2026-10-07T04:17:25.3536823Z + set -e
2026-10-07T04:17:25.3537313Z + set -u
2026-10-07T04:17:25.3537752Z + FILE=sighandler
2026-10-07T04:17:25.3538309Z + NAME=Sighandler
2026-10-07T04:17:25.3538791Z + PREFIX=Sighandler_blob_offset__
2026-10-07T04:17:25.3539280Z + BLOB=Sighandler_blob
2026-10-07T04:17:25.3540118Z + OBJNAME=bazel-out/aarch64-opt-exec-ST-c1691d43938d/bin/pkg/sentry/platform/systrap/sysmsg/sighandler.built-in.bin.o
2026-10-07T04:17:25.3541205Z + AWK_CMD='$2 ~ /^[tBCTA]$/ { print "var Sighandler_blob_offset__" $3 " = 0x" $1 }'
2026-10-07T04:17:25.3541844Z + cat
2026-10-07T04:17:25.3542258Z + grep __export_
2026-10-07T04:17:25.3543060Z + nm bazel-out/aarch64-opt-exec-ST-c1691d43938d/bin/pkg/sentry/platform/systrap/sysmsg/sighandler.built-in.bin.o
2026-10-07T04:17:25.3543942Z + tr . _
2026-10-07T04:17:25.3544481Z + awk '$2 ~ /^[tBCTA]$/ { print "var Sighandler_blob_offset__" $3 " = 0x" $1 }'
2026-10-07T04:17:25.5221221Z INFO: From Executing genrule //pkg/sentry/platform/systrap/sysmsg:sighandler_go:
2026-10-07T04:17:25.5242996Z + set -e
2026-10-07T04:17:25.5243428Z + set -u
2026-10-07T04:17:25.5243841Z + FILE=sighandler
2026-10-07T04:17:25.5244258Z + NAME=Sighandler
2026-10-07T04:17:25.5246618Z + PREFIX=Sighandler_blob_offset__
2026-10-07T04:17:25.5246978Z + BLOB=Sighandler_blob
2026-10-07T04:17:25.5247647Z + OBJNAME=bazel-out/k8-opt-ST-04c87098fb12/bin/pkg/sentry/platform/systrap/sysmsg/sighandler.built-in.bin.o
2026-10-07T04:17:25.5248662Z + AWK_CMD='$2 ~ /^[tBCTA]$/ { print "var Sighandler_blob_offset__" $3 " = 0x" $1 }'
2026-10-07T04:17:25.5249133Z + cat
2026-10-07T04:17:25.5249685Z + grep __export_
2026-10-07T04:17:25.5249946Z + tr . _
2026-10-07T04:17:25.5250506Z + nm bazel-out/k8-opt-ST-04c87098fb12/bin/pkg/sentry/platform/systrap/sysmsg/sighandler.built-in.bin.o
2026-10-07T04:17:25.5251270Z + awk '$2 ~ /^[tBCTA]$/ { print "var Sighandler_blob_offset__" $3 " = 0x" $1 }'
2026-10-07T04:17:25.6283399Z INFO: From Executing genrule //pkg/sentry/platform/systrap/sysmsg:sighandler_go [for tool]:
2026-10-07T04:17:25.6284218Z + set -e
2026-10-07T04:17:25.6284671Z + set -u
2026-10-07T04:17:25.6285116Z + FILE=sighandler
2026-10-07T04:17:25.6285566Z + NAME=Sighandler
2026-10-07T04:17:25.6286075Z + PREFIX=Sighandler_blob_offset__
2026-10-07T04:17:25.6286586Z + BLOB=Sighandler_blob
2026-10-07T04:17:25.6287426Z + OBJNAME=bazel-out/k8-opt-exec-ST-04c87098fb12/bin/pkg/sentry/platform/systrap/sysmsg/sighandler.built-in.bin.o
2026-10-07T04:17:25.6288682Z + AWK_CMD='$2 ~ /^[tBCTA]$/ { print "var Sighandler_blob_offset__" $3 " = 0x" $1 }'
2026-10-07T04:17:25.6289321Z + cat
2026-10-07T04:17:25.6290086Z + nm bazel-out/k8-opt-exec-ST-04c87098fb12/bin/pkg/sentry/platform/systrap/sysmsg/sighandler.built-in.bin.o
2026-10-07T04:17:25.6290926Z + grep __export_
2026-10-07T04:17:25.6291348Z + tr . _
2026-10-07T04:17:25.6291890Z + awk '$2 ~ /^[tBCTA]$/ { print "var Sighandler_blob_offset__" $3 " = 0x" $1 }'
2026-10-07T04:17:25.7488657Z INFO: From Executing genrule //pkg/sentry/platform/systrap/sysmsg:sighandler_go:
2026-10-07T04:17:25.7489839Z + set -e
2026-10-07T04:17:25.7490265Z + set -u
2026-10-07T04:17:25.7490743Z + FILE=sighandler
2026-10-07T04:17:25.7491133Z + NAME=Sighandler
2026-10-07T04:17:25.7491746Z + PREFIX=Sighandler_blob_offset__
2026-10-07T04:17:25.7492324Z + BLOB=Sighandler_blob
2026-10-07T04:17:25.7493087Z + OBJNAME=bazel-out/aarch64-opt-ST-c1691d43938d/bin/pkg/sentry/platform/systrap/sysmsg/sighandler.built-in.bin.o
2026-10-07T04:17:25.7493928Z + AWK_CMD='$2 ~ /^[tBCTA]$/ { print "var Sighandler_blob_offset__" $3 " = 0x" $1 }'
2026-10-07T04:17:25.7494371Z + cat
2026-10-07T04:17:25.7494739Z + awk '$2 ~ /^[tBCTA]$/ { print "var Sighandler_blob_offset__" $3 " = 0x" $1 }'
2026-10-07T04:17:25.7495512Z + nm bazel-out/aarch64-opt-ST-c1691d43938d/bin/pkg/sentry/platform/systrap/sysmsg/sighandler.built-in.bin.o
2026-10-07T04:17:25.7496169Z + grep __export_
2026-10-07T04:17:25.7496410Z + tr . _
2026-10-07T04:17:26.0764039Z [1,623 / 5,288] GoToolchainBinaryBuild external/rules_go++go_sdk+main___download_0/builder [for tool]; 1s processwrapper-sandbox
2026-10-07T04:17:37.7169337Z [1,623 / 5,288] GoToolchainBinaryBuild external/rules_go++go_sdk+main___download_0/builder [for tool]; 12s processwrapper-sandbox
2026-10-07T04:17:39.5032363Z [1,624 / 5,288] [Prepa] Creating symlink external/rules_go++go_sdk+main___download_0/builder_reset/builder [for tool] ... (4 actions, 0 running)
2026-10-07T04:17:41.0784053Z [1,629 / 5,288] GoStdlib external/rules_go+/stdlib_/pkg; 1s processwrapper-sandbox ... (4 actions running)
2026-10-07T04:17:50.7433123Z [1,629 / 5,288] GoStdlib external/rules_go+/stdlib_/pkg; 11s processwrapper-sandbox ... (4 actions running)
2026-10-07T04:18:20.7677295Z [1,629 / 5,288] GoStdlib external/rules_go+/stdlib_/pkg; 41s processwrapper-sandbox ... (4 actions running)
2026-10-07T04:18:38.9893519Z [1,630 / 5,288] GoStdlib external/rules_go+/stdlib_/pkg; 59s processwrapper-sandbox ... (4 actions, 3 running)
2026-10-07T04:18:40.0280238Z [1,636 / 5,288] GoStdlib external/rules_go+/stdlib_/pkg [for tool]; 60s processwrapper-sandbox ... (4 actions, 3 running)
2026-10-07T04:18:41.2695310Z [1,647 / 5,288] GoStdlib external/rules_go+/stdlib_/pkg [for tool]; 61s processwrapper-sandbox ... (3 actions, 2 running)
2026-10-07T04:18:42.3276720Z [1,658 / 5,288] GoStdlib external/rules_go+/stdlib_/pkg [for tool]; 2s processwrapper-sandbox ... (4 actions, 3 running)
2026-10-07T04:18:43.3477803Z [1,690 / 5,288] GoStdlib external/rules_go+/stdlib_/pkg [for tool]; 3s processwrapper-sandbox ... (4 actions, 3 running)
2026-10-07T04:18:44.3733448Z [1,718 / 5,288] GoStdlib external/rules_go+/stdlib_/pkg [for tool]; 4s processwrapper-sandbox ... (4 actions, 3 running)
2026-10-07T04:18:45.3971054Z [1,729 / 5,288] GoStdlib external/rules_go+/stdlib_/pkg [for tool]; 6s processwrapper-sandbox ... (4 actions, 3 running)
2026-10-07T04:18:46.4747288Z [1,742 / 5,288] GoStdlib external/rules_go+/stdlib_/pkg [for tool]; 7s processwrapper-sandbox ... (4 actions, 3 running)
2026-10-07T04:18:47.6077184Z [1,754 / 5,288] GoStdlib external/rules_go+/stdlib_/pkg [for tool]; 8s processwrapper-sandbox ... (4 actions, 3 running)
2026-10-07T04:18:48.6554918Z [1,774 / 5,288] GoStdlib external/rules_go+/stdlib_/pkg [for tool]; 9s processwrapper-sandbox ... (4 actions, 3 running)
2026-10-07T04:18:49.6758871Z [1,783 / 5,288] GoStdlib external/rules_go+/stdlib_/pkg [for tool]; 10s processwrapper-sandbox ... (4 actions running)
2026-10-07T04:18:50.6743416Z [1,790 / 5,288] GoStdlib external/rules_go+/stdlib_/pkg [for tool]; 11s processwrapper-sandbox ... (4 actions running)
2026-10-07T04:18:51.6777419Z [1,799 / 5,288] GoStdlib external/rules_go+/stdlib_/pkg [for tool]; 12s processwrapper-sandbox ... (4 actions running)
2026-10-07T04:18:52.6756031Z [1,812 / 5,288] GoStdlib external/rules_go+/stdlib_/pkg [for tool]; 13s processwrapper-sandbox ... (4 actions running)
2026-10-07T04:18:53.6847551Z [1,832 / 5,288] GoStdlib external/rules_go+/stdlib_/pkg [for tool]; 14s processwrapper-sandbox ... (4 actions running)
2026-10-07T04:18:54.6827762Z [1,847 / 5,288] GoStdlib external/rules_go+/stdlib_/pkg [for tool]; 15s processwrapper-sandbox ... (4 actions running)
2026-10-07T04:18:55.6880356Z [1,862 / 5,288] GoStdlib external/rules_go+/stdlib_/pkg [for tool]; 16s processwrapper-sandbox ... (4 actions running)
2026-10-07T04:18:56.6892979Z [1,890 / 5,288] GoStdlib external/rules_go+/stdlib_/pkg [for tool]; 17s processwrapper-sandbox ... (4 actions running)
2026-10-07T04:18:57.6925536Z [1,908 / 5,288] GoStdlib external/rules_go+/stdlib_/pkg [for tool]; 18s processwrapper-sandbox ... (4 actions running)
2026-10-07T04:18:58.6915980Z [1,924 / 5,288] GoStdlib external/rules_go+/stdlib_/pkg [for tool]; 19s processwrapper-sandbox ... (4 actions running)
2026-10-07T04:18:59.6997860Z [1,932 / 5,288] GoStdlib external/rules_go+/stdlib_/pkg [for tool]; 20s processwrapper-sandbox ... (4 actions running)
2026-10-07T04:19:00.6999751Z [1,941 / 5,288] GoStdlib external/rules_go+/stdlib_/pkg [for tool]; 21s processwrapper-sandbox ... (4 actions running)
2026-10-07T04:19:01.7443571Z [1,950 / 5,288] GoStdlib external/rules_go+/stdlib_/pkg [for tool]; 22s processwrapper-sandbox ... (4 actions, 3 running)
2026-10-07T04:19:02.7598583Z [1,967 / 5,288] GoStdlib external/rules_go+/stdlib_/pkg [for tool]; 23s processwrapper-sandbox ... (4 actions, 3 running)
2026-10-07T04:19:03.8019643Z [1,974 / 5,288] GoStdlib external/rules_go+/stdlib_/pkg [for tool]; 24s processwrapper-sandbox ... (4 actions, 3 running)
2026-10-07T04:19:04.8102729Z [2,003 / 5,288] GoStdlib external/rules_go+/stdlib_/pkg [for tool]; 25s processwrapper-sandbox ... (4 actions, 3 running)
2026-10-07T04:19:05.8367229Z [2,017 / 5,288] go_marshal: @@//pkg/sentry/loader:loader_abi_autogen [for tool]; 1s processwrapper-sandbox ... (4 actions, 3 running)
2026-10-07T04:19:05.8926449Z INFO: From go_marshal: @@//pkg/sentry/loader:loader_abi_autogen [for tool]:
2026-10-07T04:19:05.8983672Z stdout (/tmp/helox-release-gvisor.7yIZAB/.cache/bazel/_bazel_builder/9b8dcb7ce3256a02634b06643649612d/execroot/_main/bazel-out/_tmp/actions/stdout-2008) 1818073 exceeds maximum size of --experimental_ui_max_stdouterr_bytes=1048576 bytes; skipping
2026-10-07T04:19:07.1382994Z [2,067 / 5,288] GoStdlib external/rules_go+/stdlib_/pkg; 1s processwrapper-sandbox ... (4 actions, 3 running)
2026-10-07T04:19:07.4583231Z INFO: From go_marshal: @@//pkg/sentry/loader:loader_abi_autogen:
2026-10-07T04:19:07.4589379Z stdout (/tmp/helox-release-gvisor.7yIZAB/.cache/bazel/_bazel_builder/9b8dcb7ce3256a02634b06643649612d/execroot/_main/bazel-out/_tmp/actions/stdout-2066) 1818073 exceeds maximum size of --experimental_ui_max_stdouterr_bytes=1048576 bytes; skipping
2026-10-07T04:19:08.1507532Z [2,096 / 5,288] GoStdlib external/rules_go+/stdlib_/pkg; 2s processwrapper-sandbox ... (4 actions, 3 running)
2026-10-07T04:19:09.1505246Z [2,175 / 5,288] GoStdlib external/rules_go+/stdlib_/pkg; 3s processwrapper-sandbox ... (4 actions, 3 running)
2026-10-07T04:19:10.1580417Z [2,240 / 5,288] GoStdlib external/rules_go+/stdlib_/pkg; 4s processwrapper-sandbox ... (4 actions, 3 running)
2026-10-07T04:19:11.1665139Z [2,287 / 5,288] GoStdlib external/rules_go+/stdlib_/pkg; 5s processwrapper-sandbox ... (4 actions, 3 running)
2026-10-07T04:19:12.1781500Z [2,359 / 5,288] GoStdlib external/rules_go+/stdlib_/pkg; 6s processwrapper-sandbox ... (4 actions, 3 running)
2026-10-07T04:19:13.2036442Z [2,391 / 5,288] GoStdlib external/rules_go+/stdlib_/pkg; 7s processwrapper-sandbox ... (4 actions, 3 running)
2026-10-07T04:19:14.2442532Z [2,422 / 5,288] GoStdlib external/rules_go+/stdlib_/pkg; 9s processwrapper-sandbox ... (4 actions, 3 running)
2026-10-07T04:19:15.2204138Z [2,467 / 5,288] GoStdlib external/rules_go+/stdlib_/pkg; 10s processwrapper-sandbox ... (4 actions, 3 running)
2026-10-07T04:19:16.2569444Z [2,518 / 5,288] GoStdlib external/rules_go+/stdlib_/pkg; 11s processwrapper-sandbox ... (4 actions, 3 running)
2026-10-07T04:19:17.2610865Z [2,570 / 5,288] GoStdlib external/rules_go+/stdlib_/pkg; 12s processwrapper-sandbox ... (4 actions, 3 running)
2026-10-07T04:19:18.2685756Z [2,623 / 5,288] GoStdlib external/rules_go+/stdlib_/pkg; 13s processwrapper-sandbox ... (4 actions, 3 running)
2026-10-07T04:19:19.2791365Z [2,674 / 5,288] GoStdlib external/rules_go+/stdlib_/pkg; 14s processwrapper-sandbox ... (4 actions, 3 running)
2026-10-07T04:19:20.2840384Z [2,717 / 5,288] GoStdlib external/rules_go+/stdlib_/pkg; 15s processwrapper-sandbox ... (4 actions, 3 running)
2026-10-07T04:19:21.3015295Z [2,767 / 5,288] GoStdlib external/rules_go+/stdlib_/pkg; 16s processwrapper-sandbox ... (4 actions, 3 running)
2026-10-07T04:19:22.3153881Z [2,814 / 5,288] GoStdlib external/rules_go+/stdlib_/pkg; 17s processwrapper-sandbox ... (4 actions, 3 running)
2026-10-07T04:19:23.3346950Z [2,853 / 5,288] GoStdlib external/rules_go+/stdlib_/pkg; 18s processwrapper-sandbox ... (4 actions, 3 running)
2026-10-07T04:19:24.3480215Z [2,887 / 5,288] GoStdlib external/rules_go+/stdlib_/pkg; 19s processwrapper-sandbox ... (4 actions, 3 running)
2026-10-07T04:19:25.3848402Z [2,908 / 5,288] GoStdlib external/rules_go+/stdlib_/pkg; 20s processwrapper-sandbox ... (4 actions, 3 running)
2026-10-07T04:19:26.3966361Z [2,929 / 5,288] GoStdlib external/rules_go+/stdlib_/pkg; 21s processwrapper-sandbox ... (4 actions, 3 running)
2026-10-07T04:19:27.4209763Z [2,961 / 5,288] GoStdlib external/rules_go+/stdlib_/pkg; 22s processwrapper-sandbox ... (4 actions, 3 running)
2026-10-07T04:19:28.4263449Z [3,012 / 5,288] GoStdlib external/rules_go+/stdlib_/pkg; 23s processwrapper-sandbox ... (4 actions, 3 running)
2026-10-07T04:19:29.4460026Z [3,066 / 5,288] GoStdlib external/rules_go+/stdlib_/pkg; 24s processwrapper-sandbox ... (4 actions, 3 running)
2026-10-07T04:19:30.4486154Z [3,160 / 5,288] GoStdlib external/rules_go+/stdlib_/pkg; 0s processwrapper-sandbox ... (4 actions, 3 running)
2026-10-07T04:19:31.4648339Z [3,228 / 5,288] GoStdlib external/rules_go+/stdlib_/pkg; 1s processwrapper-sandbox ... (4 actions, 3 running)
2026-10-07T04:19:32.4798551Z [3,281 / 5,288] GoStdlib external/rules_go+/stdlib_/pkg; 2s processwrapper-sandbox ... (4 actions, 3 running)
2026-10-07T04:19:33.4874308Z [3,366 / 5,288] GoStdlib external/rules_go+/stdlib_/pkg; 3s processwrapper-sandbox ... (4 actions, 3 running)
2026-10-07T04:19:34.5166802Z [3,455 / 5,288] GoStdlib external/rules_go+/stdlib_/pkg; 4s processwrapper-sandbox ... (4 actions, 2 running)
2026-10-07T04:19:35.5516819Z [3,480 / 5,288] GoStdlib external/rules_go+/stdlib_/pkg; 5s processwrapper-sandbox ... (4 actions, 3 running)
2026-10-07T04:19:36.5606321Z [3,529 / 5,288] GoStdlib external/rules_go+/stdlib_/pkg; 6s processwrapper-sandbox ... (4 actions, 3 running)
2026-10-07T04:19:37.5884150Z [3,556 / 5,288] GoStdlib external/rules_go+/stdlib_/pkg; 7s processwrapper-sandbox ... (4 actions, 3 running)
2026-10-07T04:19:38.5946518Z [3,567 / 5,288] GoStdlib external/rules_go+/stdlib_/pkg; 8s processwrapper-sandbox ... (4 actions, 3 running)
2026-10-07T04:19:39.6099534Z [3,595 / 5,288] GoStdlib external/rules_go+/stdlib_/pkg; 9s processwrapper-sandbox ... (4 actions, 3 running)
2026-10-07T04:19:40.6273647Z [3,632 / 5,288] GoStdlib external/rules_go+/stdlib_/pkg; 10s processwrapper-sandbox ... (4 actions, 3 running)
2026-10-07T04:19:41.6540571Z [3,662 / 5,288] GoStdlib external/rules_go+/stdlib_/pkg; 11s processwrapper-sandbox ... (3 actions, 2 running)
2026-10-07T04:19:42.6827501Z [3,683 / 5,288] GoStdlib external/rules_go+/stdlib_/pkg; 12s processwrapper-sandbox ... (3 actions, 2 running)
2026-10-07T04:19:43.6843459Z [3,706 / 5,288] GoStdlib external/rules_go+/stdlib_/pkg; 13s processwrapper-sandbox ... (4 actions, 3 running)
2026-10-07T04:19:44.7180901Z [3,739 / 5,288] GoStdlib external/rules_go+/stdlib_/pkg; 14s processwrapper-sandbox ... (4 actions, 3 running)
2026-10-07T04:19:45.7488441Z [3,777 / 5,288] GoStdlib external/rules_go+/stdlib_/pkg; 15s processwrapper-sandbox ... (4 actions running)
2026-10-07T04:19:46.8257716Z [3,782 / 5,288] GoStdlib external/rules_go+/stdlib_/pkg; 16s processwrapper-sandbox ... (4 actions, 3 running)
2026-10-07T04:19:47.9284597Z [3,793 / 5,288] GoStdlib external/rules_go+/stdlib_/pkg; 17s processwrapper-sandbox ... (4 actions, 3 running)
2026-10-07T04:19:48.9738813Z [3,800 / 5,288] GoStdlib external/rules_go+/stdlib_/pkg; 19s processwrapper-sandbox ... (4 actions, 3 running)
2026-10-07T04:19:50.0689086Z [3,810 / 5,288] GoStdlib external/rules_go+/stdlib_/pkg; 20s processwrapper-sandbox ... (4 actions, 3 running)
2026-10-07T04:19:51.2895296Z [3,815 / 5,288] GoStdlib external/rules_go+/stdlib_/pkg; 21s processwrapper-sandbox ... (4 actions, 3 running)
2026-10-07T04:19:52.4257711Z [3,819 / 5,288] GoStdlib external/rules_go+/stdlib_/pkg; 22s processwrapper-sandbox ... (4 actions, 3 running)
2026-10-07T04:19:53.7500184Z [3,825 / 5,288] GoStdlib external/rules_go+/stdlib_/pkg; 23s processwrapper-sandbox ... (3 actions running)
2026-10-07T04:19:54.7886839Z [3,837 / 5,288] GoCompilePkg external/gazelle++go_deps+com_github_vishvananda_netlink/netlink.a; 1s processwrapper-sandbox ... (4 actions, 3 running)
2026-10-07T04:19:55.7948022Z [3,854 / 5,288] GoCompilePkg external/gazelle++go_deps+com_github_envoyproxy_go_control_plane_envoy/extensions/filters/network/http_connection_manager/v3/http_connection_manager.a; 0s processwrapper-sandbox ... (4 actions, 3 running)
2026-10-07T04:19:56.8226525Z [3,876 / 5,288] GoCompilePkg external/gazelle++go_deps+com_github_envoyproxy_go_control_plane_envoy/config/listener/v3/listener.a; 0s processwrapper-sandbox ... (3 actions, 2 running)
2026-10-07T04:19:57.8352479Z [3,902 / 5,288] GoCompilePkg external/gazelle++go_deps+com_github_envoyproxy_go_control_plane_envoy/config/common/matcher/v3/matcher.a; 0s processwrapper-sandbox ... (4 actions, 3 running)
2026-10-07T04:19:58.8570479Z [3,939 / 5,288] GoCompilePkg external/gazelle++go_deps+com_github_envoyproxy_go_control_plane_envoy/admin/v3/admin.a; 0s processwrapper-sandbox ... (4 actions, 3 running)
2026-10-07T04:19:59.8791090Z [3,980 / 5,288] GoCompilePkg external/gazelle++go_deps+org_golang_google_grpc/internal/xds/balancer/priority/priority.a; 0s processwrapper-sandbox ... (4 actions, 3 running)
2026-10-07T04:20:00.8868383Z [4,008 / 5,288] GoCompilePkg external/gazelle++go_deps+org_golang_google_grpc/grpc.a; 0s processwrapper-sandbox ... (4 actions, 3 running)
2026-10-07T04:20:01.9158979Z [4,034 / 5,288] GoCompilePkg external/gazelle++go_deps+com_google_cloud_go_monitoring/apiv3/v2/monitoringpb/monitoringpb.a; 0s processwrapper-sandbox ... (4 actions, 3 running)
2026-10-07T04:20:02.9303156Z [4,057 / 5,288] GoCompilePkg external/gazelle++go_deps+com_google_cloud_go_storage/internal/apiv2/storagepb/storagepb.a; 0s processwrapper-sandbox ... (4 actions, 3 running)
2026-10-07T04:20:03.9537074Z [4,080 / 5,288] GoCompilePkg external/gazelle++go_deps+org_golang_google_grpc/balancer/grpclb/grpclb.a; 0s processwrapper-sandbox ... (3 actions, 2 running)
2026-10-07T04:20:05.0226119Z [4,113 / 5,288] GoCompilePkg external/gazelle++go_deps+com_google_cloud_go_storage/experimental/experimental.a; 0s processwrapper-sandbox ... (3 actions, 2 running)
2026-10-07T04:20:06.0728752Z [4,140 / 5,288] GoCompilePkg external/gazelle++go_deps+com_google_cloud_go_monitoring/apiv3/v2/apiv3.a; 0s processwrapper-sandbox ... (4 actions, 3 running)
2026-10-07T04:20:07.1547149Z [4,169 / 5,288] GoCompilePkg external/gazelle++go_deps+org_golang_google_api/storage/v1/storage.a; 0s processwrapper-sandbox ... (4 actions, 3 running)
2026-10-07T04:20:08.1735151Z [4,191 / 5,288] GoImports pkg/sentry/kernel/pipe/pipe_state_autogen_with_imports.go [for tool]; 0s processwrapper-sandbox ... (3 actions, 2 running)
2026-10-07T04:20:09.1980939Z [4,219 / 5,288] GoCompilePkg external/gazelle++go_deps+org_golang_google_grpc/internal/xds/balancer/cdsbalancer/cdsbalancer.a; 0s processwrapper-sandbox ... (3 actions, 2 running)
2026-10-07T04:20:10.2026219Z [4,248 / 5,288] GoImports tools/checkescape/checkescape_amd64_state_autogen_with_imports.go [for tool]; 0s processwrapper-sandbox ... (4 actions, 3 running)
2026-10-07T04:20:11.2795267Z [4,271 / 5,288] GoCompilePkg external/gazelle++go_deps+com_google_cloud_go_storage/storage.a; 1s processwrapper-sandbox ... (4 actions, 3 running)
2026-10-07T04:20:12.3098089Z [4,294 / 5,288] GoLink tools/nogo/nogo_/nogo [for tool]; 0s processwrapper-sandbox ... (3 actions, 2 running)
2026-10-07T04:20:13.4011356Z [4,315 / 5,288] Analyzing Go Standard Library; 0s local ... (4 actions, 3 running)
2026-10-07T04:20:14.4127568Z [4,341 / 5,288] Analyzing Go Standard Library; 1s local ... (4 actions, 3 running)
2026-10-07T04:20:15.4320039Z [4,367 / 5,288] Analyzing Go Standard Library; 2s local ... (4 actions, 3 running)
2026-10-07T04:20:16.4367336Z [4,382 / 5,288] Analyzing Go Standard Library; 3s local ... (4 actions, 3 running)
2026-10-07T04:20:17.5201029Z [4,398 / 5,288] Analyzing Go Standard Library; 4s local ... (3 actions, 2 running)
2026-10-07T04:20:18.5159066Z [4,413 / 5,288] Analyzing Go Standard Library; 5s local ... (4 actions running)
2026-10-07T04:20:19.5978396Z [4,433 / 5,288] Analyzing Go Standard Library; 6s local ... (4 actions, 3 running)
2026-10-07T04:20:20.6914864Z [4,446 / 5,288] Analyzing Go Standard Library; 8s local ... (4 actions, 3 running)
2026-10-07T04:20:21.7287390Z [4,470 / 5,288] Analyzing Go Standard Library; 9s local ... (4 actions, 3 running)
2026-10-07T04:20:22.7327409Z [4,499 / 5,288] Analyzing Go Standard Library; 10s local ... (4 actions running)
2026-10-07T04:20:23.7743942Z [4,524 / 5,288] Analyzing Go Standard Library; 11s local ... (4 actions running)
2026-10-07T04:20:24.7743458Z [4,551 / 5,288] Analyzing Go Standard Library; 12s local ... (4 actions running)
2026-10-07T04:20:25.7783737Z [4,578 / 5,288] Analyzing Go Standard Library; 13s local ... (4 actions, 3 running)
2026-10-07T04:20:26.8458607Z [4,608 / 5,288] Analyzing Go Standard Library; 14s local ... (4 actions, 2 running)
2026-10-07T04:20:27.9161168Z [4,630 / 5,288] Analyzing Go Standard Library; 15s local ... (4 actions, 3 running)
2026-10-07T04:20:28.9418901Z [4,647 / 5,288] Analyzing Go Standard Library; 16s local ... (4 actions, 3 running)
2026-10-07T04:20:29.9536248Z [4,664 / 5,288] Analyzing Go Standard Library; 17s local ... (4 actions, 3 running)
2026-10-07T04:20:30.9802152Z [4,681 / 5,288] Analyzing Go Standard Library; 18s local ... (4 actions, 3 running)
2026-10-07T04:20:31.9840544Z [4,697 / 5,288] Analyzing Go Standard Library; 19s local ... (4 actions, 3 running)
2026-10-07T04:20:33.0730952Z [4,715 / 5,288] Analyzing Go Standard Library; 20s local ... (4 actions, 3 running)
2026-10-07T04:20:34.1430552Z [4,723 / 5,288] Analyzing Go Standard Library; 21s local ... (4 actions, 3 running)
2026-10-07T04:20:35.2066638Z [4,738 / 5,288] Analyzing Go Standard Library; 22s local ... (3 actions, 2 running)
2026-10-07T04:20:36.3299979Z [4,752 / 5,288] Analyzing Go Standard Library; 23s local ... (4 actions, 3 running)
2026-10-07T04:20:37.4136868Z [4,771 / 5,288] Analyzing Go Standard Library; 24s local ... (3 actions, 2 running)
2026-10-07T04:20:38.4543450Z [4,782 / 5,288] Analyzing Go Standard Library; 25s local ... (4 actions, 3 running)
2026-10-07T04:20:39.4979496Z [4,789 / 5,288] Analyzing Go Standard Library; 26s local ... (4 actions, 3 running)
2026-10-07T04:20:40.5538414Z [4,808 / 5,288] Analyzing Go Standard Library; 27s local ... (4 actions, 3 running)
2026-10-07T04:20:41.5997597Z [4,827 / 5,288] Analyzing Go Standard Library; 28s local ... (4 actions, 3 running)
2026-10-07T04:20:42.7832094Z [4,834 / 5,288] Analyzing Go Standard Library; 30s local ... (4 actions running)
2026-10-07T04:20:52.8529116Z [4,834 / 5,288] Analyzing Go Standard Library; 40s local ... (4 actions running)
2026-10-07T04:21:22.8588867Z [4,834 / 5,288] Analyzing Go Standard Library; 70s local ... (4 actions running)
2026-10-07T04:22:19.9269434Z INFO: From Analyzing Go Standard Library:
2026-10-07T04:22:19.9270367Z error resolving GOVERSION: open <source file src/go.mod>: no such file or directory
2026-10-07T04:22:19.9494220Z [4,835 / 5,288] Analyzing Go Standard Library; 112s local ... (4 actions, 3 running)
2026-10-07T04:22:21.8130788Z [4,836 / 5,288] Analyzing Go Standard Library; 114s local ... (4 actions running)
2026-10-07T04:22:27.4685176Z INFO: From Analyzing Go Standard Library:
2026-10-07T04:22:27.4686226Z error resolving GOVERSION: open <source file src/go.mod>: no such file or directory
2026-10-07T04:22:27.5114259Z [4,837 / 5,288] Analyzing Go Standard Library; 105s local ... (4 actions, 3 running)
2026-10-07T04:22:28.7437489Z [4,840 / 5,288] Analyzing Go Standard Library; 106s local ... (4 actions, 3 running)
2026-10-07T04:22:29.8162602Z [4,846 / 5,288] Analyzing Go Standard Library; 107s local ... (4 actions running)
2026-10-07T04:22:40.8750442Z [4,846 / 5,288] Analyzing Go Standard Library; 118s local ... (4 actions running)
2026-10-07T04:22:43.1853163Z INFO: From Analyzing Go Standard Library [for tool]:
2026-10-07T04:22:43.1859717Z error resolving GOVERSION: open <source file src/go.mod>: no such file or directory
2026-10-07T04:22:43.2134603Z [4,847 / 5,288] Analyzing Go Standard Library; 121s local ... (4 actions, 3 running)
2026-10-07T04:22:43.5636323Z INFO: From Analyzing Go Standard Library:
2026-10-07T04:22:43.5637245Z error resolving GOVERSION: open <source file src/go.mod>: no such file or directory
2026-10-07T04:22:44.5697220Z [4,857 / 5,288] Analyzing Go Standard Library [for tool]; 24s local ... (4 actions, 3 running)
2026-10-07T04:22:45.6328979Z [4,878 / 5,288] Analyzing Go Standard Library [for tool]; 25s local ... (3 actions, 2 running)
2026-10-07T04:22:46.7210230Z [4,899 / 5,288] Analyzing Go Standard Library [for tool]; 26s local ... (4 actions, 3 running)
2026-10-07T04:22:47.8220768Z [4,908 / 5,288] Analyzing Go Standard Library [for tool]; 27s local ... (4 actions running)
2026-10-07T04:22:48.8267610Z [4,909 / 5,288] Analyzing Go Standard Library [for tool]; 28s local ... (4 actions running)
2026-10-07T04:22:50.0371993Z [4,925 / 5,288] Analyzing Go Standard Library [for tool]; 29s local ... (4 actions, 3 running)
2026-10-07T04:22:51.0363504Z [4,933 / 5,288] Analyzing Go Standard Library [for tool]; 30s local ... (4 actions, 3 running)
2026-10-07T04:22:52.0535680Z [4,949 / 5,288] Analyzing Go Standard Library [for tool]; 31s local ... (4 actions, 3 running)
2026-10-07T04:22:53.1234767Z [4,961 / 5,288] Analyzing Go Standard Library [for tool]; 32s local ... (4 actions, 3 running)
2026-10-07T04:22:54.1858082Z [4,967 / 5,288] Analyzing Go Standard Library [for tool]; 34s local ... (4 actions, 3 running)
2026-10-07T04:22:55.2628241Z [4,975 / 5,288] Analyzing Go Standard Library [for tool]; 35s local ... (4 actions, 3 running)
2026-10-07T04:22:56.2672129Z [4,981 / 5,288] Analyzing Go Standard Library [for tool]; 36s local ... (4 actions, 3 running)
2026-10-07T04:22:57.2881569Z [4,995 / 5,288] Analyzing Go Standard Library [for tool]; 37s local ... (4 actions, 3 running)
2026-10-07T04:22:58.6502307Z [5,002 / 5,288] Analyzing Go Standard Library [for tool]; 38s local ... (4 actions, 3 running)
2026-10-07T04:22:59.6773292Z [5,006 / 5,288] Analyzing Go Standard Library [for tool]; 39s local ... (4 actions, 3 running)
2026-10-07T04:23:00.7339882Z [5,018 / 5,288] Analyzing Go Standard Library [for tool]; 40s local ... (4 actions, 2 running)
2026-10-07T04:23:01.8122453Z [5,027 / 5,288] Analyzing Go Standard Library [for tool]; 41s local ... (3 actions, 2 running)
2026-10-07T04:23:02.8297477Z [5,028 / 5,288] Analyzing Go Standard Library [for tool]; 42s local ... (4 actions running)
2026-10-07T04:23:03.9467861Z [5,031 / 5,288] Analyzing Go Standard Library [for tool]; 43s local ... (4 actions, 3 running)
2026-10-07T04:23:05.1666619Z [5,037 / 5,288] Analyzing Go Standard Library [for tool]; 44s local ... (4 actions, 3 running)
2026-10-07T04:23:06.8299661Z [5,042 / 5,288] Analyzing Go Standard Library [for tool]; 46s local ... (3 actions running)
2026-10-07T04:23:08.0099700Z [5,043 / 5,288] Analyzing Go Standard Library [for tool]; 47s local ... (4 actions, 2 running)
2026-10-07T04:23:09.2846947Z [5,048 / 5,288] Analyzing Go Standard Library [for tool]; 49s local ... (4 actions, 3 running)
2026-10-07T04:23:10.3333869Z [5,053 / 5,288] Analyzing Go Standard Library [for tool]; 50s local ... (4 actions, 3 running)
2026-10-07T04:23:11.5383539Z [5,058 / 5,288] Analyzing Go Standard Library [for tool]; 51s local ... (4 actions, 3 running)
2026-10-07T04:23:12.6580342Z [5,063 / 5,288] Analyzing Go Standard Library [for tool]; 52s local ... (4 actions, 3 running)
2026-10-07T04:23:13.8334008Z [5,068 / 5,288] Analyzing Go Standard Library [for tool]; 53s local ... (4 actions running)
2026-10-07T04:23:14.8350482Z [5,072 / 5,288] Analyzing Go Standard Library [for tool]; 54s local ... (4 actions running)
2026-10-07T04:23:15.8354333Z [5,074 / 5,288] Analyzing Go Standard Library [for tool]; 55s local ... (4 actions running)
2026-10-07T04:23:17.6750426Z [5,076 / 5,288] Analyzing Go Standard Library [for tool]; 57s local ... (4 actions, 3 running)
2026-10-07T04:23:18.8360557Z [5,079 / 5,288] Analyzing Go Standard Library [for tool]; 58s local ... (4 actions running)
2026-10-07T04:23:20.3260099Z [5,080 / 5,288] Analyzing Go Standard Library [for tool]; 60s local ... (4 actions, 3 running)
2026-10-07T04:23:21.6107381Z [5,085 / 5,288] Analyzing Go Standard Library [for tool]; 61s local ... (4 actions, 3 running)
2026-10-07T04:23:22.7057440Z [5,094 / 5,288] Analyzing Go Standard Library [for tool]; 62s local ... (4 actions, 3 running)
2026-10-07T04:23:23.8378851Z [5,102 / 5,288] Analyzing Go Standard Library [for tool]; 63s local ... (4 actions running)
2026-10-07T04:23:25.1626317Z [5,107 / 5,288] Analyzing Go Standard Library [for tool]; 64s local ... (4 actions, 3 running)
2026-10-07T04:23:26.8432587Z [5,108 / 5,288] Analyzing Go Standard Library [for tool]; 66s local ... (4 actions running)
2026-10-07T04:23:27.8420582Z [5,110 / 5,288] Analyzing Go Standard Library [for tool]; 67s local ... (3 actions running)
2026-10-07T04:23:34.2320290Z [5,111 / 5,288] Analyzing Go Standard Library [for tool]; 74s local ... (3 actions, 2 running)
2026-10-07T04:23:35.8436943Z [5,112 / 5,288] Analyzing Go Standard Library [for tool]; 75s local ... (2 actions running)
2026-10-07T04:23:45.8963855Z [5,112 / 5,288] Analyzing Go Standard Library [for tool]; 85s local ... (2 actions running)
2026-10-07T04:24:01.1344469Z INFO: From Analyzing Go Standard Library [for tool]:
2026-10-07T04:24:01.1344983Z error resolving GOVERSION: open <source file src/go.mod>: no such file or directory
2026-10-07T04:24:01.1524466Z [5,113 / 5,288] Analyzing Go Standard Library [for tool]; 92s local ... (2 actions, 1 running)
2026-10-07T04:24:02.8525296Z [5,114 / 5,288] Analyzing Go Standard Library [for tool]; 93s local
2026-10-07T04:24:04.8775079Z INFO: From Analyzing Go Standard Library [for tool]:
2026-10-07T04:24:04.8775897Z error resolving GOVERSION: open <source file src/go.mod>: no such file or directory
2026-10-07T04:24:04.8935029Z [5,115 / 5,288] [Prepa] Analyzing @@//pkg/gohacks:gohacks [for tool] ... (2 actions, 0 running)
2026-10-07T04:24:05.9132439Z [5,150 / 5,288] Analyzing @@//pkg/state:state [for tool]; 0s local ... (4 actions, 3 running)
2026-10-07T04:24:07.7146442Z [5,169 / 5,288] GoCompilePkg pkg/tcpip/stack/stack.a [for tool]; 0s processwrapper-sandbox ... (2 actions, 1 running)
2026-10-07T04:24:08.7248635Z [5,196 / 5,288] GoCompilePkg pkg/sentry/ktime/ktime.a [for tool]; 0s processwrapper-sandbox ... (4 actions, 3 running)
2026-10-07T04:24:09.7707423Z [5,217 / 5,288] GoCompilePkg pkg/lisafs/lisafs.a [for tool]; 0s processwrapper-sandbox ... (4 actions, 3 running)
2026-10-07T04:24:10.8580848Z [5,225 / 5,288] GoCompilePkg pkg/sentry/vfs/vfs.a [for tool]; 0s processwrapper-sandbox
2026-10-07T04:24:12.2601707Z [5,237 / 5,288] [Prepa] GoCompilePkg pkg/sentry/fsutil/fsutil.a [for tool] ... (2 actions, 0 running)
2026-10-07T04:24:13.4039741Z [5,242 / 5,288] GoCompilePkg pkg/sentry/fsimpl/tmpfs/tmpfs.a [for tool]; 0s processwrapper-sandbox ... (4 actions, 3 running)
2026-10-07T04:24:14.8646477Z [5,248 / 5,288] GoCompilePkg pkg/sentry/kernel/kernel.a [for tool]; 1s processwrapper-sandbox
2026-10-07T04:24:15.8641643Z [5,252 / 5,288] GoCompilePkg pkg/sentry/devices/nvproxy/nvproxy.a [for tool]; 0s processwrapper-sandbox ... (4 actions running)
2026-10-07T04:24:16.8686221Z [5,257 / 5,288] GoCompilePkg pkg/sentry/devices/nvproxy/nvproxy.a [for tool]; 1s processwrapper-sandbox ... (3 actions running)
2026-10-07T04:24:17.8698887Z [5,263 / 5,288] Executing genrule //runsc/boot/filter:filter_precompiled; 0s processwrapper-sandbox
2026-10-07T04:24:28.9075942Z [5,263 / 5,288] Executing genrule //runsc/boot/filter:filter_precompiled; 11s processwrapper-sandbox
2026-10-07T04:24:33.9031872Z [5,264 / 5,288] [Prepa] Generating state library @@//runsc/boot/filter:filter_state_autogen_with_imports
2026-10-07T04:24:35.8712816Z [5,266 / 5,288] GoCompilePkg runsc/boot/filter/filter.a; 1s processwrapper-sandbox
2026-10-07T04:24:37.3018527Z [5,268 / 5,288] [Prepa] GoCompilePkg runsc/cmd/sandboxsetup/sandboxsetup.a ... (2 actions, 0 running)
2026-10-07T04:24:38.5616470Z [5,276 / 5,288] GoLink runsc/cmd/sentry/gvisor_sentry_/gvisor_sentry; 0s processwrapper-sandbox ... (3 actions, 1 running)
2026-10-07T04:24:39.8759858Z [5,280 / 5,288] GoLink runsc/cmd/metricserver/runsc-metric-server_/runsc-metric-server; 0s processwrapper-sandbox
2026-10-07T04:24:40.8762736Z [5,281 / 5,288] Executing genrule //runsc/cmd/metricserver:metricserver_flate; 0s processwrapper-sandbox
2026-10-07T04:24:44.7389504Z [5,282 / 5,288] [Prepa] GoCompilePkg runsc/cmd/metricserver/metricserver.a
2026-10-07T04:24:45.8794726Z [5,286 / 5,288] GoLink runsc/runsc_/runsc; 0s processwrapper-sandbox
2026-10-07T04:24:46.6576281Z INFO: Found 1 target...
2026-10-07T04:24:46.6780499Z Target //:release up-to-date:
2026-10-07T04:24:46.6805435Z   bazel-bin/release/runsc
2026-10-07T04:24:46.6806315Z   bazel-bin/release/containerd-shim-runsc-v1
2026-10-07T04:24:46.6806786Z   bazel-bin/release/gvisor-bin/checkpointgofer
2026-10-07T04:24:46.6807283Z   bazel-bin/release/gvisor-bin/runsc-metric-server
2026-10-07T04:24:46.6807899Z   bazel-bin/release/gvisor-bin/gvisor_sentry
2026-10-07T04:24:46.6808692Z   bazel-bin/release/gvisor-bin/gvisor-sentry-prewarmer
2026-10-07T04:24:46.7973337Z INFO: Elapsed time: 492.512s, Critical Path: 240.96s
2026-10-07T04:24:46.7974068Z INFO: 5288 processes: 1544 internal, 42 local, 3702 processwrapper-sandbox.
2026-10-07T04:24:46.7984480Z INFO: Build completed successfully, 5288 total actions
2026-10-07T04:25:11.9703664Z 2026/10/07 04:25:11 Runtime runsc-trace not found: adding
2026-10-07T04:25:11.9712229Z 2026/10/07 04:25:11 Successfully updated config.
2026-10-07T04:25:15.6244787Z -N DOCKER-USER
2026-10-07T04:25:15.6245075Z -A DOCKER-USER -j RETURN
2026-10-07T04:25:16.1491091Z docker.io/library/node@sha256:713cfbf4a0ac19f40e1bb9919893e126b74a5c8cf5d0623c9f89515c8f74c6fa: Pulling from library/node
2026-10-07T04:25:16.1492187Z a8ac7f6c67ab: Pulling fs layer
2026-10-07T04:25:16.1492441Z 9f6b7612ad69: Pulling fs layer
2026-10-07T04:25:16.1492914Z 6345e7699535: Pulling fs layer
2026-10-07T04:25:16.1493217Z cd1f23a0f33e: Pulling fs layer
2026-10-07T04:25:16.1493456Z 3477b72abf7b: Pulling fs layer
2026-10-07T04:25:16.1493650Z cd1f23a0f33e: Waiting
2026-10-07T04:25:16.1493931Z 3477b72abf7b: Waiting
2026-10-07T04:25:16.3131849Z 9f6b7612ad69: Verifying Checksum
2026-10-07T04:25:16.3132247Z 9f6b7612ad69: Download complete
2026-10-07T04:25:16.5130937Z cd1f23a0f33e: Verifying Checksum
2026-10-07T04:25:16.5135342Z cd1f23a0f33e: Download complete
2026-10-07T04:25:16.5729407Z a8ac7f6c67ab: Verifying Checksum
2026-10-07T04:25:16.5729840Z a8ac7f6c67ab: Download complete
2026-10-07T04:25:16.5861883Z 3477b72abf7b: Verifying Checksum
2026-10-07T04:25:16.5862498Z 3477b72abf7b: Download complete
2026-10-07T04:25:16.6514337Z 6345e7699535: Download complete
2026-10-07T04:25:17.8114607Z a8ac7f6c67ab: Pull complete
2026-10-07T04:25:18.4735659Z 9f6b7612ad69: Pull complete
2026-10-07T04:25:20.9242324Z 6345e7699535: Pull complete
2026-10-07T04:25:20.9950050Z cd1f23a0f33e: Pull complete
2026-10-07T04:25:21.0021401Z 3477b72abf7b: Pull complete
2026-10-07T04:25:21.0044157Z Digest: sha256:713cfbf4a0ac19f40e1bb9919893e126b74a5c8cf5d0623c9f89515c8f74c6fa
2026-10-07T04:25:21.0050663Z Status: Downloaded newer image for node@sha256:713cfbf4a0ac19f40e1bb9919893e126b74a5c8cf5d0623c9f89515c8f74c6fa
2026-10-07T04:25:21.0060254Z docker.io/library/node:24.21.0-slim@sha256:713cfbf4a0ac19f40e1bb9919893e126b74a5c8cf5d0623c9f89515c8f74c6fa
2026-10-07T04:25:21.6102317Z docker.io/library/python@sha256:23c59390fc717bf09f9336908199a0ae75d9c4264bf296123f94ad772fea3b52: Pulling from library/python
2026-10-07T04:25:21.7554648Z 039e6f9f9752: Pulling fs layer
2026-10-07T04:25:21.7559009Z af40eb6962ce: Pulling fs layer
2026-10-07T04:25:21.7559365Z b55f0961b5b7: Pulling fs layer
2026-10-07T04:25:21.7559680Z 03f9750ee7e6: Pulling fs layer
2026-10-07T04:25:21.7559967Z 03f9750ee7e6: Waiting
2026-10-07T04:25:22.0622510Z af40eb6962ce: Verifying Checksum
2026-10-07T04:25:22.0622812Z af40eb6962ce: Download complete
2026-10-07T04:25:22.1282562Z 03f9750ee7e6: Verifying Checksum
2026-10-07T04:25:22.1283390Z 03f9750ee7e6: Download complete
2026-10-07T04:25:22.1619402Z b55f0961b5b7: Verifying Checksum
2026-10-07T04:25:22.1619706Z b55f0961b5b7: Download complete
2026-10-07T04:25:22.2211816Z 039e6f9f9752: Verifying Checksum
2026-10-07T04:25:22.2212485Z 039e6f9f9752: Download complete
2026-10-07T04:25:23.5297839Z 039e6f9f9752: Pull complete
2026-10-07T04:25:24.2378259Z af40eb6962ce: Pull complete
2026-10-07T04:25:25.1787496Z b55f0961b5b7: Pull complete
2026-10-07T04:25:25.1874499Z 03f9750ee7e6: Pull complete
2026-10-07T04:25:25.1901727Z Digest: sha256:23c59390fc717bf09f9336908199a0ae75d9c4264bf296123f94ad772fea3b52
2026-10-07T04:25:25.1906168Z Status: Downloaded newer image for python@sha256:23c59390fc717bf09f9336908199a0ae75d9c4264bf296123f94ad772fea3b52
2026-10-07T04:25:25.1912225Z docker.io/library/python:3.14.7-slim-bookworm@sha256:23c59390fc717bf09f9336908199a0ae75d9c4264bf296123f94ad772fea3b52
2026-10-07T04:25:25.6801868Z docker.io/library/golang@sha256:abe4f87f354c4f6d7ee3fb11b241c6b6c24a32ca50a2ebcc30493a2168e14048: Pulling from library/golang
2026-10-07T04:25:25.6802790Z eaac70c68abd: Pulling fs layer
2026-10-07T04:25:25.6803358Z 7b2de2423ebd: Pulling fs layer
2026-10-07T04:25:25.6803821Z 81578410df16: Pulling fs layer
2026-10-07T04:25:25.6804274Z bf3b640dda06: Pulling fs layer
2026-10-07T04:25:25.6804710Z 2cb3e687d353: Pulling fs layer
2026-10-07T04:25:25.6805151Z be016dbf54ff: Pulling fs layer
2026-10-07T04:25:25.6805644Z 4f4fb700ef54: Pulling fs layer
2026-10-07T04:25:25.6806078Z bf3b640dda06: Waiting
2026-10-07T04:25:25.6806877Z 2cb3e687d353: Waiting
2026-10-07T04:25:25.6807289Z be016dbf54ff: Waiting
2026-10-07T04:25:25.6807566Z 4f4fb700ef54: Waiting
2026-10-07T04:25:26.0578600Z 7b2de2423ebd: Verifying Checksum
2026-10-07T04:25:26.0579026Z 7b2de2423ebd: Download complete
2026-10-07T04:25:26.1594433Z eaac70c68abd: Verifying Checksum
2026-10-07T04:25:26.1595008Z eaac70c68abd: Download complete
2026-10-07T04:25:26.2312225Z 81578410df16: Verifying Checksum
2026-10-07T04:25:26.2312837Z 81578410df16: Download complete
2026-10-07T04:25:26.3064578Z be016dbf54ff: Verifying Checksum
2026-10-07T04:25:26.3066847Z be016dbf54ff: Download complete
2026-10-07T04:25:26.3791046Z 4f4fb700ef54: Verifying Checksum
2026-10-07T04:25:26.3791695Z 4f4fb700ef54: Download complete
2026-10-07T04:25:26.4054638Z bf3b640dda06: Verifying Checksum
2026-10-07T04:25:26.4055042Z bf3b640dda06: Download complete
2026-10-07T04:25:26.4736322Z 2cb3e687d353: Verifying Checksum
2026-10-07T04:25:28.1812222Z eaac70c68abd: Pull complete
2026-10-07T04:25:30.5842718Z 7b2de2423ebd: Pull complete
2026-10-07T04:25:33.9621695Z 81578410df16: Pull complete
2026-10-07T04:25:37.1160551Z bf3b640dda06: Pull complete
2026-10-07T04:25:45.1861325Z 2cb3e687d353: Pull complete
2026-10-07T04:25:45.1945257Z be016dbf54ff: Pull complete
2026-10-07T04:25:45.2009319Z 4f4fb700ef54: Pull complete
2026-10-07T04:25:45.2040837Z Digest: sha256:abe4f87f354c4f6d7ee3fb11b241c6b6c24a32ca50a2ebcc30493a2168e14048
2026-10-07T04:25:45.2046005Z Status: Downloaded newer image for golang@sha256:abe4f87f354c4f6d7ee3fb11b241c6b6c24a32ca50a2ebcc30493a2168e14048
2026-10-07T04:25:45.2051884Z docker.io/library/golang:1.26.8-bookworm@sha256:abe4f87f354c4f6d7ee3fb11b241c6b6c24a32ca50a2ebcc30493a2168e14048
2026-10-07T04:25:45.6761396Z docker.io/library/rust@sha256:59037199c44290f2befcdd58dcc540164763fc296950255aaefeef096a1866b0: Pulling from library/rust
2026-10-07T04:25:45.7746873Z eaac70c68abd: Already exists
2026-10-07T04:25:45.7756104Z 7b2de2423ebd: Already exists
2026-10-07T04:25:45.7766741Z 81578410df16: Already exists
2026-10-07T04:25:45.7775794Z de9e8d0a0071: Pulling fs layer
2026-10-07T04:25:45.7776122Z 6d6429856493: Pulling fs layer
2026-10-07T04:25:46.6313771Z de9e8d0a0071: Verifying Checksum
2026-10-07T04:25:46.6314322Z de9e8d0a0071: Download complete
2026-10-07T04:25:46.7495396Z 6d6429856493: Verifying Checksum
2026-10-07T04:25:46.7495792Z 6d6429856493: Download complete
2026-10-07T04:25:56.0484018Z de9e8d0a0071: Pull complete
2026-10-07T04:26:01.2441882Z 6d6429856493: Pull complete
2026-10-07T04:26:01.2467236Z Digest: sha256:59037199c44290f2befcdd58dcc540164763fc296950255aaefeef096a1866b0
2026-10-07T04:26:01.2472657Z Status: Downloaded newer image for rust@sha256:59037199c44290f2befcdd58dcc540164763fc296950255aaefeef096a1866b0
2026-10-07T04:26:01.2478851Z docker.io/library/rust:1.99.0-bookworm@sha256:59037199c44290f2befcdd58dcc540164763fc296950255aaefeef096a1866b0
2026-10-07T04:26:01.2705114Z Cloning into '/tmp/helox-release-observer.67tSLm/gvisor'...
2026-10-07T04:26:06.1483793Z Updating files:   0% (1/4377)
2026-10-07T04:26:06.1607039Z Updating files:   1% (44/4377)
2026-10-07T04:26:06.1641305Z Updating files:   2% (88/4377)
2026-10-07T04:26:06.1682742Z Updating files:   3% (132/4377)
2026-10-07T04:26:06.1700398Z Updating files:   4% (176/4377)
2026-10-07T04:26:06.1721088Z Updating files:   5% (219/4377)
2026-10-07T04:26:06.1741001Z Updating files:   6% (263/4377)
2026-10-07T04:26:06.1763228Z Updating files:   7% (307/4377)
2026-10-07T04:26:06.1782589Z Updating files:   8% (351/4377)
2026-10-07T04:26:06.1802885Z Updating files:   9% (394/4377)
2026-10-07T04:26:06.1824103Z Updating files:  10% (438/4377)
2026-10-07T04:26:06.1847270Z Updating files:  11% (482/4377)
2026-10-07T04:26:06.1868798Z Updating files:  12% (526/4377)
2026-10-07T04:26:06.1886967Z Updating files:  13% (570/4377)
2026-10-07T04:26:06.1903694Z Updating files:  14% (613/4377)
2026-10-07T04:26:06.1932568Z Updating files:  15% (657/4377)
2026-10-07T04:26:06.1937398Z Updating files:  16% (701/4377)
2026-10-07T04:26:06.1957952Z Updating files:  16% (709/4377)
2026-10-07T04:26:06.1975992Z Updating files:  17% (745/4377)
2026-10-07T04:26:06.1995733Z Updating files:  18% (788/4377)
2026-10-07T04:26:06.2021575Z Updating files:  19% (832/4377)
2026-10-07T04:26:06.2044325Z Updating files:  20% (876/4377)
2026-10-07T04:26:06.2073338Z Updating files:  21% (920/4377)
2026-10-07T04:26:06.2095628Z Updating files:  22% (963/4377)
2026-10-07T04:26:06.2122662Z Updating files:  23% (1007/4377)
2026-10-07T04:26:06.2152466Z Updating files:  24% (1051/4377)
2026-10-07T04:26:06.2177822Z Updating files:  25% (1095/4377)
2026-10-07T04:26:06.2202728Z Updating files:  26% (1139/4377)
2026-10-07T04:26:06.2223307Z Updating files:  27% (1182/4377)
2026-10-07T04:26:06.2264618Z Updating files:  28% (1226/4377)
2026-10-07T04:26:06.2290805Z Updating files:  29% (1270/4377)
2026-10-07T04:26:06.2318430Z Updating files:  30% (1314/4377)
2026-10-07T04:26:06.2347253Z Updating files:  31% (1357/4377)
2026-10-07T04:26:06.2365297Z Updating files:  32% (1401/4377)
2026-10-07T04:26:06.2386411Z Updating files:  33% (1445/4377)
2026-10-07T04:26:06.2404875Z Updating files:  34% (1489/4377)
2026-10-07T04:26:06.2422330Z Updating files:  35% (1532/4377)
2026-10-07T04:26:06.2442855Z Updating files:  36% (1576/4377)
2026-10-07T04:26:06.2466313Z Updating files:  37% (1620/4377)
2026-10-07T04:26:06.2491935Z Updating files:  38% (1664/4377)
2026-10-07T04:26:06.2512530Z Updating files:  39% (1708/4377)
2026-10-07T04:26:06.2532999Z Updating files:  40% (1751/4377)
2026-10-07T04:26:06.2554971Z Updating files:  41% (1795/4377)
2026-10-07T04:26:06.2575052Z Updating files:  42% (1839/4377)
2026-10-07T04:26:06.2602701Z Updating files:  43% (1883/4377)
2026-10-07T04:26:06.2621958Z Updating files:  44% (1926/4377)
2026-10-07T04:26:06.2642318Z Updating files:  45% (1970/4377)
2026-10-07T04:26:06.2661326Z Updating files:  46% (2014/4377)
2026-10-07T04:26:06.2678862Z Updating files:  47% (2058/4377)
2026-10-07T04:26:06.2705007Z Updating files:  48% (2101/4377)
2026-10-07T04:26:06.2727733Z Updating files:  49% (2145/4377)
2026-10-07T04:26:06.2748348Z Updating files:  50% (2189/4377)
2026-10-07T04:26:06.2785255Z Updating files:  51% (2233/4377)
2026-10-07T04:26:06.2823350Z Updating files:  52% (2277/4377)
2026-10-07T04:26:06.2857524Z Updating files:  53% (2320/4377)
2026-10-07T04:26:06.2898261Z Updating files:  54% (2364/4377)
2026-10-07T04:26:06.2924750Z Updating files:  55% (2408/4377)
2026-10-07T04:26:06.2960962Z Updating files:  56% (2452/4377)
2026-10-07T04:26:06.2984565Z Updating files:  57% (2495/4377)
2026-10-07T04:26:06.3008521Z Updating files:  58% (2539/4377)
2026-10-07T04:26:06.3037904Z Updating files:  59% (2583/4377)
2026-10-07T04:26:06.3063446Z Updating files:  60% (2627/4377)
2026-10-07T04:26:06.3083006Z Updating files:  61% (2670/4377)
2026-10-07T04:26:06.3166290Z Updating files:  62% (2714/4377)
2026-10-07T04:26:06.3201156Z Updating files:  63% (2758/4377)
2026-10-07T04:26:06.3225391Z Updating files:  64% (2802/4377)
2026-10-07T04:26:06.3252768Z Updating files:  65% (2846/4377)
2026-10-07T04:26:06.3276465Z Updating files:  66% (2889/4377)
2026-10-07T04:26:06.3295004Z Updating files:  67% (2933/4377)
2026-10-07T04:26:06.3315722Z Updating files:  68% (2977/4377)
2026-10-07T04:26:06.3340337Z Updating files:  69% (3021/4377)
2026-10-07T04:26:06.3364179Z Updating files:  70% (3064/4377)
2026-10-07T04:26:06.3390210Z Updating files:  71% (3108/4377)
2026-10-07T04:26:06.3413573Z Updating files:  72% (3152/4377)
2026-10-07T04:26:06.3436015Z Updating files:  73% (3196/4377)
2026-10-07T04:26:06.3454698Z Updating files:  74% (3239/4377)
2026-10-07T04:26:06.3475942Z Updating files:  75% (3283/4377)
2026-10-07T04:26:06.3498493Z Updating files:  76% (3327/4377)
2026-10-07T04:26:06.3528899Z Updating files:  77% (3371/4377)
2026-10-07T04:26:06.3557154Z Updating files:  78% (3415/4377)
2026-10-07T04:26:06.3595560Z Updating files:  79% (3458/4377)
2026-10-07T04:26:06.3625039Z Updating files:  80% (3502/4377)
2026-10-07T04:26:06.3652167Z Updating files:  81% (3546/4377)
2026-10-07T04:26:06.3684473Z Updating files:  82% (3590/4377)
2026-10-07T04:26:06.3704153Z Updating files:  83% (3633/4377)
2026-10-07T04:26:06.3732724Z Updating files:  84% (3677/4377)
2026-10-07T04:26:06.3752035Z Updating files:  85% (3721/4377)
2026-10-07T04:26:06.3771215Z Updating files:  86% (3765/4377)
2026-10-07T04:26:06.3794555Z Updating files:  87% (3808/4377)
2026-10-07T04:26:06.3811535Z Updating files:  88% (3852/4377)
2026-10-07T04:26:06.3830168Z Updating files:  89% (3896/4377)
2026-10-07T04:26:06.3851444Z Updating files:  90% (3940/4377)
2026-10-07T04:26:06.3873791Z Updating files:  91% (3984/4377)
2026-10-07T04:26:06.3896323Z Updating files:  92% (4027/4377)
2026-10-07T04:26:06.3916064Z Updating files:  93% (4071/4377)
2026-10-07T04:26:06.3933142Z Updating files:  94% (4115/4377)
2026-10-07T04:26:06.3970255Z Updating files:  95% (4159/4377)
2026-10-07T04:26:06.4142859Z Updating files:  96% (4202/4377)
2026-10-07T04:26:06.4621235Z Updating files:  97% (4246/4377)
2026-10-07T04:26:06.4655159Z Updating files:  98% (4290/4377)
2026-10-07T04:26:06.4681162Z Updating files:  99% (4334/4377)
2026-10-07T04:26:06.4681479Z Updating files: 100% (4377/4377)
2026-10-07T04:26:06.4681778Z Updating files: 100% (4377/4377), done.
2026-10-07T04:26:08.2186865Z HEAD is now at 7c6199801 Support NVIDIA IMEX-620.30 in gVisor.
2026-10-07T04:26:09.0905572Z Extracting Bazel installation...
2026-10-07T04:26:10.5920391Z Starting local Bazel server (8.3.1) and connecting to it...
2026-10-07T04:26:11.6999387Z Computing main repo mapping: 
2026-10-07T04:26:12.7005731Z Computing main repo mapping: 
2026-10-07T04:26:13.7012279Z Computing main repo mapping: 
2026-10-07T04:26:14.7065844Z Computing main repo mapping: 
2026-10-07T04:26:15.7104936Z Computing main repo mapping: 
2026-10-07T04:26:16.7115207Z Computing main repo mapping: 
2026-10-07T04:26:16.9170221Z WARNING: For repository 'bazel_skylib', the root module requires module version bazel_skylib@1.7.1, but got bazel_skylib@1.8.2 in the resolved dependency graph. Please update the version in your MODULE.bazel or set --check_direct_dependencies=off
2026-10-07T04:26:18.1119281Z Computing main repo mapping: 
2026-10-07T04:26:18.9890324Z Loading: 
2026-10-07T04:26:18.9922073Z Loading: 2 packages loaded
2026-10-07T04:26:20.0258955Z Loading: 2 packages loaded
2026-10-07T04:26:20.0260784Z     currently loading: tools/haa_gvisor_observer
2026-10-07T04:26:20.5171592Z DEBUG: /home/runner/.cache/bazel/_bazel_runner/9d931dbd5179d9a7275cc42472d8e79f/external/gazelle+/internal/bzlmod/go_deps.bzl:660:36: The following Go modules were required by the root module at the given versions, but were implicitly updated to higher versions due to transitive dependencies:
2026-10-07T04:26:20.5180555Z  
2026-10-07T04:26:20.5217400Z   go.opentelemetry.io/auto/sdk: v1.1.0 -> v1.2.1 
2026-10-07T04:26:20.5218453Z   go.opentelemetry.io/contrib/instrumentation/google.golang.org/grpc/otelgrpc: v0.61.0 -> v0.67.0 
2026-10-07T04:26:20.5219121Z   golang.org/x/crypto: v0.42.0 -> v0.49.0 
2026-10-07T04:26:20.5219395Z   golang.org/x/term: v0.35.0 -> v0.42.0 
2026-10-07T04:26:20.5219657Z   golang.org/x/net: v0.44.0 -> v0.52.0 
2026-10-07T04:26:20.5219915Z   go.opentelemetry.io/otel: v1.37.0 -> v1.43.0 
2026-10-07T04:26:20.5220208Z   go.opentelemetry.io/otel/metric: v1.28.0 -> v1.43.0 
2026-10-07T04:26:20.5220499Z   github.com/felixge/httpsnoop: v1.0.2 -> v1.0.4 
2026-10-07T04:26:20.5220905Z   go.opentelemetry.io/contrib/instrumentation/net/http/otelhttp: v0.53.0 -> v0.67.0 
2026-10-07T04:26:20.5221307Z   go.opentelemetry.io/otel/trace: v1.28.0 -> v1.43.0 
2026-10-07T04:26:20.5221622Z   github.com/opencontainers/image-spec: v1.0.2 -> v1.1.1 
2026-10-07T04:26:20.5221910Z   cloud.google.com/go: v0.105.0 -> v0.123.0 
2026-10-07T04:26:20.5222156Z   cloud.google.com/go/iam: v0.8.0 -> v1.7.0 
2026-10-07T04:26:20.5222449Z   cloud.google.com/go/compute/metadata: v0.8.0 -> v0.9.0 
2026-10-07T04:26:20.5222811Z   github.com/googleapis/enterprise-certificate-proxy: v0.3.6 -> v0.3.14 
2026-10-07T04:26:20.5223139Z   golang.org/x/oauth2: v0.30.0 -> v0.36.0 
2026-10-07T04:26:20.5223801Z   google.golang.org/genproto: v0.0.0-20250707201910-8d1bb00bc6a7 -> v0.0.0-20260319201613-d00831a3d3e7 
2026-10-07T04:26:20.5224367Z   github.com/googleapis/gax-go/v2: v2.15.0 -> v2.21.0 
2026-10-07T04:26:20.5224650Z 
2026-10-07T04:26:20.5224925Z Update the root module's dependencies to match the resolved versions via:
2026-10-07T04:26:20.5225307Z 
2026-10-07T04:26:20.5260020Z   bazel run @io_bazel_rules_go//go -- get go.opentelemetry.io/auto/sdk@v1.2.1 go.opentelemetry.io/contrib/instrumentation/google.golang.org/grpc/otelgrpc@v0.67.0 golang.org/x/crypto@v0.49.0 golang.org/x/term@v0.42.0 golang.org/x/net@v0.52.0 go.opentelemetry.io/otel@v1.43.0 go.opentelemetry.io/otel/metric@v1.43.0 github.com/felixge/httpsnoop@v1.0.4 go.opentelemetry.io/contrib/instrumentation/net/http/otelhttp@v0.67.0 go.opentelemetry.io/otel/trace@v1.43.0 github.com/opencontainers/image-spec@v1.1.1 cloud.google.com/go@v0.123.0 cloud.google.com/go/iam@v1.7.0 cloud.google.com/go/compute/metadata@v0.9.0 github.com/googleapis/enterprise-certificate-proxy@v0.3.14 golang.org/x/oauth2@v0.36.0 google.golang.org/genproto@v0.0.0-20260319201613-d00831a3d3e7 github.com/googleapis/gax-go/v2@v2.21.0 
2026-10-07T04:26:20.5263705Z 
2026-10-07T04:26:20.7429629Z Analyzing: target //tools/haa_gvisor_observer:haa_gvisor_observer (3 packages loaded, 0 targets configured)
2026-10-07T04:26:20.7569394Z Analyzing: target //tools/haa_gvisor_observer:haa_gvisor_observer (3 packages loaded, 0 targets configured)
2026-10-07T04:26:20.7570352Z 
2026-10-07T04:26:21.9475567Z Analyzing: target //tools/haa_gvisor_observer:haa_gvisor_observer (68 packages loaded, 37 targets configured)
2026-10-07T04:26:21.9522314Z 
2026-10-07T04:26:22.9801484Z Analyzing: target //tools/haa_gvisor_observer:haa_gvisor_observer (98 packages loaded, 5386 targets configured)
2026-10-07T04:26:22.9847010Z 
2026-10-07T04:26:24.1739004Z INFO: Analyzed target //tools/haa_gvisor_observer:haa_gvisor_observer (130 packages loaded, 6531 targets configured).
2026-10-07T04:26:24.1906469Z [1 / 1] no actions running
2026-10-07T04:26:25.3606423Z [260 / 939] [Scann] Compiling absl/debugging/internal/utf8_for_code_point.cc
2026-10-07T04:26:26.6327952Z [275 / 939] Compiling absl/time/internal/cctz/src/time_zone_info.cc [for tool]; 0s processwrapper-sandbox ... (4 actions, 3 running)
2026-10-07T04:26:27.6321358Z [285 / 939] Compiling absl/time/internal/cctz/src/time_zone_info.cc [for tool]; 1s processwrapper-sandbox ... (4 actions, 3 running)
2026-10-07T04:26:28.7180428Z [334 / 939] Compiling deflate.c [for tool]; 0s processwrapper-sandbox ... (4 actions running)
2026-10-07T04:26:29.7221305Z [351 / 939] Compiling absl/debugging/stacktrace.cc [for tool]; 0s processwrapper-sandbox ... (4 actions running)
2026-10-07T04:26:30.7899781Z [364 / 939] Compiling absl/time/internal/cctz/src/time_zone_format.cc; 0s processwrapper-sandbox ... (4 actions, 3 running)
2026-10-07T04:26:31.7989785Z [380 / 939] Compiling absl/time/internal/cctz/src/time_zone_libc.cc; 0s processwrapper-sandbox ... (4 actions, 3 running)
2026-10-07T04:26:32.8059632Z [395 / 939] Compiling absl/time/internal/cctz/src/time_zone_info.cc; 1s processwrapper-sandbox ... (4 actions, 3 running)
2026-10-07T04:26:33.8249577Z [409 / 939] Compiling absl/debugging/internal/demangle.cc [for tool]; 1s processwrapper-sandbox ... (4 actions, 3 running)
2026-10-07T04:26:34.9900004Z [425 / 939] Compiling absl/debugging/stacktrace.cc; 0s processwrapper-sandbox ... (4 actions, 3 running)
2026-10-07T04:26:36.0323508Z [443 / 939] Compiling absl/crc/internal/crc_x86_arm_combined.cc [for tool]; 0s processwrapper-sandbox ... (4 actions, 3 running)
2026-10-07T04:26:37.0510105Z [454 / 939] Compiling absl/strings/internal/escaping.cc; 0s processwrapper-sandbox ... (4 actions, 3 running)
2026-10-07T04:26:38.0954603Z [463 / 939] Compiling absl/debugging/symbolize.cc [for tool]; 0s processwrapper-sandbox ... (4 actions, 3 running)
2026-10-07T04:26:39.1319510Z [472 / 939] Compiling absl/strings/internal/memutil.cc [for tool]; 0s processwrapper-sandbox ... (4 actions, 3 running)
2026-10-07T04:26:40.3799536Z [482 / 939] Compiling absl/strings/internal/charconv_bigint.cc [for tool]; 1s processwrapper-sandbox ... (4 actions, 3 running)
2026-10-07T04:26:41.5249795Z [491 / 939] Compiling absl/container/internal/hashtablez_sampler_force_weak_definition.cc [for tool]; 0s processwrapper-sandbox ... (4 actions, 3 running)
2026-10-07T04:26:42.5301097Z [503 / 939] Compiling absl/log/internal/proto.cc; 0s processwrapper-sandbox ... (4 actions, 2 running)
2026-10-07T04:26:43.5749567Z [514 / 939] Compiling absl/time/duration.cc [for tool]; 0s processwrapper-sandbox ... (4 actions, 3 running)
2026-10-07T04:26:44.6039702Z [520 / 939] Compiling absl/log/internal/vlog_config.cc [for tool]; 1s processwrapper-sandbox ... (4 actions, 3 running)
2026-10-07T04:26:45.7239382Z [528 / 939] Compiling absl/time/civil_time.cc [for tool]; 1s processwrapper-sandbox ... (4 actions running)
2026-10-07T04:26:46.7268500Z [540 / 939] Compiling absl/container/internal/raw_hash_set.cc [for tool]; 0s processwrapper-sandbox ... (4 actions running)
2026-10-07T04:26:47.7279527Z [545 / 939] Compiling absl/container/internal/raw_hash_set.cc [for tool]; 1s processwrapper-sandbox ... (4 actions running)
2026-10-07T04:26:48.8902989Z [557 / 939] Compiling src/google/protobuf/micro_string.cc [for tool]; 0s processwrapper-sandbox ... (4 actions, 3 running)
2026-10-07T04:26:50.1095092Z [569 / 939] Compiling src/google/protobuf/any_lite.cc [for tool]; 0s processwrapper-sandbox ... (4 actions, 3 running)
2026-10-07T04:26:51.2539608Z [578 / 939] Compiling absl/strings/internal/str_format/float_conversion.cc [for tool]; 1s processwrapper-sandbox ... (4 actions, 3 running)
2026-10-07T04:26:52.5861155Z [587 / 939] Compiling absl/strings/internal/str_format/bind.cc [for tool]; 0s processwrapper-sandbox ... (4 actions, 3 running)
2026-10-07T04:26:53.7303419Z [591 / 939] Compiling src/google/protobuf/extension_set.cc [for tool]; 1s processwrapper-sandbox ... (4 actions running)
2026-10-07T04:26:55.4149465Z [598 / 939] Compiling src/google/protobuf/extension_set.cc [for tool]; 3s processwrapper-sandbox ... (4 actions, 3 running)
2026-10-07T04:26:56.4309678Z [606 / 939] Compiling src/google/protobuf/extension_set.cc [for tool]; 4s processwrapper-sandbox ... (4 actions, 3 running)
2026-10-07T04:26:57.5839771Z [614 / 939] Compiling src/google/protobuf/generated_enum_util.cc [for tool]; 0s processwrapper-sandbox ... (4 actions, 3 running)
2026-10-07T04:26:58.6519745Z [619 / 939] Compiling src/google/protobuf/generated_enum_util.cc [for tool]; 1s processwrapper-sandbox ... (4 actions, 3 running)
2026-10-07T04:26:59.7329372Z [624 / 939] Compiling absl/strings/escaping.cc; 1s processwrapper-sandbox ... (4 actions running)
2026-10-07T04:27:00.7349677Z [630 / 939] Compiling src/google/protobuf/generated_message_tctable_lite.cc [for tool]; 1s processwrapper-sandbox ... (4 actions running)
2026-10-07T04:27:01.7379804Z [635 / 939] Compiling src/google/protobuf/generated_message_tctable_lite.cc [for tool]; 2s processwrapper-sandbox ... (4 actions running)
2026-10-07T04:27:02.7669852Z [639 / 939] Compiling src/google/protobuf/generated_message_tctable_lite.cc [for tool]; 3s processwrapper-sandbox ... (4 actions, 3 running)
2026-10-07T04:27:03.9359502Z [643 / 939] Compiling src/google/protobuf/generated_message_tctable_lite.cc [for tool]; 5s processwrapper-sandbox ... (4 actions, 3 running)
2026-10-07T04:27:05.2119698Z [648 / 939] Compiling src/google/protobuf/generated_message_tctable_lite.cc [for tool]; 6s processwrapper-sandbox ... (4 actions, 3 running)
2026-10-07T04:27:06.4761848Z [654 / 939] Compiling src/google/protobuf/generated_message_tctable_lite.cc [for tool]; 7s processwrapper-sandbox ... (4 actions, 3 running)
2026-10-07T04:27:07.6026702Z [660 / 939] Compiling absl/strings/internal/str_format/float_conversion.cc; 1s processwrapper-sandbox ... (4 actions, 3 running)
2026-10-07T04:27:08.6421152Z [666 / 939] Compiling absl/strings/internal/cord_internal.cc; 0s processwrapper-sandbox ... (4 actions, 3 running)
2026-10-07T04:27:09.7369576Z [669 / 939] Compiling src/google/protobuf/implicit_weak_message.cc [for tool]; 1s processwrapper-sandbox ... (4 actions running)
2026-10-07T04:27:10.7789457Z [671 / 939] Compiling absl/strings/internal/cord_rep_btree.cc; 2s processwrapper-sandbox ... (4 actions, 3 running)
2026-10-07T04:27:12.0004394Z [675 / 939] Compiling absl/strings/cord.cc [for tool]; 2s processwrapper-sandbox ... (4 actions, 3 running)
2026-10-07T04:27:13.0129899Z [677 / 939] Compiling absl/strings/cord.cc [for tool]; 3s processwrapper-sandbox ... (4 actions, 3 running)
2026-10-07T04:27:13.7859998Z INFO: From Compiling src/google/protobuf/map.cc [for tool]:
2026-10-07T04:27:13.7879613Z In file included from bazel-out/k8-opt-exec-ST-d57f47055a04/bin/external/protobuf+/src/google/protobuf/_virtual_includes/protobuf_lite/google/protobuf/generated_enum_util.h:20,
2026-10-07T04:27:13.7920200Z                  from bazel-out/k8-opt-exec-ST-d57f47055a04/bin/external/protobuf+/src/google/protobuf/_virtual_includes/protobuf_lite/google/protobuf/map.h:41,
2026-10-07T04:27:13.7921723Z                  from external/protobuf+/src/google/protobuf/map.cc:8:
2026-10-07T04:27:13.7943368Z In function 'const google::protobuf::internal::ClassData* google::protobuf::internal::GetClassData(const Type&) [with Type = google::protobuf::MessageLite]',
2026-10-07T04:27:13.7945939Z     inlined from 'google::protobuf::internal::Offsets google::protobuf::internal::AlignAndAddSizeDynamic(size_t, UntypedMapBase::TypeKind, const google::protobuf::MessageLite*, size_t&)' at external/protobuf+/src/google/protobuf/map.cc:229:38,
2026-10-07T04:27:13.7948775Z     inlined from 'static google::protobuf::internal::UntypedMapBase::TypeInfo google::protobuf::internal::UntypedMapBase::GetTypeInfoDynamic(TypeKind, TypeKind, const google::protobuf::MessageLite*)' at external/protobuf+/src/google/protobuf/map.cc:249:29:
2026-10-07T04:27:13.7950983Z bazel-out/k8-opt-exec-ST-d57f47055a04/bin/external/protobuf+/src/google/protobuf/_virtual_includes/protobuf_lite/google/protobuf/message_lite.h:1230:28: warning: 'this' pointer is null [-Wnonnull]
2026-10-07T04:27:13.7952204Z  1230 |     return msg.GetClassData();
2026-10-07T04:27:13.7952721Z       |            ~~~~~~~~~~~~~~~~^~
2026-10-07T04:27:14.3349544Z [684 / 939] Compiling absl/status/status_payload_printer.cc [for tool]; 0s processwrapper-sandbox ... (4 actions, 3 running)
2026-10-07T04:27:15.4659614Z [689 / 939] Compiling src/google/protobuf/message_lite.cc [for tool]; 1s processwrapper-sandbox ... (4 actions, 3 running)
2026-10-07T04:27:16.7415960Z [694 / 939] Compiling absl/container/internal/raw_hash_set.cc; 1s processwrapper-sandbox ... (4 actions running)
2026-10-07T04:27:18.3919688Z [700 / 939] Compiling absl/flags/reflection.cc; 1s processwrapper-sandbox ... (4 actions, 3 running)
2026-10-07T04:27:19.3973587Z [705 / 939] Compiling src/google/protobuf/repeated_field.cc [for tool]; 0s processwrapper-sandbox ... (4 actions, 3 running)
2026-10-07T04:27:20.4986178Z [712 / 939] Compiling src/google/protobuf/repeated_ptr_field.cc [for tool]; 0s processwrapper-sandbox ... (4 actions, 3 running)
2026-10-07T04:27:21.7419331Z [718 / 939] Compiling absl/strings/cord.cc; 1s processwrapper-sandbox ... (4 actions running)
2026-10-07T04:27:22.9219600Z [725 / 939] Compiling absl/strings/cord.cc; 2s processwrapper-sandbox ... (4 actions, 3 running)
2026-10-07T04:27:24.0472973Z [730 / 939] Compiling absl/strings/cord.cc; 3s processwrapper-sandbox ... (4 actions, 3 running)
2026-10-07T04:27:25.3649575Z [736 / 939] Compiling src/google/protobuf/io/printer.cc [for tool]; 1s processwrapper-sandbox ... (4 actions, 3 running)
2026-10-07T04:27:26.7429435Z [742 / 939] Compiling src/google/protobuf/io/printer.cc [for tool]; 2s processwrapper-sandbox ... (4 actions running)
2026-10-07T04:27:27.7459554Z [745 / 939] Compiling src/google/protobuf/io/printer.cc [for tool]; 3s processwrapper-sandbox ... (4 actions running)
2026-10-07T04:27:28.7469626Z [752 / 939] Compiling src/google/protobuf/compiler/code_generator_lite.cc [for tool]; 0s processwrapper-sandbox ... (4 actions running)
2026-10-07T04:27:29.7459472Z [755 / 939] Compiling src/google/protobuf/compiler/code_generator_lite.cc [for tool]; 1s processwrapper-sandbox ... (4 actions running)
2026-10-07T04:27:31.4859592Z [758 / 939] Compiling src/google/protobuf/extension_set.cc; 2s processwrapper-sandbox ... (4 actions, 3 running)
2026-10-07T04:27:32.7479890Z [760 / 939] Compiling src/google/protobuf/extension_set.cc; 4s processwrapper-sandbox ... (4 actions running)
2026-10-07T04:27:33.9833939Z [764 / 939] Compiling src/google/protobuf/compiler/cpp/helpers.cc [for tool]; 3s processwrapper-sandbox ... (4 actions, 3 running)
2026-10-07T04:27:35.1499477Z [766 / 939] Compiling src/google/protobuf/compiler/cpp/helpers.cc [for tool]; 4s processwrapper-sandbox ... (4 actions, 3 running)
2026-10-07T04:27:36.7473504Z [767 / 939] Compiling src/google/protobuf/compiler/cpp/helpers.cc [for tool]; 6s processwrapper-sandbox ... (4 actions running)
2026-10-07T04:27:37.1711090Z INFO: From Compiling src/google/protobuf/wire_format.cc [for tool]:
2026-10-07T04:27:37.1749321Z In file included from external/protobuf+/src/google/protobuf/wire_format.cc:31:
2026-10-07T04:27:37.1780090Z bazel-out/k8-opt-exec-ST-d57f47055a04/bin/external/protobuf+/src/google/protobuf/_virtual_includes/protobuf/google/protobuf/map_field.h: In constructor 'google::protobuf::internal::MapFieldBase::ReflectionPayload::ReflectionPayload(google::protobuf::Arena*, const google::protobuf::Message*)':
2026-10-07T04:27:37.1790796Z bazel-out/k8-opt-exec-ST-d57f47055a04/bin/external/protobuf+/src/google/protobuf/_virtual_includes/protobuf/google/protobuf/map_field.h:416:11: warning: 'google::protobuf::RepeatedPtrField<T>::RepeatedPtrField(google::protobuf::Arena*) [with Element = google::protobuf::Message]' is deprecated: Use Arena::Create<RepeatedPtrField<...>>(Arena*) instead [-Wdeprecated-declarations]
2026-10-07T04:27:37.1820165Z   416 |         : repeated_field_(arena), prototype_(prototype) {}
2026-10-07T04:27:37.1868693Z       |           ^~~~~~~~~~~~~~~~~~~~~~
2026-10-07T04:27:37.1919532Z In file included from bazel-out/k8-opt-exec-ST-d57f47055a04/bin/external/protobuf+/src/google/protobuf/_virtual_includes/protobuf_lite/google/protobuf/repeated_field.h:46,
2026-10-07T04:27:37.1937053Z                  from bazel-out/k8-opt-exec-ST-d57f47055a04/bin/external/protobuf+/src/google/protobuf/_virtual_includes/protobuf_lite/google/protobuf/parse_context.h:39,
2026-10-07T04:27:37.2000351Z                  from bazel-out/k8-opt-exec-ST-d57f47055a04/bin/external/protobuf+/src/google/protobuf/_virtual_includes/protobuf_lite/google/protobuf/generated_message_tctable_decl.h:25,
2026-10-07T04:27:37.2060043Z                  from bazel-out/k8-opt-exec-ST-d57f47055a04/bin/external/protobuf+/src/google/protobuf/_virtual_includes/protobuf_lite/google/protobuf/extension_set.h:40,
2026-10-07T04:27:37.2089814Z                  from bazel-out/k8-opt-exec-ST-d57f47055a04/bin/external/protobuf+/src/google/protobuf/_virtual_includes/protobuf/google/protobuf/descriptor.h:56,
2026-10-07T04:27:37.2120016Z                  from bazel-out/k8-opt-exec-ST-d57f47055a04/bin/external/protobuf+/src/google/protobuf/_virtual_includes/protobuf/google/protobuf/wire_format.h:26,
2026-10-07T04:27:37.2179267Z                  from external/protobuf+/src/google/protobuf/wire_format.cc:12:
2026-10-07T04:27:37.2209546Z bazel-out/k8-opt-exec-ST-d57f47055a04/bin/external/protobuf+/src/google/protobuf/_virtual_includes/protobuf_lite/google/protobuf/repeated_ptr_field.h:1380:8: note: declared here
2026-10-07T04:27:37.2258262Z  1380 | inline RepeatedPtrField<Element>::RepeatedPtrField(Arena* arena)
2026-10-07T04:27:37.2278726Z       |        ^~~~~~~~~~~~~~~~~~~~~~~~~
2026-10-07T04:27:37.7519525Z [768 / 939] Compiling src/google/protobuf/compiler/cpp/helpers.cc [for tool]; 7s processwrapper-sandbox ... (4 actions running)
2026-10-07T04:27:38.7505305Z [769 / 939] Compiling src/google/protobuf/compiler/cpp/helpers.cc [for tool]; 8s processwrapper-sandbox ... (4 actions running)
2026-10-07T04:27:39.7529491Z [770 / 939] Compiling src/google/protobuf/compiler/cpp/helpers.cc [for tool]; 9s processwrapper-sandbox ... (4 actions running)
2026-10-07T04:27:39.7959387Z INFO: From Compiling src/google/protobuf/compiler/cpp/helpers.cc [for tool]:
2026-10-07T04:27:39.7960791Z In file included from external/protobuf+/src/google/protobuf/compiler/cpp/helpers.cc:12:
2026-10-07T04:27:39.7989565Z bazel-out/k8-opt-exec-ST-d57f47055a04/bin/external/protobuf+/src/google/protobuf/compiler/cpp/_virtual_includes/names_internal/google/protobuf/compiler/cpp/helpers.h: In function 'bool google::protobuf::compiler::cpp::IsWeak(const google::protobuf::FieldDescriptor*, const Options&)':
2026-10-07T04:27:39.8000426Z bazel-out/k8-opt-exec-ST-d57f47055a04/bin/external/protobuf+/src/google/protobuf/compiler/cpp/_virtual_includes/names_internal/google/protobuf/compiler/cpp/helpers.h:347:28: warning: 'bool google::protobuf::FieldOptions::weak() const' is deprecated [-Wdeprecated-declarations]
2026-10-07T04:27:39.8002457Z   347 |   if (field->options().weak()) {
2026-10-07T04:27:39.8003018Z       |       ~~~~~~~~~~~~~~~~~~~~~^~
2026-10-07T04:27:39.8004188Z In file included from bazel-out/k8-opt-exec-ST-d57f47055a04/bin/external/protobuf+/src/google/protobuf/compiler/_virtual_includes/code_generator_lite/google/protobuf/compiler/code_generator_lite.h:18,
2026-10-07T04:27:39.8006927Z                  from bazel-out/k8-opt-exec-ST-d57f47055a04/bin/external/protobuf+/src/google/protobuf/compiler/_virtual_includes/code_generator/google/protobuf/compiler/code_generator.h:25,
2026-10-07T04:27:39.8011335Z                  from bazel-out/k8-opt-exec-ST-d57f47055a04/bin/external/protobuf+/src/google/protobuf/compiler/cpp/_virtual_includes/names_internal/google/protobuf/compiler/cpp/helpers.h:29:
2026-10-07T04:27:39.8013121Z bazel-out/k8-opt-exec-ST-d57f47055a04/bin/external/protobuf+/src/google/protobuf/_virtual_includes/protobuf/google/protobuf/descriptor.pb.h:18861:13: note: declared here
2026-10-07T04:27:39.8014267Z 18861 | inline bool FieldOptions::weak() const {
2026-10-07T04:27:39.8014840Z       |             ^~~~~~~~~~~~
2026-10-07T04:27:39.8016385Z external/protobuf+/src/google/protobuf/compiler/cpp/helpers.cc: In member function 'google::protobuf::compiler::cpp::MessageAnalysis google::protobuf::compiler::cpp::MessageSCCAnalyzer::GetSCCAnalysis(const google::protobuf::compiler::SCC*)':
2026-10-07T04:27:39.8018764Z external/protobuf+/src/google/protobuf/compiler/cpp/helpers.cc:1802:32: warning: 'bool google::protobuf::FieldOptions::weak() const' is deprecated [-Wdeprecated-declarations]
2026-10-07T04:27:39.8019934Z  1802 |       if (field->options().weak()) {
2026-10-07T04:27:39.8020510Z       |           ~~~~~~~~~~~~~~~~~~~~~^~
2026-10-07T04:27:39.8021653Z bazel-out/k8-opt-exec-ST-d57f47055a04/bin/external/protobuf+/src/google/protobuf/_virtual_includes/protobuf/google/protobuf/descriptor.pb.h:18861:13: note: declared here
2026-10-07T04:27:39.8022826Z 18861 | inline bool FieldOptions::weak() const {
2026-10-07T04:27:39.8023387Z       |             ^~~~~~~~~~~~
2026-10-07T04:27:41.7559516Z [772 / 939] Compiling src/google/protobuf/generated_message_tctable_lite.cc; 6s processwrapper-sandbox ... (4 actions running)
2026-10-07T04:27:42.7528985Z [773 / 939] Compiling src/google/protobuf/generated_message_tctable_lite.cc; 7s processwrapper-sandbox ... (4 actions running)
2026-10-07T04:27:43.7535022Z [774 / 939] Compiling src/google/protobuf/descriptor.cc; 5s processwrapper-sandbox ... (4 actions running)
2026-10-07T04:27:44.7548303Z [776 / 939] Compiling src/google/protobuf/descriptor.cc; 6s processwrapper-sandbox ... (4 actions running)
2026-10-07T04:27:46.3109558Z [777 / 939] Compiling src/google/protobuf/descriptor.cc; 8s processwrapper-sandbox ... (4 actions, 3 running)
2026-10-07T04:27:46.4959345Z INFO: From Compiling src/google/protobuf/text_format.cc [for tool]:
2026-10-07T04:27:46.4999355Z In file included from external/protobuf+/src/google/protobuf/text_format.cc:54:
2026-10-07T04:27:46.5030135Z bazel-out/k8-opt-exec-ST-d57f47055a04/bin/external/protobuf+/src/google/protobuf/_virtual_includes/protobuf/google/protobuf/map_field.h: In constructor 'google::protobuf::internal::MapFieldBase::ReflectionPayload::ReflectionPayload(google::protobuf::Arena*, const google::protobuf::Message*)':
2026-10-07T04:27:46.5033791Z bazel-out/k8-opt-exec-ST-d57f47055a04/bin/external/protobuf+/src/google/protobuf/_virtual_includes/protobuf/google/protobuf/map_field.h:416:11: warning: 'google::protobuf::RepeatedPtrField<T>::RepeatedPtrField(google::protobuf::Arena*) [with Element = google::protobuf::Message]' is deprecated: Use Arena::Create<RepeatedPtrField<...>>(Arena*) instead [-Wdeprecated-declarations]
2026-10-07T04:27:46.5035769Z   416 |         : repeated_field_(arena), prototype_(prototype) {}
2026-10-07T04:27:46.5036255Z       |           ^~~~~~~~~~~~~~~~~~~~~~
2026-10-07T04:27:46.5037200Z In file included from bazel-out/k8-opt-exec-ST-d57f47055a04/bin/external/protobuf+/src/google/protobuf/_virtual_includes/protobuf_lite/google/protobuf/repeated_field.h:46,
2026-10-07T04:27:46.5039618Z                  from bazel-out/k8-opt-exec-ST-d57f47055a04/bin/external/protobuf+/src/google/protobuf/_virtual_includes/protobuf_lite/google/protobuf/parse_context.h:39,
2026-10-07T04:27:46.5041997Z                  from bazel-out/k8-opt-exec-ST-d57f47055a04/bin/external/protobuf+/src/google/protobuf/_virtual_includes/protobuf_lite/google/protobuf/generated_message_tctable_decl.h:25,
2026-10-07T04:27:46.5044273Z                  from bazel-out/k8-opt-exec-ST-d57f47055a04/bin/external/protobuf+/src/google/protobuf/_virtual_includes/protobuf_lite/google/protobuf/extension_set.h:40,
2026-10-07T04:27:46.5046393Z                  from bazel-out/k8-opt-exec-ST-d57f47055a04/bin/external/protobuf+/src/google/protobuf/_virtual_includes/protobuf/google/protobuf/descriptor.h:56,
2026-10-07T04:27:46.5048615Z                  from bazel-out/k8-opt-exec-ST-d57f47055a04/bin/external/protobuf+/src/google/protobuf/_virtual_includes/protobuf/google/protobuf/text_format.h:27,
2026-10-07T04:27:46.5049952Z                  from external/protobuf+/src/google/protobuf/text_format.cc:12:
2026-10-07T04:27:46.5051125Z bazel-out/k8-opt-exec-ST-d57f47055a04/bin/external/protobuf+/src/google/protobuf/_virtual_includes/protobuf_lite/google/protobuf/repeated_ptr_field.h:1380:8: note: declared here
2026-10-07T04:27:46.5052348Z  1380 | inline RepeatedPtrField<Element>::RepeatedPtrField(Arena* arena)
2026-10-07T04:27:46.5052919Z       |        ^~~~~~~~~~~~~~~~~~~~~~~~~
2026-10-07T04:27:46.5053920Z external/protobuf+/src/google/protobuf/text_format.cc: In member function 'bool google::protobuf::TextFormat::Parser::ParserImpl::ConsumeField(google::protobuf::Message*)':
2026-10-07T04:27:46.5055465Z external/protobuf+/src/google/protobuf/text_format.cc:663:54: warning: 'bool google::protobuf::FieldOptions::weak() const' is deprecated [-Wdeprecated-declarations]
2026-10-07T04:27:46.5056522Z   663 |       if (consumed_semicolon && field->options().weak() &&
2026-10-07T04:27:46.5057096Z       |                                 ~~~~~~~~~~~~~~~~~~~~~^~
2026-10-07T04:27:46.5057770Z In file included from external/protobuf+/src/google/protobuf/text_format.cc:46:
2026-10-07T04:27:46.5089402Z bazel-out/k8-opt-exec-ST-d57f47055a04/bin/external/protobuf+/src/google/protobuf/_virtual_includes/protobuf/google/protobuf/descriptor.pb.h:18861:13: note: declared here
2026-10-07T04:27:46.5118714Z 18861 | inline bool FieldOptions::weak() const {
2026-10-07T04:27:46.5119187Z       |             ^~~~~~~~~~~~
2026-10-07T04:27:47.7556282Z [779 / 939] Compiling src/google/protobuf/descriptor.cc; 9s processwrapper-sandbox ... (4 actions running)
2026-10-07T04:27:48.7568424Z [780 / 939] Compiling src/google/protobuf/descriptor.cc; 10s processwrapper-sandbox ... (4 actions running)
2026-10-07T04:27:48.7655929Z INFO: From Compiling src/google/protobuf/compiler/cpp/enum.cc [for tool]:
2026-10-07T04:27:48.7689806Z In file included from external/protobuf+/src/google/protobuf/compiler/cpp/enum.cc:29:
2026-10-07T04:27:48.7720102Z bazel-out/k8-opt-exec-ST-d57f47055a04/bin/external/protobuf+/src/google/protobuf/compiler/cpp/_virtual_includes/names_internal/google/protobuf/compiler/cpp/helpers.h: In function 'bool google::protobuf::compiler::cpp::IsWeak(const google::protobuf::FieldDescriptor*, const Options&)':
2026-10-07T04:27:48.7723289Z bazel-out/k8-opt-exec-ST-d57f47055a04/bin/external/protobuf+/src/google/protobuf/compiler/cpp/_virtual_includes/names_internal/google/protobuf/compiler/cpp/helpers.h:347:28: warning: 'bool google::protobuf::FieldOptions::weak() const' is deprecated [-Wdeprecated-declarations]
2026-10-07T04:27:48.7748795Z   347 |   if (field->options().weak()) {
2026-10-07T04:27:48.7770763Z       |       ~~~~~~~~~~~~~~~~~~~~~^~
2026-10-07T04:27:48.7775541Z In file included from bazel-out/k8-opt-exec-ST-d57f47055a04/bin/external/protobuf+/src/google/protobuf/compiler/_virtual_includes/code_generator_lite/google/protobuf/compiler/code_generator_lite.h:18,
2026-10-07T04:27:48.7778664Z                  from bazel-out/k8-opt-exec-ST-d57f47055a04/bin/external/protobuf+/src/google/protobuf/compiler/_virtual_includes/code_generator/google/protobuf/compiler/code_generator.h:25,
2026-10-07T04:27:48.7781425Z                  from bazel-out/k8-opt-exec-ST-d57f47055a04/bin/external/protobuf+/src/google/protobuf/compiler/cpp/_virtual_includes/cpp/google/protobuf/compiler/cpp/generator.h:24,
2026-10-07T04:27:48.7783128Z                  from external/protobuf+/src/google/protobuf/compiler/cpp/enum.cc:28:
2026-10-07T04:27:48.7784453Z bazel-out/k8-opt-exec-ST-d57f47055a04/bin/external/protobuf+/src/google/protobuf/_virtual_includes/protobuf/google/protobuf/descriptor.pb.h:18861:13: note: declared here
2026-10-07T04:27:48.7789796Z 18861 | inline bool FieldOptions::weak() const {
2026-10-07T04:27:48.7790274Z       |             ^~~~~~~~~~~~
2026-10-07T04:27:49.6583005Z INFO: From Compiling src/google/protobuf/reflection_ops.cc [for tool]:
2026-10-07T04:27:49.6659447Z In file included from external/protobuf+/src/google/protobuf/reflection_ops.cc:22:
2026-10-07T04:27:49.6730476Z bazel-out/k8-opt-exec-ST-d57f47055a04/bin/external/protobuf+/src/google/protobuf/_virtual_includes/protobuf/google/protobuf/map_field.h: In constructor 'google::protobuf::internal::MapFieldBase::ReflectionPayload::ReflectionPayload(google::protobuf::Arena*, const google::protobuf::Message*)':
2026-10-07T04:27:49.6780625Z bazel-out/k8-opt-exec-ST-d57f47055a04/bin/external/protobuf+/src/google/protobuf/_virtual_includes/protobuf/google/protobuf/map_field.h:416:11: warning: 'google::protobuf::RepeatedPtrField<T>::RepeatedPtrField(google::protobuf::Arena*) [with Element = google::protobuf::Message]' is deprecated: Use Arena::Create<RepeatedPtrField<...>>(Arena*) instead [-Wdeprecated-declarations]
2026-10-07T04:27:49.6808881Z   416 |         : repeated_field_(arena), prototype_(prototype) {}
2026-10-07T04:27:49.6838850Z       |           ^~~~~~~~~~~~~~~~~~~~~~
2026-10-07T04:27:49.6888543Z In file included from bazel-out/k8-opt-exec-ST-d57f47055a04/bin/external/protobuf+/src/google/protobuf/_virtual_includes/protobuf_lite/google/protobuf/repeated_field.h:46,
2026-10-07T04:27:49.6914924Z                  from bazel-out/k8-opt-exec-ST-d57f47055a04/bin/external/protobuf+/src/google/protobuf/_virtual_includes/protobuf_lite/google/protobuf/parse_context.h:39,
2026-10-07T04:27:49.6917731Z                  from bazel-out/k8-opt-exec-ST-d57f47055a04/bin/external/protobuf+/src/google/protobuf/_virtual_includes/protobuf_lite/google/protobuf/generated_message_tctable_decl.h:25,
2026-10-07T04:27:49.6920526Z                  from bazel-out/k8-opt-exec-ST-d57f47055a04/bin/external/protobuf+/src/google/protobuf/_virtual_includes/protobuf_lite/google/protobuf/extension_set.h:40,
2026-10-07T04:27:49.6922793Z                  from bazel-out/k8-opt-exec-ST-d57f47055a04/bin/external/protobuf+/src/google/protobuf/_virtual_includes/protobuf/google/protobuf/descriptor.h:56,
2026-10-07T04:27:49.6924963Z                  from bazel-out/k8-opt-exec-ST-d57f47055a04/bin/external/protobuf+/src/google/protobuf/_virtual_includes/protobuf/google/protobuf/message.h:112,
2026-10-07T04:27:49.6929570Z                  from bazel-out/k8-opt-exec-ST-d57f47055a04/bin/external/protobuf+/src/google/protobuf/_virtual_includes/protobuf/google/protobuf/reflection_ops.h:18,
2026-10-07T04:27:49.6931456Z                  from external/protobuf+/src/google/protobuf/reflection_ops.cc:11:
2026-10-07T04:27:49.6942527Z bazel-out/k8-opt-exec-ST-d57f47055a04/bin/external/protobuf+/src/google/protobuf/_virtual_includes/protobuf_lite/google/protobuf/repeated_ptr_field.h:1380:8: note: declared here
2026-10-07T04:27:49.6943930Z  1380 | inline RepeatedPtrField<Element>::RepeatedPtrField(Arena* arena)
2026-10-07T04:27:49.6944662Z       |        ^~~~~~~~~~~~~~~~~~~~~~~~~
2026-10-07T04:27:50.7579413Z [784 / 939] Compiling src/google/protobuf/descriptor.cc; 12s processwrapper-sandbox ... (4 actions running)
2026-10-07T04:27:51.3859319Z INFO: From Compiling src/google/protobuf/map.cc:
2026-10-07T04:27:51.3919696Z In file included from bazel-out/k8-opt/bin/external/protobuf+/src/google/protobuf/_virtual_includes/protobuf_lite/google/protobuf/generated_enum_util.h:20,
2026-10-07T04:27:51.4000464Z                  from bazel-out/k8-opt/bin/external/protobuf+/src/google/protobuf/_virtual_includes/protobuf_lite/google/protobuf/map.h:41,
2026-10-07T04:27:51.4039161Z                  from external/protobuf+/src/google/protobuf/map.cc:8:
2026-10-07T04:27:51.4050493Z In function 'const google::protobuf::internal::ClassData* google::protobuf::internal::GetClassData(const Type&) [with Type = google::protobuf::MessageLite]',
2026-10-07T04:27:51.4086974Z     inlined from 'google::protobuf::internal::Offsets google::protobuf::internal::AlignAndAddSizeDynamic(size_t, UntypedMapBase::TypeKind, const google::protobuf::MessageLite*, size_t&)' at external/protobuf+/src/google/protobuf/map.cc:229:38,
2026-10-07T04:27:51.4119957Z     inlined from 'static google::protobuf::internal::UntypedMapBase::TypeInfo google::protobuf::internal::UntypedMapBase::GetTypeInfoDynamic(TypeKind, TypeKind, const google::protobuf::MessageLite*)' at external/protobuf+/src/google/protobuf/map.cc:249:29:
2026-10-07T04:27:51.4121897Z bazel-out/k8-opt/bin/external/protobuf+/src/google/protobuf/_virtual_includes/protobuf_lite/google/protobuf/message_lite.h:1230:28: warning: 'this' pointer is null [-Wnonnull]
2026-10-07T04:27:51.4148803Z  1230 |     return msg.GetClassData();
2026-10-07T04:27:51.4178662Z       |            ~~~~~~~~~~~~~~~~^~
2026-10-07T04:27:51.7576427Z [785 / 939] Compiling src/google/protobuf/descriptor.cc; 13s processwrapper-sandbox ... (4 actions running)
2026-10-07T04:27:53.6173724Z [786 / 939] Compiling src/google/protobuf/descriptor.cc; 15s processwrapper-sandbox ... (4 actions, 3 running)
2026-10-07T04:27:54.0909166Z INFO: From Compiling src/google/protobuf/message.cc [for tool]:
2026-10-07T04:27:54.0939096Z In file included from external/protobuf+/src/google/protobuf/message.cc:40:
2026-10-07T04:27:54.0980210Z bazel-out/k8-opt-exec-ST-d57f47055a04/bin/external/protobuf+/src/google/protobuf/_virtual_includes/protobuf/google/protobuf/map_field.h: In constructor 'google::protobuf::internal::MapFieldBase::ReflectionPayload::ReflectionPayload(google::protobuf::Arena*, const google::protobuf::Message*)':
2026-10-07T04:27:54.1010500Z bazel-out/k8-opt-exec-ST-d57f47055a04/bin/external/protobuf+/src/google/protobuf/_virtual_includes/protobuf/google/protobuf/map_field.h:416:11: warning: 'google::protobuf::RepeatedPtrField<T>::RepeatedPtrField(google::protobuf::Arena*) [with Element = google::protobuf::Message]' is deprecated: Use Arena::Create<RepeatedPtrField<...>>(Arena*) instead [-Wdeprecated-declarations]
2026-10-07T04:27:54.1038782Z   416 |         : repeated_field_(arena), prototype_(prototype) {}
2026-10-07T04:27:54.1049005Z       |           ^~~~~~~~~~~~~~~~~~~~~~
2026-10-07T04:27:54.1050301Z In file included from bazel-out/k8-opt-exec-ST-d57f47055a04/bin/external/protobuf+/src/google/protobuf/_virtual_includes/protobuf_lite/google/protobuf/repeated_field.h:46,
2026-10-07T04:27:54.1052834Z                  from bazel-out/k8-opt-exec-ST-d57f47055a04/bin/external/protobuf+/src/google/protobuf/_virtual_includes/protobuf_lite/google/protobuf/parse_context.h:39,
2026-10-07T04:27:54.1055798Z                  from bazel-out/k8-opt-exec-ST-d57f47055a04/bin/external/protobuf+/src/google/protobuf/_virtual_includes/protobuf_lite/google/protobuf/generated_message_tctable_decl.h:25,
2026-10-07T04:27:54.1058761Z                  from bazel-out/k8-opt-exec-ST-d57f47055a04/bin/external/protobuf+/src/google/protobuf/_virtual_includes/protobuf_lite/google/protobuf/extension_set.h:40,
2026-10-07T04:27:54.1061185Z                  from bazel-out/k8-opt-exec-ST-d57f47055a04/bin/external/protobuf+/src/google/protobuf/_virtual_includes/protobuf/google/protobuf/descriptor.h:56,
2026-10-07T04:27:54.1063548Z                  from bazel-out/k8-opt-exec-ST-d57f47055a04/bin/external/protobuf+/src/google/protobuf/_virtual_includes/protobuf/google/protobuf/message.h:112,
2026-10-07T04:27:54.1064986Z                  from external/protobuf+/src/google/protobuf/message.cc:12:
2026-10-07T04:27:54.1066277Z bazel-out/k8-opt-exec-ST-d57f47055a04/bin/external/protobuf+/src/google/protobuf/_virtual_includes/protobuf_lite/google/protobuf/repeated_ptr_field.h:1380:8: note: declared here
2026-10-07T04:27:54.1069356Z  1380 | inline RepeatedPtrField<Element>::RepeatedPtrField(Arena* arena)
2026-10-07T04:27:54.1069996Z       |        ^~~~~~~~~~~~~~~~~~~~~~~~~
2026-10-07T04:27:54.5149351Z INFO: From Compiling src/google/protobuf/compiler/cpp/extension.cc [for tool]:
2026-10-07T04:27:54.5183074Z In file included from bazel-out/k8-opt-exec-ST-d57f47055a04/bin/external/protobuf+/src/google/protobuf/compiler/cpp/_virtual_includes/cpp/google/protobuf/compiler/cpp/extension.h:19,
2026-10-07T04:27:54.5199294Z                  from external/protobuf+/src/google/protobuf/compiler/cpp/extension.cc:12:
2026-10-07T04:27:54.5209832Z bazel-out/k8-opt-exec-ST-d57f47055a04/bin/external/protobuf+/src/google/protobuf/compiler/cpp/_virtual_includes/names_internal/google/protobuf/compiler/cpp/helpers.h: In function 'bool google::protobuf::compiler::cpp::IsWeak(const google::protobuf::FieldDescriptor*, const Options&)':
2026-10-07T04:27:54.5212444Z bazel-out/k8-opt-exec-ST-d57f47055a04/bin/external/protobuf+/src/google/protobuf/compiler/cpp/_virtual_includes/names_internal/google/protobuf/compiler/cpp/helpers.h:347:28: warning: 'bool google::protobuf::FieldOptions::weak() const' is deprecated [-Wdeprecated-declarations]
2026-10-07T04:27:54.5214074Z   347 |   if (field->options().weak()) {
2026-10-07T04:27:54.5214469Z       |       ~~~~~~~~~~~~~~~~~~~~~^~
2026-10-07T04:27:54.5215560Z In file included from bazel-out/k8-opt-exec-ST-d57f47055a04/bin/external/protobuf+/src/google/protobuf/compiler/_virtual_includes/code_generator_lite/google/protobuf/compiler/code_generator_lite.h:18,
2026-10-07T04:27:54.5218116Z                  from bazel-out/k8-opt-exec-ST-d57f47055a04/bin/external/protobuf+/src/google/protobuf/compiler/_virtual_includes/code_generator/google/protobuf/compiler/code_generator.h:25,
2026-10-07T04:27:54.5220762Z                  from bazel-out/k8-opt-exec-ST-d57f47055a04/bin/external/protobuf+/src/google/protobuf/compiler/cpp/_virtual_includes/names_internal/google/protobuf/compiler/cpp/helpers.h:29:
2026-10-07T04:27:54.5222366Z bazel-out/k8-opt-exec-ST-d57f47055a04/bin/external/protobuf+/src/google/protobuf/_virtual_includes/protobuf/google/protobuf/descriptor.pb.h:18861:13: note: declared here
2026-10-07T04:27:54.5223312Z 18861 | inline bool FieldOptions::weak() const {
2026-10-07T04:27:54.5223723Z       |             ^~~~~~~~~~~~
2026-10-07T04:27:54.7624872Z [788 / 939] Compiling src/google/protobuf/descriptor.cc; 16s processwrapper-sandbox ... (4 actions running)
2026-10-07T04:27:56.0022500Z [789 / 939] Compiling src/google/protobuf/descriptor.cc; 17s processwrapper-sandbox ... (4 actions, 3 running)
2026-10-07T04:27:57.0833490Z INFO: From Compiling src/google/protobuf/map_field.cc [for tool]:
2026-10-07T04:27:57.0889123Z In file included from external/protobuf+/src/google/protobuf/map_field.cc:8:
2026-10-07T04:27:57.0890973Z bazel-out/k8-opt-exec-ST-d57f47055a04/bin/external/protobuf+/src/google/protobuf/_virtual_includes/protobuf/google/protobuf/map_field.h: In constructor 'google::protobuf::internal::MapFieldBase::ReflectionPayload::ReflectionPayload(google::protobuf::Arena*, const google::protobuf::Message*)':
2026-10-07T04:27:57.0910874Z bazel-out/k8-opt-exec-ST-d57f47055a04/bin/external/protobuf+/src/google/protobuf/_virtual_includes/protobuf/google/protobuf/map_field.h:416:11: warning: 'google::protobuf::RepeatedPtrField<T>::RepeatedPtrField(google::protobuf::Arena*) [with Element = google::protobuf::Message]' is deprecated: Use Arena::Create<RepeatedPtrField<...>>(Arena*) instead [-Wdeprecated-declarations]
2026-10-07T04:27:57.0948833Z   416 |         : repeated_field_(arena), prototype_(prototype) {}
2026-10-07T04:27:57.0978780Z       |           ^~~~~~~~~~~~~~~~~~~~~~
2026-10-07T04:27:57.0989527Z In file included from bazel-out/k8-opt-exec-ST-d57f47055a04/bin/external/protobuf+/src/google/protobuf/_virtual_includes/protobuf_lite/google/protobuf/repeated_field.h:46,
2026-10-07T04:27:57.0992421Z                  from bazel-out/k8-opt-exec-ST-d57f47055a04/bin/external/protobuf+/src/google/protobuf/_virtual_includes/protobuf_lite/google/protobuf/parse_context.h:39,
2026-10-07T04:27:57.0995013Z                  from bazel-out/k8-opt-exec-ST-d57f47055a04/bin/external/protobuf+/src/google/protobuf/_virtual_includes/protobuf_lite/google/protobuf/generated_message_tctable_decl.h:25,
2026-10-07T04:27:57.0997499Z                  from bazel-out/k8-opt-exec-ST-d57f47055a04/bin/external/protobuf+/src/google/protobuf/_virtual_includes/protobuf_lite/google/protobuf/extension_set.h:40,
2026-10-07T04:27:57.1000019Z                  from bazel-out/k8-opt-exec-ST-d57f47055a04/bin/external/protobuf+/src/google/protobuf/_virtual_includes/protobuf/google/protobuf/descriptor.h:56,
2026-10-07T04:27:57.1002074Z                  from bazel-out/k8-opt-exec-ST-d57f47055a04/bin/external/protobuf+/src/google/protobuf/_virtual_includes/protobuf/google/protobuf/map_field.h:23:
2026-10-07T04:27:57.1003503Z bazel-out/k8-opt-exec-ST-d57f47055a04/bin/external/protobuf+/src/google/protobuf/_virtual_includes/protobuf_lite/google/protobuf/repeated_ptr_field.h:1380:8: note: declared here
2026-10-07T04:27:57.1004781Z  1380 | inline RepeatedPtrField<Element>::RepeatedPtrField(Arena* arena)
2026-10-07T04:27:57.1005489Z       |        ^~~~~~~~~~~~~~~~~~~~~~~~~
2026-10-07T04:27:57.1006223Z [791 / 939] Compiling src/google/protobuf/descriptor.cc; 18s processwrapper-sandbox ... (4 actions, 3 running)
2026-10-07T04:27:58.7572386Z [793 / 939] Compiling src/google/protobuf/descriptor.cc; 20s processwrapper-sandbox ... (4 actions, 3 running)
2026-10-07T04:27:59.7329218Z INFO: From Compiling src/google/protobuf/descriptor.cc:
2026-10-07T04:27:59.7389578Z external/protobuf+/src/google/protobuf/descriptor.cc: In member function 'void google::protobuf::FieldDescriptor::DebugString(int, std::string*, const google::protobuf::DebugStringOptions&) const':
2026-10-07T04:27:59.7449630Z external/protobuf+/src/google/protobuf/descriptor.cc:3953:65: warning: 'bool google::protobuf::FieldDescriptor::has_optional_keyword() const' is deprecated: Use has_presence() instead. [-Wdeprecated-declarations]
2026-10-07T04:27:59.7478927Z  3953 |       (!is_required() && !is_repeated() && !has_optional_keyword())) {
2026-10-07T04:27:59.7538887Z       |                                             ~~~~~~~~~~~~~~~~~~~~^~
2026-10-07T04:27:59.7539550Z In file included from external/protobuf+/src/google/protobuf/descriptor.cc:12:
2026-10-07T04:27:59.7579692Z bazel-out/k8-opt/bin/external/protobuf+/src/google/protobuf/_virtual_includes/protobuf/google/protobuf/descriptor.h:1136:8: note: declared here
2026-10-07T04:27:59.7598668Z  1136 |   bool has_optional_keyword() const;
2026-10-07T04:27:59.7628657Z       |        ^~~~~~~~~~~~~~~~~~~~
2026-10-07T04:27:59.7669670Z external/protobuf+/src/google/protobuf/descriptor.cc: In member function 'void google::protobuf::DescriptorBuilder::CrossLinkField(google::protobuf::FieldDescriptor*, const google::protobuf::FieldDescriptorProto&)':
2026-10-07T04:27:59.7689456Z external/protobuf+/src/google/protobuf/descriptor.cc:7982:65: warning: 'bool google::protobuf::FieldOptions::weak() const' is deprecated [-Wdeprecated-declarations]
2026-10-07T04:27:59.7718934Z  7982 |     bool is_weak = !pool_->enforce_weak_ && proto.options().weak();
2026-10-07T04:27:59.7719893Z       |                                             ~~~~~~~~~~~~~~~~~~~~^~
2026-10-07T04:27:59.7720836Z In file included from bazel-out/k8-opt/bin/external/protobuf+/src/google/protobuf/_virtual_includes/protobuf/google/protobuf/cpp_features.pb.h:33,
2026-10-07T04:27:59.7722188Z                  from external/protobuf+/src/google/protobuf/descriptor.cc:72:
2026-10-07T04:27:59.7723181Z bazel-out/k8-opt/bin/external/protobuf+/src/google/protobuf/_virtual_includes/protobuf/google/protobuf/descriptor.pb.h:18861:13: note: declared here
2026-10-07T04:27:59.7724105Z 18861 | inline bool FieldOptions::weak() const {
2026-10-07T04:27:59.7724563Z       |             ^~~~~~~~~~~~
2026-10-07T04:27:59.7725771Z external/protobuf+/src/google/protobuf/descriptor.cc: In function 'google::protobuf::internal::cpp::HasbitMode google::protobuf::internal::cpp::GetFieldHasbitModeWithoutProfile(const google::protobuf::FieldDescriptor*)':
2026-10-07T04:27:59.7727542Z external/protobuf+/src/google/protobuf/descriptor.cc:10700:62: warning: 'bool google::protobuf::FieldOptions::weak() const' is deprecated [-Wdeprecated-declarations]
2026-10-07T04:27:59.7728756Z 10700 |   if (field->real_containing_oneof() || field->options().weak() ||
2026-10-07T04:27:59.7729407Z       |                                         ~~~~~~~~~~~~~~~~~~~~~^~
2026-10-07T04:27:59.7730329Z bazel-out/k8-opt/bin/external/protobuf+/src/google/protobuf/_virtual_includes/protobuf/google/protobuf/descriptor.pb.h:18861:13: note: declared here
2026-10-07T04:27:59.7731241Z 18861 | inline bool FieldOptions::weak() const {
2026-10-07T04:27:59.7731669Z       |             ^~~~~~~~~~~~
2026-10-07T04:27:59.7732390Z [795 / 939] Compiling src/google/protobuf/compiler/cpp/field.cc [for tool]; 5s processwrapper-sandbox ... (4 actions running)
2026-10-07T04:27:59.9849433Z INFO: From Compiling src/google/protobuf/compiler/cpp/field.cc [for tool]:
2026-10-07T04:27:59.9899591Z In file included from bazel-out/k8-opt-exec-ST-d57f47055a04/bin/external/protobuf+/src/google/protobuf/compiler/cpp/_virtual_includes/cpp/google/protobuf/compiler/cpp/field.h:26,
2026-10-07T04:27:59.9959524Z                  from external/protobuf+/src/google/protobuf/compiler/cpp/field.cc:12:
2026-10-07T04:28:00.0020169Z bazel-out/k8-opt-exec-ST-d57f47055a04/bin/external/protobuf+/src/google/protobuf/compiler/cpp/_virtual_includes/names_internal/google/protobuf/compiler/cpp/helpers.h: In function 'bool google::protobuf::compiler::cpp::IsWeak(const google::protobuf::FieldDescriptor*, const Options&)':
2026-10-07T04:28:00.0070228Z bazel-out/k8-opt-exec-ST-d57f47055a04/bin/external/protobuf+/src/google/protobuf/compiler/cpp/_virtual_includes/names_internal/google/protobuf/compiler/cpp/helpers.h:347:28: warning: 'bool google::protobuf::FieldOptions::weak() const' is deprecated [-Wdeprecated-declarations]
2026-10-07T04:28:00.0118929Z   347 |   if (field->options().weak()) {
2026-10-07T04:28:00.0178825Z       |       ~~~~~~~~~~~~~~~~~~~~~^~
2026-10-07T04:28:00.0180094Z In file included from bazel-out/k8-opt-exec-ST-d57f47055a04/bin/external/protobuf+/src/google/protobuf/compiler/_virtual_includes/code_generator_lite/google/protobuf/compiler/code_generator_lite.h:18,
2026-10-07T04:28:00.0182747Z                  from bazel-out/k8-opt-exec-ST-d57f47055a04/bin/external/protobuf+/src/google/protobuf/compiler/_virtual_includes/code_generator/google/protobuf/compiler/code_generator.h:25,
2026-10-07T04:28:00.0185400Z                  from bazel-out/k8-opt-exec-ST-d57f47055a04/bin/external/protobuf+/src/google/protobuf/compiler/cpp/_virtual_includes/names_internal/google/protobuf/compiler/cpp/helpers.h:29:
2026-10-07T04:28:00.0186930Z bazel-out/k8-opt-exec-ST-d57f47055a04/bin/external/protobuf+/src/google/protobuf/_virtual_includes/protobuf/google/protobuf/descriptor.pb.h:18861:13: note: declared here
2026-10-07T04:28:00.0188532Z 18861 | inline bool FieldOptions::weak() const {
2026-10-07T04:28:00.0188961Z       |             ^~~~~~~~~~~~
2026-10-07T04:28:00.7633761Z [798 / 939] Compiling src/google/protobuf/generated_message_tctable_gen.cc [for tool]; 1s processwrapper-sandbox ... (4 actions running)
2026-10-07T04:28:02.3149676Z [799 / 939] Compiling src/google/protobuf/generated_message_tctable_gen.cc [for tool]; 2s processwrapper-sandbox ... (4 actions, 3 running)
2026-10-07T04:28:02.5829578Z INFO: From Compiling src/google/protobuf/generated_message_tctable_gen.cc [for tool]:
2026-10-07T04:28:02.5899807Z external/protobuf+/src/google/protobuf/generated_message_tctable_gen.cc: In function 'bool google::protobuf::internal::{anonymous}::HasWeakFields(const google::protobuf::Descriptor*)':
2026-10-07T04:28:02.5939763Z external/protobuf+/src/google/protobuf/generated_message_tctable_gen.cc:699:45: warning: 'bool google::protobuf::FieldOptions::weak() const' is deprecated [-Wdeprecated-declarations]
2026-10-07T04:28:02.5972674Z   699 |     if (descriptor->field(i)->options().weak()) {
2026-10-07T04:28:02.5988844Z       |         ~~~~~~~~~~~~~~~~~~~~~~~~~~~~~~~~~~~~^~
2026-10-07T04:28:02.6019444Z In file included from bazel-out/k8-opt-exec-ST-d57f47055a04/bin/external/protobuf+/src/google/protobuf/_virtual_includes/protobuf/google/protobuf/generated_message_tctable_gen.h:21,
2026-10-07T04:28:02.6030595Z                  from external/protobuf+/src/google/protobuf/generated_message_tctable_gen.cc:8:
2026-10-07T04:28:02.6059336Z bazel-out/k8-opt-exec-ST-d57f47055a04/bin/external/protobuf+/src/google/protobuf/_virtual_includes/protobuf/google/protobuf/descriptor.pb.h:18861:13: note: declared here
2026-10-07T04:28:02.6088823Z 18861 | inline bool FieldOptions::weak() const {
2026-10-07T04:28:02.6118667Z       |             ^~~~~~~~~~~~
2026-10-07T04:28:02.6119801Z external/protobuf+/src/google/protobuf/generated_message_tctable_gen.cc: In function 'bool google::protobuf::internal::IsFieldTypeEligibleForFastParsing(const google::protobuf::FieldDescriptor*)':
2026-10-07T04:28:02.6149502Z external/protobuf+/src/google/protobuf/generated_message_tctable_gen.cc:738:28: warning: 'bool google::protobuf::FieldOptions::weak() const' is deprecated [-Wdeprecated-declarations]
2026-10-07T04:28:02.6168967Z   738 |       field->options().weak()) {
2026-10-07T04:28:02.6198679Z       |       ~~~~~~~~~~~~~~~~~~~~~^~
2026-10-07T04:28:02.6209415Z bazel-out/k8-opt-exec-ST-d57f47055a04/bin/external/protobuf+/src/google/protobuf/_virtual_includes/protobuf/google/protobuf/descriptor.pb.h:18861:13: note: declared here
2026-10-07T04:28:02.6238724Z 18861 | inline bool FieldOptions::weak() const {
2026-10-07T04:28:02.6269102Z       |             ^~~~~~~~~~~~
2026-10-07T04:28:02.6280391Z external/protobuf+/src/google/protobuf/generated_message_tctable_gen.cc: In lambda function:
2026-10-07T04:28:02.6299414Z external/protobuf+/src/google/protobuf/generated_message_tctable_gen.cc:773:54: warning: 'bool google::protobuf::FieldOptions::weak() const' is deprecated [-Wdeprecated-declarations]
2026-10-07T04:28:02.6328823Z   773 |            !field->is_map() && !field->options().weak() &&
2026-10-07T04:28:02.6342682Z       |                                 ~~~~~~~~~~~~~~~~~~~~~^~
2026-10-07T04:28:02.6343927Z bazel-out/k8-opt-exec-ST-d57f47055a04/bin/external/protobuf+/src/google/protobuf/_virtual_includes/protobuf/google/protobuf/descriptor.pb.h:18861:13: note: declared here
2026-10-07T04:28:02.6345121Z 18861 | inline bool FieldOptions::weak() const {
2026-10-07T04:28:02.6345674Z       |             ^~~~~~~~~~~~
2026-10-07T04:28:02.6347720Z external/protobuf+/src/google/protobuf/generated_message_tctable_gen.cc: In static member function 'static std::vector<google::protobuf::internal::TailCallTableInfo::FieldEntryInfo> google::protobuf::internal::TailCallTableInfo::BuildFieldEntries(const google::protobuf::Descriptor*, const MessageOptions&, absl::lts_20250814::Span<const FieldOptions>, std::vector<AuxEntry>&)':
2026-10-07T04:28:02.6350916Z external/protobuf+/src/google/protobuf/generated_message_tctable_gen.cc:813:39: warning: 'bool google::protobuf::FieldOptions::weak() const' is deprecated [-Wdeprecated-declarations]
2026-10-07T04:28:02.6352113Z   813 |       } else if (field->options().weak()) {
2026-10-07T04:28:02.6352965Z       |                  ~~~~~~~~~~~~~~~~~~~~~^~
2026-10-07T04:28:02.6354117Z bazel-out/k8-opt-exec-ST-d57f47055a04/bin/external/protobuf+/src/google/protobuf/_virtual_includes/protobuf/google/protobuf/descriptor.pb.h:18861:13: note: declared here
2026-10-07T04:28:02.6355284Z 18861 | inline bool FieldOptions::weak() const {
2026-10-07T04:28:02.6355855Z       |             ^~~~~~~~~~~~
2026-10-07T04:28:02.9489245Z INFO: From Compiling src/google/protobuf/compiler/cpp/field_chunk.cc [for tool]:
2026-10-07T04:28:02.9519576Z In file included from bazel-out/k8-opt-exec-ST-d57f47055a04/bin/external/protobuf+/src/google/protobuf/compiler/cpp/_virtual_includes/cpp/google/protobuf/compiler/cpp/field_chunk.h:10,
2026-10-07T04:28:02.9539527Z                  from external/protobuf+/src/google/protobuf/compiler/cpp/field_chunk.cc:1:
2026-10-07T04:28:02.9541485Z bazel-out/k8-opt-exec-ST-d57f47055a04/bin/external/protobuf+/src/google/protobuf/compiler/cpp/_virtual_includes/names_internal/google/protobuf/compiler/cpp/helpers.h: In function 'bool google::protobuf::compiler::cpp::IsWeak(const google::protobuf::FieldDescriptor*, const Options&)':
2026-10-07T04:28:02.9600302Z bazel-out/k8-opt-exec-ST-d57f47055a04/bin/external/protobuf+/src/google/protobuf/compiler/cpp/_virtual_includes/names_internal/google/protobuf/compiler/cpp/helpers.h:347:28: warning: 'bool google::protobuf::FieldOptions::weak() const' is deprecated [-Wdeprecated-declarations]
2026-10-07T04:28:02.9602084Z   347 |   if (field->options().weak()) {
2026-10-07T04:28:02.9628840Z       |       ~~~~~~~~~~~~~~~~~~~~~^~
2026-10-07T04:28:02.9659454Z In file included from bazel-out/k8-opt-exec-ST-d57f47055a04/bin/external/protobuf+/src/google/protobuf/compiler/_virtual_includes/code_generator_lite/google/protobuf/compiler/code_generator_lite.h:18,
2026-10-07T04:28:02.9662160Z                  from bazel-out/k8-opt-exec-ST-d57f47055a04/bin/external/protobuf+/src/google/protobuf/compiler/_virtual_includes/code_generator/google/protobuf/compiler/code_generator.h:25,
2026-10-07T04:28:02.9690237Z                  from bazel-out/k8-opt-exec-ST-d57f47055a04/bin/external/protobuf+/src/google/protobuf/compiler/cpp/_virtual_includes/names_internal/google/protobuf/compiler/cpp/helpers.h:29:
2026-10-07T04:28:02.9719310Z bazel-out/k8-opt-exec-ST-d57f47055a04/bin/external/protobuf+/src/google/protobuf/_virtual_includes/protobuf/google/protobuf/descriptor.pb.h:18861:13: note: declared here
2026-10-07T04:28:02.9728680Z 18861 | inline bool FieldOptions::weak() const {
2026-10-07T04:28:02.9748827Z       |             ^~~~~~~~~~~~
2026-10-07T04:28:03.7524969Z [802 / 939] Compiling src/google/protobuf/descriptor.pb.cc; 4s processwrapper-sandbox ... (4 actions, 3 running)
2026-10-07T04:28:04.7659400Z [803 / 939] Compiling src/google/protobuf/descriptor.pb.cc; 5s processwrapper-sandbox ... (4 actions running)
2026-10-07T04:28:05.7654536Z [804 / 939] Compiling src/google/protobuf/descriptor.pb.cc; 6s processwrapper-sandbox ... (4 actions running)
2026-10-07T04:28:07.5092512Z INFO: From Compiling src/google/protobuf/compiler/cpp/field_generators/cord_field.cc [for tool]:
2026-10-07T04:28:07.5116529Z In file included from bazel-out/k8-opt-exec-ST-d57f47055a04/bin/external/protobuf+/src/google/protobuf/compiler/cpp/_virtual_includes/cpp/google/protobuf/compiler/cpp/field.h:26,
2026-10-07T04:28:07.5119467Z                  from external/protobuf+/src/google/protobuf/compiler/cpp/field_generators/cord_field.cc:23:
2026-10-07T04:28:07.5121314Z bazel-out/k8-opt-exec-ST-d57f47055a04/bin/external/protobuf+/src/google/protobuf/compiler/cpp/_virtual_includes/names_internal/google/protobuf/compiler/cpp/helpers.h: In function 'bool google::protobuf::compiler::cpp::IsWeak(const google::protobuf::FieldDescriptor*, const Options&)':
2026-10-07T04:28:07.5124384Z bazel-out/k8-opt-exec-ST-d57f47055a04/bin/external/protobuf+/src/google/protobuf/compiler/cpp/_virtual_includes/names_internal/google/protobuf/compiler/cpp/helpers.h:347:28: warning: 'bool google::protobuf::FieldOptions::weak() const' is deprecated [-Wdeprecated-declarations]
2026-10-07T04:28:07.5125797Z   347 |   if (field->options().weak()) {
2026-10-07T04:28:07.5126202Z       |       ~~~~~~~~~~~~~~~~~~~~~^~
2026-10-07T04:28:07.5127255Z In file included from bazel-out/k8-opt-exec-ST-d57f47055a04/bin/external/protobuf+/src/google/protobuf/compiler/_virtual_includes/code_generator_lite/google/protobuf/compiler/code_generator_lite.h:18,
2026-10-07T04:28:07.5130040Z                  from bazel-out/k8-opt-exec-ST-d57f47055a04/bin/external/protobuf+/src/google/protobuf/compiler/_virtual_includes/code_generator/google/protobuf/compiler/code_generator.h:25,
2026-10-07T04:28:07.5132483Z                  from bazel-out/k8-opt-exec-ST-d57f47055a04/bin/external/protobuf+/src/google/protobuf/compiler/cpp/_virtual_includes/names_internal/google/protobuf/compiler/cpp/helpers.h:29:
2026-10-07T04:28:07.5134057Z bazel-out/k8-opt-exec-ST-d57f47055a04/bin/external/protobuf+/src/google/protobuf/_virtual_includes/protobuf/google/protobuf/descriptor.pb.h:18861:13: note: declared here
2026-10-07T04:28:07.5135023Z 18861 | inline bool FieldOptions::weak() const {
2026-10-07T04:28:07.5135424Z       |             ^~~~~~~~~~~~
2026-10-07T04:28:07.5136230Z [808 / 939] Compiling src/google/protobuf/generated_message_reflection.cc [for tool]; 3s processwrapper-sandbox ... (4 actions, 3 running)
2026-10-07T04:28:08.6176657Z [809 / 939] Compiling src/google/protobuf/generated_message_reflection.cc [for tool]; 4s processwrapper-sandbox ... (4 actions, 3 running)
2026-10-07T04:28:09.7679730Z [811 / 939] Compiling src/google/protobuf/generated_message_reflection.cc [for tool]; 5s processwrapper-sandbox ... (4 actions running)
2026-10-07T04:28:10.8129611Z [813 / 939] Compiling src/google/protobuf/generated_message_reflection.cc [for tool]; 6s processwrapper-sandbox ... (4 actions, 3 running)
2026-10-07T04:28:12.0149525Z INFO: From Compiling src/google/protobuf/compiler/cpp/field_generators/enum_field.cc [for tool]:
2026-10-07T04:28:12.0209578Z In file included from bazel-out/k8-opt-exec-ST-d57f47055a04/bin/external/protobuf+/src/google/protobuf/compiler/cpp/_virtual_includes/cpp/google/protobuf/compiler/cpp/field.h:26,
2026-10-07T04:28:12.0249764Z                  from external/protobuf+/src/google/protobuf/compiler/cpp/field_generators/enum_field.cc:20:
2026-10-07T04:28:12.0282661Z bazel-out/k8-opt-exec-ST-d57f47055a04/bin/external/protobuf+/src/google/protobuf/compiler/cpp/_virtual_includes/names_internal/google/protobuf/compiler/cpp/helpers.h: In function 'bool google::protobuf::compiler::cpp::IsWeak(const google::protobuf::FieldDescriptor*, const Options&)':
2026-10-07T04:28:12.0300087Z bazel-out/k8-opt-exec-ST-d57f47055a04/bin/external/protobuf+/src/google/protobuf/compiler/cpp/_virtual_includes/names_internal/google/protobuf/compiler/cpp/helpers.h:347:28: warning: 'bool google::protobuf::FieldOptions::weak() const' is deprecated [-Wdeprecated-declarations]
2026-10-07T04:28:12.0328852Z   347 |   if (field->options().weak()) {
2026-10-07T04:28:12.0358711Z       |       ~~~~~~~~~~~~~~~~~~~~~^~
2026-10-07T04:28:12.0360096Z In file included from bazel-out/k8-opt-exec-ST-d57f47055a04/bin/external/protobuf+/src/google/protobuf/compiler/_virtual_includes/code_generator_lite/google/protobuf/compiler/code_generator_lite.h:18,
2026-10-07T04:28:12.0390304Z                  from bazel-out/k8-opt-exec-ST-d57f47055a04/bin/external/protobuf+/src/google/protobuf/compiler/_virtual_includes/code_generator/google/protobuf/compiler/code_generator.h:25,
2026-10-07T04:28:12.0410129Z                  from bazel-out/k8-opt-exec-ST-d57f47055a04/bin/external/protobuf+/src/google/protobuf/compiler/cpp/_virtual_includes/names_internal/google/protobuf/compiler/cpp/helpers.h:29:
2026-10-07T04:28:12.0429252Z bazel-out/k8-opt-exec-ST-d57f47055a04/bin/external/protobuf+/src/google/protobuf/_virtual_includes/protobuf/google/protobuf/descriptor.pb.h:18861:13: note: declared here
2026-10-07T04:28:12.0468626Z 18861 | inline bool FieldOptions::weak() const {
2026-10-07T04:28:12.0478728Z       |             ^~~~~~~~~~~~
2026-10-07T04:28:12.0499407Z [814 / 939] Compiling src/google/protobuf/generated_message_reflection.cc [for tool]; 7s processwrapper-sandbox ... (4 actions, 3 running)
2026-10-07T04:28:13.6889507Z INFO: From Compiling src/google/protobuf/generated_message_reflection.cc [for tool]:
2026-10-07T04:28:13.6939398Z In file included from external/protobuf+/src/google/protobuf/generated_message_reflection.cc:51:
2026-10-07T04:28:13.7000120Z bazel-out/k8-opt-exec-ST-d57f47055a04/bin/external/protobuf+/src/google/protobuf/_virtual_includes/protobuf/google/protobuf/map_field.h: In constructor 'google::protobuf::internal::MapFieldBase::ReflectionPayload::ReflectionPayload(google::protobuf::Arena*, const google::protobuf::Message*)':
2026-10-07T04:28:13.7030391Z bazel-out/k8-opt-exec-ST-d57f47055a04/bin/external/protobuf+/src/google/protobuf/_virtual_includes/protobuf/google/protobuf/map_field.h:416:11: warning: 'google::protobuf::RepeatedPtrField<T>::RepeatedPtrField(google::protobuf::Arena*) [with Element = google::protobuf::Message]' is deprecated: Use Arena::Create<RepeatedPtrField<...>>(Arena*) instead [-Wdeprecated-declarations]
2026-10-07T04:28:13.7088864Z   416 |         : repeated_field_(arena), prototype_(prototype) {}
2026-10-07T04:28:13.7148753Z       |           ^~~~~~~~~~~~~~~~~~~~~~
2026-10-07T04:28:13.7179323Z In file included from bazel-out/k8-opt-exec-ST-d57f47055a04/bin/external/protobuf+/src/google/protobuf/_virtual_includes/protobuf_lite/google/protobuf/repeated_field.h:46,
2026-10-07T04:28:13.7200429Z                  from bazel-out/k8-opt-exec-ST-d57f47055a04/bin/external/protobuf+/src/google/protobuf/_virtual_includes/protobuf_lite/google/protobuf/parse_context.h:39,
2026-10-07T04:28:13.7203284Z                  from bazel-out/k8-opt-exec-ST-d57f47055a04/bin/external/protobuf+/src/google/protobuf/_virtual_includes/protobuf_lite/google/protobuf/generated_message_tctable_decl.h:25,
2026-10-07T04:28:13.7205830Z                  from bazel-out/k8-opt-exec-ST-d57f47055a04/bin/external/protobuf+/src/google/protobuf/_virtual_includes/protobuf_lite/google/protobuf/extension_set.h:40,
2026-10-07T04:28:13.7208090Z                  from bazel-out/k8-opt-exec-ST-d57f47055a04/bin/external/protobuf+/src/google/protobuf/_virtual_includes/protobuf/google/protobuf/descriptor.h:56,
2026-10-07T04:28:13.7210669Z                  from bazel-out/k8-opt-exec-ST-d57f47055a04/bin/external/protobuf+/src/google/protobuf/_virtual_includes/protobuf/google/protobuf/generated_message_reflection.h:26,
2026-10-07T04:28:13.7212302Z                  from external/protobuf+/src/google/protobuf/generated_message_reflection.cc:12:
2026-10-07T04:28:13.7213630Z bazel-out/k8-opt-exec-ST-d57f47055a04/bin/external/protobuf+/src/google/protobuf/_virtual_includes/protobuf_lite/google/protobuf/repeated_ptr_field.h:1380:8: note: declared here
2026-10-07T04:28:13.7214892Z  1380 | inline RepeatedPtrField<Element>::RepeatedPtrField(Arena* arena)
2026-10-07T04:28:13.7215555Z       |        ^~~~~~~~~~~~~~~~~~~~~~~~~
2026-10-07T04:28:13.7216889Z external/protobuf+/src/google/protobuf/generated_message_reflection.cc: In member function 'const google::protobuf::Message* google::protobuf::Reflection::GetDefaultMessageInstance(const google::protobuf::FieldDescriptor*) const':
2026-10-07T04:28:13.7219380Z external/protobuf+/src/google/protobuf/generated_message_reflection.cc:2526:55: warning: 'bool google::protobuf::FieldOptions::weak() const' is deprecated [-Wdeprecated-declarations]
2026-10-07T04:28:13.7220625Z  2526 |   if (!field->is_extension() && !field->options().weak() &&
2026-10-07T04:28:13.7221335Z       |                                  ~~~~~~~~~~~~~~~~~~~~~^~
2026-10-07T04:28:13.7222487Z In file included from external/protobuf+/src/google/protobuf/generated_message_reflection.cc:41:
2026-10-07T04:28:13.7223864Z bazel-out/k8-opt-exec-ST-d57f47055a04/bin/external/protobuf+/src/google/protobuf/_virtual_includes/protobuf/google/protobuf/descriptor.pb.h:18861:13: note: declared here
2026-10-07T04:28:13.7224977Z 18861 | inline bool FieldOptions::weak() const {
2026-10-07T04:28:13.7225786Z       |             ^~~~~~~~~~~~
2026-10-07T04:28:13.7226385Z In file included from external/abseil-cpp+/absl/log/internal/check_impl.h:20,
2026-10-07T04:28:13.7227456Z                  from external/abseil-cpp+/absl/log/absl_check.h:38,
2026-10-07T04:28:13.7229695Z                  from bazel-out/k8-opt-exec-ST-d57f47055a04/bin/external/protobuf+/src/google/protobuf/_virtual_includes/protobuf/google/protobuf/generated_message_reflection.h:25:
2026-10-07T04:28:13.7231745Z external/protobuf+/src/google/protobuf/generated_message_reflection.cc: In member function 'bool google::protobuf::Reflection::HasFieldWithHasbits(const google::protobuf::Message&, const google::protobuf::FieldDescriptor*) const':
2026-10-07T04:28:13.7233775Z external/protobuf+/src/google/protobuf/generated_message_reflection.cc:3290:37: warning: 'bool google::protobuf::FieldOptions::weak() const' is deprecated [-Wdeprecated-declarations]
2026-10-07T04:28:13.7234898Z  3290 |   ABSL_DCHECK(!field->options().weak());
2026-10-07T04:28:13.7235430Z       |                ~~~~~~~~~~~~~~~~~~~~~^~
2026-10-07T04:28:13.7236367Z external/abseil-cpp+/absl/log/internal/conditions.h:68:7: note: in definition of macro 'ABSL_LOG_INTERNAL_STATELESS_CONDITION'
2026-10-07T04:28:13.7237291Z    68 |     !(condition) ? (void)0 : ::absl::log_internal::Voidify() &&
2026-10-07T04:28:13.7237856Z       |       ^~~~~~~~~
2026-10-07T04:28:13.7238744Z external/abseil-cpp+/absl/log/internal/check_impl.h:26:3: note: in expansion of macro 'ABSL_LOG_INTERNAL_CONDITION_FATAL'
2026-10-07T04:28:13.7239712Z    26 |   ABSL_LOG_INTERNAL_CONDITION_FATAL(STATELESS,                        \
2026-10-07T04:28:13.7240340Z       |   ^~~~~~~~~~~~~~~~~~~~~~~~~~~~~~~~~
2026-10-07T04:28:13.7241077Z external/abseil-cpp+/absl/log/internal/check_impl.h:27:37: note: in expansion of macro 'ABSL_PREDICT_FALSE'
2026-10-07T04:28:13.7241938Z    27 |                                     ABSL_PREDICT_FALSE(!(condition))) \
2026-10-07T04:28:13.7242622Z       |                                     ^~~~~~~~~~~~~~~~~~
2026-10-07T04:28:13.7243399Z external/abseil-cpp+/absl/log/internal/check_impl.h:43:3: note: in expansion of macro 'ABSL_LOG_INTERNAL_CHECK_IMPL'
2026-10-07T04:28:13.7244326Z    43 |   ABSL_LOG_INTERNAL_CHECK_IMPL(true || (condition), "true")
2026-10-07T04:28:13.7244899Z       |   ^~~~~~~~~~~~~~~~~~~~~~~~~~~~
2026-10-07T04:28:13.7245627Z external/abseil-cpp+/absl/log/absl_check.h:47:3: note: in expansion of macro 'ABSL_LOG_INTERNAL_DCHECK_IMPL'
2026-10-07T04:28:13.7246474Z    47 |   ABSL_LOG_INTERNAL_DCHECK_IMPL((condition), #condition)
2026-10-07T04:28:13.7247081Z       |   ^~~~~~~~~~~~~~~~~~~~~~~~~~~~~
2026-10-07T04:28:13.7247910Z external/protobuf+/src/google/protobuf/generated_message_reflection.cc:3290:3: note: in expansion of macro 'ABSL_DCHECK'
2026-10-07T04:28:13.7249104Z  3290 |   ABSL_DCHECK(!field->options().weak());
2026-10-07T04:28:13.7249601Z       |   ^~~~~~~~~~~
2026-10-07T04:28:13.7250648Z bazel-out/k8-opt-exec-ST-d57f47055a04/bin/external/protobuf+/src/google/protobuf/_virtual_includes/protobuf/google/protobuf/descriptor.pb.h:18861:13: note: declared here
2026-10-07T04:28:13.7251763Z 18861 | inline bool FieldOptions::weak() const {
2026-10-07T04:28:13.7252314Z       |             ^~~~~~~~~~~~
2026-10-07T04:28:13.7253492Z external/protobuf+/src/google/protobuf/generated_message_reflection.cc: In member function 'void google::protobuf::Reflection::SetHasBit(google::protobuf::Message*, const google::protobuf::FieldDescriptor*) const':
2026-10-07T04:28:13.7255292Z external/protobuf+/src/google/protobuf/generated_message_reflection.cc:3323:37: warning: 'bool google::protobuf::FieldOptions::weak() const' is deprecated [-Wdeprecated-declarations]
2026-10-07T04:28:13.7256570Z  3323 |   ABSL_DCHECK(!field->options().weak());
2026-10-07T04:28:13.7257142Z       |                ~~~~~~~~~~~~~~~~~~~~~^~
2026-10-07T04:28:13.7257945Z external/abseil-cpp+/absl/log/internal/conditions.h:68:7: note: in definition of macro 'ABSL_LOG_INTERNAL_STATELESS_CONDITION'
2026-10-07T04:28:13.7259327Z    68 |     !(condition) ? (void)0 : ::absl::log_internal::Voidify() &&
2026-10-07T04:28:13.7259926Z       |       ^~~~~~~~~
2026-10-07T04:28:13.7260697Z external/abseil-cpp+/absl/log/internal/check_impl.h:26:3: note: in expansion of macro 'ABSL_LOG_INTERNAL_CONDITION_FATAL'
2026-10-07T04:28:13.7261669Z    26 |   ABSL_LOG_INTERNAL_CONDITION_FATAL(STATELESS,                        \
2026-10-07T04:28:13.7262341Z       |   ^~~~~~~~~~~~~~~~~~~~~~~~~~~~~~~~~
2026-10-07T04:28:13.7263061Z external/abseil-cpp+/absl/log/internal/check_impl.h:27:37: note: in expansion of macro 'ABSL_PREDICT_FALSE'
2026-10-07T04:28:13.7263984Z    27 |                                     ABSL_PREDICT_FALSE(!(condition))) \
2026-10-07T04:28:13.7264622Z       |                                     ^~~~~~~~~~~~~~~~~~
2026-10-07T04:28:13.7265441Z external/abseil-cpp+/absl/log/internal/check_impl.h:43:3: note: in expansion of macro 'ABSL_LOG_INTERNAL_CHECK_IMPL'
2026-10-07T04:28:13.7266357Z    43 |   ABSL_LOG_INTERNAL_CHECK_IMPL(true || (condition), "true")
2026-10-07T04:28:13.7266993Z       |   ^~~~~~~~~~~~~~~~~~~~~~~~~~~~
2026-10-07T04:28:13.7267657Z external/abseil-cpp+/absl/log/absl_check.h:47:3: note: in expansion of macro 'ABSL_LOG_INTERNAL_DCHECK_IMPL'
2026-10-07T04:28:13.7268672Z    47 |   ABSL_LOG_INTERNAL_DCHECK_IMPL((condition), #condition)
2026-10-07T04:28:13.7269214Z       |   ^~~~~~~~~~~~~~~~~~~~~~~~~~~~~
2026-10-07T04:28:13.7270037Z external/protobuf+/src/google/protobuf/generated_message_reflection.cc:3323:3: note: in expansion of macro 'ABSL_DCHECK'
2026-10-07T04:28:13.7270872Z  3323 |   ABSL_DCHECK(!field->options().weak());
2026-10-07T04:28:13.7271379Z       |   ^~~~~~~~~~~
2026-10-07T04:28:13.7272351Z bazel-out/k8-opt-exec-ST-d57f47055a04/bin/external/protobuf+/src/google/protobuf/_virtual_includes/protobuf/google/protobuf/descriptor.pb.h:18861:13: note: declared here
2026-10-07T04:28:13.7273444Z 18861 | inline bool FieldOptions::weak() const {
2026-10-07T04:28:13.7273934Z       |             ^~~~~~~~~~~~
2026-10-07T04:28:13.7275186Z external/protobuf+/src/google/protobuf/generated_message_reflection.cc: In member function 'void google::protobuf::Reflection::ClearHasBit(google::protobuf::Message*, const google::protobuf::FieldDescriptor*) const':
2026-10-07T04:28:13.7277031Z external/protobuf+/src/google/protobuf/generated_message_reflection.cc:3332:37: warning: 'bool google::protobuf::FieldOptions::weak() const' is deprecated [-Wdeprecated-declarations]
2026-10-07T04:28:13.7278386Z  3332 |   ABSL_DCHECK(!field->options().weak());
2026-10-07T04:28:13.7278955Z       |                ~~~~~~~~~~~~~~~~~~~~~^~
2026-10-07T04:28:13.7279822Z external/abseil-cpp+/absl/log/internal/conditions.h:68:7: note: in definition of macro 'ABSL_LOG_INTERNAL_STATELESS_CONDITION'
2026-10-07T04:28:13.7280829Z    68 |     !(condition) ? (void)0 : ::absl::log_internal::Voidify() &&
2026-10-07T04:28:13.7281418Z       |       ^~~~~~~~~
2026-10-07T04:28:13.7282130Z external/abseil-cpp+/absl/log/internal/check_impl.h:26:3: note: in expansion of macro 'ABSL_LOG_INTERNAL_CONDITION_FATAL'
2026-10-07T04:28:13.7283110Z    26 |   ABSL_LOG_INTERNAL_CONDITION_FATAL(STATELESS,                        \
2026-10-07T04:28:13.7283765Z       |   ^~~~~~~~~~~~~~~~~~~~~~~~~~~~~~~~~
2026-10-07T04:28:13.7284530Z external/abseil-cpp+/absl/log/internal/check_impl.h:27:37: note: in expansion of macro 'ABSL_PREDICT_FALSE'
2026-10-07T04:28:13.7285394Z    27 |                                     ABSL_PREDICT_FALSE(!(condition))) \
2026-10-07T04:28:13.7286072Z       |                                     ^~~~~~~~~~~~~~~~~~
2026-10-07T04:28:13.7286860Z external/abseil-cpp+/absl/log/internal/check_impl.h:43:3: note: in expansion of macro 'ABSL_LOG_INTERNAL_CHECK_IMPL'
2026-10-07T04:28:13.7288076Z    43 |   ABSL_LOG_INTERNAL_CHECK_IMPL(true || (condition), "true")
2026-10-07T04:28:13.7288841Z       |   ^~~~~~~~~~~~~~~~~~~~~~~~~~~~
2026-10-07T04:28:13.7289580Z external/abseil-cpp+/absl/log/absl_check.h:47:3: note: in expansion of macro 'ABSL_LOG_INTERNAL_DCHECK_IMPL'
2026-10-07T04:28:13.7290631Z    47 |   ABSL_LOG_INTERNAL_DCHECK_IMPL((condition), #condition)
2026-10-07T04:28:13.7291265Z       |   ^~~~~~~~~~~~~~~~~~~~~~~~~~~~~
2026-10-07T04:28:13.7292070Z external/protobuf+/src/google/protobuf/generated_message_reflection.cc:3332:3: note: in expansion of macro 'ABSL_DCHECK'
2026-10-07T04:28:13.7292939Z  3332 |   ABSL_DCHECK(!field->options().weak());
2026-10-07T04:28:13.7293474Z       |   ^~~~~~~~~~~
2026-10-07T04:28:13.7294486Z bazel-out/k8-opt-exec-ST-d57f47055a04/bin/external/protobuf+/src/google/protobuf/_virtual_includes/protobuf/google/protobuf/descriptor.pb.h:18861:13: note: declared here
2026-10-07T04:28:13.7295538Z 18861 | inline bool FieldOptions::weak() const {
2026-10-07T04:28:13.7296056Z       |             ^~~~~~~~~~~~
2026-10-07T04:28:13.7297385Z external/protobuf+/src/google/protobuf/generated_message_reflection.cc: In member function 'void google::protobuf::Reflection::NaiveSwapHasBit(google::protobuf::Message*, google::protobuf::Message*, const google::protobuf::FieldDescriptor*) const':
2026-10-07T04:28:13.7299639Z external/protobuf+/src/google/protobuf/generated_message_reflection.cc:3341:37: warning: 'bool google::protobuf::FieldOptions::weak() const' is deprecated [-Wdeprecated-declarations]
2026-10-07T04:28:13.7300713Z  3341 |   ABSL_DCHECK(!field->options().weak());
2026-10-07T04:28:13.7301280Z       |                ~~~~~~~~~~~~~~~~~~~~~^~
2026-10-07T04:28:13.7302104Z external/abseil-cpp+/absl/log/internal/conditions.h:68:7: note: in definition of macro 'ABSL_LOG_INTERNAL_STATELESS_CONDITION'
2026-10-07T04:28:13.7303082Z    68 |     !(condition) ? (void)0 : ::absl::log_internal::Voidify() &&
2026-10-07T04:28:13.7303620Z       |       ^~~~~~~~~
2026-10-07T04:28:13.7304353Z external/abseil-cpp+/absl/log/internal/check_impl.h:26:3: note: in expansion of macro 'ABSL_LOG_INTERNAL_CONDITION_FATAL'
2026-10-07T04:28:13.7305285Z    26 |   ABSL_LOG_INTERNAL_CONDITION_FATAL(STATELESS,                        \
2026-10-07T04:28:13.7305960Z       |   ^~~~~~~~~~~~~~~~~~~~~~~~~~~~~~~~~
2026-10-07T04:28:13.7306672Z external/abseil-cpp+/absl/log/internal/check_impl.h:27:37: note: in expansion of macro 'ABSL_PREDICT_FALSE'
2026-10-07T04:28:13.7307515Z    27 |                                     ABSL_PREDICT_FALSE(!(condition))) \
2026-10-07T04:28:13.7308344Z       |                                     ^~~~~~~~~~~~~~~~~~
2026-10-07T04:28:13.7309153Z external/abseil-cpp+/absl/log/internal/check_impl.h:43:3: note: in expansion of macro 'ABSL_LOG_INTERNAL_CHECK_IMPL'
2026-10-07T04:28:13.7310025Z    43 |   ABSL_LOG_INTERNAL_CHECK_IMPL(true || (condition), "true")
2026-10-07T04:28:13.7310612Z       |   ^~~~~~~~~~~~~~~~~~~~~~~~~~~~
2026-10-07T04:28:13.7311334Z external/abseil-cpp+/absl/log/absl_check.h:47:3: note: in expansion of macro 'ABSL_LOG_INTERNAL_DCHECK_IMPL'
2026-10-07T04:28:13.7312174Z    47 |   ABSL_LOG_INTERNAL_DCHECK_IMPL((condition), #condition)
2026-10-07T04:28:13.7312720Z       |   ^~~~~~~~~~~~~~~~~~~~~~~~~~~~~
2026-10-07T04:28:13.7313546Z external/protobuf+/src/google/protobuf/generated_message_reflection.cc:3341:3: note: in expansion of macro 'ABSL_DCHECK'
2026-10-07T04:28:13.7314350Z  3341 |   ABSL_DCHECK(!field->options().weak());
2026-10-07T04:28:13.7314829Z       |   ^~~~~~~~~~~
2026-10-07T04:28:13.7315780Z bazel-out/k8-opt-exec-ST-d57f47055a04/bin/external/protobuf+/src/google/protobuf/_virtual_includes/protobuf/google/protobuf/descriptor.pb.h:18861:13: note: declared here
2026-10-07T04:28:13.7316906Z 18861 | inline bool FieldOptions::weak() const {
2026-10-07T04:28:13.7317415Z       |             ^~~~~~~~~~~~
2026-10-07T04:28:13.7321417Z bazel-out/k8-opt-exec-ST-d57f47055a04/bin/external/protobuf+/src/google/protobuf/_virtual_includes/protobuf/google/protobuf/reflection_visit_fields.h: In instantiation of 'static void google::protobuf::internal::ReflectionVisit::VisitFields(MessageT&, CallbackFn&&, google::protobuf::internal::FieldMask) [with MessageT = google::protobuf::Message; CallbackFn = google::protobuf::internal::ReflectionVisit::VisitMessageFields<google::protobuf::Reflection::MaybePoisonAfterClear(google::protobuf::Message&) const::<lambda(google::protobuf::Message&)> >(google::protobuf::Message&, google::protobuf::Reflection::MaybePoisonAfterClear(google::protobuf::Message&) const::<lambda(google::protobuf::Message&)>&&)::<lambda(auto:42)>]':
2026-10-07T04:28:13.7326859Z bazel-out/k8-opt-exec-ST-d57f47055a04/bin/external/protobuf+/src/google/protobuf/_virtual_includes/protobuf/google/protobuf/reflection_visit_fields.h:447:31:   required from 'static void google::protobuf::internal::ReflectionVisit::VisitMessageFields(google::protobuf::Message&, CallbackFn&&) [with CallbackFn = google::protobuf::Reflection::MaybePoisonAfterClear(google::protobuf::Message&) const::<lambda(google::protobuf::Message&)>]'
2026-10-07T04:28:13.7331016Z bazel-out/k8-opt-exec-ST-d57f47055a04/bin/external/protobuf+/src/google/protobuf/_virtual_includes/protobuf/google/protobuf/reflection_visit_fields.h:502:38:   required from 'void google::protobuf::internal::VisitMutableMessageFields(google::protobuf::Message&, CallbackFn&&) [with CallbackFn = google::protobuf::Reflection::MaybePoisonAfterClear(google::protobuf::Message&) const::<lambda(google::protobuf::Message&)>]'
2026-10-07T04:28:13.7333438Z external/protobuf+/src/google/protobuf/generated_message_reflection.cc:1390:40:   required from here
2026-10-07T04:28:13.7335230Z bazel-out/k8-opt-exec-ST-d57f47055a04/bin/external/protobuf+/src/google/protobuf/_virtual_includes/protobuf/google/protobuf/reflection_visit_fields.h:109:39: warning: 'bool google::protobuf::FieldOptions::weak() const' is deprecated [-Wdeprecated-declarations]
2026-10-07T04:28:13.7336902Z   109 |     ABSL_DCHECK(!field->options().weak()) << "weak fields are not supported";
2026-10-07T04:28:13.7337636Z       |                  ~~~~~~~~~~~~~~~~~~~~~^~
2026-10-07T04:28:13.7338617Z external/abseil-cpp+/absl/log/internal/conditions.h:68:7: note: in definition of macro 'ABSL_LOG_INTERNAL_STATELESS_CONDITION'
2026-10-07T04:28:13.7339636Z    68 |     !(condition) ? (void)0 : ::absl::log_internal::Voidify() &&
2026-10-07T04:28:13.7340181Z       |       ^~~~~~~~~
2026-10-07T04:28:13.7340935Z external/abseil-cpp+/absl/log/internal/check_impl.h:26:3: note: in expansion of macro 'ABSL_LOG_INTERNAL_CONDITION_FATAL'
2026-10-07T04:28:13.7341910Z    26 |   ABSL_LOG_INTERNAL_CONDITION_FATAL(STATELESS,                        \
2026-10-07T04:28:13.7342563Z       |   ^~~~~~~~~~~~~~~~~~~~~~~~~~~~~~~~~
2026-10-07T04:28:13.7343272Z external/abseil-cpp+/absl/log/internal/check_impl.h:27:37: note: in expansion of macro 'ABSL_PREDICT_FALSE'
2026-10-07T04:28:13.7344148Z    27 |                                     ABSL_PREDICT_FALSE(!(condition))) \
2026-10-07T04:28:13.7344787Z       |                                     ^~~~~~~~~~~~~~~~~~
2026-10-07T04:28:13.7345600Z external/abseil-cpp+/absl/log/internal/check_impl.h:43:3: note: in expansion of macro 'ABSL_LOG_INTERNAL_CHECK_IMPL'
2026-10-07T04:28:13.7346483Z    43 |   ABSL_LOG_INTERNAL_CHECK_IMPL(true || (condition), "true")
2026-10-07T04:28:13.7347098Z       |   ^~~~~~~~~~~~~~~~~~~~~~~~~~~~
2026-10-07T04:28:13.7347757Z external/abseil-cpp+/absl/log/absl_check.h:47:3: note: in expansion of macro 'ABSL_LOG_INTERNAL_DCHECK_IMPL'
2026-10-07T04:28:13.7348775Z    47 |   ABSL_LOG_INTERNAL_DCHECK_IMPL((condition), #condition)
2026-10-07T04:28:13.7349324Z       |   ^~~~~~~~~~~~~~~~~~~~~~~~~~~~~
2026-10-07T04:28:13.7350537Z bazel-out/k8-opt-exec-ST-d57f47055a04/bin/external/protobuf+/src/google/protobuf/_virtual_includes/protobuf/google/protobuf/reflection_visit_fields.h:109:5: note: in expansion of macro 'ABSL_DCHECK'
2026-10-07T04:28:13.7351902Z   109 |     ABSL_DCHECK(!field->options().weak()) << "weak fields are not supported";
2026-10-07T04:28:13.7352767Z       |     ^~~~~~~~~~~
2026-10-07T04:28:13.7353748Z bazel-out/k8-opt-exec-ST-d57f47055a04/bin/external/protobuf+/src/google/protobuf/_virtual_includes/protobuf/google/protobuf/descriptor.pb.h:18861:13: note: declared here
2026-10-07T04:28:13.7354862Z 18861 | inline bool FieldOptions::weak() const {
2026-10-07T04:28:13.7355523Z       |             ^~~~~~~~~~~~
2026-10-07T04:28:13.7356998Z bazel-out/k8-opt-exec-ST-d57f47055a04/bin/external/protobuf+/src/google/protobuf/_virtual_includes/protobuf/google/protobuf/reflection_visit_fields.h:109:39: warning: 'bool google::protobuf::FieldOptions::weak() const' is deprecated [-Wdeprecated-declarations]
2026-10-07T04:28:13.7358855Z   109 |     ABSL_DCHECK(!field->options().weak()) << "weak fields are not supported";
2026-10-07T04:28:13.7359456Z       |                  ~~~~~~~~~~~~~~~~~~~~~^~
2026-10-07T04:28:13.7360087Z external/abseil-cpp+/absl/log/internal/conditions.h:68:7: note: in definition of macro 'ABSL_LOG_INTERNAL_STATELESS_CONDITION'
2026-10-07T04:28:13.7360650Z    68 |     !(condition) ? (void)0 : ::absl::log_internal::Voidify() &&
2026-10-07T04:28:13.7360936Z       |       ^~~~~~~~~
2026-10-07T04:28:13.7361340Z external/abseil-cpp+/absl/log/internal/check_impl.h:26:3: note: in expansion of macro 'ABSL_LOG_INTERNAL_CONDITION_FATAL'
2026-10-07T04:28:13.7361878Z    26 |   ABSL_LOG_INTERNAL_CONDITION_FATAL(STATELESS,                        \
2026-10-07T04:28:13.7362215Z       |   ^~~~~~~~~~~~~~~~~~~~~~~~~~~~~~~~~
2026-10-07T04:28:13.7362595Z external/abseil-cpp+/absl/log/internal/check_impl.h:27:37: note: in expansion of macro 'ABSL_PREDICT_FALSE'
2026-10-07T04:28:13.7363045Z    27 |                                     ABSL_PREDICT_FALSE(!(condition))) \
2026-10-07T04:28:13.7363369Z       |                                     ^~~~~~~~~~~~~~~~~~
2026-10-07T04:28:13.7363779Z external/abseil-cpp+/absl/log/internal/check_impl.h:43:3: note: in expansion of macro 'ABSL_LOG_INTERNAL_CHECK_IMPL'
2026-10-07T04:28:13.7364255Z    43 |   ABSL_LOG_INTERNAL_CHECK_IMPL(true || (condition), "true")
2026-10-07T04:28:13.7364549Z       |   ^~~~~~~~~~~~~~~~~~~~~~~~~~~~
2026-10-07T04:28:13.7364910Z external/abseil-cpp+/absl/log/absl_check.h:47:3: note: in expansion of macro 'ABSL_LOG_INTERNAL_DCHECK_IMPL'
2026-10-07T04:28:13.7365347Z    47 |   ABSL_LOG_INTERNAL_DCHECK_IMPL((condition), #condition)
2026-10-07T04:28:13.7365635Z       |   ^~~~~~~~~~~~~~~~~~~~~~~~~~~~~
2026-10-07T04:28:13.7366289Z bazel-out/k8-opt-exec-ST-d57f47055a04/bin/external/protobuf+/src/google/protobuf/_virtual_includes/protobuf/google/protobuf/reflection_visit_fields.h:109:5: note: in expansion of macro 'ABSL_DCHECK'
2026-10-07T04:28:13.7367031Z   109 |     ABSL_DCHECK(!field->options().weak()) << "weak fields are not supported";
2026-10-07T04:28:13.7367346Z       |     ^~~~~~~~~~~
2026-10-07T04:28:13.7367874Z bazel-out/k8-opt-exec-ST-d57f47055a04/bin/external/protobuf+/src/google/protobuf/_virtual_includes/protobuf/google/protobuf/descriptor.pb.h:18861:13: note: declared here
2026-10-07T04:28:13.7368801Z 18861 | inline bool FieldOptions::weak() const {
2026-10-07T04:28:13.7369208Z       |             ^~~~~~~~~~~~
2026-10-07T04:28:13.7370004Z [818 / 939] Compiling src/google/protobuf/compiler/cpp/field_generators/map_field.cc [for tool]; 1s processwrapper-sandbox ... (4 actions, 3 running)
2026-10-07T04:28:14.7684802Z [818 / 939] Compiling src/google/protobuf/compiler/cpp/field_generators/map_field.cc [for tool]; 2s processwrapper-sandbox ... (4 actions running)
2026-10-07T04:28:15.6859384Z INFO: From Compiling src/google/protobuf/dynamic_message.cc:
2026-10-07T04:28:15.6879111Z In file included from external/protobuf+/src/google/protobuf/dynamic_message.cc:66:
2026-10-07T04:28:15.6909974Z bazel-out/k8-opt/bin/external/protobuf+/src/google/protobuf/_virtual_includes/protobuf/google/protobuf/map_field.h: In constructor 'google::protobuf::internal::MapFieldBase::ReflectionPayload::ReflectionPayload(google::protobuf::Arena*, const google::protobuf::Message*)':
2026-10-07T04:28:15.6940294Z bazel-out/k8-opt/bin/external/protobuf+/src/google/protobuf/_virtual_includes/protobuf/google/protobuf/map_field.h:416:11: warning: 'google::protobuf::RepeatedPtrField<T>::RepeatedPtrField(google::protobuf::Arena*) [with Element = google::protobuf::Message]' is deprecated: Use Arena::Create<RepeatedPtrField<...>>(Arena*) instead [-Wdeprecated-declarations]
2026-10-07T04:28:15.6969172Z   416 |         : repeated_field_(arena), prototype_(prototype) {}
2026-10-07T04:28:15.6994493Z       |           ^~~~~~~~~~~~~~~~~~~~~~
2026-10-07T04:28:15.6996217Z In file included from bazel-out/k8-opt/bin/external/protobuf+/src/google/protobuf/_virtual_includes/protobuf_lite/google/protobuf/repeated_field.h:46,
2026-10-07T04:28:15.6998656Z                  from bazel-out/k8-opt/bin/external/protobuf+/src/google/protobuf/_virtual_includes/protobuf_lite/google/protobuf/parse_context.h:39,
2026-10-07T04:28:15.7001119Z                  from bazel-out/k8-opt/bin/external/protobuf+/src/google/protobuf/_virtual_includes/protobuf_lite/google/protobuf/generated_message_tctable_decl.h:25,
2026-10-07T04:28:15.7003197Z                  from bazel-out/k8-opt/bin/external/protobuf+/src/google/protobuf/_virtual_includes/protobuf_lite/google/protobuf/extension_set.h:40,
2026-10-07T04:28:15.7005099Z                  from bazel-out/k8-opt/bin/external/protobuf+/src/google/protobuf/_virtual_includes/protobuf/google/protobuf/descriptor.h:56,
2026-10-07T04:28:15.7007036Z                  from bazel-out/k8-opt/bin/external/protobuf+/src/google/protobuf/_virtual_includes/protobuf/google/protobuf/dynamic_message.h:27,
2026-10-07T04:28:15.7008520Z                  from external/protobuf+/src/google/protobuf/dynamic_message.cc:42:
2026-10-07T04:28:15.7009632Z bazel-out/k8-opt/bin/external/protobuf+/src/google/protobuf/_virtual_includes/protobuf_lite/google/protobuf/repeated_ptr_field.h:1380:8: note: declared here
2026-10-07T04:28:15.7010737Z  1380 | inline RepeatedPtrField<Element>::RepeatedPtrField(Arena* arena)
2026-10-07T04:28:15.7011458Z       |        ^~~~~~~~~~~~~~~~~~~~~~~~~
2026-10-07T04:28:15.7012320Z external/protobuf+/src/google/protobuf/dynamic_message.cc: In member function 'void google::protobuf::DynamicMessage::SharedCtor(bool)':
2026-10-07T04:28:15.7014417Z external/protobuf+/src/google/protobuf/dynamic_message.cc:574:66: warning: 'google::protobuf::RepeatedPtrField<T>::RepeatedPtrField(google::protobuf::Arena*) [with Element = std::__cxx11::basic_string<char>]' is deprecated: Use Arena::Create<RepeatedPtrField<...>>(Arena*) instead [-Wdeprecated-declarations]
2026-10-07T04:28:15.7016142Z   574 |               new (field_ptr) RepeatedPtrField<std::string>(arena);
2026-10-07T04:28:15.7016810Z       |                                                                  ^
2026-10-07T04:28:15.7017753Z bazel-out/k8-opt/bin/external/protobuf+/src/google/protobuf/_virtual_includes/protobuf_lite/google/protobuf/repeated_ptr_field.h:1380:8: note: declared here
2026-10-07T04:28:15.7018988Z  1380 | inline RepeatedPtrField<Element>::RepeatedPtrField(Arena* arena)
2026-10-07T04:28:15.7019592Z       |        ^~~~~~~~~~~~~~~~~~~~~~~~~
2026-10-07T04:28:15.7021099Z external/protobuf+/src/google/protobuf/dynamic_message.cc:602:60: warning: 'google::protobuf::RepeatedPtrField<T>::RepeatedPtrField(google::protobuf::Arena*) [with Element = google::protobuf::Message]' is deprecated: Use Arena::Create<RepeatedPtrField<...>>(Arena*) instead [-Wdeprecated-declarations]
2026-10-07T04:28:15.7022704Z   602 |             new (field_ptr) RepeatedPtrField<Message>(arena);
2026-10-07T04:28:15.7023361Z       |                                                            ^
2026-10-07T04:28:15.7024375Z bazel-out/k8-opt/bin/external/protobuf+/src/google/protobuf/_virtual_includes/protobuf_lite/google/protobuf/repeated_ptr_field.h:1380:8: note: declared here
2026-10-07T04:28:15.7025486Z  1380 | inline RepeatedPtrField<Element>::RepeatedPtrField(Arena* arena)
2026-10-07T04:28:15.7026128Z       |        ^~~~~~~~~~~~~~~~~~~~~~~~~
2026-10-07T04:28:15.7027314Z external/protobuf+/src/google/protobuf/dynamic_message.cc: In member function 'void google::protobuf::DynamicMessage::CrossLinkPrototypes()':
2026-10-07T04:28:15.7028923Z external/protobuf+/src/google/protobuf/dynamic_message.cc:774:31: warning: 'bool google::protobuf::FieldOptions::weak() const' is deprecated [-Wdeprecated-declarations]
2026-10-07T04:28:15.7030246Z   774 |         !field->options().weak() && !InRealOneof(field) &&
2026-10-07T04:28:15.7030834Z       |          ~~~~~~~~~~~~~~~~~~~~~^~
2026-10-07T04:28:15.7031531Z In file included from external/protobuf+/src/google/protobuf/dynamic_message.cc:60:
2026-10-07T04:28:15.7032688Z bazel-out/k8-opt/bin/external/protobuf+/src/google/protobuf/_virtual_includes/protobuf/google/protobuf/descriptor.pb.h:18861:13: note: declared here
2026-10-07T04:28:15.7033651Z 18861 | inline bool FieldOptions::weak() const {
2026-10-07T04:28:15.7034155Z       |             ^~~~~~~~~~~~
2026-10-07T04:28:16.7689778Z [822 / 939] Compiling src/google/protobuf/compiler/cpp/field_generators/map_field.cc [for tool]; 4s processwrapper-sandbox ... (4 actions running)
2026-10-07T04:28:17.2269391Z INFO: From Compiling src/google/protobuf/compiler/cpp/field_generators/map_field.cc [for tool]:
2026-10-07T04:28:17.2299511Z In file included from bazel-out/k8-opt-exec-ST-d57f47055a04/bin/external/protobuf+/src/google/protobuf/compiler/cpp/_virtual_includes/cpp/google/protobuf/compiler/cpp/field.h:26,
2026-10-07T04:28:17.2309553Z                  from external/protobuf+/src/google/protobuf/compiler/cpp/field_generators/map_field.cc:19:
2026-10-07T04:28:17.2340044Z bazel-out/k8-opt-exec-ST-d57f47055a04/bin/external/protobuf+/src/google/protobuf/compiler/cpp/_virtual_includes/names_internal/google/protobuf/compiler/cpp/helpers.h: In function 'bool google::protobuf::compiler::cpp::IsWeak(const google::protobuf::FieldDescriptor*, const Options&)':
2026-10-07T04:28:17.2359867Z bazel-out/k8-opt-exec-ST-d57f47055a04/bin/external/protobuf+/src/google/protobuf/compiler/cpp/_virtual_includes/names_internal/google/protobuf/compiler/cpp/helpers.h:347:28: warning: 'bool google::protobuf::FieldOptions::weak() const' is deprecated [-Wdeprecated-declarations]
2026-10-07T04:28:17.2388666Z   347 |   if (field->options().weak()) {
2026-10-07T04:28:17.2398797Z       |       ~~~~~~~~~~~~~~~~~~~~~^~
2026-10-07T04:28:17.2419397Z In file included from bazel-out/k8-opt-exec-ST-d57f47055a04/bin/external/protobuf+/src/google/protobuf/compiler/_virtual_includes/code_generator_lite/google/protobuf/compiler/code_generator_lite.h:18,
2026-10-07T04:28:17.2450155Z                  from bazel-out/k8-opt-exec-ST-d57f47055a04/bin/external/protobuf+/src/google/protobuf/compiler/_virtual_includes/code_generator/google/protobuf/compiler/code_generator.h:25,
2026-10-07T04:28:17.2480197Z                  from bazel-out/k8-opt-exec-ST-d57f47055a04/bin/external/protobuf+/src/google/protobuf/compiler/cpp/_virtual_includes/names_internal/google/protobuf/compiler/cpp/helpers.h:29:
2026-10-07T04:28:17.2489372Z bazel-out/k8-opt-exec-ST-d57f47055a04/bin/external/protobuf+/src/google/protobuf/_virtual_includes/protobuf/google/protobuf/descriptor.pb.h:18861:13: note: declared here
2026-10-07T04:28:17.2508711Z 18861 | inline bool FieldOptions::weak() const {
2026-10-07T04:28:17.2538626Z       |             ^~~~~~~~~~~~
2026-10-07T04:28:17.7689446Z [824 / 939] Compiling src/google/protobuf/feature_resolver.cc [for tool]; 2s processwrapper-sandbox ... (4 actions running)
2026-10-07T04:28:18.9116371Z [825 / 939] Compiling src/google/protobuf/feature_resolver.cc [for tool]; 3s processwrapper-sandbox ... (4 actions, 3 running)
2026-10-07T04:28:20.7701668Z [826 / 939] Compiling src/google/protobuf/compiler/cpp/field_generators/message_field.cc [for tool]; 3s processwrapper-sandbox ... (4 actions running)
2026-10-07T04:28:22.3799825Z [827 / 939] Compiling src/google/protobuf/compiler/cpp/field_generators/message_field.cc [for tool]; 5s processwrapper-sandbox ... (4 actions, 3 running)
2026-10-07T04:28:23.0395919Z INFO: From Compiling src/google/protobuf/compiler/cpp/field_generators/message_field.cc [for tool]:
2026-10-07T04:28:23.0429750Z In file included from bazel-out/k8-opt-exec-ST-d57f47055a04/bin/external/protobuf+/src/google/protobuf/compiler/cpp/_virtual_includes/cpp/google/protobuf/compiler/cpp/field.h:26,
2026-10-07T04:28:23.0460244Z                  from external/protobuf+/src/google/protobuf/compiler/cpp/field_generators/message_field.cc:21:
2026-10-07T04:28:23.0490425Z bazel-out/k8-opt-exec-ST-d57f47055a04/bin/external/protobuf+/src/google/protobuf/compiler/cpp/_virtual_includes/names_internal/google/protobuf/compiler/cpp/helpers.h: In function 'bool google::protobuf::compiler::cpp::IsWeak(const google::protobuf::FieldDescriptor*, const Options&)':
2026-10-07T04:28:23.0517326Z bazel-out/k8-opt-exec-ST-d57f47055a04/bin/external/protobuf+/src/google/protobuf/compiler/cpp/_virtual_includes/names_internal/google/protobuf/compiler/cpp/helpers.h:347:28: warning: 'bool google::protobuf::FieldOptions::weak() const' is deprecated [-Wdeprecated-declarations]
2026-10-07T04:28:23.0522950Z   347 |   if (field->options().weak()) {
2026-10-07T04:28:23.0523622Z       |       ~~~~~~~~~~~~~~~~~~~~~^~
2026-10-07T04:28:23.0524921Z In file included from bazel-out/k8-opt-exec-ST-d57f47055a04/bin/external/protobuf+/src/google/protobuf/compiler/_virtual_includes/code_generator_lite/google/protobuf/compiler/code_generator_lite.h:18,
2026-10-07T04:28:23.0527781Z                  from bazel-out/k8-opt-exec-ST-d57f47055a04/bin/external/protobuf+/src/google/protobuf/compiler/_virtual_includes/code_generator/google/protobuf/compiler/code_generator.h:25,
2026-10-07T04:28:23.0530770Z                  from bazel-out/k8-opt-exec-ST-d57f47055a04/bin/external/protobuf+/src/google/protobuf/compiler/cpp/_virtual_includes/names_internal/google/protobuf/compiler/cpp/helpers.h:29:
2026-10-07T04:28:23.0532606Z bazel-out/k8-opt-exec-ST-d57f47055a04/bin/external/protobuf+/src/google/protobuf/_virtual_includes/protobuf/google/protobuf/descriptor.pb.h:18861:13: note: declared here
2026-10-07T04:28:23.0533772Z 18861 | inline bool FieldOptions::weak() const {
2026-10-07T04:28:23.0534380Z       |             ^~~~~~~~~~~~
2026-10-07T04:28:23.7707201Z [829 / 939] Compiling src/google/protobuf/util/message_differencer.cc; 6s processwrapper-sandbox ... (4 actions running)
2026-10-07T04:28:24.7719531Z [830 / 939] Compiling src/google/protobuf/util/message_differencer.cc; 7s processwrapper-sandbox ... (4 actions running)
2026-10-07T04:28:25.1548486Z INFO: From Compiling src/google/protobuf/util/message_differencer.cc:
2026-10-07T04:28:25.1609352Z In file included from external/protobuf+/src/google/protobuf/util/message_differencer.cc:36:
2026-10-07T04:28:25.1661559Z bazel-out/k8-opt/bin/external/protobuf+/src/google/protobuf/_virtual_includes/protobuf/google/protobuf/map_field.h: In constructor 'google::protobuf::internal::MapFieldBase::ReflectionPayload::ReflectionPayload(google::protobuf::Arena*, const google::protobuf::Message*)':
2026-10-07T04:28:25.1665056Z bazel-out/k8-opt/bin/external/protobuf+/src/google/protobuf/_virtual_includes/protobuf/google/protobuf/map_field.h:416:11: warning: 'google::protobuf::RepeatedPtrField<T>::RepeatedPtrField(google::protobuf::Arena*) [with Element = google::protobuf::Message]' is deprecated: Use Arena::Create<RepeatedPtrField<...>>(Arena*) instead [-Wdeprecated-declarations]
2026-10-07T04:28:25.1667185Z   416 |         : repeated_field_(arena), prototype_(prototype) {}
2026-10-07T04:28:25.1667798Z       |           ^~~~~~~~~~~~~~~~~~~~~~
2026-10-07T04:28:25.1668978Z In file included from bazel-out/k8-opt/bin/external/protobuf+/src/google/protobuf/_virtual_includes/protobuf_lite/google/protobuf/repeated_field.h:46,
2026-10-07T04:28:25.1671066Z                  from bazel-out/k8-opt/bin/external/protobuf+/src/google/protobuf/_virtual_includes/protobuf_lite/google/protobuf/parse_context.h:39,
2026-10-07T04:28:25.1673736Z                  from bazel-out/k8-opt/bin/external/protobuf+/src/google/protobuf/_virtual_includes/protobuf_lite/google/protobuf/generated_message_tctable_decl.h:25,
2026-10-07T04:28:25.1676301Z                  from bazel-out/k8-opt/bin/external/protobuf+/src/google/protobuf/_virtual_includes/protobuf_lite/google/protobuf/extension_set.h:40,
2026-10-07T04:28:25.1679969Z                  from bazel-out/k8-opt/bin/external/protobuf+/src/google/protobuf/_virtual_includes/protobuf/google/protobuf/descriptor.h:56,
2026-10-07T04:28:25.1682306Z                  from bazel-out/k8-opt/bin/external/protobuf+/src/google/protobuf/util/_virtual_includes/differencer/google/protobuf/util/message_differencer.h:33,
2026-10-07T04:28:25.1684015Z                  from external/protobuf+/src/google/protobuf/util/message_differencer.cc:12:
2026-10-07T04:28:25.1685227Z bazel-out/k8-opt/bin/external/protobuf+/src/google/protobuf/_virtual_includes/protobuf_lite/google/protobuf/repeated_ptr_field.h:1380:8: note: declared here
2026-10-07T04:28:25.1686413Z  1380 | inline RepeatedPtrField<Element>::RepeatedPtrField(Arena* arena)
2026-10-07T04:28:25.1687053Z       |        ^~~~~~~~~~~~~~~~~~~~~~~~~
2026-10-07T04:28:25.3709468Z INFO: From Compiling src/google/protobuf/dynamic_message.cc [for tool]:
2026-10-07T04:28:25.3739026Z In file included from external/protobuf+/src/google/protobuf/dynamic_message.cc:66:
2026-10-07T04:28:25.3760047Z bazel-out/k8-opt-exec-ST-d57f47055a04/bin/external/protobuf+/src/google/protobuf/_virtual_includes/protobuf/google/protobuf/map_field.h: In constructor 'google::protobuf::internal::MapFieldBase::ReflectionPayload::ReflectionPayload(google::protobuf::Arena*, const google::protobuf::Message*)':
2026-10-07T04:28:25.3770330Z bazel-out/k8-opt-exec-ST-d57f47055a04/bin/external/protobuf+/src/google/protobuf/_virtual_includes/protobuf/google/protobuf/map_field.h:416:11: warning: 'google::protobuf::RepeatedPtrField<T>::RepeatedPtrField(google::protobuf::Arena*) [with Element = google::protobuf::Message]' is deprecated: Use Arena::Create<RepeatedPtrField<...>>(Arena*) instead [-Wdeprecated-declarations]
2026-10-07T04:28:25.3772350Z   416 |         : repeated_field_(arena), prototype_(prototype) {}
2026-10-07T04:28:25.3772829Z       |           ^~~~~~~~~~~~~~~~~~~~~~
2026-10-07T04:28:25.3773766Z In file included from bazel-out/k8-opt-exec-ST-d57f47055a04/bin/external/protobuf+/src/google/protobuf/_virtual_includes/protobuf_lite/google/protobuf/repeated_field.h:46,
2026-10-07T04:28:25.3776110Z                  from bazel-out/k8-opt-exec-ST-d57f47055a04/bin/external/protobuf+/src/google/protobuf/_virtual_includes/protobuf_lite/google/protobuf/parse_context.h:39,
2026-10-07T04:28:25.3778730Z                  from bazel-out/k8-opt-exec-ST-d57f47055a04/bin/external/protobuf+/src/google/protobuf/_virtual_includes/protobuf_lite/google/protobuf/generated_message_tctable_decl.h:25,
2026-10-07T04:28:25.3781067Z                  from bazel-out/k8-opt-exec-ST-d57f47055a04/bin/external/protobuf+/src/google/protobuf/_virtual_includes/protobuf_lite/google/protobuf/extension_set.h:40,
2026-10-07T04:28:25.3783269Z                  from bazel-out/k8-opt-exec-ST-d57f47055a04/bin/external/protobuf+/src/google/protobuf/_virtual_includes/protobuf/google/protobuf/descriptor.h:56,
2026-10-07T04:28:25.3785518Z                  from bazel-out/k8-opt-exec-ST-d57f47055a04/bin/external/protobuf+/src/google/protobuf/_virtual_includes/protobuf/google/protobuf/dynamic_message.h:27,
2026-10-07T04:28:25.3786948Z                  from external/protobuf+/src/google/protobuf/dynamic_message.cc:42:
2026-10-07T04:28:25.3788290Z bazel-out/k8-opt-exec-ST-d57f47055a04/bin/external/protobuf+/src/google/protobuf/_virtual_includes/protobuf_lite/google/protobuf/repeated_ptr_field.h:1380:8: note: declared here
2026-10-07T04:28:25.3789476Z  1380 | inline RepeatedPtrField<Element>::RepeatedPtrField(Arena* arena)
2026-10-07T04:28:25.3790037Z       |        ^~~~~~~~~~~~~~~~~~~~~~~~~
2026-10-07T04:28:25.3790846Z external/protobuf+/src/google/protobuf/dynamic_message.cc: In member function 'void google::protobuf::DynamicMessage::SharedCtor(bool)':
2026-10-07T04:28:25.3792826Z external/protobuf+/src/google/protobuf/dynamic_message.cc:574:66: warning: 'google::protobuf::RepeatedPtrField<T>::RepeatedPtrField(google::protobuf::Arena*) [with Element = std::__cxx11::basic_string<char>]' is deprecated: Use Arena::Create<RepeatedPtrField<...>>(Arena*) instead [-Wdeprecated-declarations]
2026-10-07T04:28:25.3794782Z   574 |               new (field_ptr) RepeatedPtrField<std::string>(arena);
2026-10-07T04:28:25.3795606Z       |                                                                  ^
2026-10-07T04:28:25.3796701Z bazel-out/k8-opt-exec-ST-d57f47055a04/bin/external/protobuf+/src/google/protobuf/_virtual_includes/protobuf_lite/google/protobuf/repeated_ptr_field.h:1380:8: note: declared here
2026-10-07T04:28:25.3797848Z  1380 | inline RepeatedPtrField<Element>::RepeatedPtrField(Arena* arena)
2026-10-07T04:28:25.3828707Z       |        ^~~~~~~~~~~~~~~~~~~~~~~~~
2026-10-07T04:28:25.3830312Z external/protobuf+/src/google/protobuf/dynamic_message.cc:602:60: warning: 'google::protobuf::RepeatedPtrField<T>::RepeatedPtrField(google::protobuf::Arena*) [with Element = google::protobuf::Message]' is deprecated: Use Arena::Create<RepeatedPtrField<...>>(Arena*) instead [-Wdeprecated-declarations]
2026-10-07T04:28:25.3831975Z   602 |             new (field_ptr) RepeatedPtrField<Message>(arena);
2026-10-07T04:28:25.3832562Z       |                                                            ^
2026-10-07T04:28:25.3833688Z bazel-out/k8-opt-exec-ST-d57f47055a04/bin/external/protobuf+/src/google/protobuf/_virtual_includes/protobuf_lite/google/protobuf/repeated_ptr_field.h:1380:8: note: declared here
2026-10-07T04:28:25.3834843Z  1380 | inline RepeatedPtrField<Element>::RepeatedPtrField(Arena* arena)
2026-10-07T04:28:25.3835427Z       |        ^~~~~~~~~~~~~~~~~~~~~~~~~
2026-10-07T04:28:25.3836251Z external/protobuf+/src/google/protobuf/dynamic_message.cc: In member function 'void google::protobuf::DynamicMessage::CrossLinkPrototypes()':
2026-10-07T04:28:25.3837615Z external/protobuf+/src/google/protobuf/dynamic_message.cc:774:31: warning: 'bool google::protobuf::FieldOptions::weak() const' is deprecated [-Wdeprecated-declarations]
2026-10-07T04:28:25.3838780Z   774 |         !field->options().weak() && !InRealOneof(field) &&
2026-10-07T04:28:25.3839259Z       |          ~~~~~~~~~~~~~~~~~~~~~^~
2026-10-07T04:28:25.3839759Z In file included from external/protobuf+/src/google/protobuf/dynamic_message.cc:60:
2026-10-07T04:28:25.3840885Z bazel-out/k8-opt-exec-ST-d57f47055a04/bin/external/protobuf+/src/google/protobuf/_virtual_includes/protobuf/google/protobuf/descriptor.pb.h:18861:13: note: declared here
2026-10-07T04:28:25.3841833Z 18861 | inline bool FieldOptions::weak() const {
2026-10-07T04:28:25.3842249Z       |             ^~~~~~~~~~~~
2026-10-07T04:28:25.7754116Z [833 / 939] Compiling src/google/protobuf/compiler/cpp/field_generators/primitive_field.cc [for tool]; 2s processwrapper-sandbox ... (4 actions running)
2026-10-07T04:28:27.6729955Z INFO: From Compiling src/google/protobuf/compiler/cpp/field_generators/primitive_field.cc [for tool]:
2026-10-07T04:28:27.6769647Z In file included from bazel-out/k8-opt-exec-ST-d57f47055a04/bin/external/protobuf+/src/google/protobuf/compiler/cpp/_virtual_includes/cpp/google/protobuf/compiler/cpp/field.h:26,
2026-10-07T04:28:27.6779740Z                  from external/protobuf+/src/google/protobuf/compiler/cpp/field_generators/primitive_field.cc:21:
2026-10-07T04:28:27.6810061Z bazel-out/k8-opt-exec-ST-d57f47055a04/bin/external/protobuf+/src/google/protobuf/compiler/cpp/_virtual_includes/names_internal/google/protobuf/compiler/cpp/helpers.h: In function 'bool google::protobuf::compiler::cpp::IsWeak(const google::protobuf::FieldDescriptor*, const Options&)':
2026-10-07T04:28:27.6829783Z bazel-out/k8-opt-exec-ST-d57f47055a04/bin/external/protobuf+/src/google/protobuf/compiler/cpp/_virtual_includes/names_internal/google/protobuf/compiler/cpp/helpers.h:347:28: warning: 'bool google::protobuf::FieldOptions::weak() const' is deprecated [-Wdeprecated-declarations]
2026-10-07T04:28:27.6858720Z   347 |   if (field->options().weak()) {
2026-10-07T04:28:27.6868773Z       |       ~~~~~~~~~~~~~~~~~~~~~^~
2026-10-07T04:28:27.6899508Z In file included from bazel-out/k8-opt-exec-ST-d57f47055a04/bin/external/protobuf+/src/google/protobuf/compiler/_virtual_includes/code_generator_lite/google/protobuf/compiler/code_generator_lite.h:18,
2026-10-07T04:28:27.6910630Z                  from bazel-out/k8-opt-exec-ST-d57f47055a04/bin/external/protobuf+/src/google/protobuf/compiler/_virtual_includes/code_generator/google/protobuf/compiler/code_generator.h:25,
2026-10-07T04:28:27.6940348Z                  from bazel-out/k8-opt-exec-ST-d57f47055a04/bin/external/protobuf+/src/google/protobuf/compiler/cpp/_virtual_includes/names_internal/google/protobuf/compiler/cpp/helpers.h:29:
2026-10-07T04:28:27.6959296Z bazel-out/k8-opt-exec-ST-d57f47055a04/bin/external/protobuf+/src/google/protobuf/_virtual_includes/protobuf/google/protobuf/descriptor.pb.h:18861:13: note: declared here
2026-10-07T04:28:27.6988764Z 18861 | inline bool FieldOptions::weak() const {
2026-10-07T04:28:27.6998837Z       |             ^~~~~~~~~~~~
2026-10-07T04:28:27.7029041Z [834 / 939] Compiling src/google/protobuf/generated_message_reflection.cc; 3s processwrapper-sandbox ... (4 actions, 3 running)
2026-10-07T04:28:28.7781552Z [835 / 939] Compiling src/google/protobuf/generated_message_reflection.cc; 4s processwrapper-sandbox ... (4 actions running)
2026-10-07T04:28:32.1779548Z [836 / 939] Compiling src/google/protobuf/generated_message_reflection.cc; 7s processwrapper-sandbox ... (4 actions, 3 running)
2026-10-07T04:28:33.0095959Z INFO: From Compiling src/google/protobuf/compiler/cpp/field_generators/string_field.cc [for tool]:
2026-10-07T04:28:33.0097372Z In file included from bazel-out/k8-opt-exec-ST-d57f47055a04/bin/external/protobuf+/src/google/protobuf/compiler/cpp/_virtual_includes/cpp/google/protobuf/compiler/cpp/field.h:26,
2026-10-07T04:28:33.0131090Z                  from external/protobuf+/src/google/protobuf/compiler/cpp/field_generators/string_field.cc:20:
2026-10-07T04:28:33.0160214Z bazel-out/k8-opt-exec-ST-d57f47055a04/bin/external/protobuf+/src/google/protobuf/compiler/cpp/_virtual_includes/names_internal/google/protobuf/compiler/cpp/helpers.h: In function 'bool google::protobuf::compiler::cpp::IsWeak(const google::protobuf::FieldDescriptor*, const Options&)':
2026-10-07T04:28:33.0189759Z bazel-out/k8-opt-exec-ST-d57f47055a04/bin/external/protobuf+/src/google/protobuf/compiler/cpp/_virtual_includes/names_internal/google/protobuf/compiler/cpp/helpers.h:347:28: warning: 'bool google::protobuf::FieldOptions::weak() const' is deprecated [-Wdeprecated-declarations]
2026-10-07T04:28:33.0207901Z   347 |   if (field->options().weak()) {
2026-10-07T04:28:33.0248924Z       |       ~~~~~~~~~~~~~~~~~~~~~^~
2026-10-07T04:28:33.0250459Z In file included from bazel-out/k8-opt-exec-ST-d57f47055a04/bin/external/protobuf+/src/google/protobuf/compiler/_virtual_includes/code_generator_lite/google/protobuf/compiler/code_generator_lite.h:18,
2026-10-07T04:28:33.0280349Z                  from bazel-out/k8-opt-exec-ST-d57f47055a04/bin/external/protobuf+/src/google/protobuf/compiler/_virtual_includes/code_generator/google/protobuf/compiler/code_generator.h:25,
2026-10-07T04:28:33.0310441Z                  from bazel-out/k8-opt-exec-ST-d57f47055a04/bin/external/protobuf+/src/google/protobuf/compiler/cpp/_virtual_includes/names_internal/google/protobuf/compiler/cpp/helpers.h:29:
2026-10-07T04:28:33.0319298Z bazel-out/k8-opt-exec-ST-d57f47055a04/bin/external/protobuf+/src/google/protobuf/_virtual_includes/protobuf/google/protobuf/descriptor.pb.h:18861:13: note: declared here
2026-10-07T04:28:33.0338817Z 18861 | inline bool FieldOptions::weak() const {
2026-10-07T04:28:33.0368722Z       |             ^~~~~~~~~~~~
2026-10-07T04:28:33.5339349Z INFO: From Compiling src/google/protobuf/generated_message_reflection.cc:
2026-10-07T04:28:33.5369250Z In file included from external/protobuf+/src/google/protobuf/generated_message_reflection.cc:51:
2026-10-07T04:28:33.5389984Z bazel-out/k8-opt/bin/external/protobuf+/src/google/protobuf/_virtual_includes/protobuf/google/protobuf/map_field.h: In constructor 'google::protobuf::internal::MapFieldBase::ReflectionPayload::ReflectionPayload(google::protobuf::Arena*, const google::protobuf::Message*)':
2026-10-07T04:28:33.5393608Z bazel-out/k8-opt/bin/external/protobuf+/src/google/protobuf/_virtual_includes/protobuf/google/protobuf/map_field.h:416:11: warning: 'google::protobuf::RepeatedPtrField<T>::RepeatedPtrField(google::protobuf::Arena*) [with Element = google::protobuf::Message]' is deprecated: Use Arena::Create<RepeatedPtrField<...>>(Arena*) instead [-Wdeprecated-declarations]
2026-10-07T04:28:33.5408773Z   416 |         : repeated_field_(arena), prototype_(prototype) {}
2026-10-07T04:28:33.5409311Z       |           ^~~~~~~~~~~~~~~~~~~~~~
2026-10-07T04:28:33.5410217Z In file included from bazel-out/k8-opt/bin/external/protobuf+/src/google/protobuf/_virtual_includes/protobuf_lite/google/protobuf/repeated_field.h:46,
2026-10-07T04:28:33.5412275Z                  from bazel-out/k8-opt/bin/external/protobuf+/src/google/protobuf/_virtual_includes/protobuf_lite/google/protobuf/parse_context.h:39,
2026-10-07T04:28:33.5414454Z                  from bazel-out/k8-opt/bin/external/protobuf+/src/google/protobuf/_virtual_includes/protobuf_lite/google/protobuf/generated_message_tctable_decl.h:25,
2026-10-07T04:28:33.5416503Z                  from bazel-out/k8-opt/bin/external/protobuf+/src/google/protobuf/_virtual_includes/protobuf_lite/google/protobuf/extension_set.h:40,
2026-10-07T04:28:33.5418604Z                  from bazel-out/k8-opt/bin/external/protobuf+/src/google/protobuf/_virtual_includes/protobuf/google/protobuf/descriptor.h:56,
2026-10-07T04:28:33.5420731Z                  from bazel-out/k8-opt/bin/external/protobuf+/src/google/protobuf/_virtual_includes/protobuf/google/protobuf/generated_message_reflection.h:26,
2026-10-07T04:28:33.5422250Z                  from external/protobuf+/src/google/protobuf/generated_message_reflection.cc:12:
2026-10-07T04:28:33.5423399Z bazel-out/k8-opt/bin/external/protobuf+/src/google/protobuf/_virtual_includes/protobuf_lite/google/protobuf/repeated_ptr_field.h:1380:8: note: declared here
2026-10-07T04:28:33.5424436Z  1380 | inline RepeatedPtrField<Element>::RepeatedPtrField(Arena* arena)
2026-10-07T04:28:33.5424986Z       |        ^~~~~~~~~~~~~~~~~~~~~~~~~
2026-10-07T04:28:33.5426185Z external/protobuf+/src/google/protobuf/generated_message_reflection.cc: In member function 'const google::protobuf::Message* google::protobuf::Reflection::GetDefaultMessageInstance(const google::protobuf::FieldDescriptor*) const':
2026-10-07T04:28:33.5428095Z external/protobuf+/src/google/protobuf/generated_message_reflection.cc:2526:55: warning: 'bool google::protobuf::FieldOptions::weak() const' is deprecated [-Wdeprecated-declarations]
2026-10-07T04:28:33.5429363Z  2526 |   if (!field->is_extension() && !field->options().weak() &&
2026-10-07T04:28:33.5429949Z       |                                  ~~~~~~~~~~~~~~~~~~~~~^~
2026-10-07T04:28:33.5430590Z In file included from external/protobuf+/src/google/protobuf/generated_message_reflection.cc:41:
2026-10-07T04:28:33.5431737Z bazel-out/k8-opt/bin/external/protobuf+/src/google/protobuf/_virtual_includes/protobuf/google/protobuf/descriptor.pb.h:18861:13: note: declared here
2026-10-07T04:28:33.5432657Z 18861 | inline bool FieldOptions::weak() const {
2026-10-07T04:28:33.5433092Z       |             ^~~~~~~~~~~~
2026-10-07T04:28:33.5433577Z In file included from external/abseil-cpp+/absl/log/internal/check_impl.h:20,
2026-10-07T04:28:33.5434478Z                  from external/abseil-cpp+/absl/log/absl_check.h:38,
2026-10-07T04:28:33.5436211Z                  from bazel-out/k8-opt/bin/external/protobuf+/src/google/protobuf/_virtual_includes/protobuf/google/protobuf/generated_message_reflection.h:25:
2026-10-07T04:28:33.5438002Z external/protobuf+/src/google/protobuf/generated_message_reflection.cc: In member function 'bool google::protobuf::Reflection::HasFieldWithHasbits(const google::protobuf::Message&, const google::protobuf::FieldDescriptor*) const':
2026-10-07T04:28:33.5470639Z external/protobuf+/src/google/protobuf/generated_message_reflection.cc:3290:37: warning: 'bool google::protobuf::FieldOptions::weak() const' is deprecated [-Wdeprecated-declarations]
2026-10-07T04:28:33.5471708Z  3290 |   ABSL_DCHECK(!field->options().weak());
2026-10-07T04:28:33.5472158Z       |                ~~~~~~~~~~~~~~~~~~~~~^~
2026-10-07T04:28:33.5473090Z external/abseil-cpp+/absl/log/internal/conditions.h:68:7: note: in definition of macro 'ABSL_LOG_INTERNAL_STATELESS_CONDITION'
2026-10-07T04:28:33.5474000Z    68 |     !(condition) ? (void)0 : ::absl::log_internal::Voidify() &&
2026-10-07T04:28:33.5474469Z       |       ^~~~~~~~~
2026-10-07T04:28:33.5475123Z external/abseil-cpp+/absl/log/internal/check_impl.h:26:3: note: in expansion of macro 'ABSL_LOG_INTERNAL_CONDITION_FATAL'
2026-10-07T04:28:33.5476029Z    26 |   ABSL_LOG_INTERNAL_CONDITION_FATAL(STATELESS,                        \
2026-10-07T04:28:33.5476578Z       |   ^~~~~~~~~~~~~~~~~~~~~~~~~~~~~~~~~
2026-10-07T04:28:33.5477233Z external/abseil-cpp+/absl/log/internal/check_impl.h:27:37: note: in expansion of macro 'ABSL_PREDICT_FALSE'
2026-10-07T04:28:33.5478024Z    27 |                                     ABSL_PREDICT_FALSE(!(condition))) \
2026-10-07T04:28:33.5478733Z       |                                     ^~~~~~~~~~~~~~~~~~
2026-10-07T04:28:33.5479439Z external/abseil-cpp+/absl/log/internal/check_impl.h:43:3: note: in expansion of macro 'ABSL_LOG_INTERNAL_CHECK_IMPL'
2026-10-07T04:28:33.5480201Z    43 |   ABSL_LOG_INTERNAL_CHECK_IMPL(true || (condition), "true")
2026-10-07T04:28:33.5480669Z       |   ^~~~~~~~~~~~~~~~~~~~~~~~~~~~
2026-10-07T04:28:33.5481259Z external/abseil-cpp+/absl/log/absl_check.h:47:3: note: in expansion of macro 'ABSL_LOG_INTERNAL_DCHECK_IMPL'
2026-10-07T04:28:33.5481956Z    47 |   ABSL_LOG_INTERNAL_DCHECK_IMPL((condition), #condition)
2026-10-07T04:28:33.5482387Z       |   ^~~~~~~~~~~~~~~~~~~~~~~~~~~~~
2026-10-07T04:28:33.5483041Z external/protobuf+/src/google/protobuf/generated_message_reflection.cc:3290:3: note: in expansion of macro 'ABSL_DCHECK'
2026-10-07T04:28:33.5483734Z  3290 |   ABSL_DCHECK(!field->options().weak());
2026-10-07T04:28:33.5484113Z       |   ^~~~~~~~~~~
2026-10-07T04:28:33.5484842Z bazel-out/k8-opt/bin/external/protobuf+/src/google/protobuf/_virtual_includes/protobuf/google/protobuf/descriptor.pb.h:18861:13: note: declared here
2026-10-07T04:28:33.5485697Z 18861 | inline bool FieldOptions::weak() const {
2026-10-07T04:28:33.5486108Z       |             ^~~~~~~~~~~~
2026-10-07T04:28:33.5487252Z external/protobuf+/src/google/protobuf/generated_message_reflection.cc: In member function 'void google::protobuf::Reflection::SetHasBit(google::protobuf::Message*, const google::protobuf::FieldDescriptor*) const':
2026-10-07T04:28:33.5489149Z external/protobuf+/src/google/protobuf/generated_message_reflection.cc:3323:37: warning: 'bool google::protobuf::FieldOptions::weak() const' is deprecated [-Wdeprecated-declarations]
2026-10-07T04:28:33.5490244Z  3323 |   ABSL_DCHECK(!field->options().weak());
2026-10-07T04:28:33.5490747Z       |                ~~~~~~~~~~~~~~~~~~~~~^~
2026-10-07T04:28:33.5491562Z external/abseil-cpp+/absl/log/internal/conditions.h:68:7: note: in definition of macro 'ABSL_LOG_INTERNAL_STATELESS_CONDITION'
2026-10-07T04:28:33.5492652Z    68 |     !(condition) ? (void)0 : ::absl::log_internal::Voidify() &&
2026-10-07T04:28:33.5503663Z       |       ^~~~~~~~~
2026-10-07T04:28:33.5504422Z external/abseil-cpp+/absl/log/internal/check_impl.h:26:3: note: in expansion of macro 'ABSL_LOG_INTERNAL_CONDITION_FATAL'
2026-10-07T04:28:33.5505315Z    26 |   ABSL_LOG_INTERNAL_CONDITION_FATAL(STATELESS,                        \
2026-10-07T04:28:33.5505836Z       |   ^~~~~~~~~~~~~~~~~~~~~~~~~~~~~~~~~
2026-10-07T04:28:33.5506413Z external/abseil-cpp+/absl/log/internal/check_impl.h:27:37: note: in expansion of macro 'ABSL_PREDICT_FALSE'
2026-10-07T04:28:33.5507166Z    27 |                                     ABSL_PREDICT_FALSE(!(condition))) \
2026-10-07T04:28:33.5507934Z       |                                     ^~~~~~~~~~~~~~~~~~
2026-10-07T04:28:33.5508847Z external/abseil-cpp+/absl/log/internal/check_impl.h:43:3: note: in expansion of macro 'ABSL_LOG_INTERNAL_CHECK_IMPL'
2026-10-07T04:28:33.5509702Z    43 |   ABSL_LOG_INTERNAL_CHECK_IMPL(true || (condition), "true")
2026-10-07T04:28:33.5510208Z       |   ^~~~~~~~~~~~~~~~~~~~~~~~~~~~
2026-10-07T04:28:33.5510949Z external/abseil-cpp+/absl/log/absl_check.h:47:3: note: in expansion of macro 'ABSL_LOG_INTERNAL_DCHECK_IMPL'
2026-10-07T04:28:33.5511755Z    47 |   ABSL_LOG_INTERNAL_DCHECK_IMPL((condition), #condition)
2026-10-07T04:28:33.5512248Z       |   ^~~~~~~~~~~~~~~~~~~~~~~~~~~~~
2026-10-07T04:28:33.5512956Z external/protobuf+/src/google/protobuf/generated_message_reflection.cc:3323:3: note: in expansion of macro 'ABSL_DCHECK'
2026-10-07T04:28:33.5513700Z  3323 |   ABSL_DCHECK(!field->options().weak());
2026-10-07T04:28:33.5514082Z       |   ^~~~~~~~~~~
2026-10-07T04:28:33.5514880Z bazel-out/k8-opt/bin/external/protobuf+/src/google/protobuf/_virtual_includes/protobuf/google/protobuf/descriptor.pb.h:18861:13: note: declared here
2026-10-07T04:28:33.5515781Z 18861 | inline bool FieldOptions::weak() const {
2026-10-07T04:28:33.5516205Z       |             ^~~~~~~~~~~~
2026-10-07T04:28:33.5517369Z external/protobuf+/src/google/protobuf/generated_message_reflection.cc: In member function 'void google::protobuf::Reflection::ClearHasBit(google::protobuf::Message*, const google::protobuf::FieldDescriptor*) const':
2026-10-07T04:28:33.5549769Z external/protobuf+/src/google/protobuf/generated_message_reflection.cc:3332:37: warning: 'bool google::protobuf::FieldOptions::weak() const' is deprecated [-Wdeprecated-declarations]
2026-10-07T04:28:33.5550878Z  3332 |   ABSL_DCHECK(!field->options().weak());
2026-10-07T04:28:33.5551359Z       |                ~~~~~~~~~~~~~~~~~~~~~^~
2026-10-07T04:28:33.5552079Z external/abseil-cpp+/absl/log/internal/conditions.h:68:7: note: in definition of macro 'ABSL_LOG_INTERNAL_STATELESS_CONDITION'
2026-10-07T04:28:33.5553015Z    68 |     !(condition) ? (void)0 : ::absl::log_internal::Voidify() &&
2026-10-07T04:28:33.5553487Z       |       ^~~~~~~~~
2026-10-07T04:28:33.5554134Z external/abseil-cpp+/absl/log/internal/check_impl.h:26:3: note: in expansion of macro 'ABSL_LOG_INTERNAL_CONDITION_FATAL'
2026-10-07T04:28:33.5554997Z    26 |   ABSL_LOG_INTERNAL_CONDITION_FATAL(STATELESS,                        \
2026-10-07T04:28:33.5555556Z       |   ^~~~~~~~~~~~~~~~~~~~~~~~~~~~~~~~~
2026-10-07T04:28:33.5556235Z external/abseil-cpp+/absl/log/internal/check_impl.h:27:37: note: in expansion of macro 'ABSL_PREDICT_FALSE'
2026-10-07T04:28:33.5557032Z    27 |                                     ABSL_PREDICT_FALSE(!(condition))) \
2026-10-07T04:28:33.5557593Z       |                                     ^~~~~~~~~~~~~~~~~~
2026-10-07T04:28:33.5558460Z external/abseil-cpp+/absl/log/internal/check_impl.h:43:3: note: in expansion of macro 'ABSL_LOG_INTERNAL_CHECK_IMPL'
2026-10-07T04:28:33.5559271Z    43 |   ABSL_LOG_INTERNAL_CHECK_IMPL(true || (condition), "true")
2026-10-07T04:28:33.5559778Z       |   ^~~~~~~~~~~~~~~~~~~~~~~~~~~~
2026-10-07T04:28:33.5560392Z external/abseil-cpp+/absl/log/absl_check.h:47:3: note: in expansion of macro 'ABSL_LOG_INTERNAL_DCHECK_IMPL'
2026-10-07T04:28:33.5561157Z    47 |   ABSL_LOG_INTERNAL_DCHECK_IMPL((condition), #condition)
2026-10-07T04:28:33.5561642Z       |   ^~~~~~~~~~~~~~~~~~~~~~~~~~~~~
2026-10-07T04:28:33.5562370Z external/protobuf+/src/google/protobuf/generated_message_reflection.cc:3332:3: note: in expansion of macro 'ABSL_DCHECK'
2026-10-07T04:28:33.5563140Z  3332 |   ABSL_DCHECK(!field->options().weak());
2026-10-07T04:28:33.5563519Z       |   ^~~~~~~~~~~
2026-10-07T04:28:33.5564316Z bazel-out/k8-opt/bin/external/protobuf+/src/google/protobuf/_virtual_includes/protobuf/google/protobuf/descriptor.pb.h:18861:13: note: declared here
2026-10-07T04:28:33.5565228Z 18861 | inline bool FieldOptions::weak() const {
2026-10-07T04:28:33.5565655Z       |             ^~~~~~~~~~~~
2026-10-07T04:28:33.5567210Z external/protobuf+/src/google/protobuf/generated_message_reflection.cc: In member function 'void google::protobuf::Reflection::NaiveSwapHasBit(google::protobuf::Message*, google::protobuf::Message*, const google::protobuf::FieldDescriptor*) const':
2026-10-07T04:28:33.5569511Z external/protobuf+/src/google/protobuf/generated_message_reflection.cc:3341:37: warning: 'bool google::protobuf::FieldOptions::weak() const' is deprecated [-Wdeprecated-declarations]
2026-10-07T04:28:33.5570507Z  3341 |   ABSL_DCHECK(!field->options().weak());
2026-10-07T04:28:33.5570950Z       |                ~~~~~~~~~~~~~~~~~~~~~^~
2026-10-07T04:28:33.5571706Z external/abseil-cpp+/absl/log/internal/conditions.h:68:7: note: in definition of macro 'ABSL_LOG_INTERNAL_STATELESS_CONDITION'
2026-10-07T04:28:33.5572598Z    68 |     !(condition) ? (void)0 : ::absl::log_internal::Voidify() &&
2026-10-07T04:28:33.5573065Z       |       ^~~~~~~~~
2026-10-07T04:28:33.5573712Z external/abseil-cpp+/absl/log/internal/check_impl.h:26:3: note: in expansion of macro 'ABSL_LOG_INTERNAL_CONDITION_FATAL'
2026-10-07T04:28:33.5574610Z    26 |   ABSL_LOG_INTERNAL_CONDITION_FATAL(STATELESS,                        \
2026-10-07T04:28:33.5575153Z       |   ^~~~~~~~~~~~~~~~~~~~~~~~~~~~~~~~~
2026-10-07T04:28:33.5575790Z external/abseil-cpp+/absl/log/internal/check_impl.h:27:37: note: in expansion of macro 'ABSL_PREDICT_FALSE'
2026-10-07T04:28:33.5576571Z    27 |                                     ABSL_PREDICT_FALSE(!(condition))) \
2026-10-07T04:28:33.5577116Z       |                                     ^~~~~~~~~~~~~~~~~~
2026-10-07T04:28:33.5577812Z external/abseil-cpp+/absl/log/internal/check_impl.h:43:3: note: in expansion of macro 'ABSL_LOG_INTERNAL_CHECK_IMPL'
2026-10-07T04:28:33.5609010Z    43 |   ABSL_LOG_INTERNAL_CHECK_IMPL(true || (condition), "true")
2026-10-07T04:28:33.5609539Z       |   ^~~~~~~~~~~~~~~~~~~~~~~~~~~~
2026-10-07T04:28:33.5610194Z external/abseil-cpp+/absl/log/absl_check.h:47:3: note: in expansion of macro 'ABSL_LOG_INTERNAL_DCHECK_IMPL'
2026-10-07T04:28:33.5610975Z    47 |   ABSL_LOG_INTERNAL_DCHECK_IMPL((condition), #condition)
2026-10-07T04:28:33.5611462Z       |   ^~~~~~~~~~~~~~~~~~~~~~~~~~~~~
2026-10-07T04:28:33.5612207Z external/protobuf+/src/google/protobuf/generated_message_reflection.cc:3341:3: note: in expansion of macro 'ABSL_DCHECK'
2026-10-07T04:28:33.5612920Z  3341 |   ABSL_DCHECK(!field->options().weak());
2026-10-07T04:28:33.5613315Z       |   ^~~~~~~~~~~
2026-10-07T04:28:33.5614034Z bazel-out/k8-opt/bin/external/protobuf+/src/google/protobuf/_virtual_includes/protobuf/google/protobuf/descriptor.pb.h:18861:13: note: declared here
2026-10-07T04:28:33.5614849Z 18861 | inline bool FieldOptions::weak() const {
2026-10-07T04:28:33.5615261Z       |             ^~~~~~~~~~~~
2026-10-07T04:28:33.5618866Z bazel-out/k8-opt/bin/external/protobuf+/src/google/protobuf/_virtual_includes/protobuf/google/protobuf/reflection_visit_fields.h: In instantiation of 'static void google::protobuf::internal::ReflectionVisit::VisitFields(MessageT&, CallbackFn&&, google::protobuf::internal::FieldMask) [with MessageT = google::protobuf::Message; CallbackFn = google::protobuf::internal::ReflectionVisit::VisitMessageFields<google::protobuf::Reflection::MaybePoisonAfterClear(google::protobuf::Message&) const::<lambda(google::protobuf::Message&)> >(google::protobuf::Message&, google::protobuf::Reflection::MaybePoisonAfterClear(google::protobuf::Message&) const::<lambda(google::protobuf::Message&)>&&)::<lambda(auto:42)>]':
2026-10-07T04:28:33.5623962Z bazel-out/k8-opt/bin/external/protobuf+/src/google/protobuf/_virtual_includes/protobuf/google/protobuf/reflection_visit_fields.h:447:31:   required from 'static void google::protobuf::internal::ReflectionVisit::VisitMessageFields(google::protobuf::Message&, CallbackFn&&) [with CallbackFn = google::protobuf::Reflection::MaybePoisonAfterClear(google::protobuf::Message&) const::<lambda(google::protobuf::Message&)>]'
2026-10-07T04:28:33.5627768Z bazel-out/k8-opt/bin/external/protobuf+/src/google/protobuf/_virtual_includes/protobuf/google/protobuf/reflection_visit_fields.h:502:38:   required from 'void google::protobuf::internal::VisitMutableMessageFields(google::protobuf::Message&, CallbackFn&&) [with CallbackFn = google::protobuf::Reflection::MaybePoisonAfterClear(google::protobuf::Message&) const::<lambda(google::protobuf::Message&)>]'
2026-10-07T04:28:33.5630945Z external/protobuf+/src/google/protobuf/generated_message_reflection.cc:1390:40:   required from here
2026-10-07T04:28:33.5632615Z bazel-out/k8-opt/bin/external/protobuf+/src/google/protobuf/_virtual_includes/protobuf/google/protobuf/reflection_visit_fields.h:109:39: warning: 'bool google::protobuf::FieldOptions::weak() const' is deprecated [-Wdeprecated-declarations]
2026-10-07T04:28:33.5634149Z   109 |     ABSL_DCHECK(!field->options().weak()) << "weak fields are not supported";
2026-10-07T04:28:33.5634759Z       |                  ~~~~~~~~~~~~~~~~~~~~~^~
2026-10-07T04:28:33.5635524Z external/abseil-cpp+/absl/log/internal/conditions.h:68:7: note: in definition of macro 'ABSL_LOG_INTERNAL_STATELESS_CONDITION'
2026-10-07T04:28:33.5636422Z    68 |     !(condition) ? (void)0 : ::absl::log_internal::Voidify() &&
2026-10-07T04:28:33.5636886Z       |       ^~~~~~~~~
2026-10-07T04:28:33.5637529Z external/abseil-cpp+/absl/log/internal/check_impl.h:26:3: note: in expansion of macro 'ABSL_LOG_INTERNAL_CONDITION_FATAL'
2026-10-07T04:28:33.5668846Z    26 |   ABSL_LOG_INTERNAL_CONDITION_FATAL(STATELESS,                        \
2026-10-07T04:28:33.5669451Z       |   ^~~~~~~~~~~~~~~~~~~~~~~~~~~~~~~~~
2026-10-07T04:28:33.5670136Z external/abseil-cpp+/absl/log/internal/check_impl.h:27:37: note: in expansion of macro 'ABSL_PREDICT_FALSE'
2026-10-07T04:28:33.5670935Z    27 |                                     ABSL_PREDICT_FALSE(!(condition))) \
2026-10-07T04:28:33.5671498Z       |                                     ^~~~~~~~~~~~~~~~~~
2026-10-07T04:28:33.5672230Z external/abseil-cpp+/absl/log/internal/check_impl.h:43:3: note: in expansion of macro 'ABSL_LOG_INTERNAL_CHECK_IMPL'
2026-10-07T04:28:33.5673072Z    43 |   ABSL_LOG_INTERNAL_CHECK_IMPL(true || (condition), "true")
2026-10-07T04:28:33.5673568Z       |   ^~~~~~~~~~~~~~~~~~~~~~~~~~~~
2026-10-07T04:28:33.5674199Z external/abseil-cpp+/absl/log/absl_check.h:47:3: note: in expansion of macro 'ABSL_LOG_INTERNAL_DCHECK_IMPL'
2026-10-07T04:28:33.5674980Z    47 |   ABSL_LOG_INTERNAL_DCHECK_IMPL((condition), #condition)
2026-10-07T04:28:33.5675471Z       |   ^~~~~~~~~~~~~~~~~~~~~~~~~~~~~
2026-10-07T04:28:33.5676521Z bazel-out/k8-opt/bin/external/protobuf+/src/google/protobuf/_virtual_includes/protobuf/google/protobuf/reflection_visit_fields.h:109:5: note: in expansion of macro 'ABSL_DCHECK'
2026-10-07T04:28:33.5677761Z   109 |     ABSL_DCHECK(!field->options().weak()) << "weak fields are not supported";
2026-10-07T04:28:33.5678446Z       |     ^~~~~~~~~~~
2026-10-07T04:28:33.5679257Z bazel-out/k8-opt/bin/external/protobuf+/src/google/protobuf/_virtual_includes/protobuf/google/protobuf/descriptor.pb.h:18861:13: note: declared here
2026-10-07T04:28:33.5680191Z 18861 | inline bool FieldOptions::weak() const {
2026-10-07T04:28:33.5680633Z       |             ^~~~~~~~~~~~
2026-10-07T04:28:33.5681941Z bazel-out/k8-opt/bin/external/protobuf+/src/google/protobuf/_virtual_includes/protobuf/google/protobuf/reflection_visit_fields.h:109:39: warning: 'bool google::protobuf::FieldOptions::weak() const' is deprecated [-Wdeprecated-declarations]
2026-10-07T04:28:33.5683415Z   109 |     ABSL_DCHECK(!field->options().weak()) << "weak fields are not supported";
2026-10-07T04:28:33.5684013Z       |                  ~~~~~~~~~~~~~~~~~~~~~^~
2026-10-07T04:28:33.5684767Z external/abseil-cpp+/absl/log/internal/conditions.h:68:7: note: in definition of macro 'ABSL_LOG_INTERNAL_STATELESS_CONDITION'
2026-10-07T04:28:33.5685649Z    68 |     !(condition) ? (void)0 : ::absl::log_internal::Voidify() &&
2026-10-07T04:28:33.5686110Z       |       ^~~~~~~~~
2026-10-07T04:28:33.5686759Z external/abseil-cpp+/absl/log/internal/check_impl.h:26:3: note: in expansion of macro 'ABSL_LOG_INTERNAL_CONDITION_FATAL'
2026-10-07T04:28:33.5687880Z    26 |   ABSL_LOG_INTERNAL_CONDITION_FATAL(STATELESS,                        \
2026-10-07T04:28:33.5688614Z       |   ^~~~~~~~~~~~~~~~~~~~~~~~~~~~~~~~~
2026-10-07T04:28:33.5689241Z external/abseil-cpp+/absl/log/internal/check_impl.h:27:37: note: in expansion of macro 'ABSL_PREDICT_FALSE'
2026-10-07T04:28:33.5690213Z    27 |                                     ABSL_PREDICT_FALSE(!(condition))) \
2026-10-07T04:28:33.5690785Z       |                                     ^~~~~~~~~~~~~~~~~~
2026-10-07T04:28:33.5691515Z external/abseil-cpp+/absl/log/internal/check_impl.h:43:3: note: in expansion of macro 'ABSL_LOG_INTERNAL_CHECK_IMPL'
2026-10-07T04:28:33.5692351Z    43 |   ABSL_LOG_INTERNAL_CHECK_IMPL(true || (condition), "true")
2026-10-07T04:28:33.5692842Z       |   ^~~~~~~~~~~~~~~~~~~~~~~~~~~~
2026-10-07T04:28:33.5693465Z external/abseil-cpp+/absl/log/absl_check.h:47:3: note: in expansion of macro 'ABSL_LOG_INTERNAL_DCHECK_IMPL'
2026-10-07T04:28:33.5694218Z    47 |   ABSL_LOG_INTERNAL_DCHECK_IMPL((condition), #condition)
2026-10-07T04:28:33.5694723Z       |   ^~~~~~~~~~~~~~~~~~~~~~~~~~~~~
2026-10-07T04:28:33.5695765Z bazel-out/k8-opt/bin/external/protobuf+/src/google/protobuf/_virtual_includes/protobuf/google/protobuf/reflection_visit_fields.h:109:5: note: in expansion of macro 'ABSL_DCHECK'
2026-10-07T04:28:33.5697003Z   109 |     ABSL_DCHECK(!field->options().weak()) << "weak fields are not supported";
2026-10-07T04:28:33.5697545Z       |     ^~~~~~~~~~~
2026-10-07T04:28:33.5728696Z bazel-out/k8-opt/bin/external/protobuf+/src/google/protobuf/_virtual_includes/protobuf/google/protobuf/descriptor.pb.h:18861:13: note: declared here
2026-10-07T04:28:33.5729705Z 18861 | inline bool FieldOptions::weak() const {
2026-10-07T04:28:33.5730154Z       |             ^~~~~~~~~~~~
2026-10-07T04:28:33.5730824Z [838 / 939] Compiling src/google/protobuf/compiler/parser.cc; 5s processwrapper-sandbox ... (4 actions, 3 running)
2026-10-07T04:28:34.7799664Z [840 / 939] Compiling src/google/protobuf/descriptor.pb.cc [for tool]; 2s processwrapper-sandbox ... (4 actions running)
2026-10-07T04:28:35.7783481Z [841 / 939] Compiling src/google/protobuf/descriptor.pb.cc [for tool]; 3s processwrapper-sandbox ... (4 actions running)
2026-10-07T04:28:38.1516305Z INFO: From Compiling src/google/protobuf/compiler/cpp/field_generators/string_view_field.cc [for tool]:
2026-10-07T04:28:38.1539506Z In file included from bazel-out/k8-opt-exec-ST-d57f47055a04/bin/external/protobuf+/src/google/protobuf/compiler/cpp/_virtual_includes/cpp/google/protobuf/compiler/cpp/field.h:26,
2026-10-07T04:28:38.1619519Z                  from external/protobuf+/src/google/protobuf/compiler/cpp/field_generators/string_view_field.cc:19:
2026-10-07T04:28:38.1621403Z bazel-out/k8-opt-exec-ST-d57f47055a04/bin/external/protobuf+/src/google/protobuf/compiler/cpp/_virtual_includes/names_internal/google/protobuf/compiler/cpp/helpers.h: In function 'bool google::protobuf::compiler::cpp::IsWeak(const google::protobuf::FieldDescriptor*, const Options&)':
2026-10-07T04:28:38.1649730Z bazel-out/k8-opt-exec-ST-d57f47055a04/bin/external/protobuf+/src/google/protobuf/compiler/cpp/_virtual_includes/names_internal/google/protobuf/compiler/cpp/helpers.h:347:28: warning: 'bool google::protobuf::FieldOptions::weak() const' is deprecated [-Wdeprecated-declarations]
2026-10-07T04:28:38.1667274Z   347 |   if (field->options().weak()) {
2026-10-07T04:28:38.1678596Z       |       ~~~~~~~~~~~~~~~~~~~~~^~
2026-10-07T04:28:38.1698039Z In file included from bazel-out/k8-opt-exec-ST-d57f47055a04/bin/external/protobuf+/src/google/protobuf/compiler/_virtual_includes/code_generator_lite/google/protobuf/compiler/code_generator_lite.h:18,
2026-10-07T04:28:38.1701059Z                  from bazel-out/k8-opt-exec-ST-d57f47055a04/bin/external/protobuf+/src/google/protobuf/compiler/_virtual_includes/code_generator/google/protobuf/compiler/code_generator.h:25,
2026-10-07T04:28:38.1703813Z                  from bazel-out/k8-opt-exec-ST-d57f47055a04/bin/external/protobuf+/src/google/protobuf/compiler/cpp/_virtual_includes/names_internal/google/protobuf/compiler/cpp/helpers.h:29:
2026-10-07T04:28:38.1705917Z bazel-out/k8-opt-exec-ST-d57f47055a04/bin/external/protobuf+/src/google/protobuf/_virtual_includes/protobuf/google/protobuf/descriptor.pb.h:18861:13: note: declared here
2026-10-07T04:28:38.1707029Z 18861 | inline bool FieldOptions::weak() const {
2026-10-07T04:28:38.1707739Z       |             ^~~~~~~~~~~~
2026-10-07T04:28:38.1708745Z [842 / 939] Compiling src/google/protobuf/descriptor.pb.cc [for tool]; 5s processwrapper-sandbox ... (4 actions, 3 running)
2026-10-07T04:28:38.4539387Z INFO: From Compiling src/google/protobuf/generated_message_tctable_gen.cc:
2026-10-07T04:28:38.4569439Z external/protobuf+/src/google/protobuf/generated_message_tctable_gen.cc: In function 'bool google::protobuf::internal::{anonymous}::HasWeakFields(const google::protobuf::Descriptor*)':
2026-10-07T04:28:38.4589260Z external/protobuf+/src/google/protobuf/generated_message_tctable_gen.cc:699:45: warning: 'bool google::protobuf::FieldOptions::weak() const' is deprecated [-Wdeprecated-declarations]
2026-10-07T04:28:38.4608822Z   699 |     if (descriptor->field(i)->options().weak()) {
2026-10-07T04:28:38.4628736Z       |         ~~~~~~~~~~~~~~~~~~~~~~~~~~~~~~~~~~~~^~
2026-10-07T04:28:38.4641904Z In file included from bazel-out/k8-opt/bin/external/protobuf+/src/google/protobuf/_virtual_includes/protobuf/google/protobuf/generated_message_tctable_gen.h:21,
2026-10-07T04:28:38.4643684Z                  from external/protobuf+/src/google/protobuf/generated_message_tctable_gen.cc:8:
2026-10-07T04:28:38.4644938Z bazel-out/k8-opt/bin/external/protobuf+/src/google/protobuf/_virtual_includes/protobuf/google/protobuf/descriptor.pb.h:18861:13: note: declared here
2026-10-07T04:28:38.4645948Z 18861 | inline bool FieldOptions::weak() const {
2026-10-07T04:28:38.4646468Z       |             ^~~~~~~~~~~~
2026-10-07T04:28:38.4647654Z external/protobuf+/src/google/protobuf/generated_message_tctable_gen.cc: In function 'bool google::protobuf::internal::IsFieldTypeEligibleForFastParsing(const google::protobuf::FieldDescriptor*)':
2026-10-07T04:28:38.4649724Z external/protobuf+/src/google/protobuf/generated_message_tctable_gen.cc:738:28: warning: 'bool google::protobuf::FieldOptions::weak() const' is deprecated [-Wdeprecated-declarations]
2026-10-07T04:28:38.4650748Z   738 |       field->options().weak()) {
2026-10-07T04:28:38.4651186Z       |       ~~~~~~~~~~~~~~~~~~~~~^~
2026-10-07T04:28:38.4652067Z bazel-out/k8-opt/bin/external/protobuf+/src/google/protobuf/_virtual_includes/protobuf/google/protobuf/descriptor.pb.h:18861:13: note: declared here
2026-10-07T04:28:38.4652985Z 18861 | inline bool FieldOptions::weak() const {
2026-10-07T04:28:38.4653458Z       |             ^~~~~~~~~~~~
2026-10-07T04:28:38.4654047Z external/protobuf+/src/google/protobuf/generated_message_tctable_gen.cc: In lambda function:
2026-10-07T04:28:38.4655338Z external/protobuf+/src/google/protobuf/generated_message_tctable_gen.cc:773:54: warning: 'bool google::protobuf::FieldOptions::weak() const' is deprecated [-Wdeprecated-declarations]
2026-10-07T04:28:38.4656465Z   773 |            !field->is_map() && !field->options().weak() &&
2026-10-07T04:28:38.4657023Z       |                                 ~~~~~~~~~~~~~~~~~~~~~^~
2026-10-07T04:28:38.4657962Z bazel-out/k8-opt/bin/external/protobuf+/src/google/protobuf/_virtual_includes/protobuf/google/protobuf/descriptor.pb.h:18861:13: note: declared here
2026-10-07T04:28:38.4659207Z 18861 | inline bool FieldOptions::weak() const {
2026-10-07T04:28:38.4668799Z       |             ^~~~~~~~~~~~
2026-10-07T04:28:38.4670772Z external/protobuf+/src/google/protobuf/generated_message_tctable_gen.cc: In static member function 'static std::vector<google::protobuf::internal::TailCallTableInfo::FieldEntryInfo> google::protobuf::internal::TailCallTableInfo::BuildFieldEntries(const google::protobuf::Descriptor*, const MessageOptions&, absl::lts_20250814::Span<const FieldOptions>, std::vector<AuxEntry>&)':
2026-10-07T04:28:38.4673698Z external/protobuf+/src/google/protobuf/generated_message_tctable_gen.cc:813:39: warning: 'bool google::protobuf::FieldOptions::weak() const' is deprecated [-Wdeprecated-declarations]
2026-10-07T04:28:38.4674771Z   813 |       } else if (field->options().weak()) {
2026-10-07T04:28:38.4675253Z       |                  ~~~~~~~~~~~~~~~~~~~~~^~
2026-10-07T04:28:38.4676384Z bazel-out/k8-opt/bin/external/protobuf+/src/google/protobuf/_virtual_includes/protobuf/google/protobuf/descriptor.pb.h:18861:13: note: declared here
2026-10-07T04:28:38.4677320Z 18861 | inline bool FieldOptions::weak() const {
2026-10-07T04:28:38.4677758Z       |             ^~~~~~~~~~~~
2026-10-07T04:28:38.9789436Z INFO: From Compiling src/google/protobuf/wire_format.cc:
2026-10-07T04:28:38.9818947Z In file included from external/protobuf+/src/google/protobuf/wire_format.cc:31:
2026-10-07T04:28:38.9840020Z bazel-out/k8-opt/bin/external/protobuf+/src/google/protobuf/_virtual_includes/protobuf/google/protobuf/map_field.h: In constructor 'google::protobuf::internal::MapFieldBase::ReflectionPayload::ReflectionPayload(google::protobuf::Arena*, const google::protobuf::Message*)':
2026-10-07T04:28:38.9870231Z bazel-out/k8-opt/bin/external/protobuf+/src/google/protobuf/_virtual_includes/protobuf/google/protobuf/map_field.h:416:11: warning: 'google::protobuf::RepeatedPtrField<T>::RepeatedPtrField(google::protobuf::Arena*) [with Element = google::protobuf::Message]' is deprecated: Use Arena::Create<RepeatedPtrField<...>>(Arena*) instead [-Wdeprecated-declarations]
2026-10-07T04:28:38.9878748Z   416 |         : repeated_field_(arena), prototype_(prototype) {}
2026-10-07T04:28:38.9898695Z       |           ^~~~~~~~~~~~~~~~~~~~~~
2026-10-07T04:28:38.9907477Z In file included from bazel-out/k8-opt/bin/external/protobuf+/src/google/protobuf/_virtual_includes/protobuf_lite/google/protobuf/repeated_field.h:46,
2026-10-07T04:28:38.9909831Z                  from bazel-out/k8-opt/bin/external/protobuf+/src/google/protobuf/_virtual_includes/protobuf_lite/google/protobuf/parse_context.h:39,
2026-10-07T04:28:38.9912146Z                  from bazel-out/k8-opt/bin/external/protobuf+/src/google/protobuf/_virtual_includes/protobuf_lite/google/protobuf/generated_message_tctable_decl.h:25,
2026-10-07T04:28:38.9914481Z                  from bazel-out/k8-opt/bin/external/protobuf+/src/google/protobuf/_virtual_includes/protobuf_lite/google/protobuf/extension_set.h:40,
2026-10-07T04:28:38.9916614Z                  from bazel-out/k8-opt/bin/external/protobuf+/src/google/protobuf/_virtual_includes/protobuf/google/protobuf/descriptor.h:56,
2026-10-07T04:28:38.9918722Z                  from bazel-out/k8-opt/bin/external/protobuf+/src/google/protobuf/_virtual_includes/protobuf/google/protobuf/wire_format.h:26,
2026-10-07T04:28:38.9920094Z                  from external/protobuf+/src/google/protobuf/wire_format.cc:12:
2026-10-07T04:28:38.9922909Z bazel-out/k8-opt/bin/external/protobuf+/src/google/protobuf/_virtual_includes/protobuf_lite/google/protobuf/repeated_ptr_field.h:1380:8: note: declared here
2026-10-07T04:28:38.9924183Z  1380 | inline RepeatedPtrField<Element>::RepeatedPtrField(Arena* arena)
2026-10-07T04:28:38.9924910Z       |        ^~~~~~~~~~~~~~~~~~~~~~~~~
2026-10-07T04:28:39.7839501Z [845 / 939] Compiling src/google/protobuf/compiler/cpp/file.cc [for tool]; 1s processwrapper-sandbox ... (4 actions running)
2026-10-07T04:28:40.8293241Z [846 / 939] Compiling src/google/protobuf/compiler/cpp/file.cc [for tool]; 2s processwrapper-sandbox ... (4 actions, 3 running)
2026-10-07T04:28:42.7824049Z [847 / 939] Compiling src/google/protobuf/compiler/cpp/file.cc [for tool]; 4s processwrapper-sandbox ... (4 actions running)
2026-10-07T04:28:43.7729382Z INFO: From Compiling src/google/protobuf/map_field.cc:
2026-10-07T04:28:43.7779035Z In file included from external/protobuf+/src/google/protobuf/map_field.cc:8:
2026-10-07T04:28:43.7780756Z bazel-out/k8-opt/bin/external/protobuf+/src/google/protobuf/_virtual_includes/protobuf/google/protobuf/map_field.h: In constructor 'google::protobuf::internal::MapFieldBase::ReflectionPayload::ReflectionPayload(google::protobuf::Arena*, const google::protobuf::Message*)':
2026-10-07T04:28:43.7810240Z bazel-out/k8-opt/bin/external/protobuf+/src/google/protobuf/_virtual_includes/protobuf/google/protobuf/map_field.h:416:11: warning: 'google::protobuf::RepeatedPtrField<T>::RepeatedPtrField(google::protobuf::Arena*) [with Element = google::protobuf::Message]' is deprecated: Use Arena::Create<RepeatedPtrField<...>>(Arena*) instead [-Wdeprecated-declarations]
2026-10-07T04:28:43.7812256Z   416 |         : repeated_field_(arena), prototype_(prototype) {}
2026-10-07T04:28:43.7838610Z       |           ^~~~~~~~~~~~~~~~~~~~~~
2026-10-07T04:28:43.7849274Z In file included from bazel-out/k8-opt/bin/external/protobuf+/src/google/protobuf/_virtual_includes/protobuf_lite/google/protobuf/repeated_field.h:46,
2026-10-07T04:28:43.7851239Z                  from bazel-out/k8-opt/bin/external/protobuf+/src/google/protobuf/_virtual_includes/protobuf_lite/google/protobuf/parse_context.h:39,
2026-10-07T04:28:43.7929963Z                  from bazel-out/k8-opt/bin/external/protobuf+/src/google/protobuf/_virtual_includes/protobuf_lite/google/protobuf/generated_message_tctable_decl.h:25,
2026-10-07T04:28:43.7932029Z                  from bazel-out/k8-opt/bin/external/protobuf+/src/google/protobuf/_virtual_includes/protobuf_lite/google/protobuf/extension_set.h:40,
2026-10-07T04:28:43.7933943Z                  from bazel-out/k8-opt/bin/external/protobuf+/src/google/protobuf/_virtual_includes/protobuf/google/protobuf/descriptor.h:56,
2026-10-07T04:28:43.7935742Z                  from bazel-out/k8-opt/bin/external/protobuf+/src/google/protobuf/_virtual_includes/protobuf/google/protobuf/map_field.h:23:
2026-10-07T04:28:43.7937097Z bazel-out/k8-opt/bin/external/protobuf+/src/google/protobuf/_virtual_includes/protobuf_lite/google/protobuf/repeated_ptr_field.h:1380:8: note: declared here
2026-10-07T04:28:43.7938264Z  1380 | inline RepeatedPtrField<Element>::RepeatedPtrField(Arena* arena)
2026-10-07T04:28:43.7958843Z       |        ^~~~~~~~~~~~~~~~~~~~~~~~~
2026-10-07T04:28:44.7829422Z [848 / 939] Compiling src/google/protobuf/compiler/cpp/file.cc [for tool]; 6s processwrapper-sandbox ... (4 actions running)
2026-10-07T04:28:48.0121411Z INFO: From Compiling src/google/protobuf/text_format.cc:
2026-10-07T04:28:48.0168958Z In file included from external/protobuf+/src/google/protobuf/text_format.cc:54:
2026-10-07T04:28:48.0199834Z bazel-out/k8-opt/bin/external/protobuf+/src/google/protobuf/_virtual_includes/protobuf/google/protobuf/map_field.h: In constructor 'google::protobuf::internal::MapFieldBase::ReflectionPayload::ReflectionPayload(google::protobuf::Arena*, const google::protobuf::Message*)':
2026-10-07T04:28:48.0230148Z bazel-out/k8-opt/bin/external/protobuf+/src/google/protobuf/_virtual_includes/protobuf/google/protobuf/map_field.h:416:11: warning: 'google::protobuf::RepeatedPtrField<T>::RepeatedPtrField(google::protobuf::Arena*) [with Element = google::protobuf::Message]' is deprecated: Use Arena::Create<RepeatedPtrField<...>>(Arena*) instead [-Wdeprecated-declarations]
2026-10-07T04:28:48.0258735Z   416 |         : repeated_field_(arena), prototype_(prototype) {}
2026-10-07T04:28:48.0269004Z       |           ^~~~~~~~~~~~~~~~~~~~~~
2026-10-07T04:28:48.0279537Z In file included from bazel-out/k8-opt/bin/external/protobuf+/src/google/protobuf/_virtual_includes/protobuf_lite/google/protobuf/repeated_field.h:46,
2026-10-07T04:28:48.0281925Z                  from bazel-out/k8-opt/bin/external/protobuf+/src/google/protobuf/_virtual_includes/protobuf_lite/google/protobuf/parse_context.h:39,
2026-10-07T04:28:48.0284284Z                  from bazel-out/k8-opt/bin/external/protobuf+/src/google/protobuf/_virtual_includes/protobuf_lite/google/protobuf/generated_message_tctable_decl.h:25,
2026-10-07T04:28:48.0286557Z                  from bazel-out/k8-opt/bin/external/protobuf+/src/google/protobuf/_virtual_includes/protobuf_lite/google/protobuf/extension_set.h:40,
2026-10-07T04:28:48.0289198Z                  from bazel-out/k8-opt/bin/external/protobuf+/src/google/protobuf/_virtual_includes/protobuf/google/protobuf/descriptor.h:56,
2026-10-07T04:28:48.0291259Z                  from bazel-out/k8-opt/bin/external/protobuf+/src/google/protobuf/_virtual_includes/protobuf/google/protobuf/text_format.h:27,
2026-10-07T04:28:48.0292952Z                  from external/protobuf+/src/google/protobuf/text_format.cc:12:
2026-10-07T04:28:48.0294218Z bazel-out/k8-opt/bin/external/protobuf+/src/google/protobuf/_virtual_includes/protobuf_lite/google/protobuf/repeated_ptr_field.h:1380:8: note: declared here
2026-10-07T04:28:48.0295497Z  1380 | inline RepeatedPtrField<Element>::RepeatedPtrField(Arena* arena)
2026-10-07T04:28:48.0296242Z       |        ^~~~~~~~~~~~~~~~~~~~~~~~~
2026-10-07T04:28:48.0297386Z external/protobuf+/src/google/protobuf/text_format.cc: In member function 'bool google::protobuf::TextFormat::Parser::ParserImpl::ConsumeField(google::protobuf::Message*)':
2026-10-07T04:28:48.0299281Z external/protobuf+/src/google/protobuf/text_format.cc:663:54: warning: 'bool google::protobuf::FieldOptions::weak() const' is deprecated [-Wdeprecated-declarations]
2026-10-07T04:28:48.0300544Z   663 |       if (consumed_semicolon && field->options().weak() &&
2026-10-07T04:28:48.0301309Z       |                                 ~~~~~~~~~~~~~~~~~~~~~^~
2026-10-07T04:28:48.0302064Z In file included from external/protobuf+/src/google/protobuf/text_format.cc:46:
2026-10-07T04:28:48.0303275Z bazel-out/k8-opt/bin/external/protobuf+/src/google/protobuf/_virtual_includes/protobuf/google/protobuf/descriptor.pb.h:18861:13: note: declared here
2026-10-07T04:28:48.0304360Z 18861 | inline bool FieldOptions::weak() const {
2026-10-07T04:28:48.0305033Z       |             ^~~~~~~~~~~~
2026-10-07T04:28:48.0305967Z [849 / 939] Compiling src/google/protobuf/compiler/cpp/file.cc [for tool]; 9s processwrapper-sandbox ... (4 actions, 3 running)
2026-10-07T04:28:48.2957184Z INFO: From Compiling src/google/protobuf/message.cc:
2026-10-07T04:28:48.2979853Z In file included from external/protobuf+/src/google/protobuf/message.cc:40:
2026-10-07T04:28:48.3000197Z bazel-out/k8-opt/bin/external/protobuf+/src/google/protobuf/_virtual_includes/protobuf/google/protobuf/map_field.h: In constructor 'google::protobuf::internal::MapFieldBase::ReflectionPayload::ReflectionPayload(google::protobuf::Arena*, const google::protobuf::Message*)':
2026-10-07T04:28:48.3030244Z bazel-out/k8-opt/bin/external/protobuf+/src/google/protobuf/_virtual_includes/protobuf/google/protobuf/map_field.h:416:11: warning: 'google::protobuf::RepeatedPtrField<T>::RepeatedPtrField(google::protobuf::Arena*) [with Element = google::protobuf::Message]' is deprecated: Use Arena::Create<RepeatedPtrField<...>>(Arena*) instead [-Wdeprecated-declarations]
2026-10-07T04:28:48.3058893Z   416 |         : repeated_field_(arena), prototype_(prototype) {}
2026-10-07T04:28:48.3067668Z       |           ^~~~~~~~~~~~~~~~~~~~~~
2026-10-07T04:28:48.3068746Z In file included from bazel-out/k8-opt/bin/external/protobuf+/src/google/protobuf/_virtual_includes/protobuf_lite/google/protobuf/repeated_field.h:46,
2026-10-07T04:28:48.3071226Z                  from bazel-out/k8-opt/bin/external/protobuf+/src/google/protobuf/_virtual_includes/protobuf_lite/google/protobuf/parse_context.h:39,
2026-10-07T04:28:48.3073370Z                  from bazel-out/k8-opt/bin/external/protobuf+/src/google/protobuf/_virtual_includes/protobuf_lite/google/protobuf/generated_message_tctable_decl.h:25,
2026-10-07T04:28:48.3075440Z                  from bazel-out/k8-opt/bin/external/protobuf+/src/google/protobuf/_virtual_includes/protobuf_lite/google/protobuf/extension_set.h:40,
2026-10-07T04:28:48.3077523Z                  from bazel-out/k8-opt/bin/external/protobuf+/src/google/protobuf/_virtual_includes/protobuf/google/protobuf/descriptor.h:56,
2026-10-07T04:28:48.3080910Z                  from bazel-out/k8-opt/bin/external/protobuf+/src/google/protobuf/_virtual_includes/protobuf/google/protobuf/message.h:112,
2026-10-07T04:28:48.3082577Z                  from external/protobuf+/src/google/protobuf/message.cc:12:
2026-10-07T04:28:48.3083774Z bazel-out/k8-opt/bin/external/protobuf+/src/google/protobuf/_virtual_includes/protobuf_lite/google/protobuf/repeated_ptr_field.h:1380:8: note: declared here
2026-10-07T04:28:48.3085018Z  1380 | inline RepeatedPtrField<Element>::RepeatedPtrField(Arena* arena)
2026-10-07T04:28:48.3085946Z       |        ^~~~~~~~~~~~~~~~~~~~~~~~~
2026-10-07T04:28:49.6419872Z INFO: From Compiling src/google/protobuf/compiler/cpp/file.cc [for tool]:
2026-10-07T04:28:49.6441726Z In file included from bazel-out/k8-opt-exec-ST-d57f47055a04/bin/external/protobuf+/src/google/protobuf/compiler/cpp/_virtual_includes/cpp/google/protobuf/compiler/cpp/extension.h:19,
2026-10-07T04:28:49.6470007Z                  from bazel-out/k8-opt-exec-ST-d57f47055a04/bin/external/protobuf+/src/google/protobuf/compiler/cpp/_virtual_includes/cpp/google/protobuf/compiler/cpp/file.h:26,
2026-10-07T04:28:49.6499113Z                  from external/protobuf+/src/google/protobuf/compiler/cpp/file.cc:12:
2026-10-07T04:28:49.6500882Z bazel-out/k8-opt-exec-ST-d57f47055a04/bin/external/protobuf+/src/google/protobuf/compiler/cpp/_virtual_includes/names_internal/google/protobuf/compiler/cpp/helpers.h: In function 'bool google::protobuf::compiler::cpp::IsWeak(const google::protobuf::FieldDescriptor*, const Options&)':
2026-10-07T04:28:49.6531414Z bazel-out/k8-opt-exec-ST-d57f47055a04/bin/external/protobuf+/src/google/protobuf/compiler/cpp/_virtual_includes/names_internal/google/protobuf/compiler/cpp/helpers.h:347:28: warning: 'bool google::protobuf::FieldOptions::weak() const' is deprecated [-Wdeprecated-declarations]
2026-10-07T04:28:49.6549621Z   347 |   if (field->options().weak()) {
2026-10-07T04:28:49.6564860Z       |       ~~~~~~~~~~~~~~~~~~~~~^~
2026-10-07T04:28:49.6566210Z In file included from bazel-out/k8-opt-exec-ST-d57f47055a04/bin/external/protobuf+/src/google/protobuf/compiler/_virtual_includes/code_generator_lite/google/protobuf/compiler/code_generator_lite.h:18,
2026-10-07T04:28:49.6569548Z                  from bazel-out/k8-opt-exec-ST-d57f47055a04/bin/external/protobuf+/src/google/protobuf/compiler/_virtual_includes/code_generator/google/protobuf/compiler/code_generator.h:25,
2026-10-07T04:28:49.6572503Z                  from bazel-out/k8-opt-exec-ST-d57f47055a04/bin/external/protobuf+/src/google/protobuf/compiler/cpp/_virtual_includes/names_internal/google/protobuf/compiler/cpp/helpers.h:29:
2026-10-07T04:28:49.6574823Z bazel-out/k8-opt-exec-ST-d57f47055a04/bin/external/protobuf+/src/google/protobuf/_virtual_includes/protobuf/google/protobuf/descriptor.pb.h:18861:13: note: declared here
2026-10-07T04:28:49.6576369Z 18861 | inline bool FieldOptions::weak() const {
2026-10-07T04:28:49.6576986Z       |             ^~~~~~~~~~~~
2026-10-07T04:28:49.6577775Z In file included from external/abseil-cpp+/absl/functional/any_invocable.h:44,
2026-10-07T04:28:49.6590256Z                  from external/abseil-cpp+/absl/functional/internal/function_ref.h:22,
2026-10-07T04:28:49.6591615Z                  from external/abseil-cpp+/absl/functional/function_ref.h:54,
2026-10-07T04:28:49.6592547Z                  from external/abseil-cpp+/absl/hash/hash.h:88,
2026-10-07T04:28:49.6593741Z                  from external/abseil-cpp+/absl/container/internal/hash_function_defaults.h:57,
2026-10-07T04:28:49.6594999Z                  from external/abseil-cpp+/absl/container/hash_container_defaults.h:19,
2026-10-07T04:28:49.6596104Z                  from external/abseil-cpp+/absl/container/flat_hash_map.h:43,
2026-10-07T04:28:49.6598407Z                  from bazel-out/k8-opt-exec-ST-d57f47055a04/bin/external/protobuf+/src/google/protobuf/compiler/cpp/_virtual_includes/cpp/google/protobuf/compiler/cpp/file.h:20:
2026-10-07T04:28:49.6599991Z In function 'void absl::lts_20250814::internal_any_invocable::LocalManagerTrivial(FunctionToCall, TypeErasedState*, TypeErasedState*)',
2026-10-07T04:28:49.6602741Z     inlined from 'absl::lts_20250814::internal_any_invocable::CoreImpl<SigIsNoexcept, ReturnType, P>::CoreImpl(absl::lts_20250814::internal_any_invocable::CoreImpl<SigIsNoexcept, ReturnType, P>&&) [with bool SigIsNoexcept = false; ReturnType = void; P = {google::protobuf::io::Printer*}]' at external/abseil-cpp+/absl/functional/internal/any_invocable.h:461:11,
2026-10-07T04:28:49.6606560Z     inlined from 'absl::lts_20250814::internal_any_invocable::Impl<void(google::protobuf::io::Printer*)>::Impl(absl::lts_20250814::internal_any_invocable::Impl<void(google::protobuf::io::Printer*)>&&)' at external/abseil-cpp+/absl/functional/internal/any_invocable.h:755:1,
2026-10-07T04:28:49.6609591Z     inlined from 'absl::lts_20250814::AnyInvocable<Sig>::AnyInvocable(absl::lts_20250814::AnyInvocable<Sig>&&) [with Sig = void(google::protobuf::io::Printer*)]' at external/abseil-cpp+/absl/functional/any_invocable.h:185:3,
2026-10-07T04:28:49.6612594Z     inlined from 'void std::__new_allocator<_Tp>::construct(_Up*, _Args&& ...) [with _Up = absl::lts_20250814::AnyInvocable<void(google::protobuf::io::Printer*)>; _Args = {absl::lts_20250814::AnyInvocable<void(google::protobuf::io::Printer*)>}; _Tp = absl::lts_20250814::AnyInvocable<void(google::protobuf::io::Printer*)>]' at /usr/include/c++/13/bits/new_allocator.h:191:4,
2026-10-07T04:28:49.6616458Z     inlined from 'static void std::allocator_traits<std::allocator<_Tp1> >::construct(allocator_type&, _Up*, _Args&& ...) [with _Up = absl::lts_20250814::AnyInvocable<void(google::protobuf::io::Printer*)>; _Args = {absl::lts_20250814::AnyInvocable<void(google::protobuf::io::Printer*)>}; _Tp = absl::lts_20250814::AnyInvocable<void(google::protobuf::io::Printer*)>]' at /usr/include/c++/13/bits/alloc_traits.h:538:17,
2026-10-07T04:28:49.6620574Z     inlined from 'std::vector<_Tp, _Alloc>::reference std::vector<_Tp, _Alloc>::emplace_back(_Args&& ...) [with _Args = {absl::lts_20250814::AnyInvocable<void(google::protobuf::io::Printer*)>}; _Tp = absl::lts_20250814::AnyInvocable<void(google::protobuf::io::Printer*)>; _Alloc = std::allocator<absl::lts_20250814::AnyInvocable<void(google::protobuf::io::Printer*)> >]' at /usr/include/c++/13/bits/vector.tcc:117:30,
2026-10-07T04:28:49.6623999Z     inlined from 'void std::vector<_Tp, _Alloc>::push_back(value_type&&) [with _Tp = absl::lts_20250814::AnyInvocable<void(google::protobuf::io::Printer*)>; _Alloc = std::allocator<absl::lts_20250814::AnyInvocable<void(google::protobuf::io::Printer*)> >]' at /usr/include/c++/13/bits/stl_vector.h:1299:21,
2026-10-07T04:28:49.6626586Z     inlined from 'void google::protobuf::compiler::cpp::FileGenerator::GenerateReflectionInitializationCode(google::protobuf::io::Printer*)' at external/protobuf+/src/google/protobuf/compiler/cpp/file.cc:1385:53:
2026-10-07T04:28:49.6629873Z external/abseil-cpp+/absl/functional/internal/any_invocable.h:225:7: warning: '<unnamed>.absl::lts_20250814::AnyInvocable<void(google::protobuf::io::Printer*)>::<unnamed>.absl::lts_20250814::internal_any_invocable::Impl<void(google::protobuf::io::Printer*)>::<unnamed>.absl::lts_20250814::internal_any_invocable::CoreImpl<false, void, google::protobuf::io::Printer*>::state_' may be used uninitialized [-Wmaybe-uninitialized]
2026-10-07T04:28:49.6632019Z   225 |   *to = *from;
2026-10-07T04:28:49.6632476Z       |   ~~~~^~~~~~~
2026-10-07T04:28:49.6633707Z external/protobuf+/src/google/protobuf/compiler/cpp/file.cc: In member function 'void google::protobuf::compiler::cpp::FileGenerator::GenerateReflectionInitializationCode(google::protobuf::io::Printer*)':
2026-10-07T04:28:49.6635309Z external/protobuf+/src/google/protobuf/compiler/cpp/file.cc:1385:53: note: '<anonymous>' declared here
2026-10-07T04:28:49.6636287Z  1385 |     static_initializers_[kInitPriority102].push_back([](auto* p) {
2026-10-07T04:28:49.6637118Z       |     ~~~~~~~~~~~~~~~~~~~~~~~~~~~~~~~~~~~~~~~~~~~~~~~~^~~~~~~~~~~~~~
2026-10-07T04:28:49.6637719Z  1386 |       p->Emit(R"cc(
2026-10-07T04:28:49.6638490Z       |       ~~~~~~~~~~~~~                                  
2026-10-07T04:28:49.6639061Z  1387 |         ::_pbi::AddDescriptors(&$desc_table$),
2026-10-07T04:28:49.6639974Z       |         ~~~~~~~~~~~~~~~~~~~~~~~~~~~~~~~~~~~~~~       
2026-10-07T04:28:49.6640490Z  1388 |       )cc");
2026-10-07T04:28:49.6641035Z       |       ~~~~~~                                         
2026-10-07T04:28:49.6641534Z  1389 |     });
2026-10-07T04:28:49.6642060Z       |     ~~                                               
2026-10-07T04:28:49.6643168Z [853 / 939] Compiling src/google/protobuf/descriptor.cc [for tool]; 11s processwrapper-sandbox ... (4 actions, 3 running)
2026-10-07T04:28:50.7838799Z [853 / 939] Compiling src/google/protobuf/descriptor.cc [for tool]; 12s processwrapper-sandbox ... (4 actions running)
2026-10-07T04:28:50.9659346Z INFO: From Compiling src/google/protobuf/reflection_ops.cc:
2026-10-07T04:28:50.9704827Z In file included from external/protobuf+/src/google/protobuf/reflection_ops.cc:22:
2026-10-07T04:28:50.9706824Z bazel-out/k8-opt/bin/external/protobuf+/src/google/protobuf/_virtual_includes/protobuf/google/protobuf/map_field.h: In constructor 'google::protobuf::internal::MapFieldBase::ReflectionPayload::ReflectionPayload(google::protobuf::Arena*, const google::protobuf::Message*)':
2026-10-07T04:28:50.9709986Z bazel-out/k8-opt/bin/external/protobuf+/src/google/protobuf/_virtual_includes/protobuf/google/protobuf/map_field.h:416:11: warning: 'google::protobuf::RepeatedPtrField<T>::RepeatedPtrField(google::protobuf::Arena*) [with Element = google::protobuf::Message]' is deprecated: Use Arena::Create<RepeatedPtrField<...>>(Arena*) instead [-Wdeprecated-declarations]
2026-10-07T04:28:50.9712355Z   416 |         : repeated_field_(arena), prototype_(prototype) {}
2026-10-07T04:28:50.9712985Z       |           ^~~~~~~~~~~~~~~~~~~~~~
2026-10-07T04:28:50.9713908Z In file included from bazel-out/k8-opt/bin/external/protobuf+/src/google/protobuf/_virtual_includes/protobuf_lite/google/protobuf/repeated_field.h:46,
2026-10-07T04:28:50.9715905Z                  from bazel-out/k8-opt/bin/external/protobuf+/src/google/protobuf/_virtual_includes/protobuf_lite/google/protobuf/parse_context.h:39,
2026-10-07T04:28:50.9718098Z                  from bazel-out/k8-opt/bin/external/protobuf+/src/google/protobuf/_virtual_includes/protobuf_lite/google/protobuf/generated_message_tctable_decl.h:25,
2026-10-07T04:28:50.9721842Z                  from bazel-out/k8-opt/bin/external/protobuf+/src/google/protobuf/_virtual_includes/protobuf_lite/google/protobuf/extension_set.h:40,
2026-10-07T04:28:50.9723806Z                  from bazel-out/k8-opt/bin/external/protobuf+/src/google/protobuf/_virtual_includes/protobuf/google/protobuf/descriptor.h:56,
2026-10-07T04:28:50.9725817Z                  from bazel-out/k8-opt/bin/external/protobuf+/src/google/protobuf/_virtual_includes/protobuf/google/protobuf/message.h:112,
2026-10-07T04:28:50.9728028Z                  from bazel-out/k8-opt/bin/external/protobuf+/src/google/protobuf/_virtual_includes/protobuf/google/protobuf/reflection_ops.h:18,
2026-10-07T04:28:50.9729466Z                  from external/protobuf+/src/google/protobuf/reflection_ops.cc:11:
2026-10-07T04:28:50.9730550Z bazel-out/k8-opt/bin/external/protobuf+/src/google/protobuf/_virtual_includes/protobuf_lite/google/protobuf/repeated_ptr_field.h:1380:8: note: declared here
2026-10-07T04:28:50.9731663Z  1380 | inline RepeatedPtrField<Element>::RepeatedPtrField(Arena* arena)
2026-10-07T04:28:50.9732301Z       |        ^~~~~~~~~~~~~~~~~~~~~~~~~
2026-10-07T04:28:51.7849268Z [856 / 939] Compiling src/google/protobuf/descriptor.cc [for tool]; 13s processwrapper-sandbox ... (4 actions running)
2026-10-07T04:28:53.7869582Z [857 / 939] Compiling src/google/protobuf/descriptor.cc [for tool]; 15s processwrapper-sandbox ... (4 actions running)
2026-10-07T04:28:54.6825267Z INFO: From Compiling src/google/protobuf/compiler/cpp/generator.cc [for tool]:
2026-10-07T04:28:54.6849770Z In file included from bazel-out/k8-opt-exec-ST-d57f47055a04/bin/external/protobuf+/src/google/protobuf/compiler/cpp/_virtual_includes/cpp/google/protobuf/compiler/cpp/extension.h:19,
2026-10-07T04:28:54.6870316Z                  from bazel-out/k8-opt-exec-ST-d57f47055a04/bin/external/protobuf+/src/google/protobuf/compiler/cpp/_virtual_includes/cpp/google/protobuf/compiler/cpp/file.h:26,
2026-10-07T04:28:54.6889239Z                  from external/protobuf+/src/google/protobuf/compiler/cpp/generator.cc:31:
2026-10-07T04:28:54.6920120Z bazel-out/k8-opt-exec-ST-d57f47055a04/bin/external/protobuf+/src/google/protobuf/compiler/cpp/_virtual_includes/names_internal/google/protobuf/compiler/cpp/helpers.h: In function 'bool google::protobuf::compiler::cpp::IsWeak(const google::protobuf::FieldDescriptor*, const Options&)':
2026-10-07T04:28:54.6939896Z bazel-out/k8-opt-exec-ST-d57f47055a04/bin/external/protobuf+/src/google/protobuf/compiler/cpp/_virtual_includes/names_internal/google/protobuf/compiler/cpp/helpers.h:347:28: warning: 'bool google::protobuf::FieldOptions::weak() const' is deprecated [-Wdeprecated-declarations]
2026-10-07T04:28:54.6948748Z   347 |   if (field->options().weak()) {
2026-10-07T04:28:54.6978669Z       |       ~~~~~~~~~~~~~~~~~~~~~^~
2026-10-07T04:28:54.6999409Z In file included from bazel-out/k8-opt-exec-ST-d57f47055a04/bin/external/protobuf+/src/google/protobuf/compiler/_virtual_includes/code_generator_lite/google/protobuf/compiler/code_generator_lite.h:18,
2026-10-07T04:28:54.7030352Z                  from bazel-out/k8-opt-exec-ST-d57f47055a04/bin/external/protobuf+/src/google/protobuf/compiler/_virtual_includes/code_generator/google/protobuf/compiler/code_generator.h:25,
2026-10-07T04:28:54.7039979Z                  from bazel-out/k8-opt-exec-ST-d57f47055a04/bin/external/protobuf+/src/google/protobuf/compiler/cpp/_virtual_includes/cpp/google/protobuf/compiler/cpp/generator.h:24,
2026-10-07T04:28:54.7059239Z                  from external/protobuf+/src/google/protobuf/compiler/cpp/generator.cc:12:
2026-10-07T04:28:54.7089393Z bazel-out/k8-opt-exec-ST-d57f47055a04/bin/external/protobuf+/src/google/protobuf/_virtual_includes/protobuf/google/protobuf/descriptor.pb.h:18861:13: note: declared here
2026-10-07T04:28:54.7128661Z 18861 | inline bool FieldOptions::weak() const {
2026-10-07T04:28:54.7158615Z       |             ^~~~~~~~~~~~
2026-10-07T04:28:54.7879451Z [860 / 939] Compiling src/google/protobuf/descriptor.cc [for tool]; 16s processwrapper-sandbox ... (4 actions running)
2026-10-07T04:28:55.7879650Z [861 / 939] Compiling src/google/protobuf/descriptor.cc [for tool]; 17s processwrapper-sandbox ... (4 actions running)
2026-10-07T04:28:57.0390792Z [863 / 939] Compiling src/google/protobuf/descriptor.cc [for tool]; 18s processwrapper-sandbox ... (4 actions, 3 running)
2026-10-07T04:28:58.7876644Z [865 / 939] Compiling src/google/protobuf/descriptor.cc [for tool]; 20s processwrapper-sandbox ... (4 actions running)
2026-10-07T04:28:59.7309448Z INFO: From Compiling src/google/protobuf/descriptor.cc [for tool]:
2026-10-07T04:28:59.7329699Z external/protobuf+/src/google/protobuf/descriptor.cc: In member function 'void google::protobuf::FieldDescriptor::DebugString(int, std::string*, const google::protobuf::DebugStringOptions&) const':
2026-10-07T04:28:59.7349863Z external/protobuf+/src/google/protobuf/descriptor.cc:3953:65: warning: 'bool google::protobuf::FieldDescriptor::has_optional_keyword() const' is deprecated: Use has_presence() instead. [-Wdeprecated-declarations]
2026-10-07T04:28:59.7378903Z  3953 |       (!is_required() && !is_repeated() && !has_optional_keyword())) {
2026-10-07T04:28:59.7388688Z       |                                             ~~~~~~~~~~~~~~~~~~~~^~
2026-10-07T04:28:59.7389514Z In file included from external/protobuf+/src/google/protobuf/descriptor.cc:12:
2026-10-07T04:28:59.7390957Z bazel-out/k8-opt-exec-ST-d57f47055a04/bin/external/protobuf+/src/google/protobuf/_virtual_includes/protobuf/google/protobuf/descriptor.h:1136:8: note: declared here
2026-10-07T04:28:59.7392098Z  1136 |   bool has_optional_keyword() const;
2026-10-07T04:28:59.7392628Z       |        ^~~~~~~~~~~~~~~~~~~~
2026-10-07T04:28:59.7393920Z external/protobuf+/src/google/protobuf/descriptor.cc: In member function 'void google::protobuf::DescriptorBuilder::CrossLinkField(google::protobuf::FieldDescriptor*, const google::protobuf::FieldDescriptorProto&)':
2026-10-07T04:28:59.7396145Z external/protobuf+/src/google/protobuf/descriptor.cc:7982:65: warning: 'bool google::protobuf::FieldOptions::weak() const' is deprecated [-Wdeprecated-declarations]
2026-10-07T04:28:59.7397795Z  7982 |     bool is_weak = !pool_->enforce_weak_ && proto.options().weak();
2026-10-07T04:28:59.7399033Z       |                                             ~~~~~~~~~~~~~~~~~~~~^~
2026-10-07T04:28:59.7400275Z In file included from bazel-out/k8-opt-exec-ST-d57f47055a04/bin/external/protobuf+/src/google/protobuf/_virtual_includes/protobuf/google/protobuf/cpp_features.pb.h:33,
2026-10-07T04:28:59.7401937Z                  from external/protobuf+/src/google/protobuf/descriptor.cc:72:
2026-10-07T04:28:59.7403224Z bazel-out/k8-opt-exec-ST-d57f47055a04/bin/external/protobuf+/src/google/protobuf/_virtual_includes/protobuf/google/protobuf/descriptor.pb.h:18861:13: note: declared here
2026-10-07T04:28:59.7404419Z 18861 | inline bool FieldOptions::weak() const {
2026-10-07T04:28:59.7404931Z       |             ^~~~~~~~~~~~
2026-10-07T04:28:59.7406254Z external/protobuf+/src/google/protobuf/descriptor.cc: In function 'google::protobuf::internal::cpp::HasbitMode google::protobuf::internal::cpp::GetFieldHasbitModeWithoutProfile(const google::protobuf::FieldDescriptor*)':
2026-10-07T04:28:59.7408424Z external/protobuf+/src/google/protobuf/descriptor.cc:10700:62: warning: 'bool google::protobuf::FieldOptions::weak() const' is deprecated [-Wdeprecated-declarations]
2026-10-07T04:28:59.7409735Z 10700 |   if (field->real_containing_oneof() || field->options().weak() ||
2026-10-07T04:28:59.7410540Z       |                                         ~~~~~~~~~~~~~~~~~~~~~^~
2026-10-07T04:28:59.7411716Z bazel-out/k8-opt-exec-ST-d57f47055a04/bin/external/protobuf+/src/google/protobuf/_virtual_includes/protobuf/google/protobuf/descriptor.pb.h:18861:13: note: declared here
2026-10-07T04:28:59.7412881Z 18861 | inline bool FieldOptions::weak() const {
2026-10-07T04:28:59.7413480Z       |             ^~~~~~~~~~~~
2026-10-07T04:28:59.7891566Z [868 / 939] Compiling src/google/protobuf/compiler/cpp/message.cc [for tool]; 3s processwrapper-sandbox ... (4 actions running)
2026-10-07T04:29:00.7899527Z [869 / 939] Compiling src/google/protobuf/compiler/cpp/message.cc [for tool]; 4s processwrapper-sandbox ... (4 actions running)
2026-10-07T04:29:01.9484150Z INFO: From Compiling src/google/protobuf/compiler/cpp/tracker.cc [for tool]:
2026-10-07T04:29:01.9513479Z In file included from external/protobuf+/src/google/protobuf/compiler/cpp/tracker.cc:20:
2026-10-07T04:29:01.9540105Z bazel-out/k8-opt-exec-ST-d57f47055a04/bin/external/protobuf+/src/google/protobuf/compiler/cpp/_virtual_includes/names_internal/google/protobuf/compiler/cpp/helpers.h: In function 'bool google::protobuf::compiler::cpp::IsWeak(const google::protobuf::FieldDescriptor*, const Options&)':
2026-10-07T04:29:01.9569732Z bazel-out/k8-opt-exec-ST-d57f47055a04/bin/external/protobuf+/src/google/protobuf/compiler/cpp/_virtual_includes/names_internal/google/protobuf/compiler/cpp/helpers.h:347:28: warning: 'bool google::protobuf::FieldOptions::weak() const' is deprecated [-Wdeprecated-declarations]
2026-10-07T04:29:01.9598698Z   347 |   if (field->options().weak()) {
2026-10-07T04:29:01.9609458Z       |       ~~~~~~~~~~~~~~~~~~~~~^~
2026-10-07T04:29:01.9610905Z In file included from bazel-out/k8-opt-exec-ST-d57f47055a04/bin/external/protobuf+/src/google/protobuf/compiler/_virtual_includes/code_generator_lite/google/protobuf/compiler/code_generator_lite.h:18,
2026-10-07T04:29:01.9613813Z                  from bazel-out/k8-opt-exec-ST-d57f47055a04/bin/external/protobuf+/src/google/protobuf/compiler/_virtual_includes/code_generator/google/protobuf/compiler/code_generator.h:25,
2026-10-07T04:29:01.9616623Z                  from bazel-out/k8-opt-exec-ST-d57f47055a04/bin/external/protobuf+/src/google/protobuf/compiler/cpp/_virtual_includes/names_internal/google/protobuf/compiler/cpp/helpers.h:29:
2026-10-07T04:29:01.9619134Z bazel-out/k8-opt-exec-ST-d57f47055a04/bin/external/protobuf+/src/google/protobuf/_virtual_includes/protobuf/google/protobuf/descriptor.pb.h:18861:13: note: declared here
2026-10-07T04:29:01.9620364Z 18861 | inline bool FieldOptions::weak() const {
2026-10-07T04:29:01.9621527Z       |             ^~~~~~~~~~~~
2026-10-07T04:29:01.9622660Z [870 / 939] Compiling src/google/protobuf/compiler/cpp/message.cc [for tool]; 5s processwrapper-sandbox ... (4 actions, 3 running)
2026-10-07T04:29:03.5873692Z INFO: From Compiling src/google/protobuf/compiler/cpp/service.cc [for tool]:
2026-10-07T04:29:03.5889326Z In file included from external/protobuf+/src/google/protobuf/compiler/cpp/service.cc:17:
2026-10-07T04:29:03.5920279Z bazel-out/k8-opt-exec-ST-d57f47055a04/bin/external/protobuf+/src/google/protobuf/compiler/cpp/_virtual_includes/names_internal/google/protobuf/compiler/cpp/helpers.h: In function 'bool google::protobuf::compiler::cpp::IsWeak(const google::protobuf::FieldDescriptor*, const Options&)':
2026-10-07T04:29:03.5950022Z bazel-out/k8-opt-exec-ST-d57f47055a04/bin/external/protobuf+/src/google/protobuf/compiler/cpp/_virtual_includes/names_internal/google/protobuf/compiler/cpp/helpers.h:347:28: warning: 'bool google::protobuf::FieldOptions::weak() const' is deprecated [-Wdeprecated-declarations]
2026-10-07T04:29:03.5978702Z   347 |   if (field->options().weak()) {
2026-10-07T04:29:03.6008788Z       |       ~~~~~~~~~~~~~~~~~~~~~^~
2026-10-07T04:29:03.6010171Z In file included from bazel-out/k8-opt-exec-ST-d57f47055a04/bin/external/protobuf+/src/google/protobuf/compiler/_virtual_includes/code_generator_lite/google/protobuf/compiler/code_generator_lite.h:18,
2026-10-07T04:29:03.6040358Z                  from bazel-out/k8-opt-exec-ST-d57f47055a04/bin/external/protobuf+/src/google/protobuf/compiler/_virtual_includes/code_generator/google/protobuf/compiler/code_generator.h:25,
2026-10-07T04:29:03.6070170Z                  from bazel-out/k8-opt-exec-ST-d57f47055a04/bin/external/protobuf+/src/google/protobuf/compiler/cpp/_virtual_includes/names_internal/google/protobuf/compiler/cpp/helpers.h:29:
2026-10-07T04:29:03.6099260Z bazel-out/k8-opt-exec-ST-d57f47055a04/bin/external/protobuf+/src/google/protobuf/_virtual_includes/protobuf/google/protobuf/descriptor.pb.h:18861:13: note: declared here
2026-10-07T04:29:03.6100586Z 18861 | inline bool FieldOptions::weak() const {
2026-10-07T04:29:03.6128788Z       |             ^~~~~~~~~~~~
2026-10-07T04:29:03.6159026Z [871 / 939] Compiling src/google/protobuf/compiler/cpp/message.cc [for tool]; 7s processwrapper-sandbox ... (4 actions, 3 running)
2026-10-07T04:29:04.7922330Z [872 / 939] Compiling src/google/protobuf/compiler/cpp/message.cc [for tool]; 8s processwrapper-sandbox ... (3 actions running)
2026-10-07T04:29:05.7217215Z INFO: From Compiling src/google/protobuf/compiler/cpp/parse_function_generator.cc [for tool]:
2026-10-07T04:29:05.7229849Z In file included from bazel-out/k8-opt-exec-ST-d57f47055a04/bin/external/protobuf+/src/google/protobuf/compiler/cpp/_virtual_includes/cpp/google/protobuf/compiler/cpp/parse_function_generator.h:18,
2026-10-07T04:29:05.7231810Z                  from external/protobuf+/src/google/protobuf/compiler/cpp/parse_function_generator.cc:8:
2026-10-07T04:29:05.7233729Z bazel-out/k8-opt-exec-ST-d57f47055a04/bin/external/protobuf+/src/google/protobuf/compiler/cpp/_virtual_includes/names_internal/google/protobuf/compiler/cpp/helpers.h: In function 'bool google::protobuf::compiler::cpp::IsWeak(const google::protobuf::FieldDescriptor*, const Options&)':
2026-10-07T04:29:05.7236447Z bazel-out/k8-opt-exec-ST-d57f47055a04/bin/external/protobuf+/src/google/protobuf/compiler/cpp/_virtual_includes/names_internal/google/protobuf/compiler/cpp/helpers.h:347:28: warning: 'bool google::protobuf::FieldOptions::weak() const' is deprecated [-Wdeprecated-declarations]
2026-10-07T04:29:05.7237963Z   347 |   if (field->options().weak()) {
2026-10-07T04:29:05.7238639Z       |       ~~~~~~~~~~~~~~~~~~~~~^~
2026-10-07T04:29:05.7240051Z In file included from bazel-out/k8-opt-exec-ST-d57f47055a04/bin/external/protobuf+/src/google/protobuf/compiler/_virtual_includes/code_generator_lite/google/protobuf/compiler/code_generator_lite.h:18,
2026-10-07T04:29:05.7242847Z                  from bazel-out/k8-opt-exec-ST-d57f47055a04/bin/external/protobuf+/src/google/protobuf/compiler/_virtual_includes/code_generator/google/protobuf/compiler/code_generator.h:25,
2026-10-07T04:29:05.7245367Z                  from bazel-out/k8-opt-exec-ST-d57f47055a04/bin/external/protobuf+/src/google/protobuf/compiler/cpp/_virtual_includes/names_internal/google/protobuf/compiler/cpp/helpers.h:29:
2026-10-07T04:29:05.7247015Z bazel-out/k8-opt-exec-ST-d57f47055a04/bin/external/protobuf+/src/google/protobuf/_virtual_includes/protobuf/google/protobuf/descriptor.pb.h:18861:13: note: declared here
2026-10-07T04:29:05.7248065Z 18861 | inline bool FieldOptions::weak() const {
2026-10-07T04:29:05.7248994Z       |             ^~~~~~~~~~~~
2026-10-07T04:29:05.7934017Z [873 / 939] Compiling src/google/protobuf/compiler/cpp/message.cc [for tool]; 9s processwrapper-sandbox ... (2 actions running)
2026-10-07T04:29:06.7151401Z INFO: From Compiling src/google/protobuf/compiler/cpp/message_layout_helper.cc [for tool]:
2026-10-07T04:29:06.7152921Z In file included from bazel-out/k8-opt-exec-ST-d57f47055a04/bin/external/protobuf+/src/google/protobuf/compiler/cpp/_virtual_includes/cpp/google/protobuf/compiler/cpp/message_layout_helper.h:20,
2026-10-07T04:29:06.7155077Z                  from external/protobuf+/src/google/protobuf/compiler/cpp/message_layout_helper.cc:1:
2026-10-07T04:29:06.7157117Z bazel-out/k8-opt-exec-ST-d57f47055a04/bin/external/protobuf+/src/google/protobuf/compiler/cpp/_virtual_includes/names_internal/google/protobuf/compiler/cpp/helpers.h: In function 'bool google::protobuf::compiler::cpp::IsWeak(const google::protobuf::FieldDescriptor*, const Options&)':
2026-10-07T04:29:06.7160059Z bazel-out/k8-opt-exec-ST-d57f47055a04/bin/external/protobuf+/src/google/protobuf/compiler/cpp/_virtual_includes/names_internal/google/protobuf/compiler/cpp/helpers.h:347:28: warning: 'bool google::protobuf::FieldOptions::weak() const' is deprecated [-Wdeprecated-declarations]
2026-10-07T04:29:06.7161750Z   347 |   if (field->options().weak()) {
2026-10-07T04:29:06.7162381Z       |       ~~~~~~~~~~~~~~~~~~~~~^~
2026-10-07T04:29:06.7163368Z In file included from bazel-out/k8-opt-exec-ST-d57f47055a04/bin/external/protobuf+/src/google/protobuf/compiler/_virtual_includes/code_generator_lite/google/protobuf/compiler/code_generator_lite.h:18,
2026-10-07T04:29:06.7164936Z                  from bazel-out/k8-opt-exec-ST-d57f47055a04/bin/external/protobuf+/src/google/protobuf/compiler/_virtual_includes/code_generator/google/protobuf/compiler/code_generator.h:25,
2026-10-07T04:29:06.7166440Z                  from bazel-out/k8-opt-exec-ST-d57f47055a04/bin/external/protobuf+/src/google/protobuf/compiler/cpp/_virtual_includes/names_internal/google/protobuf/compiler/cpp/helpers.h:29:
2026-10-07T04:29:06.7167412Z bazel-out/k8-opt-exec-ST-d57f47055a04/bin/external/protobuf+/src/google/protobuf/_virtual_includes/protobuf/google/protobuf/descriptor.pb.h:18861:13: note: declared here
2026-10-07T04:29:06.7168016Z 18861 | inline bool FieldOptions::weak() const {
2026-10-07T04:29:06.7168520Z       |             ^~~~~~~~~~~~
2026-10-07T04:29:06.7943483Z [874 / 939] Compiling src/google/protobuf/compiler/cpp/message.cc [for tool]; 10s processwrapper-sandbox
2026-10-07T04:29:10.4281102Z INFO: From Compiling src/google/protobuf/compiler/cpp/message.cc [for tool]:
2026-10-07T04:29:10.4282355Z In file included from bazel-out/k8-opt-exec-ST-d57f47055a04/bin/external/protobuf+/src/google/protobuf/compiler/cpp/_virtual_includes/cpp/google/protobuf/compiler/cpp/extension.h:19,
2026-10-07T04:29:10.4284626Z                  from bazel-out/k8-opt-exec-ST-d57f47055a04/bin/external/protobuf+/src/google/protobuf/compiler/cpp/_virtual_includes/cpp/google/protobuf/compiler/cpp/message.h:25,
2026-10-07T04:29:10.4285500Z                  from external/protobuf+/src/google/protobuf/compiler/cpp/message.cc:12:
2026-10-07T04:29:10.4286809Z bazel-out/k8-opt-exec-ST-d57f47055a04/bin/external/protobuf+/src/google/protobuf/compiler/cpp/_virtual_includes/names_internal/google/protobuf/compiler/cpp/helpers.h: In function 'bool google::protobuf::compiler::cpp::IsWeak(const google::protobuf::FieldDescriptor*, const Options&)':
2026-10-07T04:29:10.4288780Z bazel-out/k8-opt-exec-ST-d57f47055a04/bin/external/protobuf+/src/google/protobuf/compiler/cpp/_virtual_includes/names_internal/google/protobuf/compiler/cpp/helpers.h:347:28: warning: 'bool google::protobuf::FieldOptions::weak() const' is deprecated [-Wdeprecated-declarations]
2026-10-07T04:29:10.4289669Z   347 |   if (field->options().weak()) {
2026-10-07T04:29:10.4289925Z       |       ~~~~~~~~~~~~~~~~~~~~~^~
2026-10-07T04:29:10.4290583Z In file included from bazel-out/k8-opt-exec-ST-d57f47055a04/bin/external/protobuf+/src/google/protobuf/compiler/_virtual_includes/code_generator_lite/google/protobuf/compiler/code_generator_lite.h:18,
2026-10-07T04:29:10.4292327Z                  from bazel-out/k8-opt-exec-ST-d57f47055a04/bin/external/protobuf+/src/google/protobuf/compiler/_virtual_includes/code_generator/google/protobuf/compiler/code_generator.h:25,
2026-10-07T04:29:10.4293918Z                  from bazel-out/k8-opt-exec-ST-d57f47055a04/bin/external/protobuf+/src/google/protobuf/compiler/cpp/_virtual_includes/names_internal/google/protobuf/compiler/cpp/helpers.h:29:
2026-10-07T04:29:10.4294852Z bazel-out/k8-opt-exec-ST-d57f47055a04/bin/external/protobuf+/src/google/protobuf/_virtual_includes/protobuf/google/protobuf/descriptor.pb.h:18861:13: note: declared here
2026-10-07T04:29:10.4295422Z 18861 | inline bool FieldOptions::weak() const {
2026-10-07T04:29:10.4295830Z       |             ^~~~~~~~~~~~
2026-10-07T04:29:10.4296735Z external/protobuf+/src/google/protobuf/compiler/cpp/message.cc: In function 'void google::protobuf::compiler::cpp::{anonymous}::PrintPresenceCheck(const google::protobuf::FieldDescriptor*, const std::vector<int>&, google::protobuf::io::Printer*, int*, const google::protobuf::compiler::cpp::Options&)':
2026-10-07T04:29:10.4297921Z external/protobuf+/src/google/protobuf/compiler/cpp/message.cc:176:29: warning: 'bool google::protobuf::FieldOptions::weak() const' is deprecated [-Wdeprecated-declarations]
2026-10-07T04:29:10.4298645Z   176 |   if (!field->options().weak()) {
2026-10-07T04:29:10.4298907Z       |        ~~~~~~~~~~~~~~~~~~~~~^~
2026-10-07T04:29:10.4299484Z bazel-out/k8-opt-exec-ST-d57f47055a04/bin/external/protobuf+/src/google/protobuf/_virtual_includes/protobuf/google/protobuf/descriptor.pb.h:18861:13: note: declared here
2026-10-07T04:29:10.4300191Z 18861 | inline bool FieldOptions::weak() const {
2026-10-07T04:29:10.4300452Z       |             ^~~~~~~~~~~~
2026-10-07T04:29:10.4301109Z external/protobuf+/src/google/protobuf/compiler/cpp/message.cc: In member function 'void google::protobuf::compiler::cpp::MessageGenerator::GenerateFieldAccessorDeclarations(google::protobuf::io::Printer*)':
2026-10-07T04:29:10.4302084Z external/protobuf+/src/google/protobuf/compiler/cpp/message.cc:775:66: warning: 'bool google::protobuf::FieldOptions::weak() const' is deprecated [-Wdeprecated-declarations]
2026-10-07T04:29:10.4303073Z   775 |     if (!field->real_containing_oneof() && !field->options().weak()) {
2026-10-07T04:29:10.4303730Z       |                                             ~~~~~~~~~~~~~~~~~~~~~^~
2026-10-07T04:29:10.4304726Z bazel-out/k8-opt-exec-ST-d57f47055a04/bin/external/protobuf+/src/google/protobuf/_virtual_includes/protobuf/google/protobuf/descriptor.pb.h:18861:13: note: declared here
2026-10-07T04:29:10.4305710Z 18861 | inline bool FieldOptions::weak() const {
2026-10-07T04:29:10.4306118Z       |             ^~~~~~~~~~~~
2026-10-07T04:29:10.4307385Z external/protobuf+/src/google/protobuf/compiler/cpp/message.cc: In member function 'void google::protobuf::compiler::cpp::MessageGenerator::GenerateSingularFieldHasBits(const google::protobuf::FieldDescriptor*, google::protobuf::io::Printer*)':
2026-10-07T04:29:10.4308879Z external/protobuf+/src/google/protobuf/compiler/cpp/message.cc:1140:28: warning: 'bool google::protobuf::FieldOptions::weak() const' is deprecated [-Wdeprecated-declarations]
2026-10-07T04:29:10.4309446Z  1140 |   if (field->options().weak()) {
2026-10-07T04:29:10.4309697Z       |       ~~~~~~~~~~~~~~~~~~~~~^~
2026-10-07T04:29:10.4310369Z bazel-out/k8-opt-exec-ST-d57f47055a04/bin/external/protobuf+/src/google/protobuf/_virtual_includes/protobuf/google/protobuf/descriptor.pb.h:18861:13: note: declared here
2026-10-07T04:29:10.4310949Z 18861 | inline bool FieldOptions::weak() const {
2026-10-07T04:29:10.4311207Z       |             ^~~~~~~~~~~~
2026-10-07T04:29:10.4312453Z external/protobuf+/src/google/protobuf/compiler/cpp/message.cc: In member function 'void google::protobuf::compiler::cpp::MessageGenerator::MaybeEmitUpdateCachedHasbits(const google::protobuf::FieldDescriptor*, google::protobuf::io::Printer*, int&) const':
2026-10-07T04:29:10.4313780Z external/protobuf+/src/google/protobuf/compiler/cpp/message.cc:1396:59: warning: 'bool google::protobuf::FieldOptions::weak() const' is deprecated [-Wdeprecated-declarations]
2026-10-07T04:29:10.4314422Z  1396 |   if (!HasHasbit(field, options_) || field->options().weak()) return;
2026-10-07T04:29:10.4314804Z       |                                      ~~~~~~~~~~~~~~~~~~~~~^~
2026-10-07T04:29:10.4315407Z bazel-out/k8-opt-exec-ST-d57f47055a04/bin/external/protobuf+/src/google/protobuf/_virtual_includes/protobuf/google/protobuf/descriptor.pb.h:18861:13: note: declared here
2026-10-07T04:29:10.4315985Z 18861 | inline bool FieldOptions::weak() const {
2026-10-07T04:29:10.4316244Z       |             ^~~~~~~~~~~~
2026-10-07T04:29:10.4316559Z external/protobuf+/src/google/protobuf/compiler/cpp/message.cc: In lambda function:
2026-10-07T04:29:10.4317231Z external/protobuf+/src/google/protobuf/compiler/cpp/message.cc:2184:64: warning: 'bool google::protobuf::FieldOptions::weak() const' is deprecated [-Wdeprecated-declarations]
2026-10-07T04:29:10.4317839Z  2184 |             if (!field->is_repeated() && !field->options().weak() &&
2026-10-07T04:29:10.4318388Z       |                                           ~~~~~~~~~~~~~~~~~~~~~^~
2026-10-07T04:29:10.4319011Z bazel-out/k8-opt-exec-ST-d57f47055a04/bin/external/protobuf+/src/google/protobuf/_virtual_includes/protobuf/google/protobuf/descriptor.pb.h:18861:13: note: declared here
2026-10-07T04:29:10.4319574Z 18861 | inline bool FieldOptions::weak() const {
2026-10-07T04:29:10.4319826Z       |             ^~~~~~~~~~~~
2026-10-07T04:29:10.4320444Z external/protobuf+/src/google/protobuf/compiler/cpp/message.cc: In member function 'size_t google::protobuf::compiler::cpp::MessageGenerator::GenerateOffsets(google::protobuf::io::Printer*)':
2026-10-07T04:29:10.4321357Z external/protobuf+/src/google/protobuf/compiler/cpp/message.cc:2717:30: warning: 'bool google::protobuf::FieldOptions::weak() const' is deprecated [-Wdeprecated-declarations]
2026-10-07T04:29:10.4321907Z  2717 |     if (field->options().weak()) {
2026-10-07T04:29:10.4322166Z       |         ~~~~~~~~~~~~~~~~~~~~~^~
2026-10-07T04:29:10.4322713Z bazel-out/k8-opt-exec-ST-d57f47055a04/bin/external/protobuf+/src/google/protobuf/_virtual_includes/protobuf/google/protobuf/descriptor.pb.h:18861:13: note: declared here
2026-10-07T04:29:10.4323268Z 18861 | inline bool FieldOptions::weak() const {
2026-10-07T04:29:10.4323520Z       |             ^~~~~~~~~~~~
2026-10-07T04:29:10.4323821Z external/protobuf+/src/google/protobuf/compiler/cpp/message.cc: In lambda function:
2026-10-07T04:29:10.4324474Z external/protobuf+/src/google/protobuf/compiler/cpp/message.cc:4372:39: warning: 'bool google::protobuf::FieldOptions::weak() const' is deprecated [-Wdeprecated-declarations]
2026-10-07T04:29:10.4325026Z  4372 |       } else if (field->options().weak() ||
2026-10-07T04:29:10.4325297Z       |                  ~~~~~~~~~~~~~~~~~~~~~^~
2026-10-07T04:29:10.4325854Z bazel-out/k8-opt-exec-ST-d57f47055a04/bin/external/protobuf+/src/google/protobuf/_virtual_includes/protobuf/google/protobuf/descriptor.pb.h:18861:13: note: declared here
2026-10-07T04:29:10.4326573Z 18861 | inline bool FieldOptions::weak() const {
2026-10-07T04:29:10.4326957Z       |             ^~~~~~~~~~~~
2026-10-07T04:29:10.4327815Z external/protobuf+/src/google/protobuf/compiler/cpp/message.cc: In member function 'void google::protobuf::compiler::cpp::MessageGenerator::GenerateSerializeOneField(google::protobuf::io::Printer*, const google::protobuf::FieldDescriptor*, int)':
2026-10-07T04:29:10.4329200Z external/protobuf+/src/google/protobuf/compiler/cpp/message.cc:4722:28: warning: 'bool google::protobuf::FieldOptions::weak() const' is deprecated [-Wdeprecated-declarations]
2026-10-07T04:29:10.4329755Z  4722 |   if (field->options().weak()) {
2026-10-07T04:29:10.4330002Z       |       ~~~~~~~~~~~~~~~~~~~~~^~
2026-10-07T04:29:10.4330563Z bazel-out/k8-opt-exec-ST-d57f47055a04/bin/external/protobuf+/src/google/protobuf/_virtual_includes/protobuf/google/protobuf/descriptor.pb.h:18861:13: note: declared here
2026-10-07T04:29:10.4331135Z 18861 | inline bool FieldOptions::weak() const {
2026-10-07T04:29:10.4331391Z       |             ^~~~~~~~~~~~
2026-10-07T04:29:10.4331707Z external/protobuf+/src/google/protobuf/compiler/cpp/message.cc: In lambda function:
2026-10-07T04:29:10.4332388Z external/protobuf+/src/google/protobuf/compiler/cpp/message.cc:5029:43: warning: 'bool google::protobuf::FieldOptions::weak() const' is deprecated [-Wdeprecated-declarations]
2026-10-07T04:29:10.4332957Z  5029 |                  if (field->options().weak()) {
2026-10-07T04:29:10.4333248Z       |                      ~~~~~~~~~~~~~~~~~~~~~^~
2026-10-07T04:29:10.4333824Z bazel-out/k8-opt-exec-ST-d57f47055a04/bin/external/protobuf+/src/google/protobuf/_virtual_includes/protobuf/google/protobuf/descriptor.pb.h:18861:13: note: declared here
2026-10-07T04:29:10.4334387Z 18861 | inline bool FieldOptions::weak() const {
2026-10-07T04:29:10.4334639Z       |             ^~~~~~~~~~~~
2026-10-07T04:29:10.4335392Z external/protobuf+/src/google/protobuf/compiler/cpp/message.cc: In member function 'void google::protobuf::compiler::cpp::MessageGenerator::EmitCheckAndSerializeField(const google::protobuf::FieldDescriptor*, google::protobuf::io::Printer*) const':
2026-10-07T04:29:10.4336469Z external/protobuf+/src/google/protobuf/compiler/cpp/message.cc:5572:28: warning: 'bool google::protobuf::FieldOptions::weak() const' is deprecated [-Wdeprecated-declarations]
2026-10-07T04:29:10.4337010Z  5572 |   if (field->options().weak()) {
2026-10-07T04:29:10.4337255Z       |       ~~~~~~~~~~~~~~~~~~~~~^~
2026-10-07T04:29:10.4337797Z bazel-out/k8-opt-exec-ST-d57f47055a04/bin/external/protobuf+/src/google/protobuf/_virtual_includes/protobuf/google/protobuf/descriptor.pb.h:18861:13: note: declared here
2026-10-07T04:29:10.4338566Z 18861 | inline bool FieldOptions::weak() const {
2026-10-07T04:29:10.4338828Z       |             ^~~~~~~~~~~~
2026-10-07T04:29:10.4339680Z external/protobuf+/src/google/protobuf/compiler/cpp/message.cc: In instantiation of 'void google::protobuf::compiler::cpp::MessageGenerator::EmitCheckAndUpdateByteSizeForField(const google::protobuf::FieldDescriptor*, google::protobuf::io::Printer*) const [with bool kIsV2 = false]':
2026-10-07T04:29:10.4340649Z external/protobuf+/src/google/protobuf/compiler/cpp/message.cc:1418:62:   required from here
2026-10-07T04:29:10.4341341Z external/protobuf+/src/google/protobuf/compiler/cpp/message.cc:1363:28: warning: 'bool google::protobuf::FieldOptions::weak() const' is deprecated [-Wdeprecated-declarations]
2026-10-07T04:29:10.4341883Z  1363 |   if (field->options().weak()) {
2026-10-07T04:29:10.4342127Z       |       ~~~~~~~~~~~~~~~~~~~~~^~
2026-10-07T04:29:10.4342675Z bazel-out/k8-opt-exec-ST-d57f47055a04/bin/external/protobuf+/src/google/protobuf/_virtual_includes/protobuf/google/protobuf/descriptor.pb.h:18861:13: note: declared here
2026-10-07T04:29:10.4343229Z 18861 | inline bool FieldOptions::weak() const {
2026-10-07T04:29:10.4343482Z       |             ^~~~~~~~~~~~
2026-10-07T04:29:10.4344144Z external/protobuf+/src/google/protobuf/compiler/cpp/message.cc:1363:28: warning: 'bool google::protobuf::FieldOptions::weak() const' is deprecated [-Wdeprecated-declarations]
2026-10-07T04:29:10.4344679Z  1363 |   if (field->options().weak()) {
2026-10-07T04:29:10.4344919Z       |       ~~~~~~~~~~~~~~~~~~~~~^~
2026-10-07T04:29:10.4345548Z bazel-out/k8-opt-exec-ST-d57f47055a04/bin/external/protobuf+/src/google/protobuf/_virtual_includes/protobuf/google/protobuf/descriptor.pb.h:18861:13: note: declared here
2026-10-07T04:29:10.4346128Z 18861 | inline bool FieldOptions::weak() const {
2026-10-07T04:29:10.4346383Z       |             ^~~~~~~~~~~~
2026-10-07T04:29:10.4346740Z [875 / 939] [Prepa] Linking external/protobuf+/src/google/protobuf/compiler/cpp/libcpp.a [for tool]
2026-10-07T04:29:11.5049808Z [884 / 939] Compiling external/protobuf+/src/google/protobuf/_virtual_imports/source_context_proto/google/protobuf/source_context.pb.cc; 0s processwrapper-sandbox ... (4 actions, 3 running)
2026-10-07T04:29:12.7989193Z [884 / 939] Compiling external/protobuf+/src/google/protobuf/_virtual_imports/source_context_proto/google/protobuf/source_context.pb.cc; 1s processwrapper-sandbox ... (4 actions running)
2026-10-07T04:29:13.8029742Z [896 / 939] Compiling pkg/sentry/seccheck/points/common.pb.cc; 2s processwrapper-sandbox ... (4 actions running)
2026-10-07T04:29:15.1051837Z [898 / 939] Compiling external/protobuf+/src/google/protobuf/_virtual_imports/type_proto/google/protobuf/type.pb.cc; 1s processwrapper-sandbox ... (4 actions, 3 running)
2026-10-07T04:29:16.8019798Z [906 / 939] Compiling external/protobuf+/src/google/protobuf/_virtual_imports/field_mask_proto/google/protobuf/field_mask.pb.cc; 1s processwrapper-sandbox ... (4 actions running)
2026-10-07T04:29:17.8198894Z [910 / 939] Compiling src/google/protobuf/util/type_resolver_util.cc; 1s processwrapper-sandbox ... (4 actions, 3 running)
2026-10-07T04:29:18.9296458Z [913 / 939] Compiling pkg/sentry/seccheck/points/sentry.pb.cc; 2s processwrapper-sandbox ... (4 actions, 3 running)
2026-10-07T04:29:20.3602793Z INFO: From Compiling external/protobuf+/src/google/protobuf/_virtual_imports/struct_proto/google/protobuf/struct.pb.cc:
2026-10-07T04:29:20.3643818Z In file included from bazel-out/k8-opt/bin/external/protobuf+/src/google/protobuf/_virtual_includes/struct_proto/google/protobuf/struct.pb.h:34,
2026-10-07T04:29:20.3670049Z                  from bazel-out/k8-opt/bin/external/protobuf+/src/google/protobuf/_virtual_imports/struct_proto/google/protobuf/struct.pb.cc:6:
2026-10-07T04:29:20.3699883Z bazel-out/k8-opt/bin/external/protobuf+/src/google/protobuf/_virtual_includes/protobuf/google/protobuf/map_field.h: In constructor 'google::protobuf::internal::MapFieldBase::ReflectionPayload::ReflectionPayload(google::protobuf::Arena*, const google::protobuf::Message*)':
2026-10-07T04:29:20.3730194Z bazel-out/k8-opt/bin/external/protobuf+/src/google/protobuf/_virtual_includes/protobuf/google/protobuf/map_field.h:416:11: warning: 'google::protobuf::RepeatedPtrField<T>::RepeatedPtrField(google::protobuf::Arena*) [with Element = google::protobuf::Message]' is deprecated: Use Arena::Create<RepeatedPtrField<...>>(Arena*) instead [-Wdeprecated-declarations]
2026-10-07T04:29:20.3732011Z   416 |         : repeated_field_(arena), prototype_(prototype) {}
2026-10-07T04:29:20.3732333Z       |           ^~~~~~~~~~~~~~~~~~~~~~
2026-10-07T04:29:20.3732884Z In file included from bazel-out/k8-opt/bin/external/protobuf+/src/google/protobuf/_virtual_includes/protobuf_lite/google/protobuf/repeated_field.h:46,
2026-10-07T04:29:20.3734010Z                  from bazel-out/k8-opt/bin/external/protobuf+/src/google/protobuf/_virtual_includes/protobuf_lite/google/protobuf/parse_context.h:39,
2026-10-07T04:29:20.3735186Z                  from bazel-out/k8-opt/bin/external/protobuf+/src/google/protobuf/_virtual_includes/protobuf_lite/google/protobuf/generated_message_tctable_decl.h:25,
2026-10-07T04:29:20.3736287Z                  from bazel-out/k8-opt/bin/external/protobuf+/src/google/protobuf/_virtual_includes/struct_proto/google/protobuf/struct.pb.h:23:
2026-10-07T04:29:20.3737301Z bazel-out/k8-opt/bin/external/protobuf+/src/google/protobuf/_virtual_includes/protobuf_lite/google/protobuf/repeated_ptr_field.h:1380:8: note: declared here
2026-10-07T04:29:20.3737919Z  1380 | inline RepeatedPtrField<Element>::RepeatedPtrField(Arena* arena)
2026-10-07T04:29:20.3738495Z       |        ^~~~~~~~~~~~~~~~~~~~~~~~~
2026-10-07T04:29:20.3739407Z [916 / 939] Compiling src/google/protobuf/util/field_mask_util.cc; 3s processwrapper-sandbox ... (4 actions, 3 running)
2026-10-07T04:29:21.8008820Z [923 / 939] Compiling src/google/protobuf/json/internal/untyped_message.cc; 2s processwrapper-sandbox ... (4 actions running)
2026-10-07T04:29:22.8015459Z [925 / 939] Compiling src/google/protobuf/json/internal/untyped_message.cc; 3s processwrapper-sandbox ... (4 actions running)
2026-10-07T04:29:23.8029503Z [927 / 939] Compiling src/google/protobuf/json/internal/untyped_message.cc; 4s processwrapper-sandbox ... (4 actions running)
2026-10-07T04:29:24.8039730Z [929 / 939] Compiling pkg/sentry/seccheck/points/syscall.pb.cc; 5s processwrapper-sandbox ... (4 actions running)
2026-10-07T04:29:25.8074182Z [931 / 939] Compiling src/google/protobuf/json/internal/parser.cc; 3s processwrapper-sandbox ... (4 actions running)
2026-10-07T04:29:26.8089662Z [933 / 939] Compiling src/google/protobuf/json/internal/parser.cc; 4s processwrapper-sandbox ... (3 actions running)
2026-10-07T04:29:28.3344646Z [934 / 939] Compiling src/google/protobuf/json/internal/parser.cc; 5s processwrapper-sandbox ... (3 actions, 2 running)
2026-10-07T04:29:29.8088307Z [937 / 939] Compiling tools/haa_gvisor_observer/observer.cc; 4s processwrapper-sandbox
2026-10-07T04:29:33.1806863Z INFO: From Compiling tools/haa_gvisor_observer/observer.cc:
2026-10-07T04:29:33.1808637Z tools/haa_gvisor_observer/observer.cc:4614:6: warning: 'bool {anonymous}::Handle(const Header&, const char*, size_t, int, std::string*, const char*, ProcessState*, NormalizedCounts*, TopologyState*, const char**, FaultSite*)' defined but not used [-Wunused-function]
2026-10-07T04:29:33.1810759Z  4614 | bool Handle(const Header& header, const char* payload, size_t payload_size, int output, std::string* container_id,
2026-10-07T04:29:33.1811652Z       |      ^~~~~~
2026-10-07T04:29:33.1813056Z tools/haa_gvisor_observer/observer.cc:3868:6: warning: 'bool {anonymous}::ParseSentryProcessAndClassify(const char*, size_t, int, std::string*, const char*, ProcessState*, const char**)' defined but not used [-Wunused-function]
2026-10-07T04:29:33.1814785Z  3868 | bool ParseSentryProcessAndClassify(const char* payload, size_t payload_size, int output, std::string* container_id,
2026-10-07T04:29:33.1815658Z       |      ^~~~~~~~~~~~~~~~~~~~~~~~~~~~~
2026-10-07T04:29:33.1816505Z tools/haa_gvisor_observer/observer.cc:262:13: warning: 'const char* {anonymous}::CommandPhaseName(CommandPhase)' defined but not used [-Wunused-function]
2026-10-07T04:29:33.1817104Z   262 | const char* CommandPhaseName(CommandPhase phase) {
2026-10-07T04:29:33.1817426Z       |             ^~~~~~~~~~~~~~~~
2026-10-07T04:29:33.1822747Z [938 / 939] [Prepa] Linking tools/haa_gvisor_observer/haa_gvisor_observer
2026-10-07T04:29:33.2804853Z INFO: Found 1 target...
2026-10-07T04:29:33.2899155Z Target //tools/haa_gvisor_observer:haa_gvisor_observer up-to-date:
2026-10-07T04:29:33.2900039Z   bazel-bin/tools/haa_gvisor_observer/haa_gvisor_observer
2026-10-07T04:29:33.3307976Z INFO: Elapsed time: 204.190s, Critical Path: 30.67s
2026-10-07T04:29:33.3309608Z INFO: 939 processes: 291 internal, 648 processwrapper-sandbox.
2026-10-07T04:29:33.3310316Z INFO: Build completed successfully, 939 total actions
2026-10-07T04:29:33.5090393Z Computing main repo mapping: 
2026-10-07T04:29:33.6924954Z WARNING: For repository 'bazel_skylib', the root module requires module version bazel_skylib@1.7.1, but got bazel_skylib@1.8.2 in the resolved dependency graph. Please update the version in your MODULE.bazel or set --check_direct_dependencies=off
2026-10-07T04:29:33.8167411Z Loading: 
2026-10-07T04:29:33.8175648Z Loading: 0 packages loaded
2026-10-07T04:29:33.9115560Z Analyzing: target //tools/haa_gvisor_observer:haa_gvisor_observer_latch_test (0 packages loaded, 0 targets configured)
2026-10-07T04:29:33.9137632Z Analyzing: target //tools/haa_gvisor_observer:haa_gvisor_observer_latch_test (0 packages loaded, 0 targets configured)
2026-10-07T04:29:33.9152497Z 
2026-10-07T04:29:34.3234078Z INFO: Analyzed target //tools/haa_gvisor_observer:haa_gvisor_observer_latch_test (38 packages loaded, 384 targets configured).
2026-10-07T04:29:35.5101945Z [938 / 940] Compiling tools/haa_gvisor_observer/observer_latch_test.cc; 1s processwrapper-sandbox
2026-10-07T04:29:45.9146062Z [938 / 940] Compiling tools/haa_gvisor_observer/observer_latch_test.cc; 11s processwrapper-sandbox
2026-10-07T04:29:49.2911922Z [939 / 940] [Prepa] Linking tools/haa_gvisor_observer/haa_gvisor_observer_latch_test
2026-10-07T04:29:49.3919359Z INFO: Found 1 target...
2026-10-07T04:29:49.3938414Z Target //tools/haa_gvisor_observer:haa_gvisor_observer_latch_test up-to-date:
2026-10-07T04:29:49.3939116Z   bazel-bin/tools/haa_gvisor_observer/haa_gvisor_observer_latch_test
2026-10-07T04:29:49.3992229Z INFO: Elapsed time: 15.999s, Critical Path: 15.00s
2026-10-07T04:29:49.3992758Z INFO: 6 processes: 4 internal, 2 processwrapper-sandbox.
2026-10-07T04:29:49.3994018Z INFO: Build completed successfully, 6 total actions
2026-10-07T04:29:49.4116948Z STARTING record_boundaries
2026-10-07T04:29:50.4301085Z profile=go-module-resolver bounded terminal={"container_id":"0202020202020202","kind":"stream-fault","reason":"EVENT_LIMIT","fault_site":"EVENT_LIMIT","fault_budget":{"charged":200000,"limit":200000,"close":199998,"fcntl":0,"raw":0,"other":2,"workspace":0}}
2026-10-07T04:29:51.8483143Z profile=go-module-build bounded terminal={"container_id":"0606060606060606","kind":"stream-fault","reason":"EVENT_LIMIT","fault_site":"EVENT_LIMIT","fault_budget":{"charged":250000,"limit":250000,"close":249998,"fcntl":0,"raw":0,"other":2,"workspace":0}}
2026-10-07T04:29:51.9121150Z profile=cargo-resolver bounded terminal={"container_id":"0808080808080808","kind":"stream-fault","reason":"EVENT_LIMIT","fault_site":"EVENT_LIMIT","fault_budget":{"charged":10000,"limit":10000,"close":9998,"fcntl":0,"raw":0,"other":2,"workspace":0}}
2026-10-07T04:29:51.9918916Z profile=npm-lifecycle bounded terminal={"container_id":"0404040404040404","kind":"stream-fault","reason":"EVENT_LIMIT","fault_site":"EVENT_LIMIT","fault_budget":{"charged":10000,"limit":10000,"close":9998,"fcntl":0,"raw":0,"other":2,"workspace":0}}
2026-10-07T04:29:51.9919737Z STARTING accessors
2026-10-07T04:29:52.0523974Z STARTING network
2026-10-07T04:29:52.9556480Z STARTING malformed_socket
2026-10-07T04:29:52.9559590Z STARTING malformed_connect
2026-10-07T04:29:52.9568762Z STARTING unknown_fd
2026-10-07T04:29:52.9570368Z STARTING process
2026-10-07T04:29:53.1585146Z STARTING correlation
2026-10-07T04:29:53.3098925Z STARTING cloexec
2026-10-07T04:29:53.4105322Z STARTING delayed
2026-10-07T04:29:53.5613225Z STARTING concurrent_python_streams
2026-10-07T04:29:53.5615281Z STARTING roles
2026-10-07T04:29:53.6626378Z STARTING oci_bootstrap
2026-10-07T04:29:53.6656391Z STARTING demotion
2026-10-07T04:29:53.6665666Z STARTING mismatch
2026-10-07T04:29:53.6667543Z STARTING dropped
2026-10-07T04:29:53.6669190Z STARTING topology_fail_closed
2026-10-07T04:29:53.6686717Z STARTING filesystem
2026-10-07T04:29:54.2873330Z STARTING npm_node
2026-10-07T04:29:54.2873683Z STARTING open_result_negative
2026-10-07T04:29:54.2922871Z STARTING open_result_positive
2026-10-07T04:29:54.6939521Z STARTING no_basename_trust
2026-10-07T04:29:54.7446224Z STARTING unexpected_exec_diagnostic
2026-10-07T04:29:54.7455208Z STARTING resolver_npm_version_node
2026-10-07T04:29:54.7455540Z STARTING resolver_npm_version_production_path
2026-10-07T04:29:54.7460230Z STARTING resolver_lock_generation_production_path
2026-10-07T04:29:54.7465374Z STARTING process_group_lifecycle
2026-10-07T04:29:54.7467402Z STARTING direct_exec_admission
2026-10-07T04:29:54.7477475Z STARTING direct_exec_admission_bound
2026-10-07T04:29:54.7520612Z STARTING session_aware_control
2026-10-07T04:29:54.7531706Z STARTING control_peer_hup_live_admission
2026-10-07T04:29:54.7534384Z STARTING pre_attribution_disconnect
2026-10-07T04:29:54.7535104Z haa_gvisor_observer_latch_test: accepted remote stream ended before attribution
2026-10-07T04:29:54.7541091Z observer latch PASS: readiness
2026-10-07T04:29:54.7541684Z observer latch PASS: pod-init profile
2026-10-07T04:29:54.7542028Z observer latch PASS: profile record limits
2026-10-07T04:29:54.7542407Z observer latch PASS: finite profile record boundary
2026-10-07T04:29:54.7542851Z observer latch PASS: normalized accessors
2026-10-07T04:29:54.7543242Z observer latch PASS: socket family classification
2026-10-07T04:29:54.7543644Z observer latch PASS: unknown socket family
2026-10-07T04:29:54.7544054Z observer latch PASS: malformed socket address
2026-10-07T04:29:54.7544458Z observer latch PASS: unknown FD state
2026-10-07T04:29:54.7544827Z observer latch PASS: process trust boundary
2026-10-07T04:29:54.7545290Z observer latch PASS: exec correlation boundary
2026-10-07T04:29:54.7545698Z observer latch PASS: CLOEXEC/re-exec boundary
2026-10-07T04:29:54.7546109Z observer latch PASS: delayed profile registration
2026-10-07T04:29:54.7546527Z observer latch PASS: concurrent Python streams
2026-10-07T04:29:54.7546921Z observer latch PASS: role handoff/provenance
2026-10-07T04:29:54.7547240Z observer latch PASS: OCI bootstrap demotion
2026-10-07T04:29:54.7547490Z observer latch PASS: setpriv demotion boundary
2026-10-07T04:29:54.7547729Z observer latch PASS: container mismatch
2026-10-07T04:29:54.7547958Z observer latch PASS: dropped events
2026-10-07T04:29:54.7548356Z observer latch PASS: topology fail-closed
2026-10-07T04:29:54.7548766Z observer latch PASS: registered nested mount boundary
2026-10-07T04:29:54.7549159Z observer latch PASS: filesystem normalization
2026-10-07T04:29:54.7549573Z observer latch PASS: Cargo resolver runtime read boundary
2026-10-07T04:29:54.7549994Z observer latch PASS: Cargo resolver self maps boundary
2026-10-07T04:29:54.7550298Z observer latch PASS: Cargo configuration read boundary
2026-10-07T04:29:54.7550592Z observer latch PASS: Cargo TAR configuration read boundary
2026-10-07T04:29:54.7550878Z observer latch PASS: Cargo entropy read boundary
2026-10-07T04:29:54.7551168Z observer latch PASS: Cargo certificate bundle read boundary
2026-10-07T04:29:54.7551542Z observer latch PASS: Cargo null input read boundary
2026-10-07T04:29:54.7551826Z observer latch PASS: Cargo Rustc query boundary
2026-10-07T04:29:54.7552105Z observer latch PASS: Cargo Rustc metadata query boundary
2026-10-07T04:29:54.7552393Z observer latch PASS: Cargo Rustc VM metadata boundary
2026-10-07T04:29:54.7552662Z observer latch PASS: Cargo Rustc self maps boundary
2026-10-07T04:29:54.7552947Z observer latch PASS: Cargo Rustc self memory stats boundary
2026-10-07T04:29:54.7553229Z observer latch PASS: Cargo Rustc self cgroup boundary
2026-10-07T04:29:54.7553513Z observer latch PASS: Cargo Rustc self mountinfo boundary
2026-10-07T04:29:54.7553782Z observer latch PASS: Cargo Rustc CPU quota boundary
2026-10-07T04:29:54.7554084Z observer latch PASS: Cargo Rustc fixed sysroot directory boundary
2026-10-07T04:29:54.7554387Z observer latch PASS: Cargo DNS configuration boundary
2026-10-07T04:29:54.7554687Z observer latch PASS: Cargo resolver configuration file boundary
2026-10-07T04:29:54.7554981Z observer latch PASS: Cargo fixed UTC boundary
2026-10-07T04:29:54.7555261Z observer latch PASS: Cargo close-on-exec entropy boundary
2026-10-07T04:29:54.7555583Z observer latch PASS: SocketPair diagnostic preserves FD authority
2026-10-07T04:29:54.7555948Z observer latch PASS: Kernel SocketPair descriptor authority
2026-10-07T04:29:54.7556243Z observer latch PASS: Cargo Rustc Zlib ABI boundary
2026-10-07T04:29:54.7556505Z observer latch PASS: Cargo Rustc ABI boundary
2026-10-07T04:29:54.7556768Z observer latch PASS: Go resolver runtime read boundary
2026-10-07T04:29:54.7557220Z observer latch PASS: Go build configuration read boundary
2026-10-07T04:29:54.7557498Z observer latch PASS: Go build handoff read boundary
2026-10-07T04:29:54.7557766Z observer latch PASS: Cargo build handoff read boundary
2026-10-07T04:29:54.7558028Z observer latch PASS: Cargo build pinned target
2026-10-07T04:29:54.7558414Z observer latch PASS: Cargo build driver read
2026-10-07T04:29:54.7558755Z observer latch PASS: Cargo build rustc child
2026-10-07T04:29:54.7559005Z observer latch PASS: Cargo build native cc child
2026-10-07T04:29:54.7559262Z observer latch PASS: Cargo build collect2 child
2026-10-07T04:29:54.7559513Z observer latch PASS: Cargo build lld launcher
2026-10-07T04:29:54.7559750Z observer latch PASS: Cargo build rust lld
2026-10-07T04:29:54.7559984Z observer latch PASS: Cargo build link inputs
2026-10-07T04:29:54.7560215Z observer latch PASS: Cargo build link sdk
2026-10-07T04:29:54.7560443Z observer latch PASS: Cargo build Rust C ABI
2026-10-07T04:29:54.7560677Z observer latch PASS: Cargo build lld entropy
2026-10-07T04:29:54.7560914Z observer latch PASS: Cargo build program
2026-10-07T04:29:54.7561143Z observer latch PASS: Cargo build program ABI
2026-10-07T04:29:54.7561381Z observer latch PASS: Cargo build program maps
2026-10-07T04:29:54.7561642Z observer latch PASS: Cargo build program rustc query
2026-10-07T04:29:54.7561895Z observer latch PASS: Cargo build program null
2026-10-07T04:29:54.7562140Z observer latch PASS: Cargo build configuration
2026-10-07T04:29:54.7562413Z observer latch PASS: Terraform provider profile isolation
2026-10-07T04:29:54.7562705Z observer latch PASS: Go build runtime metadata boundary
2026-10-07T04:29:54.7563009Z observer latch PASS: Go build exact creator diagnostic boundary
2026-10-07T04:29:54.7563309Z observer latch PASS: Go build SDK tool child boundary
2026-10-07T04:29:54.7563582Z observer latch PASS: Go build cgo GCC creator boundary
2026-10-07T04:29:54.7563874Z observer latch PASS: Go build SDK linker GCC creator boundary
2026-10-07T04:29:54.7564200Z observer latch PASS: Go build SDK linker native ancestry boundary
2026-10-07T04:29:54.7564529Z observer latch PASS: Go build native linker resolver ABI boundary
2026-10-07T04:29:54.7564837Z observer latch PASS: Go build CC1 creator and loader boundary
2026-10-07T04:29:54.7565136Z observer latch PASS: Go build CC1 readonly header boundary
2026-10-07T04:29:54.7565462Z observer latch PASS: Go build assembler creator and loader boundary
2026-10-07T04:29:54.7565797Z observer latch PASS: Go build collect2 creator and loader boundary
2026-10-07T04:29:54.7566137Z observer latch PASS: Go build native linker creator and loader boundary
2026-10-07T04:29:54.7566477Z observer latch PASS: Go build native linker fixed plugin boundary
2026-10-07T04:29:54.7566798Z observer latch PASS: Go build native linker null device boundary
2026-10-07T04:29:54.7567137Z observer latch PASS: Go build native linker C runtime input boundary
2026-10-07T04:29:54.7567463Z observer latch PASS: Go build assembler null device boundary
2026-10-07T04:29:54.7567797Z observer latch PASS: Go build CC1 readonly SDK Cgo input boundary
2026-10-07T04:29:54.7568113Z observer latch PASS: exact npm CLI-to-Node
2026-10-07T04:29:54.7568501Z observer latch PASS: OPEN_RESULT negative matrix
2026-10-07T04:29:54.7568782Z observer latch PASS: OPEN_RESULT positive matrix
2026-10-07T04:29:54.7569030Z observer latch PASS: no-basename-trust
2026-10-07T04:29:54.7569305Z observer latch PASS: unexpected exec diagnostic retention
2026-10-07T04:29:54.7569616Z observer latch PASS: exact resolver npm-version-to-Node
2026-10-07T04:29:54.7569914Z observer latch PASS: resolver npm-version production path
2026-10-07T04:29:54.7570363Z observer latch PASS: resolver lock-generation production path
2026-10-07T04:29:54.7570870Z observer latch PASS: authoritative process-group lifecycle
2026-10-07T04:29:54.7571174Z observer latch PASS: direct-exec one-shot admission
2026-10-07T04:29:54.7571476Z observer latch PASS: direct-exec terminal admission protocol
2026-10-07T04:29:54.7571852Z observer latch PASS: direct-exec admission bound
2026-10-07T04:29:54.7572239Z observer latch PASS: session-aware control
2026-10-07T04:29:54.7572489Z observer latch PASS: exact control peer binding
2026-10-07T04:29:54.7572778Z observer latch PASS: control peer HUP clears live admission
2026-10-07T04:29:54.7573071Z observer latch PASS: unaccepted remote disconnect
2026-10-07T04:29:54.7573481Z observer latch PASS: accepted pre-attribution disconnect fail-stop
2026-10-07T04:29:55.3345701Z Building helox for gVisor integration
2026-10-07T04:29:56.3969136Z go: downloading github.com/pelletier/go-toml/v2 v2.4.3
2026-10-07T04:29:56.9389191Z go: downloading golang.org/x/mod v0.40.0
2026-10-07T04:29:57.0850022Z go: downloading github.com/hashicorp/hcl/v2 v2.24.0
2026-10-07T04:29:57.1663890Z go: downloading github.com/spf13/cobra v1.10.2
2026-10-07T04:29:57.1664664Z go: downloading github.com/zclconf/go-cty v1.16.3
2026-10-07T04:29:57.2231209Z go: downloading golang.org/x/sys v0.47.0
2026-10-07T04:29:57.5584849Z go: downloading github.com/ProtonMail/go-crypto v1.5.2
2026-10-07T04:29:58.2007910Z go: downloading github.com/agext/levenshtein v1.2.1
2026-10-07T04:29:58.2023085Z go: downloading github.com/apparentlymart/go-textseg/v15 v15.0.0
2026-10-07T04:29:58.2070559Z go: downloading github.com/mitchellh/go-wordwrap v1.0.1
2026-10-07T04:29:58.2321311Z go: downloading github.com/spf13/pflag v1.0.9
2026-10-07T04:29:58.3545849Z go: downloading golang.org/x/crypto v0.41.0
2026-10-07T04:29:58.4218264Z go: downloading github.com/cloudflare/circl v1.6.3
2026-10-07T04:29:59.3318045Z go: downloading golang.org/x/text v0.39.0
2026-10-07T04:30:18.4057128Z Building network-policy helper for gVisor integration
2026-10-07T04:30:18.6881672Z Installing network-policy helper and preparing its identity contract
2026-10-07T04:30:18.7279015Z helper launch: bash=/bin/bash version=5.2.21(1)-release owner=2287
2026-10-07T04:30:20.1782830Z helper ready: pid=148964 attempt=14
2026-10-07T04:30:20.1816780Z runsc version 7c6199801fd2-dirty
2026-10-07T04:30:20.1817131Z spec: 1.2.1
2026-10-07T04:30:20.1973143Z 29.8.1
2026-10-07T04:30:20.2419246Z {"path":"/usr/libexec/heliopause/gvisor/runsc","runtimeArgs":["--sidecar-usage-policy=STRICT","--pod-init-config=/etc/heliopause/pod-init.json"],"status":{"org.opencontainers.runtime-spec.features":"{\"ociVersionMin\":\"1.0.0\",\"ociVersionMax\":\"1.2.1\",\"hooks\":[\"prestart\",\"createRuntime\",\"createContainer\",\"startContainer\",\"poststart\",\"poststop\"],\"mountOptions\":[\"acl\",\"async\",\"atime\",\"bind\",\"defaults\",\"dev\",\"diratime\",\"dirsync\",\"exec\",\"iversion\",\"loud\",\"mand\",\"noacl\",\"noatime\",\"nodev\",\"nodiratime\",\"noexec\",\"noiversion\",\"nomand\",\"norelatime\",\"nostrictatime\",\"nosuid\",\"private\",\"rbind\",\"relatime\",\"remount\",\"ro\",\"rprivate\",\"rslave\",\"runbindable\",\"rw\",\"silent\",\"slave\",\"strictatime\",\"suid\",\"sync\",\"unbindable\"],\"linux\":{\"namespaces\":[\"cgroup\",\"ipc\",\"mount\",\"network\",\"pid\",\"user\",\"uts\"],\"capabilities\":[\"CAP_FOWNER\",\"CAP_SYS_PTRACE\",\"CAP_SYS_TIME\",\"CAP_SYS_TTY_CONFIG\",\"CAP_MKNOD\",\"CAP_AUDIT_WRITE\",\"CAP_FSETID\",\"CAP_SETPCAP\",\"CAP_SETFCAP\",\"CAP_BLOCK_SUSPEND\",\"CAP_KILL\",\"CAP_IPC_OWNER\",\"CAP_SYS_MODULE\",\"CAP_SYS_CHROOT\",\"CAP_SYS_PACCT\",\"CAP_SYSLOG\",\"CAP_BPF\",\"CAP_DAC_READ_SEARCH\",\"CAP_SETGID\",\"CAP_SETUID\",\"CAP_NET_BROADCAST\",\"CAP_SYS_RAWIO\",\"CAP_SYS_RESOURCE\",\"CAP_PERFMON\",\"CAP_LINUX_IMMUTABLE\",\"CAP_NET_ADMIN\",\"CAP_NET_RAW\",\"CAP_SYS_BOOT\",\"CAP_AUDIT_CONTROL\",\"CAP_MAC_OVERRIDE\",\"CAP_NET_BIND_SERVICE\",\"CAP_SYS_ADMIN\",\"CAP_MAC_ADMIN\",\"CAP_CHOWN\",\"CAP_DAC_OVERRIDE\",\"CAP_SYS_NICE\",\"CAP_WAKE_ALARM\",\"CAP_IPC_LOCK\",\"CAP_LEASE\",\"CAP_AUDIT_READ\",\"CAP_CHECKPOINT_RESTORE\"],\"cgroup\":{\"v1\":true,\"v2\":false,\"systemd\":false,\"systemdUser\":false,\"rdma\":false},\"seccomp\":{\"enabled\":true,\"actions\":[\"SCMP_ACT_KILL\",\"SCMP_ACT_TRAP\",\"SCMP_ACT_ERRNO\",\"SCMP_ACT_TRACE\",\"SCMP_ACT_ALLOW\"],\"operators\":[\"SCMP_CMP_EQ\",\"SCMP_CMP_NE\",\"SCMP_CMP_GT\",\"SCMP_CMP_GE\",\"SCMP_CMP_LT\",\"SCMP_CMP_LE\",\"SCMP_CMP_MASKED_EQ\"],\"archs\":[\"SCMP_ARCH_X86_64\",\"SCMP_ARCH_AARCH64\"],\"knownFlags\":[\"SECCOMP_FILTER_FLAG_TSYNC\"],\"supportedFlags\":[\"SECCOMP_FILTER_FLAG_TSYNC\"]},\"apparmor\":{\"enabled\":false},\"selinux\":{\"enabled\":false},\"intelRdt\":{\"enabled\":false},\"mountExtensions\":{\"idmap\":{\"enabled\":true}}},\"annotations\":{\"dev.gvisor.container-name-remap.\":\"\",\"dev.gvisor.flag.EXPERIMENTAL-xdp\":\"off\",\"dev.gvisor.flag.EXPERIMENTAL-xdp-need-wakeup\":\"true\",\"dev.gvisor.flag.TESTONLY-afs-syscall-panic\":\"false\",\"dev.gvisor.flag.TESTONLY-autosave-image-path\":\"\",\"dev.gvisor.flag.TESTONLY-autosave-resume\":\"false\",\"dev.gvisor.flag.TESTONLY-nftables\":\"false\",\"dev.gvisor.flag.TESTONLY-test-name-env\":\"\",\"dev.gvisor.flag.TESTONLY-unsafe-nonroot\":\"false\",\"dev.gvisor.flag.allow-connected-on-save\":\"false\",\"dev.gvisor.flag.allow-flag-override\":\"false\",\"dev.gvisor.flag.allow-live-tcp-migration\":\"true\",\"dev.gvisor.flag.allow-packet-socket-write\":\"false\",\"dev.gvisor.flag.allow-rootfs-tar-annotation\":\"false\",\"dev.gvisor.flag.allow-suid\":\"false\",\"dev.gvisor.flag.alsologtostderr\":\"false\",\"dev.gvisor.flag.app-huge-pages\":\"true\",\"dev.gvisor.flag.buffer-pooling\":\"true\",\"dev.gvisor.flag.cgroupfs\":\"false\",\"dev.gvisor.flag.character-device-policy\":\"emulated-only\",\"dev.gvisor.flag.control-rpc-stop-timeout\":\"15s\",\"dev.gvisor.flag.coverage-report\":\"\",\"dev.gvisor.flag.cpu-num-from-quota\":\"true\",\"dev.gvisor.flag.dcache\":\"-1\",\"dev.gvisor.flag.debug\":\"false\",\"dev.gvisor.flag.debug-command\":\"\",\"dev.gvisor.flag.debug-log\":\"\",\"dev.gvisor.flag.debug-log-format\":\"text\",\"dev.gvisor.flag.debug-to-user-log\":\"false\",\"dev.gvisor.flag.directfs\":\"true\",\"dev.gvisor.flag.enable-core-tags\":\"false\",\"dev.gvisor.flag.fdlimit\":\"-1\",\"dev.gvisor.flag.file-access\":\"exclusive\",\"dev.gvisor.flag.file-access-mounts\":\"shared\",\"dev.gvisor.flag.final-metrics-log\":\"\",\"dev.gvisor.flag.fsgofer-host-uds\":\"false\",\"dev.gvisor.flag.fuse\":\"true\",\"dev.gvisor.flag.gofer-network-namespace\":\"null\",\"dev.gvisor.flag.gso\":\"true\",\"dev.gvisor.flag.gvisor-gro\":\"false\",\"dev.gvisor.flag.gvisor-marker-file\":\"false\",\"dev.gvisor.flag.host-fifo\":\"none\",\"dev.gvisor.flag.host-settings\":\"check\",\"dev.gvisor.flag.host-uds\":\"none\",\"dev.gvisor.flag.ignore-cgroups\":\"false\",\"dev.gvisor.flag.in-sandbox-cgroup\":\"v1\",\"dev.gvisor.flag.iouring\":\"false\",\"dev.gvisor.flag.kvm-use-cpu-nums\":\"false\",\"dev.gvisor.flag.lisafs\":\"true\",\"dev.gvisor.flag.log\":\"\",\"dev.gvisor.flag.log-format\":\"text\",\"dev.gvisor.flag.log-packets\":\"false\",\"dev.gvisor.flag.metric-server\":\"\",\"dev.gvisor.flag.mount-cgroup-v2\":\"false\",\"dev.gvisor.flag.net-disconnect-ok\":\"true\",\"dev.gvisor.flag.net-raw\":\"false\",\"dev.gvisor.flag.network\":\"sandbox\",\"dev.gvisor.flag.network-processors-per-channel\":\"0\",\"dev.gvisor.flag.num-network-channels\":\"1\",\"dev.gvisor.flag.nvproxy\":\"false\",\"dev.gvisor.flag.nvproxy-allow-unsupported-driver\":\"false\",\"dev.gvisor.flag.nvproxy-allowed-driver-capabilities\":\"utility,compute\",\"dev.gvisor.flag.nvproxy-docker\":\"false\",\"dev.gvisor.flag.nvproxy-driver-version\":\"\",\"dev.gvisor.flag.oci-seccomp\":\"false\",\"dev.gvisor.flag.overlay\":\"false\",\"dev.gvisor.flag.overlay2\":\"root:self\",\"dev.gvisor.flag.override-procs\":\"\",\"dev.gvisor.flag.panic-log\":\"\",\"dev.gvisor.flag.panic-signal\":\"-1\",\"dev.gvisor.flag.pause-external-networking\":\"false\",\"dev.gvisor.flag.pcap-log\":\"\",\"dev.gvisor.flag.platform\":\"systrap\",\"dev.gvisor.flag.platform_device_path\":\"\",\"dev.gvisor.flag.pod-init-config\":\"\",\"dev.gvisor.flag.profile\":\"false\",\"dev.gvisor.flag.profile-block\":\"\",\"dev.gvisor.flag.profile-cpu\":\"\",\"dev.gvisor.flag.profile-gc-interval\":\"0s\",\"dev.gvisor.flag.profile-heap\":\"\",\"dev.gvisor.flag.profile-mutex\":\"\",\"dev.gvisor.flag.profiling-metrics\":\"\",\"dev.gvisor.flag.profiling-metrics-log\":\"\",\"dev.gvisor.flag.profiling-metrics-rate-us\":\"1000\",\"dev.gvisor.flag.qdisc\":\"fifo\",\"dev.gvisor.flag.qdisc-tbf-burst\":\"0\",\"dev.gvisor.flag.qdisc-tbf-rate\":\"0\",\"dev.gvisor.flag.rdmaproxy\":\"false\",\"dev.gvisor.flag.ref-leak-mode\":\"disabled\",\"dev.gvisor.flag.reproduce-nat\":\"false\",\"dev.gvisor.flag.reproduce-nftables\":\"false\",\"dev.gvisor.flag.restore-spec-validation\":\"enforce\",\"dev.gvisor.flag.root\":\"\",\"dev.gvisor.flag.rootless\":\"false\",\"dev.gvisor.flag.rx-checksum-offload\":\"true\",\"dev.gvisor.flag.save-restore-netstack\":\"true\",\"dev.gvisor.flag.shared-root\":\"\",\"dev.gvisor.flag.sidecar-release-enforcement-policy\":\"IF_RELEASE_BUILD\",\"dev.gvisor.flag.sidecar-usage-policy\":\"DEFAULT\",\"dev.gvisor.flag.software-gso\":\"true\",\"dev.gvisor.flag.strace\":\"false\",\"dev.gvisor.flag.strace-event\":\"false\",\"dev.gvisor.flag.strace-log-size\":\"1024\",\"dev.gvisor.flag.strace-syscalls\":\"\",\"dev.gvisor.flag.systemd-cgroup\":\"false\",\"dev.gvisor.flag.systrap-disable-fast-path\":\"false\",\"dev.gvisor.flag.systrap-disable-syscall-patching\":\"false\",\"dev.gvisor.flag.tpuproxy\":\"false\",\"dev.gvisor.flag.trace\":\"\",\"dev.gvisor.flag.traceback\":\"system\",\"dev.gvisor.flag.tx-checksum-offload\":\"false\",\"dev.gvisor.flag.vfs2\":\"true\",\"dev.gvisor.flag.watchdog-action\":\"log\",\"dev.gvisor.internal.cpufeatures\":\"\",\"dev.gvisor.internal.seccomp.\":\"\",\"dev.gvisor.internal.seccomp.cont\":\"RuntimeDefault\",\"dev.gvisor.internal.tpuproxy\":\"\",\"dev.gvisor.tar.rootfs.upper\":\"\"},\"potentiallyUnsafeConfigAnnotations\":[\"dev.gvisor.container-name-remap.\",\"dev.gvisor.flag.EXPERIMENTAL-xdp\",\"dev.gvisor.flag.EXPERIMENTAL-xdp-need-wakeup\",\"dev.gvisor.flag.TESTONLY-afs-syscall-panic\",\"dev.gvisor.flag.TESTONLY-autosave-image-path\",\"dev.gvisor.flag.TESTONLY-autosave-resume\",\"dev.gvisor.flag.TESTONLY-nftables\",\"dev.gvisor.flag.TESTONLY-test-name-env\",\"dev.gvisor.flag.TESTONLY-unsafe-nonroot\",\"dev.gvisor.flag.allow-flag-override\",\"dev.gvisor.flag.allow-live-tcp-migration\",\"dev.gvisor.flag.allow-packet-socket-write\",\"dev.gvisor.flag.allow-rootfs-tar-annotation\",\"dev.gvisor.flag.allow-suid\",\"dev.gvisor.flag.alsologtostderr\",\"dev.gvisor.flag.app-huge-pages\",\"dev.gvisor.flag.buffer-pooling\",\"dev.gvisor.flag.cgroupfs\",\"dev.gvisor.flag.character-device-policy\",\"dev.gvisor.flag.control-rpc-stop-timeout\",\"dev.gvisor.flag.coverage-report\",\"dev.gvisor.flag.cpu-num-from-quota\",\"dev.gvisor.flag.dcache\",\"dev.gvisor.flag.debug-log\",\"dev.gvisor.flag.debug-log-format\",\"dev.gvisor.flag.directfs\",\"dev.gvisor.flag.enable-core-tags\",\"dev.gvisor.flag.fdlimit\",\"dev.gvisor.flag.file-access\",\"dev.gvisor.flag.file-access-mounts\",\"dev.gvisor.flag.final-metrics-log\",\"dev.gvisor.flag.fsgofer-host-uds\",\"dev.gvisor.flag.fuse\",\"dev.gvisor.flag.gofer-network-namespace\",\"dev.gvisor.flag.gso\",\"dev.gvisor.flag.gvisor-gro\",\"dev.gvisor.flag.gvisor-marker-file\",\"dev.gvisor.flag.host-fifo\",\"dev.gvisor.flag.host-settings\",\"dev.gvisor.flag.ignore-cgroups\",\"dev.gvisor.flag.iouring\",\"dev.gvisor.flag.kvm-use-cpu-nums\",\"dev.gvisor.flag.lisafs\",\"dev.gvisor.flag.log\",\"dev.gvisor.flag.log-format\",\"dev.gvisor.flag.log-packets\",\"dev.gvisor.flag.metric-server\",\"dev.gvisor.flag.mount-cgroup-v2\",\"dev.gvisor.flag.net-raw\",\"dev.gvisor.flag.network\",\"dev.gvisor.flag.network-processors-per-channel\",\"dev.gvisor.flag.num-network-channels\",\"dev.gvisor.flag.nvproxy\",\"dev.gvisor.flag.nvproxy-allow-unsupported-driver\",\"dev.gvisor.flag.nvproxy-allowed-driver-capabilities\",\"dev.gvisor.flag.nvproxy-docker\",\"dev.gvisor.flag.nvproxy-driver-version\",\"dev.gvisor.flag.overlay\",\"dev.gvisor.flag.override-procs\",\"dev.gvisor.flag.panic-log\",\"dev.gvisor.flag.panic-signal\",\"dev.gvisor.flag.pcap-log\",\"dev.gvisor.flag.platform\",\"dev.gvisor.flag.platform_device_path\",\"dev.gvisor.flag.pod-init-config\",\"dev.gvisor.flag.profile\",\"dev.gvisor.flag.profile-block\",\"dev.gvisor.flag.profile-cpu\",\"dev.gvisor.flag.profile-gc-interval\",\"dev.gvisor.flag.profile-heap\",\"dev.gvisor.flag.profile-mutex\",\"dev.gvisor.flag.profiling-metrics\",\"dev.gvisor.flag.profiling-metrics-log\",\"dev.gvisor.flag.profiling-metrics-rate-us\",\"dev.gvisor.flag.rdmaproxy\",\"dev.gvisor.flag.ref-leak-mode\",\"dev.gvisor.flag.reproduce-nat\",\"dev.gvisor.flag.restore-spec-validation\",\"dev.gvisor.flag.root\",\"dev.gvisor.flag.rootless\",\"dev.gvisor.flag.rx-checksum-offload\",\"dev.gvisor.flag.save-restore-netstack\",\"dev.gvisor.flag.shared-root\",\"dev.gvisor.flag.sidecar-release-enforcement-policy\",\"dev.gvisor.flag.sidecar-usage-policy\",\"dev.gvisor.flag.software-gso\",\"dev.gvisor.flag.strace-event\",\"dev.gvisor.flag.systemd-cgroup\",\"dev.gvisor.flag.systrap-disable-fast-path\",\"dev.gvisor.flag.systrap-disable-syscall-patching\",\"dev.gvisor.flag.tpuproxy\",\"dev.gvisor.flag.trace\",\"dev.gvisor.flag.traceback\",\"dev.gvisor.flag.tx-checksum-offload\",\"dev.gvisor.flag.vfs2\",\"dev.gvisor.flag.watchdog-action\",\"dev.gvisor.internal.cpufeatures\",\"dev.gvisor.internal.seccomp.\",\"dev.gvisor.internal.tpuproxy\",\"dev.gvisor.tar.rootfs.upper\"]}"}}
2026-10-07T04:30:46.8788831Z fuzz: elapsed: 0s, gathering baseline coverage: 0/3 completed
2026-10-07T04:30:46.9013266Z fuzz: elapsed: 0s, gathering baseline coverage: 3/3 completed, now fuzzing with 4 workers
2026-10-07T04:30:49.1098955Z fuzz: elapsed: 2s, execs: 20441 (9161/sec), new interesting: 44 (total: 47)
2026-10-07T04:30:49.1099470Z PASS
2026-10-07T04:30:49.1110488Z ok  	github.com/rahoney/heliopause/internal/sandbox	2.237s
2026-10-07T04:31:00.8078892Z === RUN   TestLinuxTrustedHostExecutorIntegration
2026-10-07T04:31:03.9356121Z --- PASS: TestLinuxTrustedHostExecutorIntegration (3.13s)
2026-10-07T04:31:03.9357858Z PASS
2026-10-07T04:31:03.9360891Z ok  	github.com/rahoney/heliopause/internal/hosttool	3.131s
2026-10-07T04:31:13.0368438Z ok  	github.com/rahoney/heliopause/internal/sandbox	3.149s
2026-10-07T04:31:14.0300167Z ok  	github.com/rahoney/heliopause/internal/sandbox	0.537s
2026-10-07T04:31:17.4790909Z observer_attribution sequence=1 profile=npm-lifecycle counts=NETWORK/CONNECT/INET/CONTROL_GROUP/OTHER:14
2026-10-07T04:31:21.5453965Z {"schema_version":"helox.operation-result/v1","operation_id":"op_v2qmtxzwjcrynt4utgutqonweu","operation":"INSTALL","operation_status":"COMPLETED","artifact":{"reference":{"source_id":"npm","locator":"is-number@7.0.0"}},"checks":[{"id":"npm-declared-integrity","kind":"VERIFICATION","required":true,"capability":"SUPPORTED","execution_status":"COMPLETED"},{"id":"npm-static-archive","kind":"INSPECTION","required":true,"capability":"SUPPORTED","execution_status":"COMPLETED"},{"id":"npm-dynamic-lifecycle","kind":"INSPECTION","required":true,"capability":"SUPPORTED","execution_status":"COMPLETED"}],"evidence_references":[{"id":"npm-declared-integrity-result","handle":"evidence:run_rabo4ukdrj7eseuziavcm5gh2q:npm-declared-integrity-result"},{"id":"npm-static-archive-result","handle":"evidence:run_rabo4ukdrj7eseuziavcm5gh2q:npm-static-archive-result"},{"id":"npm-dynamic-lifecycle-result","handle":"evidence:run_rabo4ukdrj7eseuziavcm5gh2q:npm-dynamic-lifecycle-result"}],"dependency_policy_attribution":[{"node":"lock-cea938ada7edc7cbce5a1360495944a7","package":"is-number","version":"7.0.0","source":"npm","entry_policy_decision":"ALLOW","entry_policy_reasons":["M3_REQUIRED_CHECKS_COMPLETED"],"dynamic_finding_codes":null}],"policy":{"decision":"ALLOW","id":"m4-npm-install-promotion","version":1,"reasons":["M4_VERIFIED_SET_COMPLETED"]},"target":"/home/runner/work/_temp/npm-target","verified_set":{"manifest_id":"ea6ace37d35798a6dadafa741291661879b30388b7546c52e51791bc9b61674a","sbom_handle":"staging:ea6ace37d35798a6dadafa741291661879b30388b7546c52e51791bc9b61674a:sbom.cdx.json","staging_handle":"staging:ea6ace37d35798a6dadafa741291661879b30388b7546c52e51791bc9b61674a","entry_count":1},"promotion_status":"COMPLETED"}
2026-10-07T04:31:29.8397570Z observer_attribution sequence=1 profile=pypi-wheel counts=NETWORK/TRUSTED_CONTROL/CONNECT/INET/DIRECT_EXEC_SESSION/PYTHON:15
2026-10-07T04:31:38.7539591Z {"schema_version":"helox.operation-result/v1","operation_id":"op_tjxgy2r5h2ykbs6jdgwjg6lcba","operation":"INSTALL","operation_status":"COMPLETED","artifact":{"reference":{"source_id":"pypi","locator":"packaging@25.0"}},"checks":[{"id":"pypi-declared-sha256","kind":"VERIFICATION","required":true,"capability":"SUPPORTED","execution_status":"COMPLETED"},{"id":"pypi-static-archive","kind":"INSPECTION","required":true,"capability":"SUPPORTED","execution_status":"COMPLETED"},{"id":"pypi-dynamic-import","kind":"INSPECTION","required":true,"capability":"SUPPORTED","execution_status":"COMPLETED"}],"evidence_references":[{"id":"pypi-declared-sha256-result","handle":"evidence:run_bqxij5xa6oglqxymy2s7mknqb4:pypi-declared-sha256-result"},{"id":"pypi-static-archive-result","handle":"evidence:run_bqxij5xa6oglqxymy2s7mknqb4:pypi-static-archive-result"},{"id":"pypi-dynamic-import-result","handle":"evidence:run_bqxij5xa6oglqxymy2s7mknqb4:pypi-dynamic-import-result"}],"dependency_policy_attribution":[{"node":"pypi-a08217d00fbe041ba9f9f3cea594d590","package":"packaging","version":"25.0","source":"pypi","entry_policy_decision":"ALLOW","entry_policy_reasons":["M3_REQUIRED_CHECKS_COMPLETED"],"dynamic_finding_codes":null}],"policy":{"decision":"ALLOW","id":"m5-pypi-pip","version":1,"reasons":["M5_VERIFIED_SET_COMPLETED"]},"target":"/home/runner/work/_temp/pypi-target","verified_set":{"manifest_id":"19e8ed5795d5e2a7c1b0fdb85766e8db409a195c6c1d5189191b5d09c6b3b3f2","sbom_handle":"staging:19e8ed5795d5e2a7c1b0fdb85766e8db409a195c6c1d5189191b5d09c6b3b3f2:sbom.cdx.json","staging_handle":"staging:19e8ed5795d5e2a7c1b0fdb85766e8db409a195c6c1d5189191b5d09c6b3b3f2","entry_count":1},"promotion_status":"COMPLETED"}
2026-10-07T04:31:39.1429721Z === RUN   TestPublicTerraformProviderSourceIntegration
2026-10-07T04:31:39.1430399Z === RUN   TestPublicTerraformProviderSourceIntegration/hashicorp/random@3.7.2
2026-10-07T04:31:39.9930685Z     source_integration_linux_test.go:92: ZIP fully read; files=2; h1=h1:356j/3XnXEKr9nyicLUufzoF4Yr6hRy481KIxRVpK0c=; zh=zh:7b8434212eef0f8c83f5a90c6d76feaf850f6502b61b53c329e85b3b281cba34; executable=terraform-provider-random_v3.7.2_x5; executableSHA256=b2e1c417324b1100b67360e044d69636043320ffe024d0546f18b74ed99a7c39
2026-10-07T04:31:39.9959943Z     source_integration_linux_test.go:93: Exact public provider verified; archive=7b8434212eef0f8c83f5a90c6d76feaf850f6502b61b53c329e85b3b281cba34; envelope=7d85f5a5f93b439108a4ae28afba098908190b8b735c622024e3fab33dfb9b37; signer=C874011F0AB405110D02105534365D9472D7468F; trust=HASHICORP_OFFICIAL
2026-10-07T04:31:39.9961433Z     source_integration_linux_test.go:94: Qualification intake directory=/tmp/TestPublicTerraformProviderSourceIntegrationhashicorprandom@3.3324235250/001; Run=run_zbtffcld7tl73w3n4u5pkcsjx4
2026-10-07T04:31:39.9965922Z === RUN   TestPublicTerraformProviderSourceIntegration/integrations/github@6.6.0
2026-10-07T04:31:41.1231134Z     source_integration_linux_test.go:92: ZIP fully read; files=4; h1=h1:Fp0RrNe+w167AQkVUWC1WRAsyjhhHN7aHWUky7VkKW8=; zh=zh:772edb5890d72b32868f9fdc0a9a1d4f4701d8e7f8acb37a7ac530d053c776e3; executable=terraform-provider-github_v6.6.0; executableSHA256=eb5a89fb6f8ac65d81ed98398a89155b21b1b072ef032e7cad34ca10b477884f
2026-10-07T04:31:41.1270719Z     source_integration_linux_test.go:93: Exact public provider verified; archive=772edb5890d72b32868f9fdc0a9a1d4f4701d8e7f8acb37a7ac530d053c776e3; envelope=f14b541162418fe2125a290797ebd7504b1efef667698bff36aff2f458eb56e7; signer=F31928FACE52F1A13A6C60EA38027F80D7FD5FB2; trust=RECOGNIZED_PARTNER
2026-10-07T04:31:41.1273225Z     source_integration_linux_test.go:94: Qualification intake directory=/tmp/TestPublicTerraformProviderSourceIntegrationintegrationsgithub531140362/001; Run=run_3rpk2sxwxhksdfhjmdgmhpol3i
2026-10-07T04:31:41.1278402Z --- PASS: TestPublicTerraformProviderSourceIntegration (1.98s)
2026-10-07T04:31:41.1279166Z     --- PASS: TestPublicTerraformProviderSourceIntegration/hashicorp/random@3.7.2 (0.85s)
2026-10-07T04:31:41.1279791Z     --- PASS: TestPublicTerraformProviderSourceIntegration/integrations/github@6.6.0 (1.13s)
2026-10-07T04:31:41.1280419Z PASS
2026-10-07T04:31:41.1301577Z ok  	github.com/rahoney/heliopause/internal/verification/terraformprovider	1.990s
2026-10-07T04:31:41.7258098Z helper reaped: pid=148964 wait=0
2026-10-07T04:31:41.7396961Z helper launch: bash=/bin/bash version=5.2.21(1)-release owner=2287
2026-10-07T04:31:43.0873938Z helper ready: pid=161146 attempt=13
2026-10-07T04:31:43.0907317Z === RUN   TestLinuxPyTorchResolverIntegration
2026-10-07T04:32:09.3691461Z observer_attribution sequence=1 profile=pypi-wheel-pytorch-cpu counts=NETWORK/TRUSTED_CONTROL/CONNECT/INET/DIRECT_EXEC_SESSION/PYTHON:151
2026-10-07T04:32:09.5446355Z --- PASS: TestLinuxPyTorchResolverIntegration (26.45s)
2026-10-07T04:32:09.5446671Z PASS
2026-10-07T04:32:09.5487317Z === RUN   TestLinuxGoIsolatedResolverIntegration
2026-10-07T04:32:11.6935593Z observer_attribution sequence=1 profile=go-module-resolver counts=NETWORK/TRUSTED_CONTROL/CONNECT/INET/DIRECT_EXEC_SESSION/OTHER:2
2026-10-07T04:32:12.0832580Z     gomodule_isolated_integration_test.go:21: isolated_command=get github.com/spf13/pflag@v1.0.9 output_bytes=0 output_sha256=e3b0c44298fc1c149afbf4c8996fb92427ae41e4649b934ca495991b7852b855
2026-10-07T04:32:13.1621678Z observer_attribution sequence=2 profile=go-module-resolver counts=NETWORK/TRUSTED_CONTROL/CONNECT/INET/DIRECT_EXEC_SESSION/OTHER:1
2026-10-07T04:32:13.3034425Z     gomodule_isolated_integration_test.go:21: isolated_command=mod download -json all output_bytes=497 output_sha256=56f6013247270cb569000a7f0014ef97099984324d026108514217ef8f7c7d4c
2026-10-07T04:32:14.3118255Z observer_attribution sequence=3 profile=go-module-resolver counts=NETWORK/TRUSTED_CONTROL/CONNECT/INET/DIRECT_EXEC_SESSION/OTHER:1
2026-10-07T04:32:14.4531525Z     gomodule_isolated_integration_test.go:21: isolated_command=mod graph output_bytes=111 output_sha256=a34d60c5aea5368cbb0e91d403dfd8f88442cc3322e0087a47dc4cd618e991b0
2026-10-07T04:32:14.4538635Z --- PASS: TestLinuxGoIsolatedResolverIntegration (4.91s)
2026-10-07T04:32:14.4539241Z === RUN   TestLinuxGoIsolatedProjectResolverIntegration
2026-10-07T04:32:15.4608872Z observer_attribution sequence=1 profile=go-module-resolver counts=NETWORK/TRUSTED_CONTROL/CONNECT/INET/DIRECT_EXEC_SESSION/OTHER:1
2026-10-07T04:32:15.6288695Z     gomodule_isolated_integration_test.go:28: isolated_command=mod download -json all output_bytes=497 output_sha256=56f6013247270cb569000a7f0014ef97099984324d026108514217ef8f7c7d4c
2026-10-07T04:32:16.5507293Z observer_attribution sequence=2 profile=go-module-resolver counts=NETWORK/TRUSTED_CONTROL/CONNECT/INET/DIRECT_EXEC_SESSION/OTHER:1
2026-10-07T04:32:16.7119425Z     gomodule_isolated_integration_test.go:28: isolated_command=mod graph output_bytes=111 output_sha256=a34d60c5aea5368cbb0e91d403dfd8f88442cc3322e0087a47dc4cd618e991b0
2026-10-07T04:32:16.7126710Z --- PASS: TestLinuxGoIsolatedProjectResolverIntegration (2.26s)
2026-10-07T04:32:16.7127136Z === RUN   TestLinuxGoSourceProjectSnapshotIntegration
2026-10-07T04:32:17.6715093Z observer_attribution sequence=1 profile=go-module-resolver counts=NETWORK/TRUSTED_CONTROL/CONNECT/INET/DIRECT_EXEC_SESSION/OTHER:1
2026-10-07T04:32:19.4198764Z observer_attribution sequence=2 profile=go-module-resolver counts=NETWORK/TRUSTED_CONTROL/CONNECT/INET/DIRECT_EXEC_SESSION/OTHER:1
2026-10-07T04:32:19.5817766Z     gomodule_isolated_integration_test.go:37: actual_project_graph_sha256=2fd85f35b1032f4332f924e60f9846cac5bd5a4f1a49a36a135879eec72a4db5 modules=1
2026-10-07T04:32:19.5824419Z --- PASS: TestLinuxGoSourceProjectSnapshotIntegration (2.87s)
2026-10-07T04:32:19.5824908Z === RUN   TestLinuxGoDependencyFreeProjectSnapshotIntegration
2026-10-07T04:32:22.0763543Z     gomodule_isolated_integration_test.go:44: actual_project_graph_sha256=5fce8efcf6e6c7e4462e816a233133217f502d87491cac38214d03de2cf441a5 modules=0
2026-10-07T04:32:22.0769144Z --- PASS: TestLinuxGoDependencyFreeProjectSnapshotIntegration (2.49s)
2026-10-07T04:32:22.0769728Z PASS
2026-10-07T04:32:22.0808641Z === RUN   TestLinuxCargoSourceProjectSnapshotIntegration
2026-10-07T04:32:23.0903787Z observer_attribution sequence=1 profile=cargo-resolver counts=NETWORK/TRUSTED_CONTROL/CONNECT/INET/DIRECT_EXEC_SESSION/OTHER:10,NETWORK/TRUSTED_CONTROL/SENDTO/INET/DIRECT_EXEC_SESSION/OTHER:24
2026-10-07T04:32:23.2485200Z     cargo_isolated_integration_test.go:58: actual_cargo_graph_sha256=df04ccadce07ff0b9a2facd6a75f628a65a10bc82b4f51b521d53f0b34f99c45 crates=1
2026-10-07T04:32:23.2495629Z --- PASS: TestLinuxCargoSourceProjectSnapshotIntegration (1.17s)
2026-10-07T04:32:23.2496095Z PASS
2026-10-07T04:32:23.2536224Z === RUN   TestLinuxTerraformProviderProbeIntegration
2026-10-07T04:32:23.2536738Z === RUN   TestLinuxTerraformProviderProbeIntegration/hashicorp/random@3.7.2
2026-10-07T04:32:24.7150429Z     terraform_provider_integration_linux_test.go:89: Exact public provider help probe completed: reference=hashicorp/random@3.7.2 archive=7b8434212eef0f8c83f5a90c6d76feaf850f6502b61b53c329e85b3b281cba34 envelope=7d85f5a5f93b439108a4ae28afba098908190b8b735c622024e3fab33dfb9b37 {"schema":"m11-004","session":"sbx_skqub3mqghopjlgq6a7fqcxt7m","status":"COMPLETED","unique_subjects":4,"total":39,"counts":{"FILESYSTEM:filesystem-workspace-access":2,"PROCESS:lifecycle-completed":1,"PROCESS:process-exec-expected":35,"PROCESS:terraform-help-exit-0":1}}
2026-10-07T04:32:24.7158324Z === RUN   TestLinuxTerraformProviderProbeIntegration/integrations/github@6.6.0
2026-10-07T04:32:26.2533676Z     direct_exec_admission.go:99: discard command failed: docker ["exec" "--user" "0:0" "b289ff999862c655f08fed6faabf8bf77fe870784829aad016e702bafdb97840" "/haa-runtime/haa-boundary" "--origin-handoff-elf" "9d909b7fe898cf9cb7fa760a9008b04d87993e310987e9a3b9b48a5b4b73a075" "/work/artifact" "-help"]: exit status 1; bounded output="This binary is a plugin. These are not meant to be executed directly.\nPlease execute the program that consumes these plugins, which will\nload any plugins automatically\n"
2026-10-07T04:32:26.3167883Z     terraform_provider_integration_linux_test.go:89: Exact public provider help probe completed: reference=integrations/github@6.6.0 archive=772edb5890d72b32868f9fdc0a9a1d4f4701d8e7f8acb37a7ac530d053c776e3 envelope=f14b541162418fe2125a290797ebd7504b1efef667698bff36aff2f458eb56e7 {"schema":"m11-004","session":"sbx_rzzgnj36knxdisurnombkt5b7m","status":"COMPLETED","unique_subjects":4,"total":39,"counts":{"FILESYSTEM:filesystem-workspace-access":2,"PROCESS:lifecycle-completed":1,"PROCESS:process-exec-expected":35,"PROCESS:terraform-help-exit-1":1}}
2026-10-07T04:32:26.3175485Z --- PASS: TestLinuxTerraformProviderProbeIntegration (3.06s)
2026-10-07T04:32:26.3176141Z     --- PASS: TestLinuxTerraformProviderProbeIntegration/hashicorp/random@3.7.2 (1.46s)
2026-10-07T04:32:26.3176948Z     --- PASS: TestLinuxTerraformProviderProbeIntegration/integrations/github@6.6.0 (1.60s)
2026-10-07T04:32:26.3177610Z === RUN   TestLinuxTerraformProviderSecurityIntegration
2026-10-07T04:32:26.3178260Z === RUN   TestLinuxTerraformProviderSecurityIntegration/normal
2026-10-07T04:32:26.7661923Z     terraform_provider_security_integration_linux_test.go:203: actual_provider_boundary=normal {"schema":"m11-004","session":"sbx_qfky54ybjymz6jvg57echucz6i","status":"COMPLETED","unique_subjects":4,"total":38,"counts":{"FILESYSTEM:filesystem-workspace-access":1,"PROCESS:lifecycle-completed":1,"PROCESS:process-exec-expected":35,"PROCESS:terraform-help-exit-0":1}}
2026-10-07T04:32:26.7666990Z === RUN   TestLinuxTerraformProviderSecurityIntegration/network
2026-10-07T04:32:27.1968978Z observer_attribution sequence=1 profile=terraform-provider counts=NETWORK/CONNECT/INET/ARTIFACT_GROUP/OTHER:1
2026-10-07T04:32:27.2235575Z     terraform_provider_security_integration_linux_test.go:203: actual_provider_boundary=network {"schema":"m11-004","session":"sbx_eschv7reg5u5hbt3zvftkysotu","status":"COMPLETED","unique_subjects":5,"total":39,"counts":{"FILESYSTEM:filesystem-workspace-access":1,"NETWORK:network-attempt":1,"PROCESS:lifecycle-completed":1,"PROCESS:process-exec-expected":35,"PROCESS:terraform-help-exit-0":1}}
2026-10-07T04:32:27.2241261Z === RUN   TestLinuxTerraformProviderSecurityIntegration/filesystem
2026-10-07T04:32:27.8242423Z     terraform_provider_security_integration_linux_test.go:203: actual_provider_boundary=filesystem {"schema":"m11-004","session":"sbx_xcqmwwtfugamvsthmjwh24xfgy","status":"INCOMPLETE","limitation":"M3_DYNAMIC_OBSERVER_FAILED","unique_subjects":0,"total":0,"counts":{}}
2026-10-07T04:32:27.8244345Z === RUN   TestLinuxTerraformProviderSecurityIntegration/unexpected-process
2026-10-07T04:32:28.3124629Z observer_attribution sequence=1 profile=terraform-provider counts=PROCESS/SENTRY_EXEC/OTHER/ARTIFACT_ROLE/ARTIFACT_GROUP:1
2026-10-07T04:32:28.3666128Z     terraform_provider_security_integration_linux_test.go:203: actual_provider_boundary=unexpected-process {"schema":"m11-004","session":"sbx_bz7azmpb7wplxaj6yssafmwvqq","status":"INCOMPLETE","limitation":"M3_DYNAMIC_OBSERVER_FAILED","unique_subjects":1,"total":1,"counts":{"PROCESS:process-exec-unexpected":1}}
2026-10-07T04:32:28.3667669Z --- PASS: TestLinuxTerraformProviderSecurityIntegration (2.05s)
2026-10-07T04:32:28.3668563Z     --- PASS: TestLinuxTerraformProviderSecurityIntegration/normal (0.45s)
2026-10-07T04:32:28.3669186Z     --- PASS: TestLinuxTerraformProviderSecurityIntegration/network (0.46s)
2026-10-07T04:32:28.3669662Z     --- PASS: TestLinuxTerraformProviderSecurityIntegration/filesystem (0.60s)
2026-10-07T04:32:28.3670185Z     --- PASS: TestLinuxTerraformProviderSecurityIntegration/unexpected-process (0.54s)
2026-10-07T04:32:28.3670514Z PASS
2026-10-07T04:32:31.7667315Z helper reaped: pid=161146 wait=0
2026-10-07T04:32:31.7814272Z helper launch: bash=/bin/bash version=5.2.21(1)-release owner=2287
2026-10-07T04:32:33.1299635Z helper ready: pid=169080 attempt=13
2026-10-07T04:32:33.1330296Z === RUN   TestLinuxNPMInspectCLIIntegration
2026-10-07T04:32:38.2187277Z     npm_inspect_integration_test.go:67: actual_npm_inspect_result={"schema_version":"helox.operation-result/v1","operation_id":"op_p35ofsxizgdjl2sxk4gv35vx7u","operation":"INSPECT","operation_status":"COMPLETED","run":{"id":"run_e5q6vqws73e7n6gghnvowsep7y","outcome":"COMPLETED"},"artifact":{"reference":{"source_id":"npm","locator":"is-number@7.0.0"},"resolved_identity":{"source_id":"npm","name":"is-number","version":"7.0.0","variant":"tarball"},"digest":{"algorithm":"sha256","value":"7b75c1057198cf97696909a9bee176c9c5e9bcb5b03bf3ecef2f484defadd51e"}},"checks":[{"id":"npm-declared-integrity","kind":"VERIFICATION","required":true,"capability":"SUPPORTED","execution_status":"COMPLETED"},{"id":"npm-static-archive","kind":"INSPECTION","required":true,"capability":"SUPPORTED","execution_status":"COMPLETED"},{"id":"npm-dynamic-lifecycle","kind":"INSPECTION","required":true,"capability":"SUPPORTED","execution_status":"COMPLETED"}],"evidence_references":[{"id":"npm-declared-integrity-result","handle":"evidence:run_e5q6vqws73e7n6gghnvowsep7y:npm-declared-integrity-result"},{"id":"npm-static-archive-result","handle":"evidence:run_e5q6vqws73e7n6gghnvowsep7y:npm-static-archive-result"},{"id":"npm-dynamic-lifecycle-result","handle":"evidence:run_e5q6vqws73e7n6gghnvowsep7y:npm-dynamic-lifecycle-result"}],"policy":{"decision":"ALLOW","id":"m3-npm-dynamic-inspect","version":1,"reasons":["M3_REQUIRED_CHECKS_COMPLETED"]}}
2026-10-07T04:32:38.2192974Z --- PASS: TestLinuxNPMInspectCLIIntegration (5.09s)
2026-10-07T04:32:38.2193419Z PASS
2026-10-07T04:32:38.2234252Z === RUN   TestLinuxGoDependencyFreeDownloadIntegration
2026-10-07T04:32:45.7429760Z     go_download_integration_test.go:59: actual_download_attempt=0 Source: go-proxy
2026-10-07T04:32:45.7430242Z         Modules: 0
2026-10-07T04:32:45.7430892Z         Graph digest: 5fce8efcf6e6c7e4462e816a233133217f502d87491cac38214d03de2cf441a5
2026-10-07T04:32:52.8804888Z     go_download_integration_test.go:59: actual_download_attempt=1 Source: go-proxy
2026-10-07T04:32:52.8805289Z         Modules: 0
2026-10-07T04:32:52.8805695Z         Graph digest: 5fce8efcf6e6c7e4462e816a233133217f502d87491cac38214d03de2cf441a5
2026-10-07T04:32:52.8815231Z --- PASS: TestLinuxGoDependencyFreeDownloadIntegration (14.66s)
2026-10-07T04:32:52.8816042Z === RUN   TestLinuxGoGetDownloadIntegration
2026-10-07T04:32:57.9756268Z observer_attribution sequence=1 profile=go-module-resolver counts=NETWORK/TRUSTED_CONTROL/CONNECT/INET/DIRECT_EXEC_SESSION/OTHER:4
2026-10-07T04:33:01.3551208Z observer_attribution sequence=2 profile=go-module-resolver counts=NETWORK/TRUSTED_CONTROL/CONNECT/INET/DIRECT_EXEC_SESSION/OTHER:1
2026-10-07T04:33:04.6715938Z observer_attribution sequence=3 profile=go-module-resolver counts=NETWORK/TRUSTED_CONTROL/CONNECT/INET/DIRECT_EXEC_SESSION/OTHER:1
2026-10-07T04:33:09.5605367Z observer_attribution sequence=1 profile=go-module-resolver counts=NETWORK/TRUSTED_CONTROL/CONNECT/INET/DIRECT_EXEC_SESSION/OTHER:1
2026-10-07T04:33:12.4533396Z observer_attribution sequence=2 profile=go-module-resolver counts=NETWORK/TRUSTED_CONTROL/CONNECT/INET/DIRECT_EXEC_SESSION/OTHER:1
2026-10-07T04:33:12.9913531Z --- PASS: TestLinuxGoGetDownloadIntegration (20.11s)
2026-10-07T04:33:12.9914112Z === RUN   TestLinuxGoTransitiveGetDownloadIntegration
2026-10-07T04:33:23.2032221Z observer_attribution sequence=1 profile=go-module-resolver counts=NETWORK/TRUSTED_CONTROL/CONNECT/INET/DIRECT_EXEC_SESSION/OTHER:3
2026-10-07T04:33:36.2695698Z observer_attribution sequence=2 profile=go-module-resolver counts=NETWORK/TRUSTED_CONTROL/CONNECT/INET/DIRECT_EXEC_SESSION/OTHER:4
2026-10-07T04:33:39.3034447Z observer_attribution sequence=3 profile=go-module-resolver counts=NETWORK/TRUSTED_CONTROL/CONNECT/INET/DIRECT_EXEC_SESSION/OTHER:2
2026-10-07T04:34:10.1080005Z observer_attribution sequence=1 profile=go-module-resolver counts=NETWORK/TRUSTED_CONTROL/CONNECT/INET/DIRECT_EXEC_SESSION/OTHER:2
2026-10-07T04:34:13.0135433Z observer_attribution sequence=2 profile=go-module-resolver counts=NETWORK/TRUSTED_CONTROL/CONNECT/INET/DIRECT_EXEC_SESSION/OTHER:2
2026-10-07T04:34:32.2191379Z --- PASS: TestLinuxGoTransitiveGetDownloadIntegration (79.23s)
2026-10-07T04:34:32.2191960Z PASS
2026-10-07T04:34:32.2257626Z === RUN   TestLinuxGoDependencyFreeBuildCLIIntegration
2026-10-07T04:34:52.6747347Z     go_build_cli_integration_test.go:21: actual CLI retained build reference= graph=bda38cb39b9fc0aa676b07ab6ad654d1c5867ec81cfb8ee1b7788d0911f0539e source=27d4b61d26b3f0431008d6843549c699f9d6867184992ef6a007ed27dbfe05a3 cache=5f70bf18a086007016e948b04aed3b82103a36bea41755b6cddfaf10ace3c6ef output=a8188540c6a4a80d72c6f88e84bfd223110b63473d10c11a9dd31f9b0c13d8db recipe=370b1b9aa7af73617e37cb9867e48ae9989b50ddcb8a8cc24fb9db7d3a57e00d
2026-10-07T04:35:05.7582480Z     go_build_cli_integration_test.go:21: actual CLI retained build reference= graph=bda38cb39b9fc0aa676b07ab6ad654d1c5867ec81cfb8ee1b7788d0911f0539e source=27d4b61d26b3f0431008d6843549c699f9d6867184992ef6a007ed27dbfe05a3 cache=5f70bf18a086007016e948b04aed3b82103a36bea41755b6cddfaf10ace3c6ef output=a8188540c6a4a80d72c6f88e84bfd223110b63473d10c11a9dd31f9b0c13d8db recipe=370b1b9aa7af73617e37cb9867e48ae9989b50ddcb8a8cc24fb9db7d3a57e00d
2026-10-07T04:35:05.7622592Z --- PASS: TestLinuxGoDependencyFreeBuildCLIIntegration (33.54s)
2026-10-07T04:35:05.7623195Z === RUN   TestLinuxGoPublicBuildCLIIntegration
2026-10-07T04:35:12.0905302Z observer_attribution sequence=1 profile=go-module-resolver counts=NETWORK/TRUSTED_CONTROL/CONNECT/INET/DIRECT_EXEC_SESSION/OTHER:4
2026-10-07T04:35:15.3674818Z observer_attribution sequence=2 profile=go-module-resolver counts=NETWORK/TRUSTED_CONTROL/CONNECT/INET/DIRECT_EXEC_SESSION/OTHER:1
2026-10-07T04:35:18.5729373Z observer_attribution sequence=3 profile=go-module-resolver counts=NETWORK/TRUSTED_CONTROL/CONNECT/INET/DIRECT_EXEC_SESSION/OTHER:1
2026-10-07T04:35:47.4482614Z     go_build_cli_integration_test.go:24: actual CLI retained build reference=github.com/spf13/pflag@v1.0.9 graph=448d4a5978ee1b675396511f50147e43ebaf11e6cd08603e11a27d3719ae2651 source=047ba408e8a9b4d029447657425faa692863e5c409277514cf49759398944e64 cache=34c81f63bf01dfb5b38ea9eda545d91c5d2dd8357db7b6170b78685877f701af output=36770872f3848cddef52f5af4c8bceeaf00969ebad548c05fd65bc7e55b74c61 recipe=370b1b9aa7af73617e37cb9867e48ae9989b50ddcb8a8cc24fb9db7d3a57e00d
2026-10-07T04:35:47.4626882Z --- PASS: TestLinuxGoPublicBuildCLIIntegration (41.70s)
2026-10-07T04:35:47.4627232Z === RUN   TestLinuxGoTransitiveBuildCLIIntegration
2026-10-07T04:35:57.4339744Z observer_attribution sequence=1 profile=go-module-resolver counts=NETWORK/TRUSTED_CONTROL/CONNECT/INET/DIRECT_EXEC_SESSION/OTHER:3
2026-10-07T04:36:10.3159837Z observer_attribution sequence=2 profile=go-module-resolver counts=NETWORK/TRUSTED_CONTROL/CONNECT/INET/DIRECT_EXEC_SESSION/OTHER:4
2026-10-07T04:36:13.5368762Z observer_attribution sequence=3 profile=go-module-resolver counts=NETWORK/TRUSTED_CONTROL/CONNECT/INET/DIRECT_EXEC_SESSION/OTHER:2
2026-10-07T04:37:53.7898448Z     go_build_cli_integration_test.go:27: actual CLI retained build reference=google.golang.org/grpc@v1.76.0 graph=23e3024403173c469be709790536e5b56df0bf690c756b9f362ca6a9b0e2ec41 source=c5b0d6da55ca1dbb74d5e3ac324706794ac9d9387610351132065d36e050a57f cache=bdf76a0f270b3d34a8da95b35c49e019677aff8d771123dae88caa845fae6d4e output=518d22e9b9ecf2ebbe96dd7be1f5050153a2e62523cf33fc1e2037c4a65c735d recipe=370b1b9aa7af73617e37cb9867e48ae9989b50ddcb8a8cc24fb9db7d3a57e00d
2026-10-07T04:37:55.5072054Z --- PASS: TestLinuxGoTransitiveBuildCLIIntegration (128.04s)
2026-10-07T04:37:55.5072553Z === RUN   TestLinuxGoInvalidTestdataBuildCLIIntegration
2026-10-07T04:38:06.8900951Z     go_build_cli_integration_test.go:30: actual selected compiler failure selector=./testdata source_sha256=27d4b61d26b3f0431008d6843549c699f9d6867184992ef6a007ed27dbfe05a3 trusted_failure=observed go build failed: phase=BUILD_ALL command_status=EXIT_STATUS_1 reason= events=0 bytes=0 session_complete=false last_kind= kinds=none
2026-10-07T04:38:06.8916433Z --- PASS: TestLinuxGoInvalidTestdataBuildCLIIntegration (11.38s)
2026-10-07T04:38:06.8916945Z === RUN   TestLinuxGoCgoBuildCLIIntegration
2026-10-07T04:38:31.6385622Z     go_build_cli_integration_test.go:34: actual CLI retained build reference= graph=bda38cb39b9fc0aa676b07ab6ad654d1c5867ec81cfb8ee1b7788d0911f0539e source=671bad5e3b9f521f5aaacb8ade4fabbd64c39a09a3f16568e3a83fd206dc7a5b cache=5f70bf18a086007016e948b04aed3b82103a36bea41755b6cddfaf10ace3c6ef output=8d739ee41de67be7d872c1d92b226277ca9d736e4873c596ec6950f617f4b9f3 recipe=370b1b9aa7af73617e37cb9867e48ae9989b50ddcb8a8cc24fb9db7d3a57e00d
2026-10-07T04:38:31.6411566Z --- PASS: TestLinuxGoCgoBuildCLIIntegration (24.75s)
2026-10-07T04:38:31.6412085Z === RUN   TestLinuxGoLibraryBuildCLIIntegration
2026-10-07T04:38:44.4613215Z     go_build_cli_integration_test.go:38: actual CLI retained build reference= graph=bda38cb39b9fc0aa676b07ab6ad654d1c5867ec81cfb8ee1b7788d0911f0539e source=4dafcb34a1a39ef8c1b8675ac17792e72e33812905d598525a12bac18cee195d cache=5f70bf18a086007016e948b04aed3b82103a36bea41755b6cddfaf10ace3c6ef output=5f70bf18a086007016e948b04aed3b82103a36bea41755b6cddfaf10ace3c6ef recipe=370b1b9aa7af73617e37cb9867e48ae9989b50ddcb8a8cc24fb9db7d3a57e00d
2026-10-07T04:38:44.4635159Z --- PASS: TestLinuxGoLibraryBuildCLIIntegration (12.82s)
2026-10-07T04:38:44.4635740Z === RUN   TestLinuxGoMixedPackagesBuildCLIIntegration
2026-10-07T04:39:05.6386859Z     go_build_cli_integration_test.go:42: actual CLI retained build reference= graph=bda38cb39b9fc0aa676b07ab6ad654d1c5867ec81cfb8ee1b7788d0911f0539e source=c16a8683cde09153549a7e072093726783a42a4e023b4647f6651abff1f60d9a cache=5f70bf18a086007016e948b04aed3b82103a36bea41755b6cddfaf10ace3c6ef output=a8188540c6a4a80d72c6f88e84bfd223110b63473d10c11a9dd31f9b0c13d8db recipe=370b1b9aa7af73617e37cb9867e48ae9989b50ddcb8a8cc24fb9db7d3a57e00d
2026-10-07T04:39:05.6413288Z --- PASS: TestLinuxGoMixedPackagesBuildCLIIntegration (21.18s)
2026-10-07T04:39:05.6415541Z === RUN   TestLinuxGoMixedInvalidPackageBuildCLIIntegration
2026-10-07T04:39:24.6175333Z     go_build_cli_integration_test.go:46: actual selected compiler failure selector=./... source_sha256=24c2b88048ba2c08df5e6ca85ce454016e9ae7aef5e25453cec896f1551378f2 trusted_failure=observed go build failed: phase=BUILD_ALL command_status=EXIT_STATUS_1 reason= events=0 bytes=0 session_complete=false last_kind= kinds=none
2026-10-07T04:39:24.6192223Z --- PASS: TestLinuxGoMixedInvalidPackageBuildCLIIntegration (18.98s)
2026-10-07T04:39:24.6192769Z === RUN   TestLinuxGoBuildSecurityCLIIntegration
2026-10-07T04:39:24.6193260Z === RUN   TestLinuxGoBuildSecurityCLIIntegration/filesystem
2026-10-07T04:39:47.4184514Z === RUN   TestLinuxGoBuildSecurityCLIIntegration/missing-cache
2026-10-07T04:39:53.5480195Z observer_attribution sequence=1 profile=go-module-resolver counts=NETWORK/TRUSTED_CONTROL/CONNECT/INET/DIRECT_EXEC_SESSION/OTHER:4
2026-10-07T04:39:56.5350400Z observer_attribution sequence=2 profile=go-module-resolver counts=NETWORK/TRUSTED_CONTROL/CONNECT/INET/DIRECT_EXEC_SESSION/OTHER:1
2026-10-07T04:39:59.4507587Z observer_attribution sequence=3 profile=go-module-resolver counts=NETWORK/TRUSTED_CONTROL/CONNECT/INET/DIRECT_EXEC_SESSION/OTHER:1
2026-10-07T04:40:01.1310689Z === RUN   TestLinuxGoBuildSecurityCLIIntegration/unmanaged
2026-10-07T04:40:02.3932433Z --- PASS: TestLinuxGoBuildSecurityCLIIntegration (37.77s)
2026-10-07T04:40:02.3933003Z     --- PASS: TestLinuxGoBuildSecurityCLIIntegration/filesystem (22.80s)
2026-10-07T04:40:02.3933468Z     --- PASS: TestLinuxGoBuildSecurityCLIIntegration/missing-cache (13.71s)
2026-10-07T04:40:02.3933900Z     --- PASS: TestLinuxGoBuildSecurityCLIIntegration/unmanaged (1.26s)
2026-10-07T04:40:02.3934178Z PASS
2026-10-07T04:40:02.3986385Z === RUN   TestLinuxCargoAddIntegration
2026-10-07T04:40:06.3645094Z observer_attribution sequence=1 profile=cargo-resolver counts=NETWORK/TRUSTED_CONTROL/CONNECT/INET/DIRECT_EXEC_SESSION/OTHER:5,NETWORK/TRUSTED_CONTROL/SENDTO/INET/DIRECT_EXEC_SESSION/OTHER:17
2026-10-07T04:40:09.4940705Z observer_attribution sequence=2 profile=cargo-resolver counts=NETWORK/TRUSTED_CONTROL/CONNECT/INET/DIRECT_EXEC_SESSION/OTHER:10,NETWORK/TRUSTED_CONTROL/SENDTO/INET/DIRECT_EXEC_SESSION/OTHER:24
2026-10-07T04:40:09.9729178Z     cargo_add_integration_test.go:20: actual_cargo_add_attempt=0 Source: crates-io
2026-10-07T04:40:09.9729794Z         Crates: 1
2026-10-07T04:40:09.9730207Z         Lock digest: cbf39703e39655f25a7390d31c2766f93fcb119f4054952ec94a779cdb190d04
2026-10-07T04:40:13.8874437Z observer_attribution sequence=1 profile=cargo-resolver counts=NETWORK/TRUSTED_CONTROL/CONNECT/INET/DIRECT_EXEC_SESSION/OTHER:5,NETWORK/TRUSTED_CONTROL/SENDTO/INET/DIRECT_EXEC_SESSION/OTHER:13
2026-10-07T04:40:16.8421673Z observer_attribution sequence=2 profile=cargo-resolver counts=NETWORK/TRUSTED_CONTROL/CONNECT/INET/DIRECT_EXEC_SESSION/OTHER:10,NETWORK/TRUSTED_CONTROL/SENDTO/INET/DIRECT_EXEC_SESSION/OTHER:24
2026-10-07T04:40:17.1759987Z     cargo_add_integration_test.go:20: actual_cargo_add_attempt=1 Source: crates-io
2026-10-07T04:40:17.1760400Z         Crates: 1
2026-10-07T04:40:17.1760899Z         Lock digest: cbf39703e39655f25a7390d31c2766f93fcb119f4054952ec94a779cdb190d04
2026-10-07T04:40:17.1824535Z --- PASS: TestLinuxCargoAddIntegration (14.78s)
2026-10-07T04:40:17.1825009Z === RUN   TestLinuxCargoTransitiveAddIntegration
2026-10-07T04:40:21.4406535Z observer_attribution sequence=1 profile=cargo-resolver counts=NETWORK/TRUSTED_CONTROL/CONNECT/INET/DIRECT_EXEC_SESSION/OTHER:5,NETWORK/TRUSTED_CONTROL/SENDTO/INET/DIRECT_EXEC_SESSION/OTHER:29
2026-10-07T04:40:24.7938053Z observer_attribution sequence=2 profile=cargo-resolver counts=NETWORK/TRUSTED_CONTROL/CONNECT/INET/DIRECT_EXEC_SESSION/OTHER:10,NETWORK/TRUSTED_CONTROL/SENDTO/INET/DIRECT_EXEC_SESSION/OTHER:48
2026-10-07T04:40:25.9486011Z     cargo_add_integration_test.go:21: actual_cargo_add_attempt=0 Source: crates-io
2026-10-07T04:40:25.9486498Z         Crates: 7
2026-10-07T04:40:25.9486904Z         Lock digest: ec13922d429a8e1cca9148f636c32731cd44ccfc9d1fa55bc9d5bf9241672ba6
2026-10-07T04:40:30.0178094Z observer_attribution sequence=1 profile=cargo-resolver counts=NETWORK/TRUSTED_CONTROL/CONNECT/INET/DIRECT_EXEC_SESSION/OTHER:5,NETWORK/TRUSTED_CONTROL/SENDTO/INET/DIRECT_EXEC_SESSION/OTHER:25
2026-10-07T04:40:33.4176615Z observer_attribution sequence=2 profile=cargo-resolver counts=NETWORK/TRUSTED_CONTROL/CONNECT/INET/DIRECT_EXEC_SESSION/OTHER:10,NETWORK/TRUSTED_CONTROL/SENDTO/INET/DIRECT_EXEC_SESSION/OTHER:48
2026-10-07T04:40:35.4479089Z     cargo_add_integration_test.go:21: actual_cargo_add_attempt=1 Source: crates-io
2026-10-07T04:40:35.4479489Z         Crates: 7
2026-10-07T04:40:35.4479895Z         Lock digest: ec13922d429a8e1cca9148f636c32731cd44ccfc9d1fa55bc9d5bf9241672ba6
2026-10-07T04:40:35.5337530Z --- PASS: TestLinuxCargoTransitiveAddIntegration (18.35s)
2026-10-07T04:40:35.5337863Z PASS
2026-10-07T04:40:35.5385652Z === RUN   TestLinuxCargoDependencyFreeBuildCLIIntegration
2026-10-07T04:40:43.9873407Z --- PASS: TestLinuxCargoDependencyFreeBuildCLIIntegration (8.45s)
2026-10-07T04:40:43.9874014Z === RUN   TestLinuxCargoPublicBuildCLIIntegration
2026-10-07T04:40:47.9350250Z observer_attribution sequence=1 profile=cargo-resolver counts=NETWORK/TRUSTED_CONTROL/CONNECT/INET/DIRECT_EXEC_SESSION/OTHER:5,NETWORK/TRUSTED_CONTROL/SENDTO/INET/DIRECT_EXEC_SESSION/OTHER:17
2026-10-07T04:40:50.8766079Z observer_attribution sequence=2 profile=cargo-resolver counts=NETWORK/TRUSTED_CONTROL/CONNECT/INET/DIRECT_EXEC_SESSION/OTHER:10,NETWORK/TRUSTED_CONTROL/SENDTO/INET/DIRECT_EXEC_SESSION/OTHER:24
2026-10-07T04:40:55.2399803Z observer_attribution sequence=1 profile=cargo-resolver counts=NETWORK/TRUSTED_CONTROL/CONNECT/INET/DIRECT_EXEC_SESSION/OTHER:10,NETWORK/TRUSTED_CONTROL/SENDTO/INET/DIRECT_EXEC_SESSION/OTHER:24
2026-10-07T04:40:59.5724315Z     cargo_build_cli_integration_test.go:254: actual Cargo build run=run_nvb63crdy4eaut4j3z2qjwahd4 source=5918cf755e0ec402b22ea3718f08d9e5e27836cd7d627ced21d75f36669eb0b9 cache=f3217d77bfa700abb967435755c8b6a00990b62568de34f651f8c20c3f9a370c graph=12cba32698557c17bb51c6c8f2112ae90b70b0468a61c991602edb28ec1a7f2d output=ed3d7ce7238e8cc07c84c23aa78132242176648c6d58fe47b77f7d2c50d055d4 recipe=c1e616d14c8444fc02a561c87914291120a26781960e357428afaaff4da4a6b5
2026-10-07T04:41:03.8357602Z observer_attribution sequence=1 profile=cargo-resolver counts=NETWORK/TRUSTED_CONTROL/CONNECT/INET/DIRECT_EXEC_SESSION/OTHER:10,NETWORK/TRUSTED_CONTROL/SENDTO/INET/DIRECT_EXEC_SESSION/OTHER:24
2026-10-07T04:41:08.3536743Z     cargo_build_cli_integration_test.go:254: actual Cargo build run=run_aoba3zlbsyrqsjrubwl4esl3ci source=5918cf755e0ec402b22ea3718f08d9e5e27836cd7d627ced21d75f36669eb0b9 cache=f3217d77bfa700abb967435755c8b6a00990b62568de34f651f8c20c3f9a370c graph=12cba32698557c17bb51c6c8f2112ae90b70b0468a61c991602edb28ec1a7f2d output=ed3d7ce7238e8cc07c84c23aa78132242176648c6d58fe47b77f7d2c50d055d4 recipe=c1e616d14c8444fc02a561c87914291120a26781960e357428afaaff4da4a6b5
2026-10-07T04:41:08.3567077Z     cargo_build_cli_integration_test.go:254: actual Cargo build run=run_nvb63crdy4eaut4j3z2qjwahd4 source=5918cf755e0ec402b22ea3718f08d9e5e27836cd7d627ced21d75f36669eb0b9 cache=f3217d77bfa700abb967435755c8b6a00990b62568de34f651f8c20c3f9a370c graph=12cba32698557c17bb51c6c8f2112ae90b70b0468a61c991602edb28ec1a7f2d output=ed3d7ce7238e8cc07c84c23aa78132242176648c6d58fe47b77f7d2c50d055d4 recipe=c1e616d14c8444fc02a561c87914291120a26781960e357428afaaff4da4a6b5
2026-10-07T04:41:08.3700017Z --- PASS: TestLinuxCargoPublicBuildCLIIntegration (24.38s)
2026-10-07T04:41:08.3700554Z === RUN   TestLinuxCargoTransitiveBuildCLIIntegration
2026-10-07T04:41:12.5022511Z observer_attribution sequence=1 profile=cargo-resolver counts=NETWORK/TRUSTED_CONTROL/CONNECT/INET/DIRECT_EXEC_SESSION/OTHER:5,NETWORK/TRUSTED_CONTROL/SENDTO/INET/DIRECT_EXEC_SESSION/OTHER:29
2026-10-07T04:41:15.8184997Z observer_attribution sequence=2 profile=cargo-resolver counts=NETWORK/TRUSTED_CONTROL/CONNECT/INET/DIRECT_EXEC_SESSION/OTHER:10,NETWORK/TRUSTED_CONTROL/SENDTO/INET/DIRECT_EXEC_SESSION/OTHER:48
2026-10-07T04:41:21.2479555Z observer_attribution sequence=1 profile=cargo-resolver counts=NETWORK/TRUSTED_CONTROL/CONNECT/INET/DIRECT_EXEC_SESSION/OTHER:10,NETWORK/TRUSTED_CONTROL/SENDTO/INET/DIRECT_EXEC_SESSION/OTHER:48
2026-10-07T04:41:29.1715801Z     cargo_build_cli_integration_test.go:261: actual Cargo build run=run_kdwcayxosghcb6odq5a43butvy source=2a999d2593128a26c7a33d79f9d63d1cab25c794980aa27ce0b4443e92a4a52e cache=b674535e14dd26d8c2968d12c8ca8ca885bd8f4e16f61d4c0277c91bd9b378c1 graph=a61e41c97cc49602fa03850562cf625ea8f41887c41dc0d99eec7eb89477be11 output=88797ed2713baa286c4f7a6bdf582824e597c78e8212eb9370185c2b2dbcdcdf recipe=c1e616d14c8444fc02a561c87914291120a26781960e357428afaaff4da4a6b5
2026-10-07T04:41:33.5965532Z observer_attribution sequence=1 profile=cargo-resolver counts=NETWORK/TRUSTED_CONTROL/CONNECT/INET/DIRECT_EXEC_SESSION/OTHER:10,NETWORK/TRUSTED_CONTROL/SENDTO/INET/DIRECT_EXEC_SESSION/OTHER:48
2026-10-07T04:41:42.1247662Z     cargo_build_cli_integration_test.go:261: actual Cargo build run=run_w65rmlwyku5k5epzumnjzj3zry source=2a999d2593128a26c7a33d79f9d63d1cab25c794980aa27ce0b4443e92a4a52e cache=b674535e14dd26d8c2968d12c8ca8ca885bd8f4e16f61d4c0277c91bd9b378c1 graph=a61e41c97cc49602fa03850562cf625ea8f41887c41dc0d99eec7eb89477be11 output=88797ed2713baa286c4f7a6bdf582824e597c78e8212eb9370185c2b2dbcdcdf recipe=c1e616d14c8444fc02a561c87914291120a26781960e357428afaaff4da4a6b5
2026-10-07T04:41:42.1284783Z     cargo_build_cli_integration_test.go:261: actual Cargo build run=run_kdwcayxosghcb6odq5a43butvy source=2a999d2593128a26c7a33d79f9d63d1cab25c794980aa27ce0b4443e92a4a52e cache=b674535e14dd26d8c2968d12c8ca8ca885bd8f4e16f61d4c0277c91bd9b378c1 graph=a61e41c97cc49602fa03850562cf625ea8f41887c41dc0d99eec7eb89477be11 output=88797ed2713baa286c4f7a6bdf582824e597c78e8212eb9370185c2b2dbcdcdf recipe=c1e616d14c8444fc02a561c87914291120a26781960e357428afaaff4da4a6b5
2026-10-07T04:41:42.2612278Z --- PASS: TestLinuxCargoTransitiveBuildCLIIntegration (33.89s)
2026-10-07T04:41:42.2612811Z === RUN   TestLinuxCargoLibraryBuildCLIIntegration
2026-10-07T04:41:50.4001075Z     cargo_build_cli_integration_test.go:83: actual Cargo build run=run_7vvpfebltmvpen2ite2mz5o4gy source=f2880bde4a29f039190d600435ee7395528409d635ea63fed0174b300bc24212 cache=5f70bf18a086007016e948b04aed3b82103a36bea41755b6cddfaf10ace3c6ef graph=7d98bf301eb14b746685c78c4c1cdec2f06d5c7f0293984cd1561a87d9a11128 output=009f5b1f15ee6185b943ab928ed6ad7f84df8ad63affce272db81f7a2d818189 recipe=c1e616d14c8444fc02a561c87914291120a26781960e357428afaaff4da4a6b5
2026-10-07T04:41:58.1944066Z     cargo_build_cli_integration_test.go:83: actual Cargo build run=run_4z3xwjzsaapvslgjxwiqoxigce source=f2880bde4a29f039190d600435ee7395528409d635ea63fed0174b300bc24212 cache=5f70bf18a086007016e948b04aed3b82103a36bea41755b6cddfaf10ace3c6ef graph=7d98bf301eb14b746685c78c4c1cdec2f06d5c7f0293984cd1561a87d9a11128 output=009f5b1f15ee6185b943ab928ed6ad7f84df8ad63affce272db81f7a2d818189 recipe=c1e616d14c8444fc02a561c87914291120a26781960e357428afaaff4da4a6b5
2026-10-07T04:41:58.1947837Z     cargo_build_cli_integration_test.go:83: actual Cargo build run=run_7vvpfebltmvpen2ite2mz5o4gy source=f2880bde4a29f039190d600435ee7395528409d635ea63fed0174b300bc24212 cache=5f70bf18a086007016e948b04aed3b82103a36bea41755b6cddfaf10ace3c6ef graph=7d98bf301eb14b746685c78c4c1cdec2f06d5c7f0293984cd1561a87d9a11128 output=009f5b1f15ee6185b943ab928ed6ad7f84df8ad63affce272db81f7a2d818189 recipe=c1e616d14c8444fc02a561c87914291120a26781960e357428afaaff4da4a6b5
2026-10-07T04:41:58.1979741Z --- PASS: TestLinuxCargoLibraryBuildCLIIntegration (15.94s)
2026-10-07T04:41:58.1980309Z === RUN   TestLinuxCargoWorkspaceBuildCLIIntegration
2026-10-07T04:42:06.1444944Z     cargo_build_cli_integration_test.go:83: actual Cargo build run=run_ynpcqdgzea3gu23vr2222aigha source=b20393852d5e587a656605ef41a2594ed8cb17cac0b52204019e58841528d24c cache=5f70bf18a086007016e948b04aed3b82103a36bea41755b6cddfaf10ace3c6ef graph=5b566d887b590d7405f1350fc43eb76f9aae40db6ee4d9c7635a10a8103e864c output=30623e1da7c843c099a41168d1609921628aae79c0acd74917fa800623587bcd recipe=c1e616d14c8444fc02a561c87914291120a26781960e357428afaaff4da4a6b5
2026-10-07T04:42:14.5821756Z     cargo_build_cli_integration_test.go:83: actual Cargo build run=run_juf7imxadhjtaocqdhbcpbjdfe source=b20393852d5e587a656605ef41a2594ed8cb17cac0b52204019e58841528d24c cache=5f70bf18a086007016e948b04aed3b82103a36bea41755b6cddfaf10ace3c6ef graph=5b566d887b590d7405f1350fc43eb76f9aae40db6ee4d9c7635a10a8103e864c output=30623e1da7c843c099a41168d1609921628aae79c0acd74917fa800623587bcd recipe=c1e616d14c8444fc02a561c87914291120a26781960e357428afaaff4da4a6b5
2026-10-07T04:42:14.5855906Z     cargo_build_cli_integration_test.go:83: actual Cargo build run=run_ynpcqdgzea3gu23vr2222aigha source=b20393852d5e587a656605ef41a2594ed8cb17cac0b52204019e58841528d24c cache=5f70bf18a086007016e948b04aed3b82103a36bea41755b6cddfaf10ace3c6ef graph=5b566d887b590d7405f1350fc43eb76f9aae40db6ee4d9c7635a10a8103e864c output=30623e1da7c843c099a41168d1609921628aae79c0acd74917fa800623587bcd recipe=c1e616d14c8444fc02a561c87914291120a26781960e357428afaaff4da4a6b5
2026-10-07T04:42:14.5915220Z --- PASS: TestLinuxCargoWorkspaceBuildCLIIntegration (16.39s)
2026-10-07T04:42:14.5915674Z === RUN   TestLinuxCargoBuildScriptBuildCLIIntegration
2026-10-07T04:42:22.8785216Z     cargo_build_cli_integration_test.go:83: actual Cargo build run=run_zfyy3ymg57xu7zaeaggzo3um74 source=83eacac37c883c26ae897016d8dd21f0f4e89e99932b7d16e46655c573691b8e cache=5f70bf18a086007016e948b04aed3b82103a36bea41755b6cddfaf10ace3c6ef graph=21389cc67090a4a790254e10c2156baa0c860bcdec5db729d353db8dea181bd7 output=8add82489026921248ecb487cc204958d8aa6dffbe10dfa14d0beeb5ac5d3a58 recipe=c1e616d14c8444fc02a561c87914291120a26781960e357428afaaff4da4a6b5
2026-10-07T04:42:31.2086850Z     cargo_build_cli_integration_test.go:83: actual Cargo build run=run_fy25tdfc2of2bqnlsyr2kyxxzu source=83eacac37c883c26ae897016d8dd21f0f4e89e99932b7d16e46655c573691b8e cache=5f70bf18a086007016e948b04aed3b82103a36bea41755b6cddfaf10ace3c6ef graph=21389cc67090a4a790254e10c2156baa0c860bcdec5db729d353db8dea181bd7 output=8add82489026921248ecb487cc204958d8aa6dffbe10dfa14d0beeb5ac5d3a58 recipe=c1e616d14c8444fc02a561c87914291120a26781960e357428afaaff4da4a6b5
2026-10-07T04:42:31.2128753Z     cargo_build_cli_integration_test.go:83: actual Cargo build run=run_zfyy3ymg57xu7zaeaggzo3um74 source=83eacac37c883c26ae897016d8dd21f0f4e89e99932b7d16e46655c573691b8e cache=5f70bf18a086007016e948b04aed3b82103a36bea41755b6cddfaf10ace3c6ef graph=21389cc67090a4a790254e10c2156baa0c860bcdec5db729d353db8dea181bd7 output=8add82489026921248ecb487cc204958d8aa6dffbe10dfa14d0beeb5ac5d3a58 recipe=c1e616d14c8444fc02a561c87914291120a26781960e357428afaaff4da4a6b5
2026-10-07T04:42:31.2182989Z --- PASS: TestLinuxCargoBuildScriptBuildCLIIntegration (16.63s)
2026-10-07T04:42:31.2183597Z === RUN   TestLinuxCargoProcMacroBuildCLIIntegration
2026-10-07T04:42:41.3101624Z     cargo_build_cli_integration_test.go:83: actual Cargo build run=run_jemkrpg4kc6afnq7vszo6w2m3q source=c1e74d99bb60b4f5948aeb80d765d4b200fc2b4ccb3b0facad8736184266aded cache=5f70bf18a086007016e948b04aed3b82103a36bea41755b6cddfaf10ace3c6ef graph=10a8db38a755f1d3dd197b50b8339729d0c4a9b48d289fab7c60f90b9f222cb7 output=c3d57b99189cac27b81e1ba347b0ae8f12ab68d932a5d48b5119f96bf210e383 recipe=c1e616d14c8444fc02a561c87914291120a26781960e357428afaaff4da4a6b5
2026-10-07T04:42:50.8614032Z     cargo_build_cli_integration_test.go:83: actual Cargo build run=run_yefgrol357ycey63hkrwvuqpjq source=c1e74d99bb60b4f5948aeb80d765d4b200fc2b4ccb3b0facad8736184266aded cache=5f70bf18a086007016e948b04aed3b82103a36bea41755b6cddfaf10ace3c6ef graph=10a8db38a755f1d3dd197b50b8339729d0c4a9b48d289fab7c60f90b9f222cb7 output=c3d57b99189cac27b81e1ba347b0ae8f12ab68d932a5d48b5119f96bf210e383 recipe=c1e616d14c8444fc02a561c87914291120a26781960e357428afaaff4da4a6b5
2026-10-07T04:42:50.8645294Z     cargo_build_cli_integration_test.go:83: actual Cargo build run=run_jemkrpg4kc6afnq7vszo6w2m3q source=c1e74d99bb60b4f5948aeb80d765d4b200fc2b4ccb3b0facad8736184266aded cache=5f70bf18a086007016e948b04aed3b82103a36bea41755b6cddfaf10ace3c6ef graph=10a8db38a755f1d3dd197b50b8339729d0c4a9b48d289fab7c60f90b9f222cb7 output=c3d57b99189cac27b81e1ba347b0ae8f12ab68d932a5d48b5119f96bf210e383 recipe=c1e616d14c8444fc02a561c87914291120a26781960e357428afaaff4da4a6b5
2026-10-07T04:42:50.8701892Z --- PASS: TestLinuxCargoProcMacroBuildCLIIntegration (19.65s)
2026-10-07T04:42:50.8702799Z === RUN   TestLinuxCargoBuildFilesystemSecurityCLIIntegration
2026-10-07T04:43:01.8681879Z     cargo_build_cli_integration_test.go:83: actual Cargo build denied: observed cargo build failed: phase=BUILD command_status=LIFECYCLE_ERROR reason=STREAM_FAULT events=41 bytes=4674 session_complete=false last_kind=process-exec-expected kinds=process-exec-expected:41 fault_site=OPEN_RESULT_CLASSIFICATION_IMAGE image_locator_fnv1a64=8cd5faba57335497 open_image=OTHER open_role=ARTIFACT open_provenance=CLONE_CHILD open_subject=OCI_IMAGE open_mount=oci-root open_flags=557056 open_locator_fnv1a64=8cd5faba57335497 open_kernel_image=UNKNOWN open_executable_fnv1a64=465928f011aed54f open_executable_pinned=false open_go_driver_creator=false open_cargo_driver_creator=true open_rustc_version_query=false open_build_target_image=true open_rustc_metadata_query=false open_rustc_argc=0 open_rustc_argv_fnv1a64=0000000000000000 open_mountpoint_fnv1a64=af63a24c860189fe output_diagnostic= stdout=Operation: INSPECT
2026-10-07T04:43:01.8685001Z         Operation ID: op_ibat5s4qifh62wphejbfx72dge
2026-10-07T04:43:01.8685460Z         Status: FAILED
2026-10-07T04:43:01.8685874Z         Run ID: run_tbflznvkdcflxttt2xjx6a2qmm
2026-10-07T04:43:01.8686284Z         Run outcome: FAILED
2026-10-07T04:43:01.8687029Z         Artifact: project-local/project-3089ec6646c96a2b0610dcc0e4596990d93ea64cafea61650a7888578d11a699@snapshot (cargo-source)
2026-10-07T04:43:01.8687850Z         Digest: sha256:ecff69a6fbd1f4383ed011ca6630bde04e909e295e64a2a759bdee5569758169
2026-10-07T04:43:01.8688766Z         Error: M12_CARGO_BUILD_OBSERVATION_FAILED: Project build did not complete.
2026-10-07T04:43:01.8695359Z --- PASS: TestLinuxCargoBuildFilesystemSecurityCLIIntegration (11.00s)
2026-10-07T04:43:01.8695991Z === RUN   TestLinuxCargoBuildNetworkSecurityCLIIntegration
2026-10-07T04:43:11.0507493Z observer_attribution sequence=3 profile=cargo-build counts=NETWORK/CONNECT/INET/ARTIFACT_GROUP/OTHER:1
2026-10-07T04:43:11.1407141Z     cargo_build_cli_integration_test.go:83: actual Cargo build denied: operation completed with exit code 10 stdout=Operation: INSPECT
2026-10-07T04:43:11.1407912Z         Operation ID: op_atk4qebrs7ve6idh5ga7m3zor4
2026-10-07T04:43:11.1408353Z         Status: COMPLETED
2026-10-07T04:43:11.1408648Z         Run ID: run_3wwa7vpf4lwmw3rrp66nthxuae
2026-10-07T04:43:11.1408915Z         Run outcome: COMPLETED
2026-10-07T04:43:11.1409652Z         Artifact: project-local/project-2cd39505602daa9a6d94ec6a7cc49d9f93d17f505d5c2725baa489aa02b83f0e@snapshot (cargo-source)
2026-10-07T04:43:11.1410428Z         Digest: sha256:d6955f9b8c6acd333e92f2b16db53dd650a6961800b74b1968377cf9a2233a20
2026-10-07T04:43:11.1410953Z         Policy: MANUAL_REVIEW (m3-npm-dynamic-inspect v1)
2026-10-07T04:43:11.1411258Z         Reasons: [M3_NETWORK_ATTEMPT]
2026-10-07T04:43:11.1433655Z --- PASS: TestLinuxCargoBuildNetworkSecurityCLIIntegration (9.27s)
2026-10-07T04:43:11.1434310Z === RUN   TestLinuxCargoBuildConfigurationSecurityCLIIntegration
2026-10-07T04:43:11.1434834Z === RUN   TestLinuxCargoBuildConfigurationSecurityCLIIntegration/cargo-home
2026-10-07T04:43:19.5877257Z     cargo_build_cli_integration_test.go:83: actual Cargo build denied: operation completed with exit code 20 stdout=Operation: INSPECT
2026-10-07T04:43:19.5877937Z         Operation ID: op_jjsmjggrscv45ln5wx2vrbavke
2026-10-07T04:43:19.5878535Z         Status: COMPLETED
2026-10-07T04:43:19.5878929Z         Run ID: run_gbjvs2qtpx7svz3j4l25xzmcgu
2026-10-07T04:43:19.5879222Z         Run outcome: COMPLETED
2026-10-07T04:43:19.5880108Z         Artifact: project-local/project-0a64b12fdd4bfcf04747fae4d62abcb209e4a3a25b652b3b4a3908c18e7ebb31@snapshot (cargo-source)
2026-10-07T04:43:19.5881026Z         Digest: sha256:64c821e8cc5707904cde0208b3f71195d74ac863ac3af247615a581de94417d1
2026-10-07T04:43:19.5881599Z         Policy: BLOCK (m3-npm-dynamic-inspect v1)
2026-10-07T04:43:19.5882014Z         Reasons: [M3_FILESYSTEM_VIOLATION]
2026-10-07T04:43:19.5904178Z === RUN   TestLinuxCargoBuildConfigurationSecurityCLIIntegration/working-directory
2026-10-07T04:43:28.4527991Z     cargo_build_cli_integration_test.go:83: actual Cargo build denied: operation completed with exit code 20 stdout=Operation: INSPECT
2026-10-07T04:43:28.4528794Z         Operation ID: op_fdy4jg73pwwnbasq4as5amdpfm
2026-10-07T04:43:28.4529161Z         Status: COMPLETED
2026-10-07T04:43:28.4529434Z         Run ID: run_daxa3aeq2z4wibddnm5xrajaxa
2026-10-07T04:43:28.4530022Z         Run outcome: COMPLETED
2026-10-07T04:43:28.4530774Z         Artifact: project-local/project-39dd4bd68cef64ce58a1cd8ba7a5b0fb421d2d1a6da222a5776ef29878679407@snapshot (cargo-source)
2026-10-07T04:43:28.4531560Z         Digest: sha256:eb98ad8bbdcc0a663604a18dbc945a294d3a8297d265c2f1baf8d4e06dfac40b
2026-10-07T04:43:28.4531985Z         Policy: BLOCK (m3-npm-dynamic-inspect v1)
2026-10-07T04:43:28.4532397Z         Reasons: [M3_FILESYSTEM_VIOLATION]
2026-10-07T04:43:28.4554392Z --- PASS: TestLinuxCargoBuildConfigurationSecurityCLIIntegration (17.31s)
2026-10-07T04:43:28.4555321Z     --- PASS: TestLinuxCargoBuildConfigurationSecurityCLIIntegration/cargo-home (8.45s)
2026-10-07T04:43:28.4556321Z     --- PASS: TestLinuxCargoBuildConfigurationSecurityCLIIntegration/working-directory (8.86s)
2026-10-07T04:43:28.4557124Z === RUN   TestLinuxCargoBuildUnexpectedChildSecurityCLIIntegration
2026-10-07T04:43:36.4158101Z observer_attribution sequence=3 profile=cargo-build counts=PROCESS/SENTRY_EXEC/SHELL/ARTIFACT_ROLE/ARTIFACT_GROUP:1
2026-10-07T04:43:36.8222286Z     cargo_build_cli_integration_test.go:83: actual Cargo build denied: observed cargo build failed: phase=BUILD command_status=LIFECYCLE_ERROR reason=STREAM_FAULT events=42 bytes=4918 session_complete=false last_kind=process-exec-unexpected kinds=process-exec-expected:41,process-exec-unexpected:1 fault_site=OPEN_RESULT_CLASSIFICATION_IMAGE image_locator_fnv1a64=fbc430c15ef57dff open_image=SHELL open_role=ARTIFACT open_provenance=CLONE_CHILD open_subject=OCI_IMAGE open_mount=oci-root open_flags=557056 open_locator_fnv1a64=fbc430c15ef57dff open_kernel_image=SHELL open_executable_fnv1a64=adfe813dd2e5792b open_executable_pinned=true open_go_driver_creator=false open_cargo_driver_creator=false open_rustc_version_query=false open_cargo_program_creator=true open_rustc_metadata_query=false open_rustc_argc=0 open_rustc_argv_fnv1a64=0000000000000000 open_mountpoint_fnv1a64=af63a24c860189fe output_diagnostic= stdout=Operation: INSPECT
2026-10-07T04:43:36.8225611Z         Operation ID: op_geuppedmetxddldpnxpp2o5s2u
2026-10-07T04:43:36.8225965Z         Status: FAILED
2026-10-07T04:43:36.8226226Z         Run ID: run_tkwqbsyraxazy2g2m2lpy3u2zu
2026-10-07T04:43:36.8226490Z         Run outcome: FAILED
2026-10-07T04:43:36.8227376Z         Artifact: project-local/project-034026aeb13050f08f3cb8e265caf9849667bd005d751664db8a5e7f25e4180b@snapshot (cargo-source)
2026-10-07T04:43:36.8228587Z         Digest: sha256:d7e46faf988a39710220d4acb85c978c34eacc3c65641598465bcd3645e1c0aa
2026-10-07T04:43:36.8229140Z         Error: M12_CARGO_BUILD_OBSERVATION_FAILED: Project build did not complete.
2026-10-07T04:43:36.8236753Z --- PASS: TestLinuxCargoBuildUnexpectedChildSecurityCLIIntegration (8.37s)
2026-10-07T04:43:36.8237298Z === RUN   TestLinuxCargoInvalidSourceBuildCLIIntegration
2026-10-07T04:43:45.7814889Z     cargo_build_cli_integration_test.go:83: actual Cargo build denied: observed cargo build failed: phase=BUILD command_status=EXIT_STATUS_101 reason= events=43 bytes=4919 session_complete=true last_kind=filesystem-workspace-access kinds=process-exec-expected:42,filesystem-workspace-access:61 output_diagnostic= stdout=Operation: INSPECT
2026-10-07T04:43:45.7816266Z         Operation ID: op_2zfyc6q2mnehqghbadh5sr5hr4
2026-10-07T04:43:45.7816625Z         Status: FAILED
2026-10-07T04:43:45.7816895Z         Run ID: run_hdob2kokd4sft7loan5aqfsnha
2026-10-07T04:43:45.7817167Z         Run outcome: FAILED
2026-10-07T04:43:45.7817920Z         Artifact: project-local/project-23b4aaf2d9c8f46a6e07e82d254e16541156cebc237148677481021cd3e92974@snapshot (cargo-source)
2026-10-07T04:43:45.7818869Z         Digest: sha256:e6eb93b484ab2ff42015ee8d9fa6386940784290a29d5acdec511ba054b6cd5d
2026-10-07T04:43:45.7819868Z         Error: M12_CARGO_BUILD_OBSERVATION_FAILED: Project build did not complete.
2026-10-07T04:43:45.7830430Z --- PASS: TestLinuxCargoInvalidSourceBuildCLIIntegration (8.96s)
2026-10-07T04:43:45.7831166Z === RUN   TestLinuxCargoProcMacroSecurityCLIIntegration
2026-10-07T04:43:45.7832060Z === RUN   TestLinuxCargoProcMacroSecurityCLIIntegration/network
2026-10-07T04:43:54.6872821Z observer_attribution sequence=3 profile=cargo-build counts=NETWORK/CONNECT/INET/ARTIFACT_GROUP/OTHER:1
2026-10-07T04:43:54.7885165Z     cargo_build_cli_integration_test.go:83: actual Cargo build denied: operation completed with exit code 10 stdout=Operation: INSPECT
2026-10-07T04:43:54.7885767Z         Operation ID: op_mlcocnzoaqhsyvbhem6exkk2ji
2026-10-07T04:43:54.7886051Z         Status: COMPLETED
2026-10-07T04:43:54.7886320Z         Run ID: run_c7ua2jb6egokdlkluatq5hce64
2026-10-07T04:43:54.7886593Z         Run outcome: COMPLETED
2026-10-07T04:43:54.7887244Z         Artifact: project-local/project-aa3763e6e554f8f639298efc43915931974ba13fc2e9c8cd7f4f8f6bbe7c6fd5@snapshot (cargo-source)
2026-10-07T04:43:54.7887932Z         Digest: sha256:e07ebc75aba943b3686e5bf4a5456b747843ac27a89c2c179f6261414489a039
2026-10-07T04:43:54.7888553Z         Policy: MANUAL_REVIEW (m3-npm-dynamic-inspect v1)
2026-10-07T04:43:54.7888879Z         Reasons: [M3_NETWORK_ATTEMPT]
2026-10-07T04:43:54.7915260Z === RUN   TestLinuxCargoProcMacroSecurityCLIIntegration/filesystem
2026-10-07T04:44:02.5869343Z     cargo_build_cli_integration_test.go:83: actual Cargo build denied: observed cargo build failed: phase=BUILD command_status=LIFECYCLE_ERROR reason=STREAM_FAULT events=41 bytes=4674 session_complete=false last_kind=process-exec-expected kinds=process-exec-expected:41 fault_site=OPEN_RESULT_CLASSIFICATION_IMAGE image_locator_fnv1a64=8cd5faba57335497 open_image=OTHER open_role=ARTIFACT open_provenance=CLONE_CHILD open_subject=OCI_IMAGE open_mount=oci-root open_flags=557056 open_locator_fnv1a64=8cd5faba57335497 open_kernel_image=RUSTC open_executable_fnv1a64=10196e7a251de540 open_executable_pinned=true open_go_driver_creator=false open_cargo_driver_creator=true open_rustc_version_query=false open_rustc_metadata_query=false open_rustc_argc=32 open_rustc_argv_fnv1a64=64a98d95e24bb02b open_mountpoint_fnv1a64=af63a24c860189fe output_diagnostic= stdout=Operation: INSPECT
2026-10-07T04:44:02.5872087Z         Operation ID: op_jdjlu3imkobi2etxje7cidyicy
2026-10-07T04:44:02.5872480Z         Status: FAILED
2026-10-07T04:44:02.5872747Z         Run ID: run_74xzwfptvdf52n5jhta7pho6nm
2026-10-07T04:44:02.5873081Z         Run outcome: FAILED
2026-10-07T04:44:02.5873724Z         Artifact: project-local/project-0186903e4adba3f851e6954223b3e2233d775b6a0cd08201a9f1aa6c544adb5d@snapshot (cargo-source)
2026-10-07T04:44:02.5874507Z         Digest: sha256:bdf41bfb291cd865f3b98bda0d22fabc550a21142d00786ce6a81c1a1322e021
2026-10-07T04:44:02.5875151Z         Error: M12_CARGO_BUILD_OBSERVATION_FAILED: Project build did not complete.
2026-10-07T04:44:02.5884238Z --- PASS: TestLinuxCargoProcMacroSecurityCLIIntegration (16.81s)
2026-10-07T04:44:02.5884871Z     --- PASS: TestLinuxCargoProcMacroSecurityCLIIntegration/network (9.01s)
2026-10-07T04:44:02.5885458Z     --- PASS: TestLinuxCargoProcMacroSecurityCLIIntegration/filesystem (7.80s)
2026-10-07T04:44:02.5889820Z PASS
2026-10-07T04:44:02.5931566Z === RUN   TestLinuxTerraformInitIntegration
2026-10-07T04:44:02.5931920Z === RUN   TestLinuxTerraformInitIntegration/official
2026-10-07T04:44:08.1311379Z     terraform_init_integration_linux_test.go:140: actual_terraform_init_attempt=0 Source: terraform-registry
2026-10-07T04:44:08.1311977Z         Providers: 1
2026-10-07T04:44:08.1312406Z         Lock digest: 99fb2d19275d424494f9b13908c02d35283fe2a3eafc75557a2897028d3f671e
2026-10-07T04:44:13.8983945Z     terraform_init_integration_linux_test.go:140: actual_terraform_init_attempt=1 Source: terraform-registry
2026-10-07T04:44:13.8984414Z         Providers: 1
2026-10-07T04:44:13.8985106Z         Lock digest: 99fb2d19275d424494f9b13908c02d35283fe2a3eafc75557a2897028d3f671e
2026-10-07T04:44:13.9056563Z === RUN   TestLinuxTerraformInitIntegration/partner
2026-10-07T04:44:20.0680240Z     terraform_init_integration_linux_test.go:140: actual_terraform_init_attempt=0 Source: terraform-registry
2026-10-07T04:44:20.0680788Z         Providers: 1
2026-10-07T04:44:20.0681530Z         Lock digest: 09a25ee6094804f26211dd3df171aa4fe7638817160dce0f3a727b3e525eb8ed
2026-10-07T04:44:26.1548281Z     terraform_init_integration_linux_test.go:140: actual_terraform_init_attempt=1 Source: terraform-registry
2026-10-07T04:44:26.1548764Z         Providers: 1
2026-10-07T04:44:26.1549170Z         Lock digest: 09a25ee6094804f26211dd3df171aa4fe7638817160dce0f3a727b3e525eb8ed
2026-10-07T04:44:26.1635725Z === RUN   TestLinuxTerraformInitIntegration/complete-project
2026-10-07T04:44:36.1645983Z     terraform_init_integration_linux_test.go:140: actual_terraform_init_attempt=0 Source: terraform-registry
2026-10-07T04:44:36.1646527Z         Providers: 2
2026-10-07T04:44:36.1647078Z         Lock digest: 315c94b6fc35209dc3af5a8cb88472fcbbe2eb5bd0650ba0b6f99b1559ab16d7
2026-10-07T04:44:46.6469432Z     terraform_init_integration_linux_test.go:140: actual_terraform_init_attempt=1 Source: terraform-registry
2026-10-07T04:44:46.6469902Z         Providers: 2
2026-10-07T04:44:46.6470343Z         Lock digest: 315c94b6fc35209dc3af5a8cb88472fcbbe2eb5bd0650ba0b6f99b1559ab16d7
2026-10-07T04:44:46.6619005Z --- PASS: TestLinuxTerraformInitIntegration (44.07s)
2026-10-07T04:44:46.6619434Z     --- PASS: TestLinuxTerraformInitIntegration/official (11.31s)
2026-10-07T04:44:46.6619825Z     --- PASS: TestLinuxTerraformInitIntegration/partner (12.26s)
2026-10-07T04:44:46.6620261Z     --- PASS: TestLinuxTerraformInitIntegration/complete-project (20.50s)
2026-10-07T04:44:46.6620611Z === RUN   TestLinuxTerraformInitNegativeIntegration
2026-10-07T04:44:46.6620989Z === RUN   TestLinuxTerraformInitNegativeIntegration/lock-checksum-mismatch
2026-10-07T04:44:48.7529744Z     terraform_init_integration_linux_test.go:217: actual_terraform_negative=lock-checksum-mismatch primary=resolve exact Terraform graph: terraform package does not match any existing lock hash
2026-10-07T04:44:48.7537988Z === RUN   TestLinuxTerraformInitNegativeIntegration/remote-module
2026-10-07T04:44:50.0142665Z     terraform_init_integration_linux_test.go:217: actual_terraform_negative=remote-module primary=guard Terraform project: terraform remote module acquisition is unsupported
2026-10-07T04:44:50.0143760Z === RUN   TestLinuxTerraformInitNegativeIntegration/foreign-provider-cache
2026-10-07T04:44:51.2787796Z     terraform_init_integration_linux_test.go:217: actual_terraform_negative=foreign-provider-cache primary=guard Terraform project: terraform installation contains unmanaged module/backend/cache state
2026-10-07T04:44:51.2789670Z === RUN   TestLinuxTerraformInitNegativeIntegration/concurrent-init
2026-10-07T04:44:52.5456330Z     terraform_init_integration_linux_test.go:217: actual_terraform_negative=concurrent-init primary=guard Terraform project: go project is already being mutated or lock is unavailable
2026-10-07T04:44:52.5457526Z --- PASS: TestLinuxTerraformInitNegativeIntegration (5.88s)
2026-10-07T04:44:52.5458071Z     --- PASS: TestLinuxTerraformInitNegativeIntegration/lock-checksum-mismatch (2.09s)
2026-10-07T04:44:52.5459024Z     --- PASS: TestLinuxTerraformInitNegativeIntegration/remote-module (1.26s)
2026-10-07T04:44:52.5459829Z     --- PASS: TestLinuxTerraformInitNegativeIntegration/foreign-provider-cache (1.26s)
2026-10-07T04:44:52.5460594Z     --- PASS: TestLinuxTerraformInitNegativeIntegration/concurrent-init (1.27s)
2026-10-07T04:44:52.5461032Z PASS
2026-10-07T04:44:52.5554926Z go: downloading go.yaml.in/yaml/v3 v3.0.4
2026-10-07T04:44:53.2680025Z [check] strict version support freshness
2026-10-07T04:44:53.2745098Z === RUN   TestLinuxPyTorchFullIntegration
2026-10-07T04:45:22.2413151Z observer_attribution sequence=1 profile=pypi-wheel-pytorch-cpu counts=NETWORK/TRUSTED_CONTROL/CONNECT/INET/DIRECT_EXEC_SESSION/PYTHON:151
2026-10-07T04:48:45.9511525Z --- PASS: TestLinuxPyTorchFullIntegration (232.68s)
2026-10-07T04:48:45.9511835Z PASS
2026-10-07T04:48:45.9619420Z === RUN   TestLinuxPyTorchFullIntegration
2026-10-07T04:50:07.5120213Z observer_attribution sequence=1 profile=pypi-wheel-pytorch-cu126 counts=NETWORK/TRUSTED_CONTROL/CONNECT/INET/DIRECT_EXEC_SESSION/PYTHON:526
2026-10-07T04:51:52.9374489Z observer_attribution sequence=2 profile=pypi-wheel counts=NETWORK/TRUSTED_CONTROL/CONNECT/INET/DIRECT_EXEC_SESSION/PYTHON:15
2026-10-07T05:06:11.3593554Z     pytorch_linux_integration_test.go:126: bounded command evidence retained in result/promotion: {"scope":"post-install-command-target-import","module":"triton.profiler.viewer","owner_sha256":"387dae4cb0089a7b6ba1a428ae0782b65c4c58f57d94617cb22ca8593d8ccbca","unit":"DIRECT_IMPORT:324d826a5e0796a9815573025b8e581dafea10a9a4eeebdd618902f893e531c3","disposition":"NOT_ATTESTED","functionality_attested":false,"later_execution_enforced":false}
2026-10-07T05:06:11.3596694Z     pytorch_linux_integration_test.go:183: inspection input excluded from 29 promoted entries; separate supplemented evidence retained
2026-10-07T05:06:13.8378805Z --- PASS: TestLinuxPyTorchFullIntegration (1047.88s)
2026-10-07T05:06:13.8379418Z PASS
2026-10-07T05:06:13.9983373Z helper reaped: pid=169080 wait=0
2026-10-07T05:06:14.0423919Z helper launch: bash=/bin/bash version=5.2.21(1)-release owner=2287
2026-10-07T05:06:16.1143624Z helper ready: pid=347270 attempt=20
2026-10-07T05:06:16.1177260Z === RUN   TestLinuxPyPISdistBuildIntegration
2026-10-07T05:06:23.2798900Z observer_attribution sequence=1 profile=pypi-wheel counts=PROCESS/SENTRY_EXEC/OTHER/ARTIFACT_ROLE/ARTIFACT_GROUP:1,PROCESS/SENTRY_EXEC/PYTHON/ARTIFACT_ROLE/ARTIFACT_GROUP:2
2026-10-07T05:06:23.3206057Z --- PASS: TestLinuxPyPISdistBuildIntegration (7.20s)
2026-10-07T05:06:23.3206517Z === RUN   TestLinuxPyPIWheelDynamicIntegration
2026-10-07T05:06:27.7262128Z --- PASS: TestLinuxPyPIWheelDynamicIntegration (4.41s)
2026-10-07T05:06:27.7263552Z PASS
2026-10-07T05:06:27.7375609Z helper reaped: pid=347270 wait=0
2026-10-07T05:06:27.8676945Z helper launch: bash=/bin/bash version=5.2.21(1)-release owner=2287
2026-10-07T05:06:29.2169380Z helper ready: pid=348894 attempt=13
2026-10-07T05:06:31.5848451Z === RUN   TestLinuxNPMPromotionIntegration
2026-10-07T05:06:33.9829624Z --- PASS: TestLinuxNPMPromotionIntegration (2.40s)
2026-10-07T05:06:33.9830471Z PASS
2026-10-07T05:06:33.9831412Z ok  	github.com/rahoney/heliopause/internal/promotion	2.401s
2026-10-07T05:06:34.3090709Z === RUN   TestLinuxPyPIPromotionIntegration
2026-10-07T05:06:37.0235795Z --- PASS: TestLinuxPyPIPromotionIntegration (2.71s)
2026-10-07T05:06:37.0236128Z PASS
2026-10-07T05:06:37.0241749Z ok  	github.com/rahoney/heliopause/internal/promotion	2.718s
2026-10-07T05:06:37.1591070Z helper reaped: pid=348894 wait=0
2026-10-07T05:06:37.1591925Z cleanup: original=0 helper_state=CONFIRMED_STOPPED helper_stop=0 client_error=0 client_restore=0 restore_result=NOT_REQUIRED pid=348894
2026-10-07T05:06:37.3619335Z Post job cleanup.
2026-10-07T05:06:37.6615960Z Post job cleanup.
2026-10-07T05:06:37.7365732Z [command]/usr/bin/git version
2026-10-07T05:06:37.7488902Z git version 2.55.0
2026-10-07T05:06:37.7552294Z Temporarily overriding HOME='/home/runner/work/_temp/5d84418b-4be0-4e70-b2b7-13d87645174e' before making global git config changes
2026-10-07T05:06:37.7553315Z Adding repository directory to the temporary git global config as a safe directory
2026-10-07T05:06:37.7554150Z [command]/usr/bin/git config --global --add safe.directory /home/runner/work/heliopause/heliopause
2026-10-07T05:06:37.7589334Z Removing SSH command configuration
2026-10-07T05:06:37.7589947Z [command]/usr/bin/git config --local --name-only --get-regexp core\.sshCommand
2026-10-07T05:06:37.7624530Z [command]/usr/bin/git submodule foreach --recursive sh -c "git config --local --name-only --get-regexp 'core\.sshCommand' && git config --local --unset-all 'core.sshCommand' || :"
2026-10-07T05:06:37.8013552Z Removing HTTP extra header
2026-10-07T05:06:37.8014588Z [command]/usr/bin/git config --local --name-only --get-regexp http\.https\:\/\/github\.com\/\.extraheader
2026-10-07T05:06:37.8043077Z [command]/usr/bin/git submodule foreach --recursive sh -c "git config --local --name-only --get-regexp 'http\.https\:\/\/github\.com\/\.extraheader' && git config --local --unset-all 'http.https://github.com/.extraheader' || :"
2026-10-07T05:06:37.8249262Z Removing includeIf entries pointing to credentials config files
2026-10-07T05:06:37.8255704Z [command]/usr/bin/git config --local --name-only --get-regexp ^includeIf\.gitdir:
2026-10-07T05:06:37.8287601Z [command]/usr/bin/git submodule foreach --recursive git config --local --show-origin --name-only --get-regexp remote.origin.url
2026-10-07T05:06:37.8689361Z Cleaning up orphan processes
2026-10-07T05:06:37.9025924Z Terminate orphan process: pid (142462) (java.lang=ALL-UNNAMED)
