2026-10-07T03:16:50.7402792Z Current runner version: '2.337.0'
2026-10-07T03:16:50.7439002Z ##[group]Runner Image Provisioner
2026-10-07T03:16:50.7440280Z Hosted Compute Agent
2026-10-07T03:16:50.7441361Z Version: 20260901.588
2026-10-07T03:16:50.7442539Z Commit: f88ec8081b781fac6c440065ac7ff9e710ce3d0b
2026-10-07T03:16:50.7443824Z Build Date: 2026-09-01T19:56:44Z
2026-10-07T03:16:50.7444964Z Worker ID: {8a7fdf20-ba97-43c5-ba28-90052ec0f624}
2026-10-07T03:16:50.7446315Z Azure Region: eastus
2026-10-07T03:16:50.7447500Z ##[endgroup]
2026-10-07T03:16:50.7450330Z ##[group]Operating System
2026-10-07T03:16:50.7451392Z Ubuntu
2026-10-07T03:16:50.7452266Z 24.04.5
2026-10-07T03:16:50.7453103Z LTS
2026-10-07T03:16:50.7454094Z ##[endgroup]
2026-10-07T03:16:50.7455003Z ##[group]Runner Image
2026-10-07T03:16:50.7456643Z Image: ubuntu-24.04
2026-10-07T03:16:50.7457851Z Version: 20260927.320.1
2026-10-07T03:16:50.7460065Z Included Software: https://github.com/actions/runner-images/blob/ubuntu24/20260927.320/images/ubuntu/Ubuntu2404-Readme.md
2026-10-07T03:16:50.7462866Z Image Release: https://github.com/actions/runner-images/releases/tag/ubuntu24%2F20260927.320
2026-10-07T03:16:50.7464622Z ##[endgroup]
2026-10-07T03:16:50.7466573Z ##[group]GITHUB_TOKEN Permissions
2026-10-07T03:16:50.7470000Z Contents: read
2026-10-07T03:16:50.7471064Z Metadata: read
2026-10-07T03:16:50.7472167Z ##[endgroup]
2026-10-07T03:16:50.7475245Z Secret source: Actions
2026-10-07T03:16:50.7476811Z Cache mode: write
2026-10-07T03:16:50.7478749Z Prepare workflow directory
2026-10-07T03:16:50.8093869Z Prepare all required actions
2026-10-07T03:16:50.8165980Z Getting action download info
2026-10-07T03:16:51.0062926Z Download action repository 'actions/checkout@3d3c42e5aac5ba805825da76410c181273ba90b1' (SHA:3d3c42e5aac5ba805825da76410c181273ba90b1)
2026-10-07T03:16:51.1005639Z Download action repository 'actions/setup-go@b7ad1dad31e06c5925ef5d2fc7ad053ef454303e' (SHA:b7ad1dad31e06c5925ef5d2fc7ad053ef454303e)
2026-10-07T03:16:51.4070738Z Complete job name: gVisor Linux Integration
2026-10-07T03:16:51.4877625Z ##[group]Run actions/checkout@3d3c42e5aac5ba805825da76410c181273ba90b1
2026-10-07T03:16:51.4878830Z with:
2026-10-07T03:16:51.4879308Z   persist-credentials: false
2026-10-07T03:16:51.4879869Z   repository: rahoney/heliopause
2026-10-07T03:16:51.4883585Z   token: ***
2026-10-07T03:16:51.4884041Z   ssh-strict: true
2026-10-07T03:16:51.4884496Z   ssh-user: git
2026-10-07T03:16:51.4884930Z   clean: true
2026-10-07T03:16:51.4885402Z   sparse-checkout-cone-mode: true
2026-10-07T03:16:51.4885951Z   fetch-depth: 1
2026-10-07T03:16:51.4886404Z   fetch-tags: false
2026-10-07T03:16:51.4887124Z   show-progress: true
2026-10-07T03:16:51.4887622Z   lfs: false
2026-10-07T03:16:51.4888056Z   submodules: false
2026-10-07T03:16:51.4888537Z   set-safe-directory: true
2026-10-07T03:16:51.4889071Z   allow-unsafe-pr-checkout: false
2026-10-07T03:16:51.4889871Z env:
2026-10-07T03:16:51.4890301Z   GOTOOLCHAIN: local
2026-10-07T03:16:51.4890769Z ##[endgroup]
2026-10-07T03:16:51.5914260Z Syncing repository: rahoney/heliopause
2026-10-07T03:16:51.5916318Z ##[group]Getting Git version info
2026-10-07T03:16:51.5917680Z Working directory is '/home/runner/work/heliopause/heliopause'
2026-10-07T03:16:51.5919526Z [command]/usr/bin/git version
2026-10-07T03:16:51.5987846Z git version 2.55.0
2026-10-07T03:16:51.6018758Z ##[endgroup]
2026-10-07T03:16:51.6027553Z Temporarily overriding HOME='/home/runner/work/_temp/2bd92e25-5bc4-4017-bd7e-a3286471ac58' before making global git config changes
2026-10-07T03:16:51.6029915Z Adding repository directory to the temporary git global config as a safe directory
2026-10-07T03:16:51.6033976Z [command]/usr/bin/git config --global --add safe.directory /home/runner/work/heliopause/heliopause
2026-10-07T03:16:51.6083946Z Deleting the contents of '/home/runner/work/heliopause/heliopause'
2026-10-07T03:16:51.6088278Z ##[group]Determining repository object format
2026-10-07T03:16:51.6090224Z ##[endgroup]
2026-10-07T03:16:51.6091540Z ##[group]Initializing the repository
2026-10-07T03:16:51.6096108Z [command]/usr/bin/git init /home/runner/work/heliopause/heliopause
2026-10-07T03:16:51.6195712Z hint: Using 'master' as the name for the initial branch. This default branch name
2026-10-07T03:16:51.6198223Z hint: will change to "main" in Git 3.0. To configure the initial branch name
2026-10-07T03:16:51.6199786Z hint: to use in all of your new repositories, which will suppress this warning,
2026-10-07T03:16:51.6200573Z hint: call:
2026-10-07T03:16:51.6201007Z hint:
2026-10-07T03:16:51.6201597Z hint: 	git config --global init.defaultBranch <name>
2026-10-07T03:16:51.6202241Z hint:
2026-10-07T03:16:51.6202844Z hint: Names commonly chosen instead of 'master' are 'main', 'trunk' and
2026-10-07T03:16:51.6203790Z hint: 'development'. The just-created branch can be renamed via this command:
2026-10-07T03:16:51.6204537Z hint:
2026-10-07T03:16:51.6204977Z hint: 	git branch -m <name>
2026-10-07T03:16:51.6205479Z hint:
2026-10-07T03:16:51.6206225Z hint: Disable this message with "git config set advice.defaultBranchName false"
2026-10-07T03:16:51.6207735Z Initialized empty Git repository in /home/runner/work/heliopause/heliopause/.git/
2026-10-07T03:16:51.6213914Z [command]/usr/bin/git remote add origin https://github.com/rahoney/heliopause
2026-10-07T03:16:51.6270417Z ##[endgroup]
2026-10-07T03:16:51.6271694Z ##[group]Disabling automatic garbage collection
2026-10-07T03:16:51.6274306Z [command]/usr/bin/git config --local gc.auto 0
2026-10-07T03:16:51.6309308Z ##[endgroup]
2026-10-07T03:16:51.6310559Z ##[group]Setting up auth
2026-10-07T03:16:51.6311431Z Removing SSH command configuration
2026-10-07T03:16:51.6315523Z [command]/usr/bin/git config --local --name-only --get-regexp core\.sshCommand
2026-10-07T03:16:51.6360690Z [command]/usr/bin/git submodule foreach --recursive sh -c "git config --local --name-only --get-regexp 'core\.sshCommand' && git config --local --unset-all 'core.sshCommand' || :"
2026-10-07T03:16:51.6755899Z Removing HTTP extra header
2026-10-07T03:16:51.6768371Z [command]/usr/bin/git config --local --name-only --get-regexp http\.https\:\/\/github\.com\/\.extraheader
2026-10-07T03:16:51.6799643Z [command]/usr/bin/git submodule foreach --recursive sh -c "git config --local --name-only --get-regexp 'http\.https\:\/\/github\.com\/\.extraheader' && git config --local --unset-all 'http.https://github.com/.extraheader' || :"
2026-10-07T03:16:51.7045064Z Removing includeIf entries pointing to credentials config files
2026-10-07T03:16:51.7054217Z [command]/usr/bin/git config --local --name-only --get-regexp ^includeIf\.gitdir:
2026-10-07T03:16:51.7099546Z [command]/usr/bin/git submodule foreach --recursive git config --local --show-origin --name-only --get-regexp remote.origin.url
2026-10-07T03:16:51.7359523Z [command]/usr/bin/git config --file /home/runner/work/_temp/git-credentials-6dfadbde-9264-410a-a1d7-e4b3de9a963c.config http.https://github.com/.extraheader AUTHORIZATION: basic ***
2026-10-07T03:16:51.7411467Z [command]/usr/bin/git config --local includeIf.gitdir:/home/runner/work/heliopause/heliopause/.git.path /home/runner/work/_temp/git-credentials-6dfadbde-9264-410a-a1d7-e4b3de9a963c.config
2026-10-07T03:16:51.7455350Z [command]/usr/bin/git config --local includeIf.gitdir:/home/runner/work/heliopause/heliopause/.git/worktrees/*.path /home/runner/work/_temp/git-credentials-6dfadbde-9264-410a-a1d7-e4b3de9a963c.config
2026-10-07T03:16:51.7498686Z [command]/usr/bin/git config --local includeIf.gitdir:/github/workspace/.git.path /github/runner_temp/git-credentials-6dfadbde-9264-410a-a1d7-e4b3de9a963c.config
2026-10-07T03:16:51.7583863Z [command]/usr/bin/git config --local includeIf.gitdir:/github/workspace/.git/worktrees/*.path /github/runner_temp/git-credentials-6dfadbde-9264-410a-a1d7-e4b3de9a963c.config
2026-10-07T03:16:51.7622880Z ##[endgroup]
2026-10-07T03:16:51.7624536Z ##[group]Fetching the repository
2026-10-07T03:16:51.7631005Z [command]/usr/bin/git -c protocol.version=2 fetch --no-tags --prune --no-recurse-submodules --depth=1 origin +d328756f0087624093808215d1fbedd47767ef58:refs/remotes/origin/milestone/m12-go-cargo-terraform
2026-10-07T03:16:52.2751837Z From https://github.com/rahoney/heliopause
2026-10-07T03:16:52.2769902Z  * [new ref]         d328756f0087624093808215d1fbedd47767ef58 -> origin/milestone/m12-go-cargo-terraform
2026-10-07T03:16:52.2773996Z [command]/usr/bin/git branch --list --remote origin/milestone/m12-go-cargo-terraform
2026-10-07T03:16:52.2799197Z   origin/milestone/m12-go-cargo-terraform
2026-10-07T03:16:52.2809443Z [command]/usr/bin/git rev-parse refs/remotes/origin/milestone/m12-go-cargo-terraform
2026-10-07T03:16:52.2839011Z d328756f0087624093808215d1fbedd47767ef58
2026-10-07T03:16:52.2850519Z ##[endgroup]
2026-10-07T03:16:52.2852028Z ##[group]Determining the checkout info
2026-10-07T03:16:52.2853546Z ##[endgroup]
2026-10-07T03:16:52.2854444Z [command]/usr/bin/git sparse-checkout disable
2026-10-07T03:16:52.2908777Z [command]/usr/bin/git config --local --unset-all extensions.worktreeConfig
2026-10-07T03:16:52.2949804Z ##[group]Checking out the ref
2026-10-07T03:16:52.2953662Z [command]/usr/bin/git checkout --progress --force -B milestone/m12-go-cargo-terraform refs/remotes/origin/milestone/m12-go-cargo-terraform
2026-10-07T03:16:52.4148674Z Switched to a new branch 'milestone/m12-go-cargo-terraform'
2026-10-07T03:16:52.4177414Z branch 'milestone/m12-go-cargo-terraform' set up to track 'origin/milestone/m12-go-cargo-terraform'.
2026-10-07T03:16:52.4191401Z ##[endgroup]
2026-10-07T03:16:52.4245022Z [command]/usr/bin/git log -1 --format=%H
2026-10-07T03:16:52.4277562Z d328756f0087624093808215d1fbedd47767ef58
2026-10-07T03:16:52.4287236Z ##[group]Removing auth
2026-10-07T03:16:52.4288005Z Removing SSH command configuration
2026-10-07T03:16:52.4291691Z [command]/usr/bin/git config --local --name-only --get-regexp core\.sshCommand
2026-10-07T03:16:52.4331985Z [command]/usr/bin/git submodule foreach --recursive sh -c "git config --local --name-only --get-regexp 'core\.sshCommand' && git config --local --unset-all 'core.sshCommand' || :"
2026-10-07T03:16:52.4573872Z Removing HTTP extra header
2026-10-07T03:16:52.4578115Z [command]/usr/bin/git config --local --name-only --get-regexp http\.https\:\/\/github\.com\/\.extraheader
2026-10-07T03:16:52.4618436Z [command]/usr/bin/git submodule foreach --recursive sh -c "git config --local --name-only --get-regexp 'http\.https\:\/\/github\.com\/\.extraheader' && git config --local --unset-all 'http.https://github.com/.extraheader' || :"
2026-10-07T03:16:52.4856081Z Removing includeIf entries pointing to credentials config files
2026-10-07T03:16:52.4859302Z [command]/usr/bin/git config --local --name-only --get-regexp ^includeIf\.gitdir:
2026-10-07T03:16:52.4891933Z includeif.gitdir:/home/runner/work/heliopause/heliopause/.git.path
2026-10-07T03:16:52.4894197Z includeif.gitdir:/home/runner/work/heliopause/heliopause/.git/worktrees/*.path
2026-10-07T03:16:52.4896201Z includeif.gitdir:/github/workspace/.git.path
2026-10-07T03:16:52.4897754Z includeif.gitdir:/github/workspace/.git/worktrees/*.path
2026-10-07T03:16:52.4902396Z [command]/usr/bin/git config --local --get-all includeif.gitdir:/home/runner/work/heliopause/heliopause/.git.path
2026-10-07T03:16:52.4931160Z /home/runner/work/_temp/git-credentials-6dfadbde-9264-410a-a1d7-e4b3de9a963c.config
2026-10-07T03:16:52.4943097Z [command]/usr/bin/git config --local --unset includeif.gitdir:/home/runner/work/heliopause/heliopause/.git.path \/home\/runner\/work\/_temp\/git\-credentials\-6dfadbde\-9264\-410a\-a1d7\-e4b3de9a963c\.config
2026-10-07T03:16:52.5018006Z [command]/usr/bin/git config --local --get-all includeif.gitdir:/home/runner/work/heliopause/heliopause/.git/worktrees/*.path
2026-10-07T03:16:52.5050518Z /home/runner/work/_temp/git-credentials-6dfadbde-9264-410a-a1d7-e4b3de9a963c.config
2026-10-07T03:16:52.5061296Z [command]/usr/bin/git config --local --unset includeif.gitdir:/home/runner/work/heliopause/heliopause/.git/worktrees/*.path \/home\/runner\/work\/_temp\/git\-credentials\-6dfadbde\-9264\-410a\-a1d7\-e4b3de9a963c\.config
2026-10-07T03:16:52.5100749Z [command]/usr/bin/git config --local --get-all includeif.gitdir:/github/workspace/.git.path
2026-10-07T03:16:52.5169418Z /github/runner_temp/git-credentials-6dfadbde-9264-410a-a1d7-e4b3de9a963c.config
2026-10-07T03:16:52.5193815Z [command]/usr/bin/git config --local --unset includeif.gitdir:/github/workspace/.git.path \/github\/runner_temp\/git\-credentials\-6dfadbde\-9264\-410a\-a1d7\-e4b3de9a963c\.config
2026-10-07T03:16:52.5235003Z [command]/usr/bin/git config --local --get-all includeif.gitdir:/github/workspace/.git/worktrees/*.path
2026-10-07T03:16:52.5264313Z /github/runner_temp/git-credentials-6dfadbde-9264-410a-a1d7-e4b3de9a963c.config
2026-10-07T03:16:52.5272967Z [command]/usr/bin/git config --local --unset includeif.gitdir:/github/workspace/.git/worktrees/*.path \/github\/runner_temp\/git\-credentials\-6dfadbde\-9264\-410a\-a1d7\-e4b3de9a963c\.config
2026-10-07T03:16:52.5318301Z [command]/usr/bin/git submodule foreach --recursive git config --local --show-origin --name-only --get-regexp remote.origin.url
2026-10-07T03:16:52.5554920Z Removing credentials config '/home/runner/work/_temp/git-credentials-6dfadbde-9264-410a-a1d7-e4b3de9a963c.config'
2026-10-07T03:16:52.5565557Z ##[endgroup]
2026-10-07T03:16:52.5877576Z ##[group]Run actions/setup-go@b7ad1dad31e06c5925ef5d2fc7ad053ef454303e
2026-10-07T03:16:52.5878821Z with:
2026-10-07T03:16:52.5879313Z   go-version: 1.26.8
2026-10-07T03:16:52.5879906Z   check-latest: false
2026-10-07T03:16:52.5880501Z   cache: false
2026-10-07T03:16:52.5888710Z   token: ***
2026-10-07T03:16:52.5889221Z env:
2026-10-07T03:16:52.5889706Z   GOTOOLCHAIN: local
2026-10-07T03:16:52.5890285Z ##[endgroup]
2026-10-07T03:16:52.7156028Z Setup go version spec 1.26.8
2026-10-07T03:16:52.7295890Z Found in cache @ /opt/hostedtoolcache/go/1.26.8/x64
2026-10-07T03:16:52.7298700Z Added go to the path
2026-10-07T03:16:52.7301583Z Successfully set up Go version 1.26.8
2026-10-07T03:16:53.4071368Z go version go1.26.8 linux/amd64
2026-10-07T03:16:53.4071993Z 
2026-10-07T03:16:53.4072637Z ##[group]go env
2026-10-07T03:16:53.5689175Z AR='ar'
2026-10-07T03:16:53.5689816Z CC='gcc'
2026-10-07T03:16:53.5690313Z CGO_CFLAGS='-O2 -g'
2026-10-07T03:16:53.5690899Z CGO_CPPFLAGS=''
2026-10-07T03:16:53.5691522Z CGO_CXXFLAGS='-O2 -g'
2026-10-07T03:16:53.5692023Z CGO_ENABLED='1'
2026-10-07T03:16:53.5787763Z CGO_FFLAGS='-O2 -g'
2026-10-07T03:16:53.5788512Z CGO_LDFLAGS='-O2 -g'
2026-10-07T03:16:53.5789093Z CXX='g++'
2026-10-07T03:16:53.5789680Z GCCGO='gccgo'
2026-10-07T03:16:53.5790159Z GO111MODULE=''
2026-10-07T03:16:53.5790616Z GOAMD64='v1'
2026-10-07T03:16:53.5791072Z GOARCH='amd64'
2026-10-07T03:16:53.5791544Z GOAUTH='netrc'
2026-10-07T03:16:53.5791971Z GOBIN=''
2026-10-07T03:16:53.5792705Z GOCACHE='/home/runner/.cache/go-build'
2026-10-07T03:16:53.5793287Z GOCACHEPROG=''
2026-10-07T03:16:53.5793589Z GODEBUG=''
2026-10-07T03:16:53.5793886Z GOENV='/home/runner/.config/go/env'
2026-10-07T03:16:53.5794245Z GOEXE=''
2026-10-07T03:16:53.5794515Z GOEXPERIMENT=''
2026-10-07T03:16:53.5794842Z GOFIPS140='off'
2026-10-07T03:16:53.5795126Z GOFLAGS=''
2026-10-07T03:16:53.5795951Z GOGCCFLAGS='-fPIC -m64 -pthread -Wl,--no-gc-sections -fmessage-length=0 -ffile-prefix-map=/tmp/go-build1148550451=/tmp/go-build -gno-record-gcc-switches'
2026-10-07T03:16:53.5796730Z GOHOSTARCH='amd64'
2026-10-07T03:16:53.5797904Z GOHOSTOS='linux'
2026-10-07T03:16:53.5798421Z GOINSECURE=''
2026-10-07T03:16:53.5799081Z GOMOD='/home/runner/work/heliopause/heliopause/go.mod'
2026-10-07T03:16:53.5799561Z GOMODCACHE='/home/runner/go/pkg/mod'
2026-10-07T03:16:53.5799908Z GONOPROXY=''
2026-10-07T03:16:53.5800181Z GONOSUMDB=''
2026-10-07T03:16:53.5800451Z GOOS='linux'
2026-10-07T03:16:53.5800736Z GOPATH='/home/runner/go'
2026-10-07T03:16:53.5801041Z GOPRIVATE=''
2026-10-07T03:16:53.5801398Z GOPROXY='https://proxy.golang.org,direct'
2026-10-07T03:16:53.5801814Z GOROOT='/opt/hostedtoolcache/go/1.26.8/x64'
2026-10-07T03:16:53.5802188Z GOSUMDB='sum.golang.org'
2026-10-07T03:16:53.5802501Z GOTELEMETRY='local'
2026-10-07T03:16:53.5802851Z GOTELEMETRYDIR='/home/runner/.config/go/telemetry'
2026-10-07T03:16:53.5803598Z GOTMPDIR=''
2026-10-07T03:16:53.5803881Z GOTOOLCHAIN='local'
2026-10-07T03:16:53.5804304Z GOTOOLDIR='/opt/hostedtoolcache/go/1.26.8/x64/pkg/tool/linux_amd64'
2026-10-07T03:16:53.5804746Z GOVCS=''
2026-10-07T03:16:53.5805019Z GOVERSION='go1.26.8'
2026-10-07T03:16:53.5805304Z GOWORK=''
2026-10-07T03:16:53.5805609Z PKG_CONFIG='pkg-config'
2026-10-07T03:16:53.5805791Z 
2026-10-07T03:16:53.5806252Z ##[endgroup]
2026-10-07T03:16:53.5894663Z ##[group]Run set -eu
2026-10-07T03:16:53.5895430Z [36;1mset -eu[0m
2026-10-07T03:16:53.5895768Z [36;1mruntime_lock=scripts/runtimes.lock.json[0m
2026-10-07T03:16:53.5896143Z [36;1mtest -f "$runtime_lock"[0m
2026-10-07T03:16:53.5896684Z [36;1mdocker_package_version="$(jq -er '.docker.ci_ubuntu_24_04_amd64.docker_ce_package' "$runtime_lock")"[0m
2026-10-07T03:16:53.5897849Z [36;1mcontainerd_package_version="$(jq -er '.docker.ci_ubuntu_24_04_amd64.containerd_package' "$runtime_lock")"[0m
2026-10-07T03:16:53.5898545Z [36;1mdocker_engine_version="$(jq -er '.docker.ci_engine_version' "$runtime_lock")"[0m
2026-10-07T03:16:53.5899125Z [36;1mnode_image="$(jq -er '.node_image.reference' "$runtime_lock")"[0m
2026-10-07T03:16:53.5899638Z [36;1mpython_image="$(jq -er '.python_image.reference' "$runtime_lock")"[0m
2026-10-07T03:16:53.5900137Z [36;1mgo_image="$(jq -er '.go_image.reference' "$runtime_lock")"[0m
2026-10-07T03:16:53.5900645Z [36;1mrust_image="$(jq -er '.rust_image.reference' "$runtime_lock")"[0m
2026-10-07T03:16:53.5901056Z [36;1mconflicting_packages=()[0m
2026-10-07T03:16:53.5901678Z [36;1mfor package in docker.io docker-compose docker-compose-v2 docker-doc podman-docker containerd runc moby-engine moby-cli; do[0m
2026-10-07T03:16:53.5902472Z [36;1m  if dpkg-query -W -f='${db:Status-Abbrev}' "$package" 2>/dev/null | grep -q '^ii'; then[0m
2026-10-07T03:16:53.5902985Z [36;1m    conflicting_packages+=("$package")[0m
2026-10-07T03:16:53.5903309Z [36;1m  fi[0m
2026-10-07T03:16:53.5903550Z [36;1mdone[0m
2026-10-07T03:16:53.5903826Z [36;1mif ((${#conflicting_packages[@]})); then[0m
2026-10-07T03:16:53.5904258Z [36;1m  sudo apt-get remove -y "${conflicting_packages[@]}"[0m
2026-10-07T03:16:53.5904657Z [36;1mfi[0m
2026-10-07T03:16:53.5904939Z [36;1msudo install -m 0755 -d /etc/apt/keyrings[0m
2026-10-07T03:16:53.5905697Z [36;1mcurl --fail --location --silent --show-error https://download.docker.com/linux/ubuntu/gpg | sudo tee /etc/apt/keyrings/docker.asc >/dev/null[0m
2026-10-07T03:16:53.5906444Z [36;1msudo chmod a+r /etc/apt/keyrings/docker.asc[0m
2026-10-07T03:16:53.5906798Z [36;1mprintf '%s\n' \[0m
2026-10-07T03:16:53.5907227Z [36;1m  'Types: deb' \[0m
2026-10-07T03:16:53.5907577Z [36;1m  'URIs: https://download.docker.com/linux/ubuntu' \[0m
2026-10-07T03:16:53.5908006Z [36;1m  'Suites: noble' \[0m
2026-10-07T03:16:53.5908306Z [36;1m  'Components: stable' \[0m
2026-10-07T03:16:53.5908614Z [36;1m  'Architectures: amd64' \[0m
2026-10-07T03:16:53.5909157Z [36;1m  'Signed-By: /etc/apt/keyrings/docker.asc' | sudo tee /etc/apt/sources.list.d/docker.sources >/dev/null[0m
2026-10-07T03:16:53.5909722Z [36;1msudo apt-get update[0m
2026-10-07T03:16:53.5910144Z [36;1msudo apt-get install -y --allow-downgrades --no-install-recommends \[0m
2026-10-07T03:16:53.5910622Z [36;1m  "docker-ce=$docker_package_version" \[0m
2026-10-07T03:16:53.5911012Z [36;1m  "docker-ce-cli=$docker_package_version" \[0m
2026-10-07T03:16:53.5911415Z [36;1m  "containerd.io=$containerd_package_version" \[0m
2026-10-07T03:16:53.5911795Z [36;1m  binutils-aarch64-linux-gnu \[0m
2026-10-07T03:16:53.5912127Z [36;1m  gcc-aarch64-linux-gnu \[0m
2026-10-07T03:16:53.5912434Z [36;1m  g++-aarch64-linux-gnu \[0m
2026-10-07T03:16:53.5912732Z [36;1m  libbpf-dev \[0m
2026-10-07T03:16:53.5913013Z [36;1m  libc6-dev-i386 \[0m
2026-10-07T03:16:53.5913298Z [36;1m  libc6-dev-arm64-cross[0m
2026-10-07T03:16:53.5913623Z [36;1mtest -f /usr/include/bpf/bpf_helpers.h[0m
2026-10-07T03:16:53.5914024Z [36;1mtest -f /usr/include/x86_64-linux-gnu/gnu/stubs-32.h[0m
2026-10-07T03:16:53.5914630Z [36;1mcommand -v clang >/dev/null[0m
2026-10-07T03:16:53.5915003Z [36;1mfor tool in gcc g++ as ld objcopy; do[0m
2026-10-07T03:16:53.5915396Z [36;1m  command -v "aarch64-linux-gnu-$tool" >/dev/null[0m
2026-10-07T03:16:53.5915747Z [36;1mdone[0m
2026-10-07T03:16:53.5916083Z [36;1mtest -x "$(aarch64-linux-gnu-g++ -print-prog-name=cc1plus)"[0m
2026-10-07T03:16:53.5916665Z [36;1mfor header in \[0m
2026-10-07T03:16:53.5917124Z [36;1m  asm/sigcontext.h \[0m
2026-10-07T03:16:53.5917413Z [36;1m  asm/unistd.h \[0m
2026-10-07T03:16:53.5917679Z [36;1m  errno.h \[0m
2026-10-07T03:16:53.5917935Z [36;1m  linux/audit.h \[0m
2026-10-07T03:16:53.5918213Z [36;1m  linux/futex.h \[0m
2026-10-07T03:16:53.5918489Z [36;1m  linux/unistd.h \[0m
2026-10-07T03:16:53.5918766Z [36;1m  signal.h \[0m
2026-10-07T03:16:53.5919023Z [36;1m  stdint.h \[0m
2026-10-07T03:16:53.5919276Z [36;1m  stdlib.h \[0m
2026-10-07T03:16:53.5919536Z [36;1m  sys/prctl.h \[0m
2026-10-07T03:16:53.5919804Z [36;1m  sys/types.h \[0m
2026-10-07T03:16:53.5920082Z [36;1m  sys/ucontext.h \[0m
2026-10-07T03:16:53.5920358Z [36;1m  sys/user.h; do[0m
2026-10-07T03:16:53.5920680Z [36;1m  test -f "/usr/aarch64-linux-gnu/include/$header"[0m
2026-10-07T03:16:53.5921037Z [36;1mdone[0m
2026-10-07T03:16:53.5921415Z [36;1maarch64_gcc_include="$(aarch64-linux-gnu-gcc -print-file-name=include)"[0m
2026-10-07T03:16:53.5921907Z [36;1mtest -f "$aarch64_gcc_include/stdbool.h"[0m
2026-10-07T03:16:53.5922281Z [36;1mtest -f "$aarch64_gcc_include/stddef.h"[0m
2026-10-07T03:16:53.5922768Z [36;1mtest "$(docker version --format '{{.Server.Version}}')" = "$docker_engine_version"[0m
2026-10-07T03:16:53.5923342Z [36;1mscripts/build-gvisor-runtime-bundle.sh "$RUNNER_TEMP/gvisor"[0m
2026-10-07T03:16:53.5923866Z [36;1msudo install -d -m 0755 /usr/libexec/heliopause/gvisor/gvisor-bin[0m
2026-10-07T03:16:53.5924483Z [36;1mjq -er '.gvisor.runtime_bundle.members[].path' "$runtime_lock" | while IFS= read -r member; do[0m
2026-10-07T03:16:53.5925185Z [36;1m  sudo install -m 0755 "$RUNNER_TEMP/gvisor/$member" "/usr/libexec/heliopause/gvisor/$member"[0m
2026-10-07T03:16:53.5925673Z [36;1mdone[0m
2026-10-07T03:16:53.5926251Z [36;1msudo install -m 0644 "$RUNNER_TEMP/gvisor/gvisor-bundle.manifest.json" /usr/libexec/heliopause/gvisor/gvisor-bundle.manifest.json[0m
2026-10-07T03:16:53.5927363Z [36;1mtest "$(jq -er '.members | length' "$RUNNER_TEMP/gvisor/gvisor-bundle.manifest.json")" = 6[0m
2026-10-07T03:16:53.5927900Z [36;1mwhile IFS=' ' read -r member sha512; do[0m
2026-10-07T03:16:53.5928451Z [36;1m  test "$(sudo sha512sum "/usr/libexec/heliopause/gvisor/$member" | awk '{print $1}')" = "$sha512"[0m
2026-10-07T03:16:53.5928966Z [36;1mdone <<EOF[0m
2026-10-07T03:16:53.5929398Z [36;1m$(jq -er '.members[] | "\(.path) \(.sha512)"' "$RUNNER_TEMP/gvisor/gvisor-bundle.manifest.json")[0m
2026-10-07T03:16:53.5929876Z [36;1mEOF[0m
2026-10-07T03:16:53.5930241Z [36;1msudo install -d -m 0700 -o "$USER" -g "$(id -gn)" /run/heliopause-observer[0m
2026-10-07T03:16:53.5930734Z [36;1msudo install -d -m 0755 /etc/heliopause[0m
2026-10-07T03:16:53.5931265Z [36;1msudo install -m 0600 tools/gvisor-observer/pod-init.json /etc/heliopause/pod-init.json[0m
2026-10-07T03:16:53.5932404Z [36;1msudo /usr/libexec/heliopause/gvisor/runsc install --download-sidecars=NEVER --require-sidecars=ALWAYS --runtime=runsc-trace -- --sidecar-usage-policy=STRICT --pod-init-config=/etc/heliopause/pod-init.json[0m
2026-10-07T03:16:53.5934212Z [36;1msudo python3 -c 'import json; from pathlib import Path; path = Path("/etc/docker/daemon.json"); config = json.loads(path.read_text()) if path.exists() else {}; config.update({"firewall-backend": "iptables", "iptables": True, "ip6tables": False}); path.write_text(json.dumps(config, sort_keys=True) + "\n")'[0m
2026-10-07T03:16:53.5935778Z [36;1msudo systemctl restart docker || { sudo systemctl status docker --no-pager || true; sudo journalctl -u docker --no-pager -n 100 || true; exit 1; }[0m
2026-10-07T03:16:53.5936475Z [36;1msudo iptables -S DOCKER-USER[0m
2026-10-07T03:16:53.5937230Z [36;1mdocker pull "$node_image"[0m
2026-10-07T03:16:53.5937560Z [36;1mdocker pull "$python_image"[0m
2026-10-07T03:16:53.5937869Z [36;1mdocker pull "$go_image"[0m
2026-10-07T03:16:53.5938161Z [36;1mdocker pull "$rust_image"[0m
2026-10-07T03:16:53.5938620Z [36;1mscripts/build-gvisor-observer-release.sh "$RUNNER_TEMP/haa_gvisor_observer"[0m
2026-10-07T03:16:53.5939477Z [36;1msudo install -m 0755 "$RUNNER_TEMP/haa_gvisor_observer" /usr/libexec/heliopause/haa_gvisor_observer[0m
2026-10-07T03:16:53.5940013Z [36;1m[0m
2026-10-07T03:16:53.5940291Z [36;1msource scripts/ci-integration-cleanup.sh[0m
2026-10-07T03:16:53.5940645Z [36;1mhaa_ci_initialize[0m
2026-10-07T03:16:53.5940966Z [36;1mecho 'Building helox for gVisor integration'[0m
2026-10-07T03:16:53.5941386Z [36;1mgo build -trimpath -o "$RUNNER_TEMP/helox" ./cmd/helox[0m
2026-10-07T03:16:53.5941867Z [36;1mecho 'Building network-policy helper for gVisor integration'[0m
2026-10-07T03:16:53.5942504Z [36;1mgo build -trimpath -o "$RUNNER_TEMP/haa-network-policy-helper" ./cmd/haa-network-policy-helper[0m
2026-10-07T03:16:53.5943181Z [36;1mecho 'Installing network-policy helper and preparing its identity contract'[0m
2026-10-07T03:16:53.5943770Z [36;1msudo install -m 0755 "$RUNNER_TEMP/helox" /usr/libexec/heliopause/helox[0m
2026-10-07T03:16:53.5944481Z [36;1msudo install -m 0755 "$RUNNER_TEMP/haa-network-policy-helper" /usr/libexec/heliopause/haa-network-policy-helper[0m
2026-10-07T03:16:53.5945190Z [36;1msudo install -d -m 0755 -o root -g root /run/heliopause-network-policy[0m
2026-10-07T03:16:53.5946237Z [36;1mprintf '{"socket_path":"/run/heliopause-network-policy/helper.sock","client_path":"/usr/libexec/heliopause/helox","client_uid":%s,"client_gid":%s}\n' "$(id -u)" "$(id -g)" | sudo tee /etc/heliopause/network-policy.json >/dev/null[0m
2026-10-07T03:16:53.5947410Z [36;1m# The ordinary client must read the root-owned, non-writable public[0m
2026-10-07T03:16:53.5947927Z [36;1m# identity contract; it contains no credential or secret.[0m
2026-10-07T03:16:53.5948395Z [36;1msudo chmod 0644 /etc/heliopause/network-policy.json[0m
2026-10-07T03:16:53.5948776Z [36;1mhaa_start_policy_helper[0m
2026-10-07T03:16:53.5949125Z [36;1m/usr/libexec/heliopause/gvisor/runsc --version[0m
2026-10-07T03:16:53.5949531Z [36;1mdocker version --format '{{.Server.Version}}'[0m
2026-10-07T03:16:53.5949985Z [36;1mdocker info --format '{{json (index .Runtimes "runsc-trace")}}'[0m
2026-10-07T03:16:53.5950538Z [36;1mgo test -run='^$' -fuzz=FuzzDecodeHelperRecord -fuzztime=2s ./internal/sandbox[0m
2026-10-07T03:16:53.5951287Z [36;1mHELOX_HOSTTOOL_INTEGRATION=1 go test -v -timeout=2m ./internal/hosttool -run TestLinuxTrustedHostExecutorIntegration[0m
2026-10-07T03:16:53.5952160Z [36;1mHELOX_GVISOR_INTEGRATION=1 go test -timeout=5m ./internal/sandbox -run TestLinuxGVisorLifecycleIntegration[0m
2026-10-07T03:16:53.5953040Z [36;1mHELOX_GITHUB_RELEASE_INTEGRATION=1 go test -timeout=5m ./internal/sandbox -run TestLinuxGitHubReleaseELFDynamicIntegration[0m
2026-10-07T03:16:53.5953813Z [36;1m# The typed-helper ordinary-user path is exercised for both npm and pip.[0m
2026-10-07T03:16:53.5954382Z [36;1m# npm installs is-number@7.0.0 with complete ALLOW inspection and atomic[0m
2026-10-07T03:16:53.5954832Z [36;1m# offline promotion (exit 0).[0m
2026-10-07T03:16:53.5955275Z [36;1m# pip installs packaging@25.0 into an initialized Python 3.14 venv fixture,[0m
2026-10-07T03:16:53.5955858Z [36;1m# proving complete ALLOW inspection and atomic offline promotion (exit 0).[0m
2026-10-07T03:16:53.5956338Z [36;1mmkdir -p "$RUNNER_TEMP/pypi-target"[0m
2026-10-07T03:16:53.5956755Z [36;1mdocker run --rm --network none --user "$(id -u):$(id -g)" \[0m
2026-10-07T03:16:53.5957347Z [36;1m  -v "$RUNNER_TEMP/pypi-target:/target" \[0m
2026-10-07T03:16:53.5957764Z [36;1m  "$python_image" python -m venv --without-pip /target[0m
2026-10-07T03:16:53.5958136Z [36;1mset +e[0m
2026-10-07T03:16:53.5958585Z [36;1m/usr/libexec/heliopause/helox npm install is-number@7.0.0 --target "$RUNNER_TEMP/npm-target"[0m
2026-10-07T03:16:53.5959243Z [36;1mnpm_status=$?[0m
2026-10-07T03:16:53.5959722Z [36;1m/usr/libexec/heliopause/helox pip install packaging@25.0 --target "$RUNNER_TEMP/pypi-target"[0m
2026-10-07T03:16:53.5960244Z [36;1mpypi_status=$?[0m
2026-10-07T03:16:53.5960510Z [36;1mset -e[0m
2026-10-07T03:16:53.5960869Z [36;1mtest "$npm_status" = 0[0m
2026-10-07T03:16:53.5961290Z [36;1mtest -f "$RUNNER_TEMP/npm-target/node_modules/is-number/package.json"[0m
2026-10-07T03:16:53.5961788Z [36;1mjq -e '.name == "is-number" and .version == "7.0.0"' \[0m
2026-10-07T03:16:53.5962296Z [36;1m  "$RUNNER_TEMP/npm-target/node_modules/is-number/package.json" >/dev/null[0m
2026-10-07T03:16:53.5962772Z [36;1mtest "$pypi_status" = 0[0m
2026-10-07T03:16:53.5963210Z [36;1mtest -d "$RUNNER_TEMP/pypi-target/lib/python3.14/site-packages/packaging"[0m
2026-10-07T03:16:53.5964117Z [36;1mHELOX_RUN_TERRAFORM_SOURCE_INTEGRATION=1 go test -v -timeout=3m ./internal/verification/terraformprovider -run '^TestPublicTerraformProviderSourceIntegration$'[0m
2026-10-07T03:16:53.5965025Z [36;1mgo test -c -o "$RUNNER_TEMP/helox-sandbox-test" ./internal/sandbox[0m
2026-10-07T03:16:53.5965531Z [36;1mhaa_install_ci_client "$RUNNER_TEMP/helox-sandbox-test"[0m
2026-10-07T03:16:53.5965929Z [36;1mhaa_start_policy_helper[0m
2026-10-07T03:16:53.5966557Z [36;1mHELOX_PYTORCH_RESOLVER_INTEGRATION=1 /usr/libexec/heliopause/helox -test.v -test.run '^TestLinuxPyTorchResolverIntegration$'[0m
2026-10-07T03:16:53.5968148Z [36;1mHELOX_GO_RESOLVER_INTEGRATION=1 HELOX_GO_RESOLVER_PROJECT_INTEGRATION=1 /usr/libexec/heliopause/helox -test.v -test.timeout=5m -test.run '^TestLinuxGo(IsolatedResolver|IsolatedProjectResolver|SourceProjectSnapshot|DependencyFreeProjectSnapshot)Integration$'[0m
2026-10-07T03:16:53.5969404Z [36;1m# A compiled test binary keeps the caller's cwd; match go test's package cwd.[0m
2026-10-07T03:16:53.5969848Z [36;1m([0m
2026-10-07T03:16:53.5970100Z [36;1m  cd internal/sandbox[0m
2026-10-07T03:16:53.5970833Z [36;1m  HELOX_CARGO_RESOLVER_INTEGRATION=1 /usr/libexec/heliopause/helox -test.v -test.timeout=5m -test.run '^TestLinuxCargoSourceProjectSnapshotIntegration$'[0m
2026-10-07T03:16:53.5971565Z [36;1m)[0m
2026-10-07T03:16:53.5972249Z [36;1mHELOX_TERRAFORM_PROVIDER_INTEGRATION=1 /usr/libexec/heliopause/helox -test.v -test.timeout=5m -test.run '^TestLinuxTerraformProvider(Probe|Security)Integration$'[0m
2026-10-07T03:16:53.5973128Z [36;1mgo test -c -o "$RUNNER_TEMP/helox-bootstrap-test" ./internal/bootstrap[0m
2026-10-07T03:16:53.5973648Z [36;1mhaa_install_ci_client "$RUNNER_TEMP/helox-bootstrap-test"[0m
2026-10-07T03:16:53.5974063Z [36;1mhaa_start_policy_helper[0m
2026-10-07T03:16:53.5974714Z [36;1mHELOX_NPM_INSPECT_INTEGRATION=1 /usr/libexec/heliopause/helox -test.v -test.timeout=5m -test.run '^TestLinuxNPMInspectCLIIntegration$'[0m
2026-10-07T03:16:53.5976028Z [36;1mHELOX_GO_RESOLVER_INTEGRATION=1 HELOX_GO_RESOLVER_PROJECT_INTEGRATION=1 /usr/libexec/heliopause/helox -test.v -test.timeout=10m -test.run '^TestLinuxGo(GetDownload|TransitiveGetDownload|DependencyFreeDownload)Integration$'[0m
2026-10-07T03:16:53.5978263Z [36;1mHELOX_GO_BUILD_CLI_INTEGRATION=1 /usr/libexec/heliopause/helox -test.v -test.timeout=15m -test.run '^TestLinuxGo(DependencyFreeBuildCLI|PublicBuildCLI|TransitiveBuildCLI|InvalidTestdataBuildCLI|CgoBuildCLI|LibraryBuildCLI|MixedPackagesBuildCLI|MixedInvalidPackageBuildCLI|BuildSecurityCLI)Integration$'[0m
2026-10-07T03:16:53.5980068Z [36;1mHELOX_CARGO_RESOLVER_INTEGRATION=1 HELOX_CARGO_ADD_INTEGRATION=1 /usr/libexec/heliopause/helox -test.v -test.timeout=10m -test.run '^TestLinuxCargo(Add|TransitiveAdd)Integration$'[0m
2026-10-07T03:16:53.5981564Z [36;1mHELOX_CARGO_RESOLVER_INTEGRATION=1 HELOX_CARGO_BUILD_CLI_INTEGRATION=1 /usr/libexec/heliopause/helox -test.v -test.timeout=15m -test.run '^TestLinuxCargo.*Build.*CLIIntegration$|^TestLinuxCargoProcMacroSecurityCLIIntegration$'[0m
2026-10-07T03:16:53.5983133Z [36;1mHELOX_TERRAFORM_INIT_INTEGRATION=1 /usr/libexec/heliopause/helox -test.v -test.timeout=10m -test.run '^TestLinuxTerraformInit(Integration|NegativeIntegration)$'[0m
2026-10-07T03:16:53.5984024Z [36;1mselected_cuda_profiles=0[0m
2026-10-07T03:16:53.5984486Z [36;1mif [ "false" = true ]; then selected_cuda_profiles=$((selected_cuda_profiles + 1)); fi[0m
2026-10-07T03:16:53.5985227Z [36;1mif [ "false" = true ]; then selected_cuda_profiles=$((selected_cuda_profiles + 1)); fi[0m
2026-10-07T03:16:53.5985844Z [36;1mif [ "true" = true ]; then selected_cuda_profiles=$((selected_cuda_profiles + 1)); fi[0m
2026-10-07T03:16:53.5986342Z [36;1mif [ "$selected_cuda_profiles" -gt 1 ]; then[0m
2026-10-07T03:16:53.5986916Z [36;1m  echo "select at most one CUDA PyTorch qualification profile" >&2[0m
2026-10-07T03:16:53.5987335Z [36;1m  exit 1[0m
2026-10-07T03:16:53.5987572Z [36;1mfi[0m
2026-10-07T03:16:53.5987848Z [36;1mif [ "$selected_cuda_profiles" -gt 0 ]; then[0m
2026-10-07T03:16:53.5988259Z [36;1m  go run ./scripts/check qualification-freshness[0m
2026-10-07T03:16:53.5988612Z [36;1mfi[0m
2026-10-07T03:16:53.5989024Z [36;1m# Explicit qualification inputs only; never infer dependencies from artifact output.[0m
2026-10-07T03:16:53.5990224Z [36;1mHELOX_PYTORCH_INSPECTION_PREREQUISITE='' HELOX_PYTORCH_NOT_ATTESTED_MODULE='' HELOX_PYTORCH_FULL_INTEGRATION=1 HELOX_PYTORCH_PROFILE=cpu /usr/libexec/heliopause/helox -test.v -test.timeout=15m -test.run '^TestLinuxPyTorchFullIntegration$'[0m
2026-10-07T03:16:53.5991255Z [36;1mif [ "false" = true ]; then[0m
2026-10-07T03:16:53.5993569Z [36;1m  HELOX_PYTORCH_INSPECTION_PREREQUISITE='{"target_sha256":"94e4f9bd6b9b21aad545e0d441707094e4ff88ab420d62b85fcdc8b6da1e039f","source":"pypi","project":"numpy","version":"2.4.6","filename":"numpy-2.4.6-cp314-cp314-manylinux_2_27_x86_64.manylinux_2_28_x86_64.whl","sha256":"a2c306dea656c12c68f51f4cea133cbe78ca7435eb28c735eac1d3ebe73be6e8","reason":"BROADER_MODULE_PROBES"}' HELOX_PYTORCH_NOT_ATTESTED_MODULE='triton.profiler.viewer' HELOX_PYTORCH_FULL_INTEGRATION=1 HELOX_PYTORCH_PROFILE=cu126 /usr/libexec/heliopause/helox -test.v -test.timeout=40m -test.run '^TestLinuxPyTorchFullIntegration$'[0m
2026-10-07T03:16:53.5996038Z [36;1mfi[0m
2026-10-07T03:16:53.5996289Z [36;1mif [ "false" = true ]; then[0m
2026-10-07T03:16:53.5998631Z [36;1m  HELOX_PYTORCH_INSPECTION_PREREQUISITE='{"target_sha256":"bbacde6f75665b197016b986164cfdaa33b17515e5e635a63ddb75926aaa71c3","source":"pypi","project":"numpy","version":"2.4.6","filename":"numpy-2.4.6-cp314-cp314-manylinux_2_27_x86_64.manylinux_2_28_x86_64.whl","sha256":"a2c306dea656c12c68f51f4cea133cbe78ca7435eb28c735eac1d3ebe73be6e8","reason":"BROADER_MODULE_PROBES"}' HELOX_PYTORCH_NOT_ATTESTED_MODULE='triton.profiler.viewer' HELOX_PYTORCH_FULL_INTEGRATION=1 HELOX_PYTORCH_PROFILE=cu130 /usr/libexec/heliopause/helox -test.v -test.timeout=40m -test.run '^TestLinuxPyTorchFullIntegration$'[0m
2026-10-07T03:16:53.6000842Z [36;1mfi[0m
2026-10-07T03:16:53.6001085Z [36;1mif [ "true" = true ]; then[0m
2026-10-07T03:16:53.6003284Z [36;1m  HELOX_PYTORCH_INSPECTION_PREREQUISITE='{"target_sha256":"bbacde6f75665b197016b986164cfdaa33b17515e5e635a63ddb75926aaa71c3","source":"pypi","project":"numpy","version":"2.4.6","filename":"numpy-2.4.6-cp314-cp314-manylinux_2_27_x86_64.manylinux_2_28_x86_64.whl","sha256":"a2c306dea656c12c68f51f4cea133cbe78ca7435eb28c735eac1d3ebe73be6e8","reason":"BROADER_MODULE_PROBES"}' HELOX_PYTORCH_NOT_ATTESTED_MODULE='triton.profiler.viewer' HELOX_PYTORCH_FULL_INTEGRATION=1 HELOX_PYTORCH_PROFILE=cu132 /usr/libexec/heliopause/helox -test.v -test.timeout=40m -test.run '^TestLinuxPyTorchFullIntegration$'[0m
2026-10-07T03:16:53.6005478Z [36;1mfi[0m
2026-10-07T03:16:53.6005794Z [36;1mhaa_install_ci_client "$RUNNER_TEMP/helox-sandbox-test"[0m
2026-10-07T03:16:53.6006197Z [36;1mhaa_start_policy_helper[0m
2026-10-07T03:16:53.6007152Z [36;1mHELOX_PYPI_DYNAMIC_INTEGRATION=1 /usr/libexec/heliopause/helox -test.v -test.timeout=5m -test.run '^TestLinuxPyPI(WheelDynamic|SdistBuild)Integration$'[0m
2026-10-07T03:16:53.6008229Z [36;1m# Restore the production client before leaving the integration step.[0m
2026-10-07T03:16:53.6008714Z [36;1mhaa_install_ci_client "$RUNNER_TEMP/helox"[0m
2026-10-07T03:16:53.6009068Z [36;1mhaa_start_policy_helper[0m
2026-10-07T03:16:53.6009771Z [36;1mHELOX_PROMOTION_INTEGRATION=1 go test -v -timeout=5m ./internal/promotion -run TestLinuxNPMPromotionIntegration[0m
2026-10-07T03:16:53.6010690Z [36;1mHELOX_PYPI_PROMOTION_INTEGRATION=1 go test -v -timeout=5m ./internal/promotion -run TestLinuxPyPIPromotionIntegration[0m
2026-10-07T03:16:53.6015046Z shell: /bin/bash --noprofile --norc -e -u -o pipefail {0}
2026-10-07T03:16:53.6015452Z env:
2026-10-07T03:16:53.6015700Z   GOTOOLCHAIN: local
2026-10-07T03:16:53.6015959Z ##[endgroup]
2026-10-07T03:16:53.9881690Z Get:1 file:/etc/apt/apt-mirrors.txt Mirrorlist [144 B]
2026-10-07T03:16:54.0087580Z Get:6 https://download.docker.com/linux/ubuntu noble InRelease [48.5 kB]
2026-10-07T03:16:54.0395659Z Get:7 https://packages.microsoft.com/ubuntu/24.04/prod noble InRelease [3600 B]
2026-10-07T03:16:54.0441066Z Hit:2 http://azure.archive.ubuntu.com/ubuntu noble InRelease
2026-10-07T03:16:54.0453537Z Get:3 http://azure.archive.ubuntu.com/ubuntu noble-updates InRelease [126 kB]
2026-10-07T03:16:54.0564182Z Get:4 http://azure.archive.ubuntu.com/ubuntu noble-backports InRelease [126 kB]
2026-10-07T03:16:54.0622054Z Get:5 http://azure.archive.ubuntu.com/ubuntu noble-security InRelease [126 kB]
2026-10-07T03:16:54.1461564Z Get:8 https://download.docker.com/linux/ubuntu noble/stable amd64 Packages [68.0 kB]
2026-10-07T03:16:54.2052158Z Get:9 https://packages.microsoft.com/ubuntu/24.04/prod noble/main arm64 Packages [463 kB]
2026-10-07T03:16:54.2142046Z Get:10 https://packages.microsoft.com/ubuntu/24.04/prod noble/main amd64 Packages [519 kB]
2026-10-07T03:16:54.2202236Z Get:11 https://packages.microsoft.com/ubuntu/24.04/prod noble/main armhf Packages [12.6 kB]
2026-10-07T03:16:54.3328642Z Get:12 http://azure.archive.ubuntu.com/ubuntu noble-updates/main amd64 Packages [1375 kB]
2026-10-07T03:16:54.3405913Z Get:13 http://azure.archive.ubuntu.com/ubuntu noble-updates/main Translation-en [306 kB]
2026-10-07T03:16:54.3418166Z Get:14 http://azure.archive.ubuntu.com/ubuntu noble-updates/main amd64 Components [181 kB]
2026-10-07T03:16:54.3438664Z Get:15 http://azure.archive.ubuntu.com/ubuntu noble-updates/universe amd64 Packages [1701 kB]
2026-10-07T03:16:54.3548436Z Get:16 http://azure.archive.ubuntu.com/ubuntu noble-updates/universe Translation-en [341 kB]
2026-10-07T03:16:54.3568908Z Get:17 http://azure.archive.ubuntu.com/ubuntu noble-updates/universe amd64 Components [388 kB]
2026-10-07T03:16:54.3639961Z Get:18 http://azure.archive.ubuntu.com/ubuntu noble-updates/restricted amd64 Packages [1730 kB]
2026-10-07T03:16:54.3811544Z Get:19 http://azure.archive.ubuntu.com/ubuntu noble-updates/restricted Translation-en [396 kB]
2026-10-07T03:16:54.3833456Z Get:20 http://azure.archive.ubuntu.com/ubuntu noble-updates/multiverse Translation-en [13.3 kB]
2026-10-07T03:16:54.3871671Z Get:21 http://azure.archive.ubuntu.com/ubuntu noble-updates/multiverse amd64 Components [940 B]
2026-10-07T03:16:54.4491395Z Get:22 http://azure.archive.ubuntu.com/ubuntu noble-backports/main amd64 Components [5752 B]
2026-10-07T03:16:54.4541675Z Get:23 http://azure.archive.ubuntu.com/ubuntu noble-backports/universe amd64 Components [12.6 kB]
2026-10-07T03:16:54.4637597Z Get:24 http://azure.archive.ubuntu.com/ubuntu noble-security/main amd64 Packages [1073 kB]
2026-10-07T03:16:54.4694368Z Get:25 http://azure.archive.ubuntu.com/ubuntu noble-security/main Translation-en [223 kB]
2026-10-07T03:16:54.4712079Z Get:26 http://azure.archive.ubuntu.com/ubuntu noble-security/main amd64 Components [46.4 kB]
2026-10-07T03:16:54.4721666Z Get:27 http://azure.archive.ubuntu.com/ubuntu noble-security/universe amd64 Packages [1218 kB]
2026-10-07T03:16:54.4784032Z Get:28 http://azure.archive.ubuntu.com/ubuntu noble-security/universe Translation-en [245 kB]
2026-10-07T03:16:54.4802271Z Get:29 http://azure.archive.ubuntu.com/ubuntu noble-security/universe amd64 Components [76.3 kB]
2026-10-07T03:16:54.4813330Z Get:30 http://azure.archive.ubuntu.com/ubuntu noble-security/restricted amd64 Packages [1566 kB]
2026-10-07T03:16:54.4887767Z Get:31 http://azure.archive.ubuntu.com/ubuntu noble-security/restricted Translation-en [361 kB]
2026-10-07T03:16:54.4909699Z Get:32 http://azure.archive.ubuntu.com/ubuntu noble-security/multiverse Translation-en [11.6 kB]
2026-10-07T03:17:01.5176094Z Fetched 12.8 MB in 2s (8171 kB/s)
2026-10-07T03:17:02.4328621Z Reading package lists...
2026-10-07T03:17:02.4655387Z Reading package lists...
2026-10-07T03:17:02.6752478Z Building dependency tree...
2026-10-07T03:17:02.6762270Z Reading state information...
2026-10-07T03:17:02.8551456Z The following additional packages will be installed:
2026-10-07T03:17:02.8552663Z   cpp-13-aarch64-linux-gnu cpp-aarch64-linux-gnu g++-13-aarch64-linux-gnu
2026-10-07T03:17:02.8554081Z   gcc-13-aarch64-linux-gnu gcc-13-aarch64-linux-gnu-base gcc-13-cross-base
2026-10-07T03:17:02.8555429Z   gcc-14-cross-base libasan8-arm64-cross libatomic1-arm64-cross
2026-10-07T03:17:02.8556782Z   libc6-arm64-cross libelf-dev libgcc-13-dev-arm64-cross libgcc-s1-arm64-cross
2026-10-07T03:17:02.8558394Z   libgomp1-arm64-cross libhwasan0-arm64-cross libitm1-arm64-cross
2026-10-07T03:17:02.8559751Z   liblsan0-arm64-cross libstdc++-13-dev-arm64-cross libstdc++6-arm64-cross
2026-10-07T03:17:02.8561170Z   libtsan2-arm64-cross libubsan1-arm64-cross linux-libc-dev-arm64-cross
2026-10-07T03:17:02.8565875Z Suggested packages:
2026-10-07T03:17:02.8567162Z   binutils-doc gcc-13-locales cpp-13-doc cpp-doc cgroupfs-mount | cgroup-lite
2026-10-07T03:17:02.8568474Z   docker-model-plugin gcc-13-doc manpages-dev gdb-aarch64-linux-gnu gcc-doc
2026-10-07T03:17:02.8569155Z Recommended packages:
2026-10-07T03:17:02.8569951Z   docker-ce-rootless-extras docker-buildx-plugin docker-compose-plugin
2026-10-07T03:17:02.8570599Z   gcc-multilib
2026-10-07T03:17:02.9134618Z The following NEW packages will be installed:
2026-10-07T03:17:02.9135367Z   binutils-aarch64-linux-gnu cpp-13-aarch64-linux-gnu cpp-aarch64-linux-gnu
2026-10-07T03:17:02.9136390Z   g++-13-aarch64-linux-gnu g++-aarch64-linux-gnu gcc-13-aarch64-linux-gnu
2026-10-07T03:17:02.9137896Z   gcc-13-aarch64-linux-gnu-base gcc-13-cross-base gcc-14-cross-base
2026-10-07T03:17:02.9138686Z   gcc-aarch64-linux-gnu libasan8-arm64-cross libatomic1-arm64-cross libbpf-dev
2026-10-07T03:17:02.9139395Z   libc6-arm64-cross libc6-dev-arm64-cross libc6-dev-i386 libelf-dev
2026-10-07T03:17:02.9140067Z   libgcc-13-dev-arm64-cross libgcc-s1-arm64-cross libgomp1-arm64-cross
2026-10-07T03:17:02.9141446Z   libhwasan0-arm64-cross libitm1-arm64-cross liblsan0-arm64-cross
2026-10-07T03:17:02.9142145Z   libstdc++-13-dev-arm64-cross libstdc++6-arm64-cross libtsan2-arm64-cross
2026-10-07T03:17:02.9145364Z   libubsan1-arm64-cross linux-libc-dev-arm64-cross
2026-10-07T03:17:02.9149740Z The following packages will be upgraded:
2026-10-07T03:17:02.9156168Z   docker-ce docker-ce-cli
2026-10-07T03:17:02.9156666Z The following packages will be DOWNGRADED:
2026-10-07T03:17:02.9162729Z   containerd.io
2026-10-07T03:17:02.9392899Z 2 upgraded, 28 newly installed, 1 downgraded, 0 to remove and 29 not upgraded.
2026-10-07T03:17:02.9393664Z Need to get 126 MB of archives.
2026-10-07T03:17:02.9394295Z After this operation, 274 MB of additional disk space will be used.
2026-10-07T03:17:02.9395073Z Get:1 file:/etc/apt/apt-mirrors.txt Mirrorlist [144 B]
2026-10-07T03:17:02.9570311Z Get:30 https://download.docker.com/linux/ubuntu noble/stable amd64 docker-ce-cli amd64 5:29.8.1-1~ubuntu.24.04~noble [17.6 MB]
2026-10-07T03:17:03.0749100Z Get:31 https://download.docker.com/linux/ubuntu noble/stable amd64 containerd.io amd64 2.3.5-1~ubuntu.24.04~noble [22.4 MB]
2026-10-07T03:17:03.3611706Z Get:32 https://download.docker.com/linux/ubuntu noble/stable amd64 docker-ce amd64 5:29.8.1-1~ubuntu.24.04~noble [24.3 MB]
2026-10-07T03:17:03.9388119Z Get:2 http://azure.archive.ubuntu.com/ubuntu noble-updates/main amd64 gcc-13-aarch64-linux-gnu-base amd64 13.3.0-6ubuntu2~24.04.1cross1 [51.9 kB]
2026-10-07T03:17:04.2203089Z Get:3 http://azure.archive.ubuntu.com/ubuntu noble-updates/main amd64 cpp-13-aarch64-linux-gnu amd64 13.3.0-6ubuntu2~24.04.1cross1 [10.8 MB]
2026-10-07T03:17:05.0700603Z Get:4 http://azure.archive.ubuntu.com/ubuntu noble/main amd64 cpp-aarch64-linux-gnu amd64 4:13.2.0-7ubuntu1 [5332 B]
2026-10-07T03:17:05.1603903Z Get:5 http://azure.archive.ubuntu.com/ubuntu noble-updates/main amd64 binutils-aarch64-linux-gnu amd64 2.42-4ubuntu2.10 [3711 kB]
2026-10-07T03:17:05.3443331Z Get:6 http://azure.archive.ubuntu.com/ubuntu noble-updates/main amd64 gcc-13-cross-base all 13.3.0-6ubuntu2~24.04.1cross1 [46.5 kB]
2026-10-07T03:17:05.4345904Z Get:7 http://azure.archive.ubuntu.com/ubuntu noble-updates/main amd64 gcc-14-cross-base all 14.2.0-4ubuntu2~24.04.1cross1 [46.1 kB]
2026-10-07T03:17:05.5249076Z Get:8 http://azure.archive.ubuntu.com/ubuntu noble/main amd64 libc6-arm64-cross all 2.39-0ubuntu8cross1 [1197 kB]
2026-10-07T03:17:05.6260054Z Get:9 http://azure.archive.ubuntu.com/ubuntu noble-updates/main amd64 libgcc-s1-arm64-cross all 14.2.0-4ubuntu2~24.04.1cross1 [61.9 kB]
2026-10-07T03:17:05.7162707Z Get:10 http://azure.archive.ubuntu.com/ubuntu noble-updates/main amd64 libgomp1-arm64-cross all 14.2.0-4ubuntu2~24.04.1cross1 [110 kB]
2026-10-07T03:17:05.8068299Z Get:11 http://azure.archive.ubuntu.com/ubuntu noble-updates/main amd64 libitm1-arm64-cross all 14.2.0-4ubuntu2~24.04.1cross1 [31.1 kB]
2026-10-07T03:17:05.8968895Z Get:12 http://azure.archive.ubuntu.com/ubuntu noble-updates/main amd64 libatomic1-arm64-cross all 14.2.0-4ubuntu2~24.04.1cross1 [11.5 kB]
2026-10-07T03:17:05.9865312Z Get:13 http://azure.archive.ubuntu.com/ubuntu noble-updates/main amd64 libasan8-arm64-cross all 14.2.0-4ubuntu2~24.04.1cross1 [524 kB]
2026-10-07T03:17:06.0842537Z Get:14 http://azure.archive.ubuntu.com/ubuntu noble-updates/main amd64 liblsan0-arm64-cross all 14.2.0-4ubuntu2~24.04.1cross1 [238 kB]
2026-10-07T03:17:06.1760430Z Get:15 http://azure.archive.ubuntu.com/ubuntu noble-updates/main amd64 libtsan2-arm64-cross all 14.2.0-4ubuntu2~24.04.1cross1 [500 kB]
2026-10-07T03:17:06.2702885Z Get:16 http://azure.archive.ubuntu.com/ubuntu noble-updates/main amd64 libstdc++6-arm64-cross all 14.2.0-4ubuntu2~24.04.1cross1 [659 kB]
2026-10-07T03:17:06.3659450Z Get:17 http://azure.archive.ubuntu.com/ubuntu noble-updates/main amd64 libubsan1-arm64-cross all 14.2.0-4ubuntu2~24.04.1cross1 [219 kB]
2026-10-07T03:17:06.4579465Z Get:18 http://azure.archive.ubuntu.com/ubuntu noble-updates/main amd64 libhwasan0-arm64-cross all 14.2.0-4ubuntu2~24.04.1cross1 [304 kB]
2026-10-07T03:17:06.5502153Z Get:19 http://azure.archive.ubuntu.com/ubuntu noble-updates/main amd64 libgcc-13-dev-arm64-cross all 13.3.0-6ubuntu2~24.04.1cross1 [2616 kB]
2026-10-07T03:17:06.6648981Z Get:20 http://azure.archive.ubuntu.com/ubuntu noble-updates/main amd64 gcc-13-aarch64-linux-gnu amd64 13.3.0-6ubuntu2~24.04.1cross1 [21.1 MB]
2026-10-07T03:17:07.3563189Z Get:21 http://azure.archive.ubuntu.com/ubuntu noble/main amd64 linux-libc-dev-arm64-cross all 6.8.0-25.25cross1 [1375 kB]
2026-10-07T03:17:07.4840657Z Get:22 http://azure.archive.ubuntu.com/ubuntu noble/main amd64 libc6-dev-arm64-cross all 2.39-0ubuntu8cross1 [1629 kB]
2026-10-07T03:17:07.6191989Z Get:23 http://azure.archive.ubuntu.com/ubuntu noble-updates/main amd64 libstdc++-13-dev-arm64-cross all 13.3.0-6ubuntu2~24.04.1cross1 [2656 kB]
2026-10-07T03:17:07.7833319Z Get:24 http://azure.archive.ubuntu.com/ubuntu noble-updates/main amd64 g++-13-aarch64-linux-gnu amd64 13.3.0-6ubuntu2~24.04.1cross1 [12.2 MB]
2026-10-07T03:17:08.2192834Z Get:25 http://azure.archive.ubuntu.com/ubuntu noble/main amd64 gcc-aarch64-linux-gnu amd64 4:13.2.0-7ubuntu1 [1210 B]
2026-10-07T03:17:08.3089416Z Get:26 http://azure.archive.ubuntu.com/ubuntu noble/main amd64 g++-aarch64-linux-gnu amd64 4:13.2.0-7ubuntu1 [962 B]
2026-10-07T03:17:08.3986557Z Get:27 http://azure.archive.ubuntu.com/ubuntu noble-updates/main amd64 libelf-dev amd64 0.190-1.1ubuntu0.1 [68.5 kB]
2026-10-07T03:17:08.4901728Z Get:28 http://azure.archive.ubuntu.com/ubuntu noble/main amd64 libbpf-dev amd64 1:1.3.0-2build2 [259 kB]
2026-10-07T03:17:08.5863282Z Get:29 http://azure.archive.ubuntu.com/ubuntu noble-updates/main amd64 libc6-dev-i386 amd64 2.39-0ubuntu8.9 [1447 kB]
2026-10-07T03:17:08.9371443Z Fetched 126 MB in 6s (22.1 MB/s)
2026-10-07T03:17:09.0293248Z (Reading database ... 
2026-10-07T03:17:09.0293713Z (Reading database ... 5%
2026-10-07T03:17:09.0294108Z (Reading database ... 10%
2026-10-07T03:17:09.0294485Z (Reading database ... 15%
2026-10-07T03:17:09.0294866Z (Reading database ... 20%
2026-10-07T03:17:09.0295232Z (Reading database ... 25%
2026-10-07T03:17:09.0295596Z (Reading database ... 30%
2026-10-07T03:17:09.0296296Z (Reading database ... 35%
2026-10-07T03:17:09.0297197Z (Reading database ... 40%
2026-10-07T03:17:09.0297682Z (Reading database ... 45%
2026-10-07T03:17:09.0298060Z (Reading database ... 50%
2026-10-07T03:17:09.0684444Z (Reading database ... 55%
2026-10-07T03:17:09.5608810Z (Reading database ... 60%
2026-10-07T03:17:09.8374011Z (Reading database ... 65%
2026-10-07T03:17:10.1443440Z (Reading database ... 70%
2026-10-07T03:17:10.4440246Z (Reading database ... 75%
2026-10-07T03:17:10.8101674Z (Reading database ... 80%
2026-10-07T03:17:11.3663957Z (Reading database ... 85%
2026-10-07T03:17:11.9849152Z (Reading database ... 90%
2026-10-07T03:17:12.6778213Z (Reading database ... 95%
2026-10-07T03:17:12.6778672Z (Reading database ... 100%
2026-10-07T03:17:12.6779219Z (Reading database ... 202296 files and directories currently installed.)
2026-10-07T03:17:12.6822304Z Preparing to unpack .../00-docker-ce-cli_5%3a29.8.1-1~ubuntu.24.04~noble_amd64.deb ...
2026-10-07T03:17:12.6861880Z Unpacking docker-ce-cli (5:29.8.1-1~ubuntu.24.04~noble) over (5:28.0.4-1~ubuntu.24.04~noble) ...
2026-10-07T03:17:13.2686644Z dpkg: warning: downgrading containerd.io from 2.3.6-1~ubuntu.24.04~noble to 2.3.5-1~ubuntu.24.04~noble
2026-10-07T03:17:13.2814849Z Preparing to unpack .../01-containerd.io_2.3.5-1~ubuntu.24.04~noble_amd64.deb ...
2026-10-07T03:17:13.2909581Z Unpacking containerd.io (2.3.5-1~ubuntu.24.04~noble) over (2.3.6-1~ubuntu.24.04~noble) ...
2026-10-07T03:17:14.0080665Z Preparing to unpack .../02-docker-ce_5%3a29.8.1-1~ubuntu.24.04~noble_amd64.deb ...
2026-10-07T03:17:14.0290950Z Unpacking docker-ce (5:29.8.1-1~ubuntu.24.04~noble) over (5:28.0.4-1~ubuntu.24.04~noble) ...
2026-10-07T03:17:14.8013084Z Selecting previously unselected package gcc-13-aarch64-linux-gnu-base:amd64.
2026-10-07T03:17:14.8138103Z Preparing to unpack .../03-gcc-13-aarch64-linux-gnu-base_13.3.0-6ubuntu2~24.04.1cross1_amd64.deb ...
2026-10-07T03:17:14.8146499Z Unpacking gcc-13-aarch64-linux-gnu-base:amd64 (13.3.0-6ubuntu2~24.04.1cross1) ...
2026-10-07T03:17:14.8453740Z Selecting previously unselected package cpp-13-aarch64-linux-gnu.
2026-10-07T03:17:14.8579319Z Preparing to unpack .../04-cpp-13-aarch64-linux-gnu_13.3.0-6ubuntu2~24.04.1cross1_amd64.deb ...
2026-10-07T03:17:14.8610212Z Unpacking cpp-13-aarch64-linux-gnu (13.3.0-6ubuntu2~24.04.1cross1) ...
2026-10-07T03:17:14.9976208Z Selecting previously unselected package cpp-aarch64-linux-gnu.
2026-10-07T03:17:15.0109917Z Preparing to unpack .../05-cpp-aarch64-linux-gnu_4%3a13.2.0-7ubuntu1_amd64.deb ...
2026-10-07T03:17:15.0119538Z Unpacking cpp-aarch64-linux-gnu (4:13.2.0-7ubuntu1) ...
2026-10-07T03:17:15.0318434Z Selecting previously unselected package binutils-aarch64-linux-gnu.
2026-10-07T03:17:15.0443973Z Preparing to unpack .../06-binutils-aarch64-linux-gnu_2.42-4ubuntu2.10_amd64.deb ...
2026-10-07T03:17:15.0459371Z Unpacking binutils-aarch64-linux-gnu (2.42-4ubuntu2.10) ...
2026-10-07T03:17:15.1760268Z Selecting previously unselected package gcc-13-cross-base.
2026-10-07T03:17:15.1887173Z Preparing to unpack .../07-gcc-13-cross-base_13.3.0-6ubuntu2~24.04.1cross1_all.deb ...
2026-10-07T03:17:15.1895360Z Unpacking gcc-13-cross-base (13.3.0-6ubuntu2~24.04.1cross1) ...
2026-10-07T03:17:15.2086498Z Selecting previously unselected package gcc-14-cross-base.
2026-10-07T03:17:15.2212701Z Preparing to unpack .../08-gcc-14-cross-base_14.2.0-4ubuntu2~24.04.1cross1_all.deb ...
2026-10-07T03:17:15.2221422Z Unpacking gcc-14-cross-base (14.2.0-4ubuntu2~24.04.1cross1) ...
2026-10-07T03:17:15.2440294Z Selecting previously unselected package libc6-arm64-cross.
2026-10-07T03:17:15.2568133Z Preparing to unpack .../09-libc6-arm64-cross_2.39-0ubuntu8cross1_all.deb ...
2026-10-07T03:17:15.2577895Z Unpacking libc6-arm64-cross (2.39-0ubuntu8cross1) ...
2026-10-07T03:17:15.2934325Z Selecting previously unselected package libgcc-s1-arm64-cross.
2026-10-07T03:17:15.3060247Z Preparing to unpack .../10-libgcc-s1-arm64-cross_14.2.0-4ubuntu2~24.04.1cross1_all.deb ...
2026-10-07T03:17:15.3069040Z Unpacking libgcc-s1-arm64-cross (14.2.0-4ubuntu2~24.04.1cross1) ...
2026-10-07T03:17:15.3278661Z Selecting previously unselected package libgomp1-arm64-cross.
2026-10-07T03:17:15.3406552Z Preparing to unpack .../11-libgomp1-arm64-cross_14.2.0-4ubuntu2~24.04.1cross1_all.deb ...
2026-10-07T03:17:15.3414414Z Unpacking libgomp1-arm64-cross (14.2.0-4ubuntu2~24.04.1cross1) ...
2026-10-07T03:17:15.3642071Z Selecting previously unselected package libitm1-arm64-cross.
2026-10-07T03:17:15.3772188Z Preparing to unpack .../12-libitm1-arm64-cross_14.2.0-4ubuntu2~24.04.1cross1_all.deb ...
2026-10-07T03:17:15.3781443Z Unpacking libitm1-arm64-cross (14.2.0-4ubuntu2~24.04.1cross1) ...
2026-10-07T03:17:15.4021188Z Selecting previously unselected package libatomic1-arm64-cross.
2026-10-07T03:17:15.4148008Z Preparing to unpack .../13-libatomic1-arm64-cross_14.2.0-4ubuntu2~24.04.1cross1_all.deb ...
2026-10-07T03:17:15.4157998Z Unpacking libatomic1-arm64-cross (14.2.0-4ubuntu2~24.04.1cross1) ...
2026-10-07T03:17:15.4388270Z Selecting previously unselected package libasan8-arm64-cross.
2026-10-07T03:17:15.4518175Z Preparing to unpack .../14-libasan8-arm64-cross_14.2.0-4ubuntu2~24.04.1cross1_all.deb ...
2026-10-07T03:17:15.4528783Z Unpacking libasan8-arm64-cross (14.2.0-4ubuntu2~24.04.1cross1) ...
2026-10-07T03:17:15.4829862Z Selecting previously unselected package liblsan0-arm64-cross.
2026-10-07T03:17:15.4959412Z Preparing to unpack .../15-liblsan0-arm64-cross_14.2.0-4ubuntu2~24.04.1cross1_all.deb ...
2026-10-07T03:17:15.4984878Z Unpacking liblsan0-arm64-cross (14.2.0-4ubuntu2~24.04.1cross1) ...
2026-10-07T03:17:15.5232373Z Selecting previously unselected package libtsan2-arm64-cross.
2026-10-07T03:17:15.5356143Z Preparing to unpack .../16-libtsan2-arm64-cross_14.2.0-4ubuntu2~24.04.1cross1_all.deb ...
2026-10-07T03:17:15.5364235Z Unpacking libtsan2-arm64-cross (14.2.0-4ubuntu2~24.04.1cross1) ...
2026-10-07T03:17:15.5648320Z Selecting previously unselected package libstdc++6-arm64-cross.
2026-10-07T03:17:15.5772531Z Preparing to unpack .../17-libstdc++6-arm64-cross_14.2.0-4ubuntu2~24.04.1cross1_all.deb ...
2026-10-07T03:17:15.5780440Z Unpacking libstdc++6-arm64-cross (14.2.0-4ubuntu2~24.04.1cross1) ...
2026-10-07T03:17:15.6110805Z Selecting previously unselected package libubsan1-arm64-cross.
2026-10-07T03:17:15.6235257Z Preparing to unpack .../18-libubsan1-arm64-cross_14.2.0-4ubuntu2~24.04.1cross1_all.deb ...
2026-10-07T03:17:15.6242394Z Unpacking libubsan1-arm64-cross (14.2.0-4ubuntu2~24.04.1cross1) ...
2026-10-07T03:17:15.6472813Z Selecting previously unselected package libhwasan0-arm64-cross.
2026-10-07T03:17:15.6598156Z Preparing to unpack .../19-libhwasan0-arm64-cross_14.2.0-4ubuntu2~24.04.1cross1_all.deb ...
2026-10-07T03:17:15.6607113Z Unpacking libhwasan0-arm64-cross (14.2.0-4ubuntu2~24.04.1cross1) ...
2026-10-07T03:17:15.6869561Z Selecting previously unselected package libgcc-13-dev-arm64-cross.
2026-10-07T03:17:15.7000225Z Preparing to unpack .../20-libgcc-13-dev-arm64-cross_13.3.0-6ubuntu2~24.04.1cross1_all.deb ...
2026-10-07T03:17:15.7008856Z Unpacking libgcc-13-dev-arm64-cross (13.3.0-6ubuntu2~24.04.1cross1) ...
2026-10-07T03:17:15.7881828Z Selecting previously unselected package gcc-13-aarch64-linux-gnu.
2026-10-07T03:17:15.8011533Z Preparing to unpack .../21-gcc-13-aarch64-linux-gnu_13.3.0-6ubuntu2~24.04.1cross1_amd64.deb ...
2026-10-07T03:17:15.8041006Z Unpacking gcc-13-aarch64-linux-gnu (13.3.0-6ubuntu2~24.04.1cross1) ...
2026-10-07T03:17:16.0550277Z Selecting previously unselected package linux-libc-dev-arm64-cross.
2026-10-07T03:17:16.0678728Z Preparing to unpack .../22-linux-libc-dev-arm64-cross_6.8.0-25.25cross1_all.deb ...
2026-10-07T03:17:16.0690420Z Unpacking linux-libc-dev-arm64-cross (6.8.0-25.25cross1) ...
2026-10-07T03:17:16.2321738Z Selecting previously unselected package libc6-dev-arm64-cross.
2026-10-07T03:17:16.2453797Z Preparing to unpack .../23-libc6-dev-arm64-cross_2.39-0ubuntu8cross1_all.deb ...
2026-10-07T03:17:16.2461491Z Unpacking libc6-dev-arm64-cross (2.39-0ubuntu8cross1) ...
2026-10-07T03:17:16.3658959Z Selecting previously unselected package libstdc++-13-dev-arm64-cross.
2026-10-07T03:17:16.3788146Z Preparing to unpack .../24-libstdc++-13-dev-arm64-cross_13.3.0-6ubuntu2~24.04.1cross1_all.deb ...
2026-10-07T03:17:16.3795120Z Unpacking libstdc++-13-dev-arm64-cross (13.3.0-6ubuntu2~24.04.1cross1) ...
2026-10-07T03:17:16.5839819Z Selecting previously unselected package g++-13-aarch64-linux-gnu.
2026-10-07T03:17:16.5972510Z Preparing to unpack .../25-g++-13-aarch64-linux-gnu_13.3.0-6ubuntu2~24.04.1cross1_amd64.deb ...
2026-10-07T03:17:16.6007550Z Unpacking g++-13-aarch64-linux-gnu (13.3.0-6ubuntu2~24.04.1cross1) ...
2026-10-07T03:17:16.7552389Z Selecting previously unselected package gcc-aarch64-linux-gnu.
2026-10-07T03:17:16.7680334Z Preparing to unpack .../26-gcc-aarch64-linux-gnu_4%3a13.2.0-7ubuntu1_amd64.deb ...
2026-10-07T03:17:16.7687436Z Unpacking gcc-aarch64-linux-gnu (4:13.2.0-7ubuntu1) ...
2026-10-07T03:17:16.7884918Z Selecting previously unselected package g++-aarch64-linux-gnu.
2026-10-07T03:17:16.8013292Z Preparing to unpack .../27-g++-aarch64-linux-gnu_4%3a13.2.0-7ubuntu1_amd64.deb ...
2026-10-07T03:17:16.8021255Z Unpacking g++-aarch64-linux-gnu (4:13.2.0-7ubuntu1) ...
2026-10-07T03:17:16.8210152Z Selecting previously unselected package libelf-dev:amd64.
2026-10-07T03:17:16.8338687Z Preparing to unpack .../28-libelf-dev_0.190-1.1ubuntu0.1_amd64.deb ...
2026-10-07T03:17:16.8345866Z Unpacking libelf-dev:amd64 (0.190-1.1ubuntu0.1) ...
2026-10-07T03:17:16.8593455Z Selecting previously unselected package libbpf-dev:amd64.
2026-10-07T03:17:16.8723768Z Preparing to unpack .../29-libbpf-dev_1%3a1.3.0-2build2_amd64.deb ...
2026-10-07T03:17:16.8731306Z Unpacking libbpf-dev:amd64 (1:1.3.0-2build2) ...
2026-10-07T03:17:16.8977269Z Selecting previously unselected package libc6-dev-i386.
2026-10-07T03:17:16.9104658Z Preparing to unpack .../30-libc6-dev-i386_2.39-0ubuntu8.9_amd64.deb ...
2026-10-07T03:17:16.9112723Z Unpacking libc6-dev-i386 (2.39-0ubuntu8.9) ...
2026-10-07T03:17:16.9935511Z Setting up libc6-dev-i386 (2.39-0ubuntu8.9) ...
2026-10-07T03:17:16.9962852Z Setting up binutils-aarch64-linux-gnu (2.42-4ubuntu2.10) ...
2026-10-07T03:17:16.9980099Z Setting up gcc-14-cross-base (14.2.0-4ubuntu2~24.04.1cross1) ...
2026-10-07T03:17:16.9996515Z Setting up gcc-13-cross-base (13.3.0-6ubuntu2~24.04.1cross1) ...
2026-10-07T03:17:17.0012457Z Setting up libc6-arm64-cross (2.39-0ubuntu8cross1) ...
2026-10-07T03:17:17.0028485Z Setting up containerd.io (2.3.5-1~ubuntu.24.04~noble) ...
2026-10-07T03:17:17.4824219Z Setting up libelf-dev:amd64 (0.190-1.1ubuntu0.1) ...
2026-10-07T03:17:17.4844696Z Setting up libitm1-arm64-cross (14.2.0-4ubuntu2~24.04.1cross1) ...
2026-10-07T03:17:17.4864827Z Setting up linux-libc-dev-arm64-cross (6.8.0-25.25cross1) ...
2026-10-07T03:17:17.4885612Z Setting up docker-ce-cli (5:29.8.1-1~ubuntu.24.04~noble) ...
2026-10-07T03:17:17.4904865Z Setting up gcc-13-aarch64-linux-gnu-base:amd64 (13.3.0-6ubuntu2~24.04.1cross1) ...
2026-10-07T03:17:17.4920971Z Setting up libgcc-s1-arm64-cross (14.2.0-4ubuntu2~24.04.1cross1) ...
2026-10-07T03:17:17.4942748Z Setting up libatomic1-arm64-cross (14.2.0-4ubuntu2~24.04.1cross1) ...
2026-10-07T03:17:17.4961113Z Setting up liblsan0-arm64-cross (14.2.0-4ubuntu2~24.04.1cross1) ...
2026-10-07T03:17:17.4979144Z Setting up libgomp1-arm64-cross (14.2.0-4ubuntu2~24.04.1cross1) ...
2026-10-07T03:17:17.4999818Z Setting up libbpf-dev:amd64 (1:1.3.0-2build2) ...
2026-10-07T03:17:17.5019230Z Setting up cpp-13-aarch64-linux-gnu (13.3.0-6ubuntu2~24.04.1cross1) ...
2026-10-07T03:17:17.5038047Z Setting up libhwasan0-arm64-cross (14.2.0-4ubuntu2~24.04.1cross1) ...
2026-10-07T03:17:17.5057500Z Setting up libc6-dev-arm64-cross (2.39-0ubuntu8cross1) ...
2026-10-07T03:17:17.5074603Z Setting up libstdc++6-arm64-cross (14.2.0-4ubuntu2~24.04.1cross1) ...
2026-10-07T03:17:17.5092910Z Setting up cpp-aarch64-linux-gnu (4:13.2.0-7ubuntu1) ...
2026-10-07T03:17:17.5110877Z Setting up docker-ce (5:29.8.1-1~ubuntu.24.04~noble) ...
2026-10-07T03:17:19.3027893Z Setting up libasan8-arm64-cross (14.2.0-4ubuntu2~24.04.1cross1) ...
2026-10-07T03:17:19.3045932Z Setting up libtsan2-arm64-cross (14.2.0-4ubuntu2~24.04.1cross1) ...
2026-10-07T03:17:19.3064974Z Setting up libubsan1-arm64-cross (14.2.0-4ubuntu2~24.04.1cross1) ...
2026-10-07T03:17:19.3082625Z Setting up libgcc-13-dev-arm64-cross (13.3.0-6ubuntu2~24.04.1cross1) ...
2026-10-07T03:17:19.3100690Z Setting up gcc-13-aarch64-linux-gnu (13.3.0-6ubuntu2~24.04.1cross1) ...
2026-10-07T03:17:19.3118219Z Setting up libstdc++-13-dev-arm64-cross (13.3.0-6ubuntu2~24.04.1cross1) ...
2026-10-07T03:17:19.3135481Z Setting up g++-13-aarch64-linux-gnu (13.3.0-6ubuntu2~24.04.1cross1) ...
2026-10-07T03:17:19.3152968Z Setting up gcc-aarch64-linux-gnu (4:13.2.0-7ubuntu1) ...
2026-10-07T03:17:19.3172946Z Setting up g++-aarch64-linux-gnu (4:13.2.0-7ubuntu1) ...
2026-10-07T03:17:19.3199760Z Processing triggers for man-db (2.12.0-4build2) ...
2026-10-07T03:17:19.3228140Z Not building database; man-db/auto-update is not 'true'.
2026-10-07T03:17:19.3243527Z Processing triggers for libc-bin (2.39-0ubuntu8.9) ...
2026-10-07T03:17:20.5047218Z 
2026-10-07T03:17:20.5047958Z Running kernel seems to be up-to-date.
2026-10-07T03:17:20.5048340Z 
2026-10-07T03:17:20.5048884Z No services need to be restarted.
2026-10-07T03:17:20.5068450Z 
2026-10-07T03:17:20.5068609Z No containers need to be restarted.
2026-10-07T03:17:20.5068835Z 
2026-10-07T03:17:20.5068979Z No user sessions are running outdated binaries.
2026-10-07T03:17:20.5069200Z 
2026-10-07T03:17:20.5069416Z No VM guests are running outdated hypervisor (qemu) binaries on this host.
2026-10-07T03:17:21.6180323Z hint: Using 'master' as the name for the initial branch. This default branch name
2026-10-07T03:17:21.6181441Z hint: will change to "main" in Git 3.0. To configure the initial branch name
2026-10-07T03:17:21.6182450Z hint: to use in all of your new repositories, which will suppress this warning,
2026-10-07T03:17:21.6183199Z hint: call:
2026-10-07T03:17:21.6183559Z hint:
2026-10-07T03:17:21.6183891Z hint: 	git config --global init.defaultBranch <name>
2026-10-07T03:17:21.6184286Z hint:
2026-10-07T03:17:21.6184684Z hint: Names commonly chosen instead of 'master' are 'main', 'trunk' and
2026-10-07T03:17:21.6185353Z hint: 'development'. The just-created branch can be renamed via this command:
2026-10-07T03:17:21.6185841Z hint:
2026-10-07T03:17:21.6186106Z hint: 	git branch -m <name>
2026-10-07T03:17:21.6186401Z hint:
2026-10-07T03:17:21.6187075Z hint: Disable this message with "git config set advice.defaultBranchName false"
2026-10-07T03:17:25.2960591Z us-central1-docker.pkg.dev/gvisor-presubmit/gvisor-presubmit-images/default_x86_64@sha256:9afba722516843795c026fbe3b7cd8a8f6b729d241e656a70af1ad46fe09406c: Pulling from gvisor-presubmit/gvisor-presubmit-images/default_x86_64
2026-10-07T03:17:25.3002394Z d544298cabd5: Pulling fs layer
2026-10-07T03:17:25.3003110Z ab2267afd5af: Pulling fs layer
2026-10-07T03:17:25.3003767Z 0bf74a384ec6: Pulling fs layer
2026-10-07T03:17:25.3005270Z 5acb13da556d: Pulling fs layer
2026-10-07T03:17:25.3005930Z 464275bdef61: Pulling fs layer
2026-10-07T03:17:25.3006552Z 5791a197cfee: Pulling fs layer
2026-10-07T03:17:25.3007473Z eef77529dfa7: Pulling fs layer
2026-10-07T03:17:25.3007975Z 93bb5bcfff2c: Pulling fs layer
2026-10-07T03:17:25.3008506Z c90ec6366fc5: Pulling fs layer
2026-10-07T03:17:25.3009037Z 1a5fc2c5aa95: Pulling fs layer
2026-10-07T03:17:25.3010034Z c32c4609a695: Pulling fs layer
2026-10-07T03:17:25.3010556Z 5acb13da556d: Waiting
2026-10-07T03:17:25.3011047Z 93bb5bcfff2c: Waiting
2026-10-07T03:17:25.3011516Z c90ec6366fc5: Waiting
2026-10-07T03:17:25.3012007Z 1a5fc2c5aa95: Waiting
2026-10-07T03:17:25.3012494Z 464275bdef61: Waiting
2026-10-07T03:17:25.3013005Z 5791a197cfee: Waiting
2026-10-07T03:17:25.3013759Z eef77529dfa7: Waiting
2026-10-07T03:17:25.3014242Z c32c4609a695: Waiting
2026-10-07T03:17:25.8700087Z 0bf74a384ec6: Verifying Checksum
2026-10-07T03:17:25.8700458Z 0bf74a384ec6: Download complete
2026-10-07T03:17:26.1133161Z d544298cabd5: Verifying Checksum
2026-10-07T03:17:26.1133956Z d544298cabd5: Download complete
2026-10-07T03:17:26.3567288Z 464275bdef61: Verifying Checksum
2026-10-07T03:17:26.3567888Z 464275bdef61: Download complete
2026-10-07T03:17:26.3908110Z 5acb13da556d: Verifying Checksum
2026-10-07T03:17:26.3909131Z 5acb13da556d: Download complete
2026-10-07T03:17:27.1813582Z 5791a197cfee: Verifying Checksum
2026-10-07T03:17:27.1814188Z 5791a197cfee: Download complete
2026-10-07T03:17:27.5260016Z 93bb5bcfff2c: Verifying Checksum
2026-10-07T03:17:27.5260664Z 93bb5bcfff2c: Download complete
2026-10-07T03:17:27.6733132Z c90ec6366fc5: Verifying Checksum
2026-10-07T03:17:27.6734258Z c90ec6366fc5: Download complete
2026-10-07T03:17:27.7590445Z eef77529dfa7: Verifying Checksum
2026-10-07T03:17:27.7591175Z eef77529dfa7: Download complete
2026-10-07T03:17:27.8935135Z c32c4609a695: Verifying Checksum
2026-10-07T03:17:27.8935780Z c32c4609a695: Download complete
2026-10-07T03:17:27.9177317Z d544298cabd5: Pull complete
2026-10-07T03:17:28.5326149Z 1a5fc2c5aa95: Verifying Checksum
2026-10-07T03:17:28.5326770Z 1a5fc2c5aa95: Download complete
2026-10-07T03:17:30.8852935Z ab2267afd5af: Verifying Checksum
2026-10-07T03:17:30.8853476Z ab2267afd5af: Download complete
2026-10-07T03:17:52.2811630Z ab2267afd5af: Pull complete
2026-10-07T03:17:52.3721501Z 0bf74a384ec6: Pull complete
2026-10-07T03:17:52.3808079Z 5acb13da556d: Pull complete
2026-10-07T03:17:52.3926738Z 464275bdef61: Pull complete
2026-10-07T03:17:53.2371640Z 5791a197cfee: Pull complete
2026-10-07T03:18:13.0244849Z eef77529dfa7: Pull complete
2026-10-07T03:18:13.0735998Z 93bb5bcfff2c: Pull complete
2026-10-07T03:18:13.0817300Z c90ec6366fc5: Pull complete
2026-10-07T03:18:13.3460371Z 1a5fc2c5aa95: Pull complete
2026-10-07T03:18:13.3554273Z c32c4609a695: Pull complete
2026-10-07T03:18:13.3590114Z Digest: sha256:9afba722516843795c026fbe3b7cd8a8f6b729d241e656a70af1ad46fe09406c
2026-10-07T03:18:13.3598104Z Status: Downloaded newer image for us-central1-docker.pkg.dev/gvisor-presubmit/gvisor-presubmit-images/default_x86_64@sha256:9afba722516843795c026fbe3b7cd8a8f6b729d241e656a70af1ad46fe09406c
2026-10-07T03:18:13.3608008Z us-central1-docker.pkg.dev/gvisor-presubmit/gvisor-presubmit-images/default_x86_64@sha256:9afba722516843795c026fbe3b7cd8a8f6b729d241e656a70af1ad46fe09406c
2026-10-07T03:18:13.7431155Z Extracting Bazel installation...
2026-10-07T03:18:14.6451963Z Starting local Bazel server (8.3.1) and connecting to it...
2026-10-07T03:18:16.2211586Z Computing main repo mapping: 
2026-10-07T03:18:17.2276718Z Computing main repo mapping: 
2026-10-07T03:18:18.2266175Z Computing main repo mapping: 
2026-10-07T03:18:19.6338965Z Computing main repo mapping: 
2026-10-07T03:18:20.6426531Z Computing main repo mapping: 
2026-10-07T03:18:21.3730425Z WARNING: For repository 'bazel_skylib', the root module requires module version bazel_skylib@1.7.1, but got bazel_skylib@1.8.2 in the resolved dependency graph. Please update the version in your MODULE.bazel or set --check_direct_dependencies=off
2026-10-07T03:18:21.6479861Z Computing main repo mapping: 
2026-10-07T03:18:22.6669878Z Computing main repo mapping: 
2026-10-07T03:18:23.3919486Z Loading: 
2026-10-07T03:18:23.3942149Z Loading: 2 packages loaded
2026-10-07T03:18:24.4175719Z Loading: 2 packages loaded
2026-10-07T03:18:24.4177537Z     currently loading: 
2026-10-07T03:18:24.4971262Z DEBUG: /tmp/helox-release-gvisor.a5nIRH/.cache/bazel/_bazel_builder/9b6d5f60f602ff501edbf4a6371732d6/external/gazelle+/internal/bzlmod/go_deps.bzl:660:36: The following Go modules were required by the root module at the given versions, but were implicitly updated to higher versions due to transitive dependencies:
2026-10-07T03:18:24.4974321Z  
2026-10-07T03:18:24.4975129Z   go.opentelemetry.io/auto/sdk: v1.1.0 -> v1.2.1 
2026-10-07T03:18:24.4976746Z   go.opentelemetry.io/contrib/instrumentation/google.golang.org/grpc/otelgrpc: v0.61.0 -> v0.67.0 
2026-10-07T03:18:24.4978279Z   golang.org/x/crypto: v0.42.0 -> v0.49.0 
2026-10-07T03:18:24.4978909Z   golang.org/x/term: v0.35.0 -> v0.42.0 
2026-10-07T03:18:24.4979508Z   golang.org/x/net: v0.44.0 -> v0.52.0 
2026-10-07T03:18:24.4980121Z   go.opentelemetry.io/otel: v1.37.0 -> v1.43.0 
2026-10-07T03:18:24.4980836Z   go.opentelemetry.io/otel/metric: v1.28.0 -> v1.43.0 
2026-10-07T03:18:24.4981563Z   github.com/felixge/httpsnoop: v1.0.2 -> v1.0.4 
2026-10-07T03:18:24.4982512Z   go.opentelemetry.io/contrib/instrumentation/net/http/otelhttp: v0.53.0 -> v0.67.0 
2026-10-07T03:18:24.4983460Z   go.opentelemetry.io/otel/trace: v1.28.0 -> v1.43.0 
2026-10-07T03:18:24.4984211Z   github.com/opencontainers/image-spec: v1.0.2 -> v1.1.1 
2026-10-07T03:18:24.4984917Z   cloud.google.com/go: v0.105.0 -> v0.123.0 
2026-10-07T03:18:24.4985525Z   cloud.google.com/go/iam: v0.8.0 -> v1.7.0 
2026-10-07T03:18:24.4986236Z   cloud.google.com/go/compute/metadata: v0.8.0 -> v0.9.0 
2026-10-07T03:18:24.4987375Z   github.com/googleapis/enterprise-certificate-proxy: v0.3.6 -> v0.3.14 
2026-10-07T03:18:24.4988184Z   golang.org/x/oauth2: v0.30.0 -> v0.36.0 
2026-10-07T03:18:24.4989177Z   google.golang.org/genproto: v0.0.0-20250707201910-8d1bb00bc6a7 -> v0.0.0-20260319201613-d00831a3d3e7 
2026-10-07T03:18:24.4990168Z   github.com/googleapis/gax-go/v2: v2.15.0 -> v2.21.0 
2026-10-07T03:18:24.4990572Z 
2026-10-07T03:18:24.4990961Z Update the root module's dependencies to match the resolved versions via:
2026-10-07T03:18:24.4991492Z 
2026-10-07T03:18:24.4997556Z   bazel run @io_bazel_rules_go//go -- get go.opentelemetry.io/auto/sdk@v1.2.1 go.opentelemetry.io/contrib/instrumentation/google.golang.org/grpc/otelgrpc@v0.67.0 golang.org/x/crypto@v0.49.0 golang.org/x/term@v0.42.0 golang.org/x/net@v0.52.0 go.opentelemetry.io/otel@v1.43.0 go.opentelemetry.io/otel/metric@v1.43.0 github.com/felixge/httpsnoop@v1.0.4 go.opentelemetry.io/contrib/instrumentation/net/http/otelhttp@v0.67.0 go.opentelemetry.io/otel/trace@v1.43.0 github.com/opencontainers/image-spec@v1.1.1 cloud.google.com/go@v0.123.0 cloud.google.com/go/iam@v1.7.0 cloud.google.com/go/compute/metadata@v0.9.0 github.com/googleapis/enterprise-certificate-proxy@v0.3.14 golang.org/x/oauth2@v0.36.0 google.golang.org/genproto@v0.0.0-20260319201613-d00831a3d3e7 github.com/googleapis/gax-go/v2@v2.21.0 
2026-10-07T03:18:24.5002496Z 
2026-10-07T03:18:24.8227775Z Analyzing: target //:release (3 packages loaded, 0 targets configured)
2026-10-07T03:18:24.8376221Z Analyzing: target //:release (3 packages loaded, 0 targets configured)
2026-10-07T03:18:24.8377364Z 
2026-10-07T03:18:24.9899247Z WARNING: /tmp/helox-release-gvisor.a5nIRH/gvisor/runsc/prewarmer/BUILD:19:8: target 'gvisor-sentry-prewarmer' is both a rule and a file; please choose another name for the rule
2026-10-07T03:18:25.8704212Z Analyzing: target //:release (73 packages loaded, 14 targets configured)
2026-10-07T03:18:25.8704795Z 
2026-10-07T03:18:26.8795600Z Analyzing: target //:release (76 packages loaded, 1887 targets configured)
2026-10-07T03:18:26.8796260Z 
2026-10-07T03:18:27.8856809Z Analyzing: target //:release (157 packages loaded, 2953 targets configured)
2026-10-07T03:18:27.8857665Z 
2026-10-07T03:18:28.8907520Z Analyzing: target //:release (273 packages loaded, 3716 targets configured)
2026-10-07T03:18:28.8908108Z 
2026-10-07T03:18:30.2377346Z Analyzing: target //:release (386 packages loaded, 7343 targets configured)
2026-10-07T03:18:30.2377972Z 
2026-10-07T03:18:31.2757921Z Analyzing: target //:release (393 packages loaded, 10264 targets configured)
2026-10-07T03:18:31.2758914Z 
2026-10-07T03:18:32.3187592Z Analyzing: target //:release (399 packages loaded, 15613 targets configured)
2026-10-07T03:18:32.3188235Z 
2026-10-07T03:18:33.9096454Z Analyzing: target //:release (404 packages loaded, 25519 targets configured)
2026-10-07T03:18:33.9097604Z 
2026-10-07T03:18:35.2374238Z Analyzing: target //:release (406 packages loaded, 34527 targets configured)
2026-10-07T03:18:35.2375183Z 
2026-10-07T03:18:36.2393155Z Analyzing: target //:release (406 packages loaded, 40731 targets configured)
2026-10-07T03:18:36.2393732Z 
2026-10-07T03:18:38.0951883Z Analyzing: target //:release (410 packages loaded, 50364 targets configured)
2026-10-07T03:18:38.0952563Z 
2026-10-07T03:18:39.2431528Z Analyzing: target //:release (442 packages loaded, 52932 targets configured)
2026-10-07T03:18:39.2431926Z 
2026-10-07T03:18:56.4172390Z Analyzing: target //:release (442 packages loaded, 52932 targets configured)
2026-10-07T03:18:56.4173311Z 
2026-10-07T03:18:57.4544287Z Analyzing: target //:release (447 packages loaded, 52970 targets configured)
2026-10-07T03:18:57.4545276Z 
2026-10-07T03:18:58.5068192Z Analyzing: target //:release (460 packages loaded, 53353 targets configured)
2026-10-07T03:18:58.5068785Z 
2026-10-07T03:18:59.6673156Z Analyzing: target //:release (466 packages loaded, 53421 targets configured)
2026-10-07T03:18:59.6673981Z 
2026-10-07T03:19:00.6919050Z Analyzing: target //:release (510 packages loaded, 53630 targets configured)
2026-10-07T03:19:00.6926073Z 
2026-10-07T03:19:01.6981260Z Analyzing: target //:release (516 packages loaded, 53694 targets configured)
2026-10-07T03:19:01.6982097Z 
2026-10-07T03:19:02.7317436Z Analyzing: target //:release (552 packages loaded, 53963 targets configured)
2026-10-07T03:19:02.7318354Z 
2026-10-07T03:19:03.8648764Z Analyzing: target //:release (866 packages loaded, 54827 targets configured)
2026-10-07T03:19:03.8649509Z 
2026-10-07T03:19:04.8769616Z Analyzing: target //:release (923 packages loaded, 55070 targets configured)
2026-10-07T03:19:04.8770454Z 
2026-10-07T03:19:05.9095541Z Analyzing: target //:release (1038 packages loaded, 55906 targets configured)
2026-10-07T03:19:05.9096326Z 
2026-10-07T03:19:06.9340894Z Analyzing: target //:release (1130 packages loaded, 56319 targets configured)
2026-10-07T03:19:06.9341690Z 
2026-10-07T03:19:08.2580343Z Analyzing: target //:release (1162 packages loaded, 56998 targets configured)
2026-10-07T03:19:08.2580977Z 
2026-10-07T03:19:09.2606419Z Analyzing: target //:release (1173 packages loaded, 57762 targets configured)
2026-10-07T03:19:09.2607239Z 
2026-10-07T03:19:10.2594549Z Analyzing: target //:release (1281 packages loaded, 59504 targets configured)
2026-10-07T03:19:10.2595352Z 
2026-10-07T03:19:10.5800562Z INFO: Analyzed target //:release (1284 packages loaded, 59563 targets configured).
2026-10-07T03:19:11.2645669Z [301 / 1,535] [Prepa] Creating symlink pkg/sentry/socket/netlink/nlmsg/nlmsg_state_autogen_tools/go
2026-10-07T03:19:12.2652981Z [811 / 2,935] [Prepa] Executing genrule //runsc/prewarmer:gvisor-sentry-prewarmer
2026-10-07T03:19:13.4329955Z [1,137 / 4,123] Executing genrule //pkg/sentry/platform/systrap/sysmsg:sighandler; 0s processwrapper-sandbox ... (3 actions, 2 running)
2026-10-07T03:19:14.4303788Z [1,569 / 5,274] GoToolchainBinaryBuild external/rules_go++go_sdk+main___download_0/builder [for tool]; 0s processwrapper-sandbox ... (4 actions, 3 running)
2026-10-07T03:19:14.7411700Z INFO: From Executing genrule //pkg/sentry/platform/systrap/sysmsg:sighandler_go [for tool]:
2026-10-07T03:19:14.7412601Z + set -e
2026-10-07T03:19:14.7412933Z + set -u
2026-10-07T03:19:14.7413254Z + FILE=sighandler
2026-10-07T03:19:14.7413623Z + NAME=Sighandler
2026-10-07T03:19:14.7414011Z + PREFIX=Sighandler_blob_offset__
2026-10-07T03:19:14.7414469Z + BLOB=Sighandler_blob
2026-10-07T03:19:14.7415399Z + OBJNAME=bazel-out/k8-opt-exec-ST-04c87098fb12/bin/pkg/sentry/platform/systrap/sysmsg/sighandler.built-in.bin.o
2026-10-07T03:19:14.7416598Z + AWK_CMD='$2 ~ /^[tBCTA]$/ { print "var Sighandler_blob_offset__" $3 " = 0x" $1 }'
2026-10-07T03:19:14.7418217Z + cat
2026-10-07T03:19:14.7418542Z + tr . _
2026-10-07T03:19:14.7418871Z + grep __export_
2026-10-07T03:19:14.7419435Z + awk '$2 ~ /^[tBCTA]$/ { print "var Sighandler_blob_offset__" $3 " = 0x" $1 }'
2026-10-07T03:19:14.7420579Z + nm bazel-out/k8-opt-exec-ST-04c87098fb12/bin/pkg/sentry/platform/systrap/sysmsg/sighandler.built-in.bin.o
2026-10-07T03:19:14.7752055Z INFO: From Executing genrule //pkg/sentry/platform/systrap/sysmsg:sighandler_go [for tool]:
2026-10-07T03:19:14.7753227Z + set -e
2026-10-07T03:19:14.7753681Z + set -u
2026-10-07T03:19:14.7754142Z + FILE=sighandler
2026-10-07T03:19:14.7754639Z + NAME=Sighandler
2026-10-07T03:19:14.7755166Z + PREFIX=Sighandler_blob_offset__
2026-10-07T03:19:14.7755795Z + BLOB=Sighandler_blob
2026-10-07T03:19:14.7757659Z + OBJNAME=bazel-out/aarch64-opt-exec-ST-c1691d43938d/bin/pkg/sentry/platform/systrap/sysmsg/sighandler.built-in.bin.o
2026-10-07T03:19:14.7758967Z + AWK_CMD='$2 ~ /^[tBCTA]$/ { print "var Sighandler_blob_offset__" $3 " = 0x" $1 }'
2026-10-07T03:19:14.7759624Z + cat
2026-10-07T03:19:14.7760474Z + nm bazel-out/aarch64-opt-exec-ST-c1691d43938d/bin/pkg/sentry/platform/systrap/sysmsg/sighandler.built-in.bin.o
2026-10-07T03:19:14.7761431Z + grep __export_
2026-10-07T03:19:14.7761770Z + tr . _
2026-10-07T03:19:14.7762306Z + awk '$2 ~ /^[tBCTA]$/ { print "var Sighandler_blob_offset__" $3 " = 0x" $1 }'
2026-10-07T03:19:14.7903282Z INFO: From Executing genrule //pkg/sentry/platform/systrap/sysmsg:sighandler_go:
2026-10-07T03:19:14.7904274Z + set -e
2026-10-07T03:19:14.7904731Z + set -u
2026-10-07T03:19:14.7905163Z + FILE=sighandler
2026-10-07T03:19:14.7905665Z + NAME=Sighandler
2026-10-07T03:19:14.7906172Z + PREFIX=Sighandler_blob_offset__
2026-10-07T03:19:14.7906738Z + BLOB=Sighandler_blob
2026-10-07T03:19:14.7908325Z + OBJNAME=bazel-out/aarch64-opt-ST-c1691d43938d/bin/pkg/sentry/platform/systrap/sysmsg/sighandler.built-in.bin.o
2026-10-07T03:19:14.7909593Z + AWK_CMD='$2 ~ /^[tBCTA]$/ { print "var Sighandler_blob_offset__" $3 " = 0x" $1 }'
2026-10-07T03:19:14.7910346Z + cat
2026-10-07T03:19:14.7910668Z + grep __export_
2026-10-07T03:19:14.7911093Z + tr . _
2026-10-07T03:19:14.7911697Z + awk '$2 ~ /^[tBCTA]$/ { print "var Sighandler_blob_offset__" $3 " = 0x" $1 }'
2026-10-07T03:19:14.7912948Z + nm bazel-out/aarch64-opt-ST-c1691d43938d/bin/pkg/sentry/platform/systrap/sysmsg/sighandler.built-in.bin.o
2026-10-07T03:19:14.8617970Z INFO: From Executing genrule //pkg/sentry/platform/systrap/sysmsg:sighandler_go:
2026-10-07T03:19:14.8618768Z + set -e
2026-10-07T03:19:14.8619370Z + set -u
2026-10-07T03:19:14.8619733Z + FILE=sighandler
2026-10-07T03:19:14.8620081Z + NAME=Sighandler
2026-10-07T03:19:14.8620465Z + PREFIX=Sighandler_blob_offset__
2026-10-07T03:19:14.8620914Z + BLOB=Sighandler_blob
2026-10-07T03:19:14.8621755Z + OBJNAME=bazel-out/k8-opt-ST-04c87098fb12/bin/pkg/sentry/platform/systrap/sysmsg/sighandler.built-in.bin.o
2026-10-07T03:19:14.8622852Z + AWK_CMD='$2 ~ /^[tBCTA]$/ { print "var Sighandler_blob_offset__" $3 " = 0x" $1 }'
2026-10-07T03:19:14.8623481Z + cat
2026-10-07T03:19:14.8623777Z + grep __export_
2026-10-07T03:19:14.8624526Z + nm bazel-out/k8-opt-ST-04c87098fb12/bin/pkg/sentry/platform/systrap/sysmsg/sighandler.built-in.bin.o
2026-10-07T03:19:14.8625530Z + awk '$2 ~ /^[tBCTA]$/ { print "var Sighandler_blob_offset__" $3 " = 0x" $1 }'
2026-10-07T03:19:14.8626130Z + tr . _
2026-10-07T03:19:16.2623491Z [1,623 / 5,288] GoToolchainBinaryBuild external/rules_go++go_sdk+main___download_0/builder [for tool]; 2s processwrapper-sandbox
2026-10-07T03:19:26.9231485Z [1,623 / 5,288] GoToolchainBinaryBuild external/rules_go++go_sdk+main___download_0/builder [for tool]; 13s processwrapper-sandbox
2026-10-07T03:19:33.5320960Z [1,624 / 5,288] [Prepa] Creating symlink external/rules_go++go_sdk+main___download_0/builder_reset/builder [for tool] ... (3 actions, 0 running)
2026-10-07T03:19:35.2648320Z [1,629 / 5,288] GoStdlib external/rules_go+/stdlib_/pkg [for tool]; 1s processwrapper-sandbox ... (4 actions running)
2026-10-07T03:19:44.9381442Z [1,629 / 5,288] GoStdlib external/rules_go+/stdlib_/pkg [for tool]; 11s processwrapper-sandbox ... (4 actions running)
2026-10-07T03:20:14.9743437Z [1,629 / 5,288] GoStdlib external/rules_go+/stdlib_/pkg [for tool]; 41s processwrapper-sandbox ... (4 actions running)
2026-10-07T03:20:51.5029663Z [1,630 / 5,288] GoStdlib external/rules_go+/stdlib_/pkg [for tool]; 77s processwrapper-sandbox ... (3 actions running)
2026-10-07T03:20:52.6378042Z [1,632 / 5,288] GoStdlib external/rules_go+/stdlib_/pkg [for tool]; 79s processwrapper-sandbox ... (3 actions, 2 running)
2026-10-07T03:20:53.8728915Z [1,637 / 5,288] GoStdlib external/rules_go+/stdlib_/pkg [for tool]; 80s processwrapper-sandbox ... (3 actions, 2 running)
2026-10-07T03:20:55.0368247Z [1,649 / 5,288] GoStdlib external/rules_go+/stdlib_/pkg [for tool]; 81s processwrapper-sandbox ... (4 actions, 3 running)
2026-10-07T03:20:56.0725279Z [1,665 / 5,288] GoStdlib external/rules_go+/stdlib_/pkg [for tool]; 82s processwrapper-sandbox ... (4 actions, 3 running)
2026-10-07T03:20:57.0806679Z [1,687 / 5,288] GoStdlib external/rules_go+/stdlib_/pkg [for tool]; 3s processwrapper-sandbox ... (4 actions, 3 running)
2026-10-07T03:20:58.1438343Z [1,702 / 5,288] GoStdlib external/rules_go+/stdlib_/pkg [for tool]; 4s processwrapper-sandbox ... (4 actions, 3 running)
2026-10-07T03:20:59.1455771Z [1,722 / 5,288] GoStdlib external/rules_go+/stdlib_/pkg [for tool]; 5s processwrapper-sandbox ... (4 actions, 3 running)
2026-10-07T03:21:00.2105296Z [1,731 / 5,288] GoStdlib external/rules_go+/stdlib_/pkg [for tool]; 6s processwrapper-sandbox ... (4 actions, 3 running)
2026-10-07T03:21:01.2705451Z [1,743 / 5,288] GoStdlib external/rules_go+/stdlib_/pkg [for tool]; 8s processwrapper-sandbox ... (4 actions, 3 running)
2026-10-07T03:21:02.5029588Z [1,748 / 5,288] GoStdlib external/rules_go+/stdlib_/pkg [for tool]; 9s processwrapper-sandbox ... (4 actions running)
2026-10-07T03:21:03.5033534Z [1,753 / 5,288] GoStdlib external/rules_go+/stdlib_/pkg [for tool]; 10s processwrapper-sandbox ... (4 actions running)
2026-10-07T03:21:04.5430985Z [1,759 / 5,288] GoStdlib external/rules_go+/stdlib_/pkg [for tool]; 11s processwrapper-sandbox ... (4 actions, 3 running)
2026-10-07T03:21:05.6001791Z [1,774 / 5,288] GoStdlib external/rules_go+/stdlib_/pkg [for tool]; 12s processwrapper-sandbox ... (4 actions, 3 running)
2026-10-07T03:21:06.7831677Z [1,785 / 5,288] GoStdlib external/rules_go+/stdlib_/pkg [for tool]; 13s processwrapper-sandbox ... (4 actions, 3 running)
2026-10-07T03:21:07.8296054Z [1,791 / 5,288] GoStdlib external/rules_go+/stdlib_/pkg [for tool]; 14s processwrapper-sandbox ... (4 actions, 3 running)
2026-10-07T03:21:08.8816569Z [1,798 / 5,288] GoStdlib external/rules_go+/stdlib_/pkg [for tool]; 15s processwrapper-sandbox ... (4 actions, 3 running)
2026-10-07T03:21:09.9112779Z [1,807 / 5,288] GoStdlib external/rules_go+/stdlib_/pkg [for tool]; 16s processwrapper-sandbox ... (4 actions, 3 running)
2026-10-07T03:21:10.9267818Z [1,818 / 5,288] GoStdlib external/rules_go+/stdlib_/pkg [for tool]; 17s processwrapper-sandbox ... (4 actions, 3 running)
2026-10-07T03:21:12.0013275Z [1,834 / 5,288] GoStdlib external/rules_go+/stdlib_/pkg [for tool]; 18s processwrapper-sandbox ... (4 actions, 3 running)
2026-10-07T03:21:13.0209829Z [1,852 / 5,288] GoStdlib external/rules_go+/stdlib_/pkg [for tool]; 19s processwrapper-sandbox ... (3 actions, 2 running)
2026-10-07T03:21:14.0905938Z [1,865 / 5,288] GoStdlib external/rules_go+/stdlib_/pkg [for tool]; 20s processwrapper-sandbox ... (4 actions, 3 running)
2026-10-07T03:21:15.1510116Z [1,881 / 5,288] GoStdlib external/rules_go+/stdlib_/pkg [for tool]; 21s processwrapper-sandbox ... (4 actions, 3 running)
2026-10-07T03:21:16.2126446Z [1,890 / 5,288] GoStdlib external/rules_go+/stdlib_/pkg [for tool]; 22s processwrapper-sandbox ... (4 actions, 3 running)
2026-10-07T03:21:17.2158299Z [1,909 / 5,288] GoStdlib external/rules_go+/stdlib_/pkg [for tool]; 23s processwrapper-sandbox ... (4 actions, 3 running)
2026-10-07T03:21:18.5132403Z [1,920 / 5,288] GoStdlib external/rules_go+/stdlib_/pkg [for tool]; 25s processwrapper-sandbox ... (4 actions running)
2026-10-07T03:21:19.5137742Z [1,926 / 5,288] GoStdlib external/rules_go+/stdlib_/pkg [for tool]; 26s processwrapper-sandbox ... (4 actions running)
2026-10-07T03:21:20.9970399Z [1,930 / 5,288] GoStdlib external/rules_go+/stdlib_/pkg [for tool]; 27s processwrapper-sandbox ... (4 actions, 3 running)
2026-10-07T03:21:22.1538466Z [1,934 / 5,288] GoStdlib external/rules_go+/stdlib_/pkg [for tool]; 28s processwrapper-sandbox ... (4 actions, 3 running)
2026-10-07T03:21:23.5185009Z [1,938 / 5,288] GoStdlib external/rules_go+/stdlib_/pkg [for tool]; 30s processwrapper-sandbox ... (3 actions running)
2026-10-07T03:21:24.5321356Z [1,940 / 5,288] GoStdlib external/rules_go+/stdlib_/pkg [for tool]; 31s processwrapper-sandbox ... (3 actions running)
2026-10-07T03:21:25.5268644Z [1,945 / 5,288] GoStdlib external/rules_go+/stdlib_/pkg [for tool]; 32s processwrapper-sandbox ... (3 actions running)
2026-10-07T03:21:26.5307264Z [1,950 / 5,288] GoStdlib external/rules_go+/stdlib_/pkg [for tool]; 33s processwrapper-sandbox ... (4 actions running)
2026-10-07T03:21:27.5295276Z [1,953 / 5,288] GoStdlib external/rules_go+/stdlib_/pkg [for tool]; 34s processwrapper-sandbox ... (4 actions running)
2026-10-07T03:21:28.8015334Z [1,959 / 5,288] GoStdlib external/rules_go+/stdlib_/pkg [for tool]; 35s processwrapper-sandbox ... (4 actions, 3 running)
2026-10-07T03:21:30.0522923Z [1,960 / 5,288] GoStdlib external/rules_go+/stdlib_/pkg [for tool]; 36s processwrapper-sandbox ... (4 actions, 3 running)
2026-10-07T03:21:31.1381019Z [1,967 / 5,288] GoStdlib external/rules_go+/stdlib_/pkg; 13s processwrapper-sandbox ... (4 actions, 3 running)
2026-10-07T03:21:32.1407196Z [1,977 / 5,288] GoStdlib external/rules_go+/stdlib_/pkg; 14s processwrapper-sandbox ... (4 actions, 3 running)
2026-10-07T03:21:33.2254602Z [1,988 / 5,288] GoStdlib external/rules_go+/stdlib_/pkg; 15s processwrapper-sandbox ... (4 actions, 3 running)
2026-10-07T03:21:34.5357750Z [1,996 / 5,288] GoStdlib external/rules_go+/stdlib_/pkg; 17s processwrapper-sandbox ... (4 actions running)
2026-10-07T03:21:35.5372874Z [1,998 / 5,288] GoStdlib external/rules_go+/stdlib_/pkg; 18s processwrapper-sandbox ... (4 actions running)
2026-10-07T03:21:36.5351627Z [2,001 / 5,288] GoStdlib external/rules_go+/stdlib_/pkg; 19s processwrapper-sandbox ... (4 actions running)
2026-10-07T03:21:37.5346495Z [2,006 / 5,288] GoStdlib external/rules_go+/stdlib_/pkg; 20s processwrapper-sandbox ... (4 actions running)
2026-10-07T03:21:38.5873095Z [2,013 / 5,288] GoStdlib external/rules_go+/stdlib_/pkg; 21s processwrapper-sandbox ... (4 actions, 3 running)
2026-10-07T03:21:40.5389885Z [2,018 / 5,288] GoStdlib external/rules_go+/stdlib_/pkg; 23s processwrapper-sandbox ... (4 actions running)
2026-10-07T03:21:41.5488677Z [2,020 / 5,288] GoStdlib external/rules_go+/stdlib_/pkg; 24s processwrapper-sandbox ... (4 actions running)
2026-10-07T03:21:42.7176761Z [2,021 / 5,288] GoStdlib external/rules_go+/stdlib_/pkg; 25s processwrapper-sandbox ... (4 actions, 3 running)
2026-10-07T03:21:44.1846688Z [2,025 / 5,288] GoStdlib external/rules_go+/stdlib_/pkg; 26s processwrapper-sandbox ... (4 actions, 3 running)
2026-10-07T03:21:45.2906076Z [2,028 / 5,288] GoStdlib external/rules_go+/stdlib_/pkg; 27s processwrapper-sandbox ... (4 actions, 3 running)
2026-10-07T03:21:46.4818117Z [2,032 / 5,288] GoStdlib external/rules_go+/stdlib_/pkg; 29s processwrapper-sandbox ... (4 actions, 3 running)
2026-10-07T03:21:47.5711797Z [2,035 / 5,288] GoStdlib external/rules_go+/stdlib_/pkg; 30s processwrapper-sandbox ... (4 actions running)
2026-10-07T03:21:48.5717674Z [2,036 / 5,288] GoStdlib external/rules_go+/stdlib_/pkg; 31s processwrapper-sandbox ... (4 actions running)
2026-10-07T03:21:49.7943872Z [2,037 / 5,288] GoStdlib external/rules_go+/stdlib_/pkg; 32s processwrapper-sandbox ... (4 actions, 3 running)
2026-10-07T03:21:50.9032989Z [2,042 / 5,288] GoStdlib external/rules_go+/stdlib_/pkg; 33s processwrapper-sandbox ... (4 actions, 3 running)
2026-10-07T03:21:52.0387801Z [2,045 / 5,288] GoStdlib external/rules_go+/stdlib_/pkg; 34s processwrapper-sandbox ... (4 actions, 3 running)
2026-10-07T03:21:53.4076750Z [2,049 / 5,288] GoStdlib external/rules_go+/stdlib_/pkg; 36s processwrapper-sandbox ... (4 actions, 3 running)
2026-10-07T03:21:54.5862297Z [2,051 / 5,288] GoStdlib external/rules_go+/stdlib_/pkg; 37s processwrapper-sandbox ... (4 actions running)
2026-10-07T03:21:55.5983052Z [2,054 / 5,288] GoStdlib external/rules_go+/stdlib_/pkg; 38s processwrapper-sandbox ... (4 actions running)
2026-10-07T03:21:56.5904698Z [2,057 / 5,288] GoStdlib external/rules_go+/stdlib_/pkg; 39s processwrapper-sandbox ... (4 actions running)
2026-10-07T03:21:57.6108952Z [2,061 / 5,288] GoStdlib external/rules_go+/stdlib_/pkg; 40s processwrapper-sandbox ... (4 actions, 3 running)
2026-10-07T03:21:58.6055571Z [2,065 / 5,288] GoStdlib external/rules_go+/stdlib_/pkg; 41s processwrapper-sandbox ... (4 actions running)
2026-10-07T03:21:59.6038511Z [2,067 / 5,288] GoStdlib external/rules_go+/stdlib_/pkg; 42s processwrapper-sandbox ... (4 actions running)
2026-10-07T03:22:00.6392194Z [2,071 / 5,288] GoStdlib external/rules_go+/stdlib_/pkg; 43s processwrapper-sandbox ... (4 actions running)
2026-10-07T03:22:01.6417984Z [2,076 / 5,288] GoStdlib external/rules_go+/stdlib_/pkg; 44s processwrapper-sandbox ... (4 actions running)
2026-10-07T03:22:02.6477769Z [2,082 / 5,288] GoStdlib external/rules_go+/stdlib_/pkg; 45s processwrapper-sandbox ... (4 actions running)
2026-10-07T03:22:03.6412086Z [2,087 / 5,288] GoStdlib external/rules_go+/stdlib_/pkg; 46s processwrapper-sandbox ... (4 actions running)
2026-10-07T03:22:04.6587934Z [2,093 / 5,288] GoStdlib external/rules_go+/stdlib_/pkg; 47s processwrapper-sandbox ... (4 actions running)
2026-10-07T03:22:05.6503667Z [2,100 / 5,288] GoStdlib external/rules_go+/stdlib_/pkg; 48s processwrapper-sandbox ... (4 actions running)
2026-10-07T03:22:06.6555455Z [2,106 / 5,288] GoStdlib external/rules_go+/stdlib_/pkg; 35s processwrapper-sandbox ... (4 actions running)
2026-10-07T03:22:07.6591434Z [2,120 / 5,288] GoStdlib external/rules_go+/stdlib_/pkg; 36s processwrapper-sandbox ... (4 actions running)
2026-10-07T03:22:08.6698503Z [2,129 / 5,288] GoStdlib external/rules_go+/stdlib_/pkg; 37s processwrapper-sandbox ... (4 actions running)
2026-10-07T03:22:09.6645557Z [2,138 / 5,288] GoStdlib external/rules_go+/stdlib_/pkg; 38s processwrapper-sandbox ... (4 actions running)
2026-10-07T03:22:10.7056289Z [2,148 / 5,288] GoStdlib external/rules_go+/stdlib_/pkg; 39s processwrapper-sandbox ... (4 actions, 3 running)
2026-10-07T03:22:11.9707428Z [2,166 / 5,288] GoStdlib external/rules_go+/stdlib_/pkg; 40s processwrapper-sandbox ... (4 actions, 3 running)
2026-10-07T03:22:12.9872610Z [2,183 / 5,288] GoStdlib external/rules_go+/stdlib_/pkg; 42s processwrapper-sandbox ... (3 actions, 2 running)
2026-10-07T03:22:14.0637918Z [2,197 / 5,288] GoStdlib external/rules_go+/stdlib_/pkg; 43s processwrapper-sandbox ... (4 actions, 3 running)
2026-10-07T03:22:15.0670764Z [2,214 / 5,288] GoStdlib external/rules_go+/stdlib_/pkg; 44s processwrapper-sandbox ... (4 actions, 3 running)
2026-10-07T03:22:16.1661882Z [2,228 / 5,288] GoStdlib external/rules_go+/stdlib_/pkg; 45s processwrapper-sandbox ... (4 actions, 3 running)
2026-10-07T03:22:17.2586512Z [2,246 / 5,288] GoStdlib external/rules_go+/stdlib_/pkg; 46s processwrapper-sandbox ... (4 actions, 3 running)
2026-10-07T03:22:18.2845719Z [2,259 / 5,288] GoStdlib external/rules_go+/stdlib_/pkg; 47s processwrapper-sandbox ... (4 actions, 3 running)
2026-10-07T03:22:19.3016369Z [2,282 / 5,288] GoCompilePkg external/gazelle++go_deps+org_golang_google_protobuf/internal/impl/impl.a; 0s processwrapper-sandbox ... (4 actions, 3 running)
2026-10-07T03:22:20.3647211Z [2,302 / 5,288] GoCompilePkg external/gazelle++go_deps+org_golang_google_protobuf/internal/impl/impl.a; 1s processwrapper-sandbox ... (4 actions, 3 running)
2026-10-07T03:22:21.3629498Z [2,315 / 5,288] GoCompilePkg external/gazelle++go_deps+com_github_gogo_protobuf/proto/proto.a; 2s processwrapper-sandbox ... (4 actions, 3 running)
2026-10-07T03:22:22.4728055Z [2,358 / 5,288] GoCompilePkg pkg/state/state.a [for tool]; 0s processwrapper-sandbox ... (4 actions, 3 running)
2026-10-07T03:22:23.3712683Z INFO: From go_marshal: @@//pkg/sentry/loader:loader_abi_autogen [for tool]:
2026-10-07T03:22:23.3725483Z stdout (/tmp/helox-release-gvisor.a5nIRH/.cache/bazel/_bazel_builder/9b6d5f60f602ff501edbf4a6371732d6/execroot/_main/bazel-out/_tmp/actions/stdout-2358) 1818073 exceeds maximum size of --experimental_ui_max_stdouterr_bytes=1048576 bytes; skipping
2026-10-07T03:22:23.4739882Z [2,393 / 5,288] GoCompilePkg external/gazelle++go_deps+co_honnef_go_tools/staticcheck/sa1011/sa1011.a [for tool]; 0s processwrapper-sandbox ... (4 actions, 3 running)
2026-10-07T03:22:24.4818987Z [2,507 / 5,288] go_marshal: @@//pkg/sentry/loader:loader_abi_autogen; 0s processwrapper-sandbox ... (4 actions, 3 running)
2026-10-07T03:22:25.3278097Z stdout (/tmp/helox-release-gvisor.a5nIRH/.cache/bazel/_bazel_builder/9b6d5f60f602ff501edbf4a6371732d6/execroot/_main/bazel-out/_tmp/actions/stdout-2487) 1818073 exceeds maximum size of --experimental_ui_max_stdouterr_bytes=1048576 bytes; skipping
2026-10-07T03:22:25.3280259Z INFO: From go_marshal: @@//pkg/sentry/loader:loader_abi_autogen:
2026-10-07T03:22:25.4817341Z [2,609 / 5,288] GoCompilePkg external/gazelle++go_deps+org_golang_google_genproto_googleapis_api/annotations/annotations.a; 0s processwrapper-sandbox ... (4 actions, 3 running)
2026-10-07T03:22:26.4954306Z [2,679 / 5,288] GoCompilePkg external/gazelle++go_deps+com_github_golang_protobuf/proto/proto.a; 0s processwrapper-sandbox ... (4 actions, 3 running)
2026-10-07T03:22:27.4992201Z [2,791 / 5,288] GoCompilePkg external/gazelle++go_deps+co_honnef_go_tools/stylecheck/st1019/st1019.a [for tool]; 0s processwrapper-sandbox ... (4 actions, 3 running)
2026-10-07T03:22:28.5126193Z [2,949 / 5,288] GoCompilePkg external/gazelle++go_deps+co_honnef_go_tools/staticcheck/staticcheck.a [for tool]; 0s processwrapper-sandbox ... (4 actions, 2 running)
2026-10-07T03:22:29.5298623Z [3,080 / 5,288] GoCompilePkg external/gazelle++go_deps+org_golang_x_tools/internal/imports/imports.a [for tool]; 0s processwrapper-sandbox ... (4 actions, 3 running)
2026-10-07T03:22:30.5285524Z [3,216 / 5,288] GoImports pkg/sentry/platform/systrap/sysmsg/sysmsg_state_autogen_with_imports.go [for tool]; 0s processwrapper-sandbox ... (4 actions, 3 running)
2026-10-07T03:22:31.5300999Z [3,312 / 5,288] GoImports pkg/sentry/platform/systrap/usertrap/usertrap_arm64_state_autogen_with_imports.go [for tool]; 0s processwrapper-sandbox ... (4 actions, 3 running)
2026-10-07T03:22:32.5331996Z [3,404 / 5,288] GoCompilePkg external/gazelle++go_deps+com_github_envoyproxy_go_control_plane_envoy/type/matcher/v3/matcher.a; 0s processwrapper-sandbox ... (4 actions, 3 running)
2026-10-07T03:22:33.5359788Z [3,483 / 5,288] GoCompilePkg external/gazelle++go_deps+com_github_envoyproxy_go_control_plane_envoy/config/core/v3/core.a; 0s processwrapper-sandbox ... (3 actions, 2 running)
2026-10-07T03:22:34.5493929Z [3,637 / 5,288] GoCompilePkg external/gazelle++go_deps+com_github_envoyproxy_go_control_plane_envoy/config/core/v3/core.a; 1s processwrapper-sandbox ... (4 actions, 3 running)
2026-10-07T03:22:35.5677386Z [3,711 / 5,288] GoCompilePkg external/gazelle++go_deps+com_github_envoyproxy_go_control_plane_envoy/config/core/v3/core.a; 2s processwrapper-sandbox ... (4 actions, 3 running)
2026-10-07T03:22:36.5888503Z [3,820 / 5,288] GoCompilePkg external/gazelle++go_deps+com_github_envoyproxy_go_control_plane_envoy/config/metrics/v3/metrics.a; 0s processwrapper-sandbox ... (4 actions, 3 running)
2026-10-07T03:22:37.6243130Z [3,885 / 5,288] GoCompilePkg external/gazelle++go_deps+com_github_envoyproxy_go_control_plane_envoy/extensions/transport_sockets/tls/v3/tls.a; 0s processwrapper-sandbox ... (4 actions, 3 running)
2026-10-07T03:22:38.6902565Z [3,904 / 5,288] GoCompilePkg external/gazelle++go_deps+com_github_cncf_xds_go/xds/type/matcher/v3/matcher.a; 0s processwrapper-sandbox ... (4 actions, 3 running)
2026-10-07T03:22:39.7113177Z [3,922 / 5,288] GoCompilePkg external/gazelle++go_deps+org_golang_google_grpc/credentials/jwt/jwt.a; 0s processwrapper-sandbox ... (3 actions, 2 running)
2026-10-07T03:22:40.7241207Z [3,943 / 5,288] GoCompilePkg external/gazelle++go_deps+com_github_envoyproxy_go_control_plane_envoy/config/route/v3/route.a; 0s processwrapper-sandbox ... (4 actions running)
2026-10-07T03:22:41.7291581Z [3,954 / 5,288] GoCompilePkg external/gazelle++go_deps+com_github_envoyproxy_go_control_plane_envoy/config/route/v3/route.a; 1s processwrapper-sandbox ... (4 actions running)
2026-10-07T03:22:42.7294566Z [3,966 / 5,288] GoCompilePkg external/gazelle++go_deps+com_github_containerd_containerd_api/runtime/task/v3/task.a; 0s processwrapper-sandbox ... (4 actions running)
2026-10-07T03:22:43.8856614Z [3,984 / 5,288] GoCompilePkg external/gazelle++go_deps+com_google_cloud_go_monitoring/apiv3/v2/monitoringpb/monitoringpb.a; 1s processwrapper-sandbox ... (3 actions, 2 running)
2026-10-07T03:22:44.8995987Z [4,003 / 5,288] GoCompilePkg external/gazelle++go_deps+com_google_cloud_go_storage/internal/apiv2/storagepb/storagepb.a; 0s processwrapper-sandbox ... (4 actions, 3 running)
2026-10-07T03:22:45.9348657Z [4,020 / 5,288] GoCompilePkg external/gazelle++go_deps+org_golang_google_grpc/balancer/grpclb/grpc_lb_v1/grpc_lb_v1.a; 0s processwrapper-sandbox ... (4 actions, 3 running)
2026-10-07T03:22:47.0056397Z [4,036 / 5,288] GoCompilePkg external/gazelle++go_deps+com_github_envoyproxy_go_control_plane_envoy/config/bootstrap/v3/bootstrap.a; 0s processwrapper-sandbox ... (4 actions, 3 running)
2026-10-07T03:22:48.0102833Z [4,050 / 5,288] GoCompilePkg external/gazelle++go_deps+org_golang_google_api/transport/http/http.a; 0s processwrapper-sandbox ... (4 actions running)
2026-10-07T03:22:49.3694358Z [4,061 / 5,288] GoCompilePkg external/gazelle++go_deps+org_golang_google_api/storage/v1/storage.a; 1s processwrapper-sandbox ... (4 actions, 3 running)
2026-10-07T03:22:50.3797953Z [4,076 / 5,288] GoCompilePkg external/gazelle++go_deps+com_github_envoyproxy_go_control_plane_envoy/service/discovery/v3/discovery.a; 0s processwrapper-sandbox ... (4 actions, 3 running)
2026-10-07T03:22:51.5649107Z [4,095 / 5,288] GoCompilePkg external/gazelle++go_deps+org_golang_google_grpc/internal/xds/xdsclient/xdsresource/xdsresource.a; 0s processwrapper-sandbox ... (4 actions, 3 running)
2026-10-07T03:22:52.6029170Z [4,116 / 5,288] GoImports pkg/usermem/usermem_state_autogen_with_imports.go; 0s processwrapper-sandbox ... (4 actions, 3 running)
2026-10-07T03:22:53.6606376Z [4,143 / 5,288] GoCompilePkg external/gazelle++go_deps+org_golang_google_grpc/xds/xds.a; 0s processwrapper-sandbox ... (4 actions, 3 running)
2026-10-07T03:22:54.7281325Z [4,169 / 5,288] GoCompilePkg external/gazelle++go_deps+com_google_cloud_go_storage/storage.a; 0s processwrapper-sandbox ... (4 actions, 3 running)
2026-10-07T03:22:55.7315770Z [4,185 / 5,288] GoCompilePkg external/gazelle++go_deps+com_google_cloud_go_storage/storage.a; 1s processwrapper-sandbox ... (4 actions running)
2026-10-07T03:22:56.7338956Z [4,200 / 5,288] GoImports pkg/rawfile/rawfile_unsafe_state_autogen_with_imports.go; 0s processwrapper-sandbox ... (4 actions running)
2026-10-07T03:22:57.7369015Z [4,218 / 5,288] GoCompilePkg tools/checklocks/checklocks.a [for tool]; 0s processwrapper-sandbox ... (4 actions running)
2026-10-07T03:22:58.7352539Z [4,243 / 5,288] GoImports pkg/memutil/memutil_state_autogen_with_imports.go; 0s processwrapper-sandbox ... (4 actions running)
2026-10-07T03:22:59.7358299Z [4,269 / 5,288] GoLink tools/nogo/nogo_/nogo [for tool]; 0s processwrapper-sandbox ... (3 actions running)
2026-10-07T03:23:00.7391707Z [4,285 / 5,288] Analyzing Go Standard Library [for tool]; 0s local ... (4 actions running)
2026-10-07T03:23:01.7401943Z [4,302 / 5,288] Analyzing Go Standard Library [for tool]; 1s local ... (4 actions, 3 running)
2026-10-07T03:23:02.7413876Z [4,320 / 5,288] Analyzing Go Standard Library [for tool]; 2s local ... (4 actions running)
2026-10-07T03:23:03.7436782Z [4,335 / 5,288] Analyzing Go Standard Library [for tool]; 3s local ... (4 actions running)
2026-10-07T03:23:04.7506061Z [4,350 / 5,288] Analyzing Go Standard Library [for tool]; 4s local ... (4 actions running)
2026-10-07T03:23:05.7527403Z [4,367 / 5,288] Analyzing Go Standard Library [for tool]; 5s local ... (4 actions running)
2026-10-07T03:23:06.7570678Z [4,376 / 5,288] Analyzing Go Standard Library [for tool]; 6s local ... (4 actions running)
2026-10-07T03:23:07.7572997Z [4,385 / 5,288] Analyzing Go Standard Library [for tool]; 7s local ... (4 actions running)
2026-10-07T03:23:08.8200741Z [4,400 / 5,288] Analyzing Go Standard Library [for tool]; 8s local ... (4 actions running)
2026-10-07T03:23:09.9187870Z [4,411 / 5,288] Analyzing Go Standard Library [for tool]; 10s local ... (4 actions, 3 running)
2026-10-07T03:23:11.0165040Z [4,422 / 5,288] Analyzing Go Standard Library [for tool]; 11s local ... (3 actions, 2 running)
2026-10-07T03:23:12.0788619Z [4,436 / 5,288] Analyzing Go Standard Library [for tool]; 12s local ... (4 actions, 3 running)
2026-10-07T03:23:13.1169437Z [4,454 / 5,288] Analyzing Go Standard Library [for tool]; 13s local ... (4 actions, 3 running)
2026-10-07T03:23:14.1574236Z [4,477 / 5,288] Analyzing Go Standard Library [for tool]; 14s local ... (4 actions, 3 running)
2026-10-07T03:23:15.1820939Z [4,499 / 5,288] Analyzing Go Standard Library [for tool]; 15s local ... (4 actions, 3 running)
2026-10-07T03:23:16.1867854Z [4,520 / 5,288] Analyzing Go Standard Library [for tool]; 16s local ... (4 actions, 3 running)
2026-10-07T03:23:17.2311679Z [4,542 / 5,288] Analyzing Go Standard Library [for tool]; 17s local ... (4 actions, 3 running)
2026-10-07T03:23:18.2831438Z [4,564 / 5,288] Analyzing Go Standard Library [for tool]; 18s local ... (4 actions, 3 running)
2026-10-07T03:23:19.3159585Z [4,583 / 5,288] Analyzing Go Standard Library [for tool]; 19s local ... (3 actions, 2 running)
2026-10-07T03:23:20.3671959Z [4,604 / 5,288] Analyzing Go Standard Library [for tool]; 20s local ... (3 actions, 1 running)
2026-10-07T03:23:21.4112785Z [4,624 / 5,288] Analyzing Go Standard Library [for tool]; 21s local ... (4 actions, 3 running)
2026-10-07T03:23:22.4713205Z [4,642 / 5,288] Analyzing Go Standard Library [for tool]; 22s local ... (4 actions, 3 running)
2026-10-07T03:23:23.6416329Z [4,656 / 5,288] Analyzing Go Standard Library [for tool]; 23s local ... (4 actions, 3 running)
2026-10-07T03:23:24.6441323Z [4,675 / 5,288] Analyzing Go Standard Library [for tool]; 24s local ... (4 actions running)
2026-10-07T03:23:25.6935190Z [4,694 / 5,288] Analyzing Go Standard Library [for tool]; 25s local ... (4 actions, 3 running)
2026-10-07T03:23:26.7330355Z [4,712 / 5,288] Analyzing Go Standard Library [for tool]; 26s local ... (4 actions, 3 running)
2026-10-07T03:23:27.8295665Z [4,737 / 5,288] Analyzing Go Standard Library [for tool]; 27s local
2026-10-07T03:23:28.8353723Z [4,754 / 5,288] Analyzing Go Standard Library [for tool]; 28s local ... (4 actions, 3 running)
2026-10-07T03:23:29.9075944Z [4,765 / 5,288] Analyzing Go Standard Library [for tool]; 30s local ... (4 actions, 3 running)
2026-10-07T03:23:30.9110873Z [4,782 / 5,288] Analyzing Go Standard Library [for tool]; 31s local ... (4 actions running)
2026-10-07T03:23:31.9563474Z [4,803 / 5,288] Analyzing Go Standard Library [for tool]; 32s local ... (4 actions, 3 running)
2026-10-07T03:23:32.9595101Z [4,827 / 5,288] Analyzing Go Standard Library [for tool]; 33s local ... (4 actions, 3 running)
2026-10-07T03:23:34.8344806Z [4,834 / 5,288] Analyzing Go Standard Library [for tool]; 34s local ... (4 actions running)
2026-10-07T03:23:43.5676167Z [4,834 / 5,288] Analyzing Go Standard Library [for tool]; 43s local ... (4 actions running)
2026-10-07T03:24:13.5933525Z [4,834 / 5,288] Analyzing Go Standard Library [for tool]; 73s local ... (4 actions running)
2026-10-07T03:25:13.6103272Z [4,834 / 5,288] Analyzing Go Standard Library [for tool]; 133s local ... (4 actions running)
2026-10-07T03:25:53.2809091Z INFO: From Analyzing Go Standard Library [for tool]:
2026-10-07T03:25:53.2810247Z error resolving GOVERSION: open <source file src/go.mod>: no such file or directory
2026-10-07T03:25:53.3072653Z [4,835 / 5,288] Analyzing Go Standard Library; 140s local ... (4 actions, 3 running)
2026-10-07T03:25:54.8775413Z [4,836 / 5,288] Analyzing Go Standard Library; 141s local ... (4 actions running)
2026-10-07T03:26:04.6222426Z [4,836 / 5,288] Analyzing Go Standard Library; 151s local ... (4 actions running)
2026-10-07T03:26:17.8469302Z INFO: From Analyzing Go Standard Library:
2026-10-07T03:26:17.8516808Z error resolving GOVERSION: open <source file src/go.mod>: no such file or directory
2026-10-07T03:26:17.8780332Z [4,837 / 5,288] Analyzing Go Standard Library; 164s local ... (4 actions, 3 running)
2026-10-07T03:26:17.9914954Z INFO: From Analyzing Go Standard Library:
2026-10-07T03:26:17.9923589Z error resolving GOVERSION: open <source file src/go.mod>: no such file or directory
2026-10-07T03:26:18.8959665Z [4,842 / 5,288] Analyzing Go Standard Library; 165s local ... (4 actions running)
2026-10-07T03:26:18.8968880Z INFO: From Analyzing Go Standard Library:
2026-10-07T03:26:18.8976553Z error resolving GOVERSION: open <source file src/go.mod>: no such file or directory
2026-10-07T03:26:19.8914039Z [4,856 / 5,288] Analyzing Go Standard Library [for tool]; 26s local ... (4 actions running)
2026-10-07T03:26:20.9229857Z [4,869 / 5,288] Analyzing Go Standard Library [for tool]; 27s local ... (3 actions, 2 running)
2026-10-07T03:26:21.9299516Z [4,883 / 5,288] Analyzing Go Standard Library [for tool]; 28s local ... (4 actions, 3 running)
2026-10-07T03:26:22.9959742Z [4,891 / 5,288] Analyzing Go Standard Library [for tool]; 29s local ... (4 actions, 3 running)
2026-10-07T03:26:24.3823399Z [4,898 / 5,288] Analyzing Go Standard Library [for tool]; 30s local ... (4 actions, 3 running)
2026-10-07T03:26:25.5225898Z [4,902 / 5,288] Analyzing Go Standard Library [for tool]; 31s local ... (4 actions, 3 running)
2026-10-07T03:26:26.5208431Z [4,912 / 5,288] Analyzing Go Standard Library [for tool]; 32s local ... (4 actions, 3 running)
2026-10-07T03:26:27.5651555Z [4,919 / 5,288] Analyzing Go Standard Library [for tool]; 33s local ... (4 actions, 3 running)
2026-10-07T03:26:28.5955136Z [4,925 / 5,288] Analyzing Go Standard Library [for tool]; 35s local ... (4 actions, 3 running)
2026-10-07T03:26:29.6816283Z [4,935 / 5,288] Analyzing Go Standard Library [for tool]; 36s local ... (4 actions, 3 running)
2026-10-07T03:26:30.7302660Z [4,947 / 5,288] Analyzing Go Standard Library [for tool]; 37s local ... (4 actions, 3 running)
2026-10-07T03:26:31.7688740Z [4,953 / 5,288] Analyzing Go Standard Library [for tool]; 38s local ... (4 actions, 3 running)
2026-10-07T03:26:32.8975892Z [4,959 / 5,288] Analyzing Go Standard Library [for tool]; 39s local ... (4 actions, 3 running)
2026-10-07T03:26:33.9022600Z [4,966 / 5,288] Analyzing Go Standard Library [for tool]; 40s local ... (4 actions, 3 running)
2026-10-07T03:26:35.5230144Z [4,971 / 5,288] Analyzing Go Standard Library [for tool]; 41s local ... (4 actions, 3 running)
2026-10-07T03:26:36.6005200Z [4,982 / 5,288] Analyzing Go Standard Library [for tool]; 43s local ... (4 actions, 3 running)
2026-10-07T03:26:37.8989358Z [4,990 / 5,288] Analyzing Go Standard Library [for tool]; 44s local ... (4 actions running)
2026-10-07T03:26:38.9006318Z [4,997 / 5,288] Analyzing Go Standard Library [for tool]; 45s local ... (4 actions running)
2026-10-07T03:26:39.9010761Z [4,998 / 5,288] Analyzing Go Standard Library [for tool]; 46s local ... (4 actions running)
2026-10-07T03:26:40.9026095Z [5,003 / 5,288] Analyzing Go Standard Library [for tool]; 47s local ... (4 actions running)
2026-10-07T03:26:42.0354544Z [5,010 / 5,288] Analyzing Go Standard Library [for tool]; 48s local ... (4 actions, 3 running)
2026-10-07T03:26:43.9020373Z [5,019 / 5,288] Analyzing Go Standard Library [for tool]; 50s local ... (3 actions running)
2026-10-07T03:26:44.9076406Z [5,021 / 5,288] Analyzing Go Standard Library [for tool]; 51s local ... (3 actions running)
2026-10-07T03:26:45.9075500Z [5,024 / 5,288] Analyzing Go Standard Library [for tool]; 52s local ... (4 actions running)
2026-10-07T03:26:46.9105785Z [5,026 / 5,288] Analyzing Go Standard Library [for tool]; 53s local ... (4 actions running)
2026-10-07T03:26:47.9114154Z [5,031 / 5,288] Analyzing Go Standard Library [for tool]; 54s local ... (4 actions running)
2026-10-07T03:26:48.9115065Z [5,034 / 5,288] Analyzing Go Standard Library [for tool]; 55s local ... (3 actions running)
2026-10-07T03:26:51.6372041Z [5,035 / 5,288] Analyzing Go Standard Library [for tool]; 58s local ... (4 actions, 2 running)
2026-10-07T03:26:52.7676573Z [5,037 / 5,288] Analyzing Go Standard Library [for tool]; 59s local ... (4 actions, 3 running)
2026-10-07T03:26:53.9142030Z [5,041 / 5,288] Analyzing Go Standard Library [for tool]; 60s local ... (4 actions running)
2026-10-07T03:26:54.9165439Z [5,042 / 5,288] Analyzing Go Standard Library [for tool]; 61s local ... (4 actions running)
2026-10-07T03:26:56.6490718Z [5,045 / 5,288] Analyzing Go Standard Library [for tool]; 63s local ... (4 actions, 3 running)
2026-10-07T03:26:57.9156373Z [5,048 / 5,288] Analyzing Go Standard Library [for tool]; 64s local ... (4 actions running)
2026-10-07T03:26:58.9178349Z [5,053 / 5,288] Analyzing Go Standard Library [for tool]; 65s local ... (4 actions running)
2026-10-07T03:26:59.9229048Z [5,056 / 5,288] Analyzing Go Standard Library [for tool]; 66s local ... (4 actions running)
2026-10-07T03:27:00.9231902Z [5,059 / 5,288] Analyzing Go Standard Library [for tool]; 67s local ... (4 actions running)
2026-10-07T03:27:02.0875136Z [5,064 / 5,288] Analyzing Go Standard Library [for tool]; 68s local ... (4 actions, 3 running)
2026-10-07T03:27:03.1063450Z [5,066 / 5,288] Analyzing Go Standard Library [for tool]; 69s local ... (4 actions, 3 running)
2026-10-07T03:27:04.5485074Z [5,069 / 5,288] Analyzing Go Standard Library [for tool]; 70s local ... (4 actions, 3 running)
2026-10-07T03:27:05.5583363Z [5,073 / 5,288] Analyzing Go Standard Library [for tool]; 71s local ... (4 actions, 3 running)
2026-10-07T03:27:06.7501569Z [5,075 / 5,288] Analyzing Go Standard Library [for tool]; 73s local ... (4 actions, 3 running)
2026-10-07T03:27:07.8771994Z [5,076 / 5,288] Analyzing Go Standard Library [for tool]; 74s local ... (4 actions, 3 running)
2026-10-07T03:27:08.9286547Z [5,078 / 5,288] Analyzing Go Standard Library [for tool]; 75s local ... (4 actions running)
2026-10-07T03:27:09.9275301Z [5,079 / 5,288] Analyzing Go Standard Library [for tool]; 76s local ... (4 actions running)
2026-10-07T03:27:10.9309051Z [5,080 / 5,288] Analyzing Go Standard Library [for tool]; 77s local ... (4 actions running)
2026-10-07T03:27:12.0859811Z [5,081 / 5,288] Analyzing Go Standard Library [for tool]; 78s local ... (4 actions, 3 running)
2026-10-07T03:27:13.1406249Z [5,086 / 5,288] Analyzing Go Standard Library [for tool]; 79s local ... (4 actions, 3 running)
2026-10-07T03:27:14.4877689Z [5,095 / 5,288] Analyzing Go Standard Library [for tool]; 80s local ... (4 actions, 3 running)
2026-10-07T03:27:15.9303333Z [5,100 / 5,288] Analyzing Go Standard Library [for tool]; 82s local ... (4 actions running)
2026-10-07T03:27:17.9308556Z [5,101 / 5,288] Analyzing Go Standard Library [for tool]; 84s local ... (3 actions running)
2026-10-07T03:27:18.9310933Z [5,102 / 5,288] Analyzing Go Standard Library [for tool]; 85s local ... (3 actions running)
2026-10-07T03:27:26.7820876Z [5,103 / 5,288] Analyzing Go Standard Library [for tool]; 93s local ... (3 actions, 2 running)
2026-10-07T03:27:27.9357683Z [5,104 / 5,288] Analyzing Go Standard Library [for tool]; 94s local ... (2 actions running)
2026-10-07T03:27:38.6588319Z [5,104 / 5,288] Analyzing Go Standard Library [for tool]; 105s local ... (2 actions running)
2026-10-07T03:28:07.8543017Z INFO: From Analyzing Go Standard Library [for tool]:
2026-10-07T03:28:07.8556009Z error resolving GOVERSION: open <source file src/go.mod>: no such file or directory
2026-10-07T03:28:07.8713665Z [5,105 / 5,288] Analyzing Go Standard Library [for tool]; 108s local ... (3 actions, 1 running)
2026-10-07T03:28:08.9377412Z [5,112 / 5,288] Analyzing Go Standard Library [for tool]; 109s local ... (2 actions, 1 running)
2026-10-07T03:28:09.9510827Z [5,114 / 5,288] Analyzing Go Standard Library [for tool]; 110s local
2026-10-07T03:28:18.0445241Z INFO: From Analyzing Go Standard Library [for tool]:
2026-10-07T03:28:18.0446074Z error resolving GOVERSION: open <source file src/go.mod>: no such file or directory
2026-10-07T03:28:18.0615784Z [5,115 / 5,288] [Prepa] Analyzing @@//pkg/gohacks:gohacks [for tool] ... (2 actions, 0 running)
2026-10-07T03:28:19.0741980Z [5,139 / 5,288] Analyzing @@//pkg/state:state [for tool]; 0s local ... (4 actions, 3 running)
2026-10-07T03:28:20.3803879Z [5,164 / 5,288] GoCompilePkg pkg/abi/linux/linux.a [for tool]; 0s processwrapper-sandbox ... (3 actions, 1 running)
2026-10-07T03:28:21.7043266Z [5,169 / 5,288] GoCompilePkg pkg/tcpip/stack/stack.a [for tool]; 0s processwrapper-sandbox ... (2 actions, 1 running)
2026-10-07T03:28:22.7259348Z [5,184 / 5,288] GoCompilePkg pkg/sentry/memmap/memmap.a [for tool]; 0s processwrapper-sandbox ... (4 actions, 3 running)
2026-10-07T03:28:23.7847161Z [5,203 / 5,288] Executing genrule //runsc/fsgofer/filter:filter_precompiled; 0s processwrapper-sandbox ... (4 actions, 3 running)
2026-10-07T03:28:24.9615245Z [5,216 / 5,288] GoCompilePkg pkg/lisafs/lisafs.a [for tool]; 1s processwrapper-sandbox ... (4 actions running)
2026-10-07T03:28:26.0855018Z [5,224 / 5,288] GoCompilePkg pkg/sentry/pgalloc/pgalloc.a [for tool]; 1s processwrapper-sandbox ... (2 actions, 1 running)
2026-10-07T03:28:27.1471092Z [5,229 / 5,288] GoCompilePkg pkg/sentry/fsimpl/eventfd/eventfd.a [for tool]; 0s processwrapper-sandbox ... (4 actions, 3 running)
2026-10-07T03:28:28.2014660Z [5,237 / 5,288] [Prepa] GoCompilePkg pkg/sentry/fsutil/fsutil.a [for tool] ... (2 actions, 0 running)
2026-10-07T03:28:29.4419061Z [5,241 / 5,288] GoCompilePkg pkg/sentry/fsimpl/tmpfs/tmpfs.a [for tool]; 0s processwrapper-sandbox ... (4 actions, 1 running)
2026-10-07T03:28:30.9593437Z [5,248 / 5,288] GoCompilePkg pkg/sentry/kernel/kernel.a [for tool]; 0s processwrapper-sandbox
2026-10-07T03:28:32.0792067Z [5,249 / 5,288] [Prepa] GoCompilePkg pkg/sentry/socket/socket.a [for tool] ... (3 actions, 0 running)
2026-10-07T03:28:33.2072069Z [5,253 / 5,288] GoCompilePkg pkg/sentry/devices/nvproxy/nvproxy.a [for tool]; 1s processwrapper-sandbox ... (4 actions, 3 running)
2026-10-07T03:28:34.2730172Z [5,256 / 5,288] GoCompilePkg pkg/sentry/devices/nvproxy/nvproxy.a [for tool]; 2s processwrapper-sandbox ... (4 actions, 3 running)
2026-10-07T03:28:35.4984419Z [5,263 / 5,288] [Prepa] Executing genrule //runsc/boot/filter:filter_precompiled
2026-10-07T03:28:36.9669214Z [5,263 / 5,288] Executing genrule //runsc/boot/filter:filter_precompiled; 1s processwrapper-sandbox
2026-10-07T03:28:45.6823894Z [5,263 / 5,288] Executing genrule //runsc/boot/filter:filter_precompiled; 10s processwrapper-sandbox
2026-10-07T03:28:57.3728316Z [5,264 / 5,288] [Prepa] Generating state library @@//runsc/boot/filter:filter_state_autogen_with_imports
2026-10-07T03:28:58.9716233Z [5,266 / 5,288] GoCompilePkg runsc/boot/filter/filter.a; 1s processwrapper-sandbox
2026-10-07T03:29:01.2774143Z [5,267 / 5,288] [Prepa] GoCompilePkg runsc/boot/boot.a
2026-10-07T03:29:02.3960564Z [5,269 / 5,288] GoCompilePkg runsc/sandbox/sandbox.a; 0s processwrapper-sandbox ... (2 actions, 1 running)
2026-10-07T03:29:03.4973095Z [5,273 / 5,288] GoLink runsc/cmd/sentry/gvisor_sentry_/gvisor_sentry; 0s processwrapper-sandbox ... (4 actions, 1 running)
2026-10-07T03:29:04.6285560Z [5,277 / 5,288] GoLink runsc/cmd/sentry/gvisor_sentry_/gvisor_sentry; 1s processwrapper-sandbox ... (3 actions, 2 running)
2026-10-07T03:29:05.9764393Z [5,280 / 5,288] GoLink runsc/cmd/metricserver/runsc-metric-server_/runsc-metric-server; 1s processwrapper-sandbox
2026-10-07T03:29:07.9735829Z [5,281 / 5,288] Executing genrule //runsc/cmd/metricserver:metricserver_flate; 1s processwrapper-sandbox
2026-10-07T03:29:11.2972938Z [5,282 / 5,288] [Prepa] GoCompilePkg runsc/cmd/metricserver/metricserver.a
2026-10-07T03:29:12.9748889Z [5,286 / 5,288] GoLink runsc/runsc_/runsc; 1s processwrapper-sandbox
2026-10-07T03:29:13.5516513Z INFO: Found 1 target...
2026-10-07T03:29:13.5860160Z Target //:release up-to-date:
2026-10-07T03:29:13.5868484Z   bazel-bin/release/runsc
2026-10-07T03:29:13.5879301Z   bazel-bin/release/containerd-shim-runsc-v1
2026-10-07T03:29:13.5884437Z   bazel-bin/release/gvisor-bin/checkpointgofer
2026-10-07T03:29:13.5885973Z   bazel-bin/release/gvisor-bin/runsc-metric-server
2026-10-07T03:29:13.5887614Z   bazel-bin/release/gvisor-bin/gvisor_sentry
2026-10-07T03:29:13.5894225Z   bazel-bin/release/gvisor-bin/gvisor-sentry-prewarmer
2026-10-07T03:29:13.7704427Z INFO: Elapsed time: 659.835s, Critical Path: 334.18s
2026-10-07T03:29:13.7712229Z INFO: 5288 processes: 1544 internal, 42 local, 3702 processwrapper-sandbox.
2026-10-07T03:29:13.7718577Z INFO: Build completed successfully, 5288 total actions
2026-10-07T03:29:32.2394613Z 2026/10/07 03:29:32 Runtime runsc-trace not found: adding
2026-10-07T03:29:32.2404945Z 2026/10/07 03:29:32 Successfully updated config.
2026-10-07T03:29:33.8461805Z -N DOCKER-USER
2026-10-07T03:29:33.8462183Z -A DOCKER-USER -j RETURN
2026-10-07T03:29:34.0415625Z docker.io/library/node@sha256:713cfbf4a0ac19f40e1bb9919893e126b74a5c8cf5d0623c9f89515c8f74c6fa: Pulling from library/node
2026-10-07T03:29:34.0417576Z a8ac7f6c67ab: Pulling fs layer
2026-10-07T03:29:34.0418294Z 9f6b7612ad69: Pulling fs layer
2026-10-07T03:29:34.0418899Z 6345e7699535: Pulling fs layer
2026-10-07T03:29:34.0419448Z cd1f23a0f33e: Pulling fs layer
2026-10-07T03:29:34.0420094Z 3477b72abf7b: Pulling fs layer
2026-10-07T03:29:34.0420619Z cd1f23a0f33e: Waiting
2026-10-07T03:29:34.0421119Z 3477b72abf7b: Waiting
2026-10-07T03:29:34.0648361Z 9f6b7612ad69: Verifying Checksum
2026-10-07T03:29:34.0649264Z 9f6b7612ad69: Download complete
2026-10-07T03:29:34.0970305Z cd1f23a0f33e: Verifying Checksum
2026-10-07T03:29:34.0970905Z cd1f23a0f33e: Download complete
2026-10-07T03:29:34.1092201Z 3477b72abf7b: Verifying Checksum
2026-10-07T03:29:34.1099259Z 3477b72abf7b: Download complete
2026-10-07T03:29:34.1740805Z a8ac7f6c67ab: Verifying Checksum
2026-10-07T03:29:34.1741587Z a8ac7f6c67ab: Download complete
2026-10-07T03:29:34.2380613Z 6345e7699535: Verifying Checksum
2026-10-07T03:29:34.2381660Z 6345e7699535: Download complete
2026-10-07T03:29:35.7696684Z a8ac7f6c67ab: Pull complete
2026-10-07T03:29:35.8562842Z 9f6b7612ad69: Pull complete
2026-10-07T03:29:38.0822730Z 6345e7699535: Pull complete
2026-10-07T03:29:38.1400191Z cd1f23a0f33e: Pull complete
2026-10-07T03:29:38.1491902Z 3477b72abf7b: Pull complete
2026-10-07T03:29:38.1522313Z Digest: sha256:713cfbf4a0ac19f40e1bb9919893e126b74a5c8cf5d0623c9f89515c8f74c6fa
2026-10-07T03:29:38.1529111Z Status: Downloaded newer image for node@sha256:713cfbf4a0ac19f40e1bb9919893e126b74a5c8cf5d0623c9f89515c8f74c6fa
2026-10-07T03:29:38.1540330Z docker.io/library/node:24.21.0-slim@sha256:713cfbf4a0ac19f40e1bb9919893e126b74a5c8cf5d0623c9f89515c8f74c6fa
2026-10-07T03:29:38.2990811Z docker.io/library/python@sha256:23c59390fc717bf09f9336908199a0ae75d9c4264bf296123f94ad772fea3b52: Pulling from library/python
2026-10-07T03:29:38.3595646Z 039e6f9f9752: Pulling fs layer
2026-10-07T03:29:38.3596122Z af40eb6962ce: Pulling fs layer
2026-10-07T03:29:38.3597104Z b55f0961b5b7: Pulling fs layer
2026-10-07T03:29:38.3597996Z 03f9750ee7e6: Pulling fs layer
2026-10-07T03:29:38.3598551Z 03f9750ee7e6: Waiting
2026-10-07T03:29:38.4095716Z af40eb6962ce: Verifying Checksum
2026-10-07T03:29:38.4096325Z af40eb6962ce: Download complete
2026-10-07T03:29:38.4217975Z 03f9750ee7e6: Verifying Checksum
2026-10-07T03:29:38.4218582Z 03f9750ee7e6: Download complete
2026-10-07T03:29:38.4460427Z b55f0961b5b7: Verifying Checksum
2026-10-07T03:29:38.4461294Z b55f0961b5b7: Download complete
2026-10-07T03:29:38.4871952Z 039e6f9f9752: Verifying Checksum
2026-10-07T03:29:38.4873504Z 039e6f9f9752: Download complete
2026-10-07T03:29:40.0786118Z 039e6f9f9752: Pull complete
2026-10-07T03:29:40.3501331Z af40eb6962ce: Pull complete
2026-10-07T03:29:41.3876256Z b55f0961b5b7: Pull complete
2026-10-07T03:29:41.3974156Z 03f9750ee7e6: Pull complete
2026-10-07T03:29:41.4005730Z Digest: sha256:23c59390fc717bf09f9336908199a0ae75d9c4264bf296123f94ad772fea3b52
2026-10-07T03:29:41.4011369Z Status: Downloaded newer image for python@sha256:23c59390fc717bf09f9336908199a0ae75d9c4264bf296123f94ad772fea3b52
2026-10-07T03:29:41.4019697Z docker.io/library/python:3.14.7-slim-bookworm@sha256:23c59390fc717bf09f9336908199a0ae75d9c4264bf296123f94ad772fea3b52
2026-10-07T03:29:41.5523074Z docker.io/library/golang@sha256:abe4f87f354c4f6d7ee3fb11b241c6b6c24a32ca50a2ebcc30493a2168e14048: Pulling from library/golang
2026-10-07T03:29:41.5523768Z eaac70c68abd: Pulling fs layer
2026-10-07T03:29:41.5524332Z 7b2de2423ebd: Pulling fs layer
2026-10-07T03:29:41.5524597Z 81578410df16: Pulling fs layer
2026-10-07T03:29:41.5525053Z bf3b640dda06: Pulling fs layer
2026-10-07T03:29:41.5525518Z 2cb3e687d353: Pulling fs layer
2026-10-07T03:29:41.5526008Z be016dbf54ff: Pulling fs layer
2026-10-07T03:29:41.5526261Z 4f4fb700ef54: Pulling fs layer
2026-10-07T03:29:41.5526591Z bf3b640dda06: Waiting
2026-10-07T03:29:41.5526802Z 2cb3e687d353: Waiting
2026-10-07T03:29:41.5527295Z be016dbf54ff: Waiting
2026-10-07T03:29:41.5527505Z 4f4fb700ef54: Waiting
2026-10-07T03:29:41.7293915Z 7b2de2423ebd: Verifying Checksum
2026-10-07T03:29:41.7294799Z 7b2de2423ebd: Download complete
2026-10-07T03:29:41.7505910Z eaac70c68abd: Verifying Checksum
2026-10-07T03:29:41.7506556Z eaac70c68abd: Download complete
2026-10-07T03:29:41.8179659Z 81578410df16: Verifying Checksum
2026-10-07T03:29:41.8180728Z 81578410df16: Download complete
2026-10-07T03:29:41.8294403Z be016dbf54ff: Verifying Checksum
2026-10-07T03:29:41.8295212Z be016dbf54ff: Download complete
2026-10-07T03:29:41.8395786Z 4f4fb700ef54: Verifying Checksum
2026-10-07T03:29:41.8396350Z 4f4fb700ef54: Download complete
2026-10-07T03:29:42.0007868Z 2cb3e687d353: Verifying Checksum
2026-10-07T03:29:42.0008456Z 2cb3e687d353: Download complete
2026-10-07T03:29:42.0473754Z bf3b640dda06: Verifying Checksum
2026-10-07T03:29:42.0474291Z bf3b640dda06: Download complete
2026-10-07T03:29:44.4043923Z eaac70c68abd: Pull complete
2026-10-07T03:29:45.9819323Z 7b2de2423ebd: Pull complete
2026-10-07T03:29:49.6887776Z 81578410df16: Pull complete
2026-10-07T03:29:52.5693679Z bf3b640dda06: Pull complete
2026-10-07T03:30:02.0733280Z 2cb3e687d353: Pull complete
2026-10-07T03:30:02.0828539Z be016dbf54ff: Pull complete
2026-10-07T03:30:02.0918541Z 4f4fb700ef54: Pull complete
2026-10-07T03:30:02.0957275Z Digest: sha256:abe4f87f354c4f6d7ee3fb11b241c6b6c24a32ca50a2ebcc30493a2168e14048
2026-10-07T03:30:02.0962729Z Status: Downloaded newer image for golang@sha256:abe4f87f354c4f6d7ee3fb11b241c6b6c24a32ca50a2ebcc30493a2168e14048
2026-10-07T03:30:02.0970722Z docker.io/library/golang:1.26.8-bookworm@sha256:abe4f87f354c4f6d7ee3fb11b241c6b6c24a32ca50a2ebcc30493a2168e14048
2026-10-07T03:30:02.2594419Z docker.io/library/rust@sha256:59037199c44290f2befcdd58dcc540164763fc296950255aaefeef096a1866b0: Pulling from library/rust
2026-10-07T03:30:02.3240754Z eaac70c68abd: Already exists
2026-10-07T03:30:02.3250960Z 7b2de2423ebd: Already exists
2026-10-07T03:30:02.3261540Z 81578410df16: Already exists
2026-10-07T03:30:02.3271982Z de9e8d0a0071: Pulling fs layer
2026-10-07T03:30:02.3272742Z 6d6429856493: Pulling fs layer
2026-10-07T03:30:03.1370100Z 6d6429856493: Verifying Checksum
2026-10-07T03:30:03.1371636Z 6d6429856493: Download complete
2026-10-07T03:30:03.1855112Z de9e8d0a0071: Verifying Checksum
2026-10-07T03:30:03.1855652Z de9e8d0a0071: Download complete
2026-10-07T03:30:12.4831217Z de9e8d0a0071: Pull complete
2026-10-07T03:30:16.6315295Z 6d6429856493: Pull complete
2026-10-07T03:30:16.6348844Z Digest: sha256:59037199c44290f2befcdd58dcc540164763fc296950255aaefeef096a1866b0
2026-10-07T03:30:16.6354295Z Status: Downloaded newer image for rust@sha256:59037199c44290f2befcdd58dcc540164763fc296950255aaefeef096a1866b0
2026-10-07T03:30:16.6362441Z docker.io/library/rust:1.99.0-bookworm@sha256:59037199c44290f2befcdd58dcc540164763fc296950255aaefeef096a1866b0
2026-10-07T03:30:16.6632976Z Cloning into '/tmp/helox-release-observer.4tnIgN/gvisor'...
2026-10-07T03:30:20.1980737Z Updating files:   0% (1/4377)
2026-10-07T03:30:20.2130856Z Updating files:   1% (44/4377)
2026-10-07T03:30:20.2174668Z Updating files:   2% (88/4377)
2026-10-07T03:30:20.2227735Z Updating files:   3% (132/4377)
2026-10-07T03:30:20.2253783Z Updating files:   4% (176/4377)
2026-10-07T03:30:20.2283951Z Updating files:   5% (219/4377)
2026-10-07T03:30:20.2311533Z Updating files:   6% (263/4377)
2026-10-07T03:30:20.2343283Z Updating files:   7% (307/4377)
2026-10-07T03:30:20.2369996Z Updating files:   8% (351/4377)
2026-10-07T03:30:20.2396828Z Updating files:   9% (394/4377)
2026-10-07T03:30:20.2425668Z Updating files:  10% (438/4377)
2026-10-07T03:30:20.2457029Z Updating files:  11% (482/4377)
2026-10-07T03:30:20.2487267Z Updating files:  12% (526/4377)
2026-10-07T03:30:20.2512930Z Updating files:  13% (570/4377)
2026-10-07T03:30:20.2536035Z Updating files:  14% (613/4377)
2026-10-07T03:30:20.2567167Z Updating files:  15% (657/4377)
2026-10-07T03:30:20.2599491Z Updating files:  16% (701/4377)
2026-10-07T03:30:20.2623264Z Updating files:  17% (745/4377)
2026-10-07T03:30:20.2649300Z Updating files:  18% (788/4377)
2026-10-07T03:30:20.2682579Z Updating files:  19% (832/4377)
2026-10-07T03:30:20.2710465Z Updating files:  20% (876/4377)
2026-10-07T03:30:20.2741999Z Updating files:  21% (920/4377)
2026-10-07T03:30:20.2772049Z Updating files:  22% (963/4377)
2026-10-07T03:30:20.2806645Z Updating files:  23% (1007/4377)
2026-10-07T03:30:20.2844541Z Updating files:  24% (1051/4377)
2026-10-07T03:30:20.2878046Z Updating files:  25% (1095/4377)
2026-10-07T03:30:20.2910180Z Updating files:  26% (1139/4377)
2026-10-07T03:30:20.2937499Z Updating files:  27% (1182/4377)
2026-10-07T03:30:20.2990011Z Updating files:  28% (1226/4377)
2026-10-07T03:30:20.3023635Z Updating files:  29% (1270/4377)
2026-10-07T03:30:20.3059048Z Updating files:  30% (1314/4377)
2026-10-07T03:30:20.3096433Z Updating files:  31% (1357/4377)
2026-10-07T03:30:20.3120612Z Updating files:  32% (1401/4377)
2026-10-07T03:30:20.3149208Z Updating files:  33% (1445/4377)
2026-10-07T03:30:20.3174301Z Updating files:  34% (1489/4377)
2026-10-07T03:30:20.3197541Z Updating files:  35% (1532/4377)
2026-10-07T03:30:20.3225460Z Updating files:  36% (1576/4377)
2026-10-07T03:30:20.3256943Z Updating files:  37% (1620/4377)
2026-10-07T03:30:20.3291129Z Updating files:  38% (1664/4377)
2026-10-07T03:30:20.3317490Z Updating files:  39% (1708/4377)
2026-10-07T03:30:20.3344953Z Updating files:  40% (1751/4377)
2026-10-07T03:30:20.3373537Z Updating files:  41% (1795/4377)
2026-10-07T03:30:20.3400168Z Updating files:  42% (1839/4377)
2026-10-07T03:30:20.3435191Z Updating files:  43% (1883/4377)
2026-10-07T03:30:20.3461122Z Updating files:  44% (1926/4377)
2026-10-07T03:30:20.3488543Z Updating files:  45% (1970/4377)
2026-10-07T03:30:20.3513458Z Updating files:  46% (2014/4377)
2026-10-07T03:30:20.3536801Z Updating files:  47% (2058/4377)
2026-10-07T03:30:20.3570645Z Updating files:  48% (2101/4377)
2026-10-07T03:30:20.3601270Z Updating files:  49% (2145/4377)
2026-10-07T03:30:20.3628346Z Updating files:  50% (2189/4377)
2026-10-07T03:30:20.3674829Z Updating files:  51% (2233/4377)
2026-10-07T03:30:20.3721977Z Updating files:  52% (2277/4377)
2026-10-07T03:30:20.3765519Z Updating files:  53% (2320/4377)
2026-10-07T03:30:20.3815596Z Updating files:  54% (2364/4377)
2026-10-07T03:30:20.3857945Z Updating files:  55% (2408/4377)
2026-10-07T03:30:20.3898685Z Updating files:  56% (2452/4377)
2026-10-07T03:30:20.3930576Z Updating files:  57% (2495/4377)
2026-10-07T03:30:20.3962019Z Updating files:  58% (2539/4377)
2026-10-07T03:30:20.4000622Z Updating files:  59% (2583/4377)
2026-10-07T03:30:20.4028758Z Updating files:  60% (2627/4377)
2026-10-07T03:30:20.4080490Z Updating files:  61% (2670/4377)
2026-10-07T03:30:20.4110048Z Updating files:  62% (2714/4377)
2026-10-07T03:30:20.4152140Z Updating files:  63% (2758/4377)
2026-10-07T03:30:20.4183711Z Updating files:  64% (2802/4377)
2026-10-07T03:30:20.4219022Z Updating files:  65% (2846/4377)
2026-10-07T03:30:20.4250550Z Updating files:  66% (2889/4377)
2026-10-07T03:30:20.4274424Z Updating files:  67% (2933/4377)
2026-10-07T03:30:20.4301974Z Updating files:  68% (2977/4377)
2026-10-07T03:30:20.4333814Z Updating files:  69% (3021/4377)
2026-10-07T03:30:20.4364796Z Updating files:  70% (3064/4377)
2026-10-07T03:30:20.4397690Z Updating files:  71% (3108/4377)
2026-10-07T03:30:20.4429314Z Updating files:  72% (3152/4377)
2026-10-07T03:30:20.4458731Z Updating files:  73% (3196/4377)
2026-10-07T03:30:20.4483237Z Updating files:  74% (3239/4377)
2026-10-07T03:30:20.4511261Z Updating files:  75% (3283/4377)
2026-10-07T03:30:20.4540853Z Updating files:  76% (3327/4377)
2026-10-07T03:30:20.4579206Z Updating files:  77% (3371/4377)
2026-10-07T03:30:20.4615007Z Updating files:  78% (3415/4377)
2026-10-07T03:30:20.4663327Z Updating files:  79% (3458/4377)
2026-10-07T03:30:20.4700628Z Updating files:  80% (3502/4377)
2026-10-07T03:30:20.4738020Z Updating files:  81% (3546/4377)
2026-10-07T03:30:20.4779956Z Updating files:  82% (3590/4377)
2026-10-07T03:30:20.4805613Z Updating files:  83% (3633/4377)
2026-10-07T03:30:20.4843256Z Updating files:  84% (3677/4377)
2026-10-07T03:30:20.4868107Z Updating files:  85% (3721/4377)
2026-10-07T03:30:20.4893777Z Updating files:  86% (3765/4377)
2026-10-07T03:30:20.4924476Z Updating files:  87% (3808/4377)
2026-10-07T03:30:20.4947474Z Updating files:  88% (3852/4377)
2026-10-07T03:30:20.4972854Z Updating files:  89% (3896/4377)
2026-10-07T03:30:20.5000555Z Updating files:  90% (3940/4377)
2026-10-07T03:30:20.5029442Z Updating files:  91% (3984/4377)
2026-10-07T03:30:20.5059931Z Updating files:  92% (4027/4377)
2026-10-07T03:30:20.5087038Z Updating files:  93% (4071/4377)
2026-10-07T03:30:20.5110641Z Updating files:  94% (4115/4377)
2026-10-07T03:30:20.5156246Z Updating files:  95% (4159/4377)
2026-10-07T03:30:20.5361130Z Updating files:  96% (4202/4377)
2026-10-07T03:30:20.5923916Z Updating files:  97% (4246/4377)
2026-10-07T03:30:20.5966729Z Updating files:  98% (4290/4377)
2026-10-07T03:30:20.5999831Z Updating files:  99% (4334/4377)
2026-10-07T03:30:20.6000407Z Updating files: 100% (4377/4377)
2026-10-07T03:30:20.6000967Z Updating files: 100% (4377/4377), done.
2026-10-07T03:30:21.9941710Z HEAD is now at 7c6199801 Support NVIDIA IMEX-620.30 in gVisor.
2026-10-07T03:30:22.5445787Z Extracting Bazel installation...
2026-10-07T03:30:23.4699732Z Starting local Bazel server (8.3.1) and connecting to it...
2026-10-07T03:30:25.0612049Z Computing main repo mapping: 
2026-10-07T03:30:26.0663569Z Computing main repo mapping: 
2026-10-07T03:30:27.0644067Z Computing main repo mapping: 
2026-10-07T03:30:28.2737856Z Computing main repo mapping: 
2026-10-07T03:30:29.2814136Z Computing main repo mapping: 
2026-10-07T03:30:29.9489457Z WARNING: For repository 'bazel_skylib', the root module requires module version bazel_skylib@1.7.1, but got bazel_skylib@1.8.2 in the resolved dependency graph. Please update the version in your MODULE.bazel or set --check_direct_dependencies=off
2026-10-07T03:30:30.3769366Z Computing main repo mapping: 
2026-10-07T03:30:31.3928610Z Computing main repo mapping: 
2026-10-07T03:30:32.0041018Z Loading: 
2026-10-07T03:30:32.0063644Z Loading: 2 packages loaded
2026-10-07T03:30:33.0336446Z Loading: 2 packages loaded
2026-10-07T03:30:33.0338102Z     currently loading: tools/haa_gvisor_observer
2026-10-07T03:30:33.1059729Z DEBUG: /home/runner/.cache/bazel/_bazel_runner/1d97a9b61148dd73f112889fd1f8e132/external/gazelle+/internal/bzlmod/go_deps.bzl:660:36: The following Go modules were required by the root module at the given versions, but were implicitly updated to higher versions due to transitive dependencies:
2026-10-07T03:30:33.1062028Z  
2026-10-07T03:30:33.1062934Z   go.opentelemetry.io/auto/sdk: v1.1.0 -> v1.2.1 
2026-10-07T03:30:33.1064261Z   go.opentelemetry.io/contrib/instrumentation/google.golang.org/grpc/otelgrpc: v0.61.0 -> v0.67.0 
2026-10-07T03:30:33.1065809Z   golang.org/x/crypto: v0.42.0 -> v0.49.0 
2026-10-07T03:30:33.1066549Z   golang.org/x/term: v0.35.0 -> v0.42.0 
2026-10-07T03:30:33.1067964Z   golang.org/x/net: v0.44.0 -> v0.52.0 
2026-10-07T03:30:33.1068749Z   go.opentelemetry.io/otel: v1.37.0 -> v1.43.0 
2026-10-07T03:30:33.1069668Z   go.opentelemetry.io/otel/metric: v1.28.0 -> v1.43.0 
2026-10-07T03:30:33.1070577Z   github.com/felixge/httpsnoop: v1.0.2 -> v1.0.4 
2026-10-07T03:30:33.1071920Z   go.opentelemetry.io/contrib/instrumentation/net/http/otelhttp: v0.53.0 -> v0.67.0 
2026-10-07T03:30:33.1073073Z   go.opentelemetry.io/otel/trace: v1.28.0 -> v1.43.0 
2026-10-07T03:30:33.1073987Z   github.com/opencontainers/image-spec: v1.0.2 -> v1.1.1 
2026-10-07T03:30:33.1074863Z   cloud.google.com/go: v0.105.0 -> v0.123.0 
2026-10-07T03:30:33.1075661Z   cloud.google.com/go/iam: v0.8.0 -> v1.7.0 
2026-10-07T03:30:33.1076550Z   cloud.google.com/go/compute/metadata: v0.8.0 -> v0.9.0 
2026-10-07T03:30:33.1077925Z   github.com/googleapis/enterprise-certificate-proxy: v0.3.6 -> v0.3.14 
2026-10-07T03:30:33.1078893Z   golang.org/x/oauth2: v0.30.0 -> v0.36.0 
2026-10-07T03:30:33.1080072Z   google.golang.org/genproto: v0.0.0-20250707201910-8d1bb00bc6a7 -> v0.0.0-20260319201613-d00831a3d3e7 
2026-10-07T03:30:33.1081634Z   github.com/googleapis/gax-go/v2: v2.15.0 -> v2.21.0 
2026-10-07T03:30:33.1082228Z 
2026-10-07T03:30:33.1082799Z Update the root module's dependencies to match the resolved versions via:
2026-10-07T03:30:33.1083528Z 
2026-10-07T03:30:33.1089637Z   bazel run @io_bazel_rules_go//go -- get go.opentelemetry.io/auto/sdk@v1.2.1 go.opentelemetry.io/contrib/instrumentation/google.golang.org/grpc/otelgrpc@v0.67.0 golang.org/x/crypto@v0.49.0 golang.org/x/term@v0.42.0 golang.org/x/net@v0.52.0 go.opentelemetry.io/otel@v1.43.0 go.opentelemetry.io/otel/metric@v1.43.0 github.com/felixge/httpsnoop@v1.0.4 go.opentelemetry.io/contrib/instrumentation/net/http/otelhttp@v0.67.0 go.opentelemetry.io/otel/trace@v1.43.0 github.com/opencontainers/image-spec@v1.1.1 cloud.google.com/go@v0.123.0 cloud.google.com/go/iam@v1.7.0 cloud.google.com/go/compute/metadata@v0.9.0 github.com/googleapis/enterprise-certificate-proxy@v0.3.14 golang.org/x/oauth2@v0.36.0 google.golang.org/genproto@v0.0.0-20260319201613-d00831a3d3e7 github.com/googleapis/gax-go/v2@v2.21.0 
2026-10-07T03:30:33.1094729Z 
2026-10-07T03:30:33.4341769Z Analyzing: target //tools/haa_gvisor_observer:haa_gvisor_observer (3 packages loaded, 0 targets configured)
2026-10-07T03:30:33.4528748Z Analyzing: target //tools/haa_gvisor_observer:haa_gvisor_observer (3 packages loaded, 0 targets configured)
2026-10-07T03:30:33.4529972Z 
2026-10-07T03:30:34.4769949Z Analyzing: target //tools/haa_gvisor_observer:haa_gvisor_observer (64 packages loaded, 7 targets configured)
2026-10-07T03:30:34.4771726Z 
2026-10-07T03:30:35.6198430Z Analyzing: target //tools/haa_gvisor_observer:haa_gvisor_observer (68 packages loaded, 42 targets configured)
2026-10-07T03:30:35.6287578Z 
2026-10-07T03:30:36.6209807Z Analyzing: target //tools/haa_gvisor_observer:haa_gvisor_observer (91 packages loaded, 3205 targets configured)
2026-10-07T03:30:36.6263861Z 
2026-10-07T03:30:37.6663484Z Analyzing: target //tools/haa_gvisor_observer:haa_gvisor_observer (107 packages loaded, 5761 targets configured)
2026-10-07T03:30:37.6669435Z 
2026-10-07T03:30:38.8259035Z INFO: Analyzed target //tools/haa_gvisor_observer:haa_gvisor_observer (130 packages loaded, 6531 targets configured).
2026-10-07T03:30:38.8461410Z [1 / 1] no actions running
2026-10-07T03:30:40.0735160Z [12 / 624] Linking external/abseil-cpp+/absl/debugging/libutf8_for_code_point.a [for tool]; 0s processwrapper-sandbox ... (4 actions running)
2026-10-07T03:30:45.7665230Z [15 / 626] Linking external/abseil-cpp+/absl/debugging/libutf8_for_code_point.a; 6s processwrapper-sandbox ... (3 actions, 1 running)
2026-10-07T03:30:46.7838690Z [28 / 939] Compiling absl/debugging/internal/vdso_support.cc [for tool]; 0s processwrapper-sandbox ... (4 actions, 3 running)
2026-10-07T03:30:48.0792545Z [38 / 939] Compiling absl/base/internal/raw_logging.cc; 0s processwrapper-sandbox ... (4 actions running)
2026-10-07T03:30:49.0769229Z [48 / 939] Compiling absl/base/internal/thread_identity.cc; 0s processwrapper-sandbox ... (4 actions running)
2026-10-07T03:30:50.0838541Z [58 / 939] Compiling absl/debugging/internal/demangle.cc [for tool]; 1s processwrapper-sandbox ... (4 actions running)
2026-10-07T03:30:51.0868643Z [64 / 939] Compiling absl/debugging/internal/demangle.cc; 1s processwrapper-sandbox ... (4 actions running)
2026-10-07T03:30:52.0879365Z [77 / 939] Compiling absl/debugging/internal/decode_rust_punycode.cc [for tool]; 0s processwrapper-sandbox ... (4 actions running)
2026-10-07T03:30:53.6258643Z [88 / 939] Compiling absl/strings/internal/str_format/arg.cc [for tool]; 1s processwrapper-sandbox ... (4 actions, 3 running)
2026-10-07T03:30:54.6298515Z [91 / 939] Compiling absl/strings/internal/str_format/arg.cc; 1s processwrapper-sandbox ... (4 actions running)
2026-10-07T03:30:55.6718087Z [97 / 939] Compiling absl/strings/internal/str_format/bind.cc [for tool]; 1s processwrapper-sandbox ... (4 actions, 3 running)
2026-10-07T03:30:56.8430518Z [103 / 939] Compiling absl/strings/internal/str_format/float_conversion.cc [for tool]; 0s processwrapper-sandbox ... (4 actions, 3 running)
2026-10-07T03:30:58.0908543Z [104 / 939] Compiling absl/strings/internal/str_format/float_conversion.cc [for tool]; 1s processwrapper-sandbox ... (4 actions running)
2026-10-07T03:30:59.2678757Z [110 / 939] Compiling absl/crc/internal/crc_non_temporal_memcpy.cc [for tool]; 0s processwrapper-sandbox ... (4 actions, 3 running)
2026-10-07T03:31:00.3738606Z [114 / 939] Compiling absl/strings/internal/str_format/parser.cc; 1s processwrapper-sandbox ... (4 actions, 3 running)
2026-10-07T03:31:01.6132552Z [122 / 939] Compiling absl/time/internal/cctz/src/time_zone_fixed.cc [for tool]; 0s processwrapper-sandbox ... (4 actions, 3 running)
2026-10-07T03:31:02.7028579Z [126 / 939] Compiling absl/strings/charconv.cc; 1s processwrapper-sandbox ... (4 actions, 3 running)
2026-10-07T03:31:03.7833359Z [129 / 939] Compiling absl/strings/escaping.cc [for tool]; 1s processwrapper-sandbox ... (4 actions, 3 running)
2026-10-07T03:31:05.0918446Z [132 / 939] Compiling absl/crc/internal/crc_memcpy_x86_arm_combined.cc; 1s processwrapper-sandbox ... (4 actions running)
2026-10-07T03:31:06.0942456Z [135 / 939] Compiling absl/strings/internal/charconv_bigint.cc [for tool]; 1s processwrapper-sandbox ... (4 actions running)
2026-10-07T03:31:07.1893716Z [143 / 939] Compiling absl/strings/internal/damerau_levenshtein_distance.cc [for tool]; 0s processwrapper-sandbox ... (4 actions, 3 running)
2026-10-07T03:31:08.1988645Z [152 / 939] Compiling absl/time/internal/cctz/src/time_zone_libc.cc [for tool]; 0s processwrapper-sandbox ... (4 actions, 3 running)
2026-10-07T03:31:09.5184998Z [157 / 939] Compiling absl/time/civil_time.cc; 1s processwrapper-sandbox ... (4 actions, 3 running)
2026-10-07T03:31:10.5498678Z [161 / 939] Compiling absl/time/internal/cctz/src/time_zone_info.cc [for tool]; 1s processwrapper-sandbox ... (4 actions, 3 running)
2026-10-07T03:31:11.8779303Z [164 / 939] Compiling absl/time/internal/cctz/src/time_zone_info.cc [for tool]; 2s processwrapper-sandbox ... (4 actions, 3 running)
2026-10-07T03:31:13.0178779Z [170 / 939] Compiling absl/time/internal/cctz/src/time_zone_info.cc; 0s processwrapper-sandbox ... (4 actions, 3 running)
2026-10-07T03:31:14.0481537Z [173 / 939] Compiling absl/time/internal/cctz/src/time_zone_info.cc; 1s processwrapper-sandbox ... (4 actions, 3 running)
2026-10-07T03:31:15.0968444Z [179 / 939] Compiling absl/numeric/int128.cc [for tool]; 0s processwrapper-sandbox ... (4 actions running)
2026-10-07T03:31:16.0978531Z [261 / 939] Compiling absl/time/internal/cctz/src/time_zone_format.cc; 1s processwrapper-sandbox ... (4 actions running)
2026-10-07T03:31:17.2612840Z [269 / 939] Compiling absl/debugging/symbolize.cc; 0s processwrapper-sandbox ... (4 actions, 3 running)
2026-10-07T03:31:18.3498870Z [276 / 939] Compiling absl/synchronization/internal/graphcycles.cc [for tool]; 0s processwrapper-sandbox ... (4 actions, 3 running)
2026-10-07T03:31:19.3958551Z [289 / 939] Compiling absl/synchronization/internal/stdcpp_waiter.cc [for tool]; 0s processwrapper-sandbox ... (4 actions, 3 running)
2026-10-07T03:31:20.4363154Z [299 / 939] Compiling absl/synchronization/internal/sem_waiter.cc [for tool]; 0s processwrapper-sandbox ... (4 actions, 3 running)
2026-10-07T03:31:21.6032576Z [305 / 939] Compiling absl/log/internal/vlog_config.cc [for tool]; 1s processwrapper-sandbox ... (4 actions, 3 running)
2026-10-07T03:31:22.6976511Z [311 / 939] Compiling absl/log/internal/vlog_config.cc; 0s processwrapper-sandbox ... (4 actions, 3 running)
2026-10-07T03:31:23.7518956Z [317 / 939] Compiling absl/synchronization/mutex.cc; 0s processwrapper-sandbox ... (4 actions, 3 running)
2026-10-07T03:31:25.1022918Z [326 / 939] Compiling absl/strings/internal/cordz_handle.cc; 0s processwrapper-sandbox ... (4 actions running)
2026-10-07T03:31:26.0986176Z [336 / 939] Compiling absl/synchronization/internal/graphcycles.cc; 0s processwrapper-sandbox ... (4 actions running)
2026-10-07T03:31:27.1088167Z [342 / 939] Compiling absl/hash/internal/hash.cc; 1s processwrapper-sandbox ... (4 actions running)
2026-10-07T03:31:28.1098439Z [349 / 939] Compiling absl/strings/internal/cord_rep_btree.cc [for tool]; 1s processwrapper-sandbox ... (4 actions running)
2026-10-07T03:31:29.2403635Z [352 / 939] Compiling absl/strings/internal/cord_rep_btree.cc [for tool]; 2s processwrapper-sandbox ... (4 actions, 3 running)
2026-10-07T03:31:31.0428700Z [357 / 939] Compiling absl/strings/cord.cc [for tool]; 1s processwrapper-sandbox ... (4 actions, 3 running)
2026-10-07T03:31:32.1108690Z [360 / 939] Compiling absl/strings/cord.cc [for tool]; 2s processwrapper-sandbox ... (4 actions running)
2026-10-07T03:31:33.1134490Z [365 / 939] Compiling absl/strings/cord.cc [for tool]; 3s processwrapper-sandbox ... (4 actions running)
2026-10-07T03:31:34.1118302Z [367 / 939] Compiling absl/strings/cord.cc [for tool]; 4s processwrapper-sandbox ... (4 actions running)
2026-10-07T03:31:35.1138270Z [372 / 939] Compiling absl/strings/cord.cc [for tool]; 5s processwrapper-sandbox ... (4 actions running)
2026-10-07T03:31:36.1178390Z [375 / 939] Compiling absl/strings/internal/cord_rep_btree.cc; 1s processwrapper-sandbox ... (4 actions running)
2026-10-07T03:31:37.1162167Z [414 / 939] Compiling absl/strings/internal/cord_rep_btree.cc; 2s processwrapper-sandbox ... (4 actions running)
2026-10-07T03:31:38.1438700Z [432 / 939] Compiling absl/strings/internal/cordz_info.cc [for tool]; 1s processwrapper-sandbox ... (4 actions, 3 running)
2026-10-07T03:31:39.2122619Z [438 / 939] Compiling absl/log/internal/log_format.cc [for tool]; 1s processwrapper-sandbox ... (4 actions, 3 running)
2026-10-07T03:31:40.4766251Z [443 / 939] Compiling absl/status/statusor.cc; 1s processwrapper-sandbox ... (4 actions, 3 running)
2026-10-07T03:31:41.7558444Z [458 / 939] Compiling absl/log/internal/log_message.cc [for tool]; 1s processwrapper-sandbox ... (4 actions, 3 running)
2026-10-07T03:31:43.0908664Z [464 / 939] Compiling absl/log/internal/check_op.cc; 1s processwrapper-sandbox ... (4 actions, 3 running)
2026-10-07T03:31:44.1178259Z [474 / 939] Compiling absl/status/status.cc; 1s processwrapper-sandbox ... (4 actions running)
2026-10-07T03:31:46.0764448Z [482 / 939] Compiling src/google/protobuf/arena.cc [for tool]; 1s processwrapper-sandbox ... (4 actions, 3 running)
2026-10-07T03:31:47.1199472Z [496 / 939] Compiling src/google/protobuf/port.cc; 0s processwrapper-sandbox ... (4 actions running)
2026-10-07T03:31:48.1208328Z [502 / 939] Compiling absl/strings/cord.cc; 1s processwrapper-sandbox ... (4 actions running)
2026-10-07T03:31:49.2684586Z [503 / 939] Compiling absl/strings/cord.cc; 3s processwrapper-sandbox ... (4 actions, 3 running)
2026-10-07T03:31:50.7249958Z [506 / 939] Compiling absl/strings/cord.cc; 4s processwrapper-sandbox ... (4 actions, 3 running)
2026-10-07T03:31:51.9370141Z [511 / 939] Compiling absl/strings/cord.cc; 5s processwrapper-sandbox ... (4 actions, 3 running)
2026-10-07T03:31:52.9452945Z [515 / 939] Compiling src/google/protobuf/io/zero_copy_stream_impl.cc [for tool]; 1s processwrapper-sandbox ... (4 actions, 3 running)
2026-10-07T03:31:54.1238481Z [529 / 939] Compiling absl/container/internal/raw_hash_set.cc [for tool]; 1s processwrapper-sandbox ... (4 actions running)
2026-10-07T03:31:55.1268531Z [533 / 939] Compiling src/google/protobuf/io/zero_copy_stream_impl_lite.cc [for tool]; 2s processwrapper-sandbox ... (4 actions running)
2026-10-07T03:31:56.1280019Z [543 / 939] Compiling absl/container/internal/raw_hash_set.cc; 1s processwrapper-sandbox ... (4 actions running)
2026-10-07T03:31:57.4338426Z [544 / 939] Compiling src/google/protobuf/io/printer.cc [for tool]; 2s processwrapper-sandbox ... (4 actions, 3 running)
2026-10-07T03:31:59.1298438Z [547 / 939] Compiling src/google/protobuf/io/printer.cc [for tool]; 3s processwrapper-sandbox ... (4 actions running)
2026-10-07T03:32:00.1308345Z [552 / 939] Compiling src/google/protobuf/io/printer.cc [for tool]; 4s processwrapper-sandbox ... (4 actions running)
2026-10-07T03:32:01.1748605Z [560 / 939] Compiling src/google/protobuf/io/printer.cc; 5s processwrapper-sandbox ... (4 actions, 3 running)
2026-10-07T03:32:02.3069923Z [568 / 939] Compiling src/google/protobuf/io/gzip_stream.cc; 1s processwrapper-sandbox ... (4 actions, 3 running)
2026-10-07T03:32:03.4420767Z [578 / 939] Compiling src/google/protobuf/io/coded_stream.cc; 1s processwrapper-sandbox ... (4 actions, 3 running)
2026-10-07T03:32:04.5218580Z [585 / 939] Compiling src/google/protobuf/io/coded_stream.cc; 2s processwrapper-sandbox ... (4 actions, 3 running)
2026-10-07T03:32:06.1338367Z [707 / 939] Compiling src/google/protobuf/io/tokenizer.cc; 2s processwrapper-sandbox ... (4 actions running)
2026-10-07T03:32:07.1358636Z [709 / 939] Compiling src/google/protobuf/text_format.cc [for tool]; 2s processwrapper-sandbox ... (4 actions running)
2026-10-07T03:32:09.1378507Z [713 / 939] Compiling src/google/protobuf/text_format.cc [for tool]; 4s processwrapper-sandbox ... (4 actions running)
2026-10-07T03:32:11.0348305Z INFO: From Compiling src/google/protobuf/reflection_ops.cc [for tool]:
2026-10-07T03:32:11.0378048Z In file included from external/protobuf+/src/google/protobuf/reflection_ops.cc:22:
2026-10-07T03:32:11.0415975Z bazel-out/k8-opt-exec-ST-d57f47055a04/bin/external/protobuf+/src/google/protobuf/_virtual_includes/protobuf/google/protobuf/map_field.h: In constructor 'google::protobuf::internal::MapFieldBase::ReflectionPayload::ReflectionPayload(google::protobuf::Arena*, const google::protobuf::Message*)':
2026-10-07T03:32:11.0450356Z bazel-out/k8-opt-exec-ST-d57f47055a04/bin/external/protobuf+/src/google/protobuf/_virtual_includes/protobuf/google/protobuf/map_field.h:416:11: warning: 'google::protobuf::RepeatedPtrField<T>::RepeatedPtrField(google::protobuf::Arena*) [with Element = google::protobuf::Message]' is deprecated: Use Arena::Create<RepeatedPtrField<...>>(Arena*) instead [-Wdeprecated-declarations]
2026-10-07T03:32:11.0477726Z   416 |         : repeated_field_(arena), prototype_(prototype) {}
2026-10-07T03:32:11.0497931Z       |           ^~~~~~~~~~~~~~~~~~~~~~
2026-10-07T03:32:11.0526727Z In file included from bazel-out/k8-opt-exec-ST-d57f47055a04/bin/external/protobuf+/src/google/protobuf/_virtual_includes/protobuf_lite/google/protobuf/repeated_field.h:46,
2026-10-07T03:32:11.0535287Z                  from bazel-out/k8-opt-exec-ST-d57f47055a04/bin/external/protobuf+/src/google/protobuf/_virtual_includes/protobuf_lite/google/protobuf/parse_context.h:39,
2026-10-07T03:32:11.0539798Z                  from bazel-out/k8-opt-exec-ST-d57f47055a04/bin/external/protobuf+/src/google/protobuf/_virtual_includes/protobuf_lite/google/protobuf/generated_message_tctable_decl.h:25,
2026-10-07T03:32:11.0543312Z                  from bazel-out/k8-opt-exec-ST-d57f47055a04/bin/external/protobuf+/src/google/protobuf/_virtual_includes/protobuf_lite/google/protobuf/extension_set.h:40,
2026-10-07T03:32:11.0548646Z                  from bazel-out/k8-opt-exec-ST-d57f47055a04/bin/external/protobuf+/src/google/protobuf/_virtual_includes/protobuf/google/protobuf/descriptor.h:56,
2026-10-07T03:32:11.0552541Z                  from bazel-out/k8-opt-exec-ST-d57f47055a04/bin/external/protobuf+/src/google/protobuf/_virtual_includes/protobuf/google/protobuf/message.h:112,
2026-10-07T03:32:11.0556133Z                  from bazel-out/k8-opt-exec-ST-d57f47055a04/bin/external/protobuf+/src/google/protobuf/_virtual_includes/protobuf/google/protobuf/reflection_ops.h:18,
2026-10-07T03:32:11.0559044Z                  from external/protobuf+/src/google/protobuf/reflection_ops.cc:11:
2026-10-07T03:32:11.0561015Z bazel-out/k8-opt-exec-ST-d57f47055a04/bin/external/protobuf+/src/google/protobuf/_virtual_includes/protobuf_lite/google/protobuf/repeated_ptr_field.h:1380:8: note: declared here
2026-10-07T03:32:11.0562940Z  1380 | inline RepeatedPtrField<Element>::RepeatedPtrField(Arena* arena)
2026-10-07T03:32:11.0563926Z       |        ^~~~~~~~~~~~~~~~~~~~~~~~~
2026-10-07T03:32:11.0565217Z [714 / 939] Compiling src/google/protobuf/text_format.cc [for tool]; 6s processwrapper-sandbox ... (4 actions, 3 running)
2026-10-07T03:32:12.1388694Z [714 / 939] Compiling src/google/protobuf/text_format.cc [for tool]; 7s processwrapper-sandbox ... (4 actions running)
2026-10-07T03:32:13.4908360Z INFO: From Compiling src/google/protobuf/wire_format.cc [for tool]:
2026-10-07T03:32:13.4937916Z In file included from external/protobuf+/src/google/protobuf/wire_format.cc:31:
2026-10-07T03:32:13.4969383Z bazel-out/k8-opt-exec-ST-d57f47055a04/bin/external/protobuf+/src/google/protobuf/_virtual_includes/protobuf/google/protobuf/map_field.h: In constructor 'google::protobuf::internal::MapFieldBase::ReflectionPayload::ReflectionPayload(google::protobuf::Arena*, const google::protobuf::Message*)':
2026-10-07T03:32:13.4999864Z bazel-out/k8-opt-exec-ST-d57f47055a04/bin/external/protobuf+/src/google/protobuf/_virtual_includes/protobuf/google/protobuf/map_field.h:416:11: warning: 'google::protobuf::RepeatedPtrField<T>::RepeatedPtrField(google::protobuf::Arena*) [with Element = google::protobuf::Message]' is deprecated: Use Arena::Create<RepeatedPtrField<...>>(Arena*) instead [-Wdeprecated-declarations]
2026-10-07T03:32:13.5027773Z   416 |         : repeated_field_(arena), prototype_(prototype) {}
2026-10-07T03:32:13.5057528Z       |           ^~~~~~~~~~~~~~~~~~~~~~
2026-10-07T03:32:13.5058699Z In file included from bazel-out/k8-opt-exec-ST-d57f47055a04/bin/external/protobuf+/src/google/protobuf/_virtual_includes/protobuf_lite/google/protobuf/repeated_field.h:46,
2026-10-07T03:32:13.5062074Z                  from bazel-out/k8-opt-exec-ST-d57f47055a04/bin/external/protobuf+/src/google/protobuf/_virtual_includes/protobuf_lite/google/protobuf/parse_context.h:39,
2026-10-07T03:32:13.5065583Z                  from bazel-out/k8-opt-exec-ST-d57f47055a04/bin/external/protobuf+/src/google/protobuf/_virtual_includes/protobuf_lite/google/protobuf/generated_message_tctable_decl.h:25,
2026-10-07T03:32:13.5069250Z                  from bazel-out/k8-opt-exec-ST-d57f47055a04/bin/external/protobuf+/src/google/protobuf/_virtual_includes/protobuf_lite/google/protobuf/extension_set.h:40,
2026-10-07T03:32:13.5072444Z                  from bazel-out/k8-opt-exec-ST-d57f47055a04/bin/external/protobuf+/src/google/protobuf/_virtual_includes/protobuf/google/protobuf/descriptor.h:56,
2026-10-07T03:32:13.5075585Z                  from bazel-out/k8-opt-exec-ST-d57f47055a04/bin/external/protobuf+/src/google/protobuf/_virtual_includes/protobuf/google/protobuf/wire_format.h:26,
2026-10-07T03:32:13.5077795Z                  from external/protobuf+/src/google/protobuf/wire_format.cc:12:
2026-10-07T03:32:13.5079398Z bazel-out/k8-opt-exec-ST-d57f47055a04/bin/external/protobuf+/src/google/protobuf/_virtual_includes/protobuf_lite/google/protobuf/repeated_ptr_field.h:1380:8: note: declared here
2026-10-07T03:32:13.5081055Z  1380 | inline RepeatedPtrField<Element>::RepeatedPtrField(Arena* arena)
2026-10-07T03:32:13.5081825Z       |        ^~~~~~~~~~~~~~~~~~~~~~~~~
2026-10-07T03:32:13.5082782Z [715 / 939] Compiling src/google/protobuf/text_format.cc [for tool]; 8s processwrapper-sandbox ... (4 actions, 3 running)
2026-10-07T03:32:14.0880065Z INFO: From Compiling src/google/protobuf/message.cc [for tool]:
2026-10-07T03:32:14.0901354Z In file included from external/protobuf+/src/google/protobuf/message.cc:40:
2026-10-07T03:32:14.0929839Z bazel-out/k8-opt-exec-ST-d57f47055a04/bin/external/protobuf+/src/google/protobuf/_virtual_includes/protobuf/google/protobuf/map_field.h: In constructor 'google::protobuf::internal::MapFieldBase::ReflectionPayload::ReflectionPayload(google::protobuf::Arena*, const google::protobuf::Message*)':
2026-10-07T03:32:14.0959874Z bazel-out/k8-opt-exec-ST-d57f47055a04/bin/external/protobuf+/src/google/protobuf/_virtual_includes/protobuf/google/protobuf/map_field.h:416:11: warning: 'google::protobuf::RepeatedPtrField<T>::RepeatedPtrField(google::protobuf::Arena*) [with Element = google::protobuf::Message]' is deprecated: Use Arena::Create<RepeatedPtrField<...>>(Arena*) instead [-Wdeprecated-declarations]
2026-10-07T03:32:14.0962726Z   416 |         : repeated_field_(arena), prototype_(prototype) {}
2026-10-07T03:32:14.0963461Z       |           ^~~~~~~~~~~~~~~~~~~~~~
2026-10-07T03:32:14.0964837Z In file included from bazel-out/k8-opt-exec-ST-d57f47055a04/bin/external/protobuf+/src/google/protobuf/_virtual_includes/protobuf_lite/google/protobuf/repeated_field.h:46,
2026-10-07T03:32:14.0968627Z                  from bazel-out/k8-opt-exec-ST-d57f47055a04/bin/external/protobuf+/src/google/protobuf/_virtual_includes/protobuf_lite/google/protobuf/parse_context.h:39,
2026-10-07T03:32:14.0972258Z                  from bazel-out/k8-opt-exec-ST-d57f47055a04/bin/external/protobuf+/src/google/protobuf/_virtual_includes/protobuf_lite/google/protobuf/generated_message_tctable_decl.h:25,
2026-10-07T03:32:14.0975707Z                  from bazel-out/k8-opt-exec-ST-d57f47055a04/bin/external/protobuf+/src/google/protobuf/_virtual_includes/protobuf_lite/google/protobuf/extension_set.h:40,
2026-10-07T03:32:14.0979250Z                  from bazel-out/k8-opt-exec-ST-d57f47055a04/bin/external/protobuf+/src/google/protobuf/_virtual_includes/protobuf/google/protobuf/descriptor.h:56,
2026-10-07T03:32:14.0982435Z                  from bazel-out/k8-opt-exec-ST-d57f47055a04/bin/external/protobuf+/src/google/protobuf/_virtual_includes/protobuf/google/protobuf/message.h:112,
2026-10-07T03:32:14.0984331Z                  from external/protobuf+/src/google/protobuf/message.cc:12:
2026-10-07T03:32:14.0985948Z bazel-out/k8-opt-exec-ST-d57f47055a04/bin/external/protobuf+/src/google/protobuf/_virtual_includes/protobuf_lite/google/protobuf/repeated_ptr_field.h:1380:8: note: declared here
2026-10-07T03:32:14.1018144Z  1380 | inline RepeatedPtrField<Element>::RepeatedPtrField(Arena* arena)
2026-10-07T03:32:14.1018983Z       |        ^~~~~~~~~~~~~~~~~~~~~~~~~
2026-10-07T03:32:14.3251349Z INFO: From Compiling src/google/protobuf/text_format.cc [for tool]:
2026-10-07T03:32:14.3286758Z In file included from external/protobuf+/src/google/protobuf/text_format.cc:54:
2026-10-07T03:32:14.3299398Z bazel-out/k8-opt-exec-ST-d57f47055a04/bin/external/protobuf+/src/google/protobuf/_virtual_includes/protobuf/google/protobuf/map_field.h: In constructor 'google::protobuf::internal::MapFieldBase::ReflectionPayload::ReflectionPayload(google::protobuf::Arena*, const google::protobuf::Message*)':
2026-10-07T03:32:14.3329821Z bazel-out/k8-opt-exec-ST-d57f47055a04/bin/external/protobuf+/src/google/protobuf/_virtual_includes/protobuf/google/protobuf/map_field.h:416:11: warning: 'google::protobuf::RepeatedPtrField<T>::RepeatedPtrField(google::protobuf::Arena*) [with Element = google::protobuf::Message]' is deprecated: Use Arena::Create<RepeatedPtrField<...>>(Arena*) instead [-Wdeprecated-declarations]
2026-10-07T03:32:14.3357713Z   416 |         : repeated_field_(arena), prototype_(prototype) {}
2026-10-07T03:32:14.3367722Z       |           ^~~~~~~~~~~~~~~~~~~~~~
2026-10-07T03:32:14.3398614Z In file included from bazel-out/k8-opt-exec-ST-d57f47055a04/bin/external/protobuf+/src/google/protobuf/_virtual_includes/protobuf_lite/google/protobuf/repeated_field.h:46,
2026-10-07T03:32:14.3419709Z                  from bazel-out/k8-opt-exec-ST-d57f47055a04/bin/external/protobuf+/src/google/protobuf/_virtual_includes/protobuf_lite/google/protobuf/parse_context.h:39,
2026-10-07T03:32:14.3450070Z                  from bazel-out/k8-opt-exec-ST-d57f47055a04/bin/external/protobuf+/src/google/protobuf/_virtual_includes/protobuf_lite/google/protobuf/generated_message_tctable_decl.h:25,
2026-10-07T03:32:14.3460060Z                  from bazel-out/k8-opt-exec-ST-d57f47055a04/bin/external/protobuf+/src/google/protobuf/_virtual_includes/protobuf_lite/google/protobuf/extension_set.h:40,
2026-10-07T03:32:14.3489552Z                  from bazel-out/k8-opt-exec-ST-d57f47055a04/bin/external/protobuf+/src/google/protobuf/_virtual_includes/protobuf/google/protobuf/descriptor.h:56,
2026-10-07T03:32:14.3509523Z                  from bazel-out/k8-opt-exec-ST-d57f47055a04/bin/external/protobuf+/src/google/protobuf/_virtual_includes/protobuf/google/protobuf/text_format.h:27,
2026-10-07T03:32:14.3535562Z                  from external/protobuf+/src/google/protobuf/text_format.cc:12:
2026-10-07T03:32:14.3548373Z bazel-out/k8-opt-exec-ST-d57f47055a04/bin/external/protobuf+/src/google/protobuf/_virtual_includes/protobuf_lite/google/protobuf/repeated_ptr_field.h:1380:8: note: declared here
2026-10-07T03:32:14.3577800Z  1380 | inline RepeatedPtrField<Element>::RepeatedPtrField(Arena* arena)
2026-10-07T03:32:14.3597496Z       |        ^~~~~~~~~~~~~~~~~~~~~~~~~
2026-10-07T03:32:14.3628237Z external/protobuf+/src/google/protobuf/text_format.cc: In member function 'bool google::protobuf::TextFormat::Parser::ParserImpl::ConsumeField(google::protobuf::Message*)':
2026-10-07T03:32:14.3638403Z external/protobuf+/src/google/protobuf/text_format.cc:663:54: warning: 'bool google::protobuf::FieldOptions::weak() const' is deprecated [-Wdeprecated-declarations]
2026-10-07T03:32:14.3639845Z   663 |       if (consumed_semicolon && field->options().weak() &&
2026-10-07T03:32:14.3640640Z       |                                 ~~~~~~~~~~~~~~~~~~~~~^~
2026-10-07T03:32:14.3641431Z In file included from external/protobuf+/src/google/protobuf/text_format.cc:46:
2026-10-07T03:32:14.3643041Z bazel-out/k8-opt-exec-ST-d57f47055a04/bin/external/protobuf+/src/google/protobuf/_virtual_includes/protobuf/google/protobuf/descriptor.pb.h:18861:13: note: declared here
2026-10-07T03:32:14.3644985Z 18861 | inline bool FieldOptions::weak() const {
2026-10-07T03:32:14.3645807Z       |             ^~~~~~~~~~~~
2026-10-07T03:32:15.1423891Z [717 / 939] Compiling src/google/protobuf/map_field.cc [for tool]; 4s processwrapper-sandbox ... (4 actions running)
2026-10-07T03:32:15.2658085Z INFO: From Compiling src/google/protobuf/map_field.cc [for tool]:
2026-10-07T03:32:15.2659140Z In file included from external/protobuf+/src/google/protobuf/map_field.cc:8:
2026-10-07T03:32:15.2779621Z bazel-out/k8-opt-exec-ST-d57f47055a04/bin/external/protobuf+/src/google/protobuf/_virtual_includes/protobuf/google/protobuf/map_field.h: In constructor 'google::protobuf::internal::MapFieldBase::ReflectionPayload::ReflectionPayload(google::protobuf::Arena*, const google::protobuf::Message*)':
2026-10-07T03:32:15.2810492Z bazel-out/k8-opt-exec-ST-d57f47055a04/bin/external/protobuf+/src/google/protobuf/_virtual_includes/protobuf/google/protobuf/map_field.h:416:11: warning: 'google::protobuf::RepeatedPtrField<T>::RepeatedPtrField(google::protobuf::Arena*) [with Element = google::protobuf::Message]' is deprecated: Use Arena::Create<RepeatedPtrField<...>>(Arena*) instead [-Wdeprecated-declarations]
2026-10-07T03:32:15.2897969Z   416 |         : repeated_field_(arena), prototype_(prototype) {}
2026-10-07T03:32:15.2927640Z       |           ^~~~~~~~~~~~~~~~~~~~~~
2026-10-07T03:32:15.2958507Z In file included from bazel-out/k8-opt-exec-ST-d57f47055a04/bin/external/protobuf+/src/google/protobuf/_virtual_includes/protobuf_lite/google/protobuf/repeated_field.h:46,
2026-10-07T03:32:15.2989499Z                  from bazel-out/k8-opt-exec-ST-d57f47055a04/bin/external/protobuf+/src/google/protobuf/_virtual_includes/protobuf_lite/google/protobuf/parse_context.h:39,
2026-10-07T03:32:15.3049855Z                  from bazel-out/k8-opt-exec-ST-d57f47055a04/bin/external/protobuf+/src/google/protobuf/_virtual_includes/protobuf_lite/google/protobuf/generated_message_tctable_decl.h:25,
2026-10-07T03:32:15.3079767Z                  from bazel-out/k8-opt-exec-ST-d57f47055a04/bin/external/protobuf+/src/google/protobuf/_virtual_includes/protobuf_lite/google/protobuf/extension_set.h:40,
2026-10-07T03:32:15.3109505Z                  from bazel-out/k8-opt-exec-ST-d57f47055a04/bin/external/protobuf+/src/google/protobuf/_virtual_includes/protobuf/google/protobuf/descriptor.h:56,
2026-10-07T03:32:15.3112608Z                  from bazel-out/k8-opt-exec-ST-d57f47055a04/bin/external/protobuf+/src/google/protobuf/_virtual_includes/protobuf/google/protobuf/map_field.h:23:
2026-10-07T03:32:15.3114796Z bazel-out/k8-opt-exec-ST-d57f47055a04/bin/external/protobuf+/src/google/protobuf/_virtual_includes/protobuf_lite/google/protobuf/repeated_ptr_field.h:1380:8: note: declared here
2026-10-07T03:32:15.3149138Z  1380 | inline RepeatedPtrField<Element>::RepeatedPtrField(Arena* arena)
2026-10-07T03:32:15.3149985Z       |        ^~~~~~~~~~~~~~~~~~~~~~~~~
2026-10-07T03:32:16.1408487Z [718 / 939] Compiling src/google/protobuf/internal_feature_helper.cc [for tool]; 2s processwrapper-sandbox ... (4 actions running)
2026-10-07T03:32:17.1428517Z [719 / 939] Compiling src/google/protobuf/generated_message_tctable_gen.cc [for tool]; 3s processwrapper-sandbox ... (4 actions running)
2026-10-07T03:32:18.4448332Z INFO: From Compiling src/google/protobuf/generated_message_tctable_gen.cc [for tool]:
2026-10-07T03:32:18.4478605Z external/protobuf+/src/google/protobuf/generated_message_tctable_gen.cc: In function 'bool google::protobuf::internal::{anonymous}::HasWeakFields(const google::protobuf::Descriptor*)':
2026-10-07T03:32:18.4508632Z external/protobuf+/src/google/protobuf/generated_message_tctable_gen.cc:699:45: warning: 'bool google::protobuf::FieldOptions::weak() const' is deprecated [-Wdeprecated-declarations]
2026-10-07T03:32:18.4537679Z   699 |     if (descriptor->field(i)->options().weak()) {
2026-10-07T03:32:18.4557789Z       |         ~~~~~~~~~~~~~~~~~~~~~~~~~~~~~~~~~~~~^~
2026-10-07T03:32:18.4568472Z In file included from bazel-out/k8-opt-exec-ST-d57f47055a04/bin/external/protobuf+/src/google/protobuf/_virtual_includes/protobuf/google/protobuf/generated_message_tctable_gen.h:21,
2026-10-07T03:32:18.4598436Z                  from external/protobuf+/src/google/protobuf/generated_message_tctable_gen.cc:8:
2026-10-07T03:32:18.4618571Z bazel-out/k8-opt-exec-ST-d57f47055a04/bin/external/protobuf+/src/google/protobuf/_virtual_includes/protobuf/google/protobuf/descriptor.pb.h:18861:13: note: declared here
2026-10-07T03:32:18.4648164Z 18861 | inline bool FieldOptions::weak() const {
2026-10-07T03:32:18.4657568Z       |             ^~~~~~~~~~~~
2026-10-07T03:32:18.4688629Z external/protobuf+/src/google/protobuf/generated_message_tctable_gen.cc: In function 'bool google::protobuf::internal::IsFieldTypeEligibleForFastParsing(const google::protobuf::FieldDescriptor*)':
2026-10-07T03:32:18.4708725Z external/protobuf+/src/google/protobuf/generated_message_tctable_gen.cc:738:28: warning: 'bool google::protobuf::FieldOptions::weak() const' is deprecated [-Wdeprecated-declarations]
2026-10-07T03:32:18.4737706Z   738 |       field->options().weak()) {
2026-10-07T03:32:18.4747533Z       |       ~~~~~~~~~~~~~~~~~~~~~^~
2026-10-07T03:32:18.4778385Z bazel-out/k8-opt-exec-ST-d57f47055a04/bin/external/protobuf+/src/google/protobuf/_virtual_includes/protobuf/google/protobuf/descriptor.pb.h:18861:13: note: declared here
2026-10-07T03:32:18.4797662Z 18861 | inline bool FieldOptions::weak() const {
2026-10-07T03:32:18.4807508Z       |             ^~~~~~~~~~~~
2026-10-07T03:32:18.4833293Z external/protobuf+/src/google/protobuf/generated_message_tctable_gen.cc: In lambda function:
2026-10-07T03:32:18.4888469Z external/protobuf+/src/google/protobuf/generated_message_tctable_gen.cc:773:54: warning: 'bool google::protobuf::FieldOptions::weak() const' is deprecated [-Wdeprecated-declarations]
2026-10-07T03:32:18.4890857Z   773 |            !field->is_map() && !field->options().weak() &&
2026-10-07T03:32:18.4917712Z       |                                 ~~~~~~~~~~~~~~~~~~~~~^~
2026-10-07T03:32:18.4919520Z bazel-out/k8-opt-exec-ST-d57f47055a04/bin/external/protobuf+/src/google/protobuf/_virtual_includes/protobuf/google/protobuf/descriptor.pb.h:18861:13: note: declared here
2026-10-07T03:32:18.4947689Z 18861 | inline bool FieldOptions::weak() const {
2026-10-07T03:32:18.4977652Z       |             ^~~~~~~~~~~~
2026-10-07T03:32:18.4980517Z external/protobuf+/src/google/protobuf/generated_message_tctable_gen.cc: In static member function 'static std::vector<google::protobuf::internal::TailCallTableInfo::FieldEntryInfo> google::protobuf::internal::TailCallTableInfo::BuildFieldEntries(const google::protobuf::Descriptor*, const MessageOptions&, absl::lts_20250814::Span<const FieldOptions>, std::vector<AuxEntry>&)':
2026-10-07T03:32:18.4984191Z external/protobuf+/src/google/protobuf/generated_message_tctable_gen.cc:813:39: warning: 'bool google::protobuf::FieldOptions::weak() const' is deprecated [-Wdeprecated-declarations]
2026-10-07T03:32:18.4985685Z   813 |       } else if (field->options().weak()) {
2026-10-07T03:32:18.4986407Z       |                  ~~~~~~~~~~~~~~~~~~~~~^~
2026-10-07T03:32:18.4988129Z bazel-out/k8-opt-exec-ST-d57f47055a04/bin/external/protobuf+/src/google/protobuf/_virtual_includes/protobuf/google/protobuf/descriptor.pb.h:18861:13: note: declared here
2026-10-07T03:32:18.4989557Z 18861 | inline bool FieldOptions::weak() const {
2026-10-07T03:32:18.4990164Z       |             ^~~~~~~~~~~~
2026-10-07T03:32:18.4991221Z [722 / 939] Compiling src/google/protobuf/generated_message_reflection.cc [for tool]; 1s processwrapper-sandbox ... (4 actions, 3 running)
2026-10-07T03:32:19.5768806Z [723 / 939] Compiling src/google/protobuf/generated_message_reflection.cc [for tool]; 2s processwrapper-sandbox ... (4 actions, 3 running)
2026-10-07T03:32:20.6649230Z [725 / 939] Compiling src/google/protobuf/generated_message_reflection.cc [for tool]; 3s processwrapper-sandbox ... (4 actions, 3 running)
2026-10-07T03:32:22.1438838Z [725 / 939] Compiling src/google/protobuf/generated_message_reflection.cc [for tool]; 5s processwrapper-sandbox ... (4 actions running)
2026-10-07T03:32:23.5520314Z [726 / 939] Compiling src/google/protobuf/generated_message_reflection.cc [for tool]; 6s processwrapper-sandbox ... (4 actions, 3 running)
2026-10-07T03:32:25.1438818Z [726 / 939] Compiling src/google/protobuf/generated_message_reflection.cc [for tool]; 8s processwrapper-sandbox ... (4 actions running)
2026-10-07T03:32:26.1488597Z [727 / 939] Compiling src/google/protobuf/generated_message_reflection.cc [for tool]; 9s processwrapper-sandbox ... (4 actions running)
2026-10-07T03:32:27.6058582Z INFO: From Compiling src/google/protobuf/dynamic_message.cc [for tool]:
2026-10-07T03:32:27.6097993Z In file included from external/protobuf+/src/google/protobuf/dynamic_message.cc:66:
2026-10-07T03:32:27.6140635Z bazel-out/k8-opt-exec-ST-d57f47055a04/bin/external/protobuf+/src/google/protobuf/_virtual_includes/protobuf/google/protobuf/map_field.h: In constructor 'google::protobuf::internal::MapFieldBase::ReflectionPayload::ReflectionPayload(google::protobuf::Arena*, const google::protobuf::Message*)':
2026-10-07T03:32:27.6189744Z bazel-out/k8-opt-exec-ST-d57f47055a04/bin/external/protobuf+/src/google/protobuf/_virtual_includes/protobuf/google/protobuf/map_field.h:416:11: warning: 'google::protobuf::RepeatedPtrField<T>::RepeatedPtrField(google::protobuf::Arena*) [with Element = google::protobuf::Message]' is deprecated: Use Arena::Create<RepeatedPtrField<...>>(Arena*) instead [-Wdeprecated-declarations]
2026-10-07T03:32:27.6217741Z   416 |         : repeated_field_(arena), prototype_(prototype) {}
2026-10-07T03:32:27.6247631Z       |           ^~~~~~~~~~~~~~~~~~~~~~
2026-10-07T03:32:27.6249549Z In file included from bazel-out/k8-opt-exec-ST-d57f47055a04/bin/external/protobuf+/src/google/protobuf/_virtual_includes/protobuf_lite/google/protobuf/repeated_field.h:46,
2026-10-07T03:32:27.6279323Z                  from bazel-out/k8-opt-exec-ST-d57f47055a04/bin/external/protobuf+/src/google/protobuf/_virtual_includes/protobuf_lite/google/protobuf/parse_context.h:39,
2026-10-07T03:32:27.6282909Z                  from bazel-out/k8-opt-exec-ST-d57f47055a04/bin/external/protobuf+/src/google/protobuf/_virtual_includes/protobuf_lite/google/protobuf/generated_message_tctable_decl.h:25,
2026-10-07T03:32:27.6286024Z                  from bazel-out/k8-opt-exec-ST-d57f47055a04/bin/external/protobuf+/src/google/protobuf/_virtual_includes/protobuf_lite/google/protobuf/extension_set.h:40,
2026-10-07T03:32:27.6310319Z                  from bazel-out/k8-opt-exec-ST-d57f47055a04/bin/external/protobuf+/src/google/protobuf/_virtual_includes/protobuf/google/protobuf/descriptor.h:56,
2026-10-07T03:32:27.6313753Z                  from bazel-out/k8-opt-exec-ST-d57f47055a04/bin/external/protobuf+/src/google/protobuf/_virtual_includes/protobuf/google/protobuf/dynamic_message.h:27,
2026-10-07T03:32:27.6315835Z                  from external/protobuf+/src/google/protobuf/dynamic_message.cc:42:
2026-10-07T03:32:27.6317735Z bazel-out/k8-opt-exec-ST-d57f47055a04/bin/external/protobuf+/src/google/protobuf/_virtual_includes/protobuf_lite/google/protobuf/repeated_ptr_field.h:1380:8: note: declared here
2026-10-07T03:32:27.6319442Z  1380 | inline RepeatedPtrField<Element>::RepeatedPtrField(Arena* arena)
2026-10-07T03:32:27.6320238Z       |        ^~~~~~~~~~~~~~~~~~~~~~~~~
2026-10-07T03:32:27.6321360Z external/protobuf+/src/google/protobuf/dynamic_message.cc: In member function 'void google::protobuf::DynamicMessage::SharedCtor(bool)':
2026-10-07T03:32:27.6324221Z external/protobuf+/src/google/protobuf/dynamic_message.cc:574:66: warning: 'google::protobuf::RepeatedPtrField<T>::RepeatedPtrField(google::protobuf::Arena*) [with Element = std::__cxx11::basic_string<char>]' is deprecated: Use Arena::Create<RepeatedPtrField<...>>(Arena*) instead [-Wdeprecated-declarations]
2026-10-07T03:32:27.6326649Z   574 |               new (field_ptr) RepeatedPtrField<std::string>(arena);
2026-10-07T03:32:27.6337919Z       |                                                                  ^
2026-10-07T03:32:27.6339513Z bazel-out/k8-opt-exec-ST-d57f47055a04/bin/external/protobuf+/src/google/protobuf/_virtual_includes/protobuf_lite/google/protobuf/repeated_ptr_field.h:1380:8: note: declared here
2026-10-07T03:32:27.6341179Z  1380 | inline RepeatedPtrField<Element>::RepeatedPtrField(Arena* arena)
2026-10-07T03:32:27.6341981Z       |        ^~~~~~~~~~~~~~~~~~~~~~~~~
2026-10-07T03:32:27.6344183Z external/protobuf+/src/google/protobuf/dynamic_message.cc:602:60: warning: 'google::protobuf::RepeatedPtrField<T>::RepeatedPtrField(google::protobuf::Arena*) [with Element = google::protobuf::Message]' is deprecated: Use Arena::Create<RepeatedPtrField<...>>(Arena*) instead [-Wdeprecated-declarations]
2026-10-07T03:32:27.6346530Z   602 |             new (field_ptr) RepeatedPtrField<Message>(arena);
2026-10-07T03:32:27.6357846Z       |                                                            ^
2026-10-07T03:32:27.6359408Z bazel-out/k8-opt-exec-ST-d57f47055a04/bin/external/protobuf+/src/google/protobuf/_virtual_includes/protobuf_lite/google/protobuf/repeated_ptr_field.h:1380:8: note: declared here
2026-10-07T03:32:27.6361085Z  1380 | inline RepeatedPtrField<Element>::RepeatedPtrField(Arena* arena)
2026-10-07T03:32:27.6361943Z       |        ^~~~~~~~~~~~~~~~~~~~~~~~~
2026-10-07T03:32:27.6363072Z external/protobuf+/src/google/protobuf/dynamic_message.cc: In member function 'void google::protobuf::DynamicMessage::CrossLinkPrototypes()':
2026-10-07T03:32:27.6365312Z external/protobuf+/src/google/protobuf/dynamic_message.cc:774:31: warning: 'bool google::protobuf::FieldOptions::weak() const' is deprecated [-Wdeprecated-declarations]
2026-10-07T03:32:27.6366778Z   774 |         !field->options().weak() && !InRealOneof(field) &&
2026-10-07T03:32:27.6368122Z       |          ~~~~~~~~~~~~~~~~~~~~~^~
2026-10-07T03:32:27.6368901Z In file included from external/protobuf+/src/google/protobuf/dynamic_message.cc:60:
2026-10-07T03:32:27.6370790Z bazel-out/k8-opt-exec-ST-d57f47055a04/bin/external/protobuf+/src/google/protobuf/_virtual_includes/protobuf/google/protobuf/descriptor.pb.h:18861:13: note: declared here
2026-10-07T03:32:27.6372248Z 18861 | inline bool FieldOptions::weak() const {
2026-10-07T03:32:27.6372863Z       |             ^~~~~~~~~~~~
2026-10-07T03:32:27.6373946Z [729 / 939] Compiling src/google/protobuf/generated_message_reflection.cc [for tool]; 10s processwrapper-sandbox ... (4 actions, 3 running)
2026-10-07T03:32:29.0458765Z [730 / 939] Compiling src/google/protobuf/generated_message_reflection.cc [for tool]; 12s processwrapper-sandbox ... (4 actions, 3 running)
2026-10-07T03:32:29.7028356Z INFO: From Compiling src/google/protobuf/generated_message_reflection.cc [for tool]:
2026-10-07T03:32:29.7088186Z In file included from external/protobuf+/src/google/protobuf/generated_message_reflection.cc:51:
2026-10-07T03:32:29.7139619Z bazel-out/k8-opt-exec-ST-d57f47055a04/bin/external/protobuf+/src/google/protobuf/_virtual_includes/protobuf/google/protobuf/map_field.h: In constructor 'google::protobuf::internal::MapFieldBase::ReflectionPayload::ReflectionPayload(google::protobuf::Arena*, const google::protobuf::Message*)':
2026-10-07T03:32:29.7178469Z bazel-out/k8-opt-exec-ST-d57f47055a04/bin/external/protobuf+/src/google/protobuf/_virtual_includes/protobuf/google/protobuf/map_field.h:416:11: warning: 'google::protobuf::RepeatedPtrField<T>::RepeatedPtrField(google::protobuf::Arena*) [with Element = google::protobuf::Message]' is deprecated: Use Arena::Create<RepeatedPtrField<...>>(Arena*) instead [-Wdeprecated-declarations]
2026-10-07T03:32:29.7207821Z   416 |         : repeated_field_(arena), prototype_(prototype) {}
2026-10-07T03:32:29.7237731Z       |           ^~~~~~~~~~~~~~~~~~~~~~
2026-10-07T03:32:29.7239267Z In file included from bazel-out/k8-opt-exec-ST-d57f47055a04/bin/external/protobuf+/src/google/protobuf/_virtual_includes/protobuf_lite/google/protobuf/repeated_field.h:46,
2026-10-07T03:32:29.7248737Z                  from bazel-out/k8-opt-exec-ST-d57f47055a04/bin/external/protobuf+/src/google/protobuf/_virtual_includes/protobuf_lite/google/protobuf/parse_context.h:39,
2026-10-07T03:32:29.7253062Z                  from bazel-out/k8-opt-exec-ST-d57f47055a04/bin/external/protobuf+/src/google/protobuf/_virtual_includes/protobuf_lite/google/protobuf/generated_message_tctable_decl.h:25,
2026-10-07T03:32:29.7256579Z                  from bazel-out/k8-opt-exec-ST-d57f47055a04/bin/external/protobuf+/src/google/protobuf/_virtual_includes/protobuf_lite/google/protobuf/extension_set.h:40,
2026-10-07T03:32:29.7260324Z                  from bazel-out/k8-opt-exec-ST-d57f47055a04/bin/external/protobuf+/src/google/protobuf/_virtual_includes/protobuf/google/protobuf/descriptor.h:56,
2026-10-07T03:32:29.7264034Z                  from bazel-out/k8-opt-exec-ST-d57f47055a04/bin/external/protobuf+/src/google/protobuf/_virtual_includes/protobuf/google/protobuf/generated_message_reflection.h:26,
2026-10-07T03:32:29.7266663Z                  from external/protobuf+/src/google/protobuf/generated_message_reflection.cc:12:
2026-10-07T03:32:29.7268995Z bazel-out/k8-opt-exec-ST-d57f47055a04/bin/external/protobuf+/src/google/protobuf/_virtual_includes/protobuf_lite/google/protobuf/repeated_ptr_field.h:1380:8: note: declared here
2026-10-07T03:32:29.7270959Z  1380 | inline RepeatedPtrField<Element>::RepeatedPtrField(Arena* arena)
2026-10-07T03:32:29.7272033Z       |        ^~~~~~~~~~~~~~~~~~~~~~~~~
2026-10-07T03:32:29.7274041Z external/protobuf+/src/google/protobuf/generated_message_reflection.cc: In member function 'const google::protobuf::Message* google::protobuf::Reflection::GetDefaultMessageInstance(const google::protobuf::FieldDescriptor*) const':
2026-10-07T03:32:29.7277210Z external/protobuf+/src/google/protobuf/generated_message_reflection.cc:2526:55: warning: 'bool google::protobuf::FieldOptions::weak() const' is deprecated [-Wdeprecated-declarations]
2026-10-07T03:32:29.7279320Z  2526 |   if (!field->is_extension() && !field->options().weak() &&
2026-10-07T03:32:29.7280345Z       |                                  ~~~~~~~~~~~~~~~~~~~~~^~
2026-10-07T03:32:29.7281686Z In file included from external/protobuf+/src/google/protobuf/generated_message_reflection.cc:41:
2026-10-07T03:32:29.7283625Z bazel-out/k8-opt-exec-ST-d57f47055a04/bin/external/protobuf+/src/google/protobuf/_virtual_includes/protobuf/google/protobuf/descriptor.pb.h:18861:13: note: declared here
2026-10-07T03:32:29.7285711Z 18861 | inline bool FieldOptions::weak() const {
2026-10-07T03:32:29.7286582Z       |             ^~~~~~~~~~~~
2026-10-07T03:32:29.7287756Z In file included from external/abseil-cpp+/absl/log/internal/check_impl.h:20,
2026-10-07T03:32:29.7289309Z                  from external/abseil-cpp+/absl/log/absl_check.h:38,
2026-10-07T03:32:29.7292423Z                  from bazel-out/k8-opt-exec-ST-d57f47055a04/bin/external/protobuf+/src/google/protobuf/_virtual_includes/protobuf/google/protobuf/generated_message_reflection.h:25:
2026-10-07T03:32:29.7295336Z external/protobuf+/src/google/protobuf/generated_message_reflection.cc: In member function 'bool google::protobuf::Reflection::HasFieldWithHasbits(const google::protobuf::Message&, const google::protobuf::FieldDescriptor*) const':
2026-10-07T03:32:29.7298614Z external/protobuf+/src/google/protobuf/generated_message_reflection.cc:3290:37: warning: 'bool google::protobuf::FieldOptions::weak() const' is deprecated [-Wdeprecated-declarations]
2026-10-07T03:32:29.7300408Z  3290 |   ABSL_DCHECK(!field->options().weak());
2026-10-07T03:32:29.7301317Z       |                ~~~~~~~~~~~~~~~~~~~~~^~
2026-10-07T03:32:29.7302677Z external/abseil-cpp+/absl/log/internal/conditions.h:68:7: note: in definition of macro 'ABSL_LOG_INTERNAL_STATELESS_CONDITION'
2026-10-07T03:32:29.7304192Z    68 |     !(condition) ? (void)0 : ::absl::log_internal::Voidify() &&
2026-10-07T03:32:29.7305098Z       |       ^~~~~~~~~
2026-10-07T03:32:29.7306267Z external/abseil-cpp+/absl/log/internal/check_impl.h:26:3: note: in expansion of macro 'ABSL_LOG_INTERNAL_CONDITION_FATAL'
2026-10-07T03:32:29.7308170Z    26 |   ABSL_LOG_INTERNAL_CONDITION_FATAL(STATELESS,                        \
2026-10-07T03:32:29.7309217Z       |   ^~~~~~~~~~~~~~~~~~~~~~~~~~~~~~~~~
2026-10-07T03:32:29.7310356Z external/abseil-cpp+/absl/log/internal/check_impl.h:27:37: note: in expansion of macro 'ABSL_PREDICT_FALSE'
2026-10-07T03:32:29.7311672Z    27 |                                     ABSL_PREDICT_FALSE(!(condition))) \
2026-10-07T03:32:29.7312660Z       |                                     ^~~~~~~~~~~~~~~~~~
2026-10-07T03:32:29.7313869Z external/abseil-cpp+/absl/log/internal/check_impl.h:43:3: note: in expansion of macro 'ABSL_LOG_INTERNAL_CHECK_IMPL'
2026-10-07T03:32:29.7315369Z    43 |   ABSL_LOG_INTERNAL_CHECK_IMPL(true || (condition), "true")
2026-10-07T03:32:29.7316415Z       |   ^~~~~~~~~~~~~~~~~~~~~~~~~~~~
2026-10-07T03:32:29.7317864Z external/abseil-cpp+/absl/log/absl_check.h:47:3: note: in expansion of macro 'ABSL_LOG_INTERNAL_DCHECK_IMPL'
2026-10-07T03:32:29.7319150Z    47 |   ABSL_LOG_INTERNAL_DCHECK_IMPL((condition), #condition)
2026-10-07T03:32:29.7319987Z       |   ^~~~~~~~~~~~~~~~~~~~~~~~~~~~~
2026-10-07T03:32:29.7321152Z external/protobuf+/src/google/protobuf/generated_message_reflection.cc:3290:3: note: in expansion of macro 'ABSL_DCHECK'
2026-10-07T03:32:29.7322404Z  3290 |   ABSL_DCHECK(!field->options().weak());
2026-10-07T03:32:29.7323155Z       |   ^~~~~~~~~~~
2026-10-07T03:32:29.7324652Z bazel-out/k8-opt-exec-ST-d57f47055a04/bin/external/protobuf+/src/google/protobuf/_virtual_includes/protobuf/google/protobuf/descriptor.pb.h:18861:13: note: declared here
2026-10-07T03:32:29.7326329Z 18861 | inline bool FieldOptions::weak() const {
2026-10-07T03:32:29.7327501Z       |             ^~~~~~~~~~~~
2026-10-07T03:32:29.7329185Z external/protobuf+/src/google/protobuf/generated_message_reflection.cc: In member function 'void google::protobuf::Reflection::SetHasBit(google::protobuf::Message*, const google::protobuf::FieldDescriptor*) const':
2026-10-07T03:32:29.7332135Z external/protobuf+/src/google/protobuf/generated_message_reflection.cc:3323:37: warning: 'bool google::protobuf::FieldOptions::weak() const' is deprecated [-Wdeprecated-declarations]
2026-10-07T03:32:29.7333520Z  3323 |   ABSL_DCHECK(!field->options().weak());
2026-10-07T03:32:29.7334127Z       |                ~~~~~~~~~~~~~~~~~~~~~^~
2026-10-07T03:32:29.7335135Z external/abseil-cpp+/absl/log/internal/conditions.h:68:7: note: in definition of macro 'ABSL_LOG_INTERNAL_STATELESS_CONDITION'
2026-10-07T03:32:29.7336359Z    68 |     !(condition) ? (void)0 : ::absl::log_internal::Voidify() &&
2026-10-07T03:32:29.7337232Z       |       ^~~~~~~~~
2026-10-07T03:32:29.7338137Z external/abseil-cpp+/absl/log/internal/check_impl.h:26:3: note: in expansion of macro 'ABSL_LOG_INTERNAL_CONDITION_FATAL'
2026-10-07T03:32:29.7339423Z    26 |   ABSL_LOG_INTERNAL_CONDITION_FATAL(STATELESS,                        \
2026-10-07T03:32:29.7340237Z       |   ^~~~~~~~~~~~~~~~~~~~~~~~~~~~~~~~~
2026-10-07T03:32:29.7341160Z external/abseil-cpp+/absl/log/internal/check_impl.h:27:37: note: in expansion of macro 'ABSL_PREDICT_FALSE'
2026-10-07T03:32:29.7342298Z    27 |                                     ABSL_PREDICT_FALSE(!(condition))) \
2026-10-07T03:32:29.7343101Z       |                                     ^~~~~~~~~~~~~~~~~~
2026-10-07T03:32:29.7344187Z external/abseil-cpp+/absl/log/internal/check_impl.h:43:3: note: in expansion of macro 'ABSL_LOG_INTERNAL_CHECK_IMPL'
2026-10-07T03:32:29.7345395Z    43 |   ABSL_LOG_INTERNAL_CHECK_IMPL(true || (condition), "true")
2026-10-07T03:32:29.7346095Z       |   ^~~~~~~~~~~~~~~~~~~~~~~~~~~~
2026-10-07T03:32:29.7347265Z external/abseil-cpp+/absl/log/absl_check.h:47:3: note: in expansion of macro 'ABSL_LOG_INTERNAL_DCHECK_IMPL'
2026-10-07T03:32:29.7348367Z    47 |   ABSL_LOG_INTERNAL_DCHECK_IMPL((condition), #condition)
2026-10-07T03:32:29.7349071Z       |   ^~~~~~~~~~~~~~~~~~~~~~~~~~~~~
2026-10-07T03:32:29.7350093Z external/protobuf+/src/google/protobuf/generated_message_reflection.cc:3323:3: note: in expansion of macro 'ABSL_DCHECK'
2026-10-07T03:32:29.7351215Z  3323 |   ABSL_DCHECK(!field->options().weak());
2026-10-07T03:32:29.7351777Z       |   ^~~~~~~~~~~
2026-10-07T03:32:29.7353096Z bazel-out/k8-opt-exec-ST-d57f47055a04/bin/external/protobuf+/src/google/protobuf/_virtual_includes/protobuf/google/protobuf/descriptor.pb.h:18861:13: note: declared here
2026-10-07T03:32:29.7354507Z 18861 | inline bool FieldOptions::weak() const {
2026-10-07T03:32:29.7355147Z       |             ^~~~~~~~~~~~
2026-10-07T03:32:29.7356786Z external/protobuf+/src/google/protobuf/generated_message_reflection.cc: In member function 'void google::protobuf::Reflection::ClearHasBit(google::protobuf::Message*, const google::protobuf::FieldDescriptor*) const':
2026-10-07T03:32:29.7379926Z external/protobuf+/src/google/protobuf/generated_message_reflection.cc:3332:37: warning: 'bool google::protobuf::FieldOptions::weak() const' is deprecated [-Wdeprecated-declarations]
2026-10-07T03:32:29.7381465Z  3332 |   ABSL_DCHECK(!field->options().weak());
2026-10-07T03:32:29.7382150Z       |                ~~~~~~~~~~~~~~~~~~~~~^~
2026-10-07T03:32:29.7383250Z external/abseil-cpp+/absl/log/internal/conditions.h:68:7: note: in definition of macro 'ABSL_LOG_INTERNAL_STATELESS_CONDITION'
2026-10-07T03:32:29.7384582Z    68 |     !(condition) ? (void)0 : ::absl::log_internal::Voidify() &&
2026-10-07T03:32:29.7385275Z       |       ^~~~~~~~~
2026-10-07T03:32:29.7386250Z external/abseil-cpp+/absl/log/internal/check_impl.h:26:3: note: in expansion of macro 'ABSL_LOG_INTERNAL_CONDITION_FATAL'
2026-10-07T03:32:29.7397912Z    26 |   ABSL_LOG_INTERNAL_CONDITION_FATAL(STATELESS,                        \
2026-10-07T03:32:29.7398753Z       |   ^~~~~~~~~~~~~~~~~~~~~~~~~~~~~~~~~
2026-10-07T03:32:29.7399701Z external/abseil-cpp+/absl/log/internal/check_impl.h:27:37: note: in expansion of macro 'ABSL_PREDICT_FALSE'
2026-10-07T03:32:29.7401222Z    27 |                                     ABSL_PREDICT_FALSE(!(condition))) \
2026-10-07T03:32:29.7402046Z       |                                     ^~~~~~~~~~~~~~~~~~
2026-10-07T03:32:29.7403352Z external/abseil-cpp+/absl/log/internal/check_impl.h:43:3: note: in expansion of macro 'ABSL_LOG_INTERNAL_CHECK_IMPL'
2026-10-07T03:32:29.7404623Z    43 |   ABSL_LOG_INTERNAL_CHECK_IMPL(true || (condition), "true")
2026-10-07T03:32:29.7405360Z       |   ^~~~~~~~~~~~~~~~~~~~~~~~~~~~
2026-10-07T03:32:29.7406267Z external/abseil-cpp+/absl/log/absl_check.h:47:3: note: in expansion of macro 'ABSL_LOG_INTERNAL_DCHECK_IMPL'
2026-10-07T03:32:29.7407682Z    47 |   ABSL_LOG_INTERNAL_DCHECK_IMPL((condition), #condition)
2026-10-07T03:32:29.7408392Z       |   ^~~~~~~~~~~~~~~~~~~~~~~~~~~~~
2026-10-07T03:32:29.7409440Z external/protobuf+/src/google/protobuf/generated_message_reflection.cc:3332:3: note: in expansion of macro 'ABSL_DCHECK'
2026-10-07T03:32:29.7410557Z  3332 |   ABSL_DCHECK(!field->options().weak());
2026-10-07T03:32:29.7411122Z       |   ^~~~~~~~~~~
2026-10-07T03:32:29.7412462Z bazel-out/k8-opt-exec-ST-d57f47055a04/bin/external/protobuf+/src/google/protobuf/_virtual_includes/protobuf/google/protobuf/descriptor.pb.h:18861:13: note: declared here
2026-10-07T03:32:29.7413962Z 18861 | inline bool FieldOptions::weak() const {
2026-10-07T03:32:29.7414599Z       |             ^~~~~~~~~~~~
2026-10-07T03:32:29.7416742Z external/protobuf+/src/google/protobuf/generated_message_reflection.cc: In member function 'void google::protobuf::Reflection::NaiveSwapHasBit(google::protobuf::Message*, google::protobuf::Message*, const google::protobuf::FieldDescriptor*) const':
2026-10-07T03:32:29.7449974Z external/protobuf+/src/google/protobuf/generated_message_reflection.cc:3341:37: warning: 'bool google::protobuf::FieldOptions::weak() const' is deprecated [-Wdeprecated-declarations]
2026-10-07T03:32:29.7451434Z  3341 |   ABSL_DCHECK(!field->options().weak());
2026-10-07T03:32:29.7452082Z       |                ~~~~~~~~~~~~~~~~~~~~~^~
2026-10-07T03:32:29.7453085Z external/abseil-cpp+/absl/log/internal/conditions.h:68:7: note: in definition of macro 'ABSL_LOG_INTERNAL_STATELESS_CONDITION'
2026-10-07T03:32:29.7454463Z    68 |     !(condition) ? (void)0 : ::absl::log_internal::Voidify() &&
2026-10-07T03:32:29.7455173Z       |       ^~~~~~~~~
2026-10-07T03:32:29.7456166Z external/abseil-cpp+/absl/log/internal/check_impl.h:26:3: note: in expansion of macro 'ABSL_LOG_INTERNAL_CONDITION_FATAL'
2026-10-07T03:32:29.7458037Z    26 |   ABSL_LOG_INTERNAL_CONDITION_FATAL(STATELESS,                        \
2026-10-07T03:32:29.7458879Z       |   ^~~~~~~~~~~~~~~~~~~~~~~~~~~~~~~~~
2026-10-07T03:32:29.7459825Z external/abseil-cpp+/absl/log/internal/check_impl.h:27:37: note: in expansion of macro 'ABSL_PREDICT_FALSE'
2026-10-07T03:32:29.7461009Z    27 |                                     ABSL_PREDICT_FALSE(!(condition))) \
2026-10-07T03:32:29.7461854Z       |                                     ^~~~~~~~~~~~~~~~~~
2026-10-07T03:32:29.7462912Z external/abseil-cpp+/absl/log/internal/check_impl.h:43:3: note: in expansion of macro 'ABSL_LOG_INTERNAL_CHECK_IMPL'
2026-10-07T03:32:29.7464164Z    43 |   ABSL_LOG_INTERNAL_CHECK_IMPL(true || (condition), "true")
2026-10-07T03:32:29.7464918Z       |   ^~~~~~~~~~~~~~~~~~~~~~~~~~~~
2026-10-07T03:32:29.7465828Z external/abseil-cpp+/absl/log/absl_check.h:47:3: note: in expansion of macro 'ABSL_LOG_INTERNAL_DCHECK_IMPL'
2026-10-07T03:32:29.7467250Z    47 |   ABSL_LOG_INTERNAL_DCHECK_IMPL((condition), #condition)
2026-10-07T03:32:29.7467967Z       |   ^~~~~~~~~~~~~~~~~~~~~~~~~~~~~
2026-10-07T03:32:29.7469037Z external/protobuf+/src/google/protobuf/generated_message_reflection.cc:3341:3: note: in expansion of macro 'ABSL_DCHECK'
2026-10-07T03:32:29.7470264Z  3341 |   ABSL_DCHECK(!field->options().weak());
2026-10-07T03:32:29.7470836Z       |   ^~~~~~~~~~~
2026-10-07T03:32:29.7472181Z bazel-out/k8-opt-exec-ST-d57f47055a04/bin/external/protobuf+/src/google/protobuf/_virtual_includes/protobuf/google/protobuf/descriptor.pb.h:18861:13: note: declared here
2026-10-07T03:32:29.7473998Z 18861 | inline bool FieldOptions::weak() const {
2026-10-07T03:32:29.7474635Z       |             ^~~~~~~~~~~~
2026-10-07T03:32:29.7500424Z bazel-out/k8-opt-exec-ST-d57f47055a04/bin/external/protobuf+/src/google/protobuf/_virtual_includes/protobuf/google/protobuf/reflection_visit_fields.h: In instantiation of 'static void google::protobuf::internal::ReflectionVisit::VisitFields(MessageT&, CallbackFn&&, google::protobuf::internal::FieldMask) [with MessageT = google::protobuf::Message; CallbackFn = google::protobuf::internal::ReflectionVisit::VisitMessageFields<google::protobuf::Reflection::MaybePoisonAfterClear(google::protobuf::Message&) const::<lambda(google::protobuf::Message&)> >(google::protobuf::Message&, google::protobuf::Reflection::MaybePoisonAfterClear(google::protobuf::Message&) const::<lambda(google::protobuf::Message&)>&&)::<lambda(auto:42)>]':
2026-10-07T03:32:29.7508321Z bazel-out/k8-opt-exec-ST-d57f47055a04/bin/external/protobuf+/src/google/protobuf/_virtual_includes/protobuf/google/protobuf/reflection_visit_fields.h:447:31:   required from 'static void google::protobuf::internal::ReflectionVisit::VisitMessageFields(google::protobuf::Message&, CallbackFn&&) [with CallbackFn = google::protobuf::Reflection::MaybePoisonAfterClear(google::protobuf::Message&) const::<lambda(google::protobuf::Message&)>]'
2026-10-07T03:32:29.7513947Z bazel-out/k8-opt-exec-ST-d57f47055a04/bin/external/protobuf+/src/google/protobuf/_virtual_includes/protobuf/google/protobuf/reflection_visit_fields.h:502:38:   required from 'void google::protobuf::internal::VisitMutableMessageFields(google::protobuf::Message&, CallbackFn&&) [with CallbackFn = google::protobuf::Reflection::MaybePoisonAfterClear(google::protobuf::Message&) const::<lambda(google::protobuf::Message&)>]'
2026-10-07T03:32:29.7517579Z external/protobuf+/src/google/protobuf/generated_message_reflection.cc:1390:40:   required from here
2026-10-07T03:32:29.7520069Z bazel-out/k8-opt-exec-ST-d57f47055a04/bin/external/protobuf+/src/google/protobuf/_virtual_includes/protobuf/google/protobuf/reflection_visit_fields.h:109:39: warning: 'bool google::protobuf::FieldOptions::weak() const' is deprecated [-Wdeprecated-declarations]
2026-10-07T03:32:29.7522375Z   109 |     ABSL_DCHECK(!field->options().weak()) << "weak fields are not supported";
2026-10-07T03:32:29.7523247Z       |                  ~~~~~~~~~~~~~~~~~~~~~^~
2026-10-07T03:32:29.7524322Z external/abseil-cpp+/absl/log/internal/conditions.h:68:7: note: in definition of macro 'ABSL_LOG_INTERNAL_STATELESS_CONDITION'
2026-10-07T03:32:29.7525657Z    68 |     !(condition) ? (void)0 : ::absl::log_internal::Voidify() &&
2026-10-07T03:32:29.7526353Z       |       ^~~~~~~~~
2026-10-07T03:32:29.7567730Z external/abseil-cpp+/absl/log/internal/check_impl.h:26:3: note: in expansion of macro 'ABSL_LOG_INTERNAL_CONDITION_FATAL'
2026-10-07T03:32:29.7569106Z    26 |   ABSL_LOG_INTERNAL_CONDITION_FATAL(STATELESS,                        \
2026-10-07T03:32:29.7569959Z       |   ^~~~~~~~~~~~~~~~~~~~~~~~~~~~~~~~~
2026-10-07T03:32:29.7570941Z external/abseil-cpp+/absl/log/internal/check_impl.h:27:37: note: in expansion of macro 'ABSL_PREDICT_FALSE'
2026-10-07T03:32:29.7572113Z    27 |                                     ABSL_PREDICT_FALSE(!(condition))) \
2026-10-07T03:32:29.7572945Z       |                                     ^~~~~~~~~~~~~~~~~~
2026-10-07T03:32:29.7574011Z external/abseil-cpp+/absl/log/internal/check_impl.h:43:3: note: in expansion of macro 'ABSL_LOG_INTERNAL_CHECK_IMPL'
2026-10-07T03:32:29.7575286Z    43 |   ABSL_LOG_INTERNAL_CHECK_IMPL(true || (condition), "true")
2026-10-07T03:32:29.7576014Z       |   ^~~~~~~~~~~~~~~~~~~~~~~~~~~~
2026-10-07T03:32:29.7577193Z external/abseil-cpp+/absl/log/absl_check.h:47:3: note: in expansion of macro 'ABSL_LOG_INTERNAL_DCHECK_IMPL'
2026-10-07T03:32:29.7578328Z    47 |   ABSL_LOG_INTERNAL_DCHECK_IMPL((condition), #condition)
2026-10-07T03:32:29.7579392Z       |   ^~~~~~~~~~~~~~~~~~~~~~~~~~~~~
2026-10-07T03:32:29.7581014Z bazel-out/k8-opt-exec-ST-d57f47055a04/bin/external/protobuf+/src/google/protobuf/_virtual_includes/protobuf/google/protobuf/reflection_visit_fields.h:109:5: note: in expansion of macro 'ABSL_DCHECK'
2026-10-07T03:32:29.7582948Z   109 |     ABSL_DCHECK(!field->options().weak()) << "weak fields are not supported";
2026-10-07T03:32:29.7583931Z       |     ^~~~~~~~~~~
2026-10-07T03:32:29.7585272Z bazel-out/k8-opt-exec-ST-d57f47055a04/bin/external/protobuf+/src/google/protobuf/_virtual_includes/protobuf/google/protobuf/descriptor.pb.h:18861:13: note: declared here
2026-10-07T03:32:29.7586731Z 18861 | inline bool FieldOptions::weak() const {
2026-10-07T03:32:29.7587628Z       |             ^~~~~~~~~~~~
2026-10-07T03:32:29.7589649Z bazel-out/k8-opt-exec-ST-d57f47055a04/bin/external/protobuf+/src/google/protobuf/_virtual_includes/protobuf/google/protobuf/reflection_visit_fields.h:109:39: warning: 'bool google::protobuf::FieldOptions::weak() const' is deprecated [-Wdeprecated-declarations]
2026-10-07T03:32:29.7591944Z   109 |     ABSL_DCHECK(!field->options().weak()) << "weak fields are not supported";
2026-10-07T03:32:29.7592849Z       |                  ~~~~~~~~~~~~~~~~~~~~~^~
2026-10-07T03:32:29.7593948Z external/abseil-cpp+/absl/log/internal/conditions.h:68:7: note: in definition of macro 'ABSL_LOG_INTERNAL_STATELESS_CONDITION'
2026-10-07T03:32:29.7595255Z    68 |     !(condition) ? (void)0 : ::absl::log_internal::Voidify() &&
2026-10-07T03:32:29.7595934Z       |       ^~~~~~~~~
2026-10-07T03:32:29.7627168Z external/abseil-cpp+/absl/log/internal/check_impl.h:26:3: note: in expansion of macro 'ABSL_LOG_INTERNAL_CONDITION_FATAL'
2026-10-07T03:32:29.7628520Z    26 |   ABSL_LOG_INTERNAL_CONDITION_FATAL(STATELESS,                        \
2026-10-07T03:32:29.7629276Z       |   ^~~~~~~~~~~~~~~~~~~~~~~~~~~~~~~~~
2026-10-07T03:32:29.7630169Z external/abseil-cpp+/absl/log/internal/check_impl.h:27:37: note: in expansion of macro 'ABSL_PREDICT_FALSE'
2026-10-07T03:32:29.7631341Z    27 |                                     ABSL_PREDICT_FALSE(!(condition))) \
2026-10-07T03:32:29.7632161Z       |                                     ^~~~~~~~~~~~~~~~~~
2026-10-07T03:32:29.7633206Z external/abseil-cpp+/absl/log/internal/check_impl.h:43:3: note: in expansion of macro 'ABSL_LOG_INTERNAL_CHECK_IMPL'
2026-10-07T03:32:29.7634387Z    43 |   ABSL_LOG_INTERNAL_CHECK_IMPL(true || (condition), "true")
2026-10-07T03:32:29.7635104Z       |   ^~~~~~~~~~~~~~~~~~~~~~~~~~~~
2026-10-07T03:32:29.7636018Z external/abseil-cpp+/absl/log/absl_check.h:47:3: note: in expansion of macro 'ABSL_LOG_INTERNAL_DCHECK_IMPL'
2026-10-07T03:32:29.7637428Z    47 |   ABSL_LOG_INTERNAL_DCHECK_IMPL((condition), #condition)
2026-10-07T03:32:29.7638171Z       |   ^~~~~~~~~~~~~~~~~~~~~~~~~~~~~
2026-10-07T03:32:29.7639791Z bazel-out/k8-opt-exec-ST-d57f47055a04/bin/external/protobuf+/src/google/protobuf/_virtual_includes/protobuf/google/protobuf/reflection_visit_fields.h:109:5: note: in expansion of macro 'ABSL_DCHECK'
2026-10-07T03:32:29.7641675Z   109 |     ABSL_DCHECK(!field->options().weak()) << "weak fields are not supported";
2026-10-07T03:32:29.7642422Z       |     ^~~~~~~~~~~
2026-10-07T03:32:29.7643764Z bazel-out/k8-opt-exec-ST-d57f47055a04/bin/external/protobuf+/src/google/protobuf/_virtual_includes/protobuf/google/protobuf/descriptor.pb.h:18861:13: note: declared here
2026-10-07T03:32:29.7645252Z 18861 | inline bool FieldOptions::weak() const {
2026-10-07T03:32:29.7645888Z       |             ^~~~~~~~~~~~
2026-10-07T03:32:30.1468526Z [731 / 939] Compiling src/google/protobuf/descriptor_database.cc [for tool]; 4s processwrapper-sandbox ... (4 actions running)
2026-10-07T03:32:34.7298502Z [732 / 939] Compiling src/google/protobuf/descriptor.pb.cc [for tool]; 7s processwrapper-sandbox ... (4 actions, 3 running)
2026-10-07T03:32:36.1485599Z [732 / 939] Compiling src/google/protobuf/descriptor.pb.cc [for tool]; 8s processwrapper-sandbox ... (4 actions running)
2026-10-07T03:32:37.1518555Z [733 / 939] Compiling src/google/protobuf/generated_message_tctable_lite.cc [for tool]; 8s processwrapper-sandbox ... (4 actions running)
2026-10-07T03:32:38.6343573Z [735 / 939] Compiling src/google/protobuf/generated_message_tctable_lite.cc [for tool]; 9s processwrapper-sandbox ... (4 actions, 3 running)
2026-10-07T03:32:39.9009199Z [740 / 939] Compiling src/google/protobuf/generated_message_tctable_lite.cc [for tool]; 10s processwrapper-sandbox ... (4 actions, 3 running)
2026-10-07T03:32:41.1518384Z [742 / 939] Compiling src/google/protobuf/descriptor.cc [for tool]; 11s processwrapper-sandbox ... (4 actions running)
2026-10-07T03:32:42.1528345Z [744 / 939] Compiling src/google/protobuf/descriptor.cc [for tool]; 12s processwrapper-sandbox ... (4 actions running)
2026-10-07T03:32:43.1527608Z [747 / 939] Compiling src/google/protobuf/descriptor.cc [for tool]; 13s processwrapper-sandbox ... (4 actions running)
2026-10-07T03:32:44.1564120Z [751 / 939] Compiling src/google/protobuf/descriptor.cc [for tool]; 14s processwrapper-sandbox ... (4 actions running)
2026-10-07T03:32:45.1968566Z [754 / 939] Compiling src/google/protobuf/descriptor.cc [for tool]; 15s processwrapper-sandbox ... (4 actions, 3 running)
2026-10-07T03:32:46.2458759Z [759 / 939] Compiling src/google/protobuf/descriptor.cc [for tool]; 16s processwrapper-sandbox ... (4 actions, 3 running)
2026-10-07T03:32:48.1560552Z [761 / 939] Compiling src/google/protobuf/descriptor.cc [for tool]; 18s processwrapper-sandbox ... (4 actions running)
2026-10-07T03:32:49.4974039Z INFO: From Compiling src/google/protobuf/map.cc [for tool]:
2026-10-07T03:32:49.4995496Z In file included from bazel-out/k8-opt-exec-ST-d57f47055a04/bin/external/protobuf+/src/google/protobuf/_virtual_includes/protobuf_lite/google/protobuf/generated_enum_util.h:20,
2026-10-07T03:32:49.5029415Z                  from bazel-out/k8-opt-exec-ST-d57f47055a04/bin/external/protobuf+/src/google/protobuf/_virtual_includes/protobuf_lite/google/protobuf/map.h:41,
2026-10-07T03:32:49.5058215Z                  from external/protobuf+/src/google/protobuf/map.cc:8:
2026-10-07T03:32:49.5072977Z In function 'const google::protobuf::internal::ClassData* google::protobuf::internal::GetClassData(const Type&) [with Type = google::protobuf::MessageLite]',
2026-10-07T03:32:49.5079903Z     inlined from 'google::protobuf::internal::Offsets google::protobuf::internal::AlignAndAddSizeDynamic(size_t, UntypedMapBase::TypeKind, const google::protobuf::MessageLite*, size_t&)' at external/protobuf+/src/google/protobuf/map.cc:229:38,
2026-10-07T03:32:49.5084440Z     inlined from 'static google::protobuf::internal::UntypedMapBase::TypeInfo google::protobuf::internal::UntypedMapBase::GetTypeInfoDynamic(TypeKind, TypeKind, const google::protobuf::MessageLite*)' at external/protobuf+/src/google/protobuf/map.cc:249:29:
2026-10-07T03:32:49.5087832Z bazel-out/k8-opt-exec-ST-d57f47055a04/bin/external/protobuf+/src/google/protobuf/_virtual_includes/protobuf_lite/google/protobuf/message_lite.h:1230:28: warning: 'this' pointer is null [-Wnonnull]
2026-10-07T03:32:49.5091020Z  1230 |     return msg.GetClassData();
2026-10-07T03:32:49.5091804Z       |            ~~~~~~~~~~~~~~~~^~
2026-10-07T03:32:49.5093025Z [762 / 939] Compiling src/google/protobuf/descriptor.cc [for tool]; 19s processwrapper-sandbox ... (4 actions, 3 running)
2026-10-07T03:32:51.1568292Z [771 / 939] Compiling src/google/protobuf/descriptor.cc [for tool]; 21s processwrapper-sandbox ... (4 actions running)
2026-10-07T03:32:52.5189388Z [772 / 939] Compiling src/google/protobuf/descriptor.cc [for tool]; 22s processwrapper-sandbox ... (4 actions, 3 running)
2026-10-07T03:32:53.8088875Z [773 / 939] Compiling src/google/protobuf/descriptor.cc [for tool]; 24s processwrapper-sandbox ... (4 actions, 3 running)
2026-10-07T03:32:55.1658599Z [775 / 939] Compiling src/google/protobuf/descriptor.cc [for tool]; 25s processwrapper-sandbox ... (4 actions running)
2026-10-07T03:32:56.1614545Z [776 / 939] Compiling src/google/protobuf/descriptor.cc [for tool]; 26s processwrapper-sandbox ... (4 actions running)
2026-10-07T03:32:57.1628501Z [777 / 939] Compiling src/google/protobuf/descriptor.cc [for tool]; 27s processwrapper-sandbox ... (4 actions running)
2026-10-07T03:32:59.1658558Z [796 / 939] Compiling src/google/protobuf/descriptor.cc [for tool]; 29s processwrapper-sandbox ... (4 actions running)
2026-10-07T03:32:59.6173709Z INFO: From Compiling src/google/protobuf/descriptor.cc [for tool]:
2026-10-07T03:32:59.6229846Z external/protobuf+/src/google/protobuf/descriptor.cc: In member function 'void google::protobuf::FieldDescriptor::DebugString(int, std::string*, const google::protobuf::DebugStringOptions&) const':
2026-10-07T03:32:59.6285552Z external/protobuf+/src/google/protobuf/descriptor.cc:3953:65: warning: 'bool google::protobuf::FieldDescriptor::has_optional_keyword() const' is deprecated: Use has_presence() instead. [-Wdeprecated-declarations]
2026-10-07T03:32:59.6301470Z  3953 |       (!is_required() && !is_repeated() && !has_optional_keyword())) {
2026-10-07T03:32:59.6327996Z       |                                             ~~~~~~~~~~~~~~~~~~~~^~
2026-10-07T03:32:59.6357787Z In file included from external/protobuf+/src/google/protobuf/descriptor.cc:12:
2026-10-07T03:32:59.6388422Z bazel-out/k8-opt-exec-ST-d57f47055a04/bin/external/protobuf+/src/google/protobuf/_virtual_includes/protobuf/google/protobuf/descriptor.h:1136:8: note: declared here
2026-10-07T03:32:59.6390073Z  1136 |   bool has_optional_keyword() const;
2026-10-07T03:32:59.6417772Z       |        ^~~~~~~~~~~~~~~~~~~~
2026-10-07T03:32:59.6448887Z external/protobuf+/src/google/protobuf/descriptor.cc: In member function 'void google::protobuf::DescriptorBuilder::CrossLinkField(google::protobuf::FieldDescriptor*, const google::protobuf::FieldDescriptorProto&)':
2026-10-07T03:32:59.6478395Z external/protobuf+/src/google/protobuf/descriptor.cc:7982:65: warning: 'bool google::protobuf::FieldOptions::weak() const' is deprecated [-Wdeprecated-declarations]
2026-10-07T03:32:59.6480173Z  7982 |     bool is_weak = !pool_->enforce_weak_ && proto.options().weak();
2026-10-07T03:32:59.6507842Z       |                                             ~~~~~~~~~~~~~~~~~~~~^~
2026-10-07T03:32:59.6538593Z In file included from bazel-out/k8-opt-exec-ST-d57f47055a04/bin/external/protobuf+/src/google/protobuf/_virtual_includes/protobuf/google/protobuf/cpp_features.pb.h:33,
2026-10-07T03:32:59.6568209Z                  from external/protobuf+/src/google/protobuf/descriptor.cc:72:
2026-10-07T03:32:59.6578387Z bazel-out/k8-opt-exec-ST-d57f47055a04/bin/external/protobuf+/src/google/protobuf/_virtual_includes/protobuf/google/protobuf/descriptor.pb.h:18861:13: note: declared here
2026-10-07T03:32:59.6597702Z 18861 | inline bool FieldOptions::weak() const {
2026-10-07T03:32:59.6627541Z       |             ^~~~~~~~~~~~
2026-10-07T03:32:59.6658853Z external/protobuf+/src/google/protobuf/descriptor.cc: In function 'google::protobuf::internal::cpp::HasbitMode google::protobuf::internal::cpp::GetFieldHasbitModeWithoutProfile(const google::protobuf::FieldDescriptor*)':
2026-10-07T03:32:59.6661632Z external/protobuf+/src/google/protobuf/descriptor.cc:10700:62: warning: 'bool google::protobuf::FieldOptions::weak() const' is deprecated [-Wdeprecated-declarations]
2026-10-07T03:32:59.6687719Z 10700 |   if (field->real_containing_oneof() || field->options().weak() ||
2026-10-07T03:32:59.6717704Z       |                                         ~~~~~~~~~~~~~~~~~~~~~^~
2026-10-07T03:32:59.6748559Z bazel-out/k8-opt-exec-ST-d57f47055a04/bin/external/protobuf+/src/google/protobuf/_virtual_includes/protobuf/google/protobuf/descriptor.pb.h:18861:13: note: declared here
2026-10-07T03:32:59.6750137Z 18861 | inline bool FieldOptions::weak() const {
2026-10-07T03:32:59.6760900Z       |             ^~~~~~~~~~~~
2026-10-07T03:33:00.1642063Z [800 / 939] Compiling src/google/protobuf/compiler/cpp/helpers.cc [for tool]; 2s processwrapper-sandbox ... (4 actions running)
2026-10-07T03:33:02.3818515Z [801 / 939] Compiling src/google/protobuf/compiler/cpp/helpers.cc [for tool]; 5s processwrapper-sandbox ... (4 actions, 3 running)
2026-10-07T03:33:03.5708571Z INFO: From Compiling src/google/protobuf/compiler/cpp/tracker.cc [for tool]:
2026-10-07T03:33:03.5727981Z In file included from external/protobuf+/src/google/protobuf/compiler/cpp/tracker.cc:20:
2026-10-07T03:33:03.5779702Z bazel-out/k8-opt-exec-ST-d57f47055a04/bin/external/protobuf+/src/google/protobuf/compiler/cpp/_virtual_includes/names_internal/google/protobuf/compiler/cpp/helpers.h: In function 'bool google::protobuf::compiler::cpp::IsWeak(const google::protobuf::FieldDescriptor*, const Options&)':
2026-10-07T03:33:03.5819257Z bazel-out/k8-opt-exec-ST-d57f47055a04/bin/external/protobuf+/src/google/protobuf/compiler/cpp/_virtual_includes/names_internal/google/protobuf/compiler/cpp/helpers.h:347:28: warning: 'bool google::protobuf::FieldOptions::weak() const' is deprecated [-Wdeprecated-declarations]
2026-10-07T03:33:03.5847593Z   347 |   if (field->options().weak()) {
2026-10-07T03:33:03.5877567Z       |       ~~~~~~~~~~~~~~~~~~~~~^~
2026-10-07T03:33:03.5898804Z In file included from bazel-out/k8-opt-exec-ST-d57f47055a04/bin/external/protobuf+/src/google/protobuf/compiler/_virtual_includes/code_generator_lite/google/protobuf/compiler/code_generator_lite.h:18,
2026-10-07T03:33:03.5920237Z                  from bazel-out/k8-opt-exec-ST-d57f47055a04/bin/external/protobuf+/src/google/protobuf/compiler/_virtual_includes/code_generator/google/protobuf/compiler/code_generator.h:25,
2026-10-07T03:33:03.5924381Z                  from bazel-out/k8-opt-exec-ST-d57f47055a04/bin/external/protobuf+/src/google/protobuf/compiler/cpp/_virtual_includes/names_internal/google/protobuf/compiler/cpp/helpers.h:29:
2026-10-07T03:33:03.5927430Z bazel-out/k8-opt-exec-ST-d57f47055a04/bin/external/protobuf+/src/google/protobuf/_virtual_includes/protobuf/google/protobuf/descriptor.pb.h:18861:13: note: declared here
2026-10-07T03:33:03.5929117Z 18861 | inline bool FieldOptions::weak() const {
2026-10-07T03:33:03.5929944Z       |             ^~~~~~~~~~~~
2026-10-07T03:33:03.5931233Z [802 / 939] Compiling src/google/protobuf/compiler/cpp/helpers.cc [for tool]; 6s processwrapper-sandbox ... (4 actions, 3 running)
2026-10-07T03:33:05.1674882Z [802 / 939] Compiling src/google/protobuf/compiler/cpp/helpers.cc [for tool]; 7s processwrapper-sandbox ... (4 actions running)
2026-10-07T03:33:05.2228161Z INFO: From Compiling src/google/protobuf/compiler/cpp/service.cc [for tool]:
2026-10-07T03:33:05.2258149Z In file included from external/protobuf+/src/google/protobuf/compiler/cpp/service.cc:17:
2026-10-07T03:33:05.2289072Z bazel-out/k8-opt-exec-ST-d57f47055a04/bin/external/protobuf+/src/google/protobuf/compiler/cpp/_virtual_includes/names_internal/google/protobuf/compiler/cpp/helpers.h: In function 'bool google::protobuf::compiler::cpp::IsWeak(const google::protobuf::FieldDescriptor*, const Options&)':
2026-10-07T03:33:05.2318991Z bazel-out/k8-opt-exec-ST-d57f47055a04/bin/external/protobuf+/src/google/protobuf/compiler/cpp/_virtual_includes/names_internal/google/protobuf/compiler/cpp/helpers.h:347:28: warning: 'bool google::protobuf::FieldOptions::weak() const' is deprecated [-Wdeprecated-declarations]
2026-10-07T03:33:05.2337727Z   347 |   if (field->options().weak()) {
2026-10-07T03:33:05.2357603Z       |       ~~~~~~~~~~~~~~~~~~~~~^~
2026-10-07T03:33:05.2372524Z In file included from bazel-out/k8-opt-exec-ST-d57f47055a04/bin/external/protobuf+/src/google/protobuf/compiler/_virtual_includes/code_generator_lite/google/protobuf/compiler/code_generator_lite.h:18,
2026-10-07T03:33:05.2377134Z                  from bazel-out/k8-opt-exec-ST-d57f47055a04/bin/external/protobuf+/src/google/protobuf/compiler/_virtual_includes/code_generator/google/protobuf/compiler/code_generator.h:25,
2026-10-07T03:33:05.2380692Z                  from bazel-out/k8-opt-exec-ST-d57f47055a04/bin/external/protobuf+/src/google/protobuf/compiler/cpp/_virtual_includes/names_internal/google/protobuf/compiler/cpp/helpers.h:29:
2026-10-07T03:33:05.2385084Z bazel-out/k8-opt-exec-ST-d57f47055a04/bin/external/protobuf+/src/google/protobuf/_virtual_includes/protobuf/google/protobuf/descriptor.pb.h:18861:13: note: declared here
2026-10-07T03:33:05.2387323Z 18861 | inline bool FieldOptions::weak() const {
2026-10-07T03:33:05.2388073Z       |             ^~~~~~~~~~~~
2026-10-07T03:33:06.1668069Z [804 / 939] Compiling src/google/protobuf/compiler/cpp/helpers.cc [for tool]; 8s processwrapper-sandbox ... (4 actions running)
2026-10-07T03:33:07.8749142Z [805 / 939] Compiling src/google/protobuf/compiler/cpp/helpers.cc [for tool]; 10s processwrapper-sandbox ... (4 actions, 3 running)
2026-10-07T03:33:09.1688409Z [805 / 939] Compiling src/google/protobuf/compiler/cpp/helpers.cc [for tool]; 11s processwrapper-sandbox ... (4 actions running)
2026-10-07T03:33:09.9579800Z INFO: From Compiling src/google/protobuf/compiler/cpp/helpers.cc [for tool]:
2026-10-07T03:33:09.9609027Z In file included from external/protobuf+/src/google/protobuf/compiler/cpp/helpers.cc:12:
2026-10-07T03:33:09.9633134Z bazel-out/k8-opt-exec-ST-d57f47055a04/bin/external/protobuf+/src/google/protobuf/compiler/cpp/_virtual_includes/names_internal/google/protobuf/compiler/cpp/helpers.h: In function 'bool google::protobuf::compiler::cpp::IsWeak(const google::protobuf::FieldDescriptor*, const Options&)':
2026-10-07T03:33:09.9637568Z bazel-out/k8-opt-exec-ST-d57f47055a04/bin/external/protobuf+/src/google/protobuf/compiler/cpp/_virtual_includes/names_internal/google/protobuf/compiler/cpp/helpers.h:347:28: warning: 'bool google::protobuf::FieldOptions::weak() const' is deprecated [-Wdeprecated-declarations]
2026-10-07T03:33:09.9639950Z   347 |   if (field->options().weak()) {
2026-10-07T03:33:09.9640759Z       |       ~~~~~~~~~~~~~~~~~~~~~^~
2026-10-07T03:33:09.9642520Z In file included from bazel-out/k8-opt-exec-ST-d57f47055a04/bin/external/protobuf+/src/google/protobuf/compiler/_virtual_includes/code_generator_lite/google/protobuf/compiler/code_generator_lite.h:18,
2026-10-07T03:33:09.9646686Z                  from bazel-out/k8-opt-exec-ST-d57f47055a04/bin/external/protobuf+/src/google/protobuf/compiler/_virtual_includes/code_generator/google/protobuf/compiler/code_generator.h:25,
2026-10-07T03:33:09.9650922Z                  from bazel-out/k8-opt-exec-ST-d57f47055a04/bin/external/protobuf+/src/google/protobuf/compiler/cpp/_virtual_includes/names_internal/google/protobuf/compiler/cpp/helpers.h:29:
2026-10-07T03:33:09.9653490Z bazel-out/k8-opt-exec-ST-d57f47055a04/bin/external/protobuf+/src/google/protobuf/_virtual_includes/protobuf/google/protobuf/descriptor.pb.h:18861:13: note: declared here
2026-10-07T03:33:09.9655108Z 18861 | inline bool FieldOptions::weak() const {
2026-10-07T03:33:09.9655879Z       |             ^~~~~~~~~~~~
2026-10-07T03:33:09.9658289Z external/protobuf+/src/google/protobuf/compiler/cpp/helpers.cc: In member function 'google::protobuf::compiler::cpp::MessageAnalysis google::protobuf::compiler::cpp::MessageSCCAnalyzer::GetSCCAnalysis(const google::protobuf::compiler::SCC*)':
2026-10-07T03:33:09.9661272Z external/protobuf+/src/google/protobuf/compiler/cpp/helpers.cc:1802:32: warning: 'bool google::protobuf::FieldOptions::weak() const' is deprecated [-Wdeprecated-declarations]
2026-10-07T03:33:09.9663254Z  1802 |       if (field->options().weak()) {
2026-10-07T03:33:09.9664092Z       |           ~~~~~~~~~~~~~~~~~~~~~^~
2026-10-07T03:33:09.9665747Z bazel-out/k8-opt-exec-ST-d57f47055a04/bin/external/protobuf+/src/google/protobuf/_virtual_includes/protobuf/google/protobuf/descriptor.pb.h:18861:13: note: declared here
2026-10-07T03:33:09.9667872Z 18861 | inline bool FieldOptions::weak() const {
2026-10-07T03:33:09.9668749Z       |             ^~~~~~~~~~~~
2026-10-07T03:33:10.1685169Z [807 / 939] Compiling src/google/protobuf/compiler/cpp/parse_function_generator.cc [for tool]; 6s processwrapper-sandbox ... (4 actions running)
2026-10-07T03:33:11.9515852Z INFO: From Compiling src/google/protobuf/compiler/cpp/parse_function_generator.cc [for tool]:
2026-10-07T03:33:11.9552700Z In file included from bazel-out/k8-opt-exec-ST-d57f47055a04/bin/external/protobuf+/src/google/protobuf/compiler/cpp/_virtual_includes/cpp/google/protobuf/compiler/cpp/parse_function_generator.h:18,
2026-10-07T03:33:11.9568205Z                  from external/protobuf+/src/google/protobuf/compiler/cpp/parse_function_generator.cc:8:
2026-10-07T03:33:11.9599787Z bazel-out/k8-opt-exec-ST-d57f47055a04/bin/external/protobuf+/src/google/protobuf/compiler/cpp/_virtual_includes/names_internal/google/protobuf/compiler/cpp/helpers.h: In function 'bool google::protobuf::compiler::cpp::IsWeak(const google::protobuf::FieldDescriptor*, const Options&)':
2026-10-07T03:33:11.9609154Z bazel-out/k8-opt-exec-ST-d57f47055a04/bin/external/protobuf+/src/google/protobuf/compiler/cpp/_virtual_includes/names_internal/google/protobuf/compiler/cpp/helpers.h:347:28: warning: 'bool google::protobuf::FieldOptions::weak() const' is deprecated [-Wdeprecated-declarations]
2026-10-07T03:33:11.9637704Z   347 |   if (field->options().weak()) {
2026-10-07T03:33:11.9667559Z       |       ~~~~~~~~~~~~~~~~~~~~~^~
2026-10-07T03:33:11.9674037Z In file included from bazel-out/k8-opt-exec-ST-d57f47055a04/bin/external/protobuf+/src/google/protobuf/compiler/_virtual_includes/code_generator_lite/google/protobuf/compiler/code_generator_lite.h:18,
2026-10-07T03:33:11.9678707Z                  from bazel-out/k8-opt-exec-ST-d57f47055a04/bin/external/protobuf+/src/google/protobuf/compiler/_virtual_includes/code_generator/google/protobuf/compiler/code_generator.h:25,
2026-10-07T03:33:11.9682668Z                  from bazel-out/k8-opt-exec-ST-d57f47055a04/bin/external/protobuf+/src/google/protobuf/compiler/cpp/_virtual_includes/names_internal/google/protobuf/compiler/cpp/helpers.h:29:
2026-10-07T03:33:11.9685220Z bazel-out/k8-opt-exec-ST-d57f47055a04/bin/external/protobuf+/src/google/protobuf/_virtual_includes/protobuf/google/protobuf/descriptor.pb.h:18861:13: note: declared here
2026-10-07T03:33:11.9687135Z 18861 | inline bool FieldOptions::weak() const {
2026-10-07T03:33:11.9687967Z       |             ^~~~~~~~~~~~
2026-10-07T03:33:11.9689098Z [808 / 939] Compiling src/google/protobuf/descriptor.cc; 6s processwrapper-sandbox ... (4 actions, 3 running)
2026-10-07T03:33:13.1708801Z [808 / 939] Compiling src/google/protobuf/descriptor.cc; 7s processwrapper-sandbox ... (4 actions running)
2026-10-07T03:33:14.2568448Z INFO: From Compiling src/google/protobuf/compiler/cpp/message_layout_helper.cc [for tool]:
2026-10-07T03:33:14.2629021Z In file included from bazel-out/k8-opt-exec-ST-d57f47055a04/bin/external/protobuf+/src/google/protobuf/compiler/cpp/_virtual_includes/cpp/google/protobuf/compiler/cpp/message_layout_helper.h:20,
2026-10-07T03:33:14.2688774Z                  from external/protobuf+/src/google/protobuf/compiler/cpp/message_layout_helper.cc:1:
2026-10-07T03:33:14.2720370Z bazel-out/k8-opt-exec-ST-d57f47055a04/bin/external/protobuf+/src/google/protobuf/compiler/cpp/_virtual_includes/names_internal/google/protobuf/compiler/cpp/helpers.h: In function 'bool google::protobuf::compiler::cpp::IsWeak(const google::protobuf::FieldDescriptor*, const Options&)':
2026-10-07T03:33:14.2748954Z bazel-out/k8-opt-exec-ST-d57f47055a04/bin/external/protobuf+/src/google/protobuf/compiler/cpp/_virtual_includes/names_internal/google/protobuf/compiler/cpp/helpers.h:347:28: warning: 'bool google::protobuf::FieldOptions::weak() const' is deprecated [-Wdeprecated-declarations]
2026-10-07T03:33:14.2777515Z   347 |   if (field->options().weak()) {
2026-10-07T03:33:14.2807687Z       |       ~~~~~~~~~~~~~~~~~~~~~^~
2026-10-07T03:33:14.2838982Z In file included from bazel-out/k8-opt-exec-ST-d57f47055a04/bin/external/protobuf+/src/google/protobuf/compiler/_virtual_includes/code_generator_lite/google/protobuf/compiler/code_generator_lite.h:18,
2026-10-07T03:33:14.2843246Z                  from bazel-out/k8-opt-exec-ST-d57f47055a04/bin/external/protobuf+/src/google/protobuf/compiler/_virtual_includes/code_generator/google/protobuf/compiler/code_generator.h:25,
2026-10-07T03:33:14.2869920Z                  from bazel-out/k8-opt-exec-ST-d57f47055a04/bin/external/protobuf+/src/google/protobuf/compiler/cpp/_virtual_includes/names_internal/google/protobuf/compiler/cpp/helpers.h:29:
2026-10-07T03:33:14.2898362Z bazel-out/k8-opt-exec-ST-d57f47055a04/bin/external/protobuf+/src/google/protobuf/_virtual_includes/protobuf/google/protobuf/descriptor.pb.h:18861:13: note: declared here
2026-10-07T03:33:14.2927556Z 18861 | inline bool FieldOptions::weak() const {
2026-10-07T03:33:14.2928165Z       |             ^~~~~~~~~~~~
2026-10-07T03:33:14.2929306Z [809 / 939] Compiling src/google/protobuf/descriptor.cc; 8s processwrapper-sandbox ... (4 actions, 3 running)
2026-10-07T03:33:16.1706657Z [810 / 939] Compiling src/google/protobuf/descriptor.cc; 10s processwrapper-sandbox ... (4 actions running)
2026-10-07T03:33:21.3998351Z INFO: From Compiling src/google/protobuf/compiler/cpp/generator.cc [for tool]:
2026-10-07T03:33:21.4038822Z In file included from bazel-out/k8-opt-exec-ST-d57f47055a04/bin/external/protobuf+/src/google/protobuf/compiler/cpp/_virtual_includes/cpp/google/protobuf/compiler/cpp/extension.h:19,
2026-10-07T03:33:21.4119918Z                  from bazel-out/k8-opt-exec-ST-d57f47055a04/bin/external/protobuf+/src/google/protobuf/compiler/cpp/_virtual_includes/cpp/google/protobuf/compiler/cpp/file.h:26,
2026-10-07T03:33:21.4148659Z                  from external/protobuf+/src/google/protobuf/compiler/cpp/generator.cc:31:
2026-10-07T03:33:21.4209641Z bazel-out/k8-opt-exec-ST-d57f47055a04/bin/external/protobuf+/src/google/protobuf/compiler/cpp/_virtual_includes/names_internal/google/protobuf/compiler/cpp/helpers.h: In function 'bool google::protobuf::compiler::cpp::IsWeak(const google::protobuf::FieldDescriptor*, const Options&)':
2026-10-07T03:33:21.4219795Z bazel-out/k8-opt-exec-ST-d57f47055a04/bin/external/protobuf+/src/google/protobuf/compiler/cpp/_virtual_includes/names_internal/google/protobuf/compiler/cpp/helpers.h:347:28: warning: 'bool google::protobuf::FieldOptions::weak() const' is deprecated [-Wdeprecated-declarations]
2026-10-07T03:33:21.4222407Z   347 |   if (field->options().weak()) {
2026-10-07T03:33:21.4223227Z       |       ~~~~~~~~~~~~~~~~~~~~~^~
2026-10-07T03:33:21.4225004Z In file included from bazel-out/k8-opt-exec-ST-d57f47055a04/bin/external/protobuf+/src/google/protobuf/compiler/_virtual_includes/code_generator_lite/google/protobuf/compiler/code_generator_lite.h:18,
2026-10-07T03:33:21.4229416Z                  from bazel-out/k8-opt-exec-ST-d57f47055a04/bin/external/protobuf+/src/google/protobuf/compiler/_virtual_includes/code_generator/google/protobuf/compiler/code_generator.h:25,
2026-10-07T03:33:21.4233281Z                  from bazel-out/k8-opt-exec-ST-d57f47055a04/bin/external/protobuf+/src/google/protobuf/compiler/cpp/_virtual_includes/cpp/google/protobuf/compiler/cpp/generator.h:24,
2026-10-07T03:33:21.4235664Z                  from external/protobuf+/src/google/protobuf/compiler/cpp/generator.cc:12:
2026-10-07T03:33:21.4237702Z bazel-out/k8-opt-exec-ST-d57f47055a04/bin/external/protobuf+/src/google/protobuf/_virtual_includes/protobuf/google/protobuf/descriptor.pb.h:18861:13: note: declared here
2026-10-07T03:33:21.4239311Z 18861 | inline bool FieldOptions::weak() const {
2026-10-07T03:33:21.4240033Z       |             ^~~~~~~~~~~~
2026-10-07T03:33:21.4241075Z [811 / 939] Compiling src/google/protobuf/descriptor.cc; 15s processwrapper-sandbox ... (4 actions, 3 running)
2026-10-07T03:33:23.1745898Z [811 / 939] Compiling src/google/protobuf/descriptor.cc; 17s processwrapper-sandbox ... (4 actions running)
2026-10-07T03:33:28.3267964Z INFO: From Compiling src/google/protobuf/compiler/cpp/field_generators/string_view_field.cc [for tool]:
2026-10-07T03:33:28.3298602Z In file included from bazel-out/k8-opt-exec-ST-d57f47055a04/bin/external/protobuf+/src/google/protobuf/compiler/cpp/_virtual_includes/cpp/google/protobuf/compiler/cpp/field.h:26,
2026-10-07T03:33:28.3329284Z                  from external/protobuf+/src/google/protobuf/compiler/cpp/field_generators/string_view_field.cc:19:
2026-10-07T03:33:28.3359435Z bazel-out/k8-opt-exec-ST-d57f47055a04/bin/external/protobuf+/src/google/protobuf/compiler/cpp/_virtual_includes/names_internal/google/protobuf/compiler/cpp/helpers.h: In function 'bool google::protobuf::compiler::cpp::IsWeak(const google::protobuf::FieldDescriptor*, const Options&)':
2026-10-07T03:33:28.3389536Z bazel-out/k8-opt-exec-ST-d57f47055a04/bin/external/protobuf+/src/google/protobuf/compiler/cpp/_virtual_includes/names_internal/google/protobuf/compiler/cpp/helpers.h:347:28: warning: 'bool google::protobuf::FieldOptions::weak() const' is deprecated [-Wdeprecated-declarations]
2026-10-07T03:33:28.3392120Z   347 |   if (field->options().weak()) {
2026-10-07T03:33:28.3417747Z       |       ~~~~~~~~~~~~~~~~~~~~~^~
2026-10-07T03:33:28.3433641Z In file included from bazel-out/k8-opt-exec-ST-d57f47055a04/bin/external/protobuf+/src/google/protobuf/compiler/_virtual_includes/code_generator_lite/google/protobuf/compiler/code_generator_lite.h:18,
2026-10-07T03:33:28.3438059Z                  from bazel-out/k8-opt-exec-ST-d57f47055a04/bin/external/protobuf+/src/google/protobuf/compiler/_virtual_includes/code_generator/google/protobuf/compiler/code_generator.h:25,
2026-10-07T03:33:28.3442628Z                  from bazel-out/k8-opt-exec-ST-d57f47055a04/bin/external/protobuf+/src/google/protobuf/compiler/cpp/_virtual_includes/names_internal/google/protobuf/compiler/cpp/helpers.h:29:
2026-10-07T03:33:28.3445238Z bazel-out/k8-opt-exec-ST-d57f47055a04/bin/external/protobuf+/src/google/protobuf/_virtual_includes/protobuf/google/protobuf/descriptor.pb.h:18861:13: note: declared here
2026-10-07T03:33:28.3447239Z 18861 | inline bool FieldOptions::weak() const {
2026-10-07T03:33:28.3448057Z       |             ^~~~~~~~~~~~
2026-10-07T03:33:28.3449233Z [812 / 939] Compiling src/google/protobuf/descriptor.cc; 22s processwrapper-sandbox ... (4 actions, 3 running)
2026-10-07T03:33:30.1748570Z [812 / 939] Compiling src/google/protobuf/descriptor.cc; 24s processwrapper-sandbox ... (4 actions running)
2026-10-07T03:33:30.2565962Z INFO: From Compiling src/google/protobuf/compiler/cpp/file.cc [for tool]:
2026-10-07T03:33:30.2598647Z In file included from bazel-out/k8-opt-exec-ST-d57f47055a04/bin/external/protobuf+/src/google/protobuf/compiler/cpp/_virtual_includes/cpp/google/protobuf/compiler/cpp/extension.h:19,
2026-10-07T03:33:30.2602155Z                  from bazel-out/k8-opt-exec-ST-d57f47055a04/bin/external/protobuf+/src/google/protobuf/compiler/cpp/_virtual_includes/cpp/google/protobuf/compiler/cpp/file.h:26,
2026-10-07T03:33:30.2615186Z                  from external/protobuf+/src/google/protobuf/compiler/cpp/file.cc:12:
2026-10-07T03:33:30.2618018Z bazel-out/k8-opt-exec-ST-d57f47055a04/bin/external/protobuf+/src/google/protobuf/compiler/cpp/_virtual_includes/names_internal/google/protobuf/compiler/cpp/helpers.h: In function 'bool google::protobuf::compiler::cpp::IsWeak(const google::protobuf::FieldDescriptor*, const Options&)':
2026-10-07T03:33:30.2637246Z bazel-out/k8-opt-exec-ST-d57f47055a04/bin/external/protobuf+/src/google/protobuf/compiler/cpp/_virtual_includes/names_internal/google/protobuf/compiler/cpp/helpers.h:347:28: warning: 'bool google::protobuf::FieldOptions::weak() const' is deprecated [-Wdeprecated-declarations]
2026-10-07T03:33:30.2677513Z   347 |   if (field->options().weak()) {
2026-10-07T03:33:30.2691254Z       |       ~~~~~~~~~~~~~~~~~~~~~^~
2026-10-07T03:33:30.2728669Z In file included from bazel-out/k8-opt-exec-ST-d57f47055a04/bin/external/protobuf+/src/google/protobuf/compiler/_virtual_includes/code_generator_lite/google/protobuf/compiler/code_generator_lite.h:18,
2026-10-07T03:33:30.2759734Z                  from bazel-out/k8-opt-exec-ST-d57f47055a04/bin/external/protobuf+/src/google/protobuf/compiler/_virtual_includes/code_generator/google/protobuf/compiler/code_generator.h:25,
2026-10-07T03:33:30.2779817Z                  from bazel-out/k8-opt-exec-ST-d57f47055a04/bin/external/protobuf+/src/google/protobuf/compiler/cpp/_virtual_includes/names_internal/google/protobuf/compiler/cpp/helpers.h:29:
2026-10-07T03:33:30.2782097Z bazel-out/k8-opt-exec-ST-d57f47055a04/bin/external/protobuf+/src/google/protobuf/_virtual_includes/protobuf/google/protobuf/descriptor.pb.h:18861:13: note: declared here
2026-10-07T03:33:30.2783958Z 18861 | inline bool FieldOptions::weak() const {
2026-10-07T03:33:30.2784554Z       |             ^~~~~~~~~~~~
2026-10-07T03:33:30.2785230Z In file included from external/abseil-cpp+/absl/functional/any_invocable.h:44,
2026-10-07T03:33:30.2787209Z                  from external/abseil-cpp+/absl/functional/internal/function_ref.h:22,
2026-10-07T03:33:30.2788626Z                  from external/abseil-cpp+/absl/functional/function_ref.h:54,
2026-10-07T03:33:30.2789766Z                  from external/abseil-cpp+/absl/hash/hash.h:88,
2026-10-07T03:33:30.2791236Z                  from external/abseil-cpp+/absl/container/internal/hash_function_defaults.h:57,
2026-10-07T03:33:30.2792793Z                  from external/abseil-cpp+/absl/container/hash_container_defaults.h:19,
2026-10-07T03:33:30.2794170Z                  from external/abseil-cpp+/absl/container/flat_hash_map.h:43,
2026-10-07T03:33:30.2797103Z                  from bazel-out/k8-opt-exec-ST-d57f47055a04/bin/external/protobuf+/src/google/protobuf/compiler/cpp/_virtual_includes/cpp/google/protobuf/compiler/cpp/file.h:20:
2026-10-07T03:33:30.2799061Z In function 'void absl::lts_20250814::internal_any_invocable::LocalManagerTrivial(FunctionToCall, TypeErasedState*, TypeErasedState*)',
2026-10-07T03:33:30.2802728Z     inlined from 'absl::lts_20250814::internal_any_invocable::CoreImpl<SigIsNoexcept, ReturnType, P>::CoreImpl(absl::lts_20250814::internal_any_invocable::CoreImpl<SigIsNoexcept, ReturnType, P>&&) [with bool SigIsNoexcept = false; ReturnType = void; P = {google::protobuf::io::Printer*}]' at external/abseil-cpp+/absl/functional/internal/any_invocable.h:461:11,
2026-10-07T03:33:30.2867293Z     inlined from 'absl::lts_20250814::internal_any_invocable::Impl<void(google::protobuf::io::Printer*)>::Impl(absl::lts_20250814::internal_any_invocable::Impl<void(google::protobuf::io::Printer*)>&&)' at external/abseil-cpp+/absl/functional/internal/any_invocable.h:755:1,
2026-10-07T03:33:30.2870709Z     inlined from 'absl::lts_20250814::AnyInvocable<Sig>::AnyInvocable(absl::lts_20250814::AnyInvocable<Sig>&&) [with Sig = void(google::protobuf::io::Printer*)]' at external/abseil-cpp+/absl/functional/any_invocable.h:185:3,
2026-10-07T03:33:30.2874653Z     inlined from 'void std::__new_allocator<_Tp>::construct(_Up*, _Args&& ...) [with _Up = absl::lts_20250814::AnyInvocable<void(google::protobuf::io::Printer*)>; _Args = {absl::lts_20250814::AnyInvocable<void(google::protobuf::io::Printer*)>}; _Tp = absl::lts_20250814::AnyInvocable<void(google::protobuf::io::Printer*)>]' at /usr/include/c++/13/bits/new_allocator.h:191:4,
2026-10-07T03:33:30.2880235Z     inlined from 'static void std::allocator_traits<std::allocator<_Tp1> >::construct(allocator_type&, _Up*, _Args&& ...) [with _Up = absl::lts_20250814::AnyInvocable<void(google::protobuf::io::Printer*)>; _Args = {absl::lts_20250814::AnyInvocable<void(google::protobuf::io::Printer*)>}; _Tp = absl::lts_20250814::AnyInvocable<void(google::protobuf::io::Printer*)>]' at /usr/include/c++/13/bits/alloc_traits.h:538:17,
2026-10-07T03:33:30.2885705Z     inlined from 'std::vector<_Tp, _Alloc>::reference std::vector<_Tp, _Alloc>::emplace_back(_Args&& ...) [with _Args = {absl::lts_20250814::AnyInvocable<void(google::protobuf::io::Printer*)>}; _Tp = absl::lts_20250814::AnyInvocable<void(google::protobuf::io::Printer*)>; _Alloc = std::allocator<absl::lts_20250814::AnyInvocable<void(google::protobuf::io::Printer*)> >]' at /usr/include/c++/13/bits/vector.tcc:117:30,
2026-10-07T03:33:30.2920487Z     inlined from 'void std::vector<_Tp, _Alloc>::push_back(value_type&&) [with _Tp = absl::lts_20250814::AnyInvocable<void(google::protobuf::io::Printer*)>; _Alloc = std::allocator<absl::lts_20250814::AnyInvocable<void(google::protobuf::io::Printer*)> >]' at /usr/include/c++/13/bits/stl_vector.h:1299:21,
2026-10-07T03:33:30.2923918Z     inlined from 'void google::protobuf::compiler::cpp::FileGenerator::GenerateReflectionInitializationCode(google::protobuf::io::Printer*)' at external/protobuf+/src/google/protobuf/compiler/cpp/file.cc:1385:53:
2026-10-07T03:33:30.2937289Z external/abseil-cpp+/absl/functional/internal/any_invocable.h:225:7: warning: '<unnamed>.absl::lts_20250814::AnyInvocable<void(google::protobuf::io::Printer*)>::<unnamed>.absl::lts_20250814::internal_any_invocable::Impl<void(google::protobuf::io::Printer*)>::<unnamed>.absl::lts_20250814::internal_any_invocable::CoreImpl<false, void, google::protobuf::io::Printer*>::state_' may be used uninitialized [-Wmaybe-uninitialized]
2026-10-07T03:33:30.2940025Z   225 |   *to = *from;
2026-10-07T03:33:30.2940447Z       |   ~~~~^~~~~~~
2026-10-07T03:33:30.2941998Z external/protobuf+/src/google/protobuf/compiler/cpp/file.cc: In member function 'void google::protobuf::compiler::cpp::FileGenerator::GenerateReflectionInitializationCode(google::protobuf::io::Printer*)':
2026-10-07T03:33:30.2943992Z external/protobuf+/src/google/protobuf/compiler/cpp/file.cc:1385:53: note: '<anonymous>' declared here
2026-10-07T03:33:30.2945127Z  1385 |     static_initializers_[kInitPriority102].push_back([](auto* p) {
2026-10-07T03:33:30.2946067Z       |     ~~~~~~~~~~~~~~~~~~~~~~~~~~~~~~~~~~~~~~~~~~~~~~~~^~~~~~~~~~~~~~
2026-10-07T03:33:30.2946652Z  1386 |       p->Emit(R"cc(
2026-10-07T03:33:30.2947539Z       |       ~~~~~~~~~~~~~                                  
2026-10-07T03:33:30.2948186Z  1387 |         ::_pbi::AddDescriptors(&$desc_table$),
2026-10-07T03:33:30.2948925Z       |         ~~~~~~~~~~~~~~~~~~~~~~~~~~~~~~~~~~~~~~       
2026-10-07T03:33:30.2949426Z  1388 |       )cc");
2026-10-07T03:33:30.2949983Z       |       ~~~~~~                                         
2026-10-07T03:33:30.2950476Z  1389 |     });
2026-10-07T03:33:30.2951046Z       |     ~~                                               
2026-10-07T03:33:32.1749298Z [813 / 939] Compiling src/google/protobuf/descriptor.cc; 26s processwrapper-sandbox ... (4 actions running)
2026-10-07T03:33:32.2758124Z INFO: From Compiling src/google/protobuf/compiler/cpp/message.cc [for tool]:
2026-10-07T03:33:32.2802134Z In file included from bazel-out/k8-opt-exec-ST-d57f47055a04/bin/external/protobuf+/src/google/protobuf/compiler/cpp/_virtual_includes/cpp/google/protobuf/compiler/cpp/extension.h:19,
2026-10-07T03:33:32.2850199Z                  from bazel-out/k8-opt-exec-ST-d57f47055a04/bin/external/protobuf+/src/google/protobuf/compiler/cpp/_virtual_includes/cpp/google/protobuf/compiler/cpp/message.h:25,
2026-10-07T03:33:32.2858937Z                  from external/protobuf+/src/google/protobuf/compiler/cpp/message.cc:12:
2026-10-07T03:33:32.2929250Z bazel-out/k8-opt-exec-ST-d57f47055a04/bin/external/protobuf+/src/google/protobuf/compiler/cpp/_virtual_includes/names_internal/google/protobuf/compiler/cpp/helpers.h: In function 'bool google::protobuf::compiler::cpp::IsWeak(const google::protobuf::FieldDescriptor*, const Options&)':
2026-10-07T03:33:32.2959167Z bazel-out/k8-opt-exec-ST-d57f47055a04/bin/external/protobuf+/src/google/protobuf/compiler/cpp/_virtual_includes/names_internal/google/protobuf/compiler/cpp/helpers.h:347:28: warning: 'bool google::protobuf::FieldOptions::weak() const' is deprecated [-Wdeprecated-declarations]
2026-10-07T03:33:32.2987976Z   347 |   if (field->options().weak()) {
2026-10-07T03:33:32.2988628Z       |       ~~~~~~~~~~~~~~~~~~~~~^~
2026-10-07T03:33:32.2990262Z In file included from bazel-out/k8-opt-exec-ST-d57f47055a04/bin/external/protobuf+/src/google/protobuf/compiler/_virtual_includes/code_generator_lite/google/protobuf/compiler/code_generator_lite.h:18,
2026-10-07T03:33:32.2994757Z                  from bazel-out/k8-opt-exec-ST-d57f47055a04/bin/external/protobuf+/src/google/protobuf/compiler/_virtual_includes/code_generator/google/protobuf/compiler/code_generator.h:25,
2026-10-07T03:33:32.2999183Z                  from bazel-out/k8-opt-exec-ST-d57f47055a04/bin/external/protobuf+/src/google/protobuf/compiler/cpp/_virtual_includes/names_internal/google/protobuf/compiler/cpp/helpers.h:29:
2026-10-07T03:33:32.3001530Z bazel-out/k8-opt-exec-ST-d57f47055a04/bin/external/protobuf+/src/google/protobuf/_virtual_includes/protobuf/google/protobuf/descriptor.pb.h:18861:13: note: declared here
2026-10-07T03:33:32.3003375Z 18861 | inline bool FieldOptions::weak() const {
2026-10-07T03:33:32.3004000Z       |             ^~~~~~~~~~~~
2026-10-07T03:33:32.3006407Z external/protobuf+/src/google/protobuf/compiler/cpp/message.cc: In function 'void google::protobuf::compiler::cpp::{anonymous}::PrintPresenceCheck(const google::protobuf::FieldDescriptor*, const std::vector<int>&, google::protobuf::io::Printer*, int*, const google::protobuf::compiler::cpp::Options&)':
2026-10-07T03:33:32.3009764Z external/protobuf+/src/google/protobuf/compiler/cpp/message.cc:176:29: warning: 'bool google::protobuf::FieldOptions::weak() const' is deprecated [-Wdeprecated-declarations]
2026-10-07T03:33:32.3011135Z   176 |   if (!field->options().weak()) {
2026-10-07T03:33:32.3011739Z       |        ~~~~~~~~~~~~~~~~~~~~~^~
2026-10-07T03:33:32.3013109Z bazel-out/k8-opt-exec-ST-d57f47055a04/bin/external/protobuf+/src/google/protobuf/_virtual_includes/protobuf/google/protobuf/descriptor.pb.h:18861:13: note: declared here
2026-10-07T03:33:32.3014497Z 18861 | inline bool FieldOptions::weak() const {
2026-10-07T03:33:32.3015107Z       |             ^~~~~~~~~~~~
2026-10-07T03:33:32.3016719Z external/protobuf+/src/google/protobuf/compiler/cpp/message.cc: In member function 'void google::protobuf::compiler::cpp::MessageGenerator::GenerateFieldAccessorDeclarations(google::protobuf::io::Printer*)':
2026-10-07T03:33:32.3049638Z external/protobuf+/src/google/protobuf/compiler/cpp/message.cc:775:66: warning: 'bool google::protobuf::FieldOptions::weak() const' is deprecated [-Wdeprecated-declarations]
2026-10-07T03:33:32.3051252Z   775 |     if (!field->real_containing_oneof() && !field->options().weak()) {
2026-10-07T03:33:32.3052247Z       |                                             ~~~~~~~~~~~~~~~~~~~~~^~
2026-10-07T03:33:32.3053727Z bazel-out/k8-opt-exec-ST-d57f47055a04/bin/external/protobuf+/src/google/protobuf/_virtual_includes/protobuf/google/protobuf/descriptor.pb.h:18861:13: note: declared here
2026-10-07T03:33:32.3055127Z 18861 | inline bool FieldOptions::weak() const {
2026-10-07T03:33:32.3055761Z       |             ^~~~~~~~~~~~
2026-10-07T03:33:32.3057889Z external/protobuf+/src/google/protobuf/compiler/cpp/message.cc: In member function 'void google::protobuf::compiler::cpp::MessageGenerator::GenerateSingularFieldHasBits(const google::protobuf::FieldDescriptor*, google::protobuf::io::Printer*)':
2026-10-07T03:33:32.3060599Z external/protobuf+/src/google/protobuf/compiler/cpp/message.cc:1140:28: warning: 'bool google::protobuf::FieldOptions::weak() const' is deprecated [-Wdeprecated-declarations]
2026-10-07T03:33:32.3061955Z  1140 |   if (field->options().weak()) {
2026-10-07T03:33:32.3062540Z       |       ~~~~~~~~~~~~~~~~~~~~~^~
2026-10-07T03:33:32.3063932Z bazel-out/k8-opt-exec-ST-d57f47055a04/bin/external/protobuf+/src/google/protobuf/_virtual_includes/protobuf/google/protobuf/descriptor.pb.h:18861:13: note: declared here
2026-10-07T03:33:32.3065445Z 18861 | inline bool FieldOptions::weak() const {
2026-10-07T03:33:32.3066101Z       |             ^~~~~~~~~~~~
2026-10-07T03:33:32.3068395Z external/protobuf+/src/google/protobuf/compiler/cpp/message.cc: In member function 'void google::protobuf::compiler::cpp::MessageGenerator::MaybeEmitUpdateCachedHasbits(const google::protobuf::FieldDescriptor*, google::protobuf::io::Printer*, int&) const':
2026-10-07T03:33:32.3071234Z external/protobuf+/src/google/protobuf/compiler/cpp/message.cc:1396:59: warning: 'bool google::protobuf::FieldOptions::weak() const' is deprecated [-Wdeprecated-declarations]
2026-10-07T03:33:32.3072768Z  1396 |   if (!HasHasbit(field, options_) || field->options().weak()) return;
2026-10-07T03:33:32.3073756Z       |                                      ~~~~~~~~~~~~~~~~~~~~~^~
2026-10-07T03:33:32.3075269Z bazel-out/k8-opt-exec-ST-d57f47055a04/bin/external/protobuf+/src/google/protobuf/_virtual_includes/protobuf/google/protobuf/descriptor.pb.h:18861:13: note: declared here
2026-10-07T03:33:32.3088730Z 18861 | inline bool FieldOptions::weak() const {
2026-10-07T03:33:32.3089381Z       |             ^~~~~~~~~~~~
2026-10-07T03:33:32.3090141Z external/protobuf+/src/google/protobuf/compiler/cpp/message.cc: In lambda function:
2026-10-07T03:33:32.3092140Z external/protobuf+/src/google/protobuf/compiler/cpp/message.cc:2184:64: warning: 'bool google::protobuf::FieldOptions::weak() const' is deprecated [-Wdeprecated-declarations]
2026-10-07T03:33:32.3093644Z  2184 |             if (!field->is_repeated() && !field->options().weak() &&
2026-10-07T03:33:32.3094551Z       |                                           ~~~~~~~~~~~~~~~~~~~~~^~
2026-10-07T03:33:32.3096037Z bazel-out/k8-opt-exec-ST-d57f47055a04/bin/external/protobuf+/src/google/protobuf/_virtual_includes/protobuf/google/protobuf/descriptor.pb.h:18861:13: note: declared here
2026-10-07T03:33:32.3097729Z 18861 | inline bool FieldOptions::weak() const {
2026-10-07T03:33:32.3098343Z       |             ^~~~~~~~~~~~
2026-10-07T03:33:32.3099820Z external/protobuf+/src/google/protobuf/compiler/cpp/message.cc: In member function 'size_t google::protobuf::compiler::cpp::MessageGenerator::GenerateOffsets(google::protobuf::io::Printer*)':
2026-10-07T03:33:32.3102185Z external/protobuf+/src/google/protobuf/compiler/cpp/message.cc:2717:30: warning: 'bool google::protobuf::FieldOptions::weak() const' is deprecated [-Wdeprecated-declarations]
2026-10-07T03:33:32.3103535Z  2717 |     if (field->options().weak()) {
2026-10-07T03:33:32.3104144Z       |         ~~~~~~~~~~~~~~~~~~~~~^~
2026-10-07T03:33:32.3105533Z bazel-out/k8-opt-exec-ST-d57f47055a04/bin/external/protobuf+/src/google/protobuf/_virtual_includes/protobuf/google/protobuf/descriptor.pb.h:18861:13: note: declared here
2026-10-07T03:33:32.3107166Z 18861 | inline bool FieldOptions::weak() const {
2026-10-07T03:33:32.3107816Z       |             ^~~~~~~~~~~~
2026-10-07T03:33:32.3108564Z external/protobuf+/src/google/protobuf/compiler/cpp/message.cc: In lambda function:
2026-10-07T03:33:32.3110233Z external/protobuf+/src/google/protobuf/compiler/cpp/message.cc:4372:39: warning: 'bool google::protobuf::FieldOptions::weak() const' is deprecated [-Wdeprecated-declarations]
2026-10-07T03:33:32.3111632Z  4372 |       } else if (field->options().weak() ||
2026-10-07T03:33:32.3112314Z       |                  ~~~~~~~~~~~~~~~~~~~~~^~
2026-10-07T03:33:32.3113712Z bazel-out/k8-opt-exec-ST-d57f47055a04/bin/external/protobuf+/src/google/protobuf/_virtual_includes/protobuf/google/protobuf/descriptor.pb.h:18861:13: note: declared here
2026-10-07T03:33:32.3115130Z 18861 | inline bool FieldOptions::weak() const {
2026-10-07T03:33:32.3115767Z       |             ^~~~~~~~~~~~
2026-10-07T03:33:32.3168050Z external/protobuf+/src/google/protobuf/compiler/cpp/message.cc: In member function 'void google::protobuf::compiler::cpp::MessageGenerator::GenerateSerializeOneField(google::protobuf::io::Printer*, const google::protobuf::FieldDescriptor*, int)':
2026-10-07T03:33:32.3171320Z external/protobuf+/src/google/protobuf/compiler/cpp/message.cc:4722:28: warning: 'bool google::protobuf::FieldOptions::weak() const' is deprecated [-Wdeprecated-declarations]
2026-10-07T03:33:32.3172759Z  4722 |   if (field->options().weak()) {
2026-10-07T03:33:32.3173404Z       |       ~~~~~~~~~~~~~~~~~~~~~^~
2026-10-07T03:33:32.3174812Z bazel-out/k8-opt-exec-ST-d57f47055a04/bin/external/protobuf+/src/google/protobuf/_virtual_includes/protobuf/google/protobuf/descriptor.pb.h:18861:13: note: declared here
2026-10-07T03:33:32.3176242Z 18861 | inline bool FieldOptions::weak() const {
2026-10-07T03:33:32.3177167Z       |             ^~~~~~~~~~~~
2026-10-07T03:33:32.3177961Z external/protobuf+/src/google/protobuf/compiler/cpp/message.cc: In lambda function:
2026-10-07T03:33:32.3179721Z external/protobuf+/src/google/protobuf/compiler/cpp/message.cc:5029:43: warning: 'bool google::protobuf::FieldOptions::weak() const' is deprecated [-Wdeprecated-declarations]
2026-10-07T03:33:32.3181240Z  5029 |                  if (field->options().weak()) {
2026-10-07T03:33:32.3182325Z       |                      ~~~~~~~~~~~~~~~~~~~~~^~
2026-10-07T03:33:32.3183830Z bazel-out/k8-opt-exec-ST-d57f47055a04/bin/external/protobuf+/src/google/protobuf/_virtual_includes/protobuf/google/protobuf/descriptor.pb.h:18861:13: note: declared here
2026-10-07T03:33:32.3185304Z 18861 | inline bool FieldOptions::weak() const {
2026-10-07T03:33:32.3186226Z       |             ^~~~~~~~~~~~
2026-10-07T03:33:32.3188507Z external/protobuf+/src/google/protobuf/compiler/cpp/message.cc: In member function 'void google::protobuf::compiler::cpp::MessageGenerator::EmitCheckAndSerializeField(const google::protobuf::FieldDescriptor*, google::protobuf::io::Printer*) const':
2026-10-07T03:33:32.3191404Z external/protobuf+/src/google/protobuf/compiler/cpp/message.cc:5572:28: warning: 'bool google::protobuf::FieldOptions::weak() const' is deprecated [-Wdeprecated-declarations]
2026-10-07T03:33:32.3192842Z  5572 |   if (field->options().weak()) {
2026-10-07T03:33:32.3193478Z       |       ~~~~~~~~~~~~~~~~~~~~~^~
2026-10-07T03:33:32.3194906Z bazel-out/k8-opt-exec-ST-d57f47055a04/bin/external/protobuf+/src/google/protobuf/_virtual_includes/protobuf/google/protobuf/descriptor.pb.h:18861:13: note: declared here
2026-10-07T03:33:32.3196381Z 18861 | inline bool FieldOptions::weak() const {
2026-10-07T03:33:32.3227409Z       |             ^~~~~~~~~~~~
2026-10-07T03:33:32.3229630Z external/protobuf+/src/google/protobuf/compiler/cpp/message.cc: In instantiation of 'void google::protobuf::compiler::cpp::MessageGenerator::EmitCheckAndUpdateByteSizeForField(const google::protobuf::FieldDescriptor*, google::protobuf::io::Printer*) const [with bool kIsV2 = false]':
2026-10-07T03:33:32.3232094Z external/protobuf+/src/google/protobuf/compiler/cpp/message.cc:1418:62:   required from here
2026-10-07T03:33:32.3233936Z external/protobuf+/src/google/protobuf/compiler/cpp/message.cc:1363:28: warning: 'bool google::protobuf::FieldOptions::weak() const' is deprecated [-Wdeprecated-declarations]
2026-10-07T03:33:32.3235444Z  1363 |   if (field->options().weak()) {
2026-10-07T03:33:32.3236061Z       |       ~~~~~~~~~~~~~~~~~~~~~^~
2026-10-07T03:33:32.3237727Z bazel-out/k8-opt-exec-ST-d57f47055a04/bin/external/protobuf+/src/google/protobuf/_virtual_includes/protobuf/google/protobuf/descriptor.pb.h:18861:13: note: declared here
2026-10-07T03:33:32.3239182Z 18861 | inline bool FieldOptions::weak() const {
2026-10-07T03:33:32.3239819Z       |             ^~~~~~~~~~~~
2026-10-07T03:33:32.3241194Z external/protobuf+/src/google/protobuf/compiler/cpp/message.cc:1363:28: warning: 'bool google::protobuf::FieldOptions::weak() const' is deprecated [-Wdeprecated-declarations]
2026-10-07T03:33:32.3242587Z  1363 |   if (field->options().weak()) {
2026-10-07T03:33:32.3243220Z       |       ~~~~~~~~~~~~~~~~~~~~~^~
2026-10-07T03:33:32.3244615Z bazel-out/k8-opt-exec-ST-d57f47055a04/bin/external/protobuf+/src/google/protobuf/_virtual_includes/protobuf/google/protobuf/descriptor.pb.h:18861:13: note: declared here
2026-10-07T03:33:32.3246038Z 18861 | inline bool FieldOptions::weak() const {
2026-10-07T03:33:32.3246671Z       |             ^~~~~~~~~~~~
2026-10-07T03:33:33.1809555Z [814 / 939] Compiling src/google/protobuf/descriptor.cc; 27s processwrapper-sandbox ... (4 actions running)
2026-10-07T03:33:35.2282893Z INFO: From Compiling src/google/protobuf/descriptor.cc:
2026-10-07T03:33:35.2315706Z external/protobuf+/src/google/protobuf/descriptor.cc: In member function 'void google::protobuf::FieldDescriptor::DebugString(int, std::string*, const google::protobuf::DebugStringOptions&) const':
2026-10-07T03:33:35.2328969Z external/protobuf+/src/google/protobuf/descriptor.cc:3953:65: warning: 'bool google::protobuf::FieldDescriptor::has_optional_keyword() const' is deprecated: Use has_presence() instead. [-Wdeprecated-declarations]
2026-10-07T03:33:35.2363175Z  3953 |       (!is_required() && !is_repeated() && !has_optional_keyword())) {
2026-10-07T03:33:35.2387974Z       |                                             ~~~~~~~~~~~~~~~~~~~~^~
2026-10-07T03:33:35.2407872Z In file included from external/protobuf+/src/google/protobuf/descriptor.cc:12:
2026-10-07T03:33:35.2438348Z bazel-out/k8-opt/bin/external/protobuf+/src/google/protobuf/_virtual_includes/protobuf/google/protobuf/descriptor.h:1136:8: note: declared here
2026-10-07T03:33:35.2447443Z  1136 |   bool has_optional_keyword() const;
2026-10-07T03:33:35.2448701Z       |        ^~~~~~~~~~~~~~~~~~~~
2026-10-07T03:33:35.2450649Z external/protobuf+/src/google/protobuf/descriptor.cc: In member function 'void google::protobuf::DescriptorBuilder::CrossLinkField(google::protobuf::FieldDescriptor*, const google::protobuf::FieldDescriptorProto&)':
2026-10-07T03:33:35.2453374Z external/protobuf+/src/google/protobuf/descriptor.cc:7982:65: warning: 'bool google::protobuf::FieldOptions::weak() const' is deprecated [-Wdeprecated-declarations]
2026-10-07T03:33:35.2455208Z  7982 |     bool is_weak = !pool_->enforce_weak_ && proto.options().weak();
2026-10-07T03:33:35.2456346Z       |                                             ~~~~~~~~~~~~~~~~~~~~^~
2026-10-07T03:33:35.2458105Z In file included from bazel-out/k8-opt/bin/external/protobuf+/src/google/protobuf/_virtual_includes/protobuf/google/protobuf/cpp_features.pb.h:33,
2026-10-07T03:33:35.2460323Z                  from external/protobuf+/src/google/protobuf/descriptor.cc:72:
2026-10-07T03:33:35.2461956Z bazel-out/k8-opt/bin/external/protobuf+/src/google/protobuf/_virtual_includes/protobuf/google/protobuf/descriptor.pb.h:18861:13: note: declared here
2026-10-07T03:33:35.2463383Z 18861 | inline bool FieldOptions::weak() const {
2026-10-07T03:33:35.2464155Z       |             ^~~~~~~~~~~~
2026-10-07T03:33:35.2465980Z external/protobuf+/src/google/protobuf/descriptor.cc: In function 'google::protobuf::internal::cpp::HasbitMode google::protobuf::internal::cpp::GetFieldHasbitModeWithoutProfile(const google::protobuf::FieldDescriptor*)':
2026-10-07T03:33:35.2468871Z external/protobuf+/src/google/protobuf/descriptor.cc:10700:62: warning: 'bool google::protobuf::FieldOptions::weak() const' is deprecated [-Wdeprecated-declarations]
2026-10-07T03:33:35.2470977Z 10700 |   if (field->real_containing_oneof() || field->options().weak() ||
2026-10-07T03:33:35.2472109Z       |                                         ~~~~~~~~~~~~~~~~~~~~~^~
2026-10-07T03:33:35.2473575Z bazel-out/k8-opt/bin/external/protobuf+/src/google/protobuf/_virtual_includes/protobuf/google/protobuf/descriptor.pb.h:18861:13: note: declared here
2026-10-07T03:33:35.2474972Z 18861 | inline bool FieldOptions::weak() const {
2026-10-07T03:33:35.2475736Z       |             ^~~~~~~~~~~~
2026-10-07T03:33:35.2477362Z [815 / 939] Compiling src/google/protobuf/compiler/cpp/field_generators/string_field.cc [for tool]; 6s processwrapper-sandbox ... (4 actions, 3 running)
2026-10-07T03:33:35.7839523Z INFO: From Compiling src/google/protobuf/compiler/cpp/field_generators/string_field.cc [for tool]:
2026-10-07T03:33:35.7896045Z In file included from bazel-out/k8-opt-exec-ST-d57f47055a04/bin/external/protobuf+/src/google/protobuf/compiler/cpp/_virtual_includes/cpp/google/protobuf/compiler/cpp/field.h:26,
2026-10-07T03:33:35.7919090Z                  from external/protobuf+/src/google/protobuf/compiler/cpp/field_generators/string_field.cc:20:
2026-10-07T03:33:35.7949553Z bazel-out/k8-opt-exec-ST-d57f47055a04/bin/external/protobuf+/src/google/protobuf/compiler/cpp/_virtual_includes/names_internal/google/protobuf/compiler/cpp/helpers.h: In function 'bool google::protobuf::compiler::cpp::IsWeak(const google::protobuf::FieldDescriptor*, const Options&)':
2026-10-07T03:33:35.7959086Z bazel-out/k8-opt-exec-ST-d57f47055a04/bin/external/protobuf+/src/google/protobuf/compiler/cpp/_virtual_includes/names_internal/google/protobuf/compiler/cpp/helpers.h:347:28: warning: 'bool google::protobuf::FieldOptions::weak() const' is deprecated [-Wdeprecated-declarations]
2026-10-07T03:33:35.7987517Z   347 |   if (field->options().weak()) {
2026-10-07T03:33:35.8007684Z       |       ~~~~~~~~~~~~~~~~~~~~~^~
2026-10-07T03:33:35.8021568Z In file included from bazel-out/k8-opt-exec-ST-d57f47055a04/bin/external/protobuf+/src/google/protobuf/compiler/_virtual_includes/code_generator_lite/google/protobuf/compiler/code_generator_lite.h:18,
2026-10-07T03:33:35.8026242Z                  from bazel-out/k8-opt-exec-ST-d57f47055a04/bin/external/protobuf+/src/google/protobuf/compiler/_virtual_includes/code_generator/google/protobuf/compiler/code_generator.h:25,
2026-10-07T03:33:35.8030901Z                  from bazel-out/k8-opt-exec-ST-d57f47055a04/bin/external/protobuf+/src/google/protobuf/compiler/cpp/_virtual_includes/names_internal/google/protobuf/compiler/cpp/helpers.h:29:
2026-10-07T03:33:35.8034050Z bazel-out/k8-opt-exec-ST-d57f47055a04/bin/external/protobuf+/src/google/protobuf/_virtual_includes/protobuf/google/protobuf/descriptor.pb.h:18861:13: note: declared here
2026-10-07T03:33:35.8035814Z 18861 | inline bool FieldOptions::weak() const {
2026-10-07T03:33:35.8036669Z       |             ^~~~~~~~~~~~
2026-10-07T03:33:36.6288555Z INFO: From Compiling src/google/protobuf/compiler/cpp/field_generators/primitive_field.cc [for tool]:
2026-10-07T03:33:36.6318824Z In file included from bazel-out/k8-opt-exec-ST-d57f47055a04/bin/external/protobuf+/src/google/protobuf/compiler/cpp/_virtual_includes/cpp/google/protobuf/compiler/cpp/field.h:26,
2026-10-07T03:33:36.6338960Z                  from external/protobuf+/src/google/protobuf/compiler/cpp/field_generators/primitive_field.cc:21:
2026-10-07T03:33:36.6369307Z bazel-out/k8-opt-exec-ST-d57f47055a04/bin/external/protobuf+/src/google/protobuf/compiler/cpp/_virtual_includes/names_internal/google/protobuf/compiler/cpp/helpers.h: In function 'bool google::protobuf::compiler::cpp::IsWeak(const google::protobuf::FieldDescriptor*, const Options&)':
2026-10-07T03:33:36.6373199Z bazel-out/k8-opt-exec-ST-d57f47055a04/bin/external/protobuf+/src/google/protobuf/compiler/cpp/_virtual_includes/names_internal/google/protobuf/compiler/cpp/helpers.h:347:28: warning: 'bool google::protobuf::FieldOptions::weak() const' is deprecated [-Wdeprecated-declarations]
2026-10-07T03:33:36.6397571Z   347 |   if (field->options().weak()) {
2026-10-07T03:33:36.6427618Z       |       ~~~~~~~~~~~~~~~~~~~~~^~
2026-10-07T03:33:36.6454601Z In file included from bazel-out/k8-opt-exec-ST-d57f47055a04/bin/external/protobuf+/src/google/protobuf/compiler/_virtual_includes/code_generator_lite/google/protobuf/compiler/code_generator_lite.h:18,
2026-10-07T03:33:36.6459212Z                  from bazel-out/k8-opt-exec-ST-d57f47055a04/bin/external/protobuf+/src/google/protobuf/compiler/_virtual_includes/code_generator/google/protobuf/compiler/code_generator.h:25,
2026-10-07T03:33:36.6463294Z                  from bazel-out/k8-opt-exec-ST-d57f47055a04/bin/external/protobuf+/src/google/protobuf/compiler/cpp/_virtual_includes/names_internal/google/protobuf/compiler/cpp/helpers.h:29:
2026-10-07T03:33:36.6465593Z bazel-out/k8-opt-exec-ST-d57f47055a04/bin/external/protobuf+/src/google/protobuf/_virtual_includes/protobuf/google/protobuf/descriptor.pb.h:18861:13: note: declared here
2026-10-07T03:33:36.6467312Z 18861 | inline bool FieldOptions::weak() const {
2026-10-07T03:33:36.6467969Z       |             ^~~~~~~~~~~~
2026-10-07T03:33:36.6469176Z [817 / 939] Compiling src/google/protobuf/compiler/cpp/field_generators/message_field.cc [for tool]; 4s processwrapper-sandbox ... (4 actions, 3 running)
2026-10-07T03:33:38.1836161Z [817 / 939] Compiling src/google/protobuf/compiler/cpp/field_generators/message_field.cc [for tool]; 5s processwrapper-sandbox ... (4 actions running)
2026-10-07T03:33:40.2293775Z INFO: From Compiling src/google/protobuf/compiler/cpp/field_generators/message_field.cc [for tool]:
2026-10-07T03:33:40.2318872Z In file included from bazel-out/k8-opt-exec-ST-d57f47055a04/bin/external/protobuf+/src/google/protobuf/compiler/cpp/_virtual_includes/cpp/google/protobuf/compiler/cpp/field.h:26,
2026-10-07T03:33:40.2349221Z                  from external/protobuf+/src/google/protobuf/compiler/cpp/field_generators/message_field.cc:21:
2026-10-07T03:33:40.2352262Z bazel-out/k8-opt-exec-ST-d57f47055a04/bin/external/protobuf+/src/google/protobuf/compiler/cpp/_virtual_includes/names_internal/google/protobuf/compiler/cpp/helpers.h: In function 'bool google::protobuf::compiler::cpp::IsWeak(const google::protobuf::FieldDescriptor*, const Options&)':
2026-10-07T03:33:40.2379845Z bazel-out/k8-opt-exec-ST-d57f47055a04/bin/external/protobuf+/src/google/protobuf/compiler/cpp/_virtual_includes/names_internal/google/protobuf/compiler/cpp/helpers.h:347:28: warning: 'bool google::protobuf::FieldOptions::weak() const' is deprecated [-Wdeprecated-declarations]
2026-10-07T03:33:40.2407673Z   347 |   if (field->options().weak()) {
2026-10-07T03:33:40.2437883Z       |       ~~~~~~~~~~~~~~~~~~~~~^~
2026-10-07T03:33:40.2468719Z In file included from bazel-out/k8-opt-exec-ST-d57f47055a04/bin/external/protobuf+/src/google/protobuf/compiler/_virtual_includes/code_generator_lite/google/protobuf/compiler/code_generator_lite.h:18,
2026-10-07T03:33:40.2473375Z                  from bazel-out/k8-opt-exec-ST-d57f47055a04/bin/external/protobuf+/src/google/protobuf/compiler/_virtual_includes/code_generator/google/protobuf/compiler/code_generator.h:25,
2026-10-07T03:33:40.2500435Z                  from bazel-out/k8-opt-exec-ST-d57f47055a04/bin/external/protobuf+/src/google/protobuf/compiler/cpp/_virtual_includes/names_internal/google/protobuf/compiler/cpp/helpers.h:29:
2026-10-07T03:33:40.2528605Z bazel-out/k8-opt-exec-ST-d57f47055a04/bin/external/protobuf+/src/google/protobuf/_virtual_includes/protobuf/google/protobuf/descriptor.pb.h:18861:13: note: declared here
2026-10-07T03:33:40.2557662Z 18861 | inline bool FieldOptions::weak() const {
2026-10-07T03:33:40.2587633Z       |             ^~~~~~~~~~~~
2026-10-07T03:33:40.2588639Z [818 / 939] Compiling src/google/protobuf/descriptor.pb.cc; 4s processwrapper-sandbox ... (4 actions, 3 running)
2026-10-07T03:33:42.1835006Z [818 / 939] Compiling src/google/protobuf/descriptor.pb.cc; 6s processwrapper-sandbox ... (4 actions running)
2026-10-07T03:33:42.9438803Z INFO: From Compiling src/google/protobuf/compiler/cpp/field_generators/map_field.cc [for tool]:
2026-10-07T03:33:42.9458937Z In file included from bazel-out/k8-opt-exec-ST-d57f47055a04/bin/external/protobuf+/src/google/protobuf/compiler/cpp/_virtual_includes/cpp/google/protobuf/compiler/cpp/field.h:26,
2026-10-07T03:33:42.9488945Z                  from external/protobuf+/src/google/protobuf/compiler/cpp/field_generators/map_field.cc:19:
2026-10-07T03:33:42.9549200Z bazel-out/k8-opt-exec-ST-d57f47055a04/bin/external/protobuf+/src/google/protobuf/compiler/cpp/_virtual_includes/names_internal/google/protobuf/compiler/cpp/helpers.h: In function 'bool google::protobuf::compiler::cpp::IsWeak(const google::protobuf::FieldDescriptor*, const Options&)':
2026-10-07T03:33:42.9571402Z bazel-out/k8-opt-exec-ST-d57f47055a04/bin/external/protobuf+/src/google/protobuf/compiler/cpp/_virtual_includes/names_internal/google/protobuf/compiler/cpp/helpers.h:347:28: warning: 'bool google::protobuf::FieldOptions::weak() const' is deprecated [-Wdeprecated-declarations]
2026-10-07T03:33:42.9573631Z   347 |   if (field->options().weak()) {
2026-10-07T03:33:42.9607722Z       |       ~~~~~~~~~~~~~~~~~~~~~^~
2026-10-07T03:33:42.9609361Z In file included from bazel-out/k8-opt-exec-ST-d57f47055a04/bin/external/protobuf+/src/google/protobuf/compiler/_virtual_includes/code_generator_lite/google/protobuf/compiler/code_generator_lite.h:18,
2026-10-07T03:33:42.9613674Z                  from bazel-out/k8-opt-exec-ST-d57f47055a04/bin/external/protobuf+/src/google/protobuf/compiler/_virtual_includes/code_generator/google/protobuf/compiler/code_generator.h:25,
2026-10-07T03:33:42.9618103Z                  from bazel-out/k8-opt-exec-ST-d57f47055a04/bin/external/protobuf+/src/google/protobuf/compiler/cpp/_virtual_includes/names_internal/google/protobuf/compiler/cpp/helpers.h:29:
2026-10-07T03:33:42.9620440Z bazel-out/k8-opt-exec-ST-d57f47055a04/bin/external/protobuf+/src/google/protobuf/_virtual_includes/protobuf/google/protobuf/descriptor.pb.h:18861:13: note: declared here
2026-10-07T03:33:42.9622221Z 18861 | inline bool FieldOptions::weak() const {
2026-10-07T03:33:42.9622853Z       |             ^~~~~~~~~~~~
2026-10-07T03:33:43.0158283Z INFO: From Compiling src/google/protobuf/compiler/cpp/field_generators/enum_field.cc [for tool]:
2026-10-07T03:33:43.0189242Z In file included from bazel-out/k8-opt-exec-ST-d57f47055a04/bin/external/protobuf+/src/google/protobuf/compiler/cpp/_virtual_includes/cpp/google/protobuf/compiler/cpp/field.h:26,
2026-10-07T03:33:43.0249048Z                  from external/protobuf+/src/google/protobuf/compiler/cpp/field_generators/enum_field.cc:20:
2026-10-07T03:33:43.0279362Z bazel-out/k8-opt-exec-ST-d57f47055a04/bin/external/protobuf+/src/google/protobuf/compiler/cpp/_virtual_includes/names_internal/google/protobuf/compiler/cpp/helpers.h: In function 'bool google::protobuf::compiler::cpp::IsWeak(const google::protobuf::FieldDescriptor*, const Options&)':
2026-10-07T03:33:43.0369372Z bazel-out/k8-opt-exec-ST-d57f47055a04/bin/external/protobuf+/src/google/protobuf/compiler/cpp/_virtual_includes/names_internal/google/protobuf/compiler/cpp/helpers.h:347:28: warning: 'bool google::protobuf::FieldOptions::weak() const' is deprecated [-Wdeprecated-declarations]
2026-10-07T03:33:43.0397625Z   347 |   if (field->options().weak()) {
2026-10-07T03:33:43.0457744Z       |       ~~~~~~~~~~~~~~~~~~~~~^~
2026-10-07T03:33:43.0488842Z In file included from bazel-out/k8-opt-exec-ST-d57f47055a04/bin/external/protobuf+/src/google/protobuf/compiler/_virtual_includes/code_generator_lite/google/protobuf/compiler/code_generator_lite.h:18,
2026-10-07T03:33:43.0520379Z                  from bazel-out/k8-opt-exec-ST-d57f47055a04/bin/external/protobuf+/src/google/protobuf/compiler/_virtual_includes/code_generator/google/protobuf/compiler/code_generator.h:25,
2026-10-07T03:33:43.0579907Z                  from bazel-out/k8-opt-exec-ST-d57f47055a04/bin/external/protobuf+/src/google/protobuf/compiler/cpp/_virtual_includes/names_internal/google/protobuf/compiler/cpp/helpers.h:29:
2026-10-07T03:33:43.0582363Z bazel-out/k8-opt-exec-ST-d57f47055a04/bin/external/protobuf+/src/google/protobuf/_virtual_includes/protobuf/google/protobuf/descriptor.pb.h:18861:13: note: declared here
2026-10-07T03:33:43.0637800Z 18861 | inline bool FieldOptions::weak() const {
2026-10-07T03:33:43.0697877Z       |             ^~~~~~~~~~~~
2026-10-07T03:33:43.1858398Z [820 / 939] Compiling src/google/protobuf/descriptor.pb.cc; 7s processwrapper-sandbox ... (4 actions running)
2026-10-07T03:33:45.1845569Z [821 / 939] Compiling src/google/protobuf/compiler/cpp/field_generators/cord_field.cc [for tool]; 4s processwrapper-sandbox ... (4 actions running)
2026-10-07T03:33:46.5048521Z INFO: From Compiling src/google/protobuf/compiler/cpp/field_generators/cord_field.cc [for tool]:
2026-10-07T03:33:46.5078606Z In file included from bazel-out/k8-opt-exec-ST-d57f47055a04/bin/external/protobuf+/src/google/protobuf/compiler/cpp/_virtual_includes/cpp/google/protobuf/compiler/cpp/field.h:26,
2026-10-07T03:33:46.5108694Z                  from external/protobuf+/src/google/protobuf/compiler/cpp/field_generators/cord_field.cc:23:
2026-10-07T03:33:46.5129419Z bazel-out/k8-opt-exec-ST-d57f47055a04/bin/external/protobuf+/src/google/protobuf/compiler/cpp/_virtual_includes/names_internal/google/protobuf/compiler/cpp/helpers.h: In function 'bool google::protobuf::compiler::cpp::IsWeak(const google::protobuf::FieldDescriptor*, const Options&)':
2026-10-07T03:33:46.5159332Z bazel-out/k8-opt-exec-ST-d57f47055a04/bin/external/protobuf+/src/google/protobuf/compiler/cpp/_virtual_includes/names_internal/google/protobuf/compiler/cpp/helpers.h:347:28: warning: 'bool google::protobuf::FieldOptions::weak() const' is deprecated [-Wdeprecated-declarations]
2026-10-07T03:33:46.5164664Z   347 |   if (field->options().weak()) {
2026-10-07T03:33:46.5197587Z       |       ~~~~~~~~~~~~~~~~~~~~~^~
2026-10-07T03:33:46.5211468Z In file included from bazel-out/k8-opt-exec-ST-d57f47055a04/bin/external/protobuf+/src/google/protobuf/compiler/_virtual_includes/code_generator_lite/google/protobuf/compiler/code_generator_lite.h:18,
2026-10-07T03:33:46.5216215Z                  from bazel-out/k8-opt-exec-ST-d57f47055a04/bin/external/protobuf+/src/google/protobuf/compiler/_virtual_includes/code_generator/google/protobuf/compiler/code_generator.h:25,
2026-10-07T03:33:46.5220874Z                  from bazel-out/k8-opt-exec-ST-d57f47055a04/bin/external/protobuf+/src/google/protobuf/compiler/cpp/_virtual_includes/names_internal/google/protobuf/compiler/cpp/helpers.h:29:
2026-10-07T03:33:46.5223539Z bazel-out/k8-opt-exec-ST-d57f47055a04/bin/external/protobuf+/src/google/protobuf/_virtual_includes/protobuf/google/protobuf/descriptor.pb.h:18861:13: note: declared here
2026-10-07T03:33:46.5225873Z 18861 | inline bool FieldOptions::weak() const {
2026-10-07T03:33:46.5226682Z       |             ^~~~~~~~~~~~
2026-10-07T03:33:46.5228174Z [822 / 939] Compiling src/google/protobuf/compiler/cpp/field_chunk.cc [for tool]; 3s processwrapper-sandbox ... (4 actions, 3 running)
2026-10-07T03:33:47.1388432Z INFO: From Compiling src/google/protobuf/compiler/cpp/field_chunk.cc [for tool]:
2026-10-07T03:33:47.1448961Z In file included from bazel-out/k8-opt-exec-ST-d57f47055a04/bin/external/protobuf+/src/google/protobuf/compiler/cpp/_virtual_includes/cpp/google/protobuf/compiler/cpp/field_chunk.h:10,
2026-10-07T03:33:47.1451515Z                  from external/protobuf+/src/google/protobuf/compiler/cpp/field_chunk.cc:1:
2026-10-07T03:33:47.1479418Z bazel-out/k8-opt-exec-ST-d57f47055a04/bin/external/protobuf+/src/google/protobuf/compiler/cpp/_virtual_includes/names_internal/google/protobuf/compiler/cpp/helpers.h: In function 'bool google::protobuf::compiler::cpp::IsWeak(const google::protobuf::FieldDescriptor*, const Options&)':
2026-10-07T03:33:47.1499354Z bazel-out/k8-opt-exec-ST-d57f47055a04/bin/external/protobuf+/src/google/protobuf/compiler/cpp/_virtual_includes/names_internal/google/protobuf/compiler/cpp/helpers.h:347:28: warning: 'bool google::protobuf::FieldOptions::weak() const' is deprecated [-Wdeprecated-declarations]
2026-10-07T03:33:47.1527893Z   347 |   if (field->options().weak()) {
2026-10-07T03:33:47.1547561Z       |       ~~~~~~~~~~~~~~~~~~~~~^~
2026-10-07T03:33:47.1549593Z In file included from bazel-out/k8-opt-exec-ST-d57f47055a04/bin/external/protobuf+/src/google/protobuf/compiler/_virtual_includes/code_generator_lite/google/protobuf/compiler/code_generator_lite.h:18,
2026-10-07T03:33:47.1554339Z                  from bazel-out/k8-opt-exec-ST-d57f47055a04/bin/external/protobuf+/src/google/protobuf/compiler/_virtual_includes/code_generator/google/protobuf/compiler/code_generator.h:25,
2026-10-07T03:33:47.1559029Z                  from bazel-out/k8-opt-exec-ST-d57f47055a04/bin/external/protobuf+/src/google/protobuf/compiler/cpp/_virtual_includes/names_internal/google/protobuf/compiler/cpp/helpers.h:29:
2026-10-07T03:33:47.1562107Z bazel-out/k8-opt-exec-ST-d57f47055a04/bin/external/protobuf+/src/google/protobuf/_virtual_includes/protobuf/google/protobuf/descriptor.pb.h:18861:13: note: declared here
2026-10-07T03:33:47.1563774Z 18861 | inline bool FieldOptions::weak() const {
2026-10-07T03:33:47.1564630Z       |             ^~~~~~~~~~~~
2026-10-07T03:33:48.1878434Z [823 / 939] Compiling src/google/protobuf/compiler/cpp/field.cc [for tool]; 5s processwrapper-sandbox ... (4 actions running)
2026-10-07T03:33:50.8048948Z INFO: From Compiling src/google/protobuf/compiler/cpp/field.cc [for tool]:
2026-10-07T03:33:50.8087660Z In file included from bazel-out/k8-opt-exec-ST-d57f47055a04/bin/external/protobuf+/src/google/protobuf/compiler/cpp/_virtual_includes/cpp/google/protobuf/compiler/cpp/field.h:26,
2026-10-07T03:33:50.8149028Z                  from external/protobuf+/src/google/protobuf/compiler/cpp/field.cc:12:
2026-10-07T03:33:50.8209421Z bazel-out/k8-opt-exec-ST-d57f47055a04/bin/external/protobuf+/src/google/protobuf/compiler/cpp/_virtual_includes/names_internal/google/protobuf/compiler/cpp/helpers.h: In function 'bool google::protobuf::compiler::cpp::IsWeak(const google::protobuf::FieldDescriptor*, const Options&)':
2026-10-07T03:33:50.8213979Z bazel-out/k8-opt-exec-ST-d57f47055a04/bin/external/protobuf+/src/google/protobuf/compiler/cpp/_virtual_includes/names_internal/google/protobuf/compiler/cpp/helpers.h:347:28: warning: 'bool google::protobuf::FieldOptions::weak() const' is deprecated [-Wdeprecated-declarations]
2026-10-07T03:33:50.8260616Z   347 |   if (field->options().weak()) {
2026-10-07T03:33:50.8318185Z       |       ~~~~~~~~~~~~~~~~~~~~~^~
2026-10-07T03:33:50.8338339Z In file included from bazel-out/k8-opt-exec-ST-d57f47055a04/bin/external/protobuf+/src/google/protobuf/compiler/_virtual_includes/code_generator_lite/google/protobuf/compiler/code_generator_lite.h:18,
2026-10-07T03:33:50.8343313Z                  from bazel-out/k8-opt-exec-ST-d57f47055a04/bin/external/protobuf+/src/google/protobuf/compiler/_virtual_includes/code_generator/google/protobuf/compiler/code_generator.h:25,
2026-10-07T03:33:50.8348095Z                  from bazel-out/k8-opt-exec-ST-d57f47055a04/bin/external/protobuf+/src/google/protobuf/compiler/cpp/_virtual_includes/names_internal/google/protobuf/compiler/cpp/helpers.h:29:
2026-10-07T03:33:50.8350858Z bazel-out/k8-opt-exec-ST-d57f47055a04/bin/external/protobuf+/src/google/protobuf/_virtual_includes/protobuf/google/protobuf/descriptor.pb.h:18861:13: note: declared here
2026-10-07T03:33:50.8352654Z 18861 | inline bool FieldOptions::weak() const {
2026-10-07T03:33:50.8353595Z       |             ^~~~~~~~~~~~
2026-10-07T03:33:50.8354984Z [824 / 939] Compiling src/google/protobuf/descriptor_database.cc; 7s processwrapper-sandbox ... (4 actions, 3 running)
2026-10-07T03:33:52.1908650Z [824 / 939] Compiling src/google/protobuf/descriptor_database.cc; 8s processwrapper-sandbox ... (4 actions running)
2026-10-07T03:33:53.1910360Z [825 / 939] Compiling src/google/protobuf/compiler/cpp/extension.cc [for tool]; 6s processwrapper-sandbox ... (4 actions running)
2026-10-07T03:33:54.1917602Z [827 / 939] Compiling src/google/protobuf/compiler/cpp/extension.cc [for tool]; 7s processwrapper-sandbox ... (4 actions running)
2026-10-07T03:33:54.4034806Z INFO: From Compiling src/google/protobuf/compiler/cpp/extension.cc [for tool]:
2026-10-07T03:33:54.4068590Z In file included from bazel-out/k8-opt-exec-ST-d57f47055a04/bin/external/protobuf+/src/google/protobuf/compiler/cpp/_virtual_includes/cpp/google/protobuf/compiler/cpp/extension.h:19,
2026-10-07T03:33:54.4098603Z                  from external/protobuf+/src/google/protobuf/compiler/cpp/extension.cc:12:
2026-10-07T03:33:54.4129132Z bazel-out/k8-opt-exec-ST-d57f47055a04/bin/external/protobuf+/src/google/protobuf/compiler/cpp/_virtual_includes/names_internal/google/protobuf/compiler/cpp/helpers.h: In function 'bool google::protobuf::compiler::cpp::IsWeak(const google::protobuf::FieldDescriptor*, const Options&)':
2026-10-07T03:33:54.4159053Z bazel-out/k8-opt-exec-ST-d57f47055a04/bin/external/protobuf+/src/google/protobuf/compiler/cpp/_virtual_includes/names_internal/google/protobuf/compiler/cpp/helpers.h:347:28: warning: 'bool google::protobuf::FieldOptions::weak() const' is deprecated [-Wdeprecated-declarations]
2026-10-07T03:33:54.4187596Z   347 |   if (field->options().weak()) {
2026-10-07T03:33:54.4217579Z       |       ~~~~~~~~~~~~~~~~~~~~~^~
2026-10-07T03:33:54.4248634Z In file included from bazel-out/k8-opt-exec-ST-d57f47055a04/bin/external/protobuf+/src/google/protobuf/compiler/_virtual_includes/code_generator_lite/google/protobuf/compiler/code_generator_lite.h:18,
2026-10-07T03:33:54.4279543Z                  from bazel-out/k8-opt-exec-ST-d57f47055a04/bin/external/protobuf+/src/google/protobuf/compiler/_virtual_includes/code_generator/google/protobuf/compiler/code_generator.h:25,
2026-10-07T03:33:54.4283368Z                  from bazel-out/k8-opt-exec-ST-d57f47055a04/bin/external/protobuf+/src/google/protobuf/compiler/cpp/_virtual_includes/names_internal/google/protobuf/compiler/cpp/helpers.h:29:
2026-10-07T03:33:54.4308679Z bazel-out/k8-opt-exec-ST-d57f47055a04/bin/external/protobuf+/src/google/protobuf/_virtual_includes/protobuf/google/protobuf/descriptor.pb.h:18861:13: note: declared here
2026-10-07T03:33:54.4337600Z 18861 | inline bool FieldOptions::weak() const {
2026-10-07T03:33:54.4367657Z       |             ^~~~~~~~~~~~
2026-10-07T03:33:55.1968848Z [828 / 939] Compiling src/google/protobuf/compiler/cpp/enum.cc [for tool]; 8s processwrapper-sandbox ... (4 actions running)
2026-10-07T03:33:55.8718674Z INFO: From Compiling src/google/protobuf/compiler/cpp/enum.cc [for tool]:
2026-10-07T03:33:55.8755713Z In file included from external/protobuf+/src/google/protobuf/compiler/cpp/enum.cc:29:
2026-10-07T03:33:55.8789402Z bazel-out/k8-opt-exec-ST-d57f47055a04/bin/external/protobuf+/src/google/protobuf/compiler/cpp/_virtual_includes/names_internal/google/protobuf/compiler/cpp/helpers.h: In function 'bool google::protobuf::compiler::cpp::IsWeak(const google::protobuf::FieldDescriptor*, const Options&)':
2026-10-07T03:33:55.8829127Z bazel-out/k8-opt-exec-ST-d57f47055a04/bin/external/protobuf+/src/google/protobuf/compiler/cpp/_virtual_includes/names_internal/google/protobuf/compiler/cpp/helpers.h:347:28: warning: 'bool google::protobuf::FieldOptions::weak() const' is deprecated [-Wdeprecated-declarations]
2026-10-07T03:33:55.8847740Z   347 |   if (field->options().weak()) {
2026-10-07T03:33:55.8877402Z       |       ~~~~~~~~~~~~~~~~~~~~~^~
2026-10-07T03:33:55.8878885Z In file included from bazel-out/k8-opt-exec-ST-d57f47055a04/bin/external/protobuf+/src/google/protobuf/compiler/_virtual_includes/code_generator_lite/google/protobuf/compiler/code_generator_lite.h:18,
2026-10-07T03:33:55.8929602Z                  from bazel-out/k8-opt-exec-ST-d57f47055a04/bin/external/protobuf+/src/google/protobuf/compiler/_virtual_includes/code_generator/google/protobuf/compiler/code_generator.h:25,
2026-10-07T03:33:55.8939367Z                  from bazel-out/k8-opt-exec-ST-d57f47055a04/bin/external/protobuf+/src/google/protobuf/compiler/cpp/_virtual_includes/cpp/google/protobuf/compiler/cpp/generator.h:24,
2026-10-07T03:33:55.8941245Z                  from external/protobuf+/src/google/protobuf/compiler/cpp/enum.cc:28:
2026-10-07T03:33:55.8942673Z bazel-out/k8-opt-exec-ST-d57f47055a04/bin/external/protobuf+/src/google/protobuf/_virtual_includes/protobuf/google/protobuf/descriptor.pb.h:18861:13: note: declared here
2026-10-07T03:33:55.8943895Z 18861 | inline bool FieldOptions::weak() const {
2026-10-07T03:33:55.8944412Z       |             ^~~~~~~~~~~~
2026-10-07T03:33:56.1970870Z [830 / 939] Compiling src/google/protobuf/dynamic_message.cc; 3s processwrapper-sandbox ... (4 actions running)
2026-10-07T03:33:57.0828703Z INFO: From Compiling src/google/protobuf/dynamic_message.cc:
2026-10-07T03:33:57.0830514Z In file included from external/protobuf+/src/google/protobuf/dynamic_message.cc:66:
2026-10-07T03:33:57.0833283Z bazel-out/k8-opt/bin/external/protobuf+/src/google/protobuf/_virtual_includes/protobuf/google/protobuf/map_field.h: In constructor 'google::protobuf::internal::MapFieldBase::ReflectionPayload::ReflectionPayload(google::protobuf::Arena*, const google::protobuf::Message*)':
2026-10-07T03:33:57.0838144Z bazel-out/k8-opt/bin/external/protobuf+/src/google/protobuf/_virtual_includes/protobuf/google/protobuf/map_field.h:416:11: warning: 'google::protobuf::RepeatedPtrField<T>::RepeatedPtrField(google::protobuf::Arena*) [with Element = google::protobuf::Message]' is deprecated: Use Arena::Create<RepeatedPtrField<...>>(Arena*) instead [-Wdeprecated-declarations]
2026-10-07T03:33:57.0841394Z   416 |         : repeated_field_(arena), prototype_(prototype) {}
2026-10-07T03:33:57.0842423Z       |           ^~~~~~~~~~~~~~~~~~~~~~
2026-10-07T03:33:57.0843884Z In file included from bazel-out/k8-opt/bin/external/protobuf+/src/google/protobuf/_virtual_includes/protobuf_lite/google/protobuf/repeated_field.h:46,
2026-10-07T03:33:57.0847639Z                  from bazel-out/k8-opt/bin/external/protobuf+/src/google/protobuf/_virtual_includes/protobuf_lite/google/protobuf/parse_context.h:39,
2026-10-07T03:33:57.0851469Z                  from bazel-out/k8-opt/bin/external/protobuf+/src/google/protobuf/_virtual_includes/protobuf_lite/google/protobuf/generated_message_tctable_decl.h:25,
2026-10-07T03:33:57.0855495Z                  from bazel-out/k8-opt/bin/external/protobuf+/src/google/protobuf/_virtual_includes/protobuf_lite/google/protobuf/extension_set.h:40,
2026-10-07T03:33:57.0859468Z                  from bazel-out/k8-opt/bin/external/protobuf+/src/google/protobuf/_virtual_includes/protobuf/google/protobuf/descriptor.h:56,
2026-10-07T03:33:57.0863265Z                  from bazel-out/k8-opt/bin/external/protobuf+/src/google/protobuf/_virtual_includes/protobuf/google/protobuf/dynamic_message.h:27,
2026-10-07T03:33:57.0865682Z                  from external/protobuf+/src/google/protobuf/dynamic_message.cc:42:
2026-10-07T03:33:57.0867855Z bazel-out/k8-opt/bin/external/protobuf+/src/google/protobuf/_virtual_includes/protobuf_lite/google/protobuf/repeated_ptr_field.h:1380:8: note: declared here
2026-10-07T03:33:57.0869746Z  1380 | inline RepeatedPtrField<Element>::RepeatedPtrField(Arena* arena)
2026-10-07T03:33:57.0870937Z       |        ^~~~~~~~~~~~~~~~~~~~~~~~~
2026-10-07T03:33:57.0872364Z external/protobuf+/src/google/protobuf/dynamic_message.cc: In member function 'void google::protobuf::DynamicMessage::SharedCtor(bool)':
2026-10-07T03:33:57.0875544Z external/protobuf+/src/google/protobuf/dynamic_message.cc:574:66: warning: 'google::protobuf::RepeatedPtrField<T>::RepeatedPtrField(google::protobuf::Arena*) [with Element = std::__cxx11::basic_string<char>]' is deprecated: Use Arena::Create<RepeatedPtrField<...>>(Arena*) instead [-Wdeprecated-declarations]
2026-10-07T03:33:57.0878482Z   574 |               new (field_ptr) RepeatedPtrField<std::string>(arena);
2026-10-07T03:33:57.0879718Z       |                                                                  ^
2026-10-07T03:33:57.0881403Z bazel-out/k8-opt/bin/external/protobuf+/src/google/protobuf/_virtual_includes/protobuf_lite/google/protobuf/repeated_ptr_field.h:1380:8: note: declared here
2026-10-07T03:33:57.0883278Z  1380 | inline RepeatedPtrField<Element>::RepeatedPtrField(Arena* arena)
2026-10-07T03:33:57.0884414Z       |        ^~~~~~~~~~~~~~~~~~~~~~~~~
2026-10-07T03:33:57.0887110Z external/protobuf+/src/google/protobuf/dynamic_message.cc:602:60: warning: 'google::protobuf::RepeatedPtrField<T>::RepeatedPtrField(google::protobuf::Arena*) [with Element = google::protobuf::Message]' is deprecated: Use Arena::Create<RepeatedPtrField<...>>(Arena*) instead [-Wdeprecated-declarations]
2026-10-07T03:33:57.0889786Z   602 |             new (field_ptr) RepeatedPtrField<Message>(arena);
2026-10-07T03:33:57.0890961Z       |                                                            ^
2026-10-07T03:33:57.0892586Z bazel-out/k8-opt/bin/external/protobuf+/src/google/protobuf/_virtual_includes/protobuf_lite/google/protobuf/repeated_ptr_field.h:1380:8: note: declared here
2026-10-07T03:33:57.0894379Z  1380 | inline RepeatedPtrField<Element>::RepeatedPtrField(Arena* arena)
2026-10-07T03:33:57.0895468Z       |        ^~~~~~~~~~~~~~~~~~~~~~~~~
2026-10-07T03:33:57.0897340Z external/protobuf+/src/google/protobuf/dynamic_message.cc: In member function 'void google::protobuf::DynamicMessage::CrossLinkPrototypes()':
2026-10-07T03:33:57.0899688Z external/protobuf+/src/google/protobuf/dynamic_message.cc:774:31: warning: 'bool google::protobuf::FieldOptions::weak() const' is deprecated [-Wdeprecated-declarations]
2026-10-07T03:33:57.0901481Z   774 |         !field->options().weak() && !InRealOneof(field) &&
2026-10-07T03:33:57.0902446Z       |          ~~~~~~~~~~~~~~~~~~~~~^~
2026-10-07T03:33:57.0903552Z In file included from external/protobuf+/src/google/protobuf/dynamic_message.cc:60:
2026-10-07T03:33:57.0905340Z bazel-out/k8-opt/bin/external/protobuf+/src/google/protobuf/_virtual_includes/protobuf/google/protobuf/descriptor.pb.h:18861:13: note: declared here
2026-10-07T03:33:57.0907164Z 18861 | inline bool FieldOptions::weak() const {
2026-10-07T03:33:57.0908127Z       |             ^~~~~~~~~~~~
2026-10-07T03:33:57.1956132Z [836 / 939] Compiling src/google/protobuf/repeated_ptr_field.cc; 0s processwrapper-sandbox ... (4 actions running)
2026-10-07T03:33:58.2918048Z [837 / 939] Compiling src/google/protobuf/repeated_field.cc; 1s processwrapper-sandbox ... (4 actions, 3 running)
2026-10-07T03:34:00.1016356Z [840 / 939] Compiling src/google/protobuf/extension_set_heavy.cc; 3s processwrapper-sandbox ... (4 actions, 3 running)
2026-10-07T03:34:01.1973344Z [840 / 939] Compiling src/google/protobuf/extension_set_heavy.cc; 4s processwrapper-sandbox ... (4 actions running)
2026-10-07T03:34:02.1987684Z [843 / 939] Compiling pkg/sentry/seccheck/points/container.pb.cc; 2s processwrapper-sandbox ... (4 actions running)
2026-10-07T03:34:03.2019659Z [844 / 939] Compiling src/google/protobuf/map.cc; 1s processwrapper-sandbox ... (4 actions running)
2026-10-07T03:34:04.2049428Z [845 / 939] Compiling src/google/protobuf/map.cc; 2s processwrapper-sandbox ... (4 actions running)
2026-10-07T03:34:04.8016557Z INFO: From Compiling src/google/protobuf/map.cc:
2026-10-07T03:34:04.8038574Z In file included from bazel-out/k8-opt/bin/external/protobuf+/src/google/protobuf/_virtual_includes/protobuf_lite/google/protobuf/generated_enum_util.h:20,
2026-10-07T03:34:04.8099307Z                  from bazel-out/k8-opt/bin/external/protobuf+/src/google/protobuf/_virtual_includes/protobuf_lite/google/protobuf/map.h:41,
2026-10-07T03:34:04.8158501Z                  from external/protobuf+/src/google/protobuf/map.cc:8:
2026-10-07T03:34:04.8188351Z In function 'const google::protobuf::internal::ClassData* google::protobuf::internal::GetClassData(const Type&) [with Type = google::protobuf::MessageLite]',
2026-10-07T03:34:04.8191291Z     inlined from 'google::protobuf::internal::Offsets google::protobuf::internal::AlignAndAddSizeDynamic(size_t, UntypedMapBase::TypeKind, const google::protobuf::MessageLite*, size_t&)' at external/protobuf+/src/google/protobuf/map.cc:229:38,
2026-10-07T03:34:04.8194781Z     inlined from 'static google::protobuf::internal::UntypedMapBase::TypeInfo google::protobuf::internal::UntypedMapBase::GetTypeInfoDynamic(TypeKind, TypeKind, const google::protobuf::MessageLite*)' at external/protobuf+/src/google/protobuf/map.cc:249:29:
2026-10-07T03:34:04.8197719Z bazel-out/k8-opt/bin/external/protobuf+/src/google/protobuf/_virtual_includes/protobuf_lite/google/protobuf/message_lite.h:1230:28: warning: 'this' pointer is null [-Wnonnull]
2026-10-07T03:34:04.8199112Z  1230 |     return msg.GetClassData();
2026-10-07T03:34:04.8199688Z       |            ~~~~~~~~~~~~~~~~^~
2026-10-07T03:34:05.9119724Z [847 / 939] Compiling src/google/protobuf/feature_resolver.cc; 4s processwrapper-sandbox ... (4 actions, 3 running)
2026-10-07T03:34:07.1558859Z [849 / 939] Compiling pkg/sentry/seccheck/points/sentry.pb.cc; 4s processwrapper-sandbox ... (4 actions, 3 running)
2026-10-07T03:34:08.2050212Z [850 / 939] Compiling src/google/protobuf/generated_message_tctable_lite.cc; 2s processwrapper-sandbox ... (4 actions running)
2026-10-07T03:34:09.3838776Z [851 / 939] Compiling src/google/protobuf/generated_message_tctable_lite.cc; 3s processwrapper-sandbox ... (4 actions, 3 running)
2026-10-07T03:34:11.2048847Z [852 / 939] Compiling src/google/protobuf/generated_message_tctable_lite.cc; 5s processwrapper-sandbox ... (4 actions running)
2026-10-07T03:34:16.0657495Z [853 / 939] Compiling src/google/protobuf/generated_message_tctable_lite.cc; 10s processwrapper-sandbox ... (4 actions, 3 running)
2026-10-07T03:34:17.2059120Z [860 / 939] Compiling src/google/protobuf/generated_message_tctable_lite.cc; 11s processwrapper-sandbox ... (4 actions running)
2026-10-07T03:34:18.7378184Z [862 / 939] Compiling src/google/protobuf/generated_message_reflection.cc; 9s processwrapper-sandbox ... (4 actions, 3 running)
2026-10-07T03:34:20.2069229Z [868 / 939] Compiling src/google/protobuf/generated_message_reflection.cc; 10s processwrapper-sandbox ... (4 actions running)
2026-10-07T03:34:21.2108501Z [870 / 939] Compiling src/google/protobuf/generated_message_reflection.cc; 11s processwrapper-sandbox ... (4 actions running)
2026-10-07T03:34:22.2704962Z INFO: From Compiling src/google/protobuf/generated_message_reflection.cc:
2026-10-07T03:34:22.2788283Z In file included from external/protobuf+/src/google/protobuf/generated_message_reflection.cc:51:
2026-10-07T03:34:22.2819630Z bazel-out/k8-opt/bin/external/protobuf+/src/google/protobuf/_virtual_includes/protobuf/google/protobuf/map_field.h: In constructor 'google::protobuf::internal::MapFieldBase::ReflectionPayload::ReflectionPayload(google::protobuf::Arena*, const google::protobuf::Message*)':
2026-10-07T03:34:22.2865914Z bazel-out/k8-opt/bin/external/protobuf+/src/google/protobuf/_virtual_includes/protobuf/google/protobuf/map_field.h:416:11: warning: 'google::protobuf::RepeatedPtrField<T>::RepeatedPtrField(google::protobuf::Arena*) [with Element = google::protobuf::Message]' is deprecated: Use Arena::Create<RepeatedPtrField<...>>(Arena*) instead [-Wdeprecated-declarations]
2026-10-07T03:34:22.2898018Z   416 |         : repeated_field_(arena), prototype_(prototype) {}
2026-10-07T03:34:22.2907625Z       |           ^~~~~~~~~~~~~~~~~~~~~~
2026-10-07T03:34:22.2926420Z In file included from bazel-out/k8-opt/bin/external/protobuf+/src/google/protobuf/_virtual_includes/protobuf_lite/google/protobuf/repeated_field.h:46,
2026-10-07T03:34:22.2934541Z                  from bazel-out/k8-opt/bin/external/protobuf+/src/google/protobuf/_virtual_includes/protobuf_lite/google/protobuf/parse_context.h:39,
2026-10-07T03:34:22.2941184Z                  from bazel-out/k8-opt/bin/external/protobuf+/src/google/protobuf/_virtual_includes/protobuf_lite/google/protobuf/generated_message_tctable_decl.h:25,
2026-10-07T03:34:22.2944832Z                  from bazel-out/k8-opt/bin/external/protobuf+/src/google/protobuf/_virtual_includes/protobuf_lite/google/protobuf/extension_set.h:40,
2026-10-07T03:34:22.2948052Z                  from bazel-out/k8-opt/bin/external/protobuf+/src/google/protobuf/_virtual_includes/protobuf/google/protobuf/descriptor.h:56,
2026-10-07T03:34:22.2950948Z                  from bazel-out/k8-opt/bin/external/protobuf+/src/google/protobuf/_virtual_includes/protobuf/google/protobuf/generated_message_reflection.h:26,
2026-10-07T03:34:22.2953188Z                  from external/protobuf+/src/google/protobuf/generated_message_reflection.cc:12:
2026-10-07T03:34:22.2954778Z bazel-out/k8-opt/bin/external/protobuf+/src/google/protobuf/_virtual_includes/protobuf_lite/google/protobuf/repeated_ptr_field.h:1380:8: note: declared here
2026-10-07T03:34:22.2956344Z  1380 | inline RepeatedPtrField<Element>::RepeatedPtrField(Arena* arena)
2026-10-07T03:34:22.2957454Z       |        ^~~~~~~~~~~~~~~~~~~~~~~~~
2026-10-07T03:34:22.2959291Z external/protobuf+/src/google/protobuf/generated_message_reflection.cc: In member function 'const google::protobuf::Message* google::protobuf::Reflection::GetDefaultMessageInstance(const google::protobuf::FieldDescriptor*) const':
2026-10-07T03:34:22.2962114Z external/protobuf+/src/google/protobuf/generated_message_reflection.cc:2526:55: warning: 'bool google::protobuf::FieldOptions::weak() const' is deprecated [-Wdeprecated-declarations]
2026-10-07T03:34:22.2963913Z  2526 |   if (!field->is_extension() && !field->options().weak() &&
2026-10-07T03:34:22.2964938Z       |                                  ~~~~~~~~~~~~~~~~~~~~~^~
2026-10-07T03:34:22.2966048Z In file included from external/protobuf+/src/google/protobuf/generated_message_reflection.cc:41:
2026-10-07T03:34:22.2968306Z bazel-out/k8-opt/bin/external/protobuf+/src/google/protobuf/_virtual_includes/protobuf/google/protobuf/descriptor.pb.h:18861:13: note: declared here
2026-10-07T03:34:22.2969605Z 18861 | inline bool FieldOptions::weak() const {
2026-10-07T03:34:22.2970133Z       |             ^~~~~~~~~~~~
2026-10-07T03:34:22.2970798Z In file included from external/abseil-cpp+/absl/log/internal/check_impl.h:20,
2026-10-07T03:34:22.2972064Z                  from external/abseil-cpp+/absl/log/absl_check.h:38,
2026-10-07T03:34:22.2974625Z                  from bazel-out/k8-opt/bin/external/protobuf+/src/google/protobuf/_virtual_includes/protobuf/google/protobuf/generated_message_reflection.h:25:
2026-10-07T03:34:22.2977647Z external/protobuf+/src/google/protobuf/generated_message_reflection.cc: In member function 'bool google::protobuf::Reflection::HasFieldWithHasbits(const google::protobuf::Message&, const google::protobuf::FieldDescriptor*) const':
2026-10-07T03:34:22.2980415Z external/protobuf+/src/google/protobuf/generated_message_reflection.cc:3290:37: warning: 'bool google::protobuf::FieldOptions::weak() const' is deprecated [-Wdeprecated-declarations]
2026-10-07T03:34:22.2981881Z  3290 |   ABSL_DCHECK(!field->options().weak());
2026-10-07T03:34:22.2982536Z       |                ~~~~~~~~~~~~~~~~~~~~~^~
2026-10-07T03:34:22.2983566Z external/abseil-cpp+/absl/log/internal/conditions.h:68:7: note: in definition of macro 'ABSL_LOG_INTERNAL_STATELESS_CONDITION'
2026-10-07T03:34:22.2984828Z    68 |     !(condition) ? (void)0 : ::absl::log_internal::Voidify() &&
2026-10-07T03:34:22.2985431Z       |       ^~~~~~~~~
2026-10-07T03:34:22.2986314Z external/abseil-cpp+/absl/log/internal/check_impl.h:26:3: note: in expansion of macro 'ABSL_LOG_INTERNAL_CONDITION_FATAL'
2026-10-07T03:34:22.2987774Z    26 |   ABSL_LOG_INTERNAL_CONDITION_FATAL(STATELESS,                        \
2026-10-07T03:34:22.2988594Z       |   ^~~~~~~~~~~~~~~~~~~~~~~~~~~~~~~~~
2026-10-07T03:34:22.2989502Z external/abseil-cpp+/absl/log/internal/check_impl.h:27:37: note: in expansion of macro 'ABSL_PREDICT_FALSE'
2026-10-07T03:34:22.2990587Z    27 |                                     ABSL_PREDICT_FALSE(!(condition))) \
2026-10-07T03:34:22.2991386Z       |                                     ^~~~~~~~~~~~~~~~~~
2026-10-07T03:34:22.2992427Z external/abseil-cpp+/absl/log/internal/check_impl.h:43:3: note: in expansion of macro 'ABSL_LOG_INTERNAL_CHECK_IMPL'
2026-10-07T03:34:22.2993574Z    43 |   ABSL_LOG_INTERNAL_CHECK_IMPL(true || (condition), "true")
2026-10-07T03:34:22.2994239Z       |   ^~~~~~~~~~~~~~~~~~~~~~~~~~~~
2026-10-07T03:34:22.2995131Z external/abseil-cpp+/absl/log/absl_check.h:47:3: note: in expansion of macro 'ABSL_LOG_INTERNAL_DCHECK_IMPL'
2026-10-07T03:34:22.2996259Z    47 |   ABSL_LOG_INTERNAL_DCHECK_IMPL((condition), #condition)
2026-10-07T03:34:22.2997221Z       |   ^~~~~~~~~~~~~~~~~~~~~~~~~~~~~
2026-10-07T03:34:22.2998180Z external/protobuf+/src/google/protobuf/generated_message_reflection.cc:3290:3: note: in expansion of macro 'ABSL_DCHECK'
2026-10-07T03:34:22.2999203Z  3290 |   ABSL_DCHECK(!field->options().weak());
2026-10-07T03:34:22.3000384Z       |   ^~~~~~~~~~~
2026-10-07T03:34:22.3001547Z bazel-out/k8-opt/bin/external/protobuf+/src/google/protobuf/_virtual_includes/protobuf/google/protobuf/descriptor.pb.h:18861:13: note: declared here
2026-10-07T03:34:22.3002778Z 18861 | inline bool FieldOptions::weak() const {
2026-10-07T03:34:22.3017478Z       |             ^~~~~~~~~~~~
2026-10-07T03:34:22.3019206Z external/protobuf+/src/google/protobuf/generated_message_reflection.cc: In member function 'void google::protobuf::Reflection::SetHasBit(google::protobuf::Message*, const google::protobuf::FieldDescriptor*) const':
2026-10-07T03:34:22.3021830Z external/protobuf+/src/google/protobuf/generated_message_reflection.cc:3323:37: warning: 'bool google::protobuf::FieldOptions::weak() const' is deprecated [-Wdeprecated-declarations]
2026-10-07T03:34:22.3023321Z  3323 |   ABSL_DCHECK(!field->options().weak());
2026-10-07T03:34:22.3023982Z       |                ~~~~~~~~~~~~~~~~~~~~~^~
2026-10-07T03:34:22.3025069Z external/abseil-cpp+/absl/log/internal/conditions.h:68:7: note: in definition of macro 'ABSL_LOG_INTERNAL_STATELESS_CONDITION'
2026-10-07T03:34:22.3026355Z    68 |     !(condition) ? (void)0 : ::absl::log_internal::Voidify() &&
2026-10-07T03:34:22.3027262Z       |       ^~~~~~~~~
2026-10-07T03:34:22.3028172Z external/abseil-cpp+/absl/log/internal/check_impl.h:26:3: note: in expansion of macro 'ABSL_LOG_INTERNAL_CONDITION_FATAL'
2026-10-07T03:34:22.3029432Z    26 |   ABSL_LOG_INTERNAL_CONDITION_FATAL(STATELESS,                        \
2026-10-07T03:34:22.3030202Z       |   ^~~~~~~~~~~~~~~~~~~~~~~~~~~~~~~~~
2026-10-07T03:34:22.3031483Z external/abseil-cpp+/absl/log/internal/check_impl.h:27:37: note: in expansion of macro 'ABSL_PREDICT_FALSE'
2026-10-07T03:34:22.3032619Z    27 |                                     ABSL_PREDICT_FALSE(!(condition))) \
2026-10-07T03:34:22.3033428Z       |                                     ^~~~~~~~~~~~~~~~~~
2026-10-07T03:34:22.3034729Z external/abseil-cpp+/absl/log/internal/check_impl.h:43:3: note: in expansion of macro 'ABSL_LOG_INTERNAL_CHECK_IMPL'
2026-10-07T03:34:22.3035935Z    43 |   ABSL_LOG_INTERNAL_CHECK_IMPL(true || (condition), "true")
2026-10-07T03:34:22.3036637Z       |   ^~~~~~~~~~~~~~~~~~~~~~~~~~~~
2026-10-07T03:34:22.3047502Z external/abseil-cpp+/absl/log/absl_check.h:47:3: note: in expansion of macro 'ABSL_LOG_INTERNAL_DCHECK_IMPL'
2026-10-07T03:34:22.3048652Z    47 |   ABSL_LOG_INTERNAL_DCHECK_IMPL((condition), #condition)
2026-10-07T03:34:22.3049331Z       |   ^~~~~~~~~~~~~~~~~~~~~~~~~~~~~
2026-10-07T03:34:22.3050377Z external/protobuf+/src/google/protobuf/generated_message_reflection.cc:3323:3: note: in expansion of macro 'ABSL_DCHECK'
2026-10-07T03:34:22.3051511Z  3323 |   ABSL_DCHECK(!field->options().weak());
2026-10-07T03:34:22.3052071Z       |   ^~~~~~~~~~~
2026-10-07T03:34:22.3053220Z bazel-out/k8-opt/bin/external/protobuf+/src/google/protobuf/_virtual_includes/protobuf/google/protobuf/descriptor.pb.h:18861:13: note: declared here
2026-10-07T03:34:22.3054528Z 18861 | inline bool FieldOptions::weak() const {
2026-10-07T03:34:22.3055145Z       |             ^~~~~~~~~~~~
2026-10-07T03:34:22.3056744Z external/protobuf+/src/google/protobuf/generated_message_reflection.cc: In member function 'void google::protobuf::Reflection::ClearHasBit(google::protobuf::Message*, const google::protobuf::FieldDescriptor*) const':
2026-10-07T03:34:22.3059613Z external/protobuf+/src/google/protobuf/generated_message_reflection.cc:3332:37: warning: 'bool google::protobuf::FieldOptions::weak() const' is deprecated [-Wdeprecated-declarations]
2026-10-07T03:34:22.3061138Z  3332 |   ABSL_DCHECK(!field->options().weak());
2026-10-07T03:34:22.3061813Z       |                ~~~~~~~~~~~~~~~~~~~~~^~
2026-10-07T03:34:22.3062890Z external/abseil-cpp+/absl/log/internal/conditions.h:68:7: note: in definition of macro 'ABSL_LOG_INTERNAL_STATELESS_CONDITION'
2026-10-07T03:34:22.3064194Z    68 |     !(condition) ? (void)0 : ::absl::log_internal::Voidify() &&
2026-10-07T03:34:22.3064899Z       |       ^~~~~~~~~
2026-10-07T03:34:22.3065806Z external/abseil-cpp+/absl/log/internal/check_impl.h:26:3: note: in expansion of macro 'ABSL_LOG_INTERNAL_CONDITION_FATAL'
2026-10-07T03:34:22.3067414Z    26 |   ABSL_LOG_INTERNAL_CONDITION_FATAL(STATELESS,                        \
2026-10-07T03:34:22.3068240Z       |   ^~~~~~~~~~~~~~~~~~~~~~~~~~~~~~~~~
2026-10-07T03:34:22.3069191Z external/abseil-cpp+/absl/log/internal/check_impl.h:27:37: note: in expansion of macro 'ABSL_PREDICT_FALSE'
2026-10-07T03:34:22.3070285Z    27 |                                     ABSL_PREDICT_FALSE(!(condition))) \
2026-10-07T03:34:22.3071054Z       |                                     ^~~~~~~~~~~~~~~~~~
2026-10-07T03:34:22.3072073Z external/abseil-cpp+/absl/log/internal/check_impl.h:43:3: note: in expansion of macro 'ABSL_LOG_INTERNAL_CHECK_IMPL'
2026-10-07T03:34:22.3073277Z    43 |   ABSL_LOG_INTERNAL_CHECK_IMPL(true || (condition), "true")
2026-10-07T03:34:22.3074003Z       |   ^~~~~~~~~~~~~~~~~~~~~~~~~~~~
2026-10-07T03:34:22.3074959Z external/abseil-cpp+/absl/log/absl_check.h:47:3: note: in expansion of macro 'ABSL_LOG_INTERNAL_DCHECK_IMPL'
2026-10-07T03:34:22.3076116Z    47 |   ABSL_LOG_INTERNAL_DCHECK_IMPL((condition), #condition)
2026-10-07T03:34:22.3076795Z       |   ^~~~~~~~~~~~~~~~~~~~~~~~~~~~~
2026-10-07T03:34:22.3126802Z external/protobuf+/src/google/protobuf/generated_message_reflection.cc:3332:3: note: in expansion of macro 'ABSL_DCHECK'
2026-10-07T03:34:22.3128300Z  3332 |   ABSL_DCHECK(!field->options().weak());
2026-10-07T03:34:22.3128911Z       |   ^~~~~~~~~~~
2026-10-07T03:34:22.3130094Z bazel-out/k8-opt/bin/external/protobuf+/src/google/protobuf/_virtual_includes/protobuf/google/protobuf/descriptor.pb.h:18861:13: note: declared here
2026-10-07T03:34:22.3131971Z 18861 | inline bool FieldOptions::weak() const {
2026-10-07T03:34:22.3132616Z       |             ^~~~~~~~~~~~
2026-10-07T03:34:22.3134789Z external/protobuf+/src/google/protobuf/generated_message_reflection.cc: In member function 'void google::protobuf::Reflection::NaiveSwapHasBit(google::protobuf::Message*, google::protobuf::Message*, const google::protobuf::FieldDescriptor*) const':
2026-10-07T03:34:22.3137948Z external/protobuf+/src/google/protobuf/generated_message_reflection.cc:3341:37: warning: 'bool google::protobuf::FieldOptions::weak() const' is deprecated [-Wdeprecated-declarations]
2026-10-07T03:34:22.3139493Z  3341 |   ABSL_DCHECK(!field->options().weak());
2026-10-07T03:34:22.3140174Z       |                ~~~~~~~~~~~~~~~~~~~~~^~
2026-10-07T03:34:22.3141260Z external/abseil-cpp+/absl/log/internal/conditions.h:68:7: note: in definition of macro 'ABSL_LOG_INTERNAL_STATELESS_CONDITION'
2026-10-07T03:34:22.3142595Z    68 |     !(condition) ? (void)0 : ::absl::log_internal::Voidify() &&
2026-10-07T03:34:22.3143285Z       |       ^~~~~~~~~
2026-10-07T03:34:22.3144247Z external/abseil-cpp+/absl/log/internal/check_impl.h:26:3: note: in expansion of macro 'ABSL_LOG_INTERNAL_CONDITION_FATAL'
2026-10-07T03:34:22.3145589Z    26 |   ABSL_LOG_INTERNAL_CONDITION_FATAL(STATELESS,                        \
2026-10-07T03:34:22.3146438Z       |   ^~~~~~~~~~~~~~~~~~~~~~~~~~~~~~~~~
2026-10-07T03:34:22.3177958Z external/abseil-cpp+/absl/log/internal/check_impl.h:27:37: note: in expansion of macro 'ABSL_PREDICT_FALSE'
2026-10-07T03:34:22.3179153Z    27 |                                     ABSL_PREDICT_FALSE(!(condition))) \
2026-10-07T03:34:22.3179970Z       |                                     ^~~~~~~~~~~~~~~~~~
2026-10-07T03:34:22.3180977Z external/abseil-cpp+/absl/log/internal/check_impl.h:43:3: note: in expansion of macro 'ABSL_LOG_INTERNAL_CHECK_IMPL'
2026-10-07T03:34:22.3182166Z    43 |   ABSL_LOG_INTERNAL_CHECK_IMPL(true || (condition), "true")
2026-10-07T03:34:22.3182838Z       |   ^~~~~~~~~~~~~~~~~~~~~~~~~~~~
2026-10-07T03:34:22.3183679Z external/abseil-cpp+/absl/log/absl_check.h:47:3: note: in expansion of macro 'ABSL_LOG_INTERNAL_DCHECK_IMPL'
2026-10-07T03:34:22.3184845Z    47 |   ABSL_LOG_INTERNAL_DCHECK_IMPL((condition), #condition)
2026-10-07T03:34:22.3185566Z       |   ^~~~~~~~~~~~~~~~~~~~~~~~~~~~~
2026-10-07T03:34:22.3186623Z external/protobuf+/src/google/protobuf/generated_message_reflection.cc:3341:3: note: in expansion of macro 'ABSL_DCHECK'
2026-10-07T03:34:22.3187993Z  3341 |   ABSL_DCHECK(!field->options().weak());
2026-10-07T03:34:22.3188595Z       |   ^~~~~~~~~~~
2026-10-07T03:34:22.3189813Z bazel-out/k8-opt/bin/external/protobuf+/src/google/protobuf/_virtual_includes/protobuf/google/protobuf/descriptor.pb.h:18861:13: note: declared here
2026-10-07T03:34:22.3191119Z 18861 | inline bool FieldOptions::weak() const {
2026-10-07T03:34:22.3191731Z       |             ^~~~~~~~~~~~
2026-10-07T03:34:22.3196533Z bazel-out/k8-opt/bin/external/protobuf+/src/google/protobuf/_virtual_includes/protobuf/google/protobuf/reflection_visit_fields.h: In instantiation of 'static void google::protobuf::internal::ReflectionVisit::VisitFields(MessageT&, CallbackFn&&, google::protobuf::internal::FieldMask) [with MessageT = google::protobuf::Message; CallbackFn = google::protobuf::internal::ReflectionVisit::VisitMessageFields<google::protobuf::Reflection::MaybePoisonAfterClear(google::protobuf::Message&) const::<lambda(google::protobuf::Message&)> >(google::protobuf::Message&, google::protobuf::Reflection::MaybePoisonAfterClear(google::protobuf::Message&) const::<lambda(google::protobuf::Message&)>&&)::<lambda(auto:42)>]':
2026-10-07T03:34:22.3204127Z bazel-out/k8-opt/bin/external/protobuf+/src/google/protobuf/_virtual_includes/protobuf/google/protobuf/reflection_visit_fields.h:447:31:   required from 'static void google::protobuf::internal::ReflectionVisit::VisitMessageFields(google::protobuf::Message&, CallbackFn&&) [with CallbackFn = google::protobuf::Reflection::MaybePoisonAfterClear(google::protobuf::Message&) const::<lambda(google::protobuf::Message&)>]'
2026-10-07T03:34:22.3240669Z bazel-out/k8-opt/bin/external/protobuf+/src/google/protobuf/_virtual_includes/protobuf/google/protobuf/reflection_visit_fields.h:502:38:   required from 'void google::protobuf::internal::VisitMutableMessageFields(google::protobuf::Message&, CallbackFn&&) [with CallbackFn = google::protobuf::Reflection::MaybePoisonAfterClear(google::protobuf::Message&) const::<lambda(google::protobuf::Message&)>]'
2026-10-07T03:34:22.3243954Z external/protobuf+/src/google/protobuf/generated_message_reflection.cc:1390:40:   required from here
2026-10-07T03:34:22.3246232Z bazel-out/k8-opt/bin/external/protobuf+/src/google/protobuf/_virtual_includes/protobuf/google/protobuf/reflection_visit_fields.h:109:39: warning: 'bool google::protobuf::FieldOptions::weak() const' is deprecated [-Wdeprecated-declarations]
2026-10-07T03:34:22.3248551Z   109 |     ABSL_DCHECK(!field->options().weak()) << "weak fields are not supported";
2026-10-07T03:34:22.3249374Z       |                  ~~~~~~~~~~~~~~~~~~~~~^~
2026-10-07T03:34:22.3250383Z external/abseil-cpp+/absl/log/internal/conditions.h:68:7: note: in definition of macro 'ABSL_LOG_INTERNAL_STATELESS_CONDITION'
2026-10-07T03:34:22.3251584Z    68 |     !(condition) ? (void)0 : ::absl::log_internal::Voidify() &&
2026-10-07T03:34:22.3252196Z       |       ^~~~~~~~~
2026-10-07T03:34:22.3253561Z external/abseil-cpp+/absl/log/internal/check_impl.h:26:3: note: in expansion of macro 'ABSL_LOG_INTERNAL_CONDITION_FATAL'
2026-10-07T03:34:22.3254802Z    26 |   ABSL_LOG_INTERNAL_CONDITION_FATAL(STATELESS,                        \
2026-10-07T03:34:22.3255532Z       |   ^~~~~~~~~~~~~~~~~~~~~~~~~~~~~~~~~
2026-10-07T03:34:22.3256394Z external/abseil-cpp+/absl/log/internal/check_impl.h:27:37: note: in expansion of macro 'ABSL_PREDICT_FALSE'
2026-10-07T03:34:22.3257751Z    27 |                                     ABSL_PREDICT_FALSE(!(condition))) \
2026-10-07T03:34:22.3258514Z       |                                     ^~~~~~~~~~~~~~~~~~
2026-10-07T03:34:22.3259469Z external/abseil-cpp+/absl/log/internal/check_impl.h:43:3: note: in expansion of macro 'ABSL_LOG_INTERNAL_CHECK_IMPL'
2026-10-07T03:34:22.3260618Z    43 |   ABSL_LOG_INTERNAL_CHECK_IMPL(true || (condition), "true")
2026-10-07T03:34:22.3261322Z       |   ^~~~~~~~~~~~~~~~~~~~~~~~~~~~
2026-10-07T03:34:22.3262196Z external/abseil-cpp+/absl/log/absl_check.h:47:3: note: in expansion of macro 'ABSL_LOG_INTERNAL_DCHECK_IMPL'
2026-10-07T03:34:22.3263269Z    47 |   ABSL_LOG_INTERNAL_DCHECK_IMPL((condition), #condition)
2026-10-07T03:34:22.3263953Z       |   ^~~~~~~~~~~~~~~~~~~~~~~~~~~~~
2026-10-07T03:34:22.3265393Z bazel-out/k8-opt/bin/external/protobuf+/src/google/protobuf/_virtual_includes/protobuf/google/protobuf/reflection_visit_fields.h:109:5: note: in expansion of macro 'ABSL_DCHECK'
2026-10-07T03:34:22.3297576Z   109 |     ABSL_DCHECK(!field->options().weak()) << "weak fields are not supported";
2026-10-07T03:34:22.3298454Z       |     ^~~~~~~~~~~
2026-10-07T03:34:22.3299653Z bazel-out/k8-opt/bin/external/protobuf+/src/google/protobuf/_virtual_includes/protobuf/google/protobuf/descriptor.pb.h:18861:13: note: declared here
2026-10-07T03:34:22.3300980Z 18861 | inline bool FieldOptions::weak() const {
2026-10-07T03:34:22.3301627Z       |             ^~~~~~~~~~~~
2026-10-07T03:34:22.3303467Z bazel-out/k8-opt/bin/external/protobuf+/src/google/protobuf/_virtual_includes/protobuf/google/protobuf/reflection_visit_fields.h:109:39: warning: 'bool google::protobuf::FieldOptions::weak() const' is deprecated [-Wdeprecated-declarations]
2026-10-07T03:34:22.3305568Z   109 |     ABSL_DCHECK(!field->options().weak()) << "weak fields are not supported";
2026-10-07T03:34:22.3306385Z       |                  ~~~~~~~~~~~~~~~~~~~~~^~
2026-10-07T03:34:22.3307631Z external/abseil-cpp+/absl/log/internal/conditions.h:68:7: note: in definition of macro 'ABSL_LOG_INTERNAL_STATELESS_CONDITION'
2026-10-07T03:34:22.3309282Z    68 |     !(condition) ? (void)0 : ::absl::log_internal::Voidify() &&
2026-10-07T03:34:22.3309939Z       |       ^~~~~~~~~
2026-10-07T03:34:22.3310872Z external/abseil-cpp+/absl/log/internal/check_impl.h:26:3: note: in expansion of macro 'ABSL_LOG_INTERNAL_CONDITION_FATAL'
2026-10-07T03:34:22.3312369Z    26 |   ABSL_LOG_INTERNAL_CONDITION_FATAL(STATELESS,                        \
2026-10-07T03:34:22.3313166Z       |   ^~~~~~~~~~~~~~~~~~~~~~~~~~~~~~~~~
2026-10-07T03:34:22.3314081Z external/abseil-cpp+/absl/log/internal/check_impl.h:27:37: note: in expansion of macro 'ABSL_PREDICT_FALSE'
2026-10-07T03:34:22.3315233Z    27 |                                     ABSL_PREDICT_FALSE(!(condition))) \
2026-10-07T03:34:22.3316045Z       |                                     ^~~~~~~~~~~~~~~~~~
2026-10-07T03:34:22.3317342Z external/abseil-cpp+/absl/log/internal/check_impl.h:43:3: note: in expansion of macro 'ABSL_LOG_INTERNAL_CHECK_IMPL'
2026-10-07T03:34:22.3318535Z    43 |   ABSL_LOG_INTERNAL_CHECK_IMPL(true || (condition), "true")
2026-10-07T03:34:22.3319298Z       |   ^~~~~~~~~~~~~~~~~~~~~~~~~~~~
2026-10-07T03:34:22.3320228Z external/abseil-cpp+/absl/log/absl_check.h:47:3: note: in expansion of macro 'ABSL_LOG_INTERNAL_DCHECK_IMPL'
2026-10-07T03:34:22.3321337Z    47 |   ABSL_LOG_INTERNAL_DCHECK_IMPL((condition), #condition)
2026-10-07T03:34:22.3322069Z       |   ^~~~~~~~~~~~~~~~~~~~~~~~~~~~~
2026-10-07T03:34:22.3323534Z bazel-out/k8-opt/bin/external/protobuf+/src/google/protobuf/_virtual_includes/protobuf/google/protobuf/reflection_visit_fields.h:109:5: note: in expansion of macro 'ABSL_DCHECK'
2026-10-07T03:34:22.3325312Z   109 |     ABSL_DCHECK(!field->options().weak()) << "weak fields are not supported";
2026-10-07T03:34:22.3326106Z       |     ^~~~~~~~~~~
2026-10-07T03:34:22.3357658Z bazel-out/k8-opt/bin/external/protobuf+/src/google/protobuf/_virtual_includes/protobuf/google/protobuf/descriptor.pb.h:18861:13: note: declared here
2026-10-07T03:34:22.3359023Z 18861 | inline bool FieldOptions::weak() const {
2026-10-07T03:34:22.3359672Z       |             ^~~~~~~~~~~~
2026-10-07T03:34:22.3361055Z [871 / 939] Compiling external/protobuf+/src/google/protobuf/_virtual_imports/struct_proto/google/protobuf/struct.pb.cc; 3s processwrapper-sandbox ... (4 actions, 3 running)
2026-10-07T03:34:22.5918808Z INFO: From Compiling external/protobuf+/src/google/protobuf/_virtual_imports/struct_proto/google/protobuf/struct.pb.cc:
2026-10-07T03:34:22.5921478Z In file included from bazel-out/k8-opt/bin/external/protobuf+/src/google/protobuf/_virtual_includes/struct_proto/google/protobuf/struct.pb.h:34,
2026-10-07T03:34:22.5949861Z                  from bazel-out/k8-opt/bin/external/protobuf+/src/google/protobuf/_virtual_imports/struct_proto/google/protobuf/struct.pb.cc:6:
2026-10-07T03:34:22.5979450Z bazel-out/k8-opt/bin/external/protobuf+/src/google/protobuf/_virtual_includes/protobuf/google/protobuf/map_field.h: In constructor 'google::protobuf::internal::MapFieldBase::ReflectionPayload::ReflectionPayload(google::protobuf::Arena*, const google::protobuf::Message*)':
2026-10-07T03:34:22.5989977Z bazel-out/k8-opt/bin/external/protobuf+/src/google/protobuf/_virtual_includes/protobuf/google/protobuf/map_field.h:416:11: warning: 'google::protobuf::RepeatedPtrField<T>::RepeatedPtrField(google::protobuf::Arena*) [with Element = google::protobuf::Message]' is deprecated: Use Arena::Create<RepeatedPtrField<...>>(Arena*) instead [-Wdeprecated-declarations]
2026-10-07T03:34:22.6017835Z   416 |         : repeated_field_(arena), prototype_(prototype) {}
2026-10-07T03:34:22.6037590Z       |           ^~~~~~~~~~~~~~~~~~~~~~
2026-10-07T03:34:22.6068471Z In file included from bazel-out/k8-opt/bin/external/protobuf+/src/google/protobuf/_virtual_includes/protobuf_lite/google/protobuf/repeated_field.h:46,
2026-10-07T03:34:22.6079411Z                  from bazel-out/k8-opt/bin/external/protobuf+/src/google/protobuf/_virtual_includes/protobuf_lite/google/protobuf/parse_context.h:39,
2026-10-07T03:34:22.6109626Z                  from bazel-out/k8-opt/bin/external/protobuf+/src/google/protobuf/_virtual_includes/protobuf_lite/google/protobuf/generated_message_tctable_decl.h:25,
2026-10-07T03:34:22.6119319Z                  from bazel-out/k8-opt/bin/external/protobuf+/src/google/protobuf/_virtual_includes/struct_proto/google/protobuf/struct.pb.h:23:
2026-10-07T03:34:22.6148608Z bazel-out/k8-opt/bin/external/protobuf+/src/google/protobuf/_virtual_includes/protobuf_lite/google/protobuf/repeated_ptr_field.h:1380:8: note: declared here
2026-10-07T03:34:22.6167879Z  1380 | inline RepeatedPtrField<Element>::RepeatedPtrField(Arena* arena)
2026-10-07T03:34:22.6197659Z       |        ^~~~~~~~~~~~~~~~~~~~~~~~~
2026-10-07T03:34:24.2143621Z [876 / 939] Compiling src/google/protobuf/json/internal/lexer.cc; 3s processwrapper-sandbox ... (4 actions running)
2026-10-07T03:34:25.2178426Z [877 / 939] Compiling src/google/protobuf/json/internal/lexer.cc; 4s processwrapper-sandbox ... (4 actions running)
2026-10-07T03:34:26.2188448Z [881 / 939] Compiling src/google/protobuf/util/message_differencer.cc; 3s processwrapper-sandbox ... (4 actions running)
2026-10-07T03:34:29.1554030Z INFO: From Compiling src/google/protobuf/generated_message_tctable_gen.cc:
2026-10-07T03:34:29.1614232Z external/protobuf+/src/google/protobuf/generated_message_tctable_gen.cc: In function 'bool google::protobuf::internal::{anonymous}::HasWeakFields(const google::protobuf::Descriptor*)':
2026-10-07T03:34:29.1689177Z external/protobuf+/src/google/protobuf/generated_message_tctable_gen.cc:699:45: warning: 'bool google::protobuf::FieldOptions::weak() const' is deprecated [-Wdeprecated-declarations]
2026-10-07T03:34:29.1718013Z   699 |     if (descriptor->field(i)->options().weak()) {
2026-10-07T03:34:29.1748109Z       |         ~~~~~~~~~~~~~~~~~~~~~~~~~~~~~~~~~~~~^~
2026-10-07T03:34:29.1805043Z In file included from bazel-out/k8-opt/bin/external/protobuf+/src/google/protobuf/_virtual_includes/protobuf/google/protobuf/generated_message_tctable_gen.h:21,
2026-10-07T03:34:29.1844179Z                  from external/protobuf+/src/google/protobuf/generated_message_tctable_gen.cc:8:
2026-10-07T03:34:29.1868459Z bazel-out/k8-opt/bin/external/protobuf+/src/google/protobuf/_virtual_includes/protobuf/google/protobuf/descriptor.pb.h:18861:13: note: declared here
2026-10-07T03:34:29.1897810Z 18861 | inline bool FieldOptions::weak() const {
2026-10-07T03:34:29.1899378Z       |             ^~~~~~~~~~~~
2026-10-07T03:34:29.1928927Z external/protobuf+/src/google/protobuf/generated_message_tctable_gen.cc: In function 'bool google::protobuf::internal::IsFieldTypeEligibleForFastParsing(const google::protobuf::FieldDescriptor*)':
2026-10-07T03:34:29.1958707Z external/protobuf+/src/google/protobuf/generated_message_tctable_gen.cc:738:28: warning: 'bool google::protobuf::FieldOptions::weak() const' is deprecated [-Wdeprecated-declarations]
2026-10-07T03:34:29.1987816Z   738 |       field->options().weak()) {
2026-10-07T03:34:29.1988941Z       |       ~~~~~~~~~~~~~~~~~~~~~^~
2026-10-07T03:34:29.2018587Z bazel-out/k8-opt/bin/external/protobuf+/src/google/protobuf/_virtual_includes/protobuf/google/protobuf/descriptor.pb.h:18861:13: note: declared here
2026-10-07T03:34:29.2047803Z 18861 | inline bool FieldOptions::weak() const {
2026-10-07T03:34:29.2057674Z       |             ^~~~~~~~~~~~
2026-10-07T03:34:29.2078230Z external/protobuf+/src/google/protobuf/generated_message_tctable_gen.cc: In lambda function:
2026-10-07T03:34:29.2108685Z external/protobuf+/src/google/protobuf/generated_message_tctable_gen.cc:773:54: warning: 'bool google::protobuf::FieldOptions::weak() const' is deprecated [-Wdeprecated-declarations]
2026-10-07T03:34:29.2137903Z   773 |            !field->is_map() && !field->options().weak() &&
2026-10-07T03:34:29.2147850Z       |                                 ~~~~~~~~~~~~~~~~~~~~~^~
2026-10-07T03:34:29.2168628Z bazel-out/k8-opt/bin/external/protobuf+/src/google/protobuf/_virtual_includes/protobuf/google/protobuf/descriptor.pb.h:18861:13: note: declared here
2026-10-07T03:34:29.2197808Z 18861 | inline bool FieldOptions::weak() const {
2026-10-07T03:34:29.2227703Z       |             ^~~~~~~~~~~~
2026-10-07T03:34:29.2240108Z external/protobuf+/src/google/protobuf/generated_message_tctable_gen.cc: In static member function 'static std::vector<google::protobuf::internal::TailCallTableInfo::FieldEntryInfo> google::protobuf::internal::TailCallTableInfo::BuildFieldEntries(const google::protobuf::Descriptor*, const MessageOptions&, absl::lts_20250814::Span<const FieldOptions>, std::vector<AuxEntry>&)':
2026-10-07T03:34:29.2258674Z external/protobuf+/src/google/protobuf/generated_message_tctable_gen.cc:813:39: warning: 'bool google::protobuf::FieldOptions::weak() const' is deprecated [-Wdeprecated-declarations]
2026-10-07T03:34:29.2287769Z   813 |       } else if (field->options().weak()) {
2026-10-07T03:34:29.2317768Z       |                  ~~~~~~~~~~~~~~~~~~~~~^~
2026-10-07T03:34:29.2328199Z bazel-out/k8-opt/bin/external/protobuf+/src/google/protobuf/_virtual_includes/protobuf/google/protobuf/descriptor.pb.h:18861:13: note: declared here
2026-10-07T03:34:29.2347742Z 18861 | inline bool FieldOptions::weak() const {
2026-10-07T03:34:29.2377682Z       |             ^~~~~~~~~~~~
2026-10-07T03:34:29.2408222Z [882 / 939] Compiling src/google/protobuf/util/message_differencer.cc; 6s processwrapper-sandbox ... (4 actions, 3 running)
2026-10-07T03:34:30.2238600Z [883 / 939] Compiling src/google/protobuf/util/message_differencer.cc; 7s processwrapper-sandbox ... (4 actions running)
2026-10-07T03:34:31.2223187Z [887 / 939] Compiling src/google/protobuf/util/message_differencer.cc; 8s processwrapper-sandbox ... (4 actions running)
2026-10-07T03:34:32.5440953Z [888 / 939] Compiling src/google/protobuf/util/message_differencer.cc; 9s processwrapper-sandbox ... (4 actions, 3 running)
2026-10-07T03:34:33.0757996Z INFO: From Compiling src/google/protobuf/util/message_differencer.cc:
2026-10-07T03:34:33.0787986Z In file included from external/protobuf+/src/google/protobuf/util/message_differencer.cc:36:
2026-10-07T03:34:33.0819266Z bazel-out/k8-opt/bin/external/protobuf+/src/google/protobuf/_virtual_includes/protobuf/google/protobuf/map_field.h: In constructor 'google::protobuf::internal::MapFieldBase::ReflectionPayload::ReflectionPayload(google::protobuf::Arena*, const google::protobuf::Message*)':
2026-10-07T03:34:33.0849477Z bazel-out/k8-opt/bin/external/protobuf+/src/google/protobuf/_virtual_includes/protobuf/google/protobuf/map_field.h:416:11: warning: 'google::protobuf::RepeatedPtrField<T>::RepeatedPtrField(google::protobuf::Arena*) [with Element = google::protobuf::Message]' is deprecated: Use Arena::Create<RepeatedPtrField<...>>(Arena*) instead [-Wdeprecated-declarations]
2026-10-07T03:34:33.0852489Z   416 |         : repeated_field_(arena), prototype_(prototype) {}
2026-10-07T03:34:33.0853457Z       |           ^~~~~~~~~~~~~~~~~~~~~~
2026-10-07T03:34:33.0854987Z In file included from bazel-out/k8-opt/bin/external/protobuf+/src/google/protobuf/_virtual_includes/protobuf_lite/google/protobuf/repeated_field.h:46,
2026-10-07T03:34:33.0858627Z                  from bazel-out/k8-opt/bin/external/protobuf+/src/google/protobuf/_virtual_includes/protobuf_lite/google/protobuf/parse_context.h:39,
2026-10-07T03:34:33.0861758Z                  from bazel-out/k8-opt/bin/external/protobuf+/src/google/protobuf/_virtual_includes/protobuf_lite/google/protobuf/generated_message_tctable_decl.h:25,
2026-10-07T03:34:33.0865035Z                  from bazel-out/k8-opt/bin/external/protobuf+/src/google/protobuf/_virtual_includes/protobuf_lite/google/protobuf/extension_set.h:40,
2026-10-07T03:34:33.0868200Z                  from bazel-out/k8-opt/bin/external/protobuf+/src/google/protobuf/_virtual_includes/protobuf/google/protobuf/descriptor.h:56,
2026-10-07T03:34:33.0871446Z                  from bazel-out/k8-opt/bin/external/protobuf+/src/google/protobuf/util/_virtual_includes/differencer/google/protobuf/util/message_differencer.h:33,
2026-10-07T03:34:33.0873770Z                  from external/protobuf+/src/google/protobuf/util/message_differencer.cc:12:
2026-10-07T03:34:33.0875973Z bazel-out/k8-opt/bin/external/protobuf+/src/google/protobuf/_virtual_includes/protobuf_lite/google/protobuf/repeated_ptr_field.h:1380:8: note: declared here
2026-10-07T03:34:33.0877981Z  1380 | inline RepeatedPtrField<Element>::RepeatedPtrField(Arena* arena)
2026-10-07T03:34:33.0878951Z       |        ^~~~~~~~~~~~~~~~~~~~~~~~~
2026-10-07T03:34:34.2289694Z [894 / 939] Compiling src/google/protobuf/compiler/parser.cc; 4s processwrapper-sandbox ... (4 actions running)
2026-10-07T03:34:35.8008654Z [895 / 939] Compiling src/google/protobuf/compiler/parser.cc; 5s processwrapper-sandbox ... (4 actions, 3 running)
2026-10-07T03:34:36.7538300Z INFO: From Compiling src/google/protobuf/map_field.cc:
2026-10-07T03:34:36.7577992Z In file included from external/protobuf+/src/google/protobuf/map_field.cc:8:
2026-10-07T03:34:36.7580561Z bazel-out/k8-opt/bin/external/protobuf+/src/google/protobuf/_virtual_includes/protobuf/google/protobuf/map_field.h: In constructor 'google::protobuf::internal::MapFieldBase::ReflectionPayload::ReflectionPayload(google::protobuf::Arena*, const google::protobuf::Message*)':
2026-10-07T03:34:36.7630053Z bazel-out/k8-opt/bin/external/protobuf+/src/google/protobuf/_virtual_includes/protobuf/google/protobuf/map_field.h:416:11: warning: 'google::protobuf::RepeatedPtrField<T>::RepeatedPtrField(google::protobuf::Arena*) [with Element = google::protobuf::Message]' is deprecated: Use Arena::Create<RepeatedPtrField<...>>(Arena*) instead [-Wdeprecated-declarations]
2026-10-07T03:34:36.7658133Z   416 |         : repeated_field_(arena), prototype_(prototype) {}
2026-10-07T03:34:36.7667800Z       |           ^~~~~~~~~~~~~~~~~~~~~~
2026-10-07T03:34:36.7686320Z In file included from bazel-out/k8-opt/bin/external/protobuf+/src/google/protobuf/_virtual_includes/protobuf_lite/google/protobuf/repeated_field.h:46,
2026-10-07T03:34:36.7690124Z                  from bazel-out/k8-opt/bin/external/protobuf+/src/google/protobuf/_virtual_includes/protobuf_lite/google/protobuf/parse_context.h:39,
2026-10-07T03:34:36.7693511Z                  from bazel-out/k8-opt/bin/external/protobuf+/src/google/protobuf/_virtual_includes/protobuf_lite/google/protobuf/generated_message_tctable_decl.h:25,
2026-10-07T03:34:36.7696620Z                  from bazel-out/k8-opt/bin/external/protobuf+/src/google/protobuf/_virtual_includes/protobuf_lite/google/protobuf/extension_set.h:40,
2026-10-07T03:34:36.7701470Z                  from bazel-out/k8-opt/bin/external/protobuf+/src/google/protobuf/_virtual_includes/protobuf/google/protobuf/descriptor.h:56,
2026-10-07T03:34:36.7704474Z                  from bazel-out/k8-opt/bin/external/protobuf+/src/google/protobuf/_virtual_includes/protobuf/google/protobuf/map_field.h:23:
2026-10-07T03:34:36.7706759Z bazel-out/k8-opt/bin/external/protobuf+/src/google/protobuf/_virtual_includes/protobuf_lite/google/protobuf/repeated_ptr_field.h:1380:8: note: declared here
2026-10-07T03:34:36.7709025Z  1380 | inline RepeatedPtrField<Element>::RepeatedPtrField(Arena* arena)
2026-10-07T03:34:36.7710146Z       |        ^~~~~~~~~~~~~~~~~~~~~~~~~
2026-10-07T03:34:37.2273319Z [897 / 939] Compiling src/google/protobuf/compiler/parser.cc; 7s processwrapper-sandbox ... (4 actions running)
2026-10-07T03:34:38.7489325Z [900 / 939] Compiling src/google/protobuf/wire_format.cc; 5s processwrapper-sandbox ... (4 actions, 3 running)
2026-10-07T03:34:39.8318071Z INFO: From Compiling src/google/protobuf/wire_format.cc:
2026-10-07T03:34:39.8353373Z In file included from external/protobuf+/src/google/protobuf/wire_format.cc:31:
2026-10-07T03:34:39.8359144Z bazel-out/k8-opt/bin/external/protobuf+/src/google/protobuf/_virtual_includes/protobuf/google/protobuf/map_field.h: In constructor 'google::protobuf::internal::MapFieldBase::ReflectionPayload::ReflectionPayload(google::protobuf::Arena*, const google::protobuf::Message*)':
2026-10-07T03:34:39.8389651Z bazel-out/k8-opt/bin/external/protobuf+/src/google/protobuf/_virtual_includes/protobuf/google/protobuf/map_field.h:416:11: warning: 'google::protobuf::RepeatedPtrField<T>::RepeatedPtrField(google::protobuf::Arena*) [with Element = google::protobuf::Message]' is deprecated: Use Arena::Create<RepeatedPtrField<...>>(Arena*) instead [-Wdeprecated-declarations]
2026-10-07T03:34:39.8410327Z   416 |         : repeated_field_(arena), prototype_(prototype) {}
2026-10-07T03:34:39.8437736Z       |           ^~~~~~~~~~~~~~~~~~~~~~
2026-10-07T03:34:39.8467252Z In file included from bazel-out/k8-opt/bin/external/protobuf+/src/google/protobuf/_virtual_includes/protobuf_lite/google/protobuf/repeated_field.h:46,
2026-10-07T03:34:39.8473839Z                  from bazel-out/k8-opt/bin/external/protobuf+/src/google/protobuf/_virtual_includes/protobuf_lite/google/protobuf/parse_context.h:39,
2026-10-07T03:34:39.8479361Z                  from bazel-out/k8-opt/bin/external/protobuf+/src/google/protobuf/_virtual_includes/protobuf_lite/google/protobuf/generated_message_tctable_decl.h:25,
2026-10-07T03:34:39.8482691Z                  from bazel-out/k8-opt/bin/external/protobuf+/src/google/protobuf/_virtual_includes/protobuf_lite/google/protobuf/extension_set.h:40,
2026-10-07T03:34:39.8485712Z                  from bazel-out/k8-opt/bin/external/protobuf+/src/google/protobuf/_virtual_includes/protobuf/google/protobuf/descriptor.h:56,
2026-10-07T03:34:39.8489047Z                  from bazel-out/k8-opt/bin/external/protobuf+/src/google/protobuf/_virtual_includes/protobuf/google/protobuf/wire_format.h:26,
2026-10-07T03:34:39.8491321Z                  from external/protobuf+/src/google/protobuf/wire_format.cc:12:
2026-10-07T03:34:39.8493080Z bazel-out/k8-opt/bin/external/protobuf+/src/google/protobuf/_virtual_includes/protobuf_lite/google/protobuf/repeated_ptr_field.h:1380:8: note: declared here
2026-10-07T03:34:39.8494866Z  1380 | inline RepeatedPtrField<Element>::RepeatedPtrField(Arena* arena)
2026-10-07T03:34:39.8495886Z       |        ^~~~~~~~~~~~~~~~~~~~~~~~~
2026-10-07T03:34:39.8497280Z [906 / 939] Compiling src/google/protobuf/message.cc; 3s processwrapper-sandbox ... (4 actions, 3 running)
2026-10-07T03:34:40.8748707Z [907 / 939] Compiling src/google/protobuf/message.cc; 4s processwrapper-sandbox ... (4 actions, 3 running)
2026-10-07T03:34:42.2273182Z [912 / 939] Compiling src/google/protobuf/message.cc; 5s processwrapper-sandbox ... (4 actions running)
2026-10-07T03:34:43.1367570Z INFO: From Compiling src/google/protobuf/message.cc:
2026-10-07T03:34:43.1458222Z In file included from external/protobuf+/src/google/protobuf/message.cc:40:
2026-10-07T03:34:43.1519428Z bazel-out/k8-opt/bin/external/protobuf+/src/google/protobuf/_virtual_includes/protobuf/google/protobuf/map_field.h: In constructor 'google::protobuf::internal::MapFieldBase::ReflectionPayload::ReflectionPayload(google::protobuf::Arena*, const google::protobuf::Message*)':
2026-10-07T03:34:43.1579874Z bazel-out/k8-opt/bin/external/protobuf+/src/google/protobuf/_virtual_includes/protobuf/google/protobuf/map_field.h:416:11: warning: 'google::protobuf::RepeatedPtrField<T>::RepeatedPtrField(google::protobuf::Arena*) [with Element = google::protobuf::Message]' is deprecated: Use Arena::Create<RepeatedPtrField<...>>(Arena*) instead [-Wdeprecated-declarations]
2026-10-07T03:34:43.1637866Z   416 |         : repeated_field_(arena), prototype_(prototype) {}
2026-10-07T03:34:43.1667762Z       |           ^~~~~~~~~~~~~~~~~~~~~~
2026-10-07T03:34:43.1698540Z In file included from bazel-out/k8-opt/bin/external/protobuf+/src/google/protobuf/_virtual_includes/protobuf_lite/google/protobuf/repeated_field.h:46,
2026-10-07T03:34:43.1730023Z                  from bazel-out/k8-opt/bin/external/protobuf+/src/google/protobuf/_virtual_includes/protobuf_lite/google/protobuf/parse_context.h:39,
2026-10-07T03:34:43.1759918Z                  from bazel-out/k8-opt/bin/external/protobuf+/src/google/protobuf/_virtual_includes/protobuf_lite/google/protobuf/generated_message_tctable_decl.h:25,
2026-10-07T03:34:43.1763335Z                  from bazel-out/k8-opt/bin/external/protobuf+/src/google/protobuf/_virtual_includes/protobuf_lite/google/protobuf/extension_set.h:40,
2026-10-07T03:34:43.1767260Z                  from bazel-out/k8-opt/bin/external/protobuf+/src/google/protobuf/_virtual_includes/protobuf/google/protobuf/descriptor.h:56,
2026-10-07T03:34:43.1770267Z                  from bazel-out/k8-opt/bin/external/protobuf+/src/google/protobuf/_virtual_includes/protobuf/google/protobuf/message.h:112,
2026-10-07T03:34:43.1772618Z                  from external/protobuf+/src/google/protobuf/message.cc:12:
2026-10-07T03:34:43.1774170Z bazel-out/k8-opt/bin/external/protobuf+/src/google/protobuf/_virtual_includes/protobuf_lite/google/protobuf/repeated_ptr_field.h:1380:8: note: declared here
2026-10-07T03:34:43.1775791Z  1380 | inline RepeatedPtrField<Element>::RepeatedPtrField(Arena* arena)
2026-10-07T03:34:43.1776651Z       |        ^~~~~~~~~~~~~~~~~~~~~~~~~
2026-10-07T03:34:43.2528368Z [914 / 939] Compiling src/google/protobuf/text_format.cc; 3s processwrapper-sandbox ... (4 actions, 3 running)
2026-10-07T03:34:44.8468513Z [917 / 939] Compiling src/google/protobuf/text_format.cc; 5s processwrapper-sandbox ... (4 actions, 3 running)
2026-10-07T03:34:45.3537302Z INFO: From Compiling src/google/protobuf/reflection_ops.cc:
2026-10-07T03:34:45.3567740Z In file included from external/protobuf+/src/google/protobuf/reflection_ops.cc:22:
2026-10-07T03:34:45.3589484Z bazel-out/k8-opt/bin/external/protobuf+/src/google/protobuf/_virtual_includes/protobuf/google/protobuf/map_field.h: In constructor 'google::protobuf::internal::MapFieldBase::ReflectionPayload::ReflectionPayload(google::protobuf::Arena*, const google::protobuf::Message*)':
2026-10-07T03:34:45.3620038Z bazel-out/k8-opt/bin/external/protobuf+/src/google/protobuf/_virtual_includes/protobuf/google/protobuf/map_field.h:416:11: warning: 'google::protobuf::RepeatedPtrField<T>::RepeatedPtrField(google::protobuf::Arena*) [with Element = google::protobuf::Message]' is deprecated: Use Arena::Create<RepeatedPtrField<...>>(Arena*) instead [-Wdeprecated-declarations]
2026-10-07T03:34:45.3647750Z   416 |         : repeated_field_(arena), prototype_(prototype) {}
2026-10-07T03:34:45.3648637Z       |           ^~~~~~~~~~~~~~~~~~~~~~
2026-10-07T03:34:45.3680210Z In file included from bazel-out/k8-opt/bin/external/protobuf+/src/google/protobuf/_virtual_includes/protobuf_lite/google/protobuf/repeated_field.h:46,
2026-10-07T03:34:45.3704344Z                  from bazel-out/k8-opt/bin/external/protobuf+/src/google/protobuf/_virtual_includes/protobuf_lite/google/protobuf/parse_context.h:39,
2026-10-07T03:34:45.3708064Z                  from bazel-out/k8-opt/bin/external/protobuf+/src/google/protobuf/_virtual_includes/protobuf_lite/google/protobuf/generated_message_tctable_decl.h:25,
2026-10-07T03:34:45.3711166Z                  from bazel-out/k8-opt/bin/external/protobuf+/src/google/protobuf/_virtual_includes/protobuf_lite/google/protobuf/extension_set.h:40,
2026-10-07T03:34:45.3714390Z                  from bazel-out/k8-opt/bin/external/protobuf+/src/google/protobuf/_virtual_includes/protobuf/google/protobuf/descriptor.h:56,
2026-10-07T03:34:45.3717643Z                  from bazel-out/k8-opt/bin/external/protobuf+/src/google/protobuf/_virtual_includes/protobuf/google/protobuf/message.h:112,
2026-10-07T03:34:45.3722512Z                  from bazel-out/k8-opt/bin/external/protobuf+/src/google/protobuf/_virtual_includes/protobuf/google/protobuf/reflection_ops.h:18,
2026-10-07T03:34:45.3724611Z                  from external/protobuf+/src/google/protobuf/reflection_ops.cc:11:
2026-10-07T03:34:45.3726224Z bazel-out/k8-opt/bin/external/protobuf+/src/google/protobuf/_virtual_includes/protobuf_lite/google/protobuf/repeated_ptr_field.h:1380:8: note: declared here
2026-10-07T03:34:45.3728228Z  1380 | inline RepeatedPtrField<Element>::RepeatedPtrField(Arena* arena)
2026-10-07T03:34:45.3729188Z       |        ^~~~~~~~~~~~~~~~~~~~~~~~~
2026-10-07T03:34:46.2309596Z [919 / 939] Compiling src/google/protobuf/text_format.cc; 6s processwrapper-sandbox ... (4 actions running)
2026-10-07T03:34:48.2285595Z [921 / 939] Compiling src/google/protobuf/text_format.cc; 8s processwrapper-sandbox ... (4 actions running)
2026-10-07T03:34:49.2298437Z [925 / 939] Compiling src/google/protobuf/text_format.cc; 9s processwrapper-sandbox ... (4 actions running)
2026-10-07T03:34:49.4258271Z INFO: From Compiling src/google/protobuf/text_format.cc:
2026-10-07T03:34:49.4287943Z In file included from external/protobuf+/src/google/protobuf/text_format.cc:54:
2026-10-07T03:34:49.4309598Z bazel-out/k8-opt/bin/external/protobuf+/src/google/protobuf/_virtual_includes/protobuf/google/protobuf/map_field.h: In constructor 'google::protobuf::internal::MapFieldBase::ReflectionPayload::ReflectionPayload(google::protobuf::Arena*, const google::protobuf::Message*)':
2026-10-07T03:34:49.4329665Z bazel-out/k8-opt/bin/external/protobuf+/src/google/protobuf/_virtual_includes/protobuf/google/protobuf/map_field.h:416:11: warning: 'google::protobuf::RepeatedPtrField<T>::RepeatedPtrField(google::protobuf::Arena*) [with Element = google::protobuf::Message]' is deprecated: Use Arena::Create<RepeatedPtrField<...>>(Arena*) instead [-Wdeprecated-declarations]
2026-10-07T03:34:49.4332693Z   416 |         : repeated_field_(arena), prototype_(prototype) {}
2026-10-07T03:34:49.4333620Z       |           ^~~~~~~~~~~~~~~~~~~~~~
2026-10-07T03:34:49.4335001Z In file included from bazel-out/k8-opt/bin/external/protobuf+/src/google/protobuf/_virtual_includes/protobuf_lite/google/protobuf/repeated_field.h:46,
2026-10-07T03:34:49.4338752Z                  from bazel-out/k8-opt/bin/external/protobuf+/src/google/protobuf/_virtual_includes/protobuf_lite/google/protobuf/parse_context.h:39,
2026-10-07T03:34:49.4342009Z                  from bazel-out/k8-opt/bin/external/protobuf+/src/google/protobuf/_virtual_includes/protobuf_lite/google/protobuf/generated_message_tctable_decl.h:25,
2026-10-07T03:34:49.4345288Z                  from bazel-out/k8-opt/bin/external/protobuf+/src/google/protobuf/_virtual_includes/protobuf_lite/google/protobuf/extension_set.h:40,
2026-10-07T03:34:49.4348641Z                  from bazel-out/k8-opt/bin/external/protobuf+/src/google/protobuf/_virtual_includes/protobuf/google/protobuf/descriptor.h:56,
2026-10-07T03:34:49.4351642Z                  from bazel-out/k8-opt/bin/external/protobuf+/src/google/protobuf/_virtual_includes/protobuf/google/protobuf/text_format.h:27,
2026-10-07T03:34:49.4353694Z                  from external/protobuf+/src/google/protobuf/text_format.cc:12:
2026-10-07T03:34:49.4355414Z bazel-out/k8-opt/bin/external/protobuf+/src/google/protobuf/_virtual_includes/protobuf_lite/google/protobuf/repeated_ptr_field.h:1380:8: note: declared here
2026-10-07T03:34:49.4357387Z  1380 | inline RepeatedPtrField<Element>::RepeatedPtrField(Arena* arena)
2026-10-07T03:34:49.4358431Z       |        ^~~~~~~~~~~~~~~~~~~~~~~~~
2026-10-07T03:34:49.4359954Z external/protobuf+/src/google/protobuf/text_format.cc: In member function 'bool google::protobuf::TextFormat::Parser::ParserImpl::ConsumeField(google::protobuf::Message*)':
2026-10-07T03:34:49.4362365Z external/protobuf+/src/google/protobuf/text_format.cc:663:54: warning: 'bool google::protobuf::FieldOptions::weak() const' is deprecated [-Wdeprecated-declarations]
2026-10-07T03:34:49.4364025Z   663 |       if (consumed_semicolon && field->options().weak() &&
2026-10-07T03:34:49.4365043Z       |                                 ~~~~~~~~~~~~~~~~~~~~~^~
2026-10-07T03:34:49.4366005Z In file included from external/protobuf+/src/google/protobuf/text_format.cc:46:
2026-10-07T03:34:49.4367981Z bazel-out/k8-opt/bin/external/protobuf+/src/google/protobuf/_virtual_includes/protobuf/google/protobuf/descriptor.pb.h:18861:13: note: declared here
2026-10-07T03:34:49.4369488Z 18861 | inline bool FieldOptions::weak() const {
2026-10-07T03:34:49.4370340Z       |             ^~~~~~~~~~~~
2026-10-07T03:34:51.2302244Z [929 / 939] Compiling src/google/protobuf/json/internal/untyped_message.cc; 2s processwrapper-sandbox ... (4 actions running)
2026-10-07T03:34:52.3742640Z [930 / 939] Compiling src/google/protobuf/json/internal/untyped_message.cc; 3s processwrapper-sandbox ... (4 actions, 3 running)
2026-10-07T03:34:54.2328795Z [931 / 939] Compiling src/google/protobuf/json/internal/untyped_message.cc; 5s processwrapper-sandbox ... (4 actions running)
2026-10-07T03:34:55.8301227Z [932 / 939] Compiling src/google/protobuf/json/internal/parser.cc; 6s processwrapper-sandbox ... (4 actions, 3 running)
2026-10-07T03:34:57.2333376Z [933 / 939] Compiling src/google/protobuf/json/internal/parser.cc; 8s processwrapper-sandbox ... (3 actions running)
2026-10-07T03:34:59.2330745Z [937 / 939] Compiling tools/haa_gvisor_observer/observer.cc; 6s processwrapper-sandbox
2026-10-07T03:35:02.9553368Z INFO: From Compiling tools/haa_gvisor_observer/observer.cc:
2026-10-07T03:35:02.9555959Z tools/haa_gvisor_observer/observer.cc:4614:6: warning: 'bool {anonymous}::Handle(const Header&, const char*, size_t, int, std::string*, const char*, ProcessState*, NormalizedCounts*, TopologyState*, const char**, FaultSite*)' defined but not used [-Wunused-function]
2026-10-07T03:35:02.9558667Z  4614 | bool Handle(const Header& header, const char* payload, size_t payload_size, int output, std::string* container_id,
2026-10-07T03:35:02.9559432Z       |      ^~~~~~
2026-10-07T03:35:02.9560581Z tools/haa_gvisor_observer/observer.cc:3868:6: warning: 'bool {anonymous}::ParseSentryProcessAndClassify(const char*, size_t, int, std::string*, const char*, ProcessState*, const char**)' defined but not used [-Wunused-function]
2026-10-07T03:35:02.9561942Z  3868 | bool ParseSentryProcessAndClassify(const char* payload, size_t payload_size, int output, std::string* container_id,
2026-10-07T03:35:02.9562662Z       |      ^~~~~~~~~~~~~~~~~~~~~~~~~~~~~
2026-10-07T03:35:02.9563401Z tools/haa_gvisor_observer/observer.cc:262:13: warning: 'const char* {anonymous}::CommandPhaseName(CommandPhase)' defined but not used [-Wunused-function]
2026-10-07T03:35:02.9564212Z   262 | const char* CommandPhaseName(CommandPhase phase) {
2026-10-07T03:35:02.9564679Z       |             ^~~~~~~~~~~~~~~~
2026-10-07T03:35:02.9572239Z [938 / 939] [Prepa] Linking tools/haa_gvisor_observer/haa_gvisor_observer
2026-10-07T03:35:03.0801322Z INFO: Found 1 target...
2026-10-07T03:35:03.0960941Z Target //tools/haa_gvisor_observer:haa_gvisor_observer up-to-date:
2026-10-07T03:35:03.0964110Z   bazel-bin/tools/haa_gvisor_observer/haa_gvisor_observer
2026-10-07T03:35:03.1542487Z INFO: Elapsed time: 280.540s, Critical Path: 41.34s
2026-10-07T03:35:03.1543308Z INFO: 939 processes: 291 internal, 648 processwrapper-sandbox.
2026-10-07T03:35:03.1564012Z INFO: Build completed successfully, 939 total actions
2026-10-07T03:35:03.3796495Z Computing main repo mapping: 
2026-10-07T03:35:03.6389562Z WARNING: For repository 'bazel_skylib', the root module requires module version bazel_skylib@1.7.1, but got bazel_skylib@1.8.2 in the resolved dependency graph. Please update the version in your MODULE.bazel or set --check_direct_dependencies=off
2026-10-07T03:35:03.7944445Z Loading: 
2026-10-07T03:35:03.7952117Z Loading: 0 packages loaded
2026-10-07T03:35:03.9126387Z Analyzing: target //tools/haa_gvisor_observer:haa_gvisor_observer_latch_test (0 packages loaded, 0 targets configured)
2026-10-07T03:35:03.9152359Z Analyzing: target //tools/haa_gvisor_observer:haa_gvisor_observer_latch_test (0 packages loaded, 0 targets configured)
2026-10-07T03:35:03.9167744Z 
2026-10-07T03:35:04.3951547Z INFO: Analyzed target //tools/haa_gvisor_observer:haa_gvisor_observer_latch_test (38 packages loaded, 384 targets configured).
2026-10-07T03:35:05.3724780Z [938 / 940] Compiling tools/haa_gvisor_observer/observer_latch_test.cc; 0s processwrapper-sandbox
2026-10-07T03:35:15.9168392Z [938 / 940] Compiling tools/haa_gvisor_observer/observer_latch_test.cc; 11s processwrapper-sandbox
2026-10-07T03:35:24.5660569Z [939 / 940] [Prepa] Linking tools/haa_gvisor_observer/haa_gvisor_observer_latch_test
2026-10-07T03:35:24.6837776Z INFO: Found 1 target...
2026-10-07T03:35:24.6851166Z Target //tools/haa_gvisor_observer:haa_gvisor_observer_latch_test up-to-date:
2026-10-07T03:35:24.6853009Z   bazel-bin/tools/haa_gvisor_observer/haa_gvisor_observer_latch_test
2026-10-07T03:35:24.6924714Z INFO: Elapsed time: 21.439s, Critical Path: 20.21s
2026-10-07T03:35:24.6925803Z INFO: 6 processes: 4 internal, 2 processwrapper-sandbox.
2026-10-07T03:35:24.6937738Z INFO: Build completed successfully, 6 total actions
2026-10-07T03:35:24.7087993Z STARTING record_boundaries
2026-10-07T03:35:25.8440123Z profile=go-module-resolver bounded terminal={"container_id":"0202020202020202","kind":"stream-fault","reason":"EVENT_LIMIT","fault_site":"EVENT_LIMIT","fault_budget":{"charged":200000,"limit":200000,"close":199998,"fcntl":0,"raw":0,"other":2,"workspace":0}}
2026-10-07T03:35:27.4652610Z profile=go-module-build bounded terminal={"container_id":"0606060606060606","kind":"stream-fault","reason":"EVENT_LIMIT","fault_site":"EVENT_LIMIT","fault_budget":{"charged":250000,"limit":250000,"close":249998,"fcntl":0,"raw":0,"other":2,"workspace":0}}
2026-10-07T03:35:27.5420058Z profile=cargo-resolver bounded terminal={"container_id":"0808080808080808","kind":"stream-fault","reason":"EVENT_LIMIT","fault_site":"EVENT_LIMIT","fault_budget":{"charged":10000,"limit":10000,"close":9998,"fcntl":0,"raw":0,"other":2,"workspace":0}}
2026-10-07T03:35:27.6376188Z profile=npm-lifecycle bounded terminal={"container_id":"0404040404040404","kind":"stream-fault","reason":"EVENT_LIMIT","fault_site":"EVENT_LIMIT","fault_budget":{"charged":10000,"limit":10000,"close":9998,"fcntl":0,"raw":0,"other":2,"workspace":0}}
2026-10-07T03:35:27.6377540Z STARTING accessors
2026-10-07T03:35:27.7004078Z STARTING network
2026-10-07T03:35:28.6047715Z STARTING malformed_socket
2026-10-07T03:35:28.6053337Z STARTING malformed_connect
2026-10-07T03:35:28.6066442Z STARTING unknown_fd
2026-10-07T03:35:28.6069066Z STARTING process
2026-10-07T03:35:28.8092338Z STARTING correlation
2026-10-07T03:35:28.9613087Z STARTING cloexec
2026-10-07T03:35:29.0623225Z STARTING delayed
2026-10-07T03:35:29.2132169Z STARTING concurrent_python_streams
2026-10-07T03:35:29.2135366Z STARTING roles
2026-10-07T03:35:29.3149066Z STARTING oci_bootstrap
2026-10-07T03:35:29.3192221Z STARTING demotion
2026-10-07T03:35:29.3205328Z STARTING mismatch
2026-10-07T03:35:29.3208236Z STARTING dropped
2026-10-07T03:35:29.3210484Z STARTING topology_fail_closed
2026-10-07T03:35:29.3235145Z STARTING filesystem
2026-10-07T03:35:29.9481707Z STARTING npm_node
2026-10-07T03:35:29.9482118Z STARTING open_result_negative
2026-10-07T03:35:29.9549718Z STARTING open_result_positive
2026-10-07T03:35:30.3572016Z STARTING no_basename_trust
2026-10-07T03:35:30.4082874Z STARTING unexpected_exec_diagnostic
2026-10-07T03:35:30.4094357Z STARTING resolver_npm_version_node
2026-10-07T03:35:30.4094952Z STARTING resolver_npm_version_production_path
2026-10-07T03:35:30.4099992Z STARTING resolver_lock_generation_production_path
2026-10-07T03:35:30.4105926Z STARTING process_group_lifecycle
2026-10-07T03:35:30.4108888Z STARTING direct_exec_admission
2026-10-07T03:35:30.4121271Z STARTING direct_exec_admission_bound
2026-10-07T03:35:30.4181667Z STARTING session_aware_control
2026-10-07T03:35:30.4196310Z STARTING control_peer_hup_live_admission
2026-10-07T03:35:30.4200486Z STARTING pre_attribution_disconnect
2026-10-07T03:35:30.4201414Z haa_gvisor_observer_latch_test: accepted remote stream ended before attribution
2026-10-07T03:35:30.4207948Z observer latch PASS: readiness
2026-10-07T03:35:30.4208469Z observer latch PASS: pod-init profile
2026-10-07T03:35:30.4208956Z observer latch PASS: profile record limits
2026-10-07T03:35:30.4209463Z observer latch PASS: finite profile record boundary
2026-10-07T03:35:30.4210060Z observer latch PASS: normalized accessors
2026-10-07T03:35:30.4210620Z observer latch PASS: socket family classification
2026-10-07T03:35:30.4211195Z observer latch PASS: unknown socket family
2026-10-07T03:35:30.4211738Z observer latch PASS: malformed socket address
2026-10-07T03:35:30.4212268Z observer latch PASS: unknown FD state
2026-10-07T03:35:30.4212837Z observer latch PASS: process trust boundary
2026-10-07T03:35:30.4213395Z observer latch PASS: exec correlation boundary
2026-10-07T03:35:30.4214280Z observer latch PASS: CLOEXEC/re-exec boundary
2026-10-07T03:35:30.4214632Z observer latch PASS: delayed profile registration
2026-10-07T03:35:30.4214985Z observer latch PASS: concurrent Python streams
2026-10-07T03:35:30.4215379Z observer latch PASS: role handoff/provenance
2026-10-07T03:35:30.4215701Z observer latch PASS: OCI bootstrap demotion
2026-10-07T03:35:30.4216239Z observer latch PASS: setpriv demotion boundary
2026-10-07T03:35:30.4216571Z observer latch PASS: container mismatch
2026-10-07T03:35:30.4217170Z observer latch PASS: dropped events
2026-10-07T03:35:30.4217491Z observer latch PASS: topology fail-closed
2026-10-07T03:35:30.4217850Z observer latch PASS: registered nested mount boundary
2026-10-07T03:35:30.4218211Z observer latch PASS: filesystem normalization
2026-10-07T03:35:30.4218582Z observer latch PASS: Cargo resolver runtime read boundary
2026-10-07T03:35:30.4218979Z observer latch PASS: Cargo resolver self maps boundary
2026-10-07T03:35:30.4219366Z observer latch PASS: Cargo configuration read boundary
2026-10-07T03:35:30.4219772Z observer latch PASS: Cargo TAR configuration read boundary
2026-10-07T03:35:30.4220166Z observer latch PASS: Cargo entropy read boundary
2026-10-07T03:35:30.4220573Z observer latch PASS: Cargo certificate bundle read boundary
2026-10-07T03:35:30.4220982Z observer latch PASS: Cargo null input read boundary
2026-10-07T03:35:30.4221348Z observer latch PASS: Cargo Rustc query boundary
2026-10-07T03:35:30.4221724Z observer latch PASS: Cargo Rustc metadata query boundary
2026-10-07T03:35:30.4222113Z observer latch PASS: Cargo Rustc VM metadata boundary
2026-10-07T03:35:30.4222474Z observer latch PASS: Cargo Rustc self maps boundary
2026-10-07T03:35:30.4222860Z observer latch PASS: Cargo Rustc self memory stats boundary
2026-10-07T03:35:30.4223257Z observer latch PASS: Cargo Rustc self cgroup boundary
2026-10-07T03:35:30.4223645Z observer latch PASS: Cargo Rustc self mountinfo boundary
2026-10-07T03:35:30.4224015Z observer latch PASS: Cargo Rustc CPU quota boundary
2026-10-07T03:35:30.4224433Z observer latch PASS: Cargo Rustc fixed sysroot directory boundary
2026-10-07T03:35:30.4224854Z observer latch PASS: Cargo DNS configuration boundary
2026-10-07T03:35:30.4225265Z observer latch PASS: Cargo resolver configuration file boundary
2026-10-07T03:35:30.4225653Z observer latch PASS: Cargo fixed UTC boundary
2026-10-07T03:35:30.4226035Z observer latch PASS: Cargo close-on-exec entropy boundary
2026-10-07T03:35:30.4226478Z observer latch PASS: SocketPair diagnostic preserves FD authority
2026-10-07T03:35:30.4227180Z observer latch PASS: Kernel SocketPair descriptor authority
2026-10-07T03:35:30.4227577Z observer latch PASS: Cargo Rustc Zlib ABI boundary
2026-10-07T03:35:30.4227922Z observer latch PASS: Cargo Rustc ABI boundary
2026-10-07T03:35:30.4228286Z observer latch PASS: Go resolver runtime read boundary
2026-10-07T03:35:30.4228677Z observer latch PASS: Go build configuration read boundary
2026-10-07T03:35:30.4229058Z observer latch PASS: Go build handoff read boundary
2026-10-07T03:35:30.4229437Z observer latch PASS: Cargo build handoff read boundary
2026-10-07T03:35:30.4229797Z observer latch PASS: Cargo build pinned target
2026-10-07T03:35:30.4230129Z observer latch PASS: Cargo build driver read
2026-10-07T03:35:30.4230456Z observer latch PASS: Cargo build rustc child
2026-10-07T03:35:30.4230784Z observer latch PASS: Cargo build native cc child
2026-10-07T03:35:30.4231135Z observer latch PASS: Cargo build collect2 child
2026-10-07T03:35:30.4231473Z observer latch PASS: Cargo build lld launcher
2026-10-07T03:35:30.4231793Z observer latch PASS: Cargo build rust lld
2026-10-07T03:35:30.4232111Z observer latch PASS: Cargo build link inputs
2026-10-07T03:35:30.4232419Z observer latch PASS: Cargo build link sdk
2026-10-07T03:35:30.4232729Z observer latch PASS: Cargo build Rust C ABI
2026-10-07T03:35:30.4233048Z observer latch PASS: Cargo build lld entropy
2026-10-07T03:35:30.4233368Z observer latch PASS: Cargo build program
2026-10-07T03:35:30.4233684Z observer latch PASS: Cargo build program ABI
2026-10-07T03:35:30.4234180Z observer latch PASS: Cargo build program maps
2026-10-07T03:35:30.4234530Z observer latch PASS: Cargo build program rustc query
2026-10-07T03:35:30.4234876Z observer latch PASS: Cargo build program null
2026-10-07T03:35:30.4235205Z observer latch PASS: Cargo build configuration
2026-10-07T03:35:30.4235716Z observer latch PASS: Terraform provider profile isolation
2026-10-07T03:35:30.4236126Z observer latch PASS: Go build runtime metadata boundary
2026-10-07T03:35:30.4236546Z observer latch PASS: Go build exact creator diagnostic boundary
2026-10-07T03:35:30.4237244Z observer latch PASS: Go build SDK tool child boundary
2026-10-07T03:35:30.4237637Z observer latch PASS: Go build cgo GCC creator boundary
2026-10-07T03:35:30.4238039Z observer latch PASS: Go build SDK linker GCC creator boundary
2026-10-07T03:35:30.4238482Z observer latch PASS: Go build SDK linker native ancestry boundary
2026-10-07T03:35:30.4238932Z observer latch PASS: Go build native linker resolver ABI boundary
2026-10-07T03:35:30.4239375Z observer latch PASS: Go build CC1 creator and loader boundary
2026-10-07T03:35:30.4239792Z observer latch PASS: Go build CC1 readonly header boundary
2026-10-07T03:35:30.4240235Z observer latch PASS: Go build assembler creator and loader boundary
2026-10-07T03:35:30.4240703Z observer latch PASS: Go build collect2 creator and loader boundary
2026-10-07T03:35:30.4241193Z observer latch PASS: Go build native linker creator and loader boundary
2026-10-07T03:35:30.4241669Z observer latch PASS: Go build native linker fixed plugin boundary
2026-10-07T03:35:30.4242112Z observer latch PASS: Go build native linker null device boundary
2026-10-07T03:35:30.4242575Z observer latch PASS: Go build native linker C runtime input boundary
2026-10-07T03:35:30.4243023Z observer latch PASS: Go build assembler null device boundary
2026-10-07T03:35:30.4243467Z observer latch PASS: Go build CC1 readonly SDK Cgo input boundary
2026-10-07T03:35:30.4243877Z observer latch PASS: exact npm CLI-to-Node
2026-10-07T03:35:30.4244215Z observer latch PASS: OPEN_RESULT negative matrix
2026-10-07T03:35:30.4244571Z observer latch PASS: OPEN_RESULT positive matrix
2026-10-07T03:35:30.4244907Z observer latch PASS: no-basename-trust
2026-10-07T03:35:30.4245262Z observer latch PASS: unexpected exec diagnostic retention
2026-10-07T03:35:30.4245668Z observer latch PASS: exact resolver npm-version-to-Node
2026-10-07T03:35:30.4246071Z observer latch PASS: resolver npm-version production path
2026-10-07T03:35:30.4246493Z observer latch PASS: resolver lock-generation production path
2026-10-07T03:35:30.4247221Z observer latch PASS: authoritative process-group lifecycle
2026-10-07T03:35:30.4247617Z observer latch PASS: direct-exec one-shot admission
2026-10-07T03:35:30.4248029Z observer latch PASS: direct-exec terminal admission protocol
2026-10-07T03:35:30.4248416Z observer latch PASS: direct-exec admission bound
2026-10-07T03:35:30.4248757Z observer latch PASS: session-aware control
2026-10-07T03:35:30.4249095Z observer latch PASS: exact control peer binding
2026-10-07T03:35:30.4249483Z observer latch PASS: control peer HUP clears live admission
2026-10-07T03:35:30.4249873Z observer latch PASS: unaccepted remote disconnect
2026-10-07T03:35:30.4250297Z observer latch PASS: accepted pre-attribution disconnect fail-stop
2026-10-07T03:35:30.8060233Z Building helox for gVisor integration
2026-10-07T03:35:31.8297105Z go: downloading github.com/pelletier/go-toml/v2 v2.4.3
2026-10-07T03:35:32.2677827Z go: downloading golang.org/x/mod v0.40.0
2026-10-07T03:35:32.3731861Z go: downloading github.com/hashicorp/hcl/v2 v2.24.0
2026-10-07T03:35:32.3804427Z go: downloading github.com/zclconf/go-cty v1.16.3
2026-10-07T03:35:32.4219771Z go: downloading github.com/spf13/cobra v1.10.2
2026-10-07T03:35:32.4602214Z go: downloading golang.org/x/sys v0.47.0
2026-10-07T03:35:32.6907217Z go: downloading github.com/ProtonMail/go-crypto v1.5.2
2026-10-07T03:35:33.4312467Z go: downloading github.com/spf13/pflag v1.0.9
2026-10-07T03:35:33.4822308Z go: downloading github.com/agext/levenshtein v1.2.1
2026-10-07T03:35:33.4927939Z go: downloading github.com/apparentlymart/go-textseg/v15 v15.0.0
2026-10-07T03:35:33.5094972Z go: downloading github.com/mitchellh/go-wordwrap v1.0.1
2026-10-07T03:35:33.5428391Z go: downloading golang.org/x/crypto v0.41.0
2026-10-07T03:35:33.6396154Z go: downloading github.com/cloudflare/circl v1.6.3
2026-10-07T03:35:34.2810285Z go: downloading golang.org/x/text v0.39.0
2026-10-07T03:35:57.3476319Z Building network-policy helper for gVisor integration
2026-10-07T03:35:57.7164374Z Installing network-policy helper and preparing its identity contract
2026-10-07T03:35:57.7650983Z helper launch: bash=/bin/bash version=5.2.21(1)-release owner=2455
2026-10-07T03:36:01.0893326Z helper ready: pid=149769 attempt=32
2026-10-07T03:36:01.0942556Z runsc version 7c6199801fd2-dirty
2026-10-07T03:36:01.0943046Z spec: 1.2.1
2026-10-07T03:36:01.1144035Z 29.8.1
2026-10-07T03:36:01.1794509Z {"path":"/usr/libexec/heliopause/gvisor/runsc","runtimeArgs":["--sidecar-usage-policy=STRICT","--pod-init-config=/etc/heliopause/pod-init.json"],"status":{"org.opencontainers.runtime-spec.features":"{\"ociVersionMin\":\"1.0.0\",\"ociVersionMax\":\"1.2.1\",\"hooks\":[\"prestart\",\"createRuntime\",\"createContainer\",\"startContainer\",\"poststart\",\"poststop\"],\"mountOptions\":[\"acl\",\"async\",\"atime\",\"bind\",\"defaults\",\"dev\",\"diratime\",\"dirsync\",\"exec\",\"iversion\",\"loud\",\"mand\",\"noacl\",\"noatime\",\"nodev\",\"nodiratime\",\"noexec\",\"noiversion\",\"nomand\",\"norelatime\",\"nostrictatime\",\"nosuid\",\"private\",\"rbind\",\"relatime\",\"remount\",\"ro\",\"rprivate\",\"rslave\",\"runbindable\",\"rw\",\"silent\",\"slave\",\"strictatime\",\"suid\",\"sync\",\"unbindable\"],\"linux\":{\"namespaces\":[\"cgroup\",\"ipc\",\"mount\",\"network\",\"pid\",\"user\",\"uts\"],\"capabilities\":[\"CAP_PERFMON\",\"CAP_CHOWN\",\"CAP_FSETID\",\"CAP_SETGID\",\"CAP_SYS_ADMIN\",\"CAP_SETFCAP\",\"CAP_SYSLOG\",\"CAP_BPF\",\"CAP_CHECKPOINT_RESTORE\",\"CAP_DAC_OVERRIDE\",\"CAP_SETUID\",\"CAP_AUDIT_READ\",\"CAP_FOWNER\",\"CAP_LINUX_IMMUTABLE\",\"CAP_SYS_MODULE\",\"CAP_SYS_CHROOT\",\"CAP_SYS_TIME\",\"CAP_AUDIT_WRITE\",\"CAP_WAKE_ALARM\",\"CAP_NET_ADMIN\",\"CAP_IPC_OWNER\",\"CAP_SYS_PTRACE\",\"CAP_LEASE\",\"CAP_NET_BIND_SERVICE\",\"CAP_SYS_PACCT\",\"CAP_SYS_RESOURCE\",\"CAP_SYS_TTY_CONFIG\",\"CAP_MKNOD\",\"CAP_AUDIT_CONTROL\",\"CAP_NET_BROADCAST\",\"CAP_IPC_LOCK\",\"CAP_SYS_RAWIO\",\"CAP_DAC_READ_SEARCH\",\"CAP_KILL\",\"CAP_SETPCAP\",\"CAP_NET_RAW\",\"CAP_MAC_OVERRIDE\",\"CAP_MAC_ADMIN\",\"CAP_SYS_BOOT\",\"CAP_SYS_NICE\",\"CAP_BLOCK_SUSPEND\"],\"cgroup\":{\"v1\":true,\"v2\":false,\"systemd\":false,\"systemdUser\":false,\"rdma\":false},\"seccomp\":{\"enabled\":true,\"actions\":[\"SCMP_ACT_KILL\",\"SCMP_ACT_TRAP\",\"SCMP_ACT_ERRNO\",\"SCMP_ACT_TRACE\",\"SCMP_ACT_ALLOW\"],\"operators\":[\"SCMP_CMP_EQ\",\"SCMP_CMP_NE\",\"SCMP_CMP_GT\",\"SCMP_CMP_GE\",\"SCMP_CMP_LT\",\"SCMP_CMP_LE\",\"SCMP_CMP_MASKED_EQ\"],\"archs\":[\"SCMP_ARCH_X86_64\",\"SCMP_ARCH_AARCH64\"],\"knownFlags\":[\"SECCOMP_FILTER_FLAG_TSYNC\"],\"supportedFlags\":[\"SECCOMP_FILTER_FLAG_TSYNC\"]},\"apparmor\":{\"enabled\":false},\"selinux\":{\"enabled\":false},\"intelRdt\":{\"enabled\":false},\"mountExtensions\":{\"idmap\":{\"enabled\":true}}},\"annotations\":{\"dev.gvisor.container-name-remap.\":\"\",\"dev.gvisor.flag.EXPERIMENTAL-xdp\":\"off\",\"dev.gvisor.flag.EXPERIMENTAL-xdp-need-wakeup\":\"true\",\"dev.gvisor.flag.TESTONLY-afs-syscall-panic\":\"false\",\"dev.gvisor.flag.TESTONLY-autosave-image-path\":\"\",\"dev.gvisor.flag.TESTONLY-autosave-resume\":\"false\",\"dev.gvisor.flag.TESTONLY-nftables\":\"false\",\"dev.gvisor.flag.TESTONLY-test-name-env\":\"\",\"dev.gvisor.flag.TESTONLY-unsafe-nonroot\":\"false\",\"dev.gvisor.flag.allow-connected-on-save\":\"false\",\"dev.gvisor.flag.allow-flag-override\":\"false\",\"dev.gvisor.flag.allow-live-tcp-migration\":\"true\",\"dev.gvisor.flag.allow-packet-socket-write\":\"false\",\"dev.gvisor.flag.allow-rootfs-tar-annotation\":\"false\",\"dev.gvisor.flag.allow-suid\":\"false\",\"dev.gvisor.flag.alsologtostderr\":\"false\",\"dev.gvisor.flag.app-huge-pages\":\"true\",\"dev.gvisor.flag.buffer-pooling\":\"true\",\"dev.gvisor.flag.cgroupfs\":\"false\",\"dev.gvisor.flag.character-device-policy\":\"emulated-only\",\"dev.gvisor.flag.control-rpc-stop-timeout\":\"15s\",\"dev.gvisor.flag.coverage-report\":\"\",\"dev.gvisor.flag.cpu-num-from-quota\":\"true\",\"dev.gvisor.flag.dcache\":\"-1\",\"dev.gvisor.flag.debug\":\"false\",\"dev.gvisor.flag.debug-command\":\"\",\"dev.gvisor.flag.debug-log\":\"\",\"dev.gvisor.flag.debug-log-format\":\"text\",\"dev.gvisor.flag.debug-to-user-log\":\"false\",\"dev.gvisor.flag.directfs\":\"true\",\"dev.gvisor.flag.enable-core-tags\":\"false\",\"dev.gvisor.flag.fdlimit\":\"-1\",\"dev.gvisor.flag.file-access\":\"exclusive\",\"dev.gvisor.flag.file-access-mounts\":\"shared\",\"dev.gvisor.flag.final-metrics-log\":\"\",\"dev.gvisor.flag.fsgofer-host-uds\":\"false\",\"dev.gvisor.flag.fuse\":\"true\",\"dev.gvisor.flag.gofer-network-namespace\":\"null\",\"dev.gvisor.flag.gso\":\"true\",\"dev.gvisor.flag.gvisor-gro\":\"false\",\"dev.gvisor.flag.gvisor-marker-file\":\"false\",\"dev.gvisor.flag.host-fifo\":\"none\",\"dev.gvisor.flag.host-settings\":\"check\",\"dev.gvisor.flag.host-uds\":\"none\",\"dev.gvisor.flag.ignore-cgroups\":\"false\",\"dev.gvisor.flag.in-sandbox-cgroup\":\"v1\",\"dev.gvisor.flag.iouring\":\"false\",\"dev.gvisor.flag.kvm-use-cpu-nums\":\"false\",\"dev.gvisor.flag.lisafs\":\"true\",\"dev.gvisor.flag.log\":\"\",\"dev.gvisor.flag.log-format\":\"text\",\"dev.gvisor.flag.log-packets\":\"false\",\"dev.gvisor.flag.metric-server\":\"\",\"dev.gvisor.flag.mount-cgroup-v2\":\"false\",\"dev.gvisor.flag.net-disconnect-ok\":\"true\",\"dev.gvisor.flag.net-raw\":\"false\",\"dev.gvisor.flag.network\":\"sandbox\",\"dev.gvisor.flag.network-processors-per-channel\":\"0\",\"dev.gvisor.flag.num-network-channels\":\"1\",\"dev.gvisor.flag.nvproxy\":\"false\",\"dev.gvisor.flag.nvproxy-allow-unsupported-driver\":\"false\",\"dev.gvisor.flag.nvproxy-allowed-driver-capabilities\":\"utility,compute\",\"dev.gvisor.flag.nvproxy-docker\":\"false\",\"dev.gvisor.flag.nvproxy-driver-version\":\"\",\"dev.gvisor.flag.oci-seccomp\":\"false\",\"dev.gvisor.flag.overlay\":\"false\",\"dev.gvisor.flag.overlay2\":\"root:self\",\"dev.gvisor.flag.override-procs\":\"\",\"dev.gvisor.flag.panic-log\":\"\",\"dev.gvisor.flag.panic-signal\":\"-1\",\"dev.gvisor.flag.pause-external-networking\":\"false\",\"dev.gvisor.flag.pcap-log\":\"\",\"dev.gvisor.flag.platform\":\"systrap\",\"dev.gvisor.flag.platform_device_path\":\"\",\"dev.gvisor.flag.pod-init-config\":\"\",\"dev.gvisor.flag.profile\":\"false\",\"dev.gvisor.flag.profile-block\":\"\",\"dev.gvisor.flag.profile-cpu\":\"\",\"dev.gvisor.flag.profile-gc-interval\":\"0s\",\"dev.gvisor.flag.profile-heap\":\"\",\"dev.gvisor.flag.profile-mutex\":\"\",\"dev.gvisor.flag.profiling-metrics\":\"\",\"dev.gvisor.flag.profiling-metrics-log\":\"\",\"dev.gvisor.flag.profiling-metrics-rate-us\":\"1000\",\"dev.gvisor.flag.qdisc\":\"fifo\",\"dev.gvisor.flag.qdisc-tbf-burst\":\"0\",\"dev.gvisor.flag.qdisc-tbf-rate\":\"0\",\"dev.gvisor.flag.rdmaproxy\":\"false\",\"dev.gvisor.flag.ref-leak-mode\":\"disabled\",\"dev.gvisor.flag.reproduce-nat\":\"false\",\"dev.gvisor.flag.reproduce-nftables\":\"false\",\"dev.gvisor.flag.restore-spec-validation\":\"enforce\",\"dev.gvisor.flag.root\":\"\",\"dev.gvisor.flag.rootless\":\"false\",\"dev.gvisor.flag.rx-checksum-offload\":\"true\",\"dev.gvisor.flag.save-restore-netstack\":\"true\",\"dev.gvisor.flag.shared-root\":\"\",\"dev.gvisor.flag.sidecar-release-enforcement-policy\":\"IF_RELEASE_BUILD\",\"dev.gvisor.flag.sidecar-usage-policy\":\"DEFAULT\",\"dev.gvisor.flag.software-gso\":\"true\",\"dev.gvisor.flag.strace\":\"false\",\"dev.gvisor.flag.strace-event\":\"false\",\"dev.gvisor.flag.strace-log-size\":\"1024\",\"dev.gvisor.flag.strace-syscalls\":\"\",\"dev.gvisor.flag.systemd-cgroup\":\"false\",\"dev.gvisor.flag.systrap-disable-fast-path\":\"false\",\"dev.gvisor.flag.systrap-disable-syscall-patching\":\"false\",\"dev.gvisor.flag.tpuproxy\":\"false\",\"dev.gvisor.flag.trace\":\"\",\"dev.gvisor.flag.traceback\":\"system\",\"dev.gvisor.flag.tx-checksum-offload\":\"false\",\"dev.gvisor.flag.vfs2\":\"true\",\"dev.gvisor.flag.watchdog-action\":\"log\",\"dev.gvisor.internal.cpufeatures\":\"\",\"dev.gvisor.internal.seccomp.\":\"\",\"dev.gvisor.internal.seccomp.cont\":\"RuntimeDefault\",\"dev.gvisor.internal.tpuproxy\":\"\",\"dev.gvisor.tar.rootfs.upper\":\"\"},\"potentiallyUnsafeConfigAnnotations\":[\"dev.gvisor.container-name-remap.\",\"dev.gvisor.flag.EXPERIMENTAL-xdp\",\"dev.gvisor.flag.EXPERIMENTAL-xdp-need-wakeup\",\"dev.gvisor.flag.TESTONLY-afs-syscall-panic\",\"dev.gvisor.flag.TESTONLY-autosave-image-path\",\"dev.gvisor.flag.TESTONLY-autosave-resume\",\"dev.gvisor.flag.TESTONLY-nftables\",\"dev.gvisor.flag.TESTONLY-test-name-env\",\"dev.gvisor.flag.TESTONLY-unsafe-nonroot\",\"dev.gvisor.flag.allow-flag-override\",\"dev.gvisor.flag.allow-live-tcp-migration\",\"dev.gvisor.flag.allow-packet-socket-write\",\"dev.gvisor.flag.allow-rootfs-tar-annotation\",\"dev.gvisor.flag.allow-suid\",\"dev.gvisor.flag.alsologtostderr\",\"dev.gvisor.flag.app-huge-pages\",\"dev.gvisor.flag.buffer-pooling\",\"dev.gvisor.flag.cgroupfs\",\"dev.gvisor.flag.character-device-policy\",\"dev.gvisor.flag.control-rpc-stop-timeout\",\"dev.gvisor.flag.coverage-report\",\"dev.gvisor.flag.cpu-num-from-quota\",\"dev.gvisor.flag.dcache\",\"dev.gvisor.flag.debug-log\",\"dev.gvisor.flag.debug-log-format\",\"dev.gvisor.flag.directfs\",\"dev.gvisor.flag.enable-core-tags\",\"dev.gvisor.flag.fdlimit\",\"dev.gvisor.flag.file-access\",\"dev.gvisor.flag.file-access-mounts\",\"dev.gvisor.flag.final-metrics-log\",\"dev.gvisor.flag.fsgofer-host-uds\",\"dev.gvisor.flag.fuse\",\"dev.gvisor.flag.gofer-network-namespace\",\"dev.gvisor.flag.gso\",\"dev.gvisor.flag.gvisor-gro\",\"dev.gvisor.flag.gvisor-marker-file\",\"dev.gvisor.flag.host-fifo\",\"dev.gvisor.flag.host-settings\",\"dev.gvisor.flag.ignore-cgroups\",\"dev.gvisor.flag.iouring\",\"dev.gvisor.flag.kvm-use-cpu-nums\",\"dev.gvisor.flag.lisafs\",\"dev.gvisor.flag.log\",\"dev.gvisor.flag.log-format\",\"dev.gvisor.flag.log-packets\",\"dev.gvisor.flag.metric-server\",\"dev.gvisor.flag.mount-cgroup-v2\",\"dev.gvisor.flag.net-raw\",\"dev.gvisor.flag.network\",\"dev.gvisor.flag.network-processors-per-channel\",\"dev.gvisor.flag.num-network-channels\",\"dev.gvisor.flag.nvproxy\",\"dev.gvisor.flag.nvproxy-allow-unsupported-driver\",\"dev.gvisor.flag.nvproxy-allowed-driver-capabilities\",\"dev.gvisor.flag.nvproxy-docker\",\"dev.gvisor.flag.nvproxy-driver-version\",\"dev.gvisor.flag.overlay\",\"dev.gvisor.flag.override-procs\",\"dev.gvisor.flag.panic-log\",\"dev.gvisor.flag.panic-signal\",\"dev.gvisor.flag.pcap-log\",\"dev.gvisor.flag.platform\",\"dev.gvisor.flag.platform_device_path\",\"dev.gvisor.flag.pod-init-config\",\"dev.gvisor.flag.profile\",\"dev.gvisor.flag.profile-block\",\"dev.gvisor.flag.profile-cpu\",\"dev.gvisor.flag.profile-gc-interval\",\"dev.gvisor.flag.profile-heap\",\"dev.gvisor.flag.profile-mutex\",\"dev.gvisor.flag.profiling-metrics\",\"dev.gvisor.flag.profiling-metrics-log\",\"dev.gvisor.flag.profiling-metrics-rate-us\",\"dev.gvisor.flag.rdmaproxy\",\"dev.gvisor.flag.ref-leak-mode\",\"dev.gvisor.flag.reproduce-nat\",\"dev.gvisor.flag.restore-spec-validation\",\"dev.gvisor.flag.root\",\"dev.gvisor.flag.rootless\",\"dev.gvisor.flag.rx-checksum-offload\",\"dev.gvisor.flag.save-restore-netstack\",\"dev.gvisor.flag.shared-root\",\"dev.gvisor.flag.sidecar-release-enforcement-policy\",\"dev.gvisor.flag.sidecar-usage-policy\",\"dev.gvisor.flag.software-gso\",\"dev.gvisor.flag.strace-event\",\"dev.gvisor.flag.systemd-cgroup\",\"dev.gvisor.flag.systrap-disable-fast-path\",\"dev.gvisor.flag.systrap-disable-syscall-patching\",\"dev.gvisor.flag.tpuproxy\",\"dev.gvisor.flag.trace\",\"dev.gvisor.flag.traceback\",\"dev.gvisor.flag.tx-checksum-offload\",\"dev.gvisor.flag.vfs2\",\"dev.gvisor.flag.watchdog-action\",\"dev.gvisor.internal.cpufeatures\",\"dev.gvisor.internal.seccomp.\",\"dev.gvisor.internal.tpuproxy\",\"dev.gvisor.tar.rootfs.upper\"]}"}}
2026-10-07T03:36:37.2578056Z fuzz: elapsed: 0s, gathering baseline coverage: 0/3 completed
2026-10-07T03:36:37.2903448Z fuzz: elapsed: 0s, gathering baseline coverage: 3/3 completed, now fuzzing with 4 workers
2026-10-07T03:36:40.2568148Z fuzz: elapsed: 3s, execs: 18248 (6081/sec), new interesting: 22 (total: 25)
2026-10-07T03:36:40.2612965Z fuzz: elapsed: 3s, execs: 18248 (0/sec), new interesting: 22 (total: 25)
2026-10-07T03:36:40.2614284Z PASS
2026-10-07T03:36:40.2626237Z ok  	github.com/rahoney/heliopause/internal/sandbox	3.012s
2026-10-07T03:36:56.5532057Z === RUN   TestLinuxTrustedHostExecutorIntegration
2026-10-07T03:37:00.1530033Z --- PASS: TestLinuxTrustedHostExecutorIntegration (3.60s)
2026-10-07T03:37:00.1534054Z PASS
2026-10-07T03:37:00.1535171Z ok  	github.com/rahoney/heliopause/internal/hosttool	3.604s
2026-10-07T03:37:10.8067731Z ok  	github.com/rahoney/heliopause/internal/sandbox	2.420s
2026-10-07T03:37:12.0017454Z ok  	github.com/rahoney/heliopause/internal/sandbox	0.638s
2026-10-07T03:37:16.2987846Z observer_attribution sequence=1 profile=npm-lifecycle counts=NETWORK/CONNECT/INET/CONTROL_GROUP/OTHER:14
2026-10-07T03:37:21.3173651Z {"schema_version":"helox.operation-result/v1","operation_id":"op_lwkl4cjjfo36jejox57mour2im","operation":"INSTALL","operation_status":"COMPLETED","artifact":{"reference":{"source_id":"npm","locator":"is-number@7.0.0"}},"checks":[{"id":"npm-declared-integrity","kind":"VERIFICATION","required":true,"capability":"SUPPORTED","execution_status":"COMPLETED"},{"id":"npm-static-archive","kind":"INSPECTION","required":true,"capability":"SUPPORTED","execution_status":"COMPLETED"},{"id":"npm-dynamic-lifecycle","kind":"INSPECTION","required":true,"capability":"SUPPORTED","execution_status":"COMPLETED"}],"evidence_references":[{"id":"npm-declared-integrity-result","handle":"evidence:run_dbwdptwknw457pfqdku6z2h4xu:npm-declared-integrity-result"},{"id":"npm-static-archive-result","handle":"evidence:run_dbwdptwknw457pfqdku6z2h4xu:npm-static-archive-result"},{"id":"npm-dynamic-lifecycle-result","handle":"evidence:run_dbwdptwknw457pfqdku6z2h4xu:npm-dynamic-lifecycle-result"}],"dependency_policy_attribution":[{"node":"lock-cea938ada7edc7cbce5a1360495944a7","package":"is-number","version":"7.0.0","source":"npm","entry_policy_decision":"ALLOW","entry_policy_reasons":["M3_REQUIRED_CHECKS_COMPLETED"],"dynamic_finding_codes":null}],"policy":{"decision":"ALLOW","id":"m4-npm-install-promotion","version":1,"reasons":["M4_VERIFIED_SET_COMPLETED"]},"target":"/home/runner/work/_temp/npm-target","verified_set":{"manifest_id":"d123c451acc9d8fc06145cfa7544cc6503a5cf5a7b32122a3650fc1d9b2819b6","sbom_handle":"staging:d123c451acc9d8fc06145cfa7544cc6503a5cf5a7b32122a3650fc1d9b2819b6:sbom.cdx.json","staging_handle":"staging:d123c451acc9d8fc06145cfa7544cc6503a5cf5a7b32122a3650fc1d9b2819b6","entry_count":1},"promotion_status":"COMPLETED"}
2026-10-07T03:37:32.3527592Z observer_attribution sequence=1 profile=pypi-wheel counts=NETWORK/TRUSTED_CONTROL/CONNECT/INET/DIRECT_EXEC_SESSION/PYTHON:15
2026-10-07T03:37:41.2421688Z {"schema_version":"helox.operation-result/v1","operation_id":"op_iz4kryhmy2w4id7yqdrqvukmp4","operation":"INSTALL","operation_status":"COMPLETED","artifact":{"reference":{"source_id":"pypi","locator":"packaging@25.0"}},"checks":[{"id":"pypi-declared-sha256","kind":"VERIFICATION","required":true,"capability":"SUPPORTED","execution_status":"COMPLETED"},{"id":"pypi-static-archive","kind":"INSPECTION","required":true,"capability":"SUPPORTED","execution_status":"COMPLETED"},{"id":"pypi-dynamic-import","kind":"INSPECTION","required":true,"capability":"SUPPORTED","execution_status":"COMPLETED"}],"evidence_references":[{"id":"pypi-declared-sha256-result","handle":"evidence:run_okfzqemgkxzn6mcb4426wn7644:pypi-declared-sha256-result"},{"id":"pypi-static-archive-result","handle":"evidence:run_okfzqemgkxzn6mcb4426wn7644:pypi-static-archive-result"},{"id":"pypi-dynamic-import-result","handle":"evidence:run_okfzqemgkxzn6mcb4426wn7644:pypi-dynamic-import-result"}],"dependency_policy_attribution":[{"node":"pypi-a08217d00fbe041ba9f9f3cea594d590","package":"packaging","version":"25.0","source":"pypi","entry_policy_decision":"ALLOW","entry_policy_reasons":["M3_REQUIRED_CHECKS_COMPLETED"],"dynamic_finding_codes":null}],"policy":{"decision":"ALLOW","id":"m5-pypi-pip","version":1,"reasons":["M5_VERIFIED_SET_COMPLETED"]},"target":"/home/runner/work/_temp/pypi-target","verified_set":{"manifest_id":"d579c1a7c85865ef3359919cdc3792bd0f1caecdc0ef59b3295d3cdef03cccb1","sbom_handle":"staging:d579c1a7c85865ef3359919cdc3792bd0f1caecdc0ef59b3295d3cdef03cccb1:sbom.cdx.json","staging_handle":"staging:d579c1a7c85865ef3359919cdc3792bd0f1caecdc0ef59b3295d3cdef03cccb1","entry_count":1},"promotion_status":"COMPLETED"}
2026-10-07T03:37:41.7641781Z === RUN   TestPublicTerraformProviderSourceIntegration
2026-10-07T03:37:41.7642740Z === RUN   TestPublicTerraformProviderSourceIntegration/hashicorp/random@3.7.2
2026-10-07T03:37:42.2803610Z     source_integration_linux_test.go:92: ZIP fully read; files=2; h1=h1:356j/3XnXEKr9nyicLUufzoF4Yr6hRy481KIxRVpK0c=; zh=zh:7b8434212eef0f8c83f5a90c6d76feaf850f6502b61b53c329e85b3b281cba34; executable=terraform-provider-random_v3.7.2_x5; executableSHA256=b2e1c417324b1100b67360e044d69636043320ffe024d0546f18b74ed99a7c39
2026-10-07T03:37:42.2838323Z     source_integration_linux_test.go:93: Exact public provider verified; archive=7b8434212eef0f8c83f5a90c6d76feaf850f6502b61b53c329e85b3b281cba34; envelope=7d85f5a5f93b439108a4ae28afba098908190b8b735c622024e3fab33dfb9b37; signer=C874011F0AB405110D02105534365D9472D7468F; trust=HASHICORP_OFFICIAL
2026-10-07T03:37:42.2841080Z     source_integration_linux_test.go:94: Qualification intake directory=/tmp/TestPublicTerraformProviderSourceIntegrationhashicorprandom@3.4045364769/001; Run=run_4vbmsukuum5ddcvz3cy2qmlgcm
2026-10-07T03:37:42.2843718Z === RUN   TestPublicTerraformProviderSourceIntegration/integrations/github@6.6.0
2026-10-07T03:37:42.9046514Z     source_integration_linux_test.go:92: ZIP fully read; files=4; h1=h1:Fp0RrNe+w167AQkVUWC1WRAsyjhhHN7aHWUky7VkKW8=; zh=zh:772edb5890d72b32868f9fdc0a9a1d4f4701d8e7f8acb37a7ac530d053c776e3; executable=terraform-provider-github_v6.6.0; executableSHA256=eb5a89fb6f8ac65d81ed98398a89155b21b1b072ef032e7cad34ca10b477884f
2026-10-07T03:37:42.9092423Z     source_integration_linux_test.go:93: Exact public provider verified; archive=772edb5890d72b32868f9fdc0a9a1d4f4701d8e7f8acb37a7ac530d053c776e3; envelope=f14b541162418fe2125a290797ebd7504b1efef667698bff36aff2f458eb56e7; signer=F31928FACE52F1A13A6C60EA38027F80D7FD5FB2; trust=RECOGNIZED_PARTNER
2026-10-07T03:37:42.9095262Z     source_integration_linux_test.go:94: Qualification intake directory=/tmp/TestPublicTerraformProviderSourceIntegrationintegrationsgithub1682813442/001; Run=run_istrgs7r4sxkwfy536m3casgli
2026-10-07T03:37:42.9099865Z --- PASS: TestPublicTerraformProviderSourceIntegration (1.15s)
2026-10-07T03:37:42.9101449Z     --- PASS: TestPublicTerraformProviderSourceIntegration/hashicorp/random@3.7.2 (0.52s)
2026-10-07T03:37:42.9123753Z     --- PASS: TestPublicTerraformProviderSourceIntegration/integrations/github@6.6.0 (0.63s)
2026-10-07T03:37:42.9124587Z PASS
2026-10-07T03:37:42.9125459Z ok  	github.com/rahoney/heliopause/internal/verification/terraformprovider	1.152s
2026-10-07T03:37:43.6708074Z helper reaped: pid=149769 wait=0
2026-10-07T03:37:43.6873415Z helper launch: bash=/bin/bash version=5.2.21(1)-release owner=2455
2026-10-07T03:37:45.2525446Z helper ready: pid=162066 attempt=15
2026-10-07T03:37:45.2566068Z === RUN   TestLinuxPyTorchResolverIntegration
2026-10-07T03:38:22.9747175Z observer_attribution sequence=1 profile=pypi-wheel-pytorch-cpu counts=NETWORK/TRUSTED_CONTROL/CONNECT/INET/DIRECT_EXEC_SESSION/PYTHON:151
2026-10-07T03:38:23.1537791Z --- PASS: TestLinuxPyTorchResolverIntegration (37.90s)
2026-10-07T03:38:23.1538423Z PASS
2026-10-07T03:38:23.1589716Z === RUN   TestLinuxGoIsolatedResolverIntegration
2026-10-07T03:38:25.8801403Z observer_attribution sequence=1 profile=go-module-resolver counts=NETWORK/TRUSTED_CONTROL/CONNECT/INET/DIRECT_EXEC_SESSION/OTHER:2
2026-10-07T03:38:26.0744512Z     gomodule_isolated_integration_test.go:21: isolated_command=get github.com/spf13/pflag@v1.0.9 output_bytes=0 output_sha256=e3b0c44298fc1c149afbf4c8996fb92427ae41e4649b934ca495991b7852b855
2026-10-07T03:38:27.3447210Z observer_attribution sequence=2 profile=go-module-resolver counts=NETWORK/TRUSTED_CONTROL/CONNECT/INET/DIRECT_EXEC_SESSION/OTHER:1
2026-10-07T03:38:27.5116384Z     gomodule_isolated_integration_test.go:21: isolated_command=mod download -json all output_bytes=497 output_sha256=56f6013247270cb569000a7f0014ef97099984324d026108514217ef8f7c7d4c
2026-10-07T03:38:28.6864315Z observer_attribution sequence=3 profile=go-module-resolver counts=NETWORK/TRUSTED_CONTROL/CONNECT/INET/DIRECT_EXEC_SESSION/OTHER:1
2026-10-07T03:38:28.8577755Z     gomodule_isolated_integration_test.go:21: isolated_command=mod graph output_bytes=111 output_sha256=a34d60c5aea5368cbb0e91d403dfd8f88442cc3322e0087a47dc4cd618e991b0
2026-10-07T03:38:28.8583315Z --- PASS: TestLinuxGoIsolatedResolverIntegration (5.70s)
2026-10-07T03:38:28.8584156Z === RUN   TestLinuxGoIsolatedProjectResolverIntegration
2026-10-07T03:38:30.1188394Z observer_attribution sequence=1 profile=go-module-resolver counts=NETWORK/TRUSTED_CONTROL/CONNECT/INET/DIRECT_EXEC_SESSION/OTHER:1
2026-10-07T03:38:30.3107592Z     gomodule_isolated_integration_test.go:28: isolated_command=mod download -json all output_bytes=497 output_sha256=56f6013247270cb569000a7f0014ef97099984324d026108514217ef8f7c7d4c
2026-10-07T03:38:31.4672423Z observer_attribution sequence=2 profile=go-module-resolver counts=NETWORK/TRUSTED_CONTROL/CONNECT/INET/DIRECT_EXEC_SESSION/OTHER:1
2026-10-07T03:38:31.6328859Z     gomodule_isolated_integration_test.go:28: isolated_command=mod graph output_bytes=111 output_sha256=a34d60c5aea5368cbb0e91d403dfd8f88442cc3322e0087a47dc4cd618e991b0
2026-10-07T03:38:31.6334992Z --- PASS: TestLinuxGoIsolatedProjectResolverIntegration (2.78s)
2026-10-07T03:38:31.6335871Z === RUN   TestLinuxGoSourceProjectSnapshotIntegration
2026-10-07T03:38:32.8504893Z observer_attribution sequence=1 profile=go-module-resolver counts=NETWORK/TRUSTED_CONTROL/CONNECT/INET/DIRECT_EXEC_SESSION/OTHER:1
2026-10-07T03:38:34.2484942Z observer_attribution sequence=2 profile=go-module-resolver counts=NETWORK/TRUSTED_CONTROL/CONNECT/INET/DIRECT_EXEC_SESSION/OTHER:1
2026-10-07T03:38:34.4082618Z     gomodule_isolated_integration_test.go:37: actual_project_graph_sha256=2fd85f35b1032f4332f924e60f9846cac5bd5a4f1a49a36a135879eec72a4db5 modules=1
2026-10-07T03:38:34.4087806Z --- PASS: TestLinuxGoSourceProjectSnapshotIntegration (2.78s)
2026-10-07T03:38:34.4088733Z === RUN   TestLinuxGoDependencyFreeProjectSnapshotIntegration
2026-10-07T03:38:36.9507343Z     gomodule_isolated_integration_test.go:44: actual_project_graph_sha256=5fce8efcf6e6c7e4462e816a233133217f502d87491cac38214d03de2cf441a5 modules=0
2026-10-07T03:38:36.9513719Z --- PASS: TestLinuxGoDependencyFreeProjectSnapshotIntegration (2.54s)
2026-10-07T03:38:36.9514504Z PASS
2026-10-07T03:38:36.9568828Z === RUN   TestLinuxCargoSourceProjectSnapshotIntegration
2026-10-07T03:38:38.1801600Z observer_attribution sequence=1 profile=cargo-resolver counts=NETWORK/TRUSTED_CONTROL/CONNECT/INET/DIRECT_EXEC_SESSION/OTHER:10,NETWORK/TRUSTED_CONTROL/SENDTO/INET/DIRECT_EXEC_SESSION/OTHER:24
2026-10-07T03:38:38.3756434Z     cargo_isolated_integration_test.go:58: actual_cargo_graph_sha256=df04ccadce07ff0b9a2facd6a75f628a65a10bc82b4f51b521d53f0b34f99c45 crates=1
2026-10-07T03:38:38.3768598Z --- PASS: TestLinuxCargoSourceProjectSnapshotIntegration (1.42s)
2026-10-07T03:38:38.3769312Z PASS
2026-10-07T03:38:38.3821169Z === RUN   TestLinuxTerraformProviderProbeIntegration
2026-10-07T03:38:38.3822064Z === RUN   TestLinuxTerraformProviderProbeIntegration/hashicorp/random@3.7.2
2026-10-07T03:38:39.3471733Z     terraform_provider_integration_linux_test.go:89: Exact public provider help probe completed: reference=hashicorp/random@3.7.2 archive=7b8434212eef0f8c83f5a90c6d76feaf850f6502b61b53c329e85b3b281cba34 envelope=7d85f5a5f93b439108a4ae28afba098908190b8b735c622024e3fab33dfb9b37 {"schema":"m11-004","session":"sbx_dpfy3tyodbdqwrdxksidnxy7na","status":"COMPLETED","unique_subjects":4,"total":39,"counts":{"FILESYSTEM:filesystem-workspace-access":2,"PROCESS:lifecycle-completed":1,"PROCESS:process-exec-expected":35,"PROCESS:terraform-help-exit-0":1}}
2026-10-07T03:38:39.3478765Z === RUN   TestLinuxTerraformProviderProbeIntegration/integrations/github@6.6.0
2026-10-07T03:38:40.2821749Z     direct_exec_admission.go:99: discard command failed: docker ["exec" "--user" "0:0" "cd05a97a8c7746c29f494cd8c27ee0f9dff2c315cd934697a3dedb3e9213dfd2" "/haa-runtime/haa-boundary" "--origin-handoff-elf" "550985d1bd8fd7035d701ff37b0714150c2c082c165de264f76d8dad0d624886" "/work/artifact" "-help"]: exit status 1; bounded output="This binary is a plugin. These are not meant to be executed directly.\nPlease execute the program that consumes these plugins, which will\nload any plugins automatically\n"
2026-10-07T03:38:40.3662985Z     terraform_provider_integration_linux_test.go:89: Exact public provider help probe completed: reference=integrations/github@6.6.0 archive=772edb5890d72b32868f9fdc0a9a1d4f4701d8e7f8acb37a7ac530d053c776e3 envelope=f14b541162418fe2125a290797ebd7504b1efef667698bff36aff2f458eb56e7 {"schema":"m11-004","session":"sbx_coritrptffzasyfjyazbsymoxq","status":"COMPLETED","unique_subjects":4,"total":39,"counts":{"FILESYSTEM:filesystem-workspace-access":2,"PROCESS:lifecycle-completed":1,"PROCESS:process-exec-expected":35,"PROCESS:terraform-help-exit-1":1}}
2026-10-07T03:38:40.3672764Z --- PASS: TestLinuxTerraformProviderProbeIntegration (1.99s)
2026-10-07T03:38:40.3674285Z     --- PASS: TestLinuxTerraformProviderProbeIntegration/hashicorp/random@3.7.2 (0.97s)
2026-10-07T03:38:40.3675957Z     --- PASS: TestLinuxTerraformProviderProbeIntegration/integrations/github@6.6.0 (1.02s)
2026-10-07T03:38:40.3677397Z === RUN   TestLinuxTerraformProviderSecurityIntegration
2026-10-07T03:38:40.3678214Z === RUN   TestLinuxTerraformProviderSecurityIntegration/normal
2026-10-07T03:38:40.9779471Z     terraform_provider_security_integration_linux_test.go:203: actual_provider_boundary=normal {"schema":"m11-004","session":"sbx_axz4yer737zjreihtdfenj45ra","status":"COMPLETED","unique_subjects":4,"total":38,"counts":{"FILESYSTEM:filesystem-workspace-access":1,"PROCESS:lifecycle-completed":1,"PROCESS:process-exec-expected":35,"PROCESS:terraform-help-exit-0":1}}
2026-10-07T03:38:40.9785611Z === RUN   TestLinuxTerraformProviderSecurityIntegration/network
2026-10-07T03:38:41.5651820Z observer_attribution sequence=1 profile=terraform-provider counts=NETWORK/CONNECT/INET/ARTIFACT_GROUP/OTHER:1
2026-10-07T03:38:41.6029351Z     terraform_provider_security_integration_linux_test.go:203: actual_provider_boundary=network {"schema":"m11-004","session":"sbx_qcd7spen367i6ugnrqxqait43q","status":"COMPLETED","unique_subjects":5,"total":39,"counts":{"FILESYSTEM:filesystem-workspace-access":1,"NETWORK:network-attempt":1,"PROCESS:lifecycle-completed":1,"PROCESS:process-exec-expected":35,"PROCESS:terraform-help-exit-0":1}}
2026-10-07T03:38:41.6035577Z === RUN   TestLinuxTerraformProviderSecurityIntegration/filesystem
2026-10-07T03:38:42.2020526Z     terraform_provider_security_integration_linux_test.go:203: actual_provider_boundary=filesystem {"schema":"m11-004","session":"sbx_ppqw7uojmuawedsbfjfznamxyi","status":"INCOMPLETE","limitation":"M3_DYNAMIC_OBSERVER_FAILED","unique_subjects":0,"total":0,"counts":{}}
2026-10-07T03:38:42.2022647Z === RUN   TestLinuxTerraformProviderSecurityIntegration/unexpected-process
2026-10-07T03:38:42.7379711Z observer_attribution sequence=1 profile=terraform-provider counts=PROCESS/SENTRY_EXEC/OTHER/ARTIFACT_ROLE/ARTIFACT_GROUP:1
2026-10-07T03:38:42.8144408Z     terraform_provider_security_integration_linux_test.go:203: actual_provider_boundary=unexpected-process {"schema":"m11-004","session":"sbx_whha7twse5sq3dsdxidp5rsqva","status":"INCOMPLETE","limitation":"M3_DYNAMIC_OBSERVER_FAILED","unique_subjects":1,"total":1,"counts":{"PROCESS:process-exec-unexpected":1}}
2026-10-07T03:38:42.8146785Z --- PASS: TestLinuxTerraformProviderSecurityIntegration (2.45s)
2026-10-07T03:38:42.8164092Z     --- PASS: TestLinuxTerraformProviderSecurityIntegration/normal (0.61s)
2026-10-07T03:38:42.8164818Z     --- PASS: TestLinuxTerraformProviderSecurityIntegration/network (0.62s)
2026-10-07T03:38:42.8165466Z     --- PASS: TestLinuxTerraformProviderSecurityIntegration/filesystem (0.60s)
2026-10-07T03:38:42.8166408Z     --- PASS: TestLinuxTerraformProviderSecurityIntegration/unexpected-process (0.61s)
2026-10-07T03:38:42.8167220Z PASS
2026-10-07T03:38:47.3125713Z helper reaped: pid=162066 wait=0
2026-10-07T03:38:47.3302290Z helper launch: bash=/bin/bash version=5.2.21(1)-release owner=2455
2026-10-07T03:38:48.7910987Z helper ready: pid=169964 attempt=14
2026-10-07T03:38:48.7951323Z === RUN   TestLinuxNPMInspectCLIIntegration
2026-10-07T03:38:54.4754234Z     npm_inspect_integration_test.go:67: actual_npm_inspect_result={"schema_version":"helox.operation-result/v1","operation_id":"op_grech7273exncqws7daku5b4am","operation":"INSPECT","operation_status":"COMPLETED","run":{"id":"run_ztzuhts2mfd6i5auqr7bmlug3a","outcome":"COMPLETED"},"artifact":{"reference":{"source_id":"npm","locator":"is-number@7.0.0"},"resolved_identity":{"source_id":"npm","name":"is-number","version":"7.0.0","variant":"tarball"},"digest":{"algorithm":"sha256","value":"7b75c1057198cf97696909a9bee176c9c5e9bcb5b03bf3ecef2f484defadd51e"}},"checks":[{"id":"npm-declared-integrity","kind":"VERIFICATION","required":true,"capability":"SUPPORTED","execution_status":"COMPLETED"},{"id":"npm-static-archive","kind":"INSPECTION","required":true,"capability":"SUPPORTED","execution_status":"COMPLETED"},{"id":"npm-dynamic-lifecycle","kind":"INSPECTION","required":true,"capability":"SUPPORTED","execution_status":"COMPLETED"}],"evidence_references":[{"id":"npm-declared-integrity-result","handle":"evidence:run_ztzuhts2mfd6i5auqr7bmlug3a:npm-declared-integrity-result"},{"id":"npm-static-archive-result","handle":"evidence:run_ztzuhts2mfd6i5auqr7bmlug3a:npm-static-archive-result"},{"id":"npm-dynamic-lifecycle-result","handle":"evidence:run_ztzuhts2mfd6i5auqr7bmlug3a:npm-dynamic-lifecycle-result"}],"policy":{"decision":"ALLOW","id":"m3-npm-dynamic-inspect","version":1,"reasons":["M3_REQUIRED_CHECKS_COMPLETED"]}}
2026-10-07T03:38:54.4760541Z --- PASS: TestLinuxNPMInspectCLIIntegration (5.68s)
2026-10-07T03:38:54.4760877Z PASS
2026-10-07T03:38:54.4812249Z === RUN   TestLinuxGoDependencyFreeDownloadIntegration
2026-10-07T03:39:02.5204035Z     go_download_integration_test.go:59: actual_download_attempt=0 Source: go-proxy
2026-10-07T03:39:02.5204853Z         Modules: 0
2026-10-07T03:39:02.5205519Z         Graph digest: 5fce8efcf6e6c7e4462e816a233133217f502d87491cac38214d03de2cf441a5
2026-10-07T03:39:10.5031389Z     go_download_integration_test.go:59: actual_download_attempt=1 Source: go-proxy
2026-10-07T03:39:10.5032306Z         Modules: 0
2026-10-07T03:39:10.5033475Z         Graph digest: 5fce8efcf6e6c7e4462e816a233133217f502d87491cac38214d03de2cf441a5
2026-10-07T03:39:10.5044611Z --- PASS: TestLinuxGoDependencyFreeDownloadIntegration (16.02s)
2026-10-07T03:39:10.5045368Z === RUN   TestLinuxGoGetDownloadIntegration
2026-10-07T03:39:16.6237596Z observer_attribution sequence=1 profile=go-module-resolver counts=NETWORK/TRUSTED_CONTROL/CONNECT/INET/DIRECT_EXEC_SESSION/OTHER:4
2026-10-07T03:39:20.0657113Z observer_attribution sequence=2 profile=go-module-resolver counts=NETWORK/TRUSTED_CONTROL/CONNECT/INET/DIRECT_EXEC_SESSION/OTHER:1
2026-10-07T03:39:23.4320110Z observer_attribution sequence=3 profile=go-module-resolver counts=NETWORK/TRUSTED_CONTROL/CONNECT/INET/DIRECT_EXEC_SESSION/OTHER:1
2026-10-07T03:39:28.4488871Z observer_attribution sequence=1 profile=go-module-resolver counts=NETWORK/TRUSTED_CONTROL/CONNECT/INET/DIRECT_EXEC_SESSION/OTHER:1
2026-10-07T03:39:31.8318688Z observer_attribution sequence=2 profile=go-module-resolver counts=NETWORK/TRUSTED_CONTROL/CONNECT/INET/DIRECT_EXEC_SESSION/OTHER:1
2026-10-07T03:39:32.1422171Z --- PASS: TestLinuxGoGetDownloadIntegration (21.64s)
2026-10-07T03:39:32.1422816Z === RUN   TestLinuxGoTransitiveGetDownloadIntegration
2026-10-07T03:39:44.4544602Z observer_attribution sequence=1 profile=go-module-resolver counts=NETWORK/TRUSTED_CONTROL/CONNECT/INET/DIRECT_EXEC_SESSION/OTHER:3
2026-10-07T03:40:00.1604182Z observer_attribution sequence=2 profile=go-module-resolver counts=NETWORK/TRUSTED_CONTROL/CONNECT/INET/DIRECT_EXEC_SESSION/OTHER:4
2026-10-07T03:40:03.5770178Z observer_attribution sequence=3 profile=go-module-resolver counts=NETWORK/TRUSTED_CONTROL/CONNECT/INET/DIRECT_EXEC_SESSION/OTHER:2
2026-10-07T03:40:36.1513620Z observer_attribution sequence=1 profile=go-module-resolver counts=NETWORK/TRUSTED_CONTROL/CONNECT/INET/DIRECT_EXEC_SESSION/OTHER:2
2026-10-07T03:40:39.5859746Z observer_attribution sequence=2 profile=go-module-resolver counts=NETWORK/TRUSTED_CONTROL/CONNECT/INET/DIRECT_EXEC_SESSION/OTHER:2
2026-10-07T03:40:57.5231818Z --- PASS: TestLinuxGoTransitiveGetDownloadIntegration (85.38s)
2026-10-07T03:40:57.5232603Z PASS
2026-10-07T03:40:57.5311509Z === RUN   TestLinuxGoDependencyFreeBuildCLIIntegration
2026-10-07T03:41:22.7595153Z     go_build_cli_integration_test.go:21: actual CLI retained build reference= graph=bda38cb39b9fc0aa676b07ab6ad654d1c5867ec81cfb8ee1b7788d0911f0539e source=27d4b61d26b3f0431008d6843549c699f9d6867184992ef6a007ed27dbfe05a3 cache=5f70bf18a086007016e948b04aed3b82103a36bea41755b6cddfaf10ace3c6ef output=a8188540c6a4a80d72c6f88e84bfd223110b63473d10c11a9dd31f9b0c13d8db recipe=370b1b9aa7af73617e37cb9867e48ae9989b50ddcb8a8cc24fb9db7d3a57e00d
2026-10-07T03:41:39.9165009Z     go_build_cli_integration_test.go:21: actual CLI retained build reference= graph=bda38cb39b9fc0aa676b07ab6ad654d1c5867ec81cfb8ee1b7788d0911f0539e source=27d4b61d26b3f0431008d6843549c699f9d6867184992ef6a007ed27dbfe05a3 cache=5f70bf18a086007016e948b04aed3b82103a36bea41755b6cddfaf10ace3c6ef output=a8188540c6a4a80d72c6f88e84bfd223110b63473d10c11a9dd31f9b0c13d8db recipe=370b1b9aa7af73617e37cb9867e48ae9989b50ddcb8a8cc24fb9db7d3a57e00d
2026-10-07T03:41:39.9199703Z --- PASS: TestLinuxGoDependencyFreeBuildCLIIntegration (42.39s)
2026-10-07T03:41:39.9200233Z === RUN   TestLinuxGoPublicBuildCLIIntegration
2026-10-07T03:41:46.3545663Z observer_attribution sequence=1 profile=go-module-resolver counts=NETWORK/TRUSTED_CONTROL/CONNECT/INET/DIRECT_EXEC_SESSION/OTHER:4
2026-10-07T03:41:50.0828386Z observer_attribution sequence=2 profile=go-module-resolver counts=NETWORK/TRUSTED_CONTROL/CONNECT/INET/DIRECT_EXEC_SESSION/OTHER:1
2026-10-07T03:41:53.7338092Z observer_attribution sequence=3 profile=go-module-resolver counts=NETWORK/TRUSTED_CONTROL/CONNECT/INET/DIRECT_EXEC_SESSION/OTHER:1
2026-10-07T03:42:33.1809669Z     go_build_cli_integration_test.go:24: actual CLI retained build reference=github.com/spf13/pflag@v1.0.9 graph=448d4a5978ee1b675396511f50147e43ebaf11e6cd08603e11a27d3719ae2651 source=047ba408e8a9b4d029447657425faa692863e5c409277514cf49759398944e64 cache=34c81f63bf01dfb5b38ea9eda545d91c5d2dd8357db7b6170b78685877f701af output=36770872f3848cddef52f5af4c8bceeaf00969ebad548c05fd65bc7e55b74c61 recipe=370b1b9aa7af73617e37cb9867e48ae9989b50ddcb8a8cc24fb9db7d3a57e00d
2026-10-07T03:42:33.1903941Z --- PASS: TestLinuxGoPublicBuildCLIIntegration (53.27s)
2026-10-07T03:42:33.1904544Z === RUN   TestLinuxGoTransitiveBuildCLIIntegration
2026-10-07T03:42:45.6576777Z observer_attribution sequence=1 profile=go-module-resolver counts=NETWORK/TRUSTED_CONTROL/CONNECT/INET/DIRECT_EXEC_SESSION/OTHER:3
2026-10-07T03:43:01.5335939Z observer_attribution sequence=2 profile=go-module-resolver counts=NETWORK/TRUSTED_CONTROL/CONNECT/INET/DIRECT_EXEC_SESSION/OTHER:4
2026-10-07T03:43:05.1861989Z observer_attribution sequence=3 profile=go-module-resolver counts=NETWORK/TRUSTED_CONTROL/CONNECT/INET/DIRECT_EXEC_SESSION/OTHER:2
2026-10-07T03:45:17.1463455Z     go_build_cli_integration_test.go:27: actual CLI retained build reference=google.golang.org/grpc@v1.76.0 graph=23e3024403173c469be709790536e5b56df0bf690c756b9f362ca6a9b0e2ec41 source=c5b0d6da55ca1dbb74d5e3ac324706794ac9d9387610351132065d36e050a57f cache=bdf76a0f270b3d34a8da95b35c49e019677aff8d771123dae88caa845fae6d4e output=518d22e9b9ecf2ebbe96dd7be1f5050153a2e62523cf33fc1e2037c4a65c735d recipe=370b1b9aa7af73617e37cb9867e48ae9989b50ddcb8a8cc24fb9db7d3a57e00d
2026-10-07T03:45:18.2146688Z --- PASS: TestLinuxGoTransitiveBuildCLIIntegration (165.02s)
2026-10-07T03:45:18.2147833Z === RUN   TestLinuxGoInvalidTestdataBuildCLIIntegration
2026-10-07T03:45:31.6002374Z     go_build_cli_integration_test.go:30: actual selected compiler failure selector=./testdata source_sha256=27d4b61d26b3f0431008d6843549c699f9d6867184992ef6a007ed27dbfe05a3 trusted_failure=observed go build failed: phase=BUILD_ALL command_status=EXIT_STATUS_1 reason= events=0 bytes=0 session_complete=false last_kind= kinds=none
2026-10-07T03:45:31.6013816Z --- PASS: TestLinuxGoInvalidTestdataBuildCLIIntegration (13.39s)
2026-10-07T03:45:31.6014262Z === RUN   TestLinuxGoCgoBuildCLIIntegration
2026-10-07T03:46:03.2600437Z     go_build_cli_integration_test.go:34: actual CLI retained build reference= graph=bda38cb39b9fc0aa676b07ab6ad654d1c5867ec81cfb8ee1b7788d0911f0539e source=671bad5e3b9f521f5aaacb8ade4fabbd64c39a09a3f16568e3a83fd206dc7a5b cache=5f70bf18a086007016e948b04aed3b82103a36bea41755b6cddfaf10ace3c6ef output=8d739ee41de67be7d872c1d92b226277ca9d736e4873c596ec6950f617f4b9f3 recipe=370b1b9aa7af73617e37cb9867e48ae9989b50ddcb8a8cc24fb9db7d3a57e00d
2026-10-07T03:46:03.2623799Z --- PASS: TestLinuxGoCgoBuildCLIIntegration (31.66s)
2026-10-07T03:46:03.2624529Z === RUN   TestLinuxGoLibraryBuildCLIIntegration
2026-10-07T03:46:17.3534432Z     go_build_cli_integration_test.go:38: actual CLI retained build reference= graph=bda38cb39b9fc0aa676b07ab6ad654d1c5867ec81cfb8ee1b7788d0911f0539e source=4dafcb34a1a39ef8c1b8675ac17792e72e33812905d598525a12bac18cee195d cache=5f70bf18a086007016e948b04aed3b82103a36bea41755b6cddfaf10ace3c6ef output=5f70bf18a086007016e948b04aed3b82103a36bea41755b6cddfaf10ace3c6ef recipe=370b1b9aa7af73617e37cb9867e48ae9989b50ddcb8a8cc24fb9db7d3a57e00d
2026-10-07T03:46:17.3551100Z --- PASS: TestLinuxGoLibraryBuildCLIIntegration (14.09s)
2026-10-07T03:46:17.3551934Z === RUN   TestLinuxGoMixedPackagesBuildCLIIntegration
2026-10-07T03:46:42.1498282Z     go_build_cli_integration_test.go:42: actual CLI retained build reference= graph=bda38cb39b9fc0aa676b07ab6ad654d1c5867ec81cfb8ee1b7788d0911f0539e source=c16a8683cde09153549a7e072093726783a42a4e023b4647f6651abff1f60d9a cache=5f70bf18a086007016e948b04aed3b82103a36bea41755b6cddfaf10ace3c6ef output=a8188540c6a4a80d72c6f88e84bfd223110b63473d10c11a9dd31f9b0c13d8db recipe=370b1b9aa7af73617e37cb9867e48ae9989b50ddcb8a8cc24fb9db7d3a57e00d
2026-10-07T03:46:42.1526560Z --- PASS: TestLinuxGoMixedPackagesBuildCLIIntegration (24.80s)
2026-10-07T03:46:42.1527399Z === RUN   TestLinuxGoMixedInvalidPackageBuildCLIIntegration
2026-10-07T03:47:05.7559616Z     go_build_cli_integration_test.go:46: actual selected compiler failure selector=./... source_sha256=24c2b88048ba2c08df5e6ca85ce454016e9ae7aef5e25453cec896f1551378f2 trusted_failure=observed go build failed: phase=BUILD_ALL command_status=EXIT_STATUS_1 reason= events=0 bytes=0 session_complete=false last_kind= kinds=none
2026-10-07T03:47:05.7573054Z --- PASS: TestLinuxGoMixedInvalidPackageBuildCLIIntegration (23.60s)
2026-10-07T03:47:05.7573778Z === RUN   TestLinuxGoBuildSecurityCLIIntegration
2026-10-07T03:47:05.7574210Z === RUN   TestLinuxGoBuildSecurityCLIIntegration/filesystem
2026-10-07T03:47:33.9434699Z === RUN   TestLinuxGoBuildSecurityCLIIntegration/missing-cache
2026-10-07T03:47:39.9464989Z observer_attribution sequence=1 profile=go-module-resolver counts=NETWORK/TRUSTED_CONTROL/CONNECT/INET/DIRECT_EXEC_SESSION/OTHER:4
2026-10-07T03:47:43.3922184Z observer_attribution sequence=2 profile=go-module-resolver counts=NETWORK/TRUSTED_CONTROL/CONNECT/INET/DIRECT_EXEC_SESSION/OTHER:1
2026-10-07T03:47:46.7358136Z observer_attribution sequence=3 profile=go-module-resolver counts=NETWORK/TRUSTED_CONTROL/CONNECT/INET/DIRECT_EXEC_SESSION/OTHER:1
2026-10-07T03:47:48.4917169Z === RUN   TestLinuxGoBuildSecurityCLIIntegration/unmanaged
2026-10-07T03:47:49.9389637Z --- PASS: TestLinuxGoBuildSecurityCLIIntegration (44.18s)
2026-10-07T03:47:49.9390977Z     --- PASS: TestLinuxGoBuildSecurityCLIIntegration/filesystem (28.19s)
2026-10-07T03:47:49.9391976Z     --- PASS: TestLinuxGoBuildSecurityCLIIntegration/missing-cache (14.55s)
2026-10-07T03:47:49.9392907Z     --- PASS: TestLinuxGoBuildSecurityCLIIntegration/unmanaged (1.45s)
2026-10-07T03:47:49.9393538Z PASS
2026-10-07T03:47:49.9451324Z === RUN   TestLinuxCargoAddIntegration
2026-10-07T03:47:54.5072705Z observer_attribution sequence=1 profile=cargo-resolver counts=NETWORK/TRUSTED_CONTROL/CONNECT/INET/DIRECT_EXEC_SESSION/OTHER:5,NETWORK/TRUSTED_CONTROL/SENDTO/INET/DIRECT_EXEC_SESSION/OTHER:16
2026-10-07T03:47:57.8231281Z observer_attribution sequence=2 profile=cargo-resolver counts=NETWORK/TRUSTED_CONTROL/CONNECT/INET/DIRECT_EXEC_SESSION/OTHER:10,NETWORK/TRUSTED_CONTROL/SENDTO/INET/DIRECT_EXEC_SESSION/OTHER:24
2026-10-07T03:47:58.0449094Z     cargo_add_integration_test.go:20: actual_cargo_add_attempt=0 Source: crates-io
2026-10-07T03:47:58.0449919Z         Crates: 1
2026-10-07T03:47:58.0450884Z         Lock digest: cbf39703e39655f25a7390d31c2766f93fcb119f4054952ec94a779cdb190d04
2026-10-07T03:48:02.5488497Z observer_attribution sequence=1 profile=cargo-resolver counts=NETWORK/TRUSTED_CONTROL/CONNECT/INET/DIRECT_EXEC_SESSION/OTHER:5,NETWORK/TRUSTED_CONTROL/SENDTO/INET/DIRECT_EXEC_SESSION/OTHER:13
2026-10-07T03:48:05.9060719Z observer_attribution sequence=2 profile=cargo-resolver counts=NETWORK/TRUSTED_CONTROL/CONNECT/INET/DIRECT_EXEC_SESSION/OTHER:10,NETWORK/TRUSTED_CONTROL/SENDTO/INET/DIRECT_EXEC_SESSION/OTHER:24
2026-10-07T03:48:06.1098674Z     cargo_add_integration_test.go:20: actual_cargo_add_attempt=1 Source: crates-io
2026-10-07T03:48:06.1099544Z         Crates: 1
2026-10-07T03:48:06.1100410Z         Lock digest: cbf39703e39655f25a7390d31c2766f93fcb119f4054952ec94a779cdb190d04
2026-10-07T03:48:06.1144733Z --- PASS: TestLinuxCargoAddIntegration (16.17s)
2026-10-07T03:48:06.1145183Z === RUN   TestLinuxCargoTransitiveAddIntegration
2026-10-07T03:48:10.7283627Z observer_attribution sequence=1 profile=cargo-resolver counts=NETWORK/TRUSTED_CONTROL/CONNECT/INET/DIRECT_EXEC_SESSION/OTHER:5,NETWORK/TRUSTED_CONTROL/SENDTO/INET/DIRECT_EXEC_SESSION/OTHER:29
2026-10-07T03:48:14.3468267Z observer_attribution sequence=2 profile=cargo-resolver counts=NETWORK/TRUSTED_CONTROL/CONNECT/INET/DIRECT_EXEC_SESSION/OTHER:10,NETWORK/TRUSTED_CONTROL/SENDTO/INET/DIRECT_EXEC_SESSION/OTHER:48
2026-10-07T03:48:14.9601411Z     cargo_add_integration_test.go:21: actual_cargo_add_attempt=0 Source: crates-io
2026-10-07T03:48:14.9602074Z         Crates: 7
2026-10-07T03:48:14.9602603Z         Lock digest: ec13922d429a8e1cca9148f636c32731cd44ccfc9d1fa55bc9d5bf9241672ba6
2026-10-07T03:48:19.5442421Z observer_attribution sequence=1 profile=cargo-resolver counts=NETWORK/TRUSTED_CONTROL/CONNECT/INET/DIRECT_EXEC_SESSION/OTHER:5,NETWORK/TRUSTED_CONTROL/SENDTO/INET/DIRECT_EXEC_SESSION/OTHER:25
2026-10-07T03:48:23.1030666Z observer_attribution sequence=2 profile=cargo-resolver counts=NETWORK/TRUSTED_CONTROL/CONNECT/INET/DIRECT_EXEC_SESSION/OTHER:10,NETWORK/TRUSTED_CONTROL/SENDTO/INET/DIRECT_EXEC_SESSION/OTHER:47
2026-10-07T03:48:23.6987072Z     cargo_add_integration_test.go:21: actual_cargo_add_attempt=1 Source: crates-io
2026-10-07T03:48:23.6987950Z         Crates: 7
2026-10-07T03:48:23.6988944Z         Lock digest: ec13922d429a8e1cca9148f636c32731cd44ccfc9d1fa55bc9d5bf9241672ba6
2026-10-07T03:48:23.7516827Z --- PASS: TestLinuxCargoTransitiveAddIntegration (17.64s)
2026-10-07T03:48:23.7517648Z PASS
2026-10-07T03:48:23.7577548Z === RUN   TestLinuxCargoDependencyFreeBuildCLIIntegration
2026-10-07T03:48:33.7128748Z --- PASS: TestLinuxCargoDependencyFreeBuildCLIIntegration (9.95s)
2026-10-07T03:48:33.7129664Z === RUN   TestLinuxCargoPublicBuildCLIIntegration
2026-10-07T03:48:38.2523907Z observer_attribution sequence=1 profile=cargo-resolver counts=NETWORK/TRUSTED_CONTROL/CONNECT/INET/DIRECT_EXEC_SESSION/OTHER:5,NETWORK/TRUSTED_CONTROL/SENDTO/INET/DIRECT_EXEC_SESSION/OTHER:17
2026-10-07T03:48:41.6014978Z observer_attribution sequence=2 profile=cargo-resolver counts=NETWORK/TRUSTED_CONTROL/CONNECT/INET/DIRECT_EXEC_SESSION/OTHER:10,NETWORK/TRUSTED_CONTROL/SENDTO/INET/DIRECT_EXEC_SESSION/OTHER:24
2026-10-07T03:48:46.4391286Z observer_attribution sequence=1 profile=cargo-resolver counts=NETWORK/TRUSTED_CONTROL/CONNECT/INET/DIRECT_EXEC_SESSION/OTHER:10,NETWORK/TRUSTED_CONTROL/SENDTO/INET/DIRECT_EXEC_SESSION/OTHER:24
2026-10-07T03:48:51.5499078Z     cargo_build_cli_integration_test.go:254: actual Cargo build run=run_sby5yc6sigotwhptxlgqjwtxm4 source=5918cf755e0ec402b22ea3718f08d9e5e27836cd7d627ced21d75f36669eb0b9 cache=f3217d77bfa700abb967435755c8b6a00990b62568de34f651f8c20c3f9a370c graph=12cba32698557c17bb51c6c8f2112ae90b70b0468a61c991602edb28ec1a7f2d output=ed3d7ce7238e8cc07c84c23aa78132242176648c6d58fe47b77f7d2c50d055d4 recipe=c1e616d14c8444fc02a561c87914291120a26781960e357428afaaff4da4a6b5
2026-10-07T03:48:56.1935437Z observer_attribution sequence=1 profile=cargo-resolver counts=NETWORK/TRUSTED_CONTROL/CONNECT/INET/DIRECT_EXEC_SESSION/OTHER:10,NETWORK/TRUSTED_CONTROL/SENDTO/INET/DIRECT_EXEC_SESSION/OTHER:24
2026-10-07T03:49:01.2560853Z     cargo_build_cli_integration_test.go:254: actual Cargo build run=run_2jc3lrk7wjvrbl4buihabmnrtu source=5918cf755e0ec402b22ea3718f08d9e5e27836cd7d627ced21d75f36669eb0b9 cache=f3217d77bfa700abb967435755c8b6a00990b62568de34f651f8c20c3f9a370c graph=12cba32698557c17bb51c6c8f2112ae90b70b0468a61c991602edb28ec1a7f2d output=ed3d7ce7238e8cc07c84c23aa78132242176648c6d58fe47b77f7d2c50d055d4 recipe=c1e616d14c8444fc02a561c87914291120a26781960e357428afaaff4da4a6b5
2026-10-07T03:49:01.2609474Z     cargo_build_cli_integration_test.go:254: actual Cargo build run=run_sby5yc6sigotwhptxlgqjwtxm4 source=5918cf755e0ec402b22ea3718f08d9e5e27836cd7d627ced21d75f36669eb0b9 cache=f3217d77bfa700abb967435755c8b6a00990b62568de34f651f8c20c3f9a370c graph=12cba32698557c17bb51c6c8f2112ae90b70b0468a61c991602edb28ec1a7f2d output=ed3d7ce7238e8cc07c84c23aa78132242176648c6d58fe47b77f7d2c50d055d4 recipe=c1e616d14c8444fc02a561c87914291120a26781960e357428afaaff4da4a6b5
2026-10-07T03:49:01.2702126Z --- PASS: TestLinuxCargoPublicBuildCLIIntegration (27.56s)
2026-10-07T03:49:01.2704082Z === RUN   TestLinuxCargoTransitiveBuildCLIIntegration
2026-10-07T03:49:05.8738491Z observer_attribution sequence=1 profile=cargo-resolver counts=NETWORK/TRUSTED_CONTROL/CONNECT/INET/DIRECT_EXEC_SESSION/OTHER:5,NETWORK/TRUSTED_CONTROL/SENDTO/INET/DIRECT_EXEC_SESSION/OTHER:29
2026-10-07T03:49:09.4967642Z observer_attribution sequence=2 profile=cargo-resolver counts=NETWORK/TRUSTED_CONTROL/CONNECT/INET/DIRECT_EXEC_SESSION/OTHER:10,NETWORK/TRUSTED_CONTROL/SENDTO/INET/DIRECT_EXEC_SESSION/OTHER:48
2026-10-07T03:49:15.1452871Z observer_attribution sequence=1 profile=cargo-resolver counts=NETWORK/TRUSTED_CONTROL/CONNECT/INET/DIRECT_EXEC_SESSION/OTHER:10,NETWORK/TRUSTED_CONTROL/SENDTO/INET/DIRECT_EXEC_SESSION/OTHER:48
2026-10-07T03:49:24.3027201Z     cargo_build_cli_integration_test.go:261: actual Cargo build run=run_jpuf2kdpy7tw5hh7q6cngc3tqi source=2a999d2593128a26c7a33d79f9d63d1cab25c794980aa27ce0b4443e92a4a52e cache=b674535e14dd26d8c2968d12c8ca8ca885bd8f4e16f61d4c0277c91bd9b378c1 graph=a61e41c97cc49602fa03850562cf625ea8f41887c41dc0d99eec7eb89477be11 output=88797ed2713baa286c4f7a6bdf582824e597c78e8212eb9370185c2b2dbcdcdf recipe=c1e616d14c8444fc02a561c87914291120a26781960e357428afaaff4da4a6b5
2026-10-07T03:49:29.1919862Z observer_attribution sequence=1 profile=cargo-resolver counts=NETWORK/TRUSTED_CONTROL/CONNECT/INET/DIRECT_EXEC_SESSION/OTHER:10,NETWORK/TRUSTED_CONTROL/SENDTO/INET/DIRECT_EXEC_SESSION/OTHER:48
2026-10-07T03:49:38.3981544Z     cargo_build_cli_integration_test.go:261: actual Cargo build run=run_p2mtorsgl2fdjsjr3amct6xoxm source=2a999d2593128a26c7a33d79f9d63d1cab25c794980aa27ce0b4443e92a4a52e cache=b674535e14dd26d8c2968d12c8ca8ca885bd8f4e16f61d4c0277c91bd9b378c1 graph=a61e41c97cc49602fa03850562cf625ea8f41887c41dc0d99eec7eb89477be11 output=88797ed2713baa286c4f7a6bdf582824e597c78e8212eb9370185c2b2dbcdcdf recipe=c1e616d14c8444fc02a561c87914291120a26781960e357428afaaff4da4a6b5
2026-10-07T03:49:38.4041712Z     cargo_build_cli_integration_test.go:261: actual Cargo build run=run_jpuf2kdpy7tw5hh7q6cngc3tqi source=2a999d2593128a26c7a33d79f9d63d1cab25c794980aa27ce0b4443e92a4a52e cache=b674535e14dd26d8c2968d12c8ca8ca885bd8f4e16f61d4c0277c91bd9b378c1 graph=a61e41c97cc49602fa03850562cf625ea8f41887c41dc0d99eec7eb89477be11 output=88797ed2713baa286c4f7a6bdf582824e597c78e8212eb9370185c2b2dbcdcdf recipe=c1e616d14c8444fc02a561c87914291120a26781960e357428afaaff4da4a6b5
2026-10-07T03:49:38.5026895Z --- PASS: TestLinuxCargoTransitiveBuildCLIIntegration (37.23s)
2026-10-07T03:49:38.5027567Z === RUN   TestLinuxCargoLibraryBuildCLIIntegration
2026-10-07T03:49:47.9901426Z     cargo_build_cli_integration_test.go:83: actual Cargo build run=run_fkrqqbgv6llfr5lqwfyxdm3ap4 source=f2880bde4a29f039190d600435ee7395528409d635ea63fed0174b300bc24212 cache=5f70bf18a086007016e948b04aed3b82103a36bea41755b6cddfaf10ace3c6ef graph=7d98bf301eb14b746685c78c4c1cdec2f06d5c7f0293984cd1561a87d9a11128 output=009f5b1f15ee6185b943ab928ed6ad7f84df8ad63affce272db81f7a2d818189 recipe=c1e616d14c8444fc02a561c87914291120a26781960e357428afaaff4da4a6b5
2026-10-07T03:49:57.1646210Z     cargo_build_cli_integration_test.go:83: actual Cargo build run=run_qatlpx6vkzfkugirdkaiafsofa source=f2880bde4a29f039190d600435ee7395528409d635ea63fed0174b300bc24212 cache=5f70bf18a086007016e948b04aed3b82103a36bea41755b6cddfaf10ace3c6ef graph=7d98bf301eb14b746685c78c4c1cdec2f06d5c7f0293984cd1561a87d9a11128 output=009f5b1f15ee6185b943ab928ed6ad7f84df8ad63affce272db81f7a2d818189 recipe=c1e616d14c8444fc02a561c87914291120a26781960e357428afaaff4da4a6b5
2026-10-07T03:49:57.1653584Z     cargo_build_cli_integration_test.go:83: actual Cargo build run=run_fkrqqbgv6llfr5lqwfyxdm3ap4 source=f2880bde4a29f039190d600435ee7395528409d635ea63fed0174b300bc24212 cache=5f70bf18a086007016e948b04aed3b82103a36bea41755b6cddfaf10ace3c6ef graph=7d98bf301eb14b746685c78c4c1cdec2f06d5c7f0293984cd1561a87d9a11128 output=009f5b1f15ee6185b943ab928ed6ad7f84df8ad63affce272db81f7a2d818189 recipe=c1e616d14c8444fc02a561c87914291120a26781960e357428afaaff4da4a6b5
2026-10-07T03:49:57.1677388Z --- PASS: TestLinuxCargoLibraryBuildCLIIntegration (18.67s)
2026-10-07T03:49:57.1678196Z === RUN   TestLinuxCargoWorkspaceBuildCLIIntegration
2026-10-07T03:50:06.6769976Z     cargo_build_cli_integration_test.go:83: actual Cargo build run=run_ujatijrk5pc2lbek56lgkthzii source=b20393852d5e587a656605ef41a2594ed8cb17cac0b52204019e58841528d24c cache=5f70bf18a086007016e948b04aed3b82103a36bea41755b6cddfaf10ace3c6ef graph=5b566d887b590d7405f1350fc43eb76f9aae40db6ee4d9c7635a10a8103e864c output=30623e1da7c843c099a41168d1609921628aae79c0acd74917fa800623587bcd recipe=c1e616d14c8444fc02a561c87914291120a26781960e357428afaaff4da4a6b5
2026-10-07T03:50:16.2613103Z     cargo_build_cli_integration_test.go:83: actual Cargo build run=run_kxjbaaxyaxlu5iplghm5cdscfu source=b20393852d5e587a656605ef41a2594ed8cb17cac0b52204019e58841528d24c cache=5f70bf18a086007016e948b04aed3b82103a36bea41755b6cddfaf10ace3c6ef graph=5b566d887b590d7405f1350fc43eb76f9aae40db6ee4d9c7635a10a8103e864c output=30623e1da7c843c099a41168d1609921628aae79c0acd74917fa800623587bcd recipe=c1e616d14c8444fc02a561c87914291120a26781960e357428afaaff4da4a6b5
2026-10-07T03:50:16.2649250Z     cargo_build_cli_integration_test.go:83: actual Cargo build run=run_ujatijrk5pc2lbek56lgkthzii source=b20393852d5e587a656605ef41a2594ed8cb17cac0b52204019e58841528d24c cache=5f70bf18a086007016e948b04aed3b82103a36bea41755b6cddfaf10ace3c6ef graph=5b566d887b590d7405f1350fc43eb76f9aae40db6ee4d9c7635a10a8103e864c output=30623e1da7c843c099a41168d1609921628aae79c0acd74917fa800623587bcd recipe=c1e616d14c8444fc02a561c87914291120a26781960e357428afaaff4da4a6b5
2026-10-07T03:50:16.2697301Z --- PASS: TestLinuxCargoWorkspaceBuildCLIIntegration (19.10s)
2026-10-07T03:50:16.2697853Z === RUN   TestLinuxCargoBuildScriptBuildCLIIntegration
2026-10-07T03:50:25.9730507Z     cargo_build_cli_integration_test.go:83: actual Cargo build run=run_5t53tlvlvtxvm3hy7xug3mofvm source=83eacac37c883c26ae897016d8dd21f0f4e89e99932b7d16e46655c573691b8e cache=5f70bf18a086007016e948b04aed3b82103a36bea41755b6cddfaf10ace3c6ef graph=21389cc67090a4a790254e10c2156baa0c860bcdec5db729d353db8dea181bd7 output=8add82489026921248ecb487cc204958d8aa6dffbe10dfa14d0beeb5ac5d3a58 recipe=c1e616d14c8444fc02a561c87914291120a26781960e357428afaaff4da4a6b5
2026-10-07T03:50:35.7357197Z     cargo_build_cli_integration_test.go:83: actual Cargo build run=run_cbjl6hn2hvjsmdddlkgelw6qyu source=83eacac37c883c26ae897016d8dd21f0f4e89e99932b7d16e46655c573691b8e cache=5f70bf18a086007016e948b04aed3b82103a36bea41755b6cddfaf10ace3c6ef graph=21389cc67090a4a790254e10c2156baa0c860bcdec5db729d353db8dea181bd7 output=8add82489026921248ecb487cc204958d8aa6dffbe10dfa14d0beeb5ac5d3a58 recipe=c1e616d14c8444fc02a561c87914291120a26781960e357428afaaff4da4a6b5
2026-10-07T03:50:35.7395453Z     cargo_build_cli_integration_test.go:83: actual Cargo build run=run_5t53tlvlvtxvm3hy7xug3mofvm source=83eacac37c883c26ae897016d8dd21f0f4e89e99932b7d16e46655c573691b8e cache=5f70bf18a086007016e948b04aed3b82103a36bea41755b6cddfaf10ace3c6ef graph=21389cc67090a4a790254e10c2156baa0c860bcdec5db729d353db8dea181bd7 output=8add82489026921248ecb487cc204958d8aa6dffbe10dfa14d0beeb5ac5d3a58 recipe=c1e616d14c8444fc02a561c87914291120a26781960e357428afaaff4da4a6b5
2026-10-07T03:50:35.7438780Z --- PASS: TestLinuxCargoBuildScriptBuildCLIIntegration (19.47s)
2026-10-07T03:50:35.7439297Z === RUN   TestLinuxCargoProcMacroBuildCLIIntegration
2026-10-07T03:50:45.6759469Z     cargo_build_cli_integration_test.go:83: actual Cargo build run=run_v6plsbxlzi3xk2lhe7oh5jxztu source=c1e74d99bb60b4f5948aeb80d765d4b200fc2b4ccb3b0facad8736184266aded cache=5f70bf18a086007016e948b04aed3b82103a36bea41755b6cddfaf10ace3c6ef graph=10a8db38a755f1d3dd197b50b8339729d0c4a9b48d289fab7c60f90b9f222cb7 output=c3d57b99189cac27b81e1ba347b0ae8f12ab68d932a5d48b5119f96bf210e383 recipe=c1e616d14c8444fc02a561c87914291120a26781960e357428afaaff4da4a6b5
2026-10-07T03:50:55.5540533Z     cargo_build_cli_integration_test.go:83: actual Cargo build run=run_dgkeinywchkyggwfgm73vg234i source=c1e74d99bb60b4f5948aeb80d765d4b200fc2b4ccb3b0facad8736184266aded cache=5f70bf18a086007016e948b04aed3b82103a36bea41755b6cddfaf10ace3c6ef graph=10a8db38a755f1d3dd197b50b8339729d0c4a9b48d289fab7c60f90b9f222cb7 output=c3d57b99189cac27b81e1ba347b0ae8f12ab68d932a5d48b5119f96bf210e383 recipe=c1e616d14c8444fc02a561c87914291120a26781960e357428afaaff4da4a6b5
2026-10-07T03:50:55.5573269Z     cargo_build_cli_integration_test.go:83: actual Cargo build run=run_v6plsbxlzi3xk2lhe7oh5jxztu source=c1e74d99bb60b4f5948aeb80d765d4b200fc2b4ccb3b0facad8736184266aded cache=5f70bf18a086007016e948b04aed3b82103a36bea41755b6cddfaf10ace3c6ef graph=10a8db38a755f1d3dd197b50b8339729d0c4a9b48d289fab7c60f90b9f222cb7 output=c3d57b99189cac27b81e1ba347b0ae8f12ab68d932a5d48b5119f96bf210e383 recipe=c1e616d14c8444fc02a561c87914291120a26781960e357428afaaff4da4a6b5
2026-10-07T03:50:55.5618120Z --- PASS: TestLinuxCargoProcMacroBuildCLIIntegration (19.82s)
2026-10-07T03:50:55.5618988Z === RUN   TestLinuxCargoBuildFilesystemSecurityCLIIntegration
2026-10-07T03:51:04.9095118Z     cargo_build_cli_integration_test.go:83: actual Cargo build denied: observed cargo build failed: phase=BUILD command_status=LIFECYCLE_ERROR reason=STREAM_FAULT events=41 bytes=4674 session_complete=false last_kind=process-exec-expected kinds=process-exec-expected:41 fault_site=OPEN_RESULT_CLASSIFICATION_IMAGE image_locator_fnv1a64=8cd5faba57335497 open_image=OTHER open_role=ARTIFACT open_provenance=CLONE_CHILD open_subject=OCI_IMAGE open_mount=oci-root open_flags=557056 open_locator_fnv1a64=8cd5faba57335497 open_kernel_image=UNKNOWN open_executable_fnv1a64=465928f011aed54f open_executable_pinned=false open_go_driver_creator=false open_cargo_driver_creator=true open_rustc_version_query=false open_build_target_image=true open_rustc_metadata_query=false open_rustc_argc=0 open_rustc_argv_fnv1a64=0000000000000000 open_mountpoint_fnv1a64=af63a24c860189fe output_diagnostic= stdout=Operation: INSPECT
2026-10-07T03:51:04.9099864Z         Operation ID: op_54jb7wb5ig5vbskii6wn7ob7ry
2026-10-07T03:51:04.9100857Z         Status: FAILED
2026-10-07T03:51:04.9101488Z         Run ID: run_tahx66jkv76kxonfd5vowozwj4
2026-10-07T03:51:04.9102173Z         Run outcome: FAILED
2026-10-07T03:51:04.9103819Z         Artifact: project-local/project-ecebb955591d46a61cbe05c19b48f525a528e196540d6921237b5d7a4748709a@snapshot (cargo-source)
2026-10-07T03:51:04.9105859Z         Digest: sha256:ecff69a6fbd1f4383ed011ca6630bde04e909e295e64a2a759bdee5569758169
2026-10-07T03:51:04.9107472Z         Error: M12_CARGO_BUILD_OBSERVATION_FAILED: Project build did not complete.
2026-10-07T03:51:04.9113355Z --- PASS: TestLinuxCargoBuildFilesystemSecurityCLIIntegration (9.35s)
2026-10-07T03:51:04.9115866Z === RUN   TestLinuxCargoBuildNetworkSecurityCLIIntegration
2026-10-07T03:51:14.6349598Z observer_attribution sequence=3 profile=cargo-build counts=NETWORK/CONNECT/INET/ARTIFACT_GROUP/OTHER:1
2026-10-07T03:51:14.7464721Z     cargo_build_cli_integration_test.go:83: actual Cargo build denied: operation completed with exit code 10 stdout=Operation: INSPECT
2026-10-07T03:51:14.7466263Z         Operation ID: op_ojocsxvlsdtkhus4buoho5womm
2026-10-07T03:51:14.7467208Z         Status: COMPLETED
2026-10-07T03:51:14.7467878Z         Run ID: run_o6pveazjzwvzxwlai3ffnssvmm
2026-10-07T03:51:14.7468556Z         Run outcome: COMPLETED
2026-10-07T03:51:14.7470139Z         Artifact: project-local/project-98b238131796ba217ee5a689797a2e13aa163785a106b726003607c00fff3029@snapshot (cargo-source)
2026-10-07T03:51:14.7471751Z         Digest: sha256:d6955f9b8c6acd333e92f2b16db53dd650a6961800b74b1968377cf9a2233a20
2026-10-07T03:51:14.7472758Z         Policy: MANUAL_REVIEW (m3-npm-dynamic-inspect v1)
2026-10-07T03:51:14.7473441Z         Reasons: [M3_NETWORK_ATTEMPT]
2026-10-07T03:51:14.7488574Z --- PASS: TestLinuxCargoBuildNetworkSecurityCLIIntegration (9.84s)
2026-10-07T03:51:14.7489506Z === RUN   TestLinuxCargoBuildConfigurationSecurityCLIIntegration
2026-10-07T03:51:14.7490446Z === RUN   TestLinuxCargoBuildConfigurationSecurityCLIIntegration/cargo-home
2026-10-07T03:51:24.5561752Z     cargo_build_cli_integration_test.go:83: actual Cargo build denied: operation completed with exit code 20 stdout=Operation: INSPECT
2026-10-07T03:51:24.5562793Z         Operation ID: op_ovvjg2ldxdnjh7rxrjzacrgeiy
2026-10-07T03:51:24.5563162Z         Status: COMPLETED
2026-10-07T03:51:24.5563712Z         Run ID: run_yv4mqbj3orfq4vrnvf4nep2ie4
2026-10-07T03:51:24.5564062Z         Run outcome: COMPLETED
2026-10-07T03:51:24.5565249Z         Artifact: project-local/project-b598d3bf064dda6a1363cd82ed52b7b3399e53d8a5aac9357dccff99fd705ac0@snapshot (cargo-source)
2026-10-07T03:51:24.5566460Z         Digest: sha256:64c821e8cc5707904cde0208b3f71195d74ac863ac3af247615a581de94417d1
2026-10-07T03:51:24.5567622Z         Policy: BLOCK (m3-npm-dynamic-inspect v1)
2026-10-07T03:51:24.5568133Z         Reasons: [M3_FILESYSTEM_VIOLATION]
2026-10-07T03:51:24.5587189Z === RUN   TestLinuxCargoBuildConfigurationSecurityCLIIntegration/working-directory
2026-10-07T03:51:34.2772865Z     cargo_build_cli_integration_test.go:83: actual Cargo build denied: operation completed with exit code 20 stdout=Operation: INSPECT
2026-10-07T03:51:34.2774572Z         Operation ID: op_jurfxuzlgzjqvmhgxljo76cmma
2026-10-07T03:51:34.2775390Z         Status: COMPLETED
2026-10-07T03:51:34.2776035Z         Run ID: run_rsw3i2z3xktqza4sxattrwl5ra
2026-10-07T03:51:34.2777072Z         Run outcome: COMPLETED
2026-10-07T03:51:34.2778619Z         Artifact: project-local/project-5882e63b4543971515d3166d2630fb44a1cd2c1b2c9b54d07da585912c166d1a@snapshot (cargo-source)
2026-10-07T03:51:34.2780608Z         Digest: sha256:eb98ad8bbdcc0a663604a18dbc945a294d3a8297d265c2f1baf8d4e06dfac40b
2026-10-07T03:51:34.2781607Z         Policy: BLOCK (m3-npm-dynamic-inspect v1)
2026-10-07T03:51:34.2782270Z         Reasons: [M3_FILESYSTEM_VIOLATION]
2026-10-07T03:51:34.2796774Z --- PASS: TestLinuxCargoBuildConfigurationSecurityCLIIntegration (19.53s)
2026-10-07T03:51:34.2798514Z     --- PASS: TestLinuxCargoBuildConfigurationSecurityCLIIntegration/cargo-home (9.81s)
2026-10-07T03:51:34.2800398Z     --- PASS: TestLinuxCargoBuildConfigurationSecurityCLIIntegration/working-directory (9.72s)
2026-10-07T03:51:34.2801601Z === RUN   TestLinuxCargoBuildUnexpectedChildSecurityCLIIntegration
2026-10-07T03:51:43.2305246Z observer_attribution sequence=3 profile=cargo-build counts=PROCESS/SENTRY_EXEC/SHELL/ARTIFACT_ROLE/ARTIFACT_GROUP:1
2026-10-07T03:51:43.6755163Z     cargo_build_cli_integration_test.go:83: actual Cargo build denied: observed cargo build failed: phase=BUILD command_status=LIFECYCLE_ERROR reason=STREAM_FAULT events=42 bytes=4918 session_complete=false last_kind=process-exec-unexpected kinds=process-exec-expected:41,process-exec-unexpected:1 fault_site=OPEN_RESULT_CLASSIFICATION_IMAGE image_locator_fnv1a64=fbc430c15ef57dff open_image=SHELL open_role=ARTIFACT open_provenance=CLONE_CHILD open_subject=OCI_IMAGE open_mount=oci-root open_flags=557056 open_locator_fnv1a64=fbc430c15ef57dff open_kernel_image=SHELL open_executable_fnv1a64=adfe813dd2e5792b open_executable_pinned=true open_go_driver_creator=false open_cargo_driver_creator=false open_rustc_version_query=false open_cargo_program_creator=true open_rustc_metadata_query=false open_rustc_argc=0 open_rustc_argv_fnv1a64=0000000000000000 open_mountpoint_fnv1a64=af63a24c860189fe output_diagnostic= stdout=Operation: INSPECT
2026-10-07T03:51:43.6759150Z         Operation ID: op_umb7wu4bwmm63ef3ftw7f4kxlu
2026-10-07T03:51:43.6759513Z         Status: FAILED
2026-10-07T03:51:43.6759837Z         Run ID: run_sy5ih4u6maq7rdten4246tja6e
2026-10-07T03:51:43.6760172Z         Run outcome: FAILED
2026-10-07T03:51:43.6760975Z         Artifact: project-local/project-fc199c17d7fd41094a801eb2a8fd479b40e767390b8918439480132b79df9a2a@snapshot (cargo-source)
2026-10-07T03:51:43.6761870Z         Digest: sha256:d7e46faf988a39710220d4acb85c978c34eacc3c65641598465bcd3645e1c0aa
2026-10-07T03:51:43.6762563Z         Error: M12_CARGO_BUILD_OBSERVATION_FAILED: Project build did not complete.
2026-10-07T03:51:43.6765248Z --- PASS: TestLinuxCargoBuildUnexpectedChildSecurityCLIIntegration (9.40s)
2026-10-07T03:51:43.6766342Z === RUN   TestLinuxCargoInvalidSourceBuildCLIIntegration
2026-10-07T03:51:52.7715728Z     cargo_build_cli_integration_test.go:83: actual Cargo build denied: observed cargo build failed: phase=BUILD command_status=EXIT_STATUS_101 reason= events=43 bytes=4919 session_complete=true last_kind=filesystem-workspace-access kinds=process-exec-expected:42,filesystem-workspace-access:61 output_diagnostic= stdout=Operation: INSPECT
2026-10-07T03:51:52.7718956Z         Operation ID: op_veib5ixpplzdspzm5msqjb6gty
2026-10-07T03:51:52.7719615Z         Status: FAILED
2026-10-07T03:51:52.7720247Z         Run ID: run_xvfwrv54fp5gwuurqzs3l65uke
2026-10-07T03:51:52.7720886Z         Run outcome: FAILED
2026-10-07T03:51:52.7722518Z         Artifact: project-local/project-b93332525c9205eefd4913b821693d7a50ef81f412ae9303d2e51e313c4bb48a@snapshot (cargo-source)
2026-10-07T03:51:52.7724305Z         Digest: sha256:e6eb93b484ab2ff42015ee8d9fa6386940784290a29d5acdec511ba054b6cd5d
2026-10-07T03:51:52.7725680Z         Error: M12_CARGO_BUILD_OBSERVATION_FAILED: Project build did not complete.
2026-10-07T03:51:52.7729021Z --- PASS: TestLinuxCargoInvalidSourceBuildCLIIntegration (9.10s)
2026-10-07T03:51:52.7729681Z === RUN   TestLinuxCargoProcMacroSecurityCLIIntegration
2026-10-07T03:51:52.7734056Z === RUN   TestLinuxCargoProcMacroSecurityCLIIntegration/filesystem
2026-10-07T03:52:02.1586180Z     cargo_build_cli_integration_test.go:83: actual Cargo build denied: observed cargo build failed: phase=BUILD command_status=LIFECYCLE_ERROR reason=STREAM_FAULT events=41 bytes=4674 session_complete=false last_kind=process-exec-expected kinds=process-exec-expected:41 fault_site=OPEN_RESULT_CLASSIFICATION_IMAGE image_locator_fnv1a64=8cd5faba57335497 open_image=OTHER open_role=ARTIFACT open_provenance=CLONE_CHILD open_subject=OCI_IMAGE open_mount=oci-root open_flags=557056 open_locator_fnv1a64=8cd5faba57335497 open_kernel_image=RUSTC open_executable_fnv1a64=10196e7a251de540 open_executable_pinned=true open_go_driver_creator=false open_cargo_driver_creator=true open_rustc_version_query=false open_rustc_metadata_query=false open_rustc_argc=32 open_rustc_argv_fnv1a64=64a98d95e24bb02b open_mountpoint_fnv1a64=af63a24c860189fe output_diagnostic= stdout=Operation: INSPECT
2026-10-07T03:52:02.1592418Z         Operation ID: op_gtj7ixcavfsvtrpfhq4i7idemm
2026-10-07T03:52:02.1593295Z         Status: FAILED
2026-10-07T03:52:02.1593949Z         Run ID: run_f3uvt2lq2ztv2s2mjlxe77axma
2026-10-07T03:52:02.1594593Z         Run outcome: FAILED
2026-10-07T03:52:02.1595541Z         Artifact: project-local/project-22ec9f5f5e98911dfeda5af202778a90cb54e9b433df8c5a593943c2e72cbc26@snapshot (cargo-source)
2026-10-07T03:52:02.1597428Z         Digest: sha256:bdf41bfb291cd865f3b98bda0d22fabc550a21142d00786ce6a81c1a1322e021
2026-10-07T03:52:02.1598782Z         Error: M12_CARGO_BUILD_OBSERVATION_FAILED: Project build did not complete.
2026-10-07T03:52:02.1603214Z === RUN   TestLinuxCargoProcMacroSecurityCLIIntegration/network
2026-10-07T03:52:11.8556136Z observer_attribution sequence=3 profile=cargo-build counts=NETWORK/CONNECT/INET/ARTIFACT_GROUP/OTHER:1
2026-10-07T03:52:11.9678564Z     cargo_build_cli_integration_test.go:83: actual Cargo build denied: operation completed with exit code 10 stdout=Operation: INSPECT
2026-10-07T03:52:11.9679546Z         Operation ID: op_o2pruawbbnx3cak7o7rr5uywvm
2026-10-07T03:52:11.9680076Z         Status: COMPLETED
2026-10-07T03:52:11.9680531Z         Run ID: run_7poutfd5liuiedodwgamiu4lsi
2026-10-07T03:52:11.9681027Z         Run outcome: COMPLETED
2026-10-07T03:52:11.9681969Z         Artifact: project-local/project-7c3d1c97879c78166c30443be231f207ae2860f93e5668ccf5d390d8c3fe91f3@snapshot (cargo-source)
2026-10-07T03:52:11.9683157Z         Digest: sha256:e07ebc75aba943b3686e5bf4a5456b747843ac27a89c2c179f6261414489a039
2026-10-07T03:52:11.9683904Z         Policy: MANUAL_REVIEW (m3-npm-dynamic-inspect v1)
2026-10-07T03:52:11.9684465Z         Reasons: [M3_NETWORK_ATTEMPT]
2026-10-07T03:52:11.9703044Z --- PASS: TestLinuxCargoProcMacroSecurityCLIIntegration (19.20s)
2026-10-07T03:52:11.9703699Z     --- PASS: TestLinuxCargoProcMacroSecurityCLIIntegration/filesystem (9.39s)
2026-10-07T03:52:11.9704342Z     --- PASS: TestLinuxCargoProcMacroSecurityCLIIntegration/network (9.81s)
2026-10-07T03:52:11.9709864Z PASS
2026-10-07T03:52:11.9771909Z === RUN   TestLinuxTerraformInitIntegration
2026-10-07T03:52:11.9772418Z === RUN   TestLinuxTerraformInitIntegration/official
2026-10-07T03:52:17.7352735Z     terraform_init_integration_linux_test.go:140: actual_terraform_init_attempt=0 Source: terraform-registry
2026-10-07T03:52:17.7353692Z         Providers: 1
2026-10-07T03:52:17.7354600Z         Lock digest: 99fb2d19275d424494f9b13908c02d35283fe2a3eafc75557a2897028d3f671e
2026-10-07T03:52:23.7034192Z     terraform_init_integration_linux_test.go:140: actual_terraform_init_attempt=1 Source: terraform-registry
2026-10-07T03:52:23.7035248Z         Providers: 1
2026-10-07T03:52:23.7036261Z         Lock digest: 99fb2d19275d424494f9b13908c02d35283fe2a3eafc75557a2897028d3f671e
2026-10-07T03:52:23.7104932Z === RUN   TestLinuxTerraformInitIntegration/partner
2026-10-07T03:52:30.1364065Z     terraform_init_integration_linux_test.go:140: actual_terraform_init_attempt=0 Source: terraform-registry
2026-10-07T03:52:30.1365336Z         Providers: 1
2026-10-07T03:52:30.1366559Z         Lock digest: 09a25ee6094804f26211dd3df171aa4fe7638817160dce0f3a727b3e525eb8ed
2026-10-07T03:52:36.5456607Z     terraform_init_integration_linux_test.go:140: actual_terraform_init_attempt=1 Source: terraform-registry
2026-10-07T03:52:36.5457880Z         Providers: 1
2026-10-07T03:52:36.5458473Z         Lock digest: 09a25ee6094804f26211dd3df171aa4fe7638817160dce0f3a727b3e525eb8ed
2026-10-07T03:52:36.5536037Z === RUN   TestLinuxTerraformInitIntegration/complete-project
2026-10-07T03:52:47.2729799Z     terraform_init_integration_linux_test.go:140: actual_terraform_init_attempt=0 Source: terraform-registry
2026-10-07T03:52:47.2731175Z         Providers: 2
2026-10-07T03:52:47.2731848Z         Lock digest: 315c94b6fc35209dc3af5a8cb88472fcbbe2eb5bd0650ba0b6f99b1559ab16d7
2026-10-07T03:52:57.9523153Z     terraform_init_integration_linux_test.go:140: actual_terraform_init_attempt=1 Source: terraform-registry
2026-10-07T03:52:57.9523880Z         Providers: 2
2026-10-07T03:52:57.9525179Z         Lock digest: 315c94b6fc35209dc3af5a8cb88472fcbbe2eb5bd0650ba0b6f99b1559ab16d7
2026-10-07T03:52:57.9648787Z --- PASS: TestLinuxTerraformInitIntegration (45.99s)
2026-10-07T03:52:57.9649338Z     --- PASS: TestLinuxTerraformInitIntegration/official (11.73s)
2026-10-07T03:52:57.9649889Z     --- PASS: TestLinuxTerraformInitIntegration/partner (12.84s)
2026-10-07T03:52:57.9650466Z     --- PASS: TestLinuxTerraformInitIntegration/complete-project (21.41s)
2026-10-07T03:52:57.9650939Z === RUN   TestLinuxTerraformInitNegativeIntegration
2026-10-07T03:52:57.9651431Z === RUN   TestLinuxTerraformInitNegativeIntegration/lock-checksum-mismatch
2026-10-07T03:52:59.7161462Z     terraform_init_integration_linux_test.go:217: actual_terraform_negative=lock-checksum-mismatch primary=resolve exact Terraform graph: terraform package does not match any existing lock hash
2026-10-07T03:52:59.7168289Z === RUN   TestLinuxTerraformInitNegativeIntegration/remote-module
2026-10-07T03:53:01.1659257Z     terraform_init_integration_linux_test.go:217: actual_terraform_negative=remote-module primary=guard Terraform project: terraform remote module acquisition is unsupported
2026-10-07T03:53:01.1660948Z === RUN   TestLinuxTerraformInitNegativeIntegration/foreign-provider-cache
2026-10-07T03:53:02.6148405Z     terraform_init_integration_linux_test.go:217: actual_terraform_negative=foreign-provider-cache primary=guard Terraform project: terraform installation contains unmanaged module/backend/cache state
2026-10-07T03:53:02.6150251Z === RUN   TestLinuxTerraformInitNegativeIntegration/concurrent-init
2026-10-07T03:53:04.0621428Z     terraform_init_integration_linux_test.go:217: actual_terraform_negative=concurrent-init primary=guard Terraform project: go project is already being mutated or lock is unavailable
2026-10-07T03:53:04.0623279Z --- PASS: TestLinuxTerraformInitNegativeIntegration (6.10s)
2026-10-07T03:53:04.0624304Z     --- PASS: TestLinuxTerraformInitNegativeIntegration/lock-checksum-mismatch (1.75s)
2026-10-07T03:53:04.0625267Z     --- PASS: TestLinuxTerraformInitNegativeIntegration/remote-module (1.45s)
2026-10-07T03:53:04.0626222Z     --- PASS: TestLinuxTerraformInitNegativeIntegration/foreign-provider-cache (1.45s)
2026-10-07T03:53:04.0627400Z     --- PASS: TestLinuxTerraformInitNegativeIntegration/concurrent-init (1.45s)
2026-10-07T03:53:04.0627993Z PASS
2026-10-07T03:53:04.0749609Z go: downloading go.yaml.in/yaml/v3 v3.0.4
2026-10-07T03:53:04.8790711Z [check] strict version support freshness
2026-10-07T03:53:04.8875307Z === RUN   TestLinuxPyTorchFullIntegration
2026-10-07T03:53:44.7625014Z observer_attribution sequence=1 profile=pypi-wheel-pytorch-cpu counts=NETWORK/TRUSTED_CONTROL/CONNECT/INET/DIRECT_EXEC_SESSION/PYTHON:151
2026-10-07T03:57:55.8335288Z --- PASS: TestLinuxPyTorchFullIntegration (290.95s)
2026-10-07T03:57:55.8335685Z PASS
2026-10-07T03:57:55.8457912Z === RUN   TestLinuxPyTorchFullIntegration
2026-10-07T03:59:56.9529168Z observer_attribution sequence=1 profile=pypi-wheel-pytorch-cu132 counts=NETWORK/TRUSTED_CONTROL/CONNECT/INET/DIRECT_EXEC_SESSION/PYTHON:541
2026-10-07T04:01:02.4785116Z observer_attribution sequence=2 profile=pypi-wheel counts=NETWORK/TRUSTED_CONTROL/CONNECT/INET/DIRECT_EXEC_SESSION/PYTHON:15
2026-10-07T04:13:43.6925325Z     pytorch_linux_integration_test.go:126: bounded command evidence retained in result/promotion: {"scope":"post-install-command-target-import","module":"triton.profiler.viewer","owner_sha256":"387dae4cb0089a7b6ba1a428ae0782b65c4c58f57d94617cb22ca8593d8ccbca","unit":"DIRECT_IMPORT:324d826a5e0796a9815573025b8e581dafea10a9a4eeebdd618902f893e531c3","disposition":"NOT_ATTESTED","functionality_attested":false,"later_execution_enforced":false}
2026-10-07T04:13:43.6937850Z     pytorch_linux_integration_test.go:183: inspection input excluded from 29 promoted entries; separate supplemented evidence retained
2026-10-07T04:13:45.3435278Z --- PASS: TestLinuxPyTorchFullIntegration (949.50s)
2026-10-07T04:13:45.3435897Z PASS
2026-10-07T04:13:45.4888202Z helper reaped: pid=169964 wait=0
2026-10-07T04:13:45.5066255Z helper launch: bash=/bin/bash version=5.2.21(1)-release owner=2455
2026-10-07T04:13:47.0675329Z helper ready: pid=341663 attempt=15
2026-10-07T04:13:47.0715950Z === RUN   TestLinuxPyPISdistBuildIntegration
2026-10-07T04:13:55.9894540Z observer_attribution sequence=1 profile=pypi-wheel counts=PROCESS/SENTRY_EXEC/OTHER/ARTIFACT_ROLE/ARTIFACT_GROUP:1,PROCESS/SENTRY_EXEC/PYTHON/ARTIFACT_ROLE/ARTIFACT_GROUP:2
2026-10-07T04:13:56.0339846Z --- PASS: TestLinuxPyPISdistBuildIntegration (8.96s)
2026-10-07T04:13:56.0340514Z === RUN   TestLinuxPyPIWheelDynamicIntegration
2026-10-07T04:14:00.7080998Z --- PASS: TestLinuxPyPIWheelDynamicIntegration (4.67s)
2026-10-07T04:14:00.7081794Z PASS
2026-10-07T04:14:00.7222188Z helper reaped: pid=341663 wait=0
2026-10-07T04:14:00.7398162Z helper launch: bash=/bin/bash version=5.2.21(1)-release owner=2455
2026-10-07T04:14:02.3009799Z helper ready: pid=343248 attempt=15
2026-10-07T04:14:04.6092342Z === RUN   TestLinuxNPMPromotionIntegration
2026-10-07T04:14:06.9404766Z --- PASS: TestLinuxNPMPromotionIntegration (2.33s)
2026-10-07T04:14:06.9411348Z PASS
2026-10-07T04:14:06.9415470Z ok  	github.com/rahoney/heliopause/internal/promotion	2.336s
2026-10-07T04:14:07.3292949Z === RUN   TestLinuxPyPIPromotionIntegration
2026-10-07T04:14:10.4588288Z --- PASS: TestLinuxPyPIPromotionIntegration (3.13s)
2026-10-07T04:14:10.4591004Z PASS
2026-10-07T04:14:10.4606631Z ok  	github.com/rahoney/heliopause/internal/promotion	3.134s
2026-10-07T04:14:10.4954204Z helper reaped: pid=343248 wait=0
2026-10-07T04:14:10.4960111Z cleanup: original=0 helper_state=CONFIRMED_STOPPED helper_stop=0 client_error=0 client_restore=0 restore_result=NOT_REQUIRED pid=343248
2026-10-07T04:14:10.6872915Z Post job cleanup.
2026-10-07T04:14:11.0170593Z Post job cleanup.
2026-10-07T04:14:11.1120917Z [command]/usr/bin/git version
2026-10-07T04:14:11.1167568Z git version 2.55.0
2026-10-07T04:14:11.1222101Z Temporarily overriding HOME='/home/runner/work/_temp/10dcb88b-f643-4a2a-9be3-ea364e41862f' before making global git config changes
2026-10-07T04:14:11.1225007Z Adding repository directory to the temporary git global config as a safe directory
2026-10-07T04:14:11.1228634Z [command]/usr/bin/git config --global --add safe.directory /home/runner/work/heliopause/heliopause
2026-10-07T04:14:11.1260514Z Removing SSH command configuration
2026-10-07T04:14:11.1267554Z [command]/usr/bin/git config --local --name-only --get-regexp core\.sshCommand
2026-10-07T04:14:11.1312156Z [command]/usr/bin/git submodule foreach --recursive sh -c "git config --local --name-only --get-regexp 'core\.sshCommand' && git config --local --unset-all 'core.sshCommand' || :"
2026-10-07T04:14:11.1632186Z Removing HTTP extra header
2026-10-07T04:14:11.1643108Z [command]/usr/bin/git config --local --name-only --get-regexp http\.https\:\/\/github\.com\/\.extraheader
2026-10-07T04:14:11.1672703Z [command]/usr/bin/git submodule foreach --recursive sh -c "git config --local --name-only --get-regexp 'http\.https\:\/\/github\.com\/\.extraheader' && git config --local --unset-all 'http.https://github.com/.extraheader' || :"
2026-10-07T04:14:11.1949331Z Removing includeIf entries pointing to credentials config files
2026-10-07T04:14:11.1952493Z [command]/usr/bin/git config --local --name-only --get-regexp ^includeIf\.gitdir:
2026-10-07T04:14:11.1985716Z [command]/usr/bin/git submodule foreach --recursive git config --local --show-origin --name-only --get-regexp remote.origin.url
2026-10-07T04:14:11.2493149Z Cleaning up orphan processes
2026-10-07T04:14:11.3233216Z Terminate orphan process: pid (143270) (java.lang=ALL-UNNAMED)
