2026-10-07T02:17:38.7148997Z Current runner version: '2.337.0'
2026-10-07T02:17:38.7169136Z ##[group]Runner Image Provisioner
2026-10-07T02:17:38.7169838Z Hosted Compute Agent
2026-10-07T02:17:38.7170258Z Version: 20261002.596
2026-10-07T02:17:38.7170695Z Commit: c3d12f3313a95f25162a1503be624f3b0617f8c0
2026-10-07T02:17:38.7171149Z Build Date: 2026-10-02T22:28:27Z
2026-10-07T02:17:38.7171560Z Worker ID: {1276fb7b-8d29-4051-888e-706dc2f8ef35}
2026-10-07T02:17:38.7172042Z Region: centralus
2026-10-07T02:17:38.7172597Z Cloud: Azure
2026-10-07T02:17:38.7173020Z ##[endgroup]
2026-10-07T02:17:38.7173915Z ##[group]Operating System
2026-10-07T02:17:38.7174310Z Ubuntu
2026-10-07T02:17:38.7174722Z 24.04.5
2026-10-07T02:17:38.7175084Z LTS
2026-10-07T02:17:38.7175439Z ##[endgroup]
2026-10-07T02:17:38.7175795Z ##[group]Runner Image
2026-10-07T02:17:38.7176180Z Image: ubuntu-24.04
2026-10-07T02:17:38.7176578Z Version: 20261004.327.1
2026-10-07T02:17:38.7177460Z Included Software: https://github.com/actions/runner-images/blob/ubuntu24/20261004.327/images/ubuntu/Ubuntu2404-Readme.md
2026-10-07T02:17:38.7178419Z Image Release: https://github.com/actions/runner-images/releases/tag/ubuntu24%2F20261004.327
2026-10-07T02:17:38.7179011Z ##[endgroup]
2026-10-07T02:17:38.7179796Z ##[group]GITHUB_TOKEN Permissions
2026-10-07T02:17:38.7181126Z Contents: read
2026-10-07T02:17:38.7181538Z Metadata: read
2026-10-07T02:17:38.7181892Z ##[endgroup]
2026-10-07T02:17:38.7183739Z Secret source: Actions
2026-10-07T02:17:38.7184441Z Cache mode: write
2026-10-07T02:17:38.7184886Z Prepare workflow directory
2026-10-07T02:17:38.7659801Z Prepare all required actions
2026-10-07T02:17:38.7695442Z Getting action download info
2026-10-07T02:17:39.0120794Z Download action repository 'actions/checkout@3d3c42e5aac5ba805825da76410c181273ba90b1' (SHA:3d3c42e5aac5ba805825da76410c181273ba90b1)
2026-10-07T02:17:39.4837504Z Complete job name: gVisor Observer Helper
2026-10-07T02:17:39.5590551Z ##[group]Run actions/checkout@3d3c42e5aac5ba805825da76410c181273ba90b1
2026-10-07T02:17:39.5591185Z with:
2026-10-07T02:17:39.5591516Z   persist-credentials: false
2026-10-07T02:17:39.5591853Z   repository: rahoney/heliopause
2026-10-07T02:17:39.5594547Z   token: ***
2026-10-07T02:17:39.5594827Z   ssh-strict: true
2026-10-07T02:17:39.5595109Z   ssh-user: git
2026-10-07T02:17:39.5595400Z   clean: true
2026-10-07T02:17:39.5595689Z   sparse-checkout-cone-mode: true
2026-10-07T02:17:39.5596025Z   fetch-depth: 1
2026-10-07T02:17:39.5596306Z   fetch-tags: false
2026-10-07T02:17:39.5596592Z   show-progress: true
2026-10-07T02:17:39.5596890Z   lfs: false
2026-10-07T02:17:39.5597166Z   submodules: false
2026-10-07T02:17:39.5597470Z   set-safe-directory: true
2026-10-07T02:17:39.5597796Z   allow-unsafe-pr-checkout: false
2026-10-07T02:17:39.5598213Z ##[endgroup]
2026-10-07T02:17:39.6380152Z Syncing repository: rahoney/heliopause
2026-10-07T02:17:39.6382518Z ##[group]Getting Git version info
2026-10-07T02:17:39.6383317Z Working directory is '/home/runner/work/heliopause/heliopause'
2026-10-07T02:17:39.6384364Z [command]/usr/bin/git version
2026-10-07T02:17:39.6445687Z git version 2.55.0
2026-10-07T02:17:39.6460996Z ##[endgroup]
2026-10-07T02:17:39.6469744Z Temporarily overriding HOME='/home/runner/work/_temp/c75b530c-ad61-45f5-9832-09792d5704c4' before making global git config changes
2026-10-07T02:17:39.6471333Z Adding repository directory to the temporary git global config as a safe directory
2026-10-07T02:17:39.6474873Z [command]/usr/bin/git config --global --add safe.directory /home/runner/work/heliopause/heliopause
2026-10-07T02:17:39.7391454Z Deleting the contents of '/home/runner/work/heliopause/heliopause'
2026-10-07T02:17:39.7394700Z ##[group]Determining repository object format
2026-10-07T02:17:39.7396070Z ##[endgroup]
2026-10-07T02:17:39.7396560Z ##[group]Initializing the repository
2026-10-07T02:17:39.7400349Z [command]/usr/bin/git init /home/runner/work/heliopause/heliopause
2026-10-07T02:17:39.8089755Z hint: Using 'master' as the name for the initial branch. This default branch name
2026-10-07T02:17:39.8091929Z hint: will change to "main" in Git 3.0. To configure the initial branch name
2026-10-07T02:17:39.8093352Z hint: to use in all of your new repositories, which will suppress this warning,
2026-10-07T02:17:39.8094271Z hint: call:
2026-10-07T02:17:39.8094998Z hint:
2026-10-07T02:17:39.8095493Z hint: 	git config --global init.defaultBranch <name>
2026-10-07T02:17:39.8096031Z hint:
2026-10-07T02:17:39.8096406Z hint: Names commonly chosen instead of 'master' are 'main', 'trunk' and
2026-10-07T02:17:39.8097138Z hint: 'development'. The just-created branch can be renamed via this command:
2026-10-07T02:17:39.8097611Z hint:
2026-10-07T02:17:39.8097896Z hint: 	git branch -m <name>
2026-10-07T02:17:39.8098199Z hint:
2026-10-07T02:17:39.8098597Z hint: Disable this message with "git config set advice.defaultBranchName false"
2026-10-07T02:17:39.8099292Z Initialized empty Git repository in /home/runner/work/heliopause/heliopause/.git/
2026-10-07T02:17:39.8100645Z [command]/usr/bin/git remote add origin https://github.com/rahoney/heliopause
2026-10-07T02:17:39.8386336Z ##[endgroup]
2026-10-07T02:17:39.8387100Z ##[group]Disabling automatic garbage collection
2026-10-07T02:17:39.8387712Z [command]/usr/bin/git config --local gc.auto 0
2026-10-07T02:17:39.8589343Z ##[endgroup]
2026-10-07T02:17:39.8590070Z ##[group]Setting up auth
2026-10-07T02:17:39.8590708Z Removing SSH command configuration
2026-10-07T02:17:39.8594670Z [command]/usr/bin/git config --local --name-only --get-regexp core\.sshCommand
2026-10-07T02:17:39.8630268Z [command]/usr/bin/git submodule foreach --recursive sh -c "git config --local --name-only --get-regexp 'core\.sshCommand' && git config --local --unset-all 'core.sshCommand' || :"
2026-10-07T02:17:39.9228068Z Removing HTTP extra header
2026-10-07T02:17:39.9233241Z [command]/usr/bin/git config --local --name-only --get-regexp http\.https\:\/\/github\.com\/\.extraheader
2026-10-07T02:17:39.9266531Z [command]/usr/bin/git submodule foreach --recursive sh -c "git config --local --name-only --get-regexp 'http\.https\:\/\/github\.com\/\.extraheader' && git config --local --unset-all 'http.https://github.com/.extraheader' || :"
2026-10-07T02:17:39.9465928Z Removing includeIf entries pointing to credentials config files
2026-10-07T02:17:39.9472929Z [command]/usr/bin/git config --local --name-only --get-regexp ^includeIf\.gitdir:
2026-10-07T02:17:39.9510303Z [command]/usr/bin/git submodule foreach --recursive git config --local --show-origin --name-only --get-regexp remote.origin.url
2026-10-07T02:17:39.9711563Z [command]/usr/bin/git config --file /home/runner/work/_temp/git-credentials-91710548-e544-421d-9a64-44cb94c91958.config http.https://github.com/.extraheader AUTHORIZATION: basic ***
2026-10-07T02:17:39.9884786Z [command]/usr/bin/git config --local includeIf.gitdir:/home/runner/work/heliopause/heliopause/.git.path /home/runner/work/_temp/git-credentials-91710548-e544-421d-9a64-44cb94c91958.config
2026-10-07T02:17:39.9970352Z [command]/usr/bin/git config --local includeIf.gitdir:/home/runner/work/heliopause/heliopause/.git/worktrees/*.path /home/runner/work/_temp/git-credentials-91710548-e544-421d-9a64-44cb94c91958.config
2026-10-07T02:17:40.0174279Z [command]/usr/bin/git config --local includeIf.gitdir:/github/workspace/.git.path /github/runner_temp/git-credentials-91710548-e544-421d-9a64-44cb94c91958.config
2026-10-07T02:17:40.0280712Z [command]/usr/bin/git config --local includeIf.gitdir:/github/workspace/.git/worktrees/*.path /github/runner_temp/git-credentials-91710548-e544-421d-9a64-44cb94c91958.config
2026-10-07T02:17:40.0469769Z ##[endgroup]
2026-10-07T02:17:40.0470549Z ##[group]Fetching the repository
2026-10-07T02:17:40.0476052Z [command]/usr/bin/git -c protocol.version=2 fetch --no-tags --prune --no-recurse-submodules --depth=1 origin +1a8d0dbd526a68e9a68f5dd10519f7937ed08a84:refs/remotes/pull/29/merge
2026-10-07T02:17:41.2894864Z From https://github.com/rahoney/heliopause
2026-10-07T02:17:41.2896868Z  * [new ref]         1a8d0dbd526a68e9a68f5dd10519f7937ed08a84 -> pull/29/merge
2026-10-07T02:17:41.2900082Z ##[endgroup]
2026-10-07T02:17:41.2901584Z ##[group]Determining the checkout info
2026-10-07T02:17:41.2903074Z ##[endgroup]
2026-10-07T02:17:41.2904025Z [command]/usr/bin/git sparse-checkout disable
2026-10-07T02:17:41.3616862Z [command]/usr/bin/git config --local --unset-all extensions.worktreeConfig
2026-10-07T02:17:41.3722926Z ##[group]Checking out the ref
2026-10-07T02:17:41.3726140Z [command]/usr/bin/git checkout --progress --force refs/remotes/pull/29/merge
2026-10-07T02:17:41.4922142Z Note: switching to 'refs/remotes/pull/29/merge'.
2026-10-07T02:17:41.4923098Z 
2026-10-07T02:17:41.4923637Z You are in 'detached HEAD' state. You can look around, make experimental
2026-10-07T02:17:41.4924946Z changes and commit them, and you can discard any commits you make in this
2026-10-07T02:17:41.4926282Z state without impacting any branches by switching back to a branch.
2026-10-07T02:17:41.4927164Z 
2026-10-07T02:17:41.4927700Z If you want to create a new branch to retain commits you create, you may
2026-10-07T02:17:41.4928891Z do so (now or later) by using -c with the switch command. Example:
2026-10-07T02:17:41.4929558Z 
2026-10-07T02:17:41.4929851Z   git switch -c <new-branch-name>
2026-10-07T02:17:41.4930357Z 
2026-10-07T02:17:41.4930741Z Or undo this operation with:
2026-10-07T02:17:41.4931293Z 
2026-10-07T02:17:41.4931644Z   git switch -
2026-10-07T02:17:41.4932090Z 
2026-10-07T02:17:41.4939559Z Turn off this advice by setting config variable advice.detachedHead to false
2026-10-07T02:17:41.4941052Z 
2026-10-07T02:17:41.4942746Z HEAD is now at 1a8d0db Merge d328756f0087624093808215d1fbedd47767ef58 into 62c3b595e8e27a4a1d836849643c372692a39b8b
2026-10-07T02:17:41.4947736Z ##[endgroup]
2026-10-07T02:17:41.5229036Z [command]/usr/bin/git log -1 --format=%H
2026-10-07T02:17:41.5259925Z 1a8d0dbd526a68e9a68f5dd10519f7937ed08a84
2026-10-07T02:17:41.5272731Z ##[group]Removing auth
2026-10-07T02:17:41.5274239Z Removing SSH command configuration
2026-10-07T02:17:41.5275686Z [command]/usr/bin/git config --local --name-only --get-regexp core\.sshCommand
2026-10-07T02:17:41.5311431Z [command]/usr/bin/git submodule foreach --recursive sh -c "git config --local --name-only --get-regexp 'core\.sshCommand' && git config --local --unset-all 'core.sshCommand' || :"
2026-10-07T02:17:41.5504001Z Removing HTTP extra header
2026-10-07T02:17:41.5514875Z [command]/usr/bin/git config --local --name-only --get-regexp http\.https\:\/\/github\.com\/\.extraheader
2026-10-07T02:17:41.5546792Z [command]/usr/bin/git submodule foreach --recursive sh -c "git config --local --name-only --get-regexp 'http\.https\:\/\/github\.com\/\.extraheader' && git config --local --unset-all 'http.https://github.com/.extraheader' || :"
2026-10-07T02:17:41.5743601Z Removing includeIf entries pointing to credentials config files
2026-10-07T02:17:41.5745965Z [command]/usr/bin/git config --local --name-only --get-regexp ^includeIf\.gitdir:
2026-10-07T02:17:41.5776411Z includeif.gitdir:/home/runner/work/heliopause/heliopause/.git.path
2026-10-07T02:17:41.5778056Z includeif.gitdir:/home/runner/work/heliopause/heliopause/.git/worktrees/*.path
2026-10-07T02:17:41.5779987Z includeif.gitdir:/github/workspace/.git.path
2026-10-07T02:17:41.5781431Z includeif.gitdir:/github/workspace/.git/worktrees/*.path
2026-10-07T02:17:41.5785764Z [command]/usr/bin/git config --local --get-all includeif.gitdir:/home/runner/work/heliopause/heliopause/.git.path
2026-10-07T02:17:41.5810827Z /home/runner/work/_temp/git-credentials-91710548-e544-421d-9a64-44cb94c91958.config
2026-10-07T02:17:41.5819876Z [command]/usr/bin/git config --local --unset includeif.gitdir:/home/runner/work/heliopause/heliopause/.git.path \/home\/runner\/work\/_temp\/git\-credentials\-91710548\-e544\-421d\-9a64\-44cb94c91958\.config
2026-10-07T02:17:41.6207005Z [command]/usr/bin/git config --local --get-all includeif.gitdir:/home/runner/work/heliopause/heliopause/.git/worktrees/*.path
2026-10-07T02:17:41.6237935Z /home/runner/work/_temp/git-credentials-91710548-e544-421d-9a64-44cb94c91958.config
2026-10-07T02:17:41.6244804Z [command]/usr/bin/git config --local --unset includeif.gitdir:/home/runner/work/heliopause/heliopause/.git/worktrees/*.path \/home\/runner\/work\/_temp\/git\-credentials\-91710548\-e544\-421d\-9a64\-44cb94c91958\.config
2026-10-07T02:17:41.6809807Z [command]/usr/bin/git config --local --get-all includeif.gitdir:/github/workspace/.git.path
2026-10-07T02:17:41.6839760Z /github/runner_temp/git-credentials-91710548-e544-421d-9a64-44cb94c91958.config
2026-10-07T02:17:41.6847007Z [command]/usr/bin/git config --local --unset includeif.gitdir:/github/workspace/.git.path \/github\/runner_temp\/git\-credentials\-91710548\-e544\-421d\-9a64\-44cb94c91958\.config
2026-10-07T02:17:41.8101155Z [command]/usr/bin/git config --local --get-all includeif.gitdir:/github/workspace/.git/worktrees/*.path
2026-10-07T02:17:41.8132630Z /github/runner_temp/git-credentials-91710548-e544-421d-9a64-44cb94c91958.config
2026-10-07T02:17:41.8164362Z [command]/usr/bin/git config --local --unset includeif.gitdir:/github/workspace/.git/worktrees/*.path \/github\/runner_temp\/git\-credentials\-91710548\-e544\-421d\-9a64\-44cb94c91958\.config
2026-10-07T02:17:41.9299813Z [command]/usr/bin/git submodule foreach --recursive git config --local --show-origin --name-only --get-regexp remote.origin.url
2026-10-07T02:17:41.9492022Z Removing credentials config '/home/runner/work/_temp/git-credentials-91710548-e544-421d-9a64-44cb94c91958.config'
2026-10-07T02:17:41.9500929Z ##[endgroup]
2026-10-07T02:17:41.9666871Z ##[group]Run set -eu
2026-10-07T02:17:41.9667095Z [36;1mset -eu[0m
2026-10-07T02:17:41.9667260Z [36;1mruntime_lock=scripts/runtimes.lock.json[0m
2026-10-07T02:17:41.9667465Z [36;1mtest -f "$runtime_lock"[0m
2026-10-07T02:17:41.9667704Z [36;1mgvisor_repository="$(jq -er '.gvisor.source_repository' "$runtime_lock")"[0m
2026-10-07T02:17:41.9667990Z [36;1mgvisor_commit="$(jq -er '.gvisor.commit' "$runtime_lock")"[0m
2026-10-07T02:17:41.9668260Z [36;1mgvisor_patch_path="$(jq -er '.gvisor.patch.path' "$runtime_lock")"[0m
2026-10-07T02:17:41.9668569Z [36;1mgvisor_patch_sha256="$(jq -er '.gvisor.patch.sha256' "$runtime_lock")"[0m
2026-10-07T02:17:41.9668844Z [36;1mbazel_url="$(jq -er '.bazel.linux_x86_64_url' "$runtime_lock")"[0m
2026-10-07T02:17:41.9669111Z [36;1mbazel_sha512="$(jq -er '.bazel.linux_x86_64_sha512' "$runtime_lock")"[0m
2026-10-07T02:17:41.9669338Z [36;1mcase "$gvisor_patch_path" in[0m
2026-10-07T02:17:41.9669507Z [36;1m  tools/gvisor/*.patch) ;;[0m
2026-10-07T02:17:41.9669748Z [36;1m  *) echo "runtime lock gVisor patch path is invalid" >&2; exit 1 ;;[0m
2026-10-07T02:17:41.9669963Z [36;1mesac[0m
2026-10-07T02:17:41.9670096Z [36;1mtest -f "$gvisor_patch_path"[0m
2026-10-07T02:17:41.9670344Z [36;1mtest "$(sha256sum "$gvisor_patch_path" | awk '{print $1}')" = "$gvisor_patch_sha256"[0m
2026-10-07T02:17:41.9670611Z [36;1mpatch_abs="$PWD/$gvisor_patch_path"[0m
2026-10-07T02:17:41.9670848Z [36;1mgit clone --filter=blob:none "$gvisor_repository" "$RUNNER_TEMP/gvisor"[0m
2026-10-07T02:17:41.9671130Z [36;1mgit -C "$RUNNER_TEMP/gvisor" checkout --detach "$gvisor_commit"[0m
2026-10-07T02:17:41.9671427Z [36;1mtest "$(git -C "$RUNNER_TEMP/gvisor" rev-parse HEAD)" = "$gvisor_commit"[0m
2026-10-07T02:17:41.9671698Z [36;1mgit -C "$RUNNER_TEMP/gvisor" apply --check "$patch_abs"[0m
2026-10-07T02:17:41.9671928Z [36;1mgit -C "$RUNNER_TEMP/gvisor" apply "$patch_abs"[0m
2026-10-07T02:17:41.9672215Z [36;1mcurl --fail --location --silent --show-error --output "$RUNNER_TEMP/bazel" "$bazel_url"[0m
2026-10-07T02:17:41.9672675Z [36;1mtest "$(sha512sum "$RUNNER_TEMP/bazel" | awk '{print $1}')" = "$bazel_sha512"[0m
2026-10-07T02:17:41.9672922Z [36;1mchmod 0755 "$RUNNER_TEMP/bazel"[0m
2026-10-07T02:17:41.9673158Z [36;1mcp -R tools/gvisor-observer "$RUNNER_TEMP/gvisor/tools/haa_gvisor_observer"[0m
2026-10-07T02:17:41.9673403Z [36;1mcd "$RUNNER_TEMP/gvisor"[0m
2026-10-07T02:17:41.9673764Z [36;1m"$RUNNER_TEMP/bazel" build -c opt //tools/haa_gvisor_observer:haa_gvisor_observer //tools/haa_gvisor_observer:haa_gvisor_observer_latch_test[0m
2026-10-07T02:17:41.9674345Z [36;1mbazel-bin/tools/haa_gvisor_observer/haa_gvisor_observer_latch_test[0m
2026-10-07T02:17:41.9904350Z shell: /usr/bin/bash -e {0}
2026-10-07T02:17:41.9904561Z ##[endgroup]
2026-10-07T02:17:42.0160887Z Cloning into '/home/runner/work/_temp/gvisor'...
2026-10-07T02:17:46.0899390Z Updating files:   0% (1/4375)
2026-10-07T02:17:46.1013916Z Updating files:   1% (44/4375)
2026-10-07T02:17:46.1046432Z Updating files:   2% (88/4375)
2026-10-07T02:17:46.1085686Z Updating files:   3% (132/4375)
2026-10-07T02:17:46.1104584Z Updating files:   4% (175/4375)
2026-10-07T02:17:46.1126792Z Updating files:   5% (219/4375)
2026-10-07T02:17:46.1147216Z Updating files:   6% (263/4375)
2026-10-07T02:17:46.1170012Z Updating files:   7% (307/4375)
2026-10-07T02:17:46.1189617Z Updating files:   8% (350/4375)
2026-10-07T02:17:46.1209967Z Updating files:   9% (394/4375)
2026-10-07T02:17:46.1231439Z Updating files:  10% (438/4375)
2026-10-07T02:17:46.1254244Z Updating files:  11% (482/4375)
2026-10-07T02:17:46.1275655Z Updating files:  12% (525/4375)
2026-10-07T02:17:46.1294489Z Updating files:  13% (569/4375)
2026-10-07T02:17:46.1313057Z Updating files:  14% (613/4375)
2026-10-07T02:17:46.1336459Z Updating files:  15% (657/4375)
2026-10-07T02:17:46.1360512Z Updating files:  16% (700/4375)
2026-10-07T02:17:46.1383254Z Updating files:  17% (744/4375)
2026-10-07T02:17:46.1407572Z Updating files:  18% (788/4375)
2026-10-07T02:17:46.1439875Z Updating files:  19% (832/4375)
2026-10-07T02:17:46.1467323Z Updating files:  20% (875/4375)
2026-10-07T02:17:46.1492084Z Updating files:  21% (919/4375)
2026-10-07T02:17:46.1522850Z Updating files:  22% (963/4375)
2026-10-07T02:17:46.1551937Z Updating files:  23% (1007/4375)
2026-10-07T02:17:46.1587928Z Updating files:  24% (1050/4375)
2026-10-07T02:17:46.1616657Z Updating files:  25% (1094/4375)
2026-10-07T02:17:46.1644557Z Updating files:  26% (1138/4375)
2026-10-07T02:17:46.1664606Z Updating files:  27% (1182/4375)
2026-10-07T02:17:46.1744790Z Updating files:  28% (1225/4375)
2026-10-07T02:17:46.1747573Z Updating files:  29% (1269/4375)
2026-10-07T02:17:46.1772838Z Updating files:  30% (1313/4375)
2026-10-07T02:17:46.1800931Z Updating files:  31% (1357/4375)
2026-10-07T02:17:46.1818965Z Updating files:  32% (1400/4375)
2026-10-07T02:17:46.1839759Z Updating files:  33% (1444/4375)
2026-10-07T02:17:46.1858616Z Updating files:  34% (1488/4375)
2026-10-07T02:17:46.1875278Z Updating files:  35% (1532/4375)
2026-10-07T02:17:46.1896009Z Updating files:  36% (1575/4375)
2026-10-07T02:17:46.1918967Z Updating files:  37% (1619/4375)
2026-10-07T02:17:46.1944104Z Updating files:  38% (1663/4375)
2026-10-07T02:17:46.1964076Z Updating files:  39% (1707/4375)
2026-10-07T02:17:46.1984500Z Updating files:  40% (1750/4375)
2026-10-07T02:17:46.2007786Z Updating files:  41% (1794/4375)
2026-10-07T02:17:46.2027017Z Updating files:  42% (1838/4375)
2026-10-07T02:17:46.2055637Z Updating files:  43% (1882/4375)
2026-10-07T02:17:46.2074667Z Updating files:  44% (1925/4375)
2026-10-07T02:17:46.2095013Z Updating files:  45% (1969/4375)
2026-10-07T02:17:46.2113581Z Updating files:  46% (2013/4375)
2026-10-07T02:17:46.2130494Z Updating files:  47% (2057/4375)
2026-10-07T02:17:46.2155784Z Updating files:  48% (2100/4375)
2026-10-07T02:17:46.2179508Z Updating files:  49% (2144/4375)
2026-10-07T02:17:46.2199463Z Updating files:  50% (2188/4375)
2026-10-07T02:17:46.2234355Z Updating files:  51% (2232/4375)
2026-10-07T02:17:46.2271310Z Updating files:  52% (2275/4375)
2026-10-07T02:17:46.2306186Z Updating files:  53% (2319/4375)
2026-10-07T02:17:46.2345314Z Updating files:  54% (2363/4375)
2026-10-07T02:17:46.2371672Z Updating files:  55% (2407/4375)
2026-10-07T02:17:46.2588177Z Updating files:  56% (2450/4375)
2026-10-07T02:17:46.2623346Z Updating files:  57% (2494/4375)
2026-10-07T02:17:46.2636833Z Updating files:  58% (2538/4375)
2026-10-07T02:17:46.2665077Z Updating files:  59% (2582/4375)
2026-10-07T02:17:46.2686560Z Updating files:  60% (2625/4375)
2026-10-07T02:17:46.2704661Z Updating files:  61% (2669/4375)
2026-10-07T02:17:46.2725687Z Updating files:  62% (2713/4375)
2026-10-07T02:17:46.2758560Z Updating files:  63% (2757/4375)
2026-10-07T02:17:46.2781596Z Updating files:  64% (2800/4375)
2026-10-07T02:17:46.2808430Z Updating files:  65% (2844/4375)
2026-10-07T02:17:46.2831718Z Updating files:  66% (2888/4375)
2026-10-07T02:17:46.2848287Z Updating files:  67% (2932/4375)
2026-10-07T02:17:46.2868474Z Updating files:  68% (2975/4375)
2026-10-07T02:17:46.2893038Z Updating files:  69% (3019/4375)
2026-10-07T02:17:46.2916280Z Updating files:  70% (3063/4375)
2026-10-07T02:17:46.2940398Z Updating files:  71% (3107/4375)
2026-10-07T02:17:46.2962383Z Updating files:  72% (3150/4375)
2026-10-07T02:17:46.2984768Z Updating files:  73% (3194/4375)
2026-10-07T02:17:46.3003020Z Updating files:  74% (3238/4375)
2026-10-07T02:17:46.3023099Z Updating files:  75% (3282/4375)
2026-10-07T02:17:46.3044026Z Updating files:  76% (3325/4375)
2026-10-07T02:17:46.3073696Z Updating files:  77% (3369/4375)
2026-10-07T02:17:46.3101355Z Updating files:  78% (3413/4375)
2026-10-07T02:17:46.3137574Z Updating files:  79% (3457/4375)
2026-10-07T02:17:46.3166455Z Updating files:  80% (3500/4375)
2026-10-07T02:17:46.3193428Z Updating files:  81% (3544/4375)
2026-10-07T02:17:46.3224635Z Updating files:  82% (3588/4375)
2026-10-07T02:17:46.3243248Z Updating files:  83% (3632/4375)
2026-10-07T02:17:46.3270855Z Updating files:  84% (3675/4375)
2026-10-07T02:17:46.3288977Z Updating files:  85% (3719/4375)
2026-10-07T02:17:46.3308824Z Updating files:  86% (3763/4375)
2026-10-07T02:17:46.3331350Z Updating files:  87% (3807/4375)
2026-10-07T02:17:46.3347956Z Updating files:  88% (3850/4375)
2026-10-07T02:17:46.3366279Z Updating files:  89% (3894/4375)
2026-10-07T02:17:46.3386204Z Updating files:  90% (3938/4375)
2026-10-07T02:17:46.3407269Z Updating files:  91% (3982/4375)
2026-10-07T02:17:46.3429310Z Updating files:  92% (4025/4375)
2026-10-07T02:17:46.3448259Z Updating files:  93% (4069/4375)
2026-10-07T02:17:46.3466056Z Updating files:  94% (4113/4375)
2026-10-07T02:17:46.3500138Z Updating files:  95% (4157/4375)
2026-10-07T02:17:46.3665727Z Updating files:  96% (4200/4375)
2026-10-07T02:17:46.4109137Z Updating files:  97% (4244/4375)
2026-10-07T02:17:46.4142052Z Updating files:  98% (4288/4375)
2026-10-07T02:17:46.4167140Z Updating files:  99% (4332/4375)
2026-10-07T02:17:46.4167620Z Updating files: 100% (4375/4375)
2026-10-07T02:17:46.4167894Z Updating files: 100% (4375/4375), done.
2026-10-07T02:17:48.0202542Z HEAD is now at 7c6199801 Support NVIDIA IMEX-620.30 in gVisor.
2026-10-07T02:17:48.5688227Z Extracting Bazel installation...
2026-10-07T02:17:50.4739391Z Starting local Bazel server (8.3.1) and connecting to it...
2026-10-07T02:17:51.5935629Z Computing main repo mapping: 
2026-10-07T02:17:52.5981482Z Computing main repo mapping: 
2026-10-07T02:17:53.5981704Z Computing main repo mapping: 
2026-10-07T02:17:54.5982214Z Computing main repo mapping: 
2026-10-07T02:17:55.6013638Z Computing main repo mapping: 
2026-10-07T02:17:56.6114508Z Computing main repo mapping: 
2026-10-07T02:17:56.7587498Z WARNING: For repository 'bazel_skylib', the root module requires module version bazel_skylib@1.7.1, but got bazel_skylib@1.8.2 in the resolved dependency graph. Please update the version in your MODULE.bazel or set --check_direct_dependencies=off
2026-10-07T02:17:57.7913532Z Computing main repo mapping: 
2026-10-07T02:17:58.7715152Z Loading: 
2026-10-07T02:17:58.7724160Z Loading: 2 packages loaded
2026-10-07T02:17:59.7793636Z Loading: 2 packages loaded
2026-10-07T02:17:59.7794026Z     currently loading: tools/haa_gvisor_observer
2026-10-07T02:17:59.8692739Z DEBUG: /home/runner/.cache/bazel/_bazel_runner/a1b24ff0a5ad432a517b429ddfed25d5/external/gazelle+/internal/bzlmod/go_deps.bzl:660:36: The following Go modules were required by the root module at the given versions, but were implicitly updated to higher versions due to transitive dependencies:
2026-10-07T02:17:59.8694278Z  
2026-10-07T02:17:59.8694798Z   go.opentelemetry.io/auto/sdk: v1.1.0 -> v1.2.1 
2026-10-07T02:17:59.8695838Z   go.opentelemetry.io/contrib/instrumentation/google.golang.org/grpc/otelgrpc: v0.61.0 -> v0.67.0 
2026-10-07T02:17:59.8696465Z   golang.org/x/crypto: v0.42.0 -> v0.49.0 
2026-10-07T02:17:59.8696895Z   golang.org/x/term: v0.35.0 -> v0.42.0 
2026-10-07T02:17:59.8697323Z   golang.org/x/net: v0.44.0 -> v0.52.0 
2026-10-07T02:17:59.8697757Z   go.opentelemetry.io/otel: v1.37.0 -> v1.43.0 
2026-10-07T02:17:59.8698232Z   go.opentelemetry.io/otel/metric: v1.28.0 -> v1.43.0 
2026-10-07T02:17:59.8698720Z   github.com/felixge/httpsnoop: v1.0.2 -> v1.0.4 
2026-10-07T02:17:59.8699302Z   go.opentelemetry.io/contrib/instrumentation/net/http/otelhttp: v0.53.0 -> v0.67.0 
2026-10-07T02:17:59.8699914Z   go.opentelemetry.io/otel/trace: v1.28.0 -> v1.43.0 
2026-10-07T02:17:59.8700422Z   github.com/opencontainers/image-spec: v1.0.2 -> v1.1.1 
2026-10-07T02:17:59.8700912Z   cloud.google.com/go: v0.105.0 -> v0.123.0 
2026-10-07T02:17:59.8701360Z   cloud.google.com/go/iam: v0.8.0 -> v1.7.0 
2026-10-07T02:17:59.8701842Z   cloud.google.com/go/compute/metadata: v0.8.0 -> v0.9.0 
2026-10-07T02:17:59.8702568Z   github.com/googleapis/enterprise-certificate-proxy: v0.3.6 -> v0.3.14 
2026-10-07T02:17:59.8703125Z   golang.org/x/oauth2: v0.30.0 -> v0.36.0 
2026-10-07T02:17:59.8703745Z   google.golang.org/genproto: v0.0.0-20250707201910-8d1bb00bc6a7 -> v0.0.0-20260319201613-d00831a3d3e7 
2026-10-07T02:17:59.8704641Z   github.com/googleapis/gax-go/v2: v2.15.0 -> v2.21.0 
2026-10-07T02:17:59.8705038Z 
2026-10-07T02:17:59.8705366Z Update the root module's dependencies to match the resolved versions via:
2026-10-07T02:17:59.8705793Z 
2026-10-07T02:17:59.8708626Z   bazel run @io_bazel_rules_go//go -- get go.opentelemetry.io/auto/sdk@v1.2.1 go.opentelemetry.io/contrib/instrumentation/google.golang.org/grpc/otelgrpc@v0.67.0 golang.org/x/crypto@v0.49.0 golang.org/x/term@v0.42.0 golang.org/x/net@v0.52.0 go.opentelemetry.io/otel@v1.43.0 go.opentelemetry.io/otel/metric@v1.43.0 github.com/felixge/httpsnoop@v1.0.4 go.opentelemetry.io/contrib/instrumentation/net/http/otelhttp@v0.67.0 go.opentelemetry.io/otel/trace@v1.43.0 github.com/opencontainers/image-spec@v1.1.1 cloud.google.com/go@v0.123.0 cloud.google.com/go/iam@v1.7.0 cloud.google.com/go/compute/metadata@v0.9.0 github.com/googleapis/enterprise-certificate-proxy@v0.3.14 golang.org/x/oauth2@v0.36.0 google.golang.org/genproto@v0.0.0-20260319201613-d00831a3d3e7 github.com/googleapis/gax-go/v2@v2.21.0 
2026-10-07T02:17:59.8711381Z 
2026-10-07T02:18:00.1001026Z Analyzing: 2 targets (3 packages loaded, 0 targets configured)
2026-10-07T02:18:00.1173758Z Analyzing: 2 targets (3 packages loaded, 0 targets configured)
2026-10-07T02:18:00.1174148Z 
2026-10-07T02:18:01.4983390Z Analyzing: 2 targets (68 packages loaded, 1852 targets configured)
2026-10-07T02:18:01.5116073Z 
2026-10-07T02:18:02.5014324Z Analyzing: 2 targets (106 packages loaded, 5734 targets configured)
2026-10-07T02:18:02.5042655Z 
2026-10-07T02:18:03.3384543Z INFO: Analyzed 2 targets (130 packages loaded, 6534 targets configured).
2026-10-07T02:18:03.6033812Z [143 / 939] Compiling third_party/utf8_range/utf8_range.c [for tool]; 0s processwrapper-sandbox ... (4 actions running)
2026-10-07T02:18:04.6083393Z [161 / 939] Compiling absl/time/internal/cctz/src/civil_time_detail.cc [for tool]; 0s processwrapper-sandbox ... (4 actions, 3 running)
2026-10-07T02:18:05.6293976Z [175 / 939] Compiling absl/time/internal/cctz/src/time_zone_format.cc [for tool]; 0s processwrapper-sandbox ... (4 actions, 3 running)
2026-10-07T02:18:06.6524246Z [189 / 939] Compiling absl/time/internal/cctz/src/time_zone_info.cc [for tool]; 0s processwrapper-sandbox ... (4 actions, 3 running)
2026-10-07T02:18:07.9861072Z [205 / 939] Compiling absl/time/internal/cctz/src/time_zone_info.cc [for tool]; 1s processwrapper-sandbox ... (4 actions, 3 running)
2026-10-07T02:18:09.1003859Z [227 / 939] Compiling absl/debugging/internal/elf_mem_image.cc [for tool]; 0s processwrapper-sandbox ... (4 actions, 3 running)
2026-10-07T02:18:10.2070859Z [338 / 939] Compiling absl/time/internal/cctz/src/time_zone_format.cc; 1s processwrapper-sandbox ... (4 actions, 3 running)
2026-10-07T02:18:11.2214186Z [397 / 944] Compiling absl/debugging/internal/demangle.cc [for tool]; 0s processwrapper-sandbox ... (4 actions, 3 running)
2026-10-07T02:18:12.3753813Z [409 / 944] Compiling absl/time/internal/cctz/src/time_zone_info.cc; 0s processwrapper-sandbox ... (4 actions, 3 running)
2026-10-07T02:18:13.3774141Z [424 / 944] Compiling absl/crc/internal/crc.cc [for tool]; 0s processwrapper-sandbox ... (4 actions running)
2026-10-07T02:18:14.4018879Z [441 / 944] Compiling absl/base/internal/spinlock.cc [for tool]; 0s processwrapper-sandbox ... (4 actions, 3 running)
2026-10-07T02:18:15.4328106Z [456 / 944] Compiling absl/strings/str_split.cc [for tool]; 0s processwrapper-sandbox ... (4 actions, 3 running)
2026-10-07T02:18:16.4444897Z [462 / 944] Compiling absl/strings/str_cat.cc [for tool]; 0s processwrapper-sandbox ... (4 actions, 3 running)
2026-10-07T02:18:17.4688876Z [472 / 944] Compiling absl/debugging/symbolize.cc [for tool]; 0s processwrapper-sandbox ... (4 actions, 2 running)
2026-10-07T02:18:18.6087023Z [482 / 944] Compiling absl/strings/internal/charconv_bigint.cc [for tool]; 1s processwrapper-sandbox ... (4 actions running)
2026-10-07T02:18:19.6583547Z [491 / 944] Compiling absl/log/log_entry.cc [for tool]; 0s processwrapper-sandbox ... (4 actions, 3 running)
2026-10-07T02:18:20.8183341Z [503 / 944] Compiling absl/container/internal/hashtablez_sampler_force_weak_definition.cc [for tool]; 0s processwrapper-sandbox ... (4 actions, 3 running)
2026-10-07T02:18:21.9923934Z [516 / 944] Compiling absl/strings/internal/cord_internal.cc [for tool]; 0s processwrapper-sandbox ... (4 actions, 3 running)
2026-10-07T02:18:23.0261570Z [524 / 944] Compiling absl/strings/internal/cord_rep_btree.cc [for tool]; 0s processwrapper-sandbox ... (4 actions, 3 running)
2026-10-07T02:18:24.0763757Z [532 / 944] Compiling absl/strings/internal/cord_rep_btree.cc [for tool]; 1s processwrapper-sandbox ... (4 actions, 3 running)
2026-10-07T02:18:25.2213907Z [539 / 944] Compiling absl/strings/internal/cord_rep_btree_navigator.cc [for tool]; 0s processwrapper-sandbox ... (4 actions, 3 running)
2026-10-07T02:18:26.3085421Z [550 / 944] Compiling absl/log/internal/vlog_config.cc [for tool]; 0s processwrapper-sandbox ... (4 actions, 3 running)
2026-10-07T02:18:27.6153768Z [559 / 944] Compiling absl/container/internal/raw_hash_set.cc [for tool]; 1s processwrapper-sandbox ... (4 actions running)
2026-10-07T02:18:28.6183900Z [568 / 944] Compiling absl/crc/internal/crc_cord_state.cc [for tool]; 0s processwrapper-sandbox ... (4 actions running)
2026-10-07T02:18:29.6502812Z [578 / 944] Compiling src/google/protobuf/any_lite.cc [for tool]; 0s processwrapper-sandbox ... (4 actions, 3 running)
2026-10-07T02:18:31.1105373Z [586 / 944] Compiling absl/strings/internal/cordz_info.cc [for tool]; 0s processwrapper-sandbox ... (4 actions, 3 running)
2026-10-07T02:18:32.2476969Z [595 / 944] Compiling absl/strings/cord_analysis.cc [for tool]; 0s processwrapper-sandbox ... (4 actions, 3 running)
2026-10-07T02:18:33.2904033Z [600 / 944] Compiling src/google/protobuf/extension_set.cc [for tool]; 1s processwrapper-sandbox ... (4 actions, 3 running)
2026-10-07T02:18:34.5533742Z [604 / 944] Compiling src/google/protobuf/extension_set.cc [for tool]; 2s processwrapper-sandbox ... (4 actions, 3 running)
2026-10-07T02:18:35.6025445Z [608 / 944] Compiling src/google/protobuf/extension_set.cc [for tool]; 3s processwrapper-sandbox ... (4 actions, 3 running)
2026-10-07T02:18:36.6143795Z [614 / 944] Compiling src/google/protobuf/extension_set.cc [for tool]; 4s processwrapper-sandbox ... (4 actions, 3 running)
2026-10-07T02:18:37.6193888Z [621 / 944] Compiling src/google/protobuf/generated_enum_util.cc [for tool]; 0s processwrapper-sandbox ... (4 actions running)
2026-10-07T02:18:38.6185068Z [625 / 944] Compiling absl/status/internal/status_internal.cc [for tool]; 1s processwrapper-sandbox ... (4 actions running)
2026-10-07T02:18:39.6863395Z [630 / 944] Compiling src/google/protobuf/generated_message_tctable_lite.cc [for tool]; 1s processwrapper-sandbox ... (4 actions, 3 running)
2026-10-07T02:18:40.9493690Z [639 / 944] Compiling src/google/protobuf/generated_message_tctable_lite.cc [for tool]; 2s processwrapper-sandbox ... (4 actions, 3 running)
2026-10-07T02:18:42.0255584Z [644 / 944] Compiling src/google/protobuf/generated_message_tctable_lite.cc [for tool]; 3s processwrapper-sandbox ... (4 actions, 3 running)
2026-10-07T02:18:43.0908723Z [646 / 944] Compiling src/google/protobuf/generated_message_tctable_lite.cc [for tool]; 4s processwrapper-sandbox ... (4 actions, 3 running)
2026-10-07T02:18:44.1317967Z [652 / 944] Compiling src/google/protobuf/generated_message_tctable_lite.cc [for tool]; 5s processwrapper-sandbox ... (4 actions, 3 running)
2026-10-07T02:18:45.5603818Z [656 / 944] Compiling src/google/protobuf/generated_message_tctable_lite.cc [for tool]; 7s processwrapper-sandbox ... (4 actions, 3 running)
2026-10-07T02:18:46.6213588Z [660 / 944] Compiling src/google/protobuf/io/printer.cc [for tool]; 2s processwrapper-sandbox ... (4 actions running)
2026-10-07T02:18:47.6253548Z [665 / 944] Compiling src/google/protobuf/io/printer.cc [for tool]; 3s processwrapper-sandbox ... (4 actions running)
2026-10-07T02:18:48.6255036Z [671 / 944] Compiling src/google/protobuf/io/zero_copy_sink.cc [for tool]; 0s processwrapper-sandbox ... (4 actions running)
2026-10-07T02:18:49.6284060Z [674 / 944] Compiling src/google/protobuf/compiler/cpp/helpers.cc [for tool]; 1s processwrapper-sandbox ... (4 actions running)
2026-10-07T02:18:50.6243928Z [676 / 944] Compiling src/google/protobuf/compiler/cpp/helpers.cc [for tool]; 2s processwrapper-sandbox ... (4 actions running)
2026-10-07T02:18:51.6303634Z [677 / 944] Compiling src/google/protobuf/compiler/cpp/helpers.cc [for tool]; 3s processwrapper-sandbox ... (4 actions running)
2026-10-07T02:18:51.7330920Z INFO: From Compiling src/google/protobuf/map.cc [for tool]:
2026-10-07T02:18:51.7383924Z In file included from bazel-out/k8-opt-exec-ST-d57f47055a04/bin/external/protobuf+/src/google/protobuf/_virtual_includes/protobuf_lite/google/protobuf/generated_enum_util.h:20,
2026-10-07T02:18:51.7385209Z                  from bazel-out/k8-opt-exec-ST-d57f47055a04/bin/external/protobuf+/src/google/protobuf/_virtual_includes/protobuf_lite/google/protobuf/map.h:41,
2026-10-07T02:18:51.7413078Z                  from external/protobuf+/src/google/protobuf/map.cc:8:
2026-10-07T02:18:51.7447983Z In function 'const google::protobuf::internal::ClassData* google::protobuf::internal::GetClassData(const Type&) [with Type = google::protobuf::MessageLite]',
2026-10-07T02:18:51.7449682Z     inlined from 'google::protobuf::internal::Offsets google::protobuf::internal::AlignAndAddSizeDynamic(size_t, UntypedMapBase::TypeKind, const google::protobuf::MessageLite*, size_t&)' at external/protobuf+/src/google/protobuf/map.cc:229:38,
2026-10-07T02:18:51.7451670Z     inlined from 'static google::protobuf::internal::UntypedMapBase::TypeInfo google::protobuf::internal::UntypedMapBase::GetTypeInfoDynamic(TypeKind, TypeKind, const google::protobuf::MessageLite*)' at external/protobuf+/src/google/protobuf/map.cc:249:29:
2026-10-07T02:18:51.7453506Z bazel-out/k8-opt-exec-ST-d57f47055a04/bin/external/protobuf+/src/google/protobuf/_virtual_includes/protobuf_lite/google/protobuf/message_lite.h:1230:28: warning: 'this' pointer is null [-Wnonnull]
2026-10-07T02:18:51.7454457Z  1230 |     return msg.GetClassData();
2026-10-07T02:18:51.7454855Z       |            ~~~~~~~~~~~~~~~~^~
2026-10-07T02:18:52.6303647Z [680 / 944] Compiling src/google/protobuf/compiler/cpp/helpers.cc [for tool]; 4s processwrapper-sandbox ... (4 actions running)
2026-10-07T02:18:53.6313731Z [683 / 944] Compiling src/google/protobuf/compiler/cpp/helpers.cc [for tool]; 5s processwrapper-sandbox ... (4 actions running)
2026-10-07T02:18:54.6365259Z [690 / 944] Compiling src/google/protobuf/compiler/cpp/helpers.cc [for tool]; 6s processwrapper-sandbox ... (4 actions running)
2026-10-07T02:18:55.6387040Z [695 / 944] Compiling src/google/protobuf/compiler/cpp/helpers.cc [for tool]; 7s processwrapper-sandbox ... (4 actions running)
2026-10-07T02:18:56.6393558Z [698 / 944] Compiling src/google/protobuf/compiler/cpp/helpers.cc [for tool]; 8s processwrapper-sandbox ... (4 actions running)
2026-10-07T02:18:56.8655651Z INFO: From Compiling src/google/protobuf/compiler/cpp/helpers.cc [for tool]:
2026-10-07T02:18:56.8673112Z In file included from external/protobuf+/src/google/protobuf/compiler/cpp/helpers.cc:12:
2026-10-07T02:18:56.8693973Z bazel-out/k8-opt-exec-ST-d57f47055a04/bin/external/protobuf+/src/google/protobuf/compiler/cpp/_virtual_includes/names_internal/google/protobuf/compiler/cpp/helpers.h: In function 'bool google::protobuf::compiler::cpp::IsWeak(const google::protobuf::FieldDescriptor*, const Options&)':
2026-10-07T02:18:56.8701312Z bazel-out/k8-opt-exec-ST-d57f47055a04/bin/external/protobuf+/src/google/protobuf/compiler/cpp/_virtual_includes/names_internal/google/protobuf/compiler/cpp/helpers.h:347:28: warning: 'bool google::protobuf::FieldOptions::weak() const' is deprecated [-Wdeprecated-declarations]
2026-10-07T02:18:56.8703556Z   347 |   if (field->options().weak()) {
2026-10-07T02:18:56.8703984Z       |       ~~~~~~~~~~~~~~~~~~~~~^~
2026-10-07T02:18:56.8705261Z In file included from bazel-out/k8-opt-exec-ST-d57f47055a04/bin/external/protobuf+/src/google/protobuf/compiler/_virtual_includes/code_generator_lite/google/protobuf/compiler/code_generator_lite.h:18,
2026-10-07T02:18:56.8706744Z                  from bazel-out/k8-opt-exec-ST-d57f47055a04/bin/external/protobuf+/src/google/protobuf/compiler/_virtual_includes/code_generator/google/protobuf/compiler/code_generator.h:25,
2026-10-07T02:18:56.8708143Z                  from bazel-out/k8-opt-exec-ST-d57f47055a04/bin/external/protobuf+/src/google/protobuf/compiler/cpp/_virtual_includes/names_internal/google/protobuf/compiler/cpp/helpers.h:29:
2026-10-07T02:18:56.8709523Z bazel-out/k8-opt-exec-ST-d57f47055a04/bin/external/protobuf+/src/google/protobuf/_virtual_includes/protobuf/google/protobuf/descriptor.pb.h:18861:13: note: declared here
2026-10-07T02:18:56.8710652Z 18861 | inline bool FieldOptions::weak() const {
2026-10-07T02:18:56.8720349Z       |             ^~~~~~~~~~~~
2026-10-07T02:18:56.8721517Z external/protobuf+/src/google/protobuf/compiler/cpp/helpers.cc: In member function 'google::protobuf::compiler::cpp::MessageAnalysis google::protobuf::compiler::cpp::MessageSCCAnalyzer::GetSCCAnalysis(const google::protobuf::compiler::SCC*)':
2026-10-07T02:18:56.8723366Z external/protobuf+/src/google/protobuf/compiler/cpp/helpers.cc:1802:32: warning: 'bool google::protobuf::FieldOptions::weak() const' is deprecated [-Wdeprecated-declarations]
2026-10-07T02:18:56.8724260Z  1802 |       if (field->options().weak()) {
2026-10-07T02:18:56.8724684Z       |           ~~~~~~~~~~~~~~~~~~~~~^~
2026-10-07T02:18:56.8725564Z bazel-out/k8-opt-exec-ST-d57f47055a04/bin/external/protobuf+/src/google/protobuf/_virtual_includes/protobuf/google/protobuf/descriptor.pb.h:18861:13: note: declared here
2026-10-07T02:18:56.8726492Z 18861 | inline bool FieldOptions::weak() const {
2026-10-07T02:18:56.8726937Z       |             ^~~~~~~~~~~~
2026-10-07T02:18:57.6413454Z [704 / 944] Compiling absl/strings/cord.cc; 3s processwrapper-sandbox ... (4 actions running)
2026-10-07T02:18:58.6433596Z [707 / 944] Compiling src/google/protobuf/wire_format.cc [for tool]; 1s processwrapper-sandbox ... (4 actions running)
2026-10-07T02:18:59.6463672Z [711 / 944] Compiling src/google/protobuf/wire_format.cc [for tool]; 2s processwrapper-sandbox ... (4 actions running)
2026-10-07T02:19:00.6454181Z [715 / 944] Compiling src/google/protobuf/wire_format.cc [for tool]; 3s processwrapper-sandbox ... (4 actions running)
2026-10-07T02:19:01.3643578Z INFO: From Compiling src/google/protobuf/wire_format.cc [for tool]:
2026-10-07T02:19:01.3663377Z In file included from external/protobuf+/src/google/protobuf/wire_format.cc:31:
2026-10-07T02:19:01.3704103Z bazel-out/k8-opt-exec-ST-d57f47055a04/bin/external/protobuf+/src/google/protobuf/_virtual_includes/protobuf/google/protobuf/map_field.h: In constructor 'google::protobuf::internal::MapFieldBase::ReflectionPayload::ReflectionPayload(google::protobuf::Arena*, const google::protobuf::Message*)':
2026-10-07T02:19:01.3724449Z bazel-out/k8-opt-exec-ST-d57f47055a04/bin/external/protobuf+/src/google/protobuf/_virtual_includes/protobuf/google/protobuf/map_field.h:416:11: warning: 'google::protobuf::RepeatedPtrField<T>::RepeatedPtrField(google::protobuf::Arena*) [with Element = google::protobuf::Message]' is deprecated: Use Arena::Create<RepeatedPtrField<...>>(Arena*) instead [-Wdeprecated-declarations]
2026-10-07T02:19:01.3729178Z   416 |         : repeated_field_(arena), prototype_(prototype) {}
2026-10-07T02:19:01.3729690Z       |           ^~~~~~~~~~~~~~~~~~~~~~
2026-10-07T02:19:01.3730541Z In file included from bazel-out/k8-opt-exec-ST-d57f47055a04/bin/external/protobuf+/src/google/protobuf/_virtual_includes/protobuf_lite/google/protobuf/repeated_field.h:46,
2026-10-07T02:19:01.3731749Z                  from bazel-out/k8-opt-exec-ST-d57f47055a04/bin/external/protobuf+/src/google/protobuf/_virtual_includes/protobuf_lite/google/protobuf/parse_context.h:39,
2026-10-07T02:19:01.3733367Z                  from bazel-out/k8-opt-exec-ST-d57f47055a04/bin/external/protobuf+/src/google/protobuf/_virtual_includes/protobuf_lite/google/protobuf/generated_message_tctable_decl.h:25,
2026-10-07T02:19:01.3734993Z                  from bazel-out/k8-opt-exec-ST-d57f47055a04/bin/external/protobuf+/src/google/protobuf/_virtual_includes/protobuf_lite/google/protobuf/extension_set.h:40,
2026-10-07T02:19:01.3736168Z                  from bazel-out/k8-opt-exec-ST-d57f47055a04/bin/external/protobuf+/src/google/protobuf/_virtual_includes/protobuf/google/protobuf/descriptor.h:56,
2026-10-07T02:19:01.3737328Z                  from bazel-out/k8-opt-exec-ST-d57f47055a04/bin/external/protobuf+/src/google/protobuf/_virtual_includes/protobuf/google/protobuf/wire_format.h:26,
2026-10-07T02:19:01.3738198Z                  from external/protobuf+/src/google/protobuf/wire_format.cc:12:
2026-10-07T02:19:01.3739148Z bazel-out/k8-opt-exec-ST-d57f47055a04/bin/external/protobuf+/src/google/protobuf/_virtual_includes/protobuf_lite/google/protobuf/repeated_ptr_field.h:1380:8: note: declared here
2026-10-07T02:19:01.3740173Z  1380 | inline RepeatedPtrField<Element>::RepeatedPtrField(Arena* arena)
2026-10-07T02:19:01.3740682Z       |        ^~~~~~~~~~~~~~~~~~~~~~~~~
2026-10-07T02:19:01.6463802Z [719 / 944] Compiling src/google/protobuf/compiler/cpp/enum.cc [for tool]; 2s processwrapper-sandbox ... (4 actions running)
2026-10-07T02:19:02.6493825Z [721 / 944] Compiling src/google/protobuf/compiler/cpp/enum.cc [for tool]; 3s processwrapper-sandbox ... (4 actions running)
2026-10-07T02:19:03.6533808Z [724 / 944] Compiling src/google/protobuf/compiler/cpp/enum.cc [for tool]; 4s processwrapper-sandbox ... (4 actions running)
2026-10-07T02:19:04.7286518Z [728 / 944] Compiling src/google/protobuf/compiler/cpp/enum.cc [for tool]; 5s processwrapper-sandbox ... (4 actions, 3 running)
2026-10-07T02:19:05.2627280Z INFO: From Compiling src/google/protobuf/compiler/cpp/enum.cc [for tool]:
2026-10-07T02:19:05.2653259Z In file included from external/protobuf+/src/google/protobuf/compiler/cpp/enum.cc:29:
2026-10-07T02:19:05.2684345Z bazel-out/k8-opt-exec-ST-d57f47055a04/bin/external/protobuf+/src/google/protobuf/compiler/cpp/_virtual_includes/names_internal/google/protobuf/compiler/cpp/helpers.h: In function 'bool google::protobuf::compiler::cpp::IsWeak(const google::protobuf::FieldDescriptor*, const Options&)':
2026-10-07T02:19:05.2725221Z bazel-out/k8-opt-exec-ST-d57f47055a04/bin/external/protobuf+/src/google/protobuf/compiler/cpp/_virtual_includes/names_internal/google/protobuf/compiler/cpp/helpers.h:347:28: warning: 'bool google::protobuf::FieldOptions::weak() const' is deprecated [-Wdeprecated-declarations]
2026-10-07T02:19:05.2743234Z   347 |   if (field->options().weak()) {
2026-10-07T02:19:05.2772884Z       |       ~~~~~~~~~~~~~~~~~~~~~^~
2026-10-07T02:19:05.2783602Z In file included from bazel-out/k8-opt-exec-ST-d57f47055a04/bin/external/protobuf+/src/google/protobuf/compiler/_virtual_includes/code_generator_lite/google/protobuf/compiler/code_generator_lite.h:18,
2026-10-07T02:19:05.2813694Z                  from bazel-out/k8-opt-exec-ST-d57f47055a04/bin/external/protobuf+/src/google/protobuf/compiler/_virtual_includes/code_generator/google/protobuf/compiler/code_generator.h:25,
2026-10-07T02:19:05.2843254Z                  from bazel-out/k8-opt-exec-ST-d57f47055a04/bin/external/protobuf+/src/google/protobuf/compiler/cpp/_virtual_includes/cpp/google/protobuf/compiler/cpp/generator.h:24,
2026-10-07T02:19:05.2862824Z                  from external/protobuf+/src/google/protobuf/compiler/cpp/enum.cc:28:
2026-10-07T02:19:05.2873226Z bazel-out/k8-opt-exec-ST-d57f47055a04/bin/external/protobuf+/src/google/protobuf/_virtual_includes/protobuf/google/protobuf/descriptor.pb.h:18861:13: note: declared here
2026-10-07T02:19:05.2902858Z 18861 | inline bool FieldOptions::weak() const {
2026-10-07T02:19:05.2932742Z       |             ^~~~~~~~~~~~
2026-10-07T02:19:05.8673908Z [733 / 944] Compiling src/google/protobuf/text_format.cc [for tool]; 2s processwrapper-sandbox ... (4 actions, 3 running)
2026-10-07T02:19:07.2376129Z [735 / 944] Compiling src/google/protobuf/text_format.cc [for tool]; 3s processwrapper-sandbox ... (4 actions, 3 running)
2026-10-07T02:19:08.3674112Z [739 / 944] Compiling src/google/protobuf/text_format.cc [for tool]; 4s processwrapper-sandbox ... (4 actions, 3 running)
2026-10-07T02:19:09.6505867Z [741 / 944] Compiling src/google/protobuf/text_format.cc [for tool]; 6s processwrapper-sandbox ... (4 actions running)
2026-10-07T02:19:09.9893965Z INFO: From Compiling src/google/protobuf/text_format.cc [for tool]:
2026-10-07T02:19:09.9923409Z In file included from external/protobuf+/src/google/protobuf/text_format.cc:54:
2026-10-07T02:19:09.9954319Z bazel-out/k8-opt-exec-ST-d57f47055a04/bin/external/protobuf+/src/google/protobuf/_virtual_includes/protobuf/google/protobuf/map_field.h: In constructor 'google::protobuf::internal::MapFieldBase::ReflectionPayload::ReflectionPayload(google::protobuf::Arena*, const google::protobuf::Message*)':
2026-10-07T02:19:09.9984437Z bazel-out/k8-opt-exec-ST-d57f47055a04/bin/external/protobuf+/src/google/protobuf/_virtual_includes/protobuf/google/protobuf/map_field.h:416:11: warning: 'google::protobuf::RepeatedPtrField<T>::RepeatedPtrField(google::protobuf::Arena*) [with Element = google::protobuf::Message]' is deprecated: Use Arena::Create<RepeatedPtrField<...>>(Arena*) instead [-Wdeprecated-declarations]
2026-10-07T02:19:10.0003041Z   416 |         : repeated_field_(arena), prototype_(prototype) {}
2026-10-07T02:19:10.0012772Z       |           ^~~~~~~~~~~~~~~~~~~~~~
2026-10-07T02:19:10.0033352Z In file included from bazel-out/k8-opt-exec-ST-d57f47055a04/bin/external/protobuf+/src/google/protobuf/_virtual_includes/protobuf_lite/google/protobuf/repeated_field.h:46,
2026-10-07T02:19:10.0063276Z                  from bazel-out/k8-opt-exec-ST-d57f47055a04/bin/external/protobuf+/src/google/protobuf/_virtual_includes/protobuf_lite/google/protobuf/parse_context.h:39,
2026-10-07T02:19:10.0093337Z                  from bazel-out/k8-opt-exec-ST-d57f47055a04/bin/external/protobuf+/src/google/protobuf/_virtual_includes/protobuf_lite/google/protobuf/generated_message_tctable_decl.h:25,
2026-10-07T02:19:10.0094911Z                  from bazel-out/k8-opt-exec-ST-d57f47055a04/bin/external/protobuf+/src/google/protobuf/_virtual_includes/protobuf_lite/google/protobuf/extension_set.h:40,
2026-10-07T02:19:10.0123445Z                  from bazel-out/k8-opt-exec-ST-d57f47055a04/bin/external/protobuf+/src/google/protobuf/_virtual_includes/protobuf/google/protobuf/descriptor.h:56,
2026-10-07T02:19:10.0153471Z                  from bazel-out/k8-opt-exec-ST-d57f47055a04/bin/external/protobuf+/src/google/protobuf/_virtual_includes/protobuf/google/protobuf/text_format.h:27,
2026-10-07T02:19:10.0182887Z                  from external/protobuf+/src/google/protobuf/text_format.cc:12:
2026-10-07T02:19:10.0213226Z bazel-out/k8-opt-exec-ST-d57f47055a04/bin/external/protobuf+/src/google/protobuf/_virtual_includes/protobuf_lite/google/protobuf/repeated_ptr_field.h:1380:8: note: declared here
2026-10-07T02:19:10.0214479Z  1380 | inline RepeatedPtrField<Element>::RepeatedPtrField(Arena* arena)
2026-10-07T02:19:10.0242958Z       |        ^~~~~~~~~~~~~~~~~~~~~~~~~
2026-10-07T02:19:10.0273396Z external/protobuf+/src/google/protobuf/text_format.cc: In member function 'bool google::protobuf::TextFormat::Parser::ParserImpl::ConsumeField(google::protobuf::Message*)':
2026-10-07T02:19:10.0303196Z external/protobuf+/src/google/protobuf/text_format.cc:663:54: warning: 'bool google::protobuf::FieldOptions::weak() const' is deprecated [-Wdeprecated-declarations]
2026-10-07T02:19:10.0304199Z   663 |       if (consumed_semicolon && field->options().weak() &&
2026-10-07T02:19:10.0332946Z       |                                 ~~~~~~~~~~~~~~~~~~~~~^~
2026-10-07T02:19:10.0360458Z In file included from external/protobuf+/src/google/protobuf/text_format.cc:46:
2026-10-07T02:19:10.0383157Z bazel-out/k8-opt-exec-ST-d57f47055a04/bin/external/protobuf+/src/google/protobuf/_virtual_includes/protobuf/google/protobuf/descriptor.pb.h:18861:13: note: declared here
2026-10-07T02:19:10.0412993Z 18861 | inline bool FieldOptions::weak() const {
2026-10-07T02:19:10.0413657Z       |             ^~~~~~~~~~~~
2026-10-07T02:19:10.7370621Z INFO: From Compiling src/google/protobuf/compiler/cpp/extension.cc [for tool]:
2026-10-07T02:19:10.7393745Z In file included from bazel-out/k8-opt-exec-ST-d57f47055a04/bin/external/protobuf+/src/google/protobuf/compiler/cpp/_virtual_includes/cpp/google/protobuf/compiler/cpp/extension.h:19,
2026-10-07T02:19:10.7413192Z                  from external/protobuf+/src/google/protobuf/compiler/cpp/extension.cc:12:
2026-10-07T02:19:10.7424220Z bazel-out/k8-opt-exec-ST-d57f47055a04/bin/external/protobuf+/src/google/protobuf/compiler/cpp/_virtual_includes/names_internal/google/protobuf/compiler/cpp/helpers.h: In function 'bool google::protobuf::compiler::cpp::IsWeak(const google::protobuf::FieldDescriptor*, const Options&)':
2026-10-07T02:19:10.7473675Z bazel-out/k8-opt-exec-ST-d57f47055a04/bin/external/protobuf+/src/google/protobuf/compiler/cpp/_virtual_includes/names_internal/google/protobuf/compiler/cpp/helpers.h:347:28: warning: 'bool google::protobuf::FieldOptions::weak() const' is deprecated [-Wdeprecated-declarations]
2026-10-07T02:19:10.7508022Z   347 |   if (field->options().weak()) {
2026-10-07T02:19:10.7512724Z       |       ~~~~~~~~~~~~~~~~~~~~~^~
2026-10-07T02:19:10.7543174Z In file included from bazel-out/k8-opt-exec-ST-d57f47055a04/bin/external/protobuf+/src/google/protobuf/compiler/_virtual_includes/code_generator_lite/google/protobuf/compiler/code_generator_lite.h:18,
2026-10-07T02:19:10.7544364Z                  from bazel-out/k8-opt-exec-ST-d57f47055a04/bin/external/protobuf+/src/google/protobuf/compiler/_virtual_includes/code_generator/google/protobuf/compiler/code_generator.h:25,
2026-10-07T02:19:10.7545560Z                  from bazel-out/k8-opt-exec-ST-d57f47055a04/bin/external/protobuf+/src/google/protobuf/compiler/cpp/_virtual_includes/names_internal/google/protobuf/compiler/cpp/helpers.h:29:
2026-10-07T02:19:10.7546688Z bazel-out/k8-opt-exec-ST-d57f47055a04/bin/external/protobuf+/src/google/protobuf/_virtual_includes/protobuf/google/protobuf/descriptor.pb.h:18861:13: note: declared here
2026-10-07T02:19:10.7547508Z 18861 | inline bool FieldOptions::weak() const {
2026-10-07T02:19:10.7547821Z       |             ^~~~~~~~~~~~
2026-10-07T02:19:10.7548390Z [750 / 944] Compiling absl/crc/internal/crc_non_temporal_memcpy.cc; 1s processwrapper-sandbox ... (4 actions, 3 running)
2026-10-07T02:19:12.2545361Z [755 / 944] Compiling src/google/protobuf/reflection_ops.cc [for tool]; 1s processwrapper-sandbox ... (4 actions, 3 running)
2026-10-07T02:19:12.9397810Z INFO: From Compiling src/google/protobuf/reflection_ops.cc [for tool]:
2026-10-07T02:19:12.9434106Z In file included from external/protobuf+/src/google/protobuf/reflection_ops.cc:22:
2026-10-07T02:19:12.9443872Z bazel-out/k8-opt-exec-ST-d57f47055a04/bin/external/protobuf+/src/google/protobuf/_virtual_includes/protobuf/google/protobuf/map_field.h: In constructor 'google::protobuf::internal::MapFieldBase::ReflectionPayload::ReflectionPayload(google::protobuf::Arena*, const google::protobuf::Message*)':
2026-10-07T02:19:12.9507092Z bazel-out/k8-opt-exec-ST-d57f47055a04/bin/external/protobuf+/src/google/protobuf/_virtual_includes/protobuf/google/protobuf/map_field.h:416:11: warning: 'google::protobuf::RepeatedPtrField<T>::RepeatedPtrField(google::protobuf::Arena*) [with Element = google::protobuf::Message]' is deprecated: Use Arena::Create<RepeatedPtrField<...>>(Arena*) instead [-Wdeprecated-declarations]
2026-10-07T02:19:12.9553077Z   416 |         : repeated_field_(arena), prototype_(prototype) {}
2026-10-07T02:19:12.9597231Z       |           ^~~~~~~~~~~~~~~~~~~~~~
2026-10-07T02:19:12.9623261Z In file included from bazel-out/k8-opt-exec-ST-d57f47055a04/bin/external/protobuf+/src/google/protobuf/_virtual_includes/protobuf_lite/google/protobuf/repeated_field.h:46,
2026-10-07T02:19:12.9653268Z                  from bazel-out/k8-opt-exec-ST-d57f47055a04/bin/external/protobuf+/src/google/protobuf/_virtual_includes/protobuf_lite/google/protobuf/parse_context.h:39,
2026-10-07T02:19:12.9654911Z                  from bazel-out/k8-opt-exec-ST-d57f47055a04/bin/external/protobuf+/src/google/protobuf/_virtual_includes/protobuf_lite/google/protobuf/generated_message_tctable_decl.h:25,
2026-10-07T02:19:12.9683336Z                  from bazel-out/k8-opt-exec-ST-d57f47055a04/bin/external/protobuf+/src/google/protobuf/_virtual_includes/protobuf_lite/google/protobuf/extension_set.h:40,
2026-10-07T02:19:12.9713160Z                  from bazel-out/k8-opt-exec-ST-d57f47055a04/bin/external/protobuf+/src/google/protobuf/_virtual_includes/protobuf/google/protobuf/descriptor.h:56,
2026-10-07T02:19:12.9723203Z                  from bazel-out/k8-opt-exec-ST-d57f47055a04/bin/external/protobuf+/src/google/protobuf/_virtual_includes/protobuf/google/protobuf/message.h:112,
2026-10-07T02:19:12.9743307Z                  from bazel-out/k8-opt-exec-ST-d57f47055a04/bin/external/protobuf+/src/google/protobuf/_virtual_includes/protobuf/google/protobuf/reflection_ops.h:18,
2026-10-07T02:19:12.9772809Z                  from external/protobuf+/src/google/protobuf/reflection_ops.cc:11:
2026-10-07T02:19:12.9773711Z bazel-out/k8-opt-exec-ST-d57f47055a04/bin/external/protobuf+/src/google/protobuf/_virtual_includes/protobuf_lite/google/protobuf/repeated_ptr_field.h:1380:8: note: declared here
2026-10-07T02:19:12.9774548Z  1380 | inline RepeatedPtrField<Element>::RepeatedPtrField(Arena* arena)
2026-10-07T02:19:12.9774911Z       |        ^~~~~~~~~~~~~~~~~~~~~~~~~
2026-10-07T02:19:13.6514932Z [763 / 944] Compiling src/google/protobuf/compiler/cpp/field.cc [for tool]; 2s processwrapper-sandbox ... (4 actions running)
2026-10-07T02:19:14.6583991Z [767 / 944] Compiling src/google/protobuf/compiler/cpp/field.cc [for tool]; 3s processwrapper-sandbox ... (4 actions running)
2026-10-07T02:19:15.9233702Z INFO: From Compiling src/google/protobuf/compiler/cpp/field.cc [for tool]:
2026-10-07T02:19:15.9243754Z In file included from bazel-out/k8-opt-exec-ST-d57f47055a04/bin/external/protobuf+/src/google/protobuf/compiler/cpp/_virtual_includes/cpp/google/protobuf/compiler/cpp/field.h:26,
2026-10-07T02:19:15.9244639Z                  from external/protobuf+/src/google/protobuf/compiler/cpp/field.cc:12:
2026-10-07T02:19:15.9245796Z bazel-out/k8-opt-exec-ST-d57f47055a04/bin/external/protobuf+/src/google/protobuf/compiler/cpp/_virtual_includes/names_internal/google/protobuf/compiler/cpp/helpers.h: In function 'bool google::protobuf::compiler::cpp::IsWeak(const google::protobuf::FieldDescriptor*, const Options&)':
2026-10-07T02:19:15.9247527Z bazel-out/k8-opt-exec-ST-d57f47055a04/bin/external/protobuf+/src/google/protobuf/compiler/cpp/_virtual_includes/names_internal/google/protobuf/compiler/cpp/helpers.h:347:28: warning: 'bool google::protobuf::FieldOptions::weak() const' is deprecated [-Wdeprecated-declarations]
2026-10-07T02:19:15.9248874Z   347 |   if (field->options().weak()) {
2026-10-07T02:19:15.9249126Z       |       ~~~~~~~~~~~~~~~~~~~~~^~
2026-10-07T02:19:15.9249857Z In file included from bazel-out/k8-opt-exec-ST-d57f47055a04/bin/external/protobuf+/src/google/protobuf/compiler/_virtual_includes/code_generator_lite/google/protobuf/compiler/code_generator_lite.h:18,
2026-10-07T02:19:15.9250986Z                  from bazel-out/k8-opt-exec-ST-d57f47055a04/bin/external/protobuf+/src/google/protobuf/compiler/_virtual_includes/code_generator/google/protobuf/compiler/code_generator.h:25,
2026-10-07T02:19:15.9251796Z                  from bazel-out/k8-opt-exec-ST-d57f47055a04/bin/external/protobuf+/src/google/protobuf/compiler/cpp/_virtual_includes/names_internal/google/protobuf/compiler/cpp/helpers.h:29:
2026-10-07T02:19:15.9252744Z bazel-out/k8-opt-exec-ST-d57f47055a04/bin/external/protobuf+/src/google/protobuf/_virtual_includes/protobuf/google/protobuf/descriptor.pb.h:18861:13: note: declared here
2026-10-07T02:19:15.9253451Z 18861 | inline bool FieldOptions::weak() const {
2026-10-07T02:19:15.9253724Z       |             ^~~~~~~~~~~~
2026-10-07T02:19:15.9254174Z [771 / 944] Compiling src/google/protobuf/message.cc [for tool]; 2s processwrapper-sandbox ... (4 actions, 3 running)
2026-10-07T02:19:17.1904100Z [776 / 944] Compiling src/google/protobuf/message.cc [for tool]; 4s processwrapper-sandbox ... (4 actions, 3 running)
2026-10-07T02:19:17.2796855Z INFO: From Compiling src/google/protobuf/message.cc [for tool]:
2026-10-07T02:19:17.2823369Z In file included from external/protobuf+/src/google/protobuf/message.cc:40:
2026-10-07T02:19:17.2841879Z bazel-out/k8-opt-exec-ST-d57f47055a04/bin/external/protobuf+/src/google/protobuf/_virtual_includes/protobuf/google/protobuf/map_field.h: In constructor 'google::protobuf::internal::MapFieldBase::ReflectionPayload::ReflectionPayload(google::protobuf::Arena*, const google::protobuf::Message*)':
2026-10-07T02:19:17.2863892Z bazel-out/k8-opt-exec-ST-d57f47055a04/bin/external/protobuf+/src/google/protobuf/_virtual_includes/protobuf/google/protobuf/map_field.h:416:11: warning: 'google::protobuf::RepeatedPtrField<T>::RepeatedPtrField(google::protobuf::Arena*) [with Element = google::protobuf::Message]' is deprecated: Use Arena::Create<RepeatedPtrField<...>>(Arena*) instead [-Wdeprecated-declarations]
2026-10-07T02:19:17.2865955Z   416 |         : repeated_field_(arena), prototype_(prototype) {}
2026-10-07T02:19:17.2866273Z       |           ^~~~~~~~~~~~~~~~~~~~~~
2026-10-07T02:19:17.2867023Z In file included from bazel-out/k8-opt-exec-ST-d57f47055a04/bin/external/protobuf+/src/google/protobuf/_virtual_includes/protobuf_lite/google/protobuf/repeated_field.h:46,
2026-10-07T02:19:17.2893156Z                  from bazel-out/k8-opt-exec-ST-d57f47055a04/bin/external/protobuf+/src/google/protobuf/_virtual_includes/protobuf_lite/google/protobuf/parse_context.h:39,
2026-10-07T02:19:17.2894335Z                  from bazel-out/k8-opt-exec-ST-d57f47055a04/bin/external/protobuf+/src/google/protobuf/_virtual_includes/protobuf_lite/google/protobuf/generated_message_tctable_decl.h:25,
2026-10-07T02:19:17.2895505Z                  from bazel-out/k8-opt-exec-ST-d57f47055a04/bin/external/protobuf+/src/google/protobuf/_virtual_includes/protobuf_lite/google/protobuf/extension_set.h:40,
2026-10-07T02:19:17.2896568Z                  from bazel-out/k8-opt-exec-ST-d57f47055a04/bin/external/protobuf+/src/google/protobuf/_virtual_includes/protobuf/google/protobuf/descriptor.h:56,
2026-10-07T02:19:17.2897582Z                  from bazel-out/k8-opt-exec-ST-d57f47055a04/bin/external/protobuf+/src/google/protobuf/_virtual_includes/protobuf/google/protobuf/message.h:112,
2026-10-07T02:19:17.2898302Z                  from external/protobuf+/src/google/protobuf/message.cc:12:
2026-10-07T02:19:17.2899064Z bazel-out/k8-opt-exec-ST-d57f47055a04/bin/external/protobuf+/src/google/protobuf/_virtual_includes/protobuf_lite/google/protobuf/repeated_ptr_field.h:1380:8: note: declared here
2026-10-07T02:19:17.2900304Z  1380 | inline RepeatedPtrField<Element>::RepeatedPtrField(Arena* arena)
2026-10-07T02:19:17.2900658Z       |        ^~~~~~~~~~~~~~~~~~~~~~~~~
2026-10-07T02:19:18.6563839Z [778 / 944] Compiling src/google/protobuf/compiler/cpp/field_chunk.cc [for tool]; 2s processwrapper-sandbox ... (4 actions running)
2026-10-07T02:19:18.8487984Z INFO: From Compiling src/google/protobuf/compiler/cpp/field_chunk.cc [for tool]:
2026-10-07T02:19:18.8513577Z In file included from bazel-out/k8-opt-exec-ST-d57f47055a04/bin/external/protobuf+/src/google/protobuf/compiler/cpp/_virtual_includes/cpp/google/protobuf/compiler/cpp/field_chunk.h:10,
2026-10-07T02:19:18.8543097Z                  from external/protobuf+/src/google/protobuf/compiler/cpp/field_chunk.cc:1:
2026-10-07T02:19:18.8563863Z bazel-out/k8-opt-exec-ST-d57f47055a04/bin/external/protobuf+/src/google/protobuf/compiler/cpp/_virtual_includes/names_internal/google/protobuf/compiler/cpp/helpers.h: In function 'bool google::protobuf::compiler::cpp::IsWeak(const google::protobuf::FieldDescriptor*, const Options&)':
2026-10-07T02:19:18.8583536Z bazel-out/k8-opt-exec-ST-d57f47055a04/bin/external/protobuf+/src/google/protobuf/compiler/cpp/_virtual_includes/names_internal/google/protobuf/compiler/cpp/helpers.h:347:28: warning: 'bool google::protobuf::FieldOptions::weak() const' is deprecated [-Wdeprecated-declarations]
2026-10-07T02:19:18.8598711Z   347 |   if (field->options().weak()) {
2026-10-07T02:19:18.8599100Z       |       ~~~~~~~~~~~~~~~~~~~~~^~
2026-10-07T02:19:18.8599912Z In file included from bazel-out/k8-opt-exec-ST-d57f47055a04/bin/external/protobuf+/src/google/protobuf/compiler/_virtual_includes/code_generator_lite/google/protobuf/compiler/code_generator_lite.h:18,
2026-10-07T02:19:18.8601587Z                  from bazel-out/k8-opt-exec-ST-d57f47055a04/bin/external/protobuf+/src/google/protobuf/compiler/_virtual_includes/code_generator/google/protobuf/compiler/code_generator.h:25,
2026-10-07T02:19:18.8603260Z                  from bazel-out/k8-opt-exec-ST-d57f47055a04/bin/external/protobuf+/src/google/protobuf/compiler/cpp/_virtual_includes/names_internal/google/protobuf/compiler/cpp/helpers.h:29:
2026-10-07T02:19:18.8604476Z bazel-out/k8-opt-exec-ST-d57f47055a04/bin/external/protobuf+/src/google/protobuf/_virtual_includes/protobuf/google/protobuf/descriptor.pb.h:18861:13: note: declared here
2026-10-07T02:19:18.8605263Z 18861 | inline bool FieldOptions::weak() const {
2026-10-07T02:19:18.8605662Z       |             ^~~~~~~~~~~~
2026-10-07T02:19:20.0073614Z INFO: From Compiling src/google/protobuf/map_field.cc [for tool]:
2026-10-07T02:19:20.0083406Z In file included from external/protobuf+/src/google/protobuf/map_field.cc:8:
2026-10-07T02:19:20.0133958Z bazel-out/k8-opt-exec-ST-d57f47055a04/bin/external/protobuf+/src/google/protobuf/_virtual_includes/protobuf/google/protobuf/map_field.h: In constructor 'google::protobuf::internal::MapFieldBase::ReflectionPayload::ReflectionPayload(google::protobuf::Arena*, const google::protobuf::Message*)':
2026-10-07T02:19:20.0164085Z bazel-out/k8-opt-exec-ST-d57f47055a04/bin/external/protobuf+/src/google/protobuf/_virtual_includes/protobuf/google/protobuf/map_field.h:416:11: warning: 'google::protobuf::RepeatedPtrField<T>::RepeatedPtrField(google::protobuf::Arena*) [with Element = google::protobuf::Message]' is deprecated: Use Arena::Create<RepeatedPtrField<...>>(Arena*) instead [-Wdeprecated-declarations]
2026-10-07T02:19:20.0173089Z   416 |         : repeated_field_(arena), prototype_(prototype) {}
2026-10-07T02:19:20.0203088Z       |           ^~~~~~~~~~~~~~~~~~~~~~
2026-10-07T02:19:20.0204355Z In file included from bazel-out/k8-opt-exec-ST-d57f47055a04/bin/external/protobuf+/src/google/protobuf/_virtual_includes/protobuf_lite/google/protobuf/repeated_field.h:46,
2026-10-07T02:19:20.0205594Z                  from bazel-out/k8-opt-exec-ST-d57f47055a04/bin/external/protobuf+/src/google/protobuf/_virtual_includes/protobuf_lite/google/protobuf/parse_context.h:39,
2026-10-07T02:19:20.0207212Z                  from bazel-out/k8-opt-exec-ST-d57f47055a04/bin/external/protobuf+/src/google/protobuf/_virtual_includes/protobuf_lite/google/protobuf/generated_message_tctable_decl.h:25,
2026-10-07T02:19:20.0208414Z                  from bazel-out/k8-opt-exec-ST-d57f47055a04/bin/external/protobuf+/src/google/protobuf/_virtual_includes/protobuf_lite/google/protobuf/extension_set.h:40,
2026-10-07T02:19:20.0209497Z                  from bazel-out/k8-opt-exec-ST-d57f47055a04/bin/external/protobuf+/src/google/protobuf/_virtual_includes/protobuf/google/protobuf/descriptor.h:56,
2026-10-07T02:19:20.0210585Z                  from bazel-out/k8-opt-exec-ST-d57f47055a04/bin/external/protobuf+/src/google/protobuf/_virtual_includes/protobuf/google/protobuf/map_field.h:23:
2026-10-07T02:19:20.0211732Z bazel-out/k8-opt-exec-ST-d57f47055a04/bin/external/protobuf+/src/google/protobuf/_virtual_includes/protobuf_lite/google/protobuf/repeated_ptr_field.h:1380:8: note: declared here
2026-10-07T02:19:20.0212884Z  1380 | inline RepeatedPtrField<Element>::RepeatedPtrField(Arena* arena)
2026-10-07T02:19:20.0213317Z       |        ^~~~~~~~~~~~~~~~~~~~~~~~~
2026-10-07T02:19:20.0213963Z [780 / 944] Compiling src/google/protobuf/extension_set.cc; 3s processwrapper-sandbox ... (4 actions, 3 running)
2026-10-07T02:19:21.1793827Z [781 / 944] Compiling src/google/protobuf/extension_set.cc; 4s processwrapper-sandbox ... (4 actions, 3 running)
2026-10-07T02:19:22.1964890Z [784 / 944] Compiling src/google/protobuf/compiler/cpp/field_generators/cord_field.cc [for tool]; 3s processwrapper-sandbox ... (4 actions, 3 running)
2026-10-07T02:19:23.1943872Z INFO: From Compiling src/google/protobuf/compiler/cpp/field_generators/cord_field.cc [for tool]:
2026-10-07T02:19:23.1967320Z In file included from bazel-out/k8-opt-exec-ST-d57f47055a04/bin/external/protobuf+/src/google/protobuf/compiler/cpp/_virtual_includes/cpp/google/protobuf/compiler/cpp/field.h:26,
2026-10-07T02:19:23.1983464Z                  from external/protobuf+/src/google/protobuf/compiler/cpp/field_generators/cord_field.cc:23:
2026-10-07T02:19:23.2014102Z bazel-out/k8-opt-exec-ST-d57f47055a04/bin/external/protobuf+/src/google/protobuf/compiler/cpp/_virtual_includes/names_internal/google/protobuf/compiler/cpp/helpers.h: In function 'bool google::protobuf::compiler::cpp::IsWeak(const google::protobuf::FieldDescriptor*, const Options&)':
2026-10-07T02:19:23.2033805Z bazel-out/k8-opt-exec-ST-d57f47055a04/bin/external/protobuf+/src/google/protobuf/compiler/cpp/_virtual_includes/names_internal/google/protobuf/compiler/cpp/helpers.h:347:28: warning: 'bool google::protobuf::FieldOptions::weak() const' is deprecated [-Wdeprecated-declarations]
2026-10-07T02:19:23.2050047Z   347 |   if (field->options().weak()) {
2026-10-07T02:19:23.2067312Z       |       ~~~~~~~~~~~~~~~~~~~~~^~
2026-10-07T02:19:23.2068343Z In file included from bazel-out/k8-opt-exec-ST-d57f47055a04/bin/external/protobuf+/src/google/protobuf/compiler/_virtual_includes/code_generator_lite/google/protobuf/compiler/code_generator_lite.h:18,
2026-10-07T02:19:23.2069843Z                  from bazel-out/k8-opt-exec-ST-d57f47055a04/bin/external/protobuf+/src/google/protobuf/compiler/_virtual_includes/code_generator/google/protobuf/compiler/code_generator.h:25,
2026-10-07T02:19:23.2071227Z                  from bazel-out/k8-opt-exec-ST-d57f47055a04/bin/external/protobuf+/src/google/protobuf/compiler/cpp/_virtual_includes/names_internal/google/protobuf/compiler/cpp/helpers.h:29:
2026-10-07T02:19:23.2072728Z bazel-out/k8-opt-exec-ST-d57f47055a04/bin/external/protobuf+/src/google/protobuf/_virtual_includes/protobuf/google/protobuf/descriptor.pb.h:18861:13: note: declared here
2026-10-07T02:19:23.2073627Z 18861 | inline bool FieldOptions::weak() const {
2026-10-07T02:19:23.2074045Z       |             ^~~~~~~~~~~~
2026-10-07T02:19:23.2074662Z [788 / 944] Compiling src/google/protobuf/any.cc; 0s processwrapper-sandbox ... (4 actions running)
2026-10-07T02:19:24.6573628Z [789 / 944] Compiling src/google/protobuf/generated_message_tctable_gen.cc [for tool]; 2s processwrapper-sandbox ... (4 actions running)
2026-10-07T02:19:25.2373689Z INFO: From Compiling src/google/protobuf/generated_message_tctable_gen.cc [for tool]:
2026-10-07T02:19:25.2374825Z external/protobuf+/src/google/protobuf/generated_message_tctable_gen.cc: In function 'bool google::protobuf::internal::{anonymous}::HasWeakFields(const google::protobuf::Descriptor*)':
2026-10-07T02:19:25.2413884Z external/protobuf+/src/google/protobuf/generated_message_tctable_gen.cc:699:45: warning: 'bool google::protobuf::FieldOptions::weak() const' is deprecated [-Wdeprecated-declarations]
2026-10-07T02:19:25.2463322Z   699 |     if (descriptor->field(i)->options().weak()) {
2026-10-07T02:19:25.2483399Z       |         ~~~~~~~~~~~~~~~~~~~~~~~~~~~~~~~~~~~~^~
2026-10-07T02:19:25.2513631Z In file included from bazel-out/k8-opt-exec-ST-d57f47055a04/bin/external/protobuf+/src/google/protobuf/_virtual_includes/protobuf/google/protobuf/generated_message_tctable_gen.h:21,
2026-10-07T02:19:25.2533176Z                  from external/protobuf+/src/google/protobuf/generated_message_tctable_gen.cc:8:
2026-10-07T02:19:25.2534116Z bazel-out/k8-opt-exec-ST-d57f47055a04/bin/external/protobuf+/src/google/protobuf/_virtual_includes/protobuf/google/protobuf/descriptor.pb.h:18861:13: note: declared here
2026-10-07T02:19:25.2534859Z 18861 | inline bool FieldOptions::weak() const {
2026-10-07T02:19:25.2535497Z       |             ^~~~~~~~~~~~
2026-10-07T02:19:25.2536257Z external/protobuf+/src/google/protobuf/generated_message_tctable_gen.cc: In function 'bool google::protobuf::internal::IsFieldTypeEligibleForFastParsing(const google::protobuf::FieldDescriptor*)':
2026-10-07T02:19:25.2537546Z external/protobuf+/src/google/protobuf/generated_message_tctable_gen.cc:738:28: warning: 'bool google::protobuf::FieldOptions::weak() const' is deprecated [-Wdeprecated-declarations]
2026-10-07T02:19:25.2538242Z   738 |       field->options().weak()) {
2026-10-07T02:19:25.2538490Z       |       ~~~~~~~~~~~~~~~~~~~~~^~
2026-10-07T02:19:25.2539164Z bazel-out/k8-opt-exec-ST-d57f47055a04/bin/external/protobuf+/src/google/protobuf/_virtual_includes/protobuf/google/protobuf/descriptor.pb.h:18861:13: note: declared here
2026-10-07T02:19:25.2539867Z 18861 | inline bool FieldOptions::weak() const {
2026-10-07T02:19:25.2540132Z       |             ^~~~~~~~~~~~
2026-10-07T02:19:25.2540535Z external/protobuf+/src/google/protobuf/generated_message_tctable_gen.cc: In lambda function:
2026-10-07T02:19:25.2541415Z external/protobuf+/src/google/protobuf/generated_message_tctable_gen.cc:773:54: warning: 'bool google::protobuf::FieldOptions::weak() const' is deprecated [-Wdeprecated-declarations]
2026-10-07T02:19:25.2542166Z   773 |            !field->is_map() && !field->options().weak() &&
2026-10-07T02:19:25.2542611Z       |                                 ~~~~~~~~~~~~~~~~~~~~~^~
2026-10-07T02:19:25.2543293Z bazel-out/k8-opt-exec-ST-d57f47055a04/bin/external/protobuf+/src/google/protobuf/_virtual_includes/protobuf/google/protobuf/descriptor.pb.h:18861:13: note: declared here
2026-10-07T02:19:25.2543984Z 18861 | inline bool FieldOptions::weak() const {
2026-10-07T02:19:25.2544254Z       |             ^~~~~~~~~~~~
2026-10-07T02:19:25.2545582Z external/protobuf+/src/google/protobuf/generated_message_tctable_gen.cc: In static member function 'static std::vector<google::protobuf::internal::TailCallTableInfo::FieldEntryInfo> google::protobuf::internal::TailCallTableInfo::BuildFieldEntries(const google::protobuf::Descriptor*, const MessageOptions&, absl::lts_20250814::Span<const FieldOptions>, std::vector<AuxEntry>&)':
2026-10-07T02:19:25.2547411Z external/protobuf+/src/google/protobuf/generated_message_tctable_gen.cc:813:39: warning: 'bool google::protobuf::FieldOptions::weak() const' is deprecated [-Wdeprecated-declarations]
2026-10-07T02:19:25.2548122Z   813 |       } else if (field->options().weak()) {
2026-10-07T02:19:25.2548405Z       |                  ~~~~~~~~~~~~~~~~~~~~~^~
2026-10-07T02:19:25.2549082Z bazel-out/k8-opt-exec-ST-d57f47055a04/bin/external/protobuf+/src/google/protobuf/_virtual_includes/protobuf/google/protobuf/descriptor.pb.h:18861:13: note: declared here
2026-10-07T02:19:25.2550022Z 18861 | inline bool FieldOptions::weak() const {
2026-10-07T02:19:25.2550288Z       |             ^~~~~~~~~~~~
2026-10-07T02:19:25.6585152Z [790 / 944] Compiling src/google/protobuf/generated_message_tctable_lite.cc; 2s processwrapper-sandbox ... (4 actions running)
2026-10-07T02:19:26.9954014Z [792 / 944] Compiling src/google/protobuf/generated_message_tctable_lite.cc; 4s processwrapper-sandbox ... (4 actions, 3 running)
2026-10-07T02:19:27.5643729Z INFO: From Compiling src/google/protobuf/compiler/cpp/field_generators/enum_field.cc [for tool]:
2026-10-07T02:19:27.5673699Z In file included from bazel-out/k8-opt-exec-ST-d57f47055a04/bin/external/protobuf+/src/google/protobuf/compiler/cpp/_virtual_includes/cpp/google/protobuf/compiler/cpp/field.h:26,
2026-10-07T02:19:27.5693948Z                  from external/protobuf+/src/google/protobuf/compiler/cpp/field_generators/enum_field.cc:20:
2026-10-07T02:19:27.5713841Z bazel-out/k8-opt-exec-ST-d57f47055a04/bin/external/protobuf+/src/google/protobuf/compiler/cpp/_virtual_includes/names_internal/google/protobuf/compiler/cpp/helpers.h: In function 'bool google::protobuf::compiler::cpp::IsWeak(const google::protobuf::FieldDescriptor*, const Options&)':
2026-10-07T02:19:27.5740922Z bazel-out/k8-opt-exec-ST-d57f47055a04/bin/external/protobuf+/src/google/protobuf/compiler/cpp/_virtual_includes/names_internal/google/protobuf/compiler/cpp/helpers.h:347:28: warning: 'bool google::protobuf::FieldOptions::weak() const' is deprecated [-Wdeprecated-declarations]
2026-10-07T02:19:27.5762920Z   347 |   if (field->options().weak()) {
2026-10-07T02:19:27.5777835Z       |       ~~~~~~~~~~~~~~~~~~~~~^~
2026-10-07T02:19:27.5778788Z In file included from bazel-out/k8-opt-exec-ST-d57f47055a04/bin/external/protobuf+/src/google/protobuf/compiler/_virtual_includes/code_generator_lite/google/protobuf/compiler/code_generator_lite.h:18,
2026-10-07T02:19:27.5780290Z                  from bazel-out/k8-opt-exec-ST-d57f47055a04/bin/external/protobuf+/src/google/protobuf/compiler/_virtual_includes/code_generator/google/protobuf/compiler/code_generator.h:25,
2026-10-07T02:19:27.5781519Z                  from bazel-out/k8-opt-exec-ST-d57f47055a04/bin/external/protobuf+/src/google/protobuf/compiler/cpp/_virtual_includes/names_internal/google/protobuf/compiler/cpp/helpers.h:29:
2026-10-07T02:19:27.5782924Z bazel-out/k8-opt-exec-ST-d57f47055a04/bin/external/protobuf+/src/google/protobuf/_virtual_includes/protobuf/google/protobuf/descriptor.pb.h:18861:13: note: declared here
2026-10-07T02:19:27.5783728Z 18861 | inline bool FieldOptions::weak() const {
2026-10-07T02:19:27.5784162Z       |             ^~~~~~~~~~~~
2026-10-07T02:19:28.6643564Z [793 / 944] Compiling src/google/protobuf/generated_message_tctable_lite.cc; 5s processwrapper-sandbox ... (4 actions running)
2026-10-07T02:19:30.3808608Z [794 / 944] Compiling src/google/protobuf/descriptor.cc; 4s processwrapper-sandbox ... (4 actions, 3 running)
2026-10-07T02:19:31.6663961Z [794 / 944] Compiling src/google/protobuf/descriptor.cc; 5s processwrapper-sandbox ... (4 actions running)
2026-10-07T02:19:32.4933500Z INFO: From Compiling src/google/protobuf/compiler/cpp/field_generators/map_field.cc [for tool]:
2026-10-07T02:19:32.4974643Z In file included from bazel-out/k8-opt-exec-ST-d57f47055a04/bin/external/protobuf+/src/google/protobuf/compiler/cpp/_virtual_includes/cpp/google/protobuf/compiler/cpp/field.h:26,
2026-10-07T02:19:32.5053296Z                  from external/protobuf+/src/google/protobuf/compiler/cpp/field_generators/map_field.cc:19:
2026-10-07T02:19:32.5109113Z bazel-out/k8-opt-exec-ST-d57f47055a04/bin/external/protobuf+/src/google/protobuf/compiler/cpp/_virtual_includes/names_internal/google/protobuf/compiler/cpp/helpers.h: In function 'bool google::protobuf::compiler::cpp::IsWeak(const google::protobuf::FieldDescriptor*, const Options&)':
2026-10-07T02:19:32.5127255Z bazel-out/k8-opt-exec-ST-d57f47055a04/bin/external/protobuf+/src/google/protobuf/compiler/cpp/_virtual_includes/names_internal/google/protobuf/compiler/cpp/helpers.h:347:28: warning: 'bool google::protobuf::FieldOptions::weak() const' is deprecated [-Wdeprecated-declarations]
2026-10-07T02:19:32.5129083Z   347 |   if (field->options().weak()) {
2026-10-07T02:19:32.5129534Z       |       ~~~~~~~~~~~~~~~~~~~~~^~
2026-10-07T02:19:32.5130590Z In file included from bazel-out/k8-opt-exec-ST-d57f47055a04/bin/external/protobuf+/src/google/protobuf/compiler/_virtual_includes/code_generator_lite/google/protobuf/compiler/code_generator_lite.h:18,
2026-10-07T02:19:32.5131941Z                  from bazel-out/k8-opt-exec-ST-d57f47055a04/bin/external/protobuf+/src/google/protobuf/compiler/_virtual_includes/code_generator/google/protobuf/compiler/code_generator.h:25,
2026-10-07T02:19:32.5133401Z                  from bazel-out/k8-opt-exec-ST-d57f47055a04/bin/external/protobuf+/src/google/protobuf/compiler/cpp/_virtual_includes/names_internal/google/protobuf/compiler/cpp/helpers.h:29:
2026-10-07T02:19:32.5134726Z bazel-out/k8-opt-exec-ST-d57f47055a04/bin/external/protobuf+/src/google/protobuf/_virtual_includes/protobuf/google/protobuf/descriptor.pb.h:18861:13: note: declared here
2026-10-07T02:19:32.5135598Z 18861 | inline bool FieldOptions::weak() const {
2026-10-07T02:19:32.5136006Z       |             ^~~~~~~~~~~~
2026-10-07T02:19:32.6653957Z [796 / 944] Compiling src/google/protobuf/descriptor.cc; 6s processwrapper-sandbox ... (4 actions running)
2026-10-07T02:19:34.5213875Z [798 / 944] Compiling src/google/protobuf/descriptor.cc; 8s processwrapper-sandbox ... (4 actions, 3 running)
2026-10-07T02:19:35.6493859Z INFO: From Compiling src/google/protobuf/generated_message_reflection.cc [for tool]:
2026-10-07T02:19:35.6523289Z In file included from external/protobuf+/src/google/protobuf/generated_message_reflection.cc:51:
2026-10-07T02:19:35.6584311Z bazel-out/k8-opt-exec-ST-d57f47055a04/bin/external/protobuf+/src/google/protobuf/_virtual_includes/protobuf/google/protobuf/map_field.h: In constructor 'google::protobuf::internal::MapFieldBase::ReflectionPayload::ReflectionPayload(google::protobuf::Arena*, const google::protobuf::Message*)':
2026-10-07T02:19:35.6614087Z bazel-out/k8-opt-exec-ST-d57f47055a04/bin/external/protobuf+/src/google/protobuf/_virtual_includes/protobuf/google/protobuf/map_field.h:416:11: warning: 'google::protobuf::RepeatedPtrField<T>::RepeatedPtrField(google::protobuf::Arena*) [with Element = google::protobuf::Message]' is deprecated: Use Arena::Create<RepeatedPtrField<...>>(Arena*) instead [-Wdeprecated-declarations]
2026-10-07T02:19:35.6663412Z   416 |         : repeated_field_(arena), prototype_(prototype) {}
2026-10-07T02:19:35.6715324Z       |           ^~~~~~~~~~~~~~~~~~~~~~
2026-10-07T02:19:35.6733508Z In file included from bazel-out/k8-opt-exec-ST-d57f47055a04/bin/external/protobuf+/src/google/protobuf/_virtual_includes/protobuf_lite/google/protobuf/repeated_field.h:46,
2026-10-07T02:19:35.6760119Z                  from bazel-out/k8-opt-exec-ST-d57f47055a04/bin/external/protobuf+/src/google/protobuf/_virtual_includes/protobuf_lite/google/protobuf/parse_context.h:39,
2026-10-07T02:19:35.6783521Z                  from bazel-out/k8-opt-exec-ST-d57f47055a04/bin/external/protobuf+/src/google/protobuf/_virtual_includes/protobuf_lite/google/protobuf/generated_message_tctable_decl.h:25,
2026-10-07T02:19:35.6804714Z                  from bazel-out/k8-opt-exec-ST-d57f47055a04/bin/external/protobuf+/src/google/protobuf/_virtual_includes/protobuf_lite/google/protobuf/extension_set.h:40,
2026-10-07T02:19:35.6833514Z                  from bazel-out/k8-opt-exec-ST-d57f47055a04/bin/external/protobuf+/src/google/protobuf/_virtual_includes/protobuf/google/protobuf/descriptor.h:56,
2026-10-07T02:19:35.6843381Z                  from bazel-out/k8-opt-exec-ST-d57f47055a04/bin/external/protobuf+/src/google/protobuf/_virtual_includes/protobuf/google/protobuf/generated_message_reflection.h:26,
2026-10-07T02:19:35.6873274Z                  from external/protobuf+/src/google/protobuf/generated_message_reflection.cc:12:
2026-10-07T02:19:35.6889828Z bazel-out/k8-opt-exec-ST-d57f47055a04/bin/external/protobuf+/src/google/protobuf/_virtual_includes/protobuf_lite/google/protobuf/repeated_ptr_field.h:1380:8: note: declared here
2026-10-07T02:19:35.6913063Z  1380 | inline RepeatedPtrField<Element>::RepeatedPtrField(Arena* arena)
2026-10-07T02:19:35.6923697Z       |        ^~~~~~~~~~~~~~~~~~~~~~~~~
2026-10-07T02:19:35.6924965Z external/protobuf+/src/google/protobuf/generated_message_reflection.cc: In member function 'const google::protobuf::Message* google::protobuf::Reflection::GetDefaultMessageInstance(const google::protobuf::FieldDescriptor*) const':
2026-10-07T02:19:35.6926531Z external/protobuf+/src/google/protobuf/generated_message_reflection.cc:2526:55: warning: 'bool google::protobuf::FieldOptions::weak() const' is deprecated [-Wdeprecated-declarations]
2026-10-07T02:19:35.6940999Z  2526 |   if (!field->is_extension() && !field->options().weak() &&
2026-10-07T02:19:35.6941490Z       |                                  ~~~~~~~~~~~~~~~~~~~~~^~
2026-10-07T02:19:35.6942045Z In file included from external/protobuf+/src/google/protobuf/generated_message_reflection.cc:41:
2026-10-07T02:19:35.6943167Z bazel-out/k8-opt-exec-ST-d57f47055a04/bin/external/protobuf+/src/google/protobuf/_virtual_includes/protobuf/google/protobuf/descriptor.pb.h:18861:13: note: declared here
2026-10-07T02:19:35.6944316Z 18861 | inline bool FieldOptions::weak() const {
2026-10-07T02:19:35.6944686Z       |             ^~~~~~~~~~~~
2026-10-07T02:19:35.6945096Z In file included from external/abseil-cpp+/absl/log/internal/check_impl.h:20,
2026-10-07T02:19:35.6945585Z                  from external/abseil-cpp+/absl/log/absl_check.h:38,
2026-10-07T02:19:35.6946384Z                  from bazel-out/k8-opt-exec-ST-d57f47055a04/bin/external/protobuf+/src/google/protobuf/_virtual_includes/protobuf/google/protobuf/generated_message_reflection.h:25:
2026-10-07T02:19:35.6947745Z external/protobuf+/src/google/protobuf/generated_message_reflection.cc: In member function 'bool google::protobuf::Reflection::HasFieldWithHasbits(const google::protobuf::Message&, const google::protobuf::FieldDescriptor*) const':
2026-10-07T02:19:35.6949151Z external/protobuf+/src/google/protobuf/generated_message_reflection.cc:3290:37: warning: 'bool google::protobuf::FieldOptions::weak() const' is deprecated [-Wdeprecated-declarations]
2026-10-07T02:19:35.6949985Z  3290 |   ABSL_DCHECK(!field->options().weak());
2026-10-07T02:19:35.6950355Z       |                ~~~~~~~~~~~~~~~~~~~~~^~
2026-10-07T02:19:35.6951102Z external/abseil-cpp+/absl/log/internal/conditions.h:68:7: note: in definition of macro 'ABSL_LOG_INTERNAL_STATELESS_CONDITION'
2026-10-07T02:19:35.6951811Z    68 |     !(condition) ? (void)0 : ::absl::log_internal::Voidify() &&
2026-10-07T02:19:35.6952197Z       |       ^~~~~~~~~
2026-10-07T02:19:35.6952845Z external/abseil-cpp+/absl/log/internal/check_impl.h:26:3: note: in expansion of macro 'ABSL_LOG_INTERNAL_CONDITION_FATAL'
2026-10-07T02:19:35.6953511Z    26 |   ABSL_LOG_INTERNAL_CONDITION_FATAL(STATELESS,                        \
2026-10-07T02:19:35.6953937Z       |   ^~~~~~~~~~~~~~~~~~~~~~~~~~~~~~~~~
2026-10-07T02:19:35.6954458Z external/abseil-cpp+/absl/log/internal/check_impl.h:27:37: note: in expansion of macro 'ABSL_PREDICT_FALSE'
2026-10-07T02:19:35.6955025Z    27 |                                     ABSL_PREDICT_FALSE(!(condition))) \
2026-10-07T02:19:35.6955429Z       |                                     ^~~~~~~~~~~~~~~~~~
2026-10-07T02:19:35.6955988Z external/abseil-cpp+/absl/log/internal/check_impl.h:43:3: note: in expansion of macro 'ABSL_LOG_INTERNAL_CHECK_IMPL'
2026-10-07T02:19:35.6956620Z    43 |   ABSL_LOG_INTERNAL_CHECK_IMPL(true || (condition), "true")
2026-10-07T02:19:35.6957018Z       |   ^~~~~~~~~~~~~~~~~~~~~~~~~~~~
2026-10-07T02:19:35.6957522Z external/abseil-cpp+/absl/log/absl_check.h:47:3: note: in expansion of macro 'ABSL_LOG_INTERNAL_DCHECK_IMPL'
2026-10-07T02:19:35.6958121Z    47 |   ABSL_LOG_INTERNAL_DCHECK_IMPL((condition), #condition)
2026-10-07T02:19:35.6958763Z       |   ^~~~~~~~~~~~~~~~~~~~~~~~~~~~~
2026-10-07T02:19:35.6959353Z external/protobuf+/src/google/protobuf/generated_message_reflection.cc:3290:3: note: in expansion of macro 'ABSL_DCHECK'
2026-10-07T02:19:35.6959995Z  3290 |   ABSL_DCHECK(!field->options().weak());
2026-10-07T02:19:35.6960348Z       |   ^~~~~~~~~~~
2026-10-07T02:19:35.6961065Z bazel-out/k8-opt-exec-ST-d57f47055a04/bin/external/protobuf+/src/google/protobuf/_virtual_includes/protobuf/google/protobuf/descriptor.pb.h:18861:13: note: declared here
2026-10-07T02:19:35.6961861Z 18861 | inline bool FieldOptions::weak() const {
2026-10-07T02:19:35.6962207Z       |             ^~~~~~~~~~~~
2026-10-07T02:19:35.6963228Z external/protobuf+/src/google/protobuf/generated_message_reflection.cc: In member function 'void google::protobuf::Reflection::SetHasBit(google::protobuf::Message*, const google::protobuf::FieldDescriptor*) const':
2026-10-07T02:19:35.6964590Z external/protobuf+/src/google/protobuf/generated_message_reflection.cc:3323:37: warning: 'bool google::protobuf::FieldOptions::weak() const' is deprecated [-Wdeprecated-declarations]
2026-10-07T02:19:35.6965438Z  3323 |   ABSL_DCHECK(!field->options().weak());
2026-10-07T02:19:35.6965801Z       |                ~~~~~~~~~~~~~~~~~~~~~^~
2026-10-07T02:19:35.6966618Z external/abseil-cpp+/absl/log/internal/conditions.h:68:7: note: in definition of macro 'ABSL_LOG_INTERNAL_STATELESS_CONDITION'
2026-10-07T02:19:35.6967296Z    68 |     !(condition) ? (void)0 : ::absl::log_internal::Voidify() &&
2026-10-07T02:19:35.6967690Z       |       ^~~~~~~~~
2026-10-07T02:19:35.6968204Z external/abseil-cpp+/absl/log/internal/check_impl.h:26:3: note: in expansion of macro 'ABSL_LOG_INTERNAL_CONDITION_FATAL'
2026-10-07T02:19:35.6968875Z    26 |   ABSL_LOG_INTERNAL_CONDITION_FATAL(STATELESS,                        \
2026-10-07T02:19:35.6969311Z       |   ^~~~~~~~~~~~~~~~~~~~~~~~~~~~~~~~~
2026-10-07T02:19:35.6969848Z external/abseil-cpp+/absl/log/internal/check_impl.h:27:37: note: in expansion of macro 'ABSL_PREDICT_FALSE'
2026-10-07T02:19:35.6970431Z    27 |                                     ABSL_PREDICT_FALSE(!(condition))) \
2026-10-07T02:19:35.6970835Z       |                                     ^~~~~~~~~~~~~~~~~~
2026-10-07T02:19:35.6971459Z external/abseil-cpp+/absl/log/internal/check_impl.h:43:3: note: in expansion of macro 'ABSL_LOG_INTERNAL_CHECK_IMPL'
2026-10-07T02:19:35.6972113Z    43 |   ABSL_LOG_INTERNAL_CHECK_IMPL(true || (condition), "true")
2026-10-07T02:19:35.6972892Z       |   ^~~~~~~~~~~~~~~~~~~~~~~~~~~~
2026-10-07T02:19:35.6973398Z external/abseil-cpp+/absl/log/absl_check.h:47:3: note: in expansion of macro 'ABSL_LOG_INTERNAL_DCHECK_IMPL'
2026-10-07T02:19:35.6973935Z    47 |   ABSL_LOG_INTERNAL_DCHECK_IMPL((condition), #condition)
2026-10-07T02:19:35.6974259Z       |   ^~~~~~~~~~~~~~~~~~~~~~~~~~~~~
2026-10-07T02:19:35.6974779Z external/protobuf+/src/google/protobuf/generated_message_reflection.cc:3323:3: note: in expansion of macro 'ABSL_DCHECK'
2026-10-07T02:19:35.6975349Z  3323 |   ABSL_DCHECK(!field->options().weak());
2026-10-07T02:19:35.6975628Z       |   ^~~~~~~~~~~
2026-10-07T02:19:35.6976371Z bazel-out/k8-opt-exec-ST-d57f47055a04/bin/external/protobuf+/src/google/protobuf/_virtual_includes/protobuf/google/protobuf/descriptor.pb.h:18861:13: note: declared here
2026-10-07T02:19:35.6977099Z 18861 | inline bool FieldOptions::weak() const {
2026-10-07T02:19:35.6977383Z       |             ^~~~~~~~~~~~
2026-10-07T02:19:35.6978361Z external/protobuf+/src/google/protobuf/generated_message_reflection.cc: In member function 'void google::protobuf::Reflection::ClearHasBit(google::protobuf::Message*, const google::protobuf::FieldDescriptor*) const':
2026-10-07T02:19:35.6979624Z external/protobuf+/src/google/protobuf/generated_message_reflection.cc:3332:37: warning: 'bool google::protobuf::FieldOptions::weak() const' is deprecated [-Wdeprecated-declarations]
2026-10-07T02:19:35.6980409Z  3332 |   ABSL_DCHECK(!field->options().weak());
2026-10-07T02:19:35.6980693Z       |                ~~~~~~~~~~~~~~~~~~~~~^~
2026-10-07T02:19:35.6981518Z external/abseil-cpp+/absl/log/internal/conditions.h:68:7: note: in definition of macro 'ABSL_LOG_INTERNAL_STATELESS_CONDITION'
2026-10-07T02:19:35.6982133Z    68 |     !(condition) ? (void)0 : ::absl::log_internal::Voidify() &&
2026-10-07T02:19:35.6982639Z       |       ^~~~~~~~~
2026-10-07T02:19:35.6983463Z external/abseil-cpp+/absl/log/internal/check_impl.h:26:3: note: in expansion of macro 'ABSL_LOG_INTERNAL_CONDITION_FATAL'
2026-10-07T02:19:35.7034796Z    26 |   ABSL_LOG_INTERNAL_CONDITION_FATAL(STATELESS,                        \
2026-10-07T02:19:35.7035158Z       |   ^~~~~~~~~~~~~~~~~~~~~~~~~~~~~~~~~
2026-10-07T02:19:35.7035600Z external/abseil-cpp+/absl/log/internal/check_impl.h:27:37: note: in expansion of macro 'ABSL_PREDICT_FALSE'
2026-10-07T02:19:35.7036085Z    27 |                                     ABSL_PREDICT_FALSE(!(condition))) \
2026-10-07T02:19:35.7036394Z       |                                     ^~~~~~~~~~~~~~~~~~
2026-10-07T02:19:35.7036884Z external/abseil-cpp+/absl/log/internal/check_impl.h:43:3: note: in expansion of macro 'ABSL_LOG_INTERNAL_CHECK_IMPL'
2026-10-07T02:19:35.7037402Z    43 |   ABSL_LOG_INTERNAL_CHECK_IMPL(true || (condition), "true")
2026-10-07T02:19:35.7037712Z       |   ^~~~~~~~~~~~~~~~~~~~~~~~~~~~
2026-10-07T02:19:35.7038477Z external/abseil-cpp+/absl/log/absl_check.h:47:3: note: in expansion of macro 'ABSL_LOG_INTERNAL_DCHECK_IMPL'
2026-10-07T02:19:35.7038957Z    47 |   ABSL_LOG_INTERNAL_DCHECK_IMPL((condition), #condition)
2026-10-07T02:19:35.7039252Z       |   ^~~~~~~~~~~~~~~~~~~~~~~~~~~~~
2026-10-07T02:19:35.7039734Z external/protobuf+/src/google/protobuf/generated_message_reflection.cc:3332:3: note: in expansion of macro 'ABSL_DCHECK'
2026-10-07T02:19:35.7040277Z  3332 |   ABSL_DCHECK(!field->options().weak());
2026-10-07T02:19:35.7040555Z       |   ^~~~~~~~~~~
2026-10-07T02:19:35.7041209Z bazel-out/k8-opt-exec-ST-d57f47055a04/bin/external/protobuf+/src/google/protobuf/_virtual_includes/protobuf/google/protobuf/descriptor.pb.h:18861:13: note: declared here
2026-10-07T02:19:35.7041959Z 18861 | inline bool FieldOptions::weak() const {
2026-10-07T02:19:35.7042438Z       |             ^~~~~~~~~~~~
2026-10-07T02:19:35.7043365Z external/protobuf+/src/google/protobuf/generated_message_reflection.cc: In member function 'void google::protobuf::Reflection::NaiveSwapHasBit(google::protobuf::Message*, google::protobuf::Message*, const google::protobuf::FieldDescriptor*) const':
2026-10-07T02:19:35.7044798Z external/protobuf+/src/google/protobuf/generated_message_reflection.cc:3341:37: warning: 'bool google::protobuf::FieldOptions::weak() const' is deprecated [-Wdeprecated-declarations]
2026-10-07T02:19:35.7045569Z  3341 |   ABSL_DCHECK(!field->options().weak());
2026-10-07T02:19:35.7045854Z       |                ~~~~~~~~~~~~~~~~~~~~~^~
2026-10-07T02:19:35.7046407Z external/abseil-cpp+/absl/log/internal/conditions.h:68:7: note: in definition of macro 'ABSL_LOG_INTERNAL_STATELESS_CONDITION'
2026-10-07T02:19:35.7047026Z    68 |     !(condition) ? (void)0 : ::absl::log_internal::Voidify() &&
2026-10-07T02:19:35.7047362Z       |       ^~~~~~~~~
2026-10-07T02:19:35.7047820Z external/abseil-cpp+/absl/log/internal/check_impl.h:26:3: note: in expansion of macro 'ABSL_LOG_INTERNAL_CONDITION_FATAL'
2026-10-07T02:19:35.7048420Z    26 |   ABSL_LOG_INTERNAL_CONDITION_FATAL(STATELESS,                        \
2026-10-07T02:19:35.7048786Z       |   ^~~~~~~~~~~~~~~~~~~~~~~~~~~~~~~~~
2026-10-07T02:19:35.7049240Z external/abseil-cpp+/absl/log/internal/check_impl.h:27:37: note: in expansion of macro 'ABSL_PREDICT_FALSE'
2026-10-07T02:19:35.7049756Z    27 |                                     ABSL_PREDICT_FALSE(!(condition))) \
2026-10-07T02:19:35.7050097Z       |                                     ^~~~~~~~~~~~~~~~~~
2026-10-07T02:19:35.7050607Z external/abseil-cpp+/absl/log/internal/check_impl.h:43:3: note: in expansion of macro 'ABSL_LOG_INTERNAL_CHECK_IMPL'
2026-10-07T02:19:35.7051175Z    43 |   ABSL_LOG_INTERNAL_CHECK_IMPL(true || (condition), "true")
2026-10-07T02:19:35.7051770Z       |   ^~~~~~~~~~~~~~~~~~~~~~~~~~~~
2026-10-07T02:19:35.7052216Z external/abseil-cpp+/absl/log/absl_check.h:47:3: note: in expansion of macro 'ABSL_LOG_INTERNAL_DCHECK_IMPL'
2026-10-07T02:19:35.7052991Z    47 |   ABSL_LOG_INTERNAL_DCHECK_IMPL((condition), #condition)
2026-10-07T02:19:35.7053317Z       |   ^~~~~~~~~~~~~~~~~~~~~~~~~~~~~
2026-10-07T02:19:35.7053848Z external/protobuf+/src/google/protobuf/generated_message_reflection.cc:3341:3: note: in expansion of macro 'ABSL_DCHECK'
2026-10-07T02:19:35.7054402Z  3341 |   ABSL_DCHECK(!field->options().weak());
2026-10-07T02:19:35.7054673Z       |   ^~~~~~~~~~~
2026-10-07T02:19:35.7055326Z bazel-out/k8-opt-exec-ST-d57f47055a04/bin/external/protobuf+/src/google/protobuf/_virtual_includes/protobuf/google/protobuf/descriptor.pb.h:18861:13: note: declared here
2026-10-07T02:19:35.7056065Z 18861 | inline bool FieldOptions::weak() const {
2026-10-07T02:19:35.7056352Z       |             ^~~~~~~~~~~~
2026-10-07T02:19:35.7059083Z bazel-out/k8-opt-exec-ST-d57f47055a04/bin/external/protobuf+/src/google/protobuf/_virtual_includes/protobuf/google/protobuf/reflection_visit_fields.h: In instantiation of 'static void google::protobuf::internal::ReflectionVisit::VisitFields(MessageT&, CallbackFn&&, google::protobuf::internal::FieldMask) [with MessageT = google::protobuf::Message; CallbackFn = google::protobuf::internal::ReflectionVisit::VisitMessageFields<google::protobuf::Reflection::MaybePoisonAfterClear(google::protobuf::Message&) const::<lambda(google::protobuf::Message&)> >(google::protobuf::Message&, google::protobuf::Reflection::MaybePoisonAfterClear(google::protobuf::Message&) const::<lambda(google::protobuf::Message&)>&&)::<lambda(auto:42)>]':
2026-10-07T02:19:35.7093414Z bazel-out/k8-opt-exec-ST-d57f47055a04/bin/external/protobuf+/src/google/protobuf/_virtual_includes/protobuf/google/protobuf/reflection_visit_fields.h:447:31:   required from 'static void google::protobuf::internal::ReflectionVisit::VisitMessageFields(google::protobuf::Message&, CallbackFn&&) [with CallbackFn = google::protobuf::Reflection::MaybePoisonAfterClear(google::protobuf::Message&) const::<lambda(google::protobuf::Message&)>]'
2026-10-07T02:19:35.7096415Z bazel-out/k8-opt-exec-ST-d57f47055a04/bin/external/protobuf+/src/google/protobuf/_virtual_includes/protobuf/google/protobuf/reflection_visit_fields.h:502:38:   required from 'void google::protobuf::internal::VisitMutableMessageFields(google::protobuf::Message&, CallbackFn&&) [with CallbackFn = google::protobuf::Reflection::MaybePoisonAfterClear(google::protobuf::Message&) const::<lambda(google::protobuf::Message&)>]'
2026-10-07T02:19:35.7098133Z external/protobuf+/src/google/protobuf/generated_message_reflection.cc:1390:40:   required from here
2026-10-07T02:19:35.7099328Z bazel-out/k8-opt-exec-ST-d57f47055a04/bin/external/protobuf+/src/google/protobuf/_virtual_includes/protobuf/google/protobuf/reflection_visit_fields.h:109:39: warning: 'bool google::protobuf::FieldOptions::weak() const' is deprecated [-Wdeprecated-declarations]
2026-10-07T02:19:35.7100459Z   109 |     ABSL_DCHECK(!field->options().weak()) << "weak fields are not supported";
2026-10-07T02:19:35.7100869Z       |                  ~~~~~~~~~~~~~~~~~~~~~^~
2026-10-07T02:19:35.7101421Z external/abseil-cpp+/absl/log/internal/conditions.h:68:7: note: in definition of macro 'ABSL_LOG_INTERNAL_STATELESS_CONDITION'
2026-10-07T02:19:35.7102050Z    68 |     !(condition) ? (void)0 : ::absl::log_internal::Voidify() &&
2026-10-07T02:19:35.7102545Z       |       ^~~~~~~~~
2026-10-07T02:19:35.7103011Z external/abseil-cpp+/absl/log/internal/check_impl.h:26:3: note: in expansion of macro 'ABSL_LOG_INTERNAL_CONDITION_FATAL'
2026-10-07T02:19:35.7103613Z    26 |   ABSL_LOG_INTERNAL_CONDITION_FATAL(STATELESS,                        \
2026-10-07T02:19:35.7103987Z       |   ^~~~~~~~~~~~~~~~~~~~~~~~~~~~~~~~~
2026-10-07T02:19:35.7104447Z external/abseil-cpp+/absl/log/internal/check_impl.h:27:37: note: in expansion of macro 'ABSL_PREDICT_FALSE'
2026-10-07T02:19:35.7105351Z    27 |                                     ABSL_PREDICT_FALSE(!(condition))) \
2026-10-07T02:19:35.7105697Z       |                                     ^~~~~~~~~~~~~~~~~~
2026-10-07T02:19:35.7106205Z external/abseil-cpp+/absl/log/internal/check_impl.h:43:3: note: in expansion of macro 'ABSL_LOG_INTERNAL_CHECK_IMPL'
2026-10-07T02:19:35.7106759Z    43 |   ABSL_LOG_INTERNAL_CHECK_IMPL(true || (condition), "true")
2026-10-07T02:19:35.7107100Z       |   ^~~~~~~~~~~~~~~~~~~~~~~~~~~~
2026-10-07T02:19:35.7107547Z external/abseil-cpp+/absl/log/absl_check.h:47:3: note: in expansion of macro 'ABSL_LOG_INTERNAL_DCHECK_IMPL'
2026-10-07T02:19:35.7108096Z    47 |   ABSL_LOG_INTERNAL_DCHECK_IMPL((condition), #condition)
2026-10-07T02:19:35.7108418Z       |   ^~~~~~~~~~~~~~~~~~~~~~~~~~~~~
2026-10-07T02:19:35.7109220Z bazel-out/k8-opt-exec-ST-d57f47055a04/bin/external/protobuf+/src/google/protobuf/_virtual_includes/protobuf/google/protobuf/reflection_visit_fields.h:109:5: note: in expansion of macro 'ABSL_DCHECK'
2026-10-07T02:19:35.7110155Z   109 |     ABSL_DCHECK(!field->options().weak()) << "weak fields are not supported";
2026-10-07T02:19:35.7110542Z       |     ^~~~~~~~~~~
2026-10-07T02:19:35.7111191Z bazel-out/k8-opt-exec-ST-d57f47055a04/bin/external/protobuf+/src/google/protobuf/_virtual_includes/protobuf/google/protobuf/descriptor.pb.h:18861:13: note: declared here
2026-10-07T02:19:35.7112177Z 18861 | inline bool FieldOptions::weak() const {
2026-10-07T02:19:35.7112661Z       |             ^~~~~~~~~~~~
2026-10-07T02:19:35.7113627Z bazel-out/k8-opt-exec-ST-d57f47055a04/bin/external/protobuf+/src/google/protobuf/_virtual_includes/protobuf/google/protobuf/reflection_visit_fields.h:109:39: warning: 'bool google::protobuf::FieldOptions::weak() const' is deprecated [-Wdeprecated-declarations]
2026-10-07T02:19:35.7114730Z   109 |     ABSL_DCHECK(!field->options().weak()) << "weak fields are not supported";
2026-10-07T02:19:35.7115132Z       |                  ~~~~~~~~~~~~~~~~~~~~~^~
2026-10-07T02:19:35.7115663Z external/abseil-cpp+/absl/log/internal/conditions.h:68:7: note: in definition of macro 'ABSL_LOG_INTERNAL_STATELESS_CONDITION'
2026-10-07T02:19:35.7116270Z    68 |     !(condition) ? (void)0 : ::absl::log_internal::Voidify() &&
2026-10-07T02:19:35.7116598Z       |       ^~~~~~~~~
2026-10-07T02:19:35.7117058Z external/abseil-cpp+/absl/log/internal/check_impl.h:26:3: note: in expansion of macro 'ABSL_LOG_INTERNAL_CONDITION_FATAL'
2026-10-07T02:19:35.7117677Z    26 |   ABSL_LOG_INTERNAL_CONDITION_FATAL(STATELESS,                        \
2026-10-07T02:19:35.7118038Z       |   ^~~~~~~~~~~~~~~~~~~~~~~~~~~~~~~~~
2026-10-07T02:19:35.7118502Z external/abseil-cpp+/absl/log/internal/check_impl.h:27:37: note: in expansion of macro 'ABSL_PREDICT_FALSE'
2026-10-07T02:19:35.7119025Z    27 |                                     ABSL_PREDICT_FALSE(!(condition))) \
2026-10-07T02:19:35.7119363Z       |                                     ^~~~~~~~~~~~~~~~~~
2026-10-07T02:19:35.7119880Z external/abseil-cpp+/absl/log/internal/check_impl.h:43:3: note: in expansion of macro 'ABSL_LOG_INTERNAL_CHECK_IMPL'
2026-10-07T02:19:35.7120444Z    43 |   ABSL_LOG_INTERNAL_CHECK_IMPL(true || (condition), "true")
2026-10-07T02:19:35.7120785Z       |   ^~~~~~~~~~~~~~~~~~~~~~~~~~~~
2026-10-07T02:19:35.7121236Z external/abseil-cpp+/absl/log/absl_check.h:47:3: note: in expansion of macro 'ABSL_LOG_INTERNAL_DCHECK_IMPL'
2026-10-07T02:19:35.7121769Z    47 |   ABSL_LOG_INTERNAL_DCHECK_IMPL((condition), #condition)
2026-10-07T02:19:35.7122085Z       |   ^~~~~~~~~~~~~~~~~~~~~~~~~~~~~
2026-10-07T02:19:35.7153317Z bazel-out/k8-opt-exec-ST-d57f47055a04/bin/external/protobuf+/src/google/protobuf/_virtual_includes/protobuf/google/protobuf/reflection_visit_fields.h:109:5: note: in expansion of macro 'ABSL_DCHECK'
2026-10-07T02:19:35.7154238Z   109 |     ABSL_DCHECK(!field->options().weak()) << "weak fields are not supported";
2026-10-07T02:19:35.7154626Z       |     ^~~~~~~~~~~
2026-10-07T02:19:35.7155282Z bazel-out/k8-opt-exec-ST-d57f47055a04/bin/external/protobuf+/src/google/protobuf/_virtual_includes/protobuf/google/protobuf/descriptor.pb.h:18861:13: note: declared here
2026-10-07T02:19:35.7156410Z 18861 | inline bool FieldOptions::weak() const {
2026-10-07T02:19:35.7156689Z       |             ^~~~~~~~~~~~
2026-10-07T02:19:35.7157141Z [799 / 944] Compiling src/google/protobuf/descriptor.cc; 9s processwrapper-sandbox ... (4 actions, 3 running)
2026-10-07T02:19:36.6684003Z [799 / 944] Compiling src/google/protobuf/descriptor.cc; 10s processwrapper-sandbox ... (4 actions running)
2026-10-07T02:19:36.8218863Z INFO: From Compiling src/google/protobuf/map.cc:
2026-10-07T02:19:36.8243528Z In file included from bazel-out/k8-opt/bin/external/protobuf+/src/google/protobuf/_virtual_includes/protobuf_lite/google/protobuf/generated_enum_util.h:20,
2026-10-07T02:19:36.8273454Z                  from bazel-out/k8-opt/bin/external/protobuf+/src/google/protobuf/_virtual_includes/protobuf_lite/google/protobuf/map.h:41,
2026-10-07T02:19:36.8303104Z                  from external/protobuf+/src/google/protobuf/map.cc:8:
2026-10-07T02:19:36.8309516Z In function 'const google::protobuf::internal::ClassData* google::protobuf::internal::GetClassData(const Type&) [with Type = google::protobuf::MessageLite]',
2026-10-07T02:19:36.8311342Z     inlined from 'google::protobuf::internal::Offsets google::protobuf::internal::AlignAndAddSizeDynamic(size_t, UntypedMapBase::TypeKind, const google::protobuf::MessageLite*, size_t&)' at external/protobuf+/src/google/protobuf/map.cc:229:38,
2026-10-07T02:19:36.8313449Z     inlined from 'static google::protobuf::internal::UntypedMapBase::TypeInfo google::protobuf::internal::UntypedMapBase::GetTypeInfoDynamic(TypeKind, TypeKind, const google::protobuf::MessageLite*)' at external/protobuf+/src/google/protobuf/map.cc:249:29:
2026-10-07T02:19:36.8315008Z bazel-out/k8-opt/bin/external/protobuf+/src/google/protobuf/_virtual_includes/protobuf_lite/google/protobuf/message_lite.h:1230:28: warning: 'this' pointer is null [-Wnonnull]
2026-10-07T02:19:36.8316259Z  1230 |     return msg.GetClassData();
2026-10-07T02:19:36.8316621Z       |            ~~~~~~~~~~~~~~~~^~
2026-10-07T02:19:37.6774109Z [801 / 944] Compiling src/google/protobuf/descriptor.cc; 11s processwrapper-sandbox ... (4 actions, 3 running)
2026-10-07T02:19:38.2895767Z INFO: From Compiling src/google/protobuf/compiler/cpp/field_generators/message_field.cc [for tool]:
2026-10-07T02:19:38.2944023Z In file included from bazel-out/k8-opt-exec-ST-d57f47055a04/bin/external/protobuf+/src/google/protobuf/compiler/cpp/_virtual_includes/cpp/google/protobuf/compiler/cpp/field.h:26,
2026-10-07T02:19:38.2973242Z                  from external/protobuf+/src/google/protobuf/compiler/cpp/field_generators/message_field.cc:21:
2026-10-07T02:19:38.2993779Z bazel-out/k8-opt-exec-ST-d57f47055a04/bin/external/protobuf+/src/google/protobuf/compiler/cpp/_virtual_includes/names_internal/google/protobuf/compiler/cpp/helpers.h: In function 'bool google::protobuf::compiler::cpp::IsWeak(const google::protobuf::FieldDescriptor*, const Options&)':
2026-10-07T02:19:38.3013875Z bazel-out/k8-opt-exec-ST-d57f47055a04/bin/external/protobuf+/src/google/protobuf/compiler/cpp/_virtual_includes/names_internal/google/protobuf/compiler/cpp/helpers.h:347:28: warning: 'bool google::protobuf::FieldOptions::weak() const' is deprecated [-Wdeprecated-declarations]
2026-10-07T02:19:38.3032742Z   347 |   if (field->options().weak()) {
2026-10-07T02:19:38.3036306Z       |       ~~~~~~~~~~~~~~~~~~~~~^~
2026-10-07T02:19:38.3037256Z In file included from bazel-out/k8-opt-exec-ST-d57f47055a04/bin/external/protobuf+/src/google/protobuf/compiler/_virtual_includes/code_generator_lite/google/protobuf/compiler/code_generator_lite.h:18,
2026-10-07T02:19:38.3038604Z                  from bazel-out/k8-opt-exec-ST-d57f47055a04/bin/external/protobuf+/src/google/protobuf/compiler/_virtual_includes/code_generator/google/protobuf/compiler/code_generator.h:25,
2026-10-07T02:19:38.3040400Z                  from bazel-out/k8-opt-exec-ST-d57f47055a04/bin/external/protobuf+/src/google/protobuf/compiler/cpp/_virtual_includes/names_internal/google/protobuf/compiler/cpp/helpers.h:29:
2026-10-07T02:19:38.3041987Z bazel-out/k8-opt-exec-ST-d57f47055a04/bin/external/protobuf+/src/google/protobuf/_virtual_includes/protobuf/google/protobuf/descriptor.pb.h:18861:13: note: declared here
2026-10-07T02:19:38.3043142Z 18861 | inline bool FieldOptions::weak() const {
2026-10-07T02:19:38.3043539Z       |             ^~~~~~~~~~~~
2026-10-07T02:19:38.9583712Z [803 / 944] Compiling src/google/protobuf/descriptor.cc; 12s processwrapper-sandbox ... (4 actions, 3 running)
2026-10-07T02:19:40.6683472Z [803 / 944] Compiling src/google/protobuf/descriptor.cc; 14s processwrapper-sandbox ... (4 actions running)
2026-10-07T02:19:42.3080602Z [807 / 944] Compiling src/google/protobuf/descriptor.cc; 16s processwrapper-sandbox ... (4 actions, 3 running)
2026-10-07T02:19:42.5823492Z INFO: From Compiling src/google/protobuf/compiler/cpp/field_generators/primitive_field.cc [for tool]:
2026-10-07T02:19:42.5843679Z In file included from bazel-out/k8-opt-exec-ST-d57f47055a04/bin/external/protobuf+/src/google/protobuf/compiler/cpp/_virtual_includes/cpp/google/protobuf/compiler/cpp/field.h:26,
2026-10-07T02:19:42.5873121Z                  from external/protobuf+/src/google/protobuf/compiler/cpp/field_generators/primitive_field.cc:21:
2026-10-07T02:19:42.5904342Z bazel-out/k8-opt-exec-ST-d57f47055a04/bin/external/protobuf+/src/google/protobuf/compiler/cpp/_virtual_includes/names_internal/google/protobuf/compiler/cpp/helpers.h: In function 'bool google::protobuf::compiler::cpp::IsWeak(const google::protobuf::FieldDescriptor*, const Options&)':
2026-10-07T02:19:42.5933570Z bazel-out/k8-opt-exec-ST-d57f47055a04/bin/external/protobuf+/src/google/protobuf/compiler/cpp/_virtual_includes/names_internal/google/protobuf/compiler/cpp/helpers.h:347:28: warning: 'bool google::protobuf::FieldOptions::weak() const' is deprecated [-Wdeprecated-declarations]
2026-10-07T02:19:42.5962736Z   347 |   if (field->options().weak()) {
2026-10-07T02:19:42.5992710Z       |       ~~~~~~~~~~~~~~~~~~~~~^~
2026-10-07T02:19:42.6023313Z In file included from bazel-out/k8-opt-exec-ST-d57f47055a04/bin/external/protobuf+/src/google/protobuf/compiler/_virtual_includes/code_generator_lite/google/protobuf/compiler/code_generator_lite.h:18,
2026-10-07T02:19:42.6053282Z                  from bazel-out/k8-opt-exec-ST-d57f47055a04/bin/external/protobuf+/src/google/protobuf/compiler/_virtual_includes/code_generator/google/protobuf/compiler/code_generator.h:25,
2026-10-07T02:19:42.6083235Z                  from bazel-out/k8-opt-exec-ST-d57f47055a04/bin/external/protobuf+/src/google/protobuf/compiler/cpp/_virtual_includes/names_internal/google/protobuf/compiler/cpp/helpers.h:29:
2026-10-07T02:19:42.6113172Z bazel-out/k8-opt-exec-ST-d57f47055a04/bin/external/protobuf+/src/google/protobuf/_virtual_includes/protobuf/google/protobuf/descriptor.pb.h:18861:13: note: declared here
2026-10-07T02:19:42.6142766Z 18861 | inline bool FieldOptions::weak() const {
2026-10-07T02:19:42.6172661Z       |             ^~~~~~~~~~~~
2026-10-07T02:19:43.5403719Z [809 / 944] Compiling src/google/protobuf/descriptor.cc; 17s processwrapper-sandbox ... (4 actions, 3 running)
2026-10-07T02:19:44.6723533Z [810 / 944] Compiling src/google/protobuf/descriptor.cc; 18s processwrapper-sandbox ... (4 actions running)
2026-10-07T02:19:46.6723591Z [812 / 944] Compiling src/google/protobuf/descriptor.cc; 20s processwrapper-sandbox ... (4 actions running)
2026-10-07T02:19:46.9204803Z INFO: From Compiling src/google/protobuf/dynamic_message.cc [for tool]:
2026-10-07T02:19:46.9283576Z In file included from external/protobuf+/src/google/protobuf/dynamic_message.cc:66:
2026-10-07T02:19:46.9344085Z bazel-out/k8-opt-exec-ST-d57f47055a04/bin/external/protobuf+/src/google/protobuf/_virtual_includes/protobuf/google/protobuf/map_field.h: In constructor 'google::protobuf::internal::MapFieldBase::ReflectionPayload::ReflectionPayload(google::protobuf::Arena*, const google::protobuf::Message*)':
2026-10-07T02:19:46.9374081Z bazel-out/k8-opt-exec-ST-d57f47055a04/bin/external/protobuf+/src/google/protobuf/_virtual_includes/protobuf/google/protobuf/map_field.h:416:11: warning: 'google::protobuf::RepeatedPtrField<T>::RepeatedPtrField(google::protobuf::Arena*) [with Element = google::protobuf::Message]' is deprecated: Use Arena::Create<RepeatedPtrField<...>>(Arena*) instead [-Wdeprecated-declarations]
2026-10-07T02:19:46.9403123Z   416 |         : repeated_field_(arena), prototype_(prototype) {}
2026-10-07T02:19:46.9423554Z       |           ^~~~~~~~~~~~~~~~~~~~~~
2026-10-07T02:19:46.9440607Z In file included from bazel-out/k8-opt-exec-ST-d57f47055a04/bin/external/protobuf+/src/google/protobuf/_virtual_includes/protobuf_lite/google/protobuf/repeated_field.h:46,
2026-10-07T02:19:46.9442218Z                  from bazel-out/k8-opt-exec-ST-d57f47055a04/bin/external/protobuf+/src/google/protobuf/_virtual_includes/protobuf_lite/google/protobuf/parse_context.h:39,
2026-10-07T02:19:46.9443684Z                  from bazel-out/k8-opt-exec-ST-d57f47055a04/bin/external/protobuf+/src/google/protobuf/_virtual_includes/protobuf_lite/google/protobuf/generated_message_tctable_decl.h:25,
2026-10-07T02:19:46.9445122Z                  from bazel-out/k8-opt-exec-ST-d57f47055a04/bin/external/protobuf+/src/google/protobuf/_virtual_includes/protobuf_lite/google/protobuf/extension_set.h:40,
2026-10-07T02:19:46.9446756Z                  from bazel-out/k8-opt-exec-ST-d57f47055a04/bin/external/protobuf+/src/google/protobuf/_virtual_includes/protobuf/google/protobuf/descriptor.h:56,
2026-10-07T02:19:46.9447967Z                  from bazel-out/k8-opt-exec-ST-d57f47055a04/bin/external/protobuf+/src/google/protobuf/_virtual_includes/protobuf/google/protobuf/dynamic_message.h:27,
2026-10-07T02:19:46.9448813Z                  from external/protobuf+/src/google/protobuf/dynamic_message.cc:42:
2026-10-07T02:19:46.9449761Z bazel-out/k8-opt-exec-ST-d57f47055a04/bin/external/protobuf+/src/google/protobuf/_virtual_includes/protobuf_lite/google/protobuf/repeated_ptr_field.h:1380:8: note: declared here
2026-10-07T02:19:46.9450677Z  1380 | inline RepeatedPtrField<Element>::RepeatedPtrField(Arena* arena)
2026-10-07T02:19:46.9451141Z       |        ^~~~~~~~~~~~~~~~~~~~~~~~~
2026-10-07T02:19:46.9451802Z external/protobuf+/src/google/protobuf/dynamic_message.cc: In member function 'void google::protobuf::DynamicMessage::SharedCtor(bool)':
2026-10-07T02:19:46.9453562Z external/protobuf+/src/google/protobuf/dynamic_message.cc:574:66: warning: 'google::protobuf::RepeatedPtrField<T>::RepeatedPtrField(google::protobuf::Arena*) [with Element = std::__cxx11::basic_string<char>]' is deprecated: Use Arena::Create<RepeatedPtrField<...>>(Arena*) instead [-Wdeprecated-declarations]
2026-10-07T02:19:46.9454943Z   574 |               new (field_ptr) RepeatedPtrField<std::string>(arena);
2026-10-07T02:19:46.9455444Z       |                                                                  ^
2026-10-07T02:19:46.9456349Z bazel-out/k8-opt-exec-ST-d57f47055a04/bin/external/protobuf+/src/google/protobuf/_virtual_includes/protobuf_lite/google/protobuf/repeated_ptr_field.h:1380:8: note: declared here
2026-10-07T02:19:46.9457339Z  1380 | inline RepeatedPtrField<Element>::RepeatedPtrField(Arena* arena)
2026-10-07T02:19:46.9457841Z       |        ^~~~~~~~~~~~~~~~~~~~~~~~~
2026-10-07T02:19:46.9459111Z external/protobuf+/src/google/protobuf/dynamic_message.cc:602:60: warning: 'google::protobuf::RepeatedPtrField<T>::RepeatedPtrField(google::protobuf::Arena*) [with Element = google::protobuf::Message]' is deprecated: Use Arena::Create<RepeatedPtrField<...>>(Arena*) instead [-Wdeprecated-declarations]
2026-10-07T02:19:46.9460445Z   602 |             new (field_ptr) RepeatedPtrField<Message>(arena);
2026-10-07T02:19:46.9460929Z       |                                                            ^
2026-10-07T02:19:46.9461823Z bazel-out/k8-opt-exec-ST-d57f47055a04/bin/external/protobuf+/src/google/protobuf/_virtual_includes/protobuf_lite/google/protobuf/repeated_ptr_field.h:1380:8: note: declared here
2026-10-07T02:19:46.9462960Z  1380 | inline RepeatedPtrField<Element>::RepeatedPtrField(Arena* arena)
2026-10-07T02:19:46.9463750Z       |        ^~~~~~~~~~~~~~~~~~~~~~~~~
2026-10-07T02:19:46.9464469Z external/protobuf+/src/google/protobuf/dynamic_message.cc: In member function 'void google::protobuf::DynamicMessage::CrossLinkPrototypes()':
2026-10-07T02:19:46.9465736Z external/protobuf+/src/google/protobuf/dynamic_message.cc:774:31: warning: 'bool google::protobuf::FieldOptions::weak() const' is deprecated [-Wdeprecated-declarations]
2026-10-07T02:19:46.9466623Z   774 |         !field->options().weak() && !InRealOneof(field) &&
2026-10-07T02:19:46.9467045Z       |          ~~~~~~~~~~~~~~~~~~~~~^~
2026-10-07T02:19:46.9467543Z In file included from external/protobuf+/src/google/protobuf/dynamic_message.cc:60:
2026-10-07T02:19:46.9468544Z bazel-out/k8-opt-exec-ST-d57f47055a04/bin/external/protobuf+/src/google/protobuf/_virtual_includes/protobuf/google/protobuf/descriptor.pb.h:18861:13: note: declared here
2026-10-07T02:19:46.9469422Z 18861 | inline bool FieldOptions::weak() const {
2026-10-07T02:19:46.9469835Z       |             ^~~~~~~~~~~~
2026-10-07T02:19:47.1943722Z INFO: From Compiling src/google/protobuf/descriptor.cc:
2026-10-07T02:19:47.1963462Z external/protobuf+/src/google/protobuf/descriptor.cc: In member function 'void google::protobuf::FieldDescriptor::DebugString(int, std::string*, const google::protobuf::DebugStringOptions&) const':
2026-10-07T02:19:47.1983793Z external/protobuf+/src/google/protobuf/descriptor.cc:3953:65: warning: 'bool google::protobuf::FieldDescriptor::has_optional_keyword() const' is deprecated: Use has_presence() instead. [-Wdeprecated-declarations]
2026-10-07T02:19:47.1984786Z  3953 |       (!is_required() && !is_repeated() && !has_optional_keyword())) {
2026-10-07T02:19:47.1985176Z       |                                             ~~~~~~~~~~~~~~~~~~~~^~
2026-10-07T02:19:47.1985610Z In file included from external/protobuf+/src/google/protobuf/descriptor.cc:12:
2026-10-07T02:19:47.1986363Z bazel-out/k8-opt/bin/external/protobuf+/src/google/protobuf/_virtual_includes/protobuf/google/protobuf/descriptor.h:1136:8: note: declared here
2026-10-07T02:19:47.1986984Z  1136 |   bool has_optional_keyword() const;
2026-10-07T02:19:47.1987263Z       |        ^~~~~~~~~~~~~~~~~~~~
2026-10-07T02:19:47.1988127Z external/protobuf+/src/google/protobuf/descriptor.cc: In member function 'void google::protobuf::DescriptorBuilder::CrossLinkField(google::protobuf::FieldDescriptor*, const google::protobuf::FieldDescriptorProto&)':
2026-10-07T02:19:47.1989397Z external/protobuf+/src/google/protobuf/descriptor.cc:7982:65: warning: 'bool google::protobuf::FieldOptions::weak() const' is deprecated [-Wdeprecated-declarations]
2026-10-07T02:19:47.1990166Z  7982 |     bool is_weak = !pool_->enforce_weak_ && proto.options().weak();
2026-10-07T02:19:47.1990551Z       |                                             ~~~~~~~~~~~~~~~~~~~~^~
2026-10-07T02:19:47.1991210Z In file included from bazel-out/k8-opt/bin/external/protobuf+/src/google/protobuf/_virtual_includes/protobuf/google/protobuf/cpp_features.pb.h:33,
2026-10-07T02:19:47.1992013Z                  from external/protobuf+/src/google/protobuf/descriptor.cc:72:
2026-10-07T02:19:47.2023413Z bazel-out/k8-opt/bin/external/protobuf+/src/google/protobuf/_virtual_includes/protobuf/google/protobuf/descriptor.pb.h:18861:13: note: declared here
2026-10-07T02:19:47.2052779Z 18861 | inline bool FieldOptions::weak() const {
2026-10-07T02:19:47.2073914Z       |             ^~~~~~~~~~~~
2026-10-07T02:19:47.2113502Z external/protobuf+/src/google/protobuf/descriptor.cc: In function 'google::protobuf::internal::cpp::HasbitMode google::protobuf::internal::cpp::GetFieldHasbitModeWithoutProfile(const google::protobuf::FieldDescriptor*)':
2026-10-07T02:19:47.2143296Z external/protobuf+/src/google/protobuf/descriptor.cc:10700:62: warning: 'bool google::protobuf::FieldOptions::weak() const' is deprecated [-Wdeprecated-declarations]
2026-10-07T02:19:47.2172817Z 10700 |   if (field->real_containing_oneof() || field->options().weak() ||
2026-10-07T02:19:47.2202741Z       |                                         ~~~~~~~~~~~~~~~~~~~~~^~
2026-10-07T02:19:47.2233035Z bazel-out/k8-opt/bin/external/protobuf+/src/google/protobuf/_virtual_includes/protobuf/google/protobuf/descriptor.pb.h:18861:13: note: declared here
2026-10-07T02:19:47.2262734Z 18861 | inline bool FieldOptions::weak() const {
2026-10-07T02:19:47.2292627Z       |             ^~~~~~~~~~~~
2026-10-07T02:19:47.6743751Z [815 / 944] Compiling src/google/protobuf/compiler/cpp/field_generators/string_field.cc [for tool]; 5s processwrapper-sandbox ... (4 actions running)
2026-10-07T02:19:47.6933936Z INFO: From Compiling src/google/protobuf/compiler/cpp/field_generators/string_field.cc [for tool]:
2026-10-07T02:19:47.6935062Z In file included from bazel-out/k8-opt-exec-ST-d57f47055a04/bin/external/protobuf+/src/google/protobuf/compiler/cpp/_virtual_includes/cpp/google/protobuf/compiler/cpp/field.h:26,
2026-10-07T02:19:47.6993774Z                  from external/protobuf+/src/google/protobuf/compiler/cpp/field_generators/string_field.cc:20:
2026-10-07T02:19:47.7024147Z bazel-out/k8-opt-exec-ST-d57f47055a04/bin/external/protobuf+/src/google/protobuf/compiler/cpp/_virtual_includes/names_internal/google/protobuf/compiler/cpp/helpers.h: In function 'bool google::protobuf::compiler::cpp::IsWeak(const google::protobuf::FieldDescriptor*, const Options&)':
2026-10-07T02:19:47.7054342Z bazel-out/k8-opt-exec-ST-d57f47055a04/bin/external/protobuf+/src/google/protobuf/compiler/cpp/_virtual_includes/names_internal/google/protobuf/compiler/cpp/helpers.h:347:28: warning: 'bool google::protobuf::FieldOptions::weak() const' is deprecated [-Wdeprecated-declarations]
2026-10-07T02:19:47.7055543Z   347 |   if (field->options().weak()) {
2026-10-07T02:19:47.7067365Z       |       ~~~~~~~~~~~~~~~~~~~~~^~
2026-10-07T02:19:47.7068317Z In file included from bazel-out/k8-opt-exec-ST-d57f47055a04/bin/external/protobuf+/src/google/protobuf/compiler/_virtual_includes/code_generator_lite/google/protobuf/compiler/code_generator_lite.h:18,
2026-10-07T02:19:47.7069696Z                  from bazel-out/k8-opt-exec-ST-d57f47055a04/bin/external/protobuf+/src/google/protobuf/compiler/_virtual_includes/code_generator/google/protobuf/compiler/code_generator.h:25,
2026-10-07T02:19:47.7071025Z                  from bazel-out/k8-opt-exec-ST-d57f47055a04/bin/external/protobuf+/src/google/protobuf/compiler/cpp/_virtual_includes/names_internal/google/protobuf/compiler/cpp/helpers.h:29:
2026-10-07T02:19:47.7072568Z bazel-out/k8-opt-exec-ST-d57f47055a04/bin/external/protobuf+/src/google/protobuf/_virtual_includes/protobuf/google/protobuf/descriptor.pb.h:18861:13: note: declared here
2026-10-07T02:19:47.7073347Z 18861 | inline bool FieldOptions::weak() const {
2026-10-07T02:19:47.7073685Z       |             ^~~~~~~~~~~~
2026-10-07T02:19:48.6783597Z [817 / 944] Compiling src/google/protobuf/descriptor_database.cc [for tool]; 1s processwrapper-sandbox ... (4 actions running)
2026-10-07T02:19:50.6523620Z [819 / 944] Compiling src/google/protobuf/descriptor_database.cc [for tool]; 3s processwrapper-sandbox ... (4 actions, 3 running)
2026-10-07T02:19:51.6773751Z [820 / 944] Compiling src/google/protobuf/descriptor_database.cc [for tool]; 4s processwrapper-sandbox ... (4 actions running)
2026-10-07T02:19:52.4709561Z INFO: From Compiling src/google/protobuf/compiler/cpp/field_generators/string_view_field.cc [for tool]:
2026-10-07T02:19:52.4765032Z In file included from bazel-out/k8-opt-exec-ST-d57f47055a04/bin/external/protobuf+/src/google/protobuf/compiler/cpp/_virtual_includes/cpp/google/protobuf/compiler/cpp/field.h:26,
2026-10-07T02:19:52.4823339Z                  from external/protobuf+/src/google/protobuf/compiler/cpp/field_generators/string_view_field.cc:19:
2026-10-07T02:19:52.4883781Z bazel-out/k8-opt-exec-ST-d57f47055a04/bin/external/protobuf+/src/google/protobuf/compiler/cpp/_virtual_includes/names_internal/google/protobuf/compiler/cpp/helpers.h: In function 'bool google::protobuf::compiler::cpp::IsWeak(const google::protobuf::FieldDescriptor*, const Options&)':
2026-10-07T02:19:52.4886147Z bazel-out/k8-opt-exec-ST-d57f47055a04/bin/external/protobuf+/src/google/protobuf/compiler/cpp/_virtual_includes/names_internal/google/protobuf/compiler/cpp/helpers.h:347:28: warning: 'bool google::protobuf::FieldOptions::weak() const' is deprecated [-Wdeprecated-declarations]
2026-10-07T02:19:52.4887246Z   347 |   if (field->options().weak()) {
2026-10-07T02:19:52.4926515Z       |       ~~~~~~~~~~~~~~~~~~~~~^~
2026-10-07T02:19:52.4963701Z In file included from bazel-out/k8-opt-exec-ST-d57f47055a04/bin/external/protobuf+/src/google/protobuf/compiler/_virtual_includes/code_generator_lite/google/protobuf/compiler/code_generator_lite.h:18,
2026-10-07T02:19:52.4973513Z                  from bazel-out/k8-opt-exec-ST-d57f47055a04/bin/external/protobuf+/src/google/protobuf/compiler/_virtual_includes/code_generator/google/protobuf/compiler/code_generator.h:25,
2026-10-07T02:19:52.4974803Z                  from bazel-out/k8-opt-exec-ST-d57f47055a04/bin/external/protobuf+/src/google/protobuf/compiler/cpp/_virtual_includes/names_internal/google/protobuf/compiler/cpp/helpers.h:29:
2026-10-07T02:19:52.4976120Z bazel-out/k8-opt-exec-ST-d57f47055a04/bin/external/protobuf+/src/google/protobuf/_virtual_includes/protobuf/google/protobuf/descriptor.pb.h:18861:13: note: declared here
2026-10-07T02:19:52.4977096Z 18861 | inline bool FieldOptions::weak() const {
2026-10-07T02:19:52.4977862Z       |             ^~~~~~~~~~~~
2026-10-07T02:19:52.6794236Z [821 / 944] Compiling src/google/protobuf/descriptor_database.cc [for tool]; 5s processwrapper-sandbox ... (4 actions running)
2026-10-07T02:19:53.6803599Z [823 / 944] Compiling src/google/protobuf/descriptor.pb.cc [for tool]; 2s processwrapper-sandbox ... (4 actions running)
2026-10-07T02:19:56.5593832Z [824 / 944] Compiling src/google/protobuf/compiler/cpp/file.cc [for tool]; 4s processwrapper-sandbox ... (4 actions, 3 running)
2026-10-07T02:19:57.6817582Z [824 / 944] Compiling src/google/protobuf/compiler/cpp/file.cc [for tool]; 5s processwrapper-sandbox ... (4 actions running)
2026-10-07T02:19:58.8763639Z [825 / 944] Compiling src/google/protobuf/compiler/cpp/file.cc [for tool]; 6s processwrapper-sandbox ... (4 actions, 3 running)
2026-10-07T02:20:00.4443835Z [827 / 944] Compiling src/google/protobuf/compiler/cpp/file.cc [for tool]; 7s processwrapper-sandbox ... (4 actions, 3 running)
2026-10-07T02:20:01.6853852Z [827 / 944] Compiling src/google/protobuf/compiler/cpp/file.cc [for tool]; 9s processwrapper-sandbox ... (4 actions running)
2026-10-07T02:20:01.8686626Z INFO: From Compiling src/google/protobuf/dynamic_message.cc:
2026-10-07T02:20:01.8743590Z In file included from external/protobuf+/src/google/protobuf/dynamic_message.cc:66:
2026-10-07T02:20:01.8763951Z bazel-out/k8-opt/bin/external/protobuf+/src/google/protobuf/_virtual_includes/protobuf/google/protobuf/map_field.h: In constructor 'google::protobuf::internal::MapFieldBase::ReflectionPayload::ReflectionPayload(google::protobuf::Arena*, const google::protobuf::Message*)':
2026-10-07T02:20:01.8793993Z bazel-out/k8-opt/bin/external/protobuf+/src/google/protobuf/_virtual_includes/protobuf/google/protobuf/map_field.h:416:11: warning: 'google::protobuf::RepeatedPtrField<T>::RepeatedPtrField(google::protobuf::Arena*) [with Element = google::protobuf::Message]' is deprecated: Use Arena::Create<RepeatedPtrField<...>>(Arena*) instead [-Wdeprecated-declarations]
2026-10-07T02:20:01.8811127Z   416 |         : repeated_field_(arena), prototype_(prototype) {}
2026-10-07T02:20:01.8811690Z       |           ^~~~~~~~~~~~~~~~~~~~~~
2026-10-07T02:20:01.8812527Z In file included from bazel-out/k8-opt/bin/external/protobuf+/src/google/protobuf/_virtual_includes/protobuf_lite/google/protobuf/repeated_field.h:46,
2026-10-07T02:20:01.8813948Z                  from bazel-out/k8-opt/bin/external/protobuf+/src/google/protobuf/_virtual_includes/protobuf_lite/google/protobuf/parse_context.h:39,
2026-10-07T02:20:01.8815153Z                  from bazel-out/k8-opt/bin/external/protobuf+/src/google/protobuf/_virtual_includes/protobuf_lite/google/protobuf/generated_message_tctable_decl.h:25,
2026-10-07T02:20:01.8816461Z                  from bazel-out/k8-opt/bin/external/protobuf+/src/google/protobuf/_virtual_includes/protobuf_lite/google/protobuf/extension_set.h:40,
2026-10-07T02:20:01.8817453Z                  from bazel-out/k8-opt/bin/external/protobuf+/src/google/protobuf/_virtual_includes/protobuf/google/protobuf/descriptor.h:56,
2026-10-07T02:20:01.8818474Z                  from bazel-out/k8-opt/bin/external/protobuf+/src/google/protobuf/_virtual_includes/protobuf/google/protobuf/dynamic_message.h:27,
2026-10-07T02:20:01.8819244Z                  from external/protobuf+/src/google/protobuf/dynamic_message.cc:42:
2026-10-07T02:20:01.8820061Z bazel-out/k8-opt/bin/external/protobuf+/src/google/protobuf/_virtual_includes/protobuf_lite/google/protobuf/repeated_ptr_field.h:1380:8: note: declared here
2026-10-07T02:20:01.8820889Z  1380 | inline RepeatedPtrField<Element>::RepeatedPtrField(Arena* arena)
2026-10-07T02:20:01.8821369Z       |        ^~~~~~~~~~~~~~~~~~~~~~~~~
2026-10-07T02:20:01.8822037Z external/protobuf+/src/google/protobuf/dynamic_message.cc: In member function 'void google::protobuf::DynamicMessage::SharedCtor(bool)':
2026-10-07T02:20:01.8825275Z external/protobuf+/src/google/protobuf/dynamic_message.cc:574:66: warning: 'google::protobuf::RepeatedPtrField<T>::RepeatedPtrField(google::protobuf::Arena*) [with Element = std::__cxx11::basic_string<char>]' is deprecated: Use Arena::Create<RepeatedPtrField<...>>(Arena*) instead [-Wdeprecated-declarations]
2026-10-07T02:20:01.8826597Z   574 |               new (field_ptr) RepeatedPtrField<std::string>(arena);
2026-10-07T02:20:01.8827073Z       |                                                                  ^
2026-10-07T02:20:01.8827870Z bazel-out/k8-opt/bin/external/protobuf+/src/google/protobuf/_virtual_includes/protobuf_lite/google/protobuf/repeated_ptr_field.h:1380:8: note: declared here
2026-10-07T02:20:01.8828730Z  1380 | inline RepeatedPtrField<Element>::RepeatedPtrField(Arena* arena)
2026-10-07T02:20:01.8829208Z       |        ^~~~~~~~~~~~~~~~~~~~~~~~~
2026-10-07T02:20:01.8830404Z external/protobuf+/src/google/protobuf/dynamic_message.cc:602:60: warning: 'google::protobuf::RepeatedPtrField<T>::RepeatedPtrField(google::protobuf::Arena*) [with Element = google::protobuf::Message]' is deprecated: Use Arena::Create<RepeatedPtrField<...>>(Arena*) instead [-Wdeprecated-declarations]
2026-10-07T02:20:01.8831662Z   602 |             new (field_ptr) RepeatedPtrField<Message>(arena);
2026-10-07T02:20:01.8832121Z       |                                                            ^
2026-10-07T02:20:01.8833095Z bazel-out/k8-opt/bin/external/protobuf+/src/google/protobuf/_virtual_includes/protobuf_lite/google/protobuf/repeated_ptr_field.h:1380:8: note: declared here
2026-10-07T02:20:01.8833953Z  1380 | inline RepeatedPtrField<Element>::RepeatedPtrField(Arena* arena)
2026-10-07T02:20:01.8834421Z       |        ^~~~~~~~~~~~~~~~~~~~~~~~~
2026-10-07T02:20:01.8835114Z external/protobuf+/src/google/protobuf/dynamic_message.cc: In member function 'void google::protobuf::DynamicMessage::CrossLinkPrototypes()':
2026-10-07T02:20:01.8836216Z external/protobuf+/src/google/protobuf/dynamic_message.cc:774:31: warning: 'bool google::protobuf::FieldOptions::weak() const' is deprecated [-Wdeprecated-declarations]
2026-10-07T02:20:01.8837056Z   774 |         !field->options().weak() && !InRealOneof(field) &&
2026-10-07T02:20:01.8837478Z       |          ~~~~~~~~~~~~~~~~~~~~~^~
2026-10-07T02:20:01.8838046Z In file included from external/protobuf+/src/google/protobuf/dynamic_message.cc:60:
2026-10-07T02:20:01.8838910Z bazel-out/k8-opt/bin/external/protobuf+/src/google/protobuf/_virtual_includes/protobuf/google/protobuf/descriptor.pb.h:18861:13: note: declared here
2026-10-07T02:20:01.8839664Z 18861 | inline bool FieldOptions::weak() const {
2026-10-07T02:20:01.8840055Z       |             ^~~~~~~~~~~~
2026-10-07T02:20:02.6873545Z [828 / 944] Compiling src/google/protobuf/compiler/cpp/file.cc [for tool]; 10s processwrapper-sandbox ... (4 actions running)
2026-10-07T02:20:03.5978972Z INFO: From Compiling src/google/protobuf/compiler/cpp/file.cc [for tool]:
2026-10-07T02:20:03.6003540Z In file included from bazel-out/k8-opt-exec-ST-d57f47055a04/bin/external/protobuf+/src/google/protobuf/compiler/cpp/_virtual_includes/cpp/google/protobuf/compiler/cpp/extension.h:19,
2026-10-07T02:20:03.6033480Z                  from bazel-out/k8-opt-exec-ST-d57f47055a04/bin/external/protobuf+/src/google/protobuf/compiler/cpp/_virtual_includes/cpp/google/protobuf/compiler/cpp/file.h:26,
2026-10-07T02:20:03.6058215Z                  from external/protobuf+/src/google/protobuf/compiler/cpp/file.cc:12:
2026-10-07T02:20:03.6081081Z bazel-out/k8-opt-exec-ST-d57f47055a04/bin/external/protobuf+/src/google/protobuf/compiler/cpp/_virtual_includes/names_internal/google/protobuf/compiler/cpp/helpers.h: In function 'bool google::protobuf::compiler::cpp::IsWeak(const google::protobuf::FieldDescriptor*, const Options&)':
2026-10-07T02:20:03.6093685Z bazel-out/k8-opt-exec-ST-d57f47055a04/bin/external/protobuf+/src/google/protobuf/compiler/cpp/_virtual_includes/names_internal/google/protobuf/compiler/cpp/helpers.h:347:28: warning: 'bool google::protobuf::FieldOptions::weak() const' is deprecated [-Wdeprecated-declarations]
2026-10-07T02:20:03.6100883Z   347 |   if (field->options().weak()) {
2026-10-07T02:20:03.6101307Z       |       ~~~~~~~~~~~~~~~~~~~~~^~
2026-10-07T02:20:03.6102818Z In file included from bazel-out/k8-opt-exec-ST-d57f47055a04/bin/external/protobuf+/src/google/protobuf/compiler/_virtual_includes/code_generator_lite/google/protobuf/compiler/code_generator_lite.h:18,
2026-10-07T02:20:03.6104377Z                  from bazel-out/k8-opt-exec-ST-d57f47055a04/bin/external/protobuf+/src/google/protobuf/compiler/_virtual_includes/code_generator/google/protobuf/compiler/code_generator.h:25,
2026-10-07T02:20:03.6105806Z                  from bazel-out/k8-opt-exec-ST-d57f47055a04/bin/external/protobuf+/src/google/protobuf/compiler/cpp/_virtual_includes/names_internal/google/protobuf/compiler/cpp/helpers.h:29:
2026-10-07T02:20:03.6107212Z bazel-out/k8-opt-exec-ST-d57f47055a04/bin/external/protobuf+/src/google/protobuf/_virtual_includes/protobuf/google/protobuf/descriptor.pb.h:18861:13: note: declared here
2026-10-07T02:20:03.6108114Z 18861 | inline bool FieldOptions::weak() const {
2026-10-07T02:20:03.6108504Z       |             ^~~~~~~~~~~~
2026-10-07T02:20:03.6108979Z In file included from external/abseil-cpp+/absl/functional/any_invocable.h:44,
2026-10-07T02:20:03.6109591Z                  from external/abseil-cpp+/absl/functional/internal/function_ref.h:22,
2026-10-07T02:20:03.6110160Z                  from external/abseil-cpp+/absl/functional/function_ref.h:54,
2026-10-07T02:20:03.6110665Z                  from external/abseil-cpp+/absl/hash/hash.h:88,
2026-10-07T02:20:03.6111233Z                  from external/abseil-cpp+/absl/container/internal/hash_function_defaults.h:57,
2026-10-07T02:20:03.6111858Z                  from external/abseil-cpp+/absl/container/hash_container_defaults.h:19,
2026-10-07T02:20:03.6112556Z                  from external/abseil-cpp+/absl/container/flat_hash_map.h:43,
2026-10-07T02:20:03.6113342Z                  from bazel-out/k8-opt-exec-ST-d57f47055a04/bin/external/protobuf+/src/google/protobuf/compiler/cpp/_virtual_includes/cpp/google/protobuf/compiler/cpp/file.h:20:
2026-10-07T02:20:03.6114333Z In function 'void absl::lts_20250814::internal_any_invocable::LocalManagerTrivial(FunctionToCall, TypeErasedState*, TypeErasedState*)',
2026-10-07T02:20:03.6115840Z     inlined from 'absl::lts_20250814::internal_any_invocable::CoreImpl<SigIsNoexcept, ReturnType, P>::CoreImpl(absl::lts_20250814::internal_any_invocable::CoreImpl<SigIsNoexcept, ReturnType, P>&&) [with bool SigIsNoexcept = false; ReturnType = void; P = {google::protobuf::io::Printer*}]' at external/abseil-cpp+/absl/functional/internal/any_invocable.h:461:11,
2026-10-07T02:20:03.6117747Z     inlined from 'absl::lts_20250814::internal_any_invocable::Impl<void(google::protobuf::io::Printer*)>::Impl(absl::lts_20250814::internal_any_invocable::Impl<void(google::protobuf::io::Printer*)>&&)' at external/abseil-cpp+/absl/functional/internal/any_invocable.h:755:1,
2026-10-07T02:20:03.6119623Z     inlined from 'absl::lts_20250814::AnyInvocable<Sig>::AnyInvocable(absl::lts_20250814::AnyInvocable<Sig>&&) [with Sig = void(google::protobuf::io::Printer*)]' at external/abseil-cpp+/absl/functional/any_invocable.h:185:3,
2026-10-07T02:20:03.6121369Z     inlined from 'void std::__new_allocator<_Tp>::construct(_Up*, _Args&& ...) [with _Up = absl::lts_20250814::AnyInvocable<void(google::protobuf::io::Printer*)>; _Args = {absl::lts_20250814::AnyInvocable<void(google::protobuf::io::Printer*)>}; _Tp = absl::lts_20250814::AnyInvocable<void(google::protobuf::io::Printer*)>]' at /usr/include/c++/13/bits/new_allocator.h:191:4,
2026-10-07T02:20:03.6123895Z     inlined from 'static void std::allocator_traits<std::allocator<_Tp1> >::construct(allocator_type&, _Up*, _Args&& ...) [with _Up = absl::lts_20250814::AnyInvocable<void(google::protobuf::io::Printer*)>; _Args = {absl::lts_20250814::AnyInvocable<void(google::protobuf::io::Printer*)>}; _Tp = absl::lts_20250814::AnyInvocable<void(google::protobuf::io::Printer*)>]' at /usr/include/c++/13/bits/alloc_traits.h:538:17,
2026-10-07T02:20:03.6126542Z     inlined from 'std::vector<_Tp, _Alloc>::reference std::vector<_Tp, _Alloc>::emplace_back(_Args&& ...) [with _Args = {absl::lts_20250814::AnyInvocable<void(google::protobuf::io::Printer*)>}; _Tp = absl::lts_20250814::AnyInvocable<void(google::protobuf::io::Printer*)>; _Alloc = std::allocator<absl::lts_20250814::AnyInvocable<void(google::protobuf::io::Printer*)> >]' at /usr/include/c++/13/bits/vector.tcc:117:30,
2026-10-07T02:20:03.6128704Z     inlined from 'void std::vector<_Tp, _Alloc>::push_back(value_type&&) [with _Tp = absl::lts_20250814::AnyInvocable<void(google::protobuf::io::Printer*)>; _Alloc = std::allocator<absl::lts_20250814::AnyInvocable<void(google::protobuf::io::Printer*)> >]' at /usr/include/c++/13/bits/stl_vector.h:1299:21,
2026-10-07T02:20:03.6144166Z     inlined from 'void google::protobuf::compiler::cpp::FileGenerator::GenerateReflectionInitializationCode(google::protobuf::io::Printer*)' at external/protobuf+/src/google/protobuf/compiler/cpp/file.cc:1385:53:
2026-10-07T02:20:03.6174087Z external/abseil-cpp+/absl/functional/internal/any_invocable.h:225:7: warning: '<unnamed>.absl::lts_20250814::AnyInvocable<void(google::protobuf::io::Printer*)>::<unnamed>.absl::lts_20250814::internal_any_invocable::Impl<void(google::protobuf::io::Printer*)>::<unnamed>.absl::lts_20250814::internal_any_invocable::CoreImpl<false, void, google::protobuf::io::Printer*>::state_' may be used uninitialized [-Wmaybe-uninitialized]
2026-10-07T02:20:03.6182713Z   225 |   *to = *from;
2026-10-07T02:20:03.6212679Z       |   ~~~~^~~~~~~
2026-10-07T02:20:03.6233354Z external/protobuf+/src/google/protobuf/compiler/cpp/file.cc: In member function 'void google::protobuf::compiler::cpp::FileGenerator::GenerateReflectionInitializationCode(google::protobuf::io::Printer*)':
2026-10-07T02:20:03.6263016Z external/protobuf+/src/google/protobuf/compiler/cpp/file.cc:1385:53: note: '<anonymous>' declared here
2026-10-07T02:20:03.6272824Z  1385 |     static_initializers_[kInitPriority102].push_back([](auto* p) {
2026-10-07T02:20:03.6302735Z       |     ~~~~~~~~~~~~~~~~~~~~~~~~~~~~~~~~~~~~~~~~~~~~~~~~^~~~~~~~~~~~~~
2026-10-07T02:20:03.6322854Z  1386 |       p->Emit(R"cc(
2026-10-07T02:20:03.6332711Z       |       ~~~~~~~~~~~~~                                  
2026-10-07T02:20:03.6362959Z  1387 |         ::_pbi::AddDescriptors(&$desc_table$),
2026-10-07T02:20:03.6382921Z       |         ~~~~~~~~~~~~~~~~~~~~~~~~~~~~~~~~~~~~~~       
2026-10-07T02:20:03.6412999Z  1388 |       )cc");
2026-10-07T02:20:03.6422635Z       |       ~~~~~~                                         
2026-10-07T02:20:03.6452654Z  1389 |     });
2026-10-07T02:20:03.6472678Z       |     ~~                                               
2026-10-07T02:20:04.6859723Z [831 / 944] Compiling src/google/protobuf/descriptor.cc [for tool]; 11s processwrapper-sandbox ... (4 actions running)
2026-10-07T02:20:05.6883635Z [832 / 944] Compiling src/google/protobuf/descriptor.cc [for tool]; 12s processwrapper-sandbox ... (4 actions running)
2026-10-07T02:20:06.6877100Z [833 / 944] Compiling src/google/protobuf/descriptor.cc [for tool]; 13s processwrapper-sandbox ... (4 actions running)
2026-10-07T02:20:08.3092192Z [834 / 944] Compiling src/google/protobuf/descriptor.cc [for tool]; 15s processwrapper-sandbox ... (4 actions, 3 running)
2026-10-07T02:20:08.4583739Z INFO: From Compiling src/google/protobuf/compiler/cpp/generator.cc [for tool]:
2026-10-07T02:20:08.4623410Z In file included from bazel-out/k8-opt-exec-ST-d57f47055a04/bin/external/protobuf+/src/google/protobuf/compiler/cpp/_virtual_includes/cpp/google/protobuf/compiler/cpp/extension.h:19,
2026-10-07T02:20:08.4673878Z                  from bazel-out/k8-opt-exec-ST-d57f47055a04/bin/external/protobuf+/src/google/protobuf/compiler/cpp/_virtual_includes/cpp/google/protobuf/compiler/cpp/file.h:26,
2026-10-07T02:20:08.4703121Z                  from external/protobuf+/src/google/protobuf/compiler/cpp/generator.cc:31:
2026-10-07T02:20:08.4717259Z bazel-out/k8-opt-exec-ST-d57f47055a04/bin/external/protobuf+/src/google/protobuf/compiler/cpp/_virtual_includes/names_internal/google/protobuf/compiler/cpp/helpers.h: In function 'bool google::protobuf::compiler::cpp::IsWeak(const google::protobuf::FieldDescriptor*, const Options&)':
2026-10-07T02:20:08.4759438Z bazel-out/k8-opt-exec-ST-d57f47055a04/bin/external/protobuf+/src/google/protobuf/compiler/cpp/_virtual_includes/names_internal/google/protobuf/compiler/cpp/helpers.h:347:28: warning: 'bool google::protobuf::FieldOptions::weak() const' is deprecated [-Wdeprecated-declarations]
2026-10-07T02:20:08.4764732Z   347 |   if (field->options().weak()) {
2026-10-07T02:20:08.4789263Z       |       ~~~~~~~~~~~~~~~~~~~~~^~
2026-10-07T02:20:08.4823441Z In file included from bazel-out/k8-opt-exec-ST-d57f47055a04/bin/external/protobuf+/src/google/protobuf/compiler/_virtual_includes/code_generator_lite/google/protobuf/compiler/code_generator_lite.h:18,
2026-10-07T02:20:08.4858192Z                  from bazel-out/k8-opt-exec-ST-d57f47055a04/bin/external/protobuf+/src/google/protobuf/compiler/_virtual_includes/code_generator/google/protobuf/compiler/code_generator.h:25,
2026-10-07T02:20:08.4878392Z                  from bazel-out/k8-opt-exec-ST-d57f47055a04/bin/external/protobuf+/src/google/protobuf/compiler/cpp/_virtual_includes/cpp/google/protobuf/compiler/cpp/generator.h:24,
2026-10-07T02:20:08.4885391Z                  from external/protobuf+/src/google/protobuf/compiler/cpp/generator.cc:12:
2026-10-07T02:20:08.4913393Z bazel-out/k8-opt-exec-ST-d57f47055a04/bin/external/protobuf+/src/google/protobuf/_virtual_includes/protobuf/google/protobuf/descriptor.pb.h:18861:13: note: declared here
2026-10-07T02:20:08.4941952Z 18861 | inline bool FieldOptions::weak() const {
2026-10-07T02:20:08.4972928Z       |             ^~~~~~~~~~~~
2026-10-07T02:20:09.6880394Z [836 / 944] Compiling src/google/protobuf/descriptor.cc [for tool]; 16s processwrapper-sandbox ... (4 actions running)
2026-10-07T02:20:10.6917096Z [838 / 944] Compiling src/google/protobuf/descriptor.cc [for tool]; 17s processwrapper-sandbox ... (4 actions running)
2026-10-07T02:20:12.6943667Z [840 / 944] Compiling src/google/protobuf/descriptor.cc [for tool]; 19s processwrapper-sandbox ... (4 actions running)
2026-10-07T02:20:13.9094087Z [841 / 944] Compiling src/google/protobuf/descriptor.cc [for tool]; 20s processwrapper-sandbox ... (4 actions, 3 running)
2026-10-07T02:20:14.1453770Z INFO: From Compiling src/google/protobuf/descriptor.cc [for tool]:
2026-10-07T02:20:14.1483876Z external/protobuf+/src/google/protobuf/descriptor.cc: In member function 'void google::protobuf::FieldDescriptor::DebugString(int, std::string*, const google::protobuf::DebugStringOptions&) const':
2026-10-07T02:20:14.1485352Z external/protobuf+/src/google/protobuf/descriptor.cc:3953:65: warning: 'bool google::protobuf::FieldDescriptor::has_optional_keyword() const' is deprecated: Use has_presence() instead. [-Wdeprecated-declarations]
2026-10-07T02:20:14.1505187Z  3953 |       (!is_required() && !is_repeated() && !has_optional_keyword())) {
2026-10-07T02:20:14.1505765Z       |                                             ~~~~~~~~~~~~~~~~~~~~^~
2026-10-07T02:20:14.1506433Z In file included from external/protobuf+/src/google/protobuf/descriptor.cc:12:
2026-10-07T02:20:14.1507362Z bazel-out/k8-opt-exec-ST-d57f47055a04/bin/external/protobuf+/src/google/protobuf/_virtual_includes/protobuf/google/protobuf/descriptor.h:1136:8: note: declared here
2026-10-07T02:20:14.1508151Z  1136 |   bool has_optional_keyword() const;
2026-10-07T02:20:14.1508530Z       |        ^~~~~~~~~~~~~~~~~~~~
2026-10-07T02:20:14.1509494Z external/protobuf+/src/google/protobuf/descriptor.cc: In member function 'void google::protobuf::DescriptorBuilder::CrossLinkField(google::protobuf::FieldDescriptor*, const google::protobuf::FieldDescriptorProto&)':
2026-10-07T02:20:14.1510864Z external/protobuf+/src/google/protobuf/descriptor.cc:7982:65: warning: 'bool google::protobuf::FieldOptions::weak() const' is deprecated [-Wdeprecated-declarations]
2026-10-07T02:20:14.1511737Z  7982 |     bool is_weak = !pool_->enforce_weak_ && proto.options().weak();
2026-10-07T02:20:14.1512400Z       |                                             ~~~~~~~~~~~~~~~~~~~~^~
2026-10-07T02:20:14.1513540Z In file included from bazel-out/k8-opt-exec-ST-d57f47055a04/bin/external/protobuf+/src/google/protobuf/_virtual_includes/protobuf/google/protobuf/cpp_features.pb.h:33,
2026-10-07T02:20:14.1514490Z                  from external/protobuf+/src/google/protobuf/descriptor.cc:72:
2026-10-07T02:20:14.1515405Z bazel-out/k8-opt-exec-ST-d57f47055a04/bin/external/protobuf+/src/google/protobuf/_virtual_includes/protobuf/google/protobuf/descriptor.pb.h:18861:13: note: declared here
2026-10-07T02:20:14.1516269Z 18861 | inline bool FieldOptions::weak() const {
2026-10-07T02:20:14.1516681Z       |             ^~~~~~~~~~~~
2026-10-07T02:20:14.1517653Z external/protobuf+/src/google/protobuf/descriptor.cc: In function 'google::protobuf::internal::cpp::HasbitMode google::protobuf::internal::cpp::GetFieldHasbitModeWithoutProfile(const google::protobuf::FieldDescriptor*)':
2026-10-07T02:20:14.1519061Z external/protobuf+/src/google/protobuf/descriptor.cc:10700:62: warning: 'bool google::protobuf::FieldOptions::weak() const' is deprecated [-Wdeprecated-declarations]
2026-10-07T02:20:14.1519949Z 10700 |   if (field->real_containing_oneof() || field->options().weak() ||
2026-10-07T02:20:14.1520447Z       |                                         ~~~~~~~~~~~~~~~~~~~~~^~
2026-10-07T02:20:14.1521284Z bazel-out/k8-opt-exec-ST-d57f47055a04/bin/external/protobuf+/src/google/protobuf/_virtual_includes/protobuf/google/protobuf/descriptor.pb.h:18861:13: note: declared here
2026-10-07T02:20:14.1522151Z 18861 | inline bool FieldOptions::weak() const {
2026-10-07T02:20:14.1522858Z       |             ^~~~~~~~~~~~
2026-10-07T02:20:15.6973534Z [844 / 944] Compiling src/google/protobuf/generated_message_reflection.cc; 5s processwrapper-sandbox ... (4 actions running)
2026-10-07T02:20:18.0883634Z INFO: From Compiling src/google/protobuf/compiler/cpp/tracker.cc [for tool]:
2026-10-07T02:20:18.0940181Z In file included from external/protobuf+/src/google/protobuf/compiler/cpp/tracker.cc:20:
2026-10-07T02:20:18.0994477Z bazel-out/k8-opt-exec-ST-d57f47055a04/bin/external/protobuf+/src/google/protobuf/compiler/cpp/_virtual_includes/names_internal/google/protobuf/compiler/cpp/helpers.h: In function 'bool google::protobuf::compiler::cpp::IsWeak(const google::protobuf::FieldDescriptor*, const Options&)':
2026-10-07T02:20:18.1033795Z bazel-out/k8-opt-exec-ST-d57f47055a04/bin/external/protobuf+/src/google/protobuf/compiler/cpp/_virtual_includes/names_internal/google/protobuf/compiler/cpp/helpers.h:347:28: warning: 'bool google::protobuf::FieldOptions::weak() const' is deprecated [-Wdeprecated-declarations]
2026-10-07T02:20:18.1073057Z   347 |   if (field->options().weak()) {
2026-10-07T02:20:18.1107994Z       |       ~~~~~~~~~~~~~~~~~~~~~^~
2026-10-07T02:20:18.1134073Z In file included from bazel-out/k8-opt-exec-ST-d57f47055a04/bin/external/protobuf+/src/google/protobuf/compiler/_virtual_includes/code_generator_lite/google/protobuf/compiler/code_generator_lite.h:18,
2026-10-07T02:20:18.1164894Z                  from bazel-out/k8-opt-exec-ST-d57f47055a04/bin/external/protobuf+/src/google/protobuf/compiler/_virtual_includes/code_generator/google/protobuf/compiler/code_generator.h:25,
2026-10-07T02:20:18.1170484Z                  from bazel-out/k8-opt-exec-ST-d57f47055a04/bin/external/protobuf+/src/google/protobuf/compiler/cpp/_virtual_includes/names_internal/google/protobuf/compiler/cpp/helpers.h:29:
2026-10-07T02:20:18.1171885Z bazel-out/k8-opt-exec-ST-d57f47055a04/bin/external/protobuf+/src/google/protobuf/_virtual_includes/protobuf/google/protobuf/descriptor.pb.h:18861:13: note: declared here
2026-10-07T02:20:18.1173040Z 18861 | inline bool FieldOptions::weak() const {
2026-10-07T02:20:18.1173442Z       |             ^~~~~~~~~~~~
2026-10-07T02:20:18.1174074Z [845 / 944] Compiling src/google/protobuf/generated_message_reflection.cc; 8s processwrapper-sandbox ... (4 actions, 3 running)
2026-10-07T02:20:18.1656350Z INFO: From Compiling src/google/protobuf/compiler/cpp/service.cc [for tool]:
2026-10-07T02:20:18.1673810Z In file included from external/protobuf+/src/google/protobuf/compiler/cpp/service.cc:17:
2026-10-07T02:20:18.1703726Z bazel-out/k8-opt-exec-ST-d57f47055a04/bin/external/protobuf+/src/google/protobuf/compiler/cpp/_virtual_includes/names_internal/google/protobuf/compiler/cpp/helpers.h: In function 'bool google::protobuf::compiler::cpp::IsWeak(const google::protobuf::FieldDescriptor*, const Options&)':
2026-10-07T02:20:18.1713813Z bazel-out/k8-opt-exec-ST-d57f47055a04/bin/external/protobuf+/src/google/protobuf/compiler/cpp/_virtual_includes/names_internal/google/protobuf/compiler/cpp/helpers.h:347:28: warning: 'bool google::protobuf::FieldOptions::weak() const' is deprecated [-Wdeprecated-declarations]
2026-10-07T02:20:18.1743147Z   347 |   if (field->options().weak()) {
2026-10-07T02:20:18.1772973Z       |       ~~~~~~~~~~~~~~~~~~~~~^~
2026-10-07T02:20:18.1774063Z In file included from bazel-out/k8-opt-exec-ST-d57f47055a04/bin/external/protobuf+/src/google/protobuf/compiler/_virtual_includes/code_generator_lite/google/protobuf/compiler/code_generator_lite.h:18,
2026-10-07T02:20:18.1803330Z                  from bazel-out/k8-opt-exec-ST-d57f47055a04/bin/external/protobuf+/src/google/protobuf/compiler/_virtual_includes/code_generator/google/protobuf/compiler/code_generator.h:25,
2026-10-07T02:20:18.1833333Z                  from bazel-out/k8-opt-exec-ST-d57f47055a04/bin/external/protobuf+/src/google/protobuf/compiler/cpp/_virtual_includes/names_internal/google/protobuf/compiler/cpp/helpers.h:29:
2026-10-07T02:20:18.1858762Z bazel-out/k8-opt-exec-ST-d57f47055a04/bin/external/protobuf+/src/google/protobuf/_virtual_includes/protobuf/google/protobuf/descriptor.pb.h:18861:13: note: declared here
2026-10-07T02:20:18.1862894Z 18861 | inline bool FieldOptions::weak() const {
2026-10-07T02:20:18.1892760Z       |             ^~~~~~~~~~~~
2026-10-07T02:20:18.9783627Z INFO: From Compiling src/google/protobuf/generated_message_reflection.cc:
2026-10-07T02:20:18.9813543Z In file included from external/protobuf+/src/google/protobuf/generated_message_reflection.cc:51:
2026-10-07T02:20:18.9840164Z bazel-out/k8-opt/bin/external/protobuf+/src/google/protobuf/_virtual_includes/protobuf/google/protobuf/map_field.h: In constructor 'google::protobuf::internal::MapFieldBase::ReflectionPayload::ReflectionPayload(google::protobuf::Arena*, const google::protobuf::Message*)':
2026-10-07T02:20:18.9874135Z bazel-out/k8-opt/bin/external/protobuf+/src/google/protobuf/_virtual_includes/protobuf/google/protobuf/map_field.h:416:11: warning: 'google::protobuf::RepeatedPtrField<T>::RepeatedPtrField(google::protobuf::Arena*) [with Element = google::protobuf::Message]' is deprecated: Use Arena::Create<RepeatedPtrField<...>>(Arena*) instead [-Wdeprecated-declarations]
2026-10-07T02:20:18.9882984Z   416 |         : repeated_field_(arena), prototype_(prototype) {}
2026-10-07T02:20:18.9912741Z       |           ^~~~~~~~~~~~~~~~~~~~~~
2026-10-07T02:20:18.9934769Z In file included from bazel-out/k8-opt/bin/external/protobuf+/src/google/protobuf/_virtual_includes/protobuf_lite/google/protobuf/repeated_field.h:46,
2026-10-07T02:20:18.9963396Z                  from bazel-out/k8-opt/bin/external/protobuf+/src/google/protobuf/_virtual_includes/protobuf_lite/google/protobuf/parse_context.h:39,
2026-10-07T02:20:18.9993450Z                  from bazel-out/k8-opt/bin/external/protobuf+/src/google/protobuf/_virtual_includes/protobuf_lite/google/protobuf/generated_message_tctable_decl.h:25,
2026-10-07T02:20:19.0023343Z                  from bazel-out/k8-opt/bin/external/protobuf+/src/google/protobuf/_virtual_includes/protobuf_lite/google/protobuf/extension_set.h:40,
2026-10-07T02:20:19.0053248Z                  from bazel-out/k8-opt/bin/external/protobuf+/src/google/protobuf/_virtual_includes/protobuf/google/protobuf/descriptor.h:56,
2026-10-07T02:20:19.0083253Z                  from bazel-out/k8-opt/bin/external/protobuf+/src/google/protobuf/_virtual_includes/protobuf/google/protobuf/generated_message_reflection.h:26,
2026-10-07T02:20:19.0113551Z                  from external/protobuf+/src/google/protobuf/generated_message_reflection.cc:12:
2026-10-07T02:20:19.0114472Z bazel-out/k8-opt/bin/external/protobuf+/src/google/protobuf/_virtual_includes/protobuf_lite/google/protobuf/repeated_ptr_field.h:1380:8: note: declared here
2026-10-07T02:20:19.0142944Z  1380 | inline RepeatedPtrField<Element>::RepeatedPtrField(Arena* arena)
2026-10-07T02:20:19.0166222Z       |        ^~~~~~~~~~~~~~~~~~~~~~~~~
2026-10-07T02:20:19.0193488Z external/protobuf+/src/google/protobuf/generated_message_reflection.cc: In member function 'const google::protobuf::Message* google::protobuf::Reflection::GetDefaultMessageInstance(const google::protobuf::FieldDescriptor*) const':
2026-10-07T02:20:19.0223396Z external/protobuf+/src/google/protobuf/generated_message_reflection.cc:2526:55: warning: 'bool google::protobuf::FieldOptions::weak() const' is deprecated [-Wdeprecated-declarations]
2026-10-07T02:20:19.0232958Z  2526 |   if (!field->is_extension() && !field->options().weak() &&
2026-10-07T02:20:19.0253008Z       |                                  ~~~~~~~~~~~~~~~~~~~~~^~
2026-10-07T02:20:19.0283106Z In file included from external/protobuf+/src/google/protobuf/generated_message_reflection.cc:41:
2026-10-07T02:20:19.0313235Z bazel-out/k8-opt/bin/external/protobuf+/src/google/protobuf/_virtual_includes/protobuf/google/protobuf/descriptor.pb.h:18861:13: note: declared here
2026-10-07T02:20:19.0322808Z 18861 | inline bool FieldOptions::weak() const {
2026-10-07T02:20:19.0342837Z       |             ^~~~~~~~~~~~
2026-10-07T02:20:19.0372937Z In file included from external/abseil-cpp+/absl/log/internal/check_impl.h:20,
2026-10-07T02:20:19.0382795Z                  from external/abseil-cpp+/absl/log/absl_check.h:38,
2026-10-07T02:20:19.0403220Z                  from bazel-out/k8-opt/bin/external/protobuf+/src/google/protobuf/_virtual_includes/protobuf/google/protobuf/generated_message_reflection.h:25:
2026-10-07T02:20:19.0433509Z external/protobuf+/src/google/protobuf/generated_message_reflection.cc: In member function 'bool google::protobuf::Reflection::HasFieldWithHasbits(const google::protobuf::Message&, const google::protobuf::FieldDescriptor*) const':
2026-10-07T02:20:19.0463389Z external/protobuf+/src/google/protobuf/generated_message_reflection.cc:3290:37: warning: 'bool google::protobuf::FieldOptions::weak() const' is deprecated [-Wdeprecated-declarations]
2026-10-07T02:20:19.0472724Z  3290 |   ABSL_DCHECK(!field->options().weak());
2026-10-07T02:20:19.0492837Z       |                ~~~~~~~~~~~~~~~~~~~~~^~
2026-10-07T02:20:19.0523055Z external/abseil-cpp+/absl/log/internal/conditions.h:68:7: note: in definition of macro 'ABSL_LOG_INTERNAL_STATELESS_CONDITION'
2026-10-07T02:20:19.0552874Z    68 |     !(condition) ? (void)0 : ::absl::log_internal::Voidify() &&
2026-10-07T02:20:19.0562661Z       |       ^~~~~~~~~
2026-10-07T02:20:19.0583225Z external/abseil-cpp+/absl/log/internal/check_impl.h:26:3: note: in expansion of macro 'ABSL_LOG_INTERNAL_CONDITION_FATAL'
2026-10-07T02:20:19.0612889Z    26 |   ABSL_LOG_INTERNAL_CONDITION_FATAL(STATELESS,                        \
2026-10-07T02:20:19.0642744Z       |   ^~~~~~~~~~~~~~~~~~~~~~~~~~~~~~~~~
2026-10-07T02:20:19.0643405Z external/abseil-cpp+/absl/log/internal/check_impl.h:27:37: note: in expansion of macro 'ABSL_PREDICT_FALSE'
2026-10-07T02:20:19.0672885Z    27 |                                     ABSL_PREDICT_FALSE(!(condition))) \
2026-10-07T02:20:19.0702771Z       |                                     ^~~~~~~~~~~~~~~~~~
2026-10-07T02:20:19.0712926Z external/abseil-cpp+/absl/log/internal/check_impl.h:43:3: note: in expansion of macro 'ABSL_LOG_INTERNAL_CHECK_IMPL'
2026-10-07T02:20:19.0732866Z    43 |   ABSL_LOG_INTERNAL_CHECK_IMPL(true || (condition), "true")
2026-10-07T02:20:19.0762776Z       |   ^~~~~~~~~~~~~~~~~~~~~~~~~~~~
2026-10-07T02:20:19.0793000Z external/abseil-cpp+/absl/log/absl_check.h:47:3: note: in expansion of macro 'ABSL_LOG_INTERNAL_DCHECK_IMPL'
2026-10-07T02:20:19.0802731Z    47 |   ABSL_LOG_INTERNAL_DCHECK_IMPL((condition), #condition)
2026-10-07T02:20:19.0823325Z       |   ^~~~~~~~~~~~~~~~~~~~~~~~~~~~~
2026-10-07T02:20:19.0853111Z external/protobuf+/src/google/protobuf/generated_message_reflection.cc:3290:3: note: in expansion of macro 'ABSL_DCHECK'
2026-10-07T02:20:19.0862716Z  3290 |   ABSL_DCHECK(!field->options().weak());
2026-10-07T02:20:19.0882806Z       |   ^~~~~~~~~~~
2026-10-07T02:20:19.0913243Z bazel-out/k8-opt/bin/external/protobuf+/src/google/protobuf/_virtual_includes/protobuf/google/protobuf/descriptor.pb.h:18861:13: note: declared here
2026-10-07T02:20:19.0942914Z 18861 | inline bool FieldOptions::weak() const {
2026-10-07T02:20:19.0952669Z       |             ^~~~~~~~~~~~
2026-10-07T02:20:19.0973455Z external/protobuf+/src/google/protobuf/generated_message_reflection.cc: In member function 'void google::protobuf::Reflection::SetHasBit(google::protobuf::Message*, const google::protobuf::FieldDescriptor*) const':
2026-10-07T02:20:19.1003245Z external/protobuf+/src/google/protobuf/generated_message_reflection.cc:3323:37: warning: 'bool google::protobuf::FieldOptions::weak() const' is deprecated [-Wdeprecated-declarations]
2026-10-07T02:20:19.1032977Z  3323 |   ABSL_DCHECK(!field->options().weak());
2026-10-07T02:20:19.1042746Z       |                ~~~~~~~~~~~~~~~~~~~~~^~
2026-10-07T02:20:19.1063221Z external/abseil-cpp+/absl/log/internal/conditions.h:68:7: note: in definition of macro 'ABSL_LOG_INTERNAL_STATELESS_CONDITION'
2026-10-07T02:20:19.1093108Z    68 |     !(condition) ? (void)0 : ::absl::log_internal::Voidify() &&
2026-10-07T02:20:19.1120958Z       |       ^~~~~~~~~
2026-10-07T02:20:19.1133046Z external/abseil-cpp+/absl/log/internal/check_impl.h:26:3: note: in expansion of macro 'ABSL_LOG_INTERNAL_CONDITION_FATAL'
2026-10-07T02:20:19.1162876Z    26 |   ABSL_LOG_INTERNAL_CONDITION_FATAL(STATELESS,                        \
2026-10-07T02:20:19.1182757Z       |   ^~~~~~~~~~~~~~~~~~~~~~~~~~~~~~~~~
2026-10-07T02:20:19.1212966Z external/abseil-cpp+/absl/log/internal/check_impl.h:27:37: note: in expansion of macro 'ABSL_PREDICT_FALSE'
2026-10-07T02:20:19.1242790Z    27 |                                     ABSL_PREDICT_FALSE(!(condition))) \
2026-10-07T02:20:19.1272736Z       |                                     ^~~~~~~~~~~~~~~~~~
2026-10-07T02:20:19.1302990Z external/abseil-cpp+/absl/log/internal/check_impl.h:43:3: note: in expansion of macro 'ABSL_LOG_INTERNAL_CHECK_IMPL'
2026-10-07T02:20:19.1330544Z    43 |   ABSL_LOG_INTERNAL_CHECK_IMPL(true || (condition), "true")
2026-10-07T02:20:19.1342725Z       |   ^~~~~~~~~~~~~~~~~~~~~~~~~~~~
2026-10-07T02:20:19.1372971Z external/abseil-cpp+/absl/log/absl_check.h:47:3: note: in expansion of macro 'ABSL_LOG_INTERNAL_DCHECK_IMPL'
2026-10-07T02:20:19.1374041Z    47 |   ABSL_LOG_INTERNAL_DCHECK_IMPL((condition), #condition)
2026-10-07T02:20:19.1374364Z       |   ^~~~~~~~~~~~~~~~~~~~~~~~~~~~~
2026-10-07T02:20:19.1374895Z external/protobuf+/src/google/protobuf/generated_message_reflection.cc:3323:3: note: in expansion of macro 'ABSL_DCHECK'
2026-10-07T02:20:19.1375454Z  3323 |   ABSL_DCHECK(!field->options().weak());
2026-10-07T02:20:19.1375732Z       |   ^~~~~~~~~~~
2026-10-07T02:20:19.1376309Z bazel-out/k8-opt/bin/external/protobuf+/src/google/protobuf/_virtual_includes/protobuf/google/protobuf/descriptor.pb.h:18861:13: note: declared here
2026-10-07T02:20:19.1376992Z 18861 | inline bool FieldOptions::weak() const {
2026-10-07T02:20:19.1377275Z       |             ^~~~~~~~~~~~
2026-10-07T02:20:19.1378094Z external/protobuf+/src/google/protobuf/generated_message_reflection.cc: In member function 'void google::protobuf::Reflection::ClearHasBit(google::protobuf::Message*, const google::protobuf::FieldDescriptor*) const':
2026-10-07T02:20:19.1379394Z external/protobuf+/src/google/protobuf/generated_message_reflection.cc:3332:37: warning: 'bool google::protobuf::FieldOptions::weak() const' is deprecated [-Wdeprecated-declarations]
2026-10-07T02:20:19.1380131Z  3332 |   ABSL_DCHECK(!field->options().weak());
2026-10-07T02:20:19.1380411Z       |                ~~~~~~~~~~~~~~~~~~~~~^~
2026-10-07T02:20:19.1381083Z external/abseil-cpp+/absl/log/internal/conditions.h:68:7: note: in definition of macro 'ABSL_LOG_INTERNAL_STATELESS_CONDITION'
2026-10-07T02:20:19.1381687Z    68 |     !(condition) ? (void)0 : ::absl::log_internal::Voidify() &&
2026-10-07T02:20:19.1382004Z       |       ^~~~~~~~~
2026-10-07T02:20:19.1382645Z external/abseil-cpp+/absl/log/internal/check_impl.h:26:3: note: in expansion of macro 'ABSL_LOG_INTERNAL_CONDITION_FATAL'
2026-10-07T02:20:19.1412778Z    26 |   ABSL_LOG_INTERNAL_CONDITION_FATAL(STATELESS,                        \
2026-10-07T02:20:19.1442668Z       |   ^~~~~~~~~~~~~~~~~~~~~~~~~~~~~~~~~
2026-10-07T02:20:19.1472952Z external/abseil-cpp+/absl/log/internal/check_impl.h:27:37: note: in expansion of macro 'ABSL_PREDICT_FALSE'
2026-10-07T02:20:19.1502782Z    27 |                                     ABSL_PREDICT_FALSE(!(condition))) \
2026-10-07T02:20:19.1532713Z       |                                     ^~~~~~~~~~~~~~~~~~
2026-10-07T02:20:19.1553364Z external/abseil-cpp+/absl/log/internal/check_impl.h:43:3: note: in expansion of macro 'ABSL_LOG_INTERNAL_CHECK_IMPL'
2026-10-07T02:20:19.1592817Z    43 |   ABSL_LOG_INTERNAL_CHECK_IMPL(true || (condition), "true")
2026-10-07T02:20:19.1622769Z       |   ^~~~~~~~~~~~~~~~~~~~~~~~~~~~
2026-10-07T02:20:19.1653018Z external/abseil-cpp+/absl/log/absl_check.h:47:3: note: in expansion of macro 'ABSL_LOG_INTERNAL_DCHECK_IMPL'
2026-10-07T02:20:19.1682826Z    47 |   ABSL_LOG_INTERNAL_DCHECK_IMPL((condition), #condition)
2026-10-07T02:20:19.1713043Z       |   ^~~~~~~~~~~~~~~~~~~~~~~~~~~~~
2026-10-07T02:20:19.1743110Z external/protobuf+/src/google/protobuf/generated_message_reflection.cc:3332:3: note: in expansion of macro 'ABSL_DCHECK'
2026-10-07T02:20:19.1772820Z  3332 |   ABSL_DCHECK(!field->options().weak());
2026-10-07T02:20:19.1802750Z       |   ^~~~~~~~~~~
2026-10-07T02:20:19.1833149Z bazel-out/k8-opt/bin/external/protobuf+/src/google/protobuf/_virtual_includes/protobuf/google/protobuf/descriptor.pb.h:18861:13: note: declared here
2026-10-07T02:20:19.1842892Z 18861 | inline bool FieldOptions::weak() const {
2026-10-07T02:20:19.1892761Z       |             ^~~~~~~~~~~~
2026-10-07T02:20:19.1913603Z external/protobuf+/src/google/protobuf/generated_message_reflection.cc: In member function 'void google::protobuf::Reflection::NaiveSwapHasBit(google::protobuf::Message*, google::protobuf::Message*, const google::protobuf::FieldDescriptor*) const':
2026-10-07T02:20:19.1933249Z external/protobuf+/src/google/protobuf/generated_message_reflection.cc:3341:37: warning: 'bool google::protobuf::FieldOptions::weak() const' is deprecated [-Wdeprecated-declarations]
2026-10-07T02:20:19.1934534Z  3341 |   ABSL_DCHECK(!field->options().weak());
2026-10-07T02:20:19.1934830Z       |                ~~~~~~~~~~~~~~~~~~~~~^~
2026-10-07T02:20:19.1935422Z external/abseil-cpp+/absl/log/internal/conditions.h:68:7: note: in definition of macro 'ABSL_LOG_INTERNAL_STATELESS_CONDITION'
2026-10-07T02:20:19.1936066Z    68 |     !(condition) ? (void)0 : ::absl::log_internal::Voidify() &&
2026-10-07T02:20:19.1936415Z       |       ^~~~~~~~~
2026-10-07T02:20:19.1983165Z external/abseil-cpp+/absl/log/internal/check_impl.h:26:3: note: in expansion of macro 'ABSL_LOG_INTERNAL_CONDITION_FATAL'
2026-10-07T02:20:19.2012916Z    26 |   ABSL_LOG_INTERNAL_CONDITION_FATAL(STATELESS,                        \
2026-10-07T02:20:19.2042722Z       |   ^~~~~~~~~~~~~~~~~~~~~~~~~~~~~~~~~
2026-10-07T02:20:19.2072954Z external/abseil-cpp+/absl/log/internal/check_impl.h:27:37: note: in expansion of macro 'ABSL_PREDICT_FALSE'
2026-10-07T02:20:19.2102771Z    27 |                                     ABSL_PREDICT_FALSE(!(condition))) \
2026-10-07T02:20:19.2132731Z       |                                     ^~~~~~~~~~~~~~~~~~
2026-10-07T02:20:19.2163214Z external/abseil-cpp+/absl/log/internal/check_impl.h:43:3: note: in expansion of macro 'ABSL_LOG_INTERNAL_CHECK_IMPL'
2026-10-07T02:20:19.2192771Z    43 |   ABSL_LOG_INTERNAL_CHECK_IMPL(true || (condition), "true")
2026-10-07T02:20:19.2222669Z       |   ^~~~~~~~~~~~~~~~~~~~~~~~~~~~
2026-10-07T02:20:19.2253319Z external/abseil-cpp+/absl/log/absl_check.h:47:3: note: in expansion of macro 'ABSL_LOG_INTERNAL_DCHECK_IMPL'
2026-10-07T02:20:19.2282775Z    47 |   ABSL_LOG_INTERNAL_DCHECK_IMPL((condition), #condition)
2026-10-07T02:20:19.2312711Z       |   ^~~~~~~~~~~~~~~~~~~~~~~~~~~~~
2026-10-07T02:20:19.2342981Z external/protobuf+/src/google/protobuf/generated_message_reflection.cc:3341:3: note: in expansion of macro 'ABSL_DCHECK'
2026-10-07T02:20:19.2372741Z  3341 |   ABSL_DCHECK(!field->options().weak());
2026-10-07T02:20:19.2402712Z       |   ^~~~~~~~~~~
2026-10-07T02:20:19.2433115Z bazel-out/k8-opt/bin/external/protobuf+/src/google/protobuf/_virtual_includes/protobuf/google/protobuf/descriptor.pb.h:18861:13: note: declared here
2026-10-07T02:20:19.2463056Z 18861 | inline bool FieldOptions::weak() const {
2026-10-07T02:20:19.2492726Z       |             ^~~~~~~~~~~~
2026-10-07T02:20:19.2525118Z bazel-out/k8-opt/bin/external/protobuf+/src/google/protobuf/_virtual_includes/protobuf/google/protobuf/reflection_visit_fields.h: In instantiation of 'static void google::protobuf::internal::ReflectionVisit::VisitFields(MessageT&, CallbackFn&&, google::protobuf::internal::FieldMask) [with MessageT = google::protobuf::Message; CallbackFn = google::protobuf::internal::ReflectionVisit::VisitMessageFields<google::protobuf::Reflection::MaybePoisonAfterClear(google::protobuf::Message&) const::<lambda(google::protobuf::Message&)> >(google::protobuf::Message&, google::protobuf::Reflection::MaybePoisonAfterClear(google::protobuf::Message&) const::<lambda(google::protobuf::Message&)>&&)::<lambda(auto:42)>]':
2026-10-07T02:20:19.2554086Z bazel-out/k8-opt/bin/external/protobuf+/src/google/protobuf/_virtual_includes/protobuf/google/protobuf/reflection_visit_fields.h:447:31:   required from 'static void google::protobuf::internal::ReflectionVisit::VisitMessageFields(google::protobuf::Message&, CallbackFn&&) [with CallbackFn = google::protobuf::Reflection::MaybePoisonAfterClear(google::protobuf::Message&) const::<lambda(google::protobuf::Message&)>]'
2026-10-07T02:20:19.2584173Z bazel-out/k8-opt/bin/external/protobuf+/src/google/protobuf/_virtual_includes/protobuf/google/protobuf/reflection_visit_fields.h:502:38:   required from 'void google::protobuf::internal::VisitMutableMessageFields(google::protobuf::Message&, CallbackFn&&) [with CallbackFn = google::protobuf::Reflection::MaybePoisonAfterClear(google::protobuf::Message&) const::<lambda(google::protobuf::Message&)>]'
2026-10-07T02:20:19.2613129Z external/protobuf+/src/google/protobuf/generated_message_reflection.cc:1390:40:   required from here
2026-10-07T02:20:19.2643778Z bazel-out/k8-opt/bin/external/protobuf+/src/google/protobuf/_virtual_includes/protobuf/google/protobuf/reflection_visit_fields.h:109:39: warning: 'bool google::protobuf::FieldOptions::weak() const' is deprecated [-Wdeprecated-declarations]
2026-10-07T02:20:19.2673023Z   109 |     ABSL_DCHECK(!field->options().weak()) << "weak fields are not supported";
2026-10-07T02:20:19.2702951Z       |                  ~~~~~~~~~~~~~~~~~~~~~^~
2026-10-07T02:20:19.2753348Z external/abseil-cpp+/absl/log/internal/conditions.h:68:7: note: in definition of macro 'ABSL_LOG_INTERNAL_STATELESS_CONDITION'
2026-10-07T02:20:19.2762978Z    68 |     !(condition) ? (void)0 : ::absl::log_internal::Voidify() &&
2026-10-07T02:20:19.2792839Z       |       ^~~~~~~~~
2026-10-07T02:20:19.2793394Z external/abseil-cpp+/absl/log/internal/check_impl.h:26:3: note: in expansion of macro 'ABSL_LOG_INTERNAL_CONDITION_FATAL'
2026-10-07T02:20:19.2794020Z    26 |   ABSL_LOG_INTERNAL_CONDITION_FATAL(STATELESS,                        \
2026-10-07T02:20:19.2794437Z       |   ^~~~~~~~~~~~~~~~~~~~~~~~~~~~~~~~~
2026-10-07T02:20:19.2794921Z external/abseil-cpp+/absl/log/internal/check_impl.h:27:37: note: in expansion of macro 'ABSL_PREDICT_FALSE'
2026-10-07T02:20:19.2795452Z    27 |                                     ABSL_PREDICT_FALSE(!(condition))) \
2026-10-07T02:20:19.2795783Z       |                                     ^~~~~~~~~~~~~~~~~~
2026-10-07T02:20:19.2796754Z external/abseil-cpp+/absl/log/internal/check_impl.h:43:3: note: in expansion of macro 'ABSL_LOG_INTERNAL_CHECK_IMPL'
2026-10-07T02:20:19.2797381Z    43 |   ABSL_LOG_INTERNAL_CHECK_IMPL(true || (condition), "true")
2026-10-07T02:20:19.2797712Z       |   ^~~~~~~~~~~~~~~~~~~~~~~~~~~~
2026-10-07T02:20:19.2798164Z external/abseil-cpp+/absl/log/absl_check.h:47:3: note: in expansion of macro 'ABSL_LOG_INTERNAL_DCHECK_IMPL'
2026-10-07T02:20:19.2798696Z    47 |   ABSL_LOG_INTERNAL_DCHECK_IMPL((condition), #condition)
2026-10-07T02:20:19.2799020Z       |   ^~~~~~~~~~~~~~~~~~~~~~~~~~~~~
2026-10-07T02:20:19.2799770Z bazel-out/k8-opt/bin/external/protobuf+/src/google/protobuf/_virtual_includes/protobuf/google/protobuf/reflection_visit_fields.h:109:5: note: in expansion of macro 'ABSL_DCHECK'
2026-10-07T02:20:19.2800754Z   109 |     ABSL_DCHECK(!field->options().weak()) << "weak fields are not supported";
2026-10-07T02:20:19.2822795Z       |     ^~~~~~~~~~~
2026-10-07T02:20:19.2823499Z bazel-out/k8-opt/bin/external/protobuf+/src/google/protobuf/_virtual_includes/protobuf/google/protobuf/descriptor.pb.h:18861:13: note: declared here
2026-10-07T02:20:19.2824206Z 18861 | inline bool FieldOptions::weak() const {
2026-10-07T02:20:19.2824496Z       |             ^~~~~~~~~~~~
2026-10-07T02:20:19.2825380Z bazel-out/k8-opt/bin/external/protobuf+/src/google/protobuf/_virtual_includes/protobuf/google/protobuf/reflection_visit_fields.h:109:39: warning: 'bool google::protobuf::FieldOptions::weak() const' is deprecated [-Wdeprecated-declarations]
2026-10-07T02:20:19.2826430Z   109 |     ABSL_DCHECK(!field->options().weak()) << "weak fields are not supported";
2026-10-07T02:20:19.2826830Z       |                  ~~~~~~~~~~~~~~~~~~~~~^~
2026-10-07T02:20:19.2827366Z external/abseil-cpp+/absl/log/internal/conditions.h:68:7: note: in definition of macro 'ABSL_LOG_INTERNAL_STATELESS_CONDITION'
2026-10-07T02:20:19.2827979Z    68 |     !(condition) ? (void)0 : ::absl::log_internal::Voidify() &&
2026-10-07T02:20:19.2828310Z       |       ^~~~~~~~~
2026-10-07T02:20:19.2828763Z external/abseil-cpp+/absl/log/internal/check_impl.h:26:3: note: in expansion of macro 'ABSL_LOG_INTERNAL_CONDITION_FATAL'
2026-10-07T02:20:19.2829325Z    26 |   ABSL_LOG_INTERNAL_CONDITION_FATAL(STATELESS,                        \
2026-10-07T02:20:19.2829687Z       |   ^~~~~~~~~~~~~~~~~~~~~~~~~~~~~~~~~
2026-10-07T02:20:19.2830169Z external/abseil-cpp+/absl/log/internal/check_impl.h:27:37: note: in expansion of macro 'ABSL_PREDICT_FALSE'
2026-10-07T02:20:19.2830686Z    27 |                                     ABSL_PREDICT_FALSE(!(condition))) \
2026-10-07T02:20:19.2831073Z       |                                     ^~~~~~~~~~~~~~~~~~
2026-10-07T02:20:19.2863033Z external/abseil-cpp+/absl/log/internal/check_impl.h:43:3: note: in expansion of macro 'ABSL_LOG_INTERNAL_CHECK_IMPL'
2026-10-07T02:20:19.2892833Z    43 |   ABSL_LOG_INTERNAL_CHECK_IMPL(true || (condition), "true")
2026-10-07T02:20:19.2922799Z       |   ^~~~~~~~~~~~~~~~~~~~~~~~~~~~
2026-10-07T02:20:19.2953152Z external/abseil-cpp+/absl/log/absl_check.h:47:3: note: in expansion of macro 'ABSL_LOG_INTERNAL_DCHECK_IMPL'
2026-10-07T02:20:19.2983004Z    47 |   ABSL_LOG_INTERNAL_DCHECK_IMPL((condition), #condition)
2026-10-07T02:20:19.3012843Z       |   ^~~~~~~~~~~~~~~~~~~~~~~~~~~~~
2026-10-07T02:20:19.3043449Z bazel-out/k8-opt/bin/external/protobuf+/src/google/protobuf/_virtual_includes/protobuf/google/protobuf/reflection_visit_fields.h:109:5: note: in expansion of macro 'ABSL_DCHECK'
2026-10-07T02:20:19.3073029Z   109 |     ABSL_DCHECK(!field->options().weak()) << "weak fields are not supported";
2026-10-07T02:20:19.3102910Z       |     ^~~~~~~~~~~
2026-10-07T02:20:19.3131947Z bazel-out/k8-opt/bin/external/protobuf+/src/google/protobuf/_virtual_includes/protobuf/google/protobuf/descriptor.pb.h:18861:13: note: declared here
2026-10-07T02:20:19.3172991Z 18861 | inline bool FieldOptions::weak() const {
2026-10-07T02:20:19.3202814Z       |             ^~~~~~~~~~~~
2026-10-07T02:20:19.7163837Z [847 / 944] Compiling src/google/protobuf/compiler/cpp/message.cc [for tool]; 9s processwrapper-sandbox ... (4 actions running)
2026-10-07T02:20:20.6993971Z [849 / 944] Compiling src/google/protobuf/compiler/cpp/message.cc [for tool]; 10s processwrapper-sandbox ... (4 actions running)
2026-10-07T02:20:23.7251673Z [850 / 944] Compiling src/google/protobuf/compiler/cpp/message.cc [for tool]; 13s processwrapper-sandbox ... (4 actions, 3 running)
2026-10-07T02:20:23.9213649Z INFO: From Compiling src/google/protobuf/compiler/cpp/parse_function_generator.cc [for tool]:
2026-10-07T02:20:23.9216292Z In file included from bazel-out/k8-opt-exec-ST-d57f47055a04/bin/external/protobuf+/src/google/protobuf/compiler/cpp/_virtual_includes/cpp/google/protobuf/compiler/cpp/parse_function_generator.h:18,
2026-10-07T02:20:23.9243135Z                  from external/protobuf+/src/google/protobuf/compiler/cpp/parse_function_generator.cc:8:
2026-10-07T02:20:23.9283701Z bazel-out/k8-opt-exec-ST-d57f47055a04/bin/external/protobuf+/src/google/protobuf/compiler/cpp/_virtual_includes/names_internal/google/protobuf/compiler/cpp/helpers.h: In function 'bool google::protobuf::compiler::cpp::IsWeak(const google::protobuf::FieldDescriptor*, const Options&)':
2026-10-07T02:20:23.9303711Z bazel-out/k8-opt-exec-ST-d57f47055a04/bin/external/protobuf+/src/google/protobuf/compiler/cpp/_virtual_includes/names_internal/google/protobuf/compiler/cpp/helpers.h:347:28: warning: 'bool google::protobuf::FieldOptions::weak() const' is deprecated [-Wdeprecated-declarations]
2026-10-07T02:20:23.9353065Z   347 |   if (field->options().weak()) {
2026-10-07T02:20:23.9413429Z       |       ~~~~~~~~~~~~~~~~~~~~~^~
2026-10-07T02:20:23.9453470Z In file included from bazel-out/k8-opt-exec-ST-d57f47055a04/bin/external/protobuf+/src/google/protobuf/compiler/_virtual_includes/code_generator_lite/google/protobuf/compiler/code_generator_lite.h:18,
2026-10-07T02:20:23.9484535Z                  from bazel-out/k8-opt-exec-ST-d57f47055a04/bin/external/protobuf+/src/google/protobuf/compiler/_virtual_includes/code_generator/google/protobuf/compiler/code_generator.h:25,
2026-10-07T02:20:23.9496848Z                  from bazel-out/k8-opt-exec-ST-d57f47055a04/bin/external/protobuf+/src/google/protobuf/compiler/cpp/_virtual_includes/names_internal/google/protobuf/compiler/cpp/helpers.h:29:
2026-10-07T02:20:23.9513396Z bazel-out/k8-opt-exec-ST-d57f47055a04/bin/external/protobuf+/src/google/protobuf/_virtual_includes/protobuf/google/protobuf/descriptor.pb.h:18861:13: note: declared here
2026-10-07T02:20:23.9514193Z 18861 | inline bool FieldOptions::weak() const {
2026-10-07T02:20:23.9514484Z       |             ^~~~~~~~~~~~
2026-10-07T02:20:24.1223726Z INFO: From Compiling src/google/protobuf/compiler/cpp/message_layout_helper.cc [for tool]:
2026-10-07T02:20:24.1283888Z In file included from bazel-out/k8-opt-exec-ST-d57f47055a04/bin/external/protobuf+/src/google/protobuf/compiler/cpp/_virtual_includes/cpp/google/protobuf/compiler/cpp/message_layout_helper.h:20,
2026-10-07T02:20:24.1293438Z                  from external/protobuf+/src/google/protobuf/compiler/cpp/message_layout_helper.cc:1:
2026-10-07T02:20:24.1314110Z bazel-out/k8-opt-exec-ST-d57f47055a04/bin/external/protobuf+/src/google/protobuf/compiler/cpp/_virtual_includes/names_internal/google/protobuf/compiler/cpp/helpers.h: In function 'bool google::protobuf::compiler::cpp::IsWeak(const google::protobuf::FieldDescriptor*, const Options&)':
2026-10-07T02:20:24.1363915Z bazel-out/k8-opt-exec-ST-d57f47055a04/bin/external/protobuf+/src/google/protobuf/compiler/cpp/_virtual_includes/names_internal/google/protobuf/compiler/cpp/helpers.h:347:28: warning: 'bool google::protobuf::FieldOptions::weak() const' is deprecated [-Wdeprecated-declarations]
2026-10-07T02:20:24.1386129Z   347 |   if (field->options().weak()) {
2026-10-07T02:20:24.1416416Z       |       ~~~~~~~~~~~~~~~~~~~~~^~
2026-10-07T02:20:24.1450224Z In file included from bazel-out/k8-opt-exec-ST-d57f47055a04/bin/external/protobuf+/src/google/protobuf/compiler/_virtual_includes/code_generator_lite/google/protobuf/compiler/code_generator_lite.h:18,
2026-10-07T02:20:24.1479710Z                  from bazel-out/k8-opt-exec-ST-d57f47055a04/bin/external/protobuf+/src/google/protobuf/compiler/_virtual_includes/code_generator/google/protobuf/compiler/code_generator.h:25,
2026-10-07T02:20:24.1503412Z                  from bazel-out/k8-opt-exec-ST-d57f47055a04/bin/external/protobuf+/src/google/protobuf/compiler/cpp/_virtual_includes/names_internal/google/protobuf/compiler/cpp/helpers.h:29:
2026-10-07T02:20:24.1523432Z bazel-out/k8-opt-exec-ST-d57f47055a04/bin/external/protobuf+/src/google/protobuf/_virtual_includes/protobuf/google/protobuf/descriptor.pb.h:18861:13: note: declared here
2026-10-07T02:20:24.1562945Z 18861 | inline bool FieldOptions::weak() const {
2026-10-07T02:20:24.1582811Z       |             ^~~~~~~~~~~~
2026-10-07T02:20:24.9533895Z [853 / 944] Compiling src/google/protobuf/compiler/cpp/message.cc [for tool]; 14s processwrapper-sandbox ... (4 actions, 3 running)
2026-10-07T02:20:26.1324060Z [856 / 944] Compiling src/google/protobuf/compiler/cpp/message.cc [for tool]; 15s processwrapper-sandbox ... (4 actions, 3 running)
2026-10-07T02:20:26.1417774Z INFO: From Compiling src/google/protobuf/compiler/cpp/message.cc [for tool]:
2026-10-07T02:20:26.1464802Z In file included from bazel-out/k8-opt-exec-ST-d57f47055a04/bin/external/protobuf+/src/google/protobuf/compiler/cpp/_virtual_includes/cpp/google/protobuf/compiler/cpp/extension.h:19,
2026-10-07T02:20:26.1488419Z                  from bazel-out/k8-opt-exec-ST-d57f47055a04/bin/external/protobuf+/src/google/protobuf/compiler/cpp/_virtual_includes/cpp/google/protobuf/compiler/cpp/message.h:25,
2026-10-07T02:20:26.1490136Z                  from external/protobuf+/src/google/protobuf/compiler/cpp/message.cc:12:
2026-10-07T02:20:26.1491544Z bazel-out/k8-opt-exec-ST-d57f47055a04/bin/external/protobuf+/src/google/protobuf/compiler/cpp/_virtual_includes/names_internal/google/protobuf/compiler/cpp/helpers.h: In function 'bool google::protobuf::compiler::cpp::IsWeak(const google::protobuf::FieldDescriptor*, const Options&)':
2026-10-07T02:20:26.1493798Z bazel-out/k8-opt-exec-ST-d57f47055a04/bin/external/protobuf+/src/google/protobuf/compiler/cpp/_virtual_includes/names_internal/google/protobuf/compiler/cpp/helpers.h:347:28: warning: 'bool google::protobuf::FieldOptions::weak() const' is deprecated [-Wdeprecated-declarations]
2026-10-07T02:20:26.1495247Z   347 |   if (field->options().weak()) {
2026-10-07T02:20:26.1495672Z       |       ~~~~~~~~~~~~~~~~~~~~~^~
2026-10-07T02:20:26.1496750Z In file included from bazel-out/k8-opt-exec-ST-d57f47055a04/bin/external/protobuf+/src/google/protobuf/compiler/_virtual_includes/code_generator_lite/google/protobuf/compiler/code_generator_lite.h:18,
2026-10-07T02:20:26.1498807Z                  from bazel-out/k8-opt-exec-ST-d57f47055a04/bin/external/protobuf+/src/google/protobuf/compiler/_virtual_includes/code_generator/google/protobuf/compiler/code_generator.h:25,
2026-10-07T02:20:26.1500424Z                  from bazel-out/k8-opt-exec-ST-d57f47055a04/bin/external/protobuf+/src/google/protobuf/compiler/cpp/_virtual_includes/names_internal/google/protobuf/compiler/cpp/helpers.h:29:
2026-10-07T02:20:26.1502003Z bazel-out/k8-opt-exec-ST-d57f47055a04/bin/external/protobuf+/src/google/protobuf/_virtual_includes/protobuf/google/protobuf/descriptor.pb.h:18861:13: note: declared here
2026-10-07T02:20:26.1503211Z 18861 | inline bool FieldOptions::weak() const {
2026-10-07T02:20:26.1503659Z       |             ^~~~~~~~~~~~
2026-10-07T02:20:26.1505271Z external/protobuf+/src/google/protobuf/compiler/cpp/message.cc: In function 'void google::protobuf::compiler::cpp::{anonymous}::PrintPresenceCheck(const google::protobuf::FieldDescriptor*, const std::vector<int>&, google::protobuf::io::Printer*, int*, const google::protobuf::compiler::cpp::Options&)':
2026-10-07T02:20:26.1507641Z external/protobuf+/src/google/protobuf/compiler/cpp/message.cc:176:29: warning: 'bool google::protobuf::FieldOptions::weak() const' is deprecated [-Wdeprecated-declarations]
2026-10-07T02:20:26.1508836Z   176 |   if (!field->options().weak()) {
2026-10-07T02:20:26.1509263Z       |        ~~~~~~~~~~~~~~~~~~~~~^~
2026-10-07T02:20:26.1510218Z bazel-out/k8-opt-exec-ST-d57f47055a04/bin/external/protobuf+/src/google/protobuf/_virtual_includes/protobuf/google/protobuf/descriptor.pb.h:18861:13: note: declared here
2026-10-07T02:20:26.1511237Z 18861 | inline bool FieldOptions::weak() const {
2026-10-07T02:20:26.1511683Z       |             ^~~~~~~~~~~~
2026-10-07T02:20:26.1512903Z external/protobuf+/src/google/protobuf/compiler/cpp/message.cc: In member function 'void google::protobuf::compiler::cpp::MessageGenerator::GenerateFieldAccessorDeclarations(google::protobuf::io::Printer*)':
2026-10-07T02:20:26.1514592Z external/protobuf+/src/google/protobuf/compiler/cpp/message.cc:775:66: warning: 'bool google::protobuf::FieldOptions::weak() const' is deprecated [-Wdeprecated-declarations]
2026-10-07T02:20:26.1515691Z   775 |     if (!field->real_containing_oneof() && !field->options().weak()) {
2026-10-07T02:20:26.1516283Z       |                                             ~~~~~~~~~~~~~~~~~~~~~^~
2026-10-07T02:20:26.1517135Z bazel-out/k8-opt-exec-ST-d57f47055a04/bin/external/protobuf+/src/google/protobuf/_virtual_includes/protobuf/google/protobuf/descriptor.pb.h:18861:13: note: declared here
2026-10-07T02:20:26.1517970Z 18861 | inline bool FieldOptions::weak() const {
2026-10-07T02:20:26.1518368Z       |             ^~~~~~~~~~~~
2026-10-07T02:20:26.1519402Z external/protobuf+/src/google/protobuf/compiler/cpp/message.cc: In member function 'void google::protobuf::compiler::cpp::MessageGenerator::GenerateSingularFieldHasBits(const google::protobuf::FieldDescriptor*, google::protobuf::io::Printer*)':
2026-10-07T02:20:26.1520951Z external/protobuf+/src/google/protobuf/compiler/cpp/message.cc:1140:28: warning: 'bool google::protobuf::FieldOptions::weak() const' is deprecated [-Wdeprecated-declarations]
2026-10-07T02:20:26.1521800Z  1140 |   if (field->options().weak()) {
2026-10-07T02:20:26.1522179Z       |       ~~~~~~~~~~~~~~~~~~~~~^~
2026-10-07T02:20:26.1523190Z bazel-out/k8-opt-exec-ST-d57f47055a04/bin/external/protobuf+/src/google/protobuf/_virtual_includes/protobuf/google/protobuf/descriptor.pb.h:18861:13: note: declared here
2026-10-07T02:20:26.1524055Z 18861 | inline bool FieldOptions::weak() const {
2026-10-07T02:20:26.1524462Z       |             ^~~~~~~~~~~~
2026-10-07T02:20:26.1525549Z external/protobuf+/src/google/protobuf/compiler/cpp/message.cc: In member function 'void google::protobuf::compiler::cpp::MessageGenerator::MaybeEmitUpdateCachedHasbits(const google::protobuf::FieldDescriptor*, google::protobuf::io::Printer*, int&) const':
2026-10-07T02:20:26.1527359Z external/protobuf+/src/google/protobuf/compiler/cpp/message.cc:1396:59: warning: 'bool google::protobuf::FieldOptions::weak() const' is deprecated [-Wdeprecated-declarations]
2026-10-07T02:20:26.1528281Z  1396 |   if (!HasHasbit(field, options_) || field->options().weak()) return;
2026-10-07T02:20:26.1528781Z       |                                      ~~~~~~~~~~~~~~~~~~~~~^~
2026-10-07T02:20:26.1529628Z bazel-out/k8-opt-exec-ST-d57f47055a04/bin/external/protobuf+/src/google/protobuf/_virtual_includes/protobuf/google/protobuf/descriptor.pb.h:18861:13: note: declared here
2026-10-07T02:20:26.1530495Z 18861 | inline bool FieldOptions::weak() const {
2026-10-07T02:20:26.1530911Z       |             ^~~~~~~~~~~~
2026-10-07T02:20:26.1531422Z external/protobuf+/src/google/protobuf/compiler/cpp/message.cc: In lambda function:
2026-10-07T02:20:26.1532708Z external/protobuf+/src/google/protobuf/compiler/cpp/message.cc:2184:64: warning: 'bool google::protobuf::FieldOptions::weak() const' is deprecated [-Wdeprecated-declarations]
2026-10-07T02:20:26.1533625Z  2184 |             if (!field->is_repeated() && !field->options().weak() &&
2026-10-07T02:20:26.1534111Z       |                                           ~~~~~~~~~~~~~~~~~~~~~^~
2026-10-07T02:20:26.1535160Z bazel-out/k8-opt-exec-ST-d57f47055a04/bin/external/protobuf+/src/google/protobuf/_virtual_includes/protobuf/google/protobuf/descriptor.pb.h:18861:13: note: declared here
2026-10-07T02:20:26.1536054Z 18861 | inline bool FieldOptions::weak() const {
2026-10-07T02:20:26.1536473Z       |             ^~~~~~~~~~~~
2026-10-07T02:20:26.1537360Z external/protobuf+/src/google/protobuf/compiler/cpp/message.cc: In member function 'size_t google::protobuf::compiler::cpp::MessageGenerator::GenerateOffsets(google::protobuf::io::Printer*)':
2026-10-07T02:20:26.1538702Z external/protobuf+/src/google/protobuf/compiler/cpp/message.cc:2717:30: warning: 'bool google::protobuf::FieldOptions::weak() const' is deprecated [-Wdeprecated-declarations]
2026-10-07T02:20:26.1539512Z  2717 |     if (field->options().weak()) {
2026-10-07T02:20:26.1539892Z       |         ~~~~~~~~~~~~~~~~~~~~~^~
2026-10-07T02:20:26.1540704Z bazel-out/k8-opt-exec-ST-d57f47055a04/bin/external/protobuf+/src/google/protobuf/_virtual_includes/protobuf/google/protobuf/descriptor.pb.h:18861:13: note: declared here
2026-10-07T02:20:26.1541549Z 18861 | inline bool FieldOptions::weak() const {
2026-10-07T02:20:26.1541945Z       |             ^~~~~~~~~~~~
2026-10-07T02:20:26.1542559Z external/protobuf+/src/google/protobuf/compiler/cpp/message.cc: In lambda function:
2026-10-07T02:20:26.1543483Z external/protobuf+/src/google/protobuf/compiler/cpp/message.cc:4372:39: warning: 'bool google::protobuf::FieldOptions::weak() const' is deprecated [-Wdeprecated-declarations]
2026-10-07T02:20:26.1544331Z  4372 |       } else if (field->options().weak() ||
2026-10-07T02:20:26.1544751Z       |                  ~~~~~~~~~~~~~~~~~~~~~^~
2026-10-07T02:20:26.1545557Z bazel-out/k8-opt-exec-ST-d57f47055a04/bin/external/protobuf+/src/google/protobuf/_virtual_includes/protobuf/google/protobuf/descriptor.pb.h:18861:13: note: declared here
2026-10-07T02:20:26.1546440Z 18861 | inline bool FieldOptions::weak() const {
2026-10-07T02:20:26.1546848Z       |             ^~~~~~~~~~~~
2026-10-07T02:20:26.1547929Z external/protobuf+/src/google/protobuf/compiler/cpp/message.cc: In member function 'void google::protobuf::compiler::cpp::MessageGenerator::GenerateSerializeOneField(google::protobuf::io::Printer*, const google::protobuf::FieldDescriptor*, int)':
2026-10-07T02:20:26.1549447Z external/protobuf+/src/google/protobuf/compiler/cpp/message.cc:4722:28: warning: 'bool google::protobuf::FieldOptions::weak() const' is deprecated [-Wdeprecated-declarations]
2026-10-07T02:20:26.1550294Z  4722 |   if (field->options().weak()) {
2026-10-07T02:20:26.1550672Z       |       ~~~~~~~~~~~~~~~~~~~~~^~
2026-10-07T02:20:26.1551451Z bazel-out/k8-opt-exec-ST-d57f47055a04/bin/external/protobuf+/src/google/protobuf/_virtual_includes/protobuf/google/protobuf/descriptor.pb.h:18861:13: note: declared here
2026-10-07T02:20:26.1552701Z 18861 | inline bool FieldOptions::weak() const {
2026-10-07T02:20:26.1553104Z       |             ^~~~~~~~~~~~
2026-10-07T02:20:26.1553604Z external/protobuf+/src/google/protobuf/compiler/cpp/message.cc: In lambda function:
2026-10-07T02:20:26.1554588Z external/protobuf+/src/google/protobuf/compiler/cpp/message.cc:5029:43: warning: 'bool google::protobuf::FieldOptions::weak() const' is deprecated [-Wdeprecated-declarations]
2026-10-07T02:20:26.1555437Z  5029 |                  if (field->options().weak()) {
2026-10-07T02:20:26.1555940Z       |                      ~~~~~~~~~~~~~~~~~~~~~^~
2026-10-07T02:20:26.1556781Z bazel-out/k8-opt-exec-ST-d57f47055a04/bin/external/protobuf+/src/google/protobuf/_virtual_includes/protobuf/google/protobuf/descriptor.pb.h:18861:13: note: declared here
2026-10-07T02:20:26.1557650Z 18861 | inline bool FieldOptions::weak() const {
2026-10-07T02:20:26.1558048Z       |             ^~~~~~~~~~~~
2026-10-07T02:20:26.1559105Z external/protobuf+/src/google/protobuf/compiler/cpp/message.cc: In member function 'void google::protobuf::compiler::cpp::MessageGenerator::EmitCheckAndSerializeField(const google::protobuf::FieldDescriptor*, google::protobuf::io::Printer*) const':
2026-10-07T02:20:26.1560841Z external/protobuf+/src/google/protobuf/compiler/cpp/message.cc:5572:28: warning: 'bool google::protobuf::FieldOptions::weak() const' is deprecated [-Wdeprecated-declarations]
2026-10-07T02:20:26.1561683Z  5572 |   if (field->options().weak()) {
2026-10-07T02:20:26.1562065Z       |       ~~~~~~~~~~~~~~~~~~~~~^~
2026-10-07T02:20:26.1563489Z bazel-out/k8-opt-exec-ST-d57f47055a04/bin/external/protobuf+/src/google/protobuf/_virtual_includes/protobuf/google/protobuf/descriptor.pb.h:18861:13: note: declared here
2026-10-07T02:20:26.1564371Z 18861 | inline bool FieldOptions::weak() const {
2026-10-07T02:20:26.1564797Z       |             ^~~~~~~~~~~~
2026-10-07T02:20:26.1565995Z external/protobuf+/src/google/protobuf/compiler/cpp/message.cc: In instantiation of 'void google::protobuf::compiler::cpp::MessageGenerator::EmitCheckAndUpdateByteSizeForField(const google::protobuf::FieldDescriptor*, google::protobuf::io::Printer*) const [with bool kIsV2 = false]':
2026-10-07T02:20:26.1567569Z external/protobuf+/src/google/protobuf/compiler/cpp/message.cc:1418:62:   required from here
2026-10-07T02:20:26.1568602Z external/protobuf+/src/google/protobuf/compiler/cpp/message.cc:1363:28: warning: 'bool google::protobuf::FieldOptions::weak() const' is deprecated [-Wdeprecated-declarations]
2026-10-07T02:20:26.1569455Z  1363 |   if (field->options().weak()) {
2026-10-07T02:20:26.1569854Z       |       ~~~~~~~~~~~~~~~~~~~~~^~
2026-10-07T02:20:26.1570688Z bazel-out/k8-opt-exec-ST-d57f47055a04/bin/external/protobuf+/src/google/protobuf/_virtual_includes/protobuf/google/protobuf/descriptor.pb.h:18861:13: note: declared here
2026-10-07T02:20:26.1571555Z 18861 | inline bool FieldOptions::weak() const {
2026-10-07T02:20:26.1571985Z       |             ^~~~~~~~~~~~
2026-10-07T02:20:26.1572929Z external/protobuf+/src/google/protobuf/compiler/cpp/message.cc:1363:28: warning: 'bool google::protobuf::FieldOptions::weak() const' is deprecated [-Wdeprecated-declarations]
2026-10-07T02:20:26.1573830Z  1363 |   if (field->options().weak()) {
2026-10-07T02:20:26.1574231Z       |       ~~~~~~~~~~~~~~~~~~~~~^~
2026-10-07T02:20:26.1575070Z bazel-out/k8-opt-exec-ST-d57f47055a04/bin/external/protobuf+/src/google/protobuf/_virtual_includes/protobuf/google/protobuf/descriptor.pb.h:18861:13: note: declared here
2026-10-07T02:20:26.1575956Z 18861 | inline bool FieldOptions::weak() const {
2026-10-07T02:20:26.1576377Z       |             ^~~~~~~~~~~~
2026-10-07T02:20:27.7073659Z [861 / 944] Compiling src/google/protobuf/compiler/parser.cc; 3s processwrapper-sandbox ... (4 actions running)
2026-10-07T02:20:28.7080280Z [862 / 944] Compiling src/google/protobuf/compiler/parser.cc; 4s processwrapper-sandbox ... (4 actions running)
2026-10-07T02:20:30.2504851Z INFO: From Compiling src/google/protobuf/wire_format.cc:
2026-10-07T02:20:30.2533679Z In file included from external/protobuf+/src/google/protobuf/wire_format.cc:31:
2026-10-07T02:20:30.2544013Z bazel-out/k8-opt/bin/external/protobuf+/src/google/protobuf/_virtual_includes/protobuf/google/protobuf/map_field.h: In constructor 'google::protobuf::internal::MapFieldBase::ReflectionPayload::ReflectionPayload(google::protobuf::Arena*, const google::protobuf::Message*)':
2026-10-07T02:20:30.2564312Z bazel-out/k8-opt/bin/external/protobuf+/src/google/protobuf/_virtual_includes/protobuf/google/protobuf/map_field.h:416:11: warning: 'google::protobuf::RepeatedPtrField<T>::RepeatedPtrField(google::protobuf::Arena*) [with Element = google::protobuf::Message]' is deprecated: Use Arena::Create<RepeatedPtrField<...>>(Arena*) instead [-Wdeprecated-declarations]
2026-10-07T02:20:30.2592927Z   416 |         : repeated_field_(arena), prototype_(prototype) {}
2026-10-07T02:20:30.2593304Z       |           ^~~~~~~~~~~~~~~~~~~~~~
2026-10-07T02:20:30.2594021Z In file included from bazel-out/k8-opt/bin/external/protobuf+/src/google/protobuf/_virtual_includes/protobuf_lite/google/protobuf/repeated_field.h:46,
2026-10-07T02:20:30.2594969Z                  from bazel-out/k8-opt/bin/external/protobuf+/src/google/protobuf/_virtual_includes/protobuf_lite/google/protobuf/parse_context.h:39,
2026-10-07T02:20:30.2596336Z                  from bazel-out/k8-opt/bin/external/protobuf+/src/google/protobuf/_virtual_includes/protobuf_lite/google/protobuf/generated_message_tctable_decl.h:25,
2026-10-07T02:20:30.2597318Z                  from bazel-out/k8-opt/bin/external/protobuf+/src/google/protobuf/_virtual_includes/protobuf_lite/google/protobuf/extension_set.h:40,
2026-10-07T02:20:30.2598201Z                  from bazel-out/k8-opt/bin/external/protobuf+/src/google/protobuf/_virtual_includes/protobuf/google/protobuf/descriptor.h:56,
2026-10-07T02:20:30.2599043Z                  from bazel-out/k8-opt/bin/external/protobuf+/src/google/protobuf/_virtual_includes/protobuf/google/protobuf/wire_format.h:26,
2026-10-07T02:20:30.2599699Z                  from external/protobuf+/src/google/protobuf/wire_format.cc:12:
2026-10-07T02:20:30.2600445Z bazel-out/k8-opt/bin/external/protobuf+/src/google/protobuf/_virtual_includes/protobuf_lite/google/protobuf/repeated_ptr_field.h:1380:8: note: declared here
2026-10-07T02:20:30.2601223Z  1380 | inline RepeatedPtrField<Element>::RepeatedPtrField(Arena* arena)
2026-10-07T02:20:30.2601584Z       |        ^~~~~~~~~~~~~~~~~~~~~~~~~
2026-10-07T02:20:30.2602483Z [866 / 944] Compiling src/google/protobuf/text_format.cc; 1s processwrapper-sandbox ... (4 actions, 3 running)
2026-10-07T02:20:31.3536955Z [869 / 944] Compiling src/google/protobuf/text_format.cc; 3s processwrapper-sandbox ... (4 actions, 3 running)
2026-10-07T02:20:32.7073544Z [869 / 944] Compiling src/google/protobuf/text_format.cc; 4s processwrapper-sandbox ... (4 actions running)
2026-10-07T02:20:33.2283388Z INFO: From Compiling src/google/protobuf/reflection_ops.cc:
2026-10-07T02:20:33.2313329Z In file included from external/protobuf+/src/google/protobuf/reflection_ops.cc:22:
2026-10-07T02:20:33.2343996Z bazel-out/k8-opt/bin/external/protobuf+/src/google/protobuf/_virtual_includes/protobuf/google/protobuf/map_field.h: In constructor 'google::protobuf::internal::MapFieldBase::ReflectionPayload::ReflectionPayload(google::protobuf::Arena*, const google::protobuf::Message*)':
2026-10-07T02:20:33.2374237Z bazel-out/k8-opt/bin/external/protobuf+/src/google/protobuf/_virtual_includes/protobuf/google/protobuf/map_field.h:416:11: warning: 'google::protobuf::RepeatedPtrField<T>::RepeatedPtrField(google::protobuf::Arena*) [with Element = google::protobuf::Message]' is deprecated: Use Arena::Create<RepeatedPtrField<...>>(Arena*) instead [-Wdeprecated-declarations]
2026-10-07T02:20:33.2403068Z   416 |         : repeated_field_(arena), prototype_(prototype) {}
2026-10-07T02:20:33.2410735Z       |           ^~~~~~~~~~~~~~~~~~~~~~
2026-10-07T02:20:33.2411465Z In file included from bazel-out/k8-opt/bin/external/protobuf+/src/google/protobuf/_virtual_includes/protobuf_lite/google/protobuf/repeated_field.h:46,
2026-10-07T02:20:33.2413048Z                  from bazel-out/k8-opt/bin/external/protobuf+/src/google/protobuf/_virtual_includes/protobuf_lite/google/protobuf/parse_context.h:39,
2026-10-07T02:20:33.2414049Z                  from bazel-out/k8-opt/bin/external/protobuf+/src/google/protobuf/_virtual_includes/protobuf_lite/google/protobuf/generated_message_tctable_decl.h:25,
2026-10-07T02:20:33.2414981Z                  from bazel-out/k8-opt/bin/external/protobuf+/src/google/protobuf/_virtual_includes/protobuf_lite/google/protobuf/extension_set.h:40,
2026-10-07T02:20:33.2415862Z                  from bazel-out/k8-opt/bin/external/protobuf+/src/google/protobuf/_virtual_includes/protobuf/google/protobuf/descriptor.h:56,
2026-10-07T02:20:33.2416724Z                  from bazel-out/k8-opt/bin/external/protobuf+/src/google/protobuf/_virtual_includes/protobuf/google/protobuf/message.h:112,
2026-10-07T02:20:33.2417599Z                  from bazel-out/k8-opt/bin/external/protobuf+/src/google/protobuf/_virtual_includes/protobuf/google/protobuf/reflection_ops.h:18,
2026-10-07T02:20:33.2418286Z                  from external/protobuf+/src/google/protobuf/reflection_ops.cc:11:
2026-10-07T02:20:33.2419293Z bazel-out/k8-opt/bin/external/protobuf+/src/google/protobuf/_virtual_includes/protobuf_lite/google/protobuf/repeated_ptr_field.h:1380:8: note: declared here
2026-10-07T02:20:33.2420055Z  1380 | inline RepeatedPtrField<Element>::RepeatedPtrField(Arena* arena)
2026-10-07T02:20:33.2420416Z       |        ^~~~~~~~~~~~~~~~~~~~~~~~~
2026-10-07T02:20:33.7083593Z [871 / 944] Compiling src/google/protobuf/text_format.cc; 5s processwrapper-sandbox ... (4 actions running)
2026-10-07T02:20:34.7113559Z [872 / 944] Compiling src/google/protobuf/text_format.cc; 6s processwrapper-sandbox ... (4 actions running)
2026-10-07T02:20:34.9403319Z INFO: From Compiling src/google/protobuf/text_format.cc:
2026-10-07T02:20:34.9433214Z In file included from external/protobuf+/src/google/protobuf/text_format.cc:54:
2026-10-07T02:20:34.9463725Z bazel-out/k8-opt/bin/external/protobuf+/src/google/protobuf/_virtual_includes/protobuf/google/protobuf/map_field.h: In constructor 'google::protobuf::internal::MapFieldBase::ReflectionPayload::ReflectionPayload(google::protobuf::Arena*, const google::protobuf::Message*)':
2026-10-07T02:20:34.9524144Z bazel-out/k8-opt/bin/external/protobuf+/src/google/protobuf/_virtual_includes/protobuf/google/protobuf/map_field.h:416:11: warning: 'google::protobuf::RepeatedPtrField<T>::RepeatedPtrField(google::protobuf::Arena*) [with Element = google::protobuf::Message]' is deprecated: Use Arena::Create<RepeatedPtrField<...>>(Arena*) instead [-Wdeprecated-declarations]
2026-10-07T02:20:34.9583125Z   416 |         : repeated_field_(arena), prototype_(prototype) {}
2026-10-07T02:20:34.9613035Z       |           ^~~~~~~~~~~~~~~~~~~~~~
2026-10-07T02:20:34.9642926Z In file included from bazel-out/k8-opt/bin/external/protobuf+/src/google/protobuf/_virtual_includes/protobuf_lite/google/protobuf/repeated_field.h:46,
2026-10-07T02:20:34.9643951Z                  from bazel-out/k8-opt/bin/external/protobuf+/src/google/protobuf/_virtual_includes/protobuf_lite/google/protobuf/parse_context.h:39,
2026-10-07T02:20:34.9644895Z                  from bazel-out/k8-opt/bin/external/protobuf+/src/google/protobuf/_virtual_includes/protobuf_lite/google/protobuf/generated_message_tctable_decl.h:25,
2026-10-07T02:20:34.9645816Z                  from bazel-out/k8-opt/bin/external/protobuf+/src/google/protobuf/_virtual_includes/protobuf_lite/google/protobuf/extension_set.h:40,
2026-10-07T02:20:34.9646657Z                  from bazel-out/k8-opt/bin/external/protobuf+/src/google/protobuf/_virtual_includes/protobuf/google/protobuf/descriptor.h:56,
2026-10-07T02:20:34.9647470Z                  from bazel-out/k8-opt/bin/external/protobuf+/src/google/protobuf/_virtual_includes/protobuf/google/protobuf/text_format.h:27,
2026-10-07T02:20:34.9648492Z                  from external/protobuf+/src/google/protobuf/text_format.cc:12:
2026-10-07T02:20:34.9649199Z bazel-out/k8-opt/bin/external/protobuf+/src/google/protobuf/_virtual_includes/protobuf_lite/google/protobuf/repeated_ptr_field.h:1380:8: note: declared here
2026-10-07T02:20:34.9649934Z  1380 | inline RepeatedPtrField<Element>::RepeatedPtrField(Arena* arena)
2026-10-07T02:20:34.9650286Z       |        ^~~~~~~~~~~~~~~~~~~~~~~~~
2026-10-07T02:20:34.9650929Z external/protobuf+/src/google/protobuf/text_format.cc: In member function 'bool google::protobuf::TextFormat::Parser::ParserImpl::ConsumeField(google::protobuf::Message*)':
2026-10-07T02:20:34.9651960Z external/protobuf+/src/google/protobuf/text_format.cc:663:54: warning: 'bool google::protobuf::FieldOptions::weak() const' is deprecated [-Wdeprecated-declarations]
2026-10-07T02:20:34.9652765Z   663 |       if (consumed_semicolon && field->options().weak() &&
2026-10-07T02:20:34.9653091Z       |                                 ~~~~~~~~~~~~~~~~~~~~~^~
2026-10-07T02:20:34.9653483Z In file included from external/protobuf+/src/google/protobuf/text_format.cc:46:
2026-10-07T02:20:34.9654197Z bazel-out/k8-opt/bin/external/protobuf+/src/google/protobuf/_virtual_includes/protobuf/google/protobuf/descriptor.pb.h:18861:13: note: declared here
2026-10-07T02:20:34.9654814Z 18861 | inline bool FieldOptions::weak() const {
2026-10-07T02:20:34.9655074Z       |             ^~~~~~~~~~~~
2026-10-07T02:20:35.7134215Z [873 / 944] Compiling src/google/protobuf/util/message_differencer.cc; 4s processwrapper-sandbox ... (4 actions running)
2026-10-07T02:20:37.5413504Z INFO: From Compiling src/google/protobuf/message.cc:
2026-10-07T02:20:37.5443290Z In file included from external/protobuf+/src/google/protobuf/message.cc:40:
2026-10-07T02:20:37.5473881Z bazel-out/k8-opt/bin/external/protobuf+/src/google/protobuf/_virtual_includes/protobuf/google/protobuf/map_field.h: In constructor 'google::protobuf::internal::MapFieldBase::ReflectionPayload::ReflectionPayload(google::protobuf::Arena*, const google::protobuf::Message*)':
2026-10-07T02:20:37.5504178Z bazel-out/k8-opt/bin/external/protobuf+/src/google/protobuf/_virtual_includes/protobuf/google/protobuf/map_field.h:416:11: warning: 'google::protobuf::RepeatedPtrField<T>::RepeatedPtrField(google::protobuf::Arena*) [with Element = google::protobuf::Message]' is deprecated: Use Arena::Create<RepeatedPtrField<...>>(Arena*) instead [-Wdeprecated-declarations]
2026-10-07T02:20:37.5532916Z   416 |         : repeated_field_(arena), prototype_(prototype) {}
2026-10-07T02:20:37.5543144Z       |           ^~~~~~~~~~~~~~~~~~~~~~
2026-10-07T02:20:37.5544124Z In file included from bazel-out/k8-opt/bin/external/protobuf+/src/google/protobuf/_virtual_includes/protobuf_lite/google/protobuf/repeated_field.h:46,
2026-10-07T02:20:37.5545245Z                  from bazel-out/k8-opt/bin/external/protobuf+/src/google/protobuf/_virtual_includes/protobuf_lite/google/protobuf/parse_context.h:39,
2026-10-07T02:20:37.5546286Z                  from bazel-out/k8-opt/bin/external/protobuf+/src/google/protobuf/_virtual_includes/protobuf_lite/google/protobuf/generated_message_tctable_decl.h:25,
2026-10-07T02:20:37.5547378Z                  from bazel-out/k8-opt/bin/external/protobuf+/src/google/protobuf/_virtual_includes/protobuf_lite/google/protobuf/extension_set.h:40,
2026-10-07T02:20:37.5548347Z                  from bazel-out/k8-opt/bin/external/protobuf+/src/google/protobuf/_virtual_includes/protobuf/google/protobuf/descriptor.h:56,
2026-10-07T02:20:37.5549317Z                  from bazel-out/k8-opt/bin/external/protobuf+/src/google/protobuf/_virtual_includes/protobuf/google/protobuf/message.h:112,
2026-10-07T02:20:37.5550040Z                  from external/protobuf+/src/google/protobuf/message.cc:12:
2026-10-07T02:20:37.5550894Z bazel-out/k8-opt/bin/external/protobuf+/src/google/protobuf/_virtual_includes/protobuf_lite/google/protobuf/repeated_ptr_field.h:1380:8: note: declared here
2026-10-07T02:20:37.5551755Z  1380 | inline RepeatedPtrField<Element>::RepeatedPtrField(Arena* arena)
2026-10-07T02:20:37.5552825Z       |        ^~~~~~~~~~~~~~~~~~~~~~~~~
2026-10-07T02:20:37.5553487Z [874 / 944] Compiling src/google/protobuf/util/message_differencer.cc; 6s processwrapper-sandbox ... (4 actions, 3 running)
2026-10-07T02:20:37.9447040Z INFO: From Compiling src/google/protobuf/map_field.cc:
2026-10-07T02:20:37.9486323Z In file included from external/protobuf+/src/google/protobuf/map_field.cc:8:
2026-10-07T02:20:37.9513774Z bazel-out/k8-opt/bin/external/protobuf+/src/google/protobuf/_virtual_includes/protobuf/google/protobuf/map_field.h: In constructor 'google::protobuf::internal::MapFieldBase::ReflectionPayload::ReflectionPayload(google::protobuf::Arena*, const google::protobuf::Message*)':
2026-10-07T02:20:37.9515836Z bazel-out/k8-opt/bin/external/protobuf+/src/google/protobuf/_virtual_includes/protobuf/google/protobuf/map_field.h:416:11: warning: 'google::protobuf::RepeatedPtrField<T>::RepeatedPtrField(google::protobuf::Arena*) [with Element = google::protobuf::Message]' is deprecated: Use Arena::Create<RepeatedPtrField<...>>(Arena*) instead [-Wdeprecated-declarations]
2026-10-07T02:20:37.9517156Z   416 |         : repeated_field_(arena), prototype_(prototype) {}
2026-10-07T02:20:37.9517511Z       |           ^~~~~~~~~~~~~~~~~~~~~~
2026-10-07T02:20:37.9543603Z In file included from bazel-out/k8-opt/bin/external/protobuf+/src/google/protobuf/_virtual_includes/protobuf_lite/google/protobuf/repeated_field.h:46,
2026-10-07T02:20:37.9544526Z                  from bazel-out/k8-opt/bin/external/protobuf+/src/google/protobuf/_virtual_includes/protobuf_lite/google/protobuf/parse_context.h:39,
2026-10-07T02:20:37.9545457Z                  from bazel-out/k8-opt/bin/external/protobuf+/src/google/protobuf/_virtual_includes/protobuf_lite/google/protobuf/generated_message_tctable_decl.h:25,
2026-10-07T02:20:37.9546392Z                  from bazel-out/k8-opt/bin/external/protobuf+/src/google/protobuf/_virtual_includes/protobuf_lite/google/protobuf/extension_set.h:40,
2026-10-07T02:20:37.9547244Z                  from bazel-out/k8-opt/bin/external/protobuf+/src/google/protobuf/_virtual_includes/protobuf/google/protobuf/descriptor.h:56,
2026-10-07T02:20:37.9548057Z                  from bazel-out/k8-opt/bin/external/protobuf+/src/google/protobuf/_virtual_includes/protobuf/google/protobuf/map_field.h:23:
2026-10-07T02:20:37.9548958Z bazel-out/k8-opt/bin/external/protobuf+/src/google/protobuf/_virtual_includes/protobuf_lite/google/protobuf/repeated_ptr_field.h:1380:8: note: declared here
2026-10-07T02:20:37.9549699Z  1380 | inline RepeatedPtrField<Element>::RepeatedPtrField(Arena* arena)
2026-10-07T02:20:37.9550053Z       |        ^~~~~~~~~~~~~~~~~~~~~~~~~
2026-10-07T02:20:38.7123767Z [875 / 944] Compiling src/google/protobuf/util/message_differencer.cc; 7s processwrapper-sandbox ... (4 actions running)
2026-10-07T02:20:38.7743696Z INFO: From Compiling src/google/protobuf/util/message_differencer.cc:
2026-10-07T02:20:38.7773515Z In file included from external/protobuf+/src/google/protobuf/util/message_differencer.cc:36:
2026-10-07T02:20:38.7834454Z bazel-out/k8-opt/bin/external/protobuf+/src/google/protobuf/_virtual_includes/protobuf/google/protobuf/map_field.h: In constructor 'google::protobuf::internal::MapFieldBase::ReflectionPayload::ReflectionPayload(google::protobuf::Arena*, const google::protobuf::Message*)':
2026-10-07T02:20:38.7836831Z bazel-out/k8-opt/bin/external/protobuf+/src/google/protobuf/_virtual_includes/protobuf/google/protobuf/map_field.h:416:11: warning: 'google::protobuf::RepeatedPtrField<T>::RepeatedPtrField(google::protobuf::Arena*) [with Element = google::protobuf::Message]' is deprecated: Use Arena::Create<RepeatedPtrField<...>>(Arena*) instead [-Wdeprecated-declarations]
2026-10-07T02:20:38.7838165Z   416 |         : repeated_field_(arena), prototype_(prototype) {}
2026-10-07T02:20:38.7838480Z       |           ^~~~~~~~~~~~~~~~~~~~~~
2026-10-07T02:20:38.7839112Z In file included from bazel-out/k8-opt/bin/external/protobuf+/src/google/protobuf/_virtual_includes/protobuf_lite/google/protobuf/repeated_field.h:46,
2026-10-07T02:20:38.7840516Z                  from bazel-out/k8-opt/bin/external/protobuf+/src/google/protobuf/_virtual_includes/protobuf_lite/google/protobuf/parse_context.h:39,
2026-10-07T02:20:38.7841529Z                  from bazel-out/k8-opt/bin/external/protobuf+/src/google/protobuf/_virtual_includes/protobuf_lite/google/protobuf/generated_message_tctable_decl.h:25,
2026-10-07T02:20:38.7842709Z                  from bazel-out/k8-opt/bin/external/protobuf+/src/google/protobuf/_virtual_includes/protobuf_lite/google/protobuf/extension_set.h:40,
2026-10-07T02:20:38.7843582Z                  from bazel-out/k8-opt/bin/external/protobuf+/src/google/protobuf/_virtual_includes/protobuf/google/protobuf/descriptor.h:56,
2026-10-07T02:20:38.7844519Z                  from bazel-out/k8-opt/bin/external/protobuf+/src/google/protobuf/util/_virtual_includes/differencer/google/protobuf/util/message_differencer.h:33,
2026-10-07T02:20:38.7845334Z                  from external/protobuf+/src/google/protobuf/util/message_differencer.cc:12:
2026-10-07T02:20:38.7846146Z bazel-out/k8-opt/bin/external/protobuf+/src/google/protobuf/_virtual_includes/protobuf_lite/google/protobuf/repeated_ptr_field.h:1380:8: note: declared here
2026-10-07T02:20:38.7846896Z  1380 | inline RepeatedPtrField<Element>::RepeatedPtrField(Arena* arena)
2026-10-07T02:20:38.7847270Z       |        ^~~~~~~~~~~~~~~~~~~~~~~~~
2026-10-07T02:20:39.7184388Z [877 / 944] Compiling pkg/sentry/seccheck/points/syscall.pb.cc; 5s processwrapper-sandbox ... (4 actions running)
2026-10-07T02:20:40.9553744Z INFO: From Compiling src/google/protobuf/generated_message_tctable_gen.cc:
2026-10-07T02:20:40.9578464Z external/protobuf+/src/google/protobuf/generated_message_tctable_gen.cc: In function 'bool google::protobuf::internal::{anonymous}::HasWeakFields(const google::protobuf::Descriptor*)':
2026-10-07T02:20:40.9579946Z external/protobuf+/src/google/protobuf/generated_message_tctable_gen.cc:699:45: warning: 'bool google::protobuf::FieldOptions::weak() const' is deprecated [-Wdeprecated-declarations]
2026-10-07T02:20:40.9581000Z   699 |     if (descriptor->field(i)->options().weak()) {
2026-10-07T02:20:40.9581409Z       |         ~~~~~~~~~~~~~~~~~~~~~~~~~~~~~~~~~~~~^~
2026-10-07T02:20:40.9582159Z In file included from bazel-out/k8-opt/bin/external/protobuf+/src/google/protobuf/_virtual_includes/protobuf/google/protobuf/generated_message_tctable_gen.h:21,
2026-10-07T02:20:40.9583313Z                  from external/protobuf+/src/google/protobuf/generated_message_tctable_gen.cc:8:
2026-10-07T02:20:40.9585665Z bazel-out/k8-opt/bin/external/protobuf+/src/google/protobuf/_virtual_includes/protobuf/google/protobuf/descriptor.pb.h:18861:13: note: declared here
2026-10-07T02:20:40.9586424Z 18861 | inline bool FieldOptions::weak() const {
2026-10-07T02:20:40.9586819Z       |             ^~~~~~~~~~~~
2026-10-07T02:20:40.9587684Z external/protobuf+/src/google/protobuf/generated_message_tctable_gen.cc: In function 'bool google::protobuf::internal::IsFieldTypeEligibleForFastParsing(const google::protobuf::FieldDescriptor*)':
2026-10-07T02:20:40.9589061Z external/protobuf+/src/google/protobuf/generated_message_tctable_gen.cc:738:28: warning: 'bool google::protobuf::FieldOptions::weak() const' is deprecated [-Wdeprecated-declarations]
2026-10-07T02:20:40.9589965Z   738 |       field->options().weak()) {
2026-10-07T02:20:40.9590361Z       |       ~~~~~~~~~~~~~~~~~~~~~^~
2026-10-07T02:20:40.9591177Z bazel-out/k8-opt/bin/external/protobuf+/src/google/protobuf/_virtual_includes/protobuf/google/protobuf/descriptor.pb.h:18861:13: note: declared here
2026-10-07T02:20:40.9592031Z 18861 | inline bool FieldOptions::weak() const {
2026-10-07T02:20:40.9592586Z       |             ^~~~~~~~~~~~
2026-10-07T02:20:40.9593102Z external/protobuf+/src/google/protobuf/generated_message_tctable_gen.cc: In lambda function:
2026-10-07T02:20:40.9594101Z external/protobuf+/src/google/protobuf/generated_message_tctable_gen.cc:773:54: warning: 'bool google::protobuf::FieldOptions::weak() const' is deprecated [-Wdeprecated-declarations]
2026-10-07T02:20:40.9595313Z   773 |            !field->is_map() && !field->options().weak() &&
2026-10-07T02:20:40.9595757Z       |                                 ~~~~~~~~~~~~~~~~~~~~~^~
2026-10-07T02:20:40.9596509Z bazel-out/k8-opt/bin/external/protobuf+/src/google/protobuf/_virtual_includes/protobuf/google/protobuf/descriptor.pb.h:18861:13: note: declared here
2026-10-07T02:20:40.9597330Z 18861 | inline bool FieldOptions::weak() const {
2026-10-07T02:20:40.9597749Z       |             ^~~~~~~~~~~~
2026-10-07T02:20:40.9599223Z external/protobuf+/src/google/protobuf/generated_message_tctable_gen.cc: In static member function 'static std::vector<google::protobuf::internal::TailCallTableInfo::FieldEntryInfo> google::protobuf::internal::TailCallTableInfo::BuildFieldEntries(const google::protobuf::Descriptor*, const MessageOptions&, absl::lts_20250814::Span<const FieldOptions>, std::vector<AuxEntry>&)':
2026-10-07T02:20:40.9601198Z external/protobuf+/src/google/protobuf/generated_message_tctable_gen.cc:813:39: warning: 'bool google::protobuf::FieldOptions::weak() const' is deprecated [-Wdeprecated-declarations]
2026-10-07T02:20:40.9602085Z   813 |       } else if (field->options().weak()) {
2026-10-07T02:20:40.9602761Z       |                  ~~~~~~~~~~~~~~~~~~~~~^~
2026-10-07T02:20:40.9603765Z bazel-out/k8-opt/bin/external/protobuf+/src/google/protobuf/_virtual_includes/protobuf/google/protobuf/descriptor.pb.h:18861:13: note: declared here
2026-10-07T02:20:40.9604549Z 18861 | inline bool FieldOptions::weak() const {
2026-10-07T02:20:40.9604952Z       |             ^~~~~~~~~~~~
2026-10-07T02:20:40.9605738Z [889 / 944] Compiling external/protobuf+/src/google/protobuf/_virtual_imports/empty_proto/google/protobuf/empty.pb.cc; 1s processwrapper-sandbox ... (4 actions, 3 running)
2026-10-07T02:20:42.6333899Z [897 / 944] Compiling src/google/protobuf/json/internal/lexer.cc; 2s processwrapper-sandbox ... (4 actions, 3 running)
2026-10-07T02:20:43.7205792Z [908 / 944] Compiling external/protobuf+/src/google/protobuf/_virtual_imports/struct_proto/google/protobuf/struct.pb.cc; 2s processwrapper-sandbox ... (4 actions running)
2026-10-07T02:20:44.1073877Z INFO: From Compiling external/protobuf+/src/google/protobuf/_virtual_imports/struct_proto/google/protobuf/struct.pb.cc:
2026-10-07T02:20:44.1074915Z In file included from bazel-out/k8-opt/bin/external/protobuf+/src/google/protobuf/_virtual_includes/struct_proto/google/protobuf/struct.pb.h:34,
2026-10-07T02:20:44.1103240Z                  from bazel-out/k8-opt/bin/external/protobuf+/src/google/protobuf/_virtual_imports/struct_proto/google/protobuf/struct.pb.cc:6:
2026-10-07T02:20:44.1124067Z bazel-out/k8-opt/bin/external/protobuf+/src/google/protobuf/_virtual_includes/protobuf/google/protobuf/map_field.h: In constructor 'google::protobuf::internal::MapFieldBase::ReflectionPayload::ReflectionPayload(google::protobuf::Arena*, const google::protobuf::Message*)':
2026-10-07T02:20:44.1133665Z bazel-out/k8-opt/bin/external/protobuf+/src/google/protobuf/_virtual_includes/protobuf/google/protobuf/map_field.h:416:11: warning: 'google::protobuf::RepeatedPtrField<T>::RepeatedPtrField(google::protobuf::Arena*) [with Element = google::protobuf::Message]' is deprecated: Use Arena::Create<RepeatedPtrField<...>>(Arena*) instead [-Wdeprecated-declarations]
2026-10-07T02:20:44.1162843Z   416 |         : repeated_field_(arena), prototype_(prototype) {}
2026-10-07T02:20:44.1182940Z       |           ^~~~~~~~~~~~~~~~~~~~~~
2026-10-07T02:20:44.1193107Z In file included from bazel-out/k8-opt/bin/external/protobuf+/src/google/protobuf/_virtual_includes/protobuf_lite/google/protobuf/repeated_field.h:46,
2026-10-07T02:20:44.1223141Z                  from bazel-out/k8-opt/bin/external/protobuf+/src/google/protobuf/_virtual_includes/protobuf_lite/google/protobuf/parse_context.h:39,
2026-10-07T02:20:44.1253138Z                  from bazel-out/k8-opt/bin/external/protobuf+/src/google/protobuf/_virtual_includes/protobuf_lite/google/protobuf/generated_message_tctable_decl.h:25,
2026-10-07T02:20:44.1273108Z                  from bazel-out/k8-opt/bin/external/protobuf+/src/google/protobuf/_virtual_includes/struct_proto/google/protobuf/struct.pb.h:23:
2026-10-07T02:20:44.1283127Z bazel-out/k8-opt/bin/external/protobuf+/src/google/protobuf/_virtual_includes/protobuf_lite/google/protobuf/repeated_ptr_field.h:1380:8: note: declared here
2026-10-07T02:20:44.1312841Z  1380 | inline RepeatedPtrField<Element>::RepeatedPtrField(Arena* arena)
2026-10-07T02:20:44.1332793Z       |        ^~~~~~~~~~~~~~~~~~~~~~~~~
2026-10-07T02:20:44.9124302Z [919 / 944] Compiling external/protobuf+/src/google/protobuf/_virtual_imports/field_mask_proto/google/protobuf/field_mask.pb.cc; 0s processwrapper-sandbox ... (4 actions, 3 running)
2026-10-07T02:20:45.9574085Z [922 / 944] Compiling external/protobuf+/src/google/protobuf/_virtual_imports/duration_proto/google/protobuf/duration.pb.cc; 1s processwrapper-sandbox ... (4 actions, 3 running)
2026-10-07T02:20:47.2892827Z [925 / 944] Compiling src/google/protobuf/util/field_mask_util.cc; 2s processwrapper-sandbox ... (4 actions, 3 running)
2026-10-07T02:20:48.7223828Z [930 / 944] Compiling src/google/protobuf/util/type_resolver_util.cc; 2s processwrapper-sandbox ... (4 actions running)
2026-10-07T02:20:50.7198991Z [932 / 944] Compiling src/google/protobuf/json/internal/untyped_message.cc; 3s processwrapper-sandbox ... (4 actions running)
2026-10-07T02:20:51.7254327Z [934 / 944] Compiling src/google/protobuf/json/internal/untyped_message.cc; 4s processwrapper-sandbox ... (4 actions running)
2026-10-07T02:20:53.7253814Z [936 / 944] Compiling src/google/protobuf/json/internal/parser.cc; 5s processwrapper-sandbox ... (4 actions running)
2026-10-07T02:20:54.7244457Z [940 / 944] Compiling tools/haa_gvisor_observer/observer.cc; 3s processwrapper-sandbox ... (2 actions running)
2026-10-07T02:20:59.0836363Z INFO: From Compiling tools/haa_gvisor_observer/observer.cc:
2026-10-07T02:20:59.0844345Z tools/haa_gvisor_observer/observer.cc:4614:6: warning: 'bool {anonymous}::Handle(const Header&, const char*, size_t, int, std::string*, const char*, ProcessState*, NormalizedCounts*, TopologyState*, const char**, FaultSite*)' defined but not used [-Wunused-function]
2026-10-07T02:20:59.0845772Z  4614 | bool Handle(const Header& header, const char* payload, size_t payload_size, int output, std::string* container_id,
2026-10-07T02:20:59.0846325Z       |      ^~~~~~
2026-10-07T02:20:59.0847114Z tools/haa_gvisor_observer/observer.cc:3868:6: warning: 'bool {anonymous}::ParseSentryProcessAndClassify(const char*, size_t, int, std::string*, const char*, ProcessState*, const char**)' defined but not used [-Wunused-function]
2026-10-07T02:20:59.0848275Z  3868 | bool ParseSentryProcessAndClassify(const char* payload, size_t payload_size, int output, std::string* container_id,
2026-10-07T02:20:59.0848833Z       |      ^~~~~~~~~~~~~~~~~~~~~~~~~~~~~
2026-10-07T02:20:59.0849477Z tools/haa_gvisor_observer/observer.cc:262:13: warning: 'const char* {anonymous}::CommandPhaseName(CommandPhase)' defined but not used [-Wunused-function]
2026-10-07T02:20:59.0850152Z   262 | const char* CommandPhaseName(CommandPhase phase) {
2026-10-07T02:20:59.0850448Z       |             ^~~~~~~~~~~~~~~~
2026-10-07T02:20:59.0858792Z [941 / 944] Compiling tools/haa_gvisor_observer/observer_latch_test.cc; 6s processwrapper-sandbox ... (2 actions, 1 running)
2026-10-07T02:21:00.7257359Z [942 / 944] Compiling tools/haa_gvisor_observer/observer_latch_test.cc; 8s processwrapper-sandbox
2026-10-07T02:21:07.6331889Z [943 / 944] [Prepa] Linking tools/haa_gvisor_observer/haa_gvisor_observer_latch_test
2026-10-07T02:21:07.7348681Z INFO: Found 2 targets...
2026-10-07T02:21:07.7947234Z INFO: Elapsed time: 199.170s, Critical Path: 36.75s
2026-10-07T02:21:07.7948172Z INFO: 944 processes: 294 internal, 650 processwrapper-sandbox.
2026-10-07T02:21:07.7948678Z INFO: Build completed successfully, 944 total actions
2026-10-07T02:21:07.8617792Z STARTING record_boundaries
2026-10-07T02:21:08.7626778Z profile=go-module-resolver bounded terminal={"container_id":"0202020202020202","kind":"stream-fault","reason":"EVENT_LIMIT","fault_site":"EVENT_LIMIT","fault_budget":{"charged":200000,"limit":200000,"close":199998,"fcntl":0,"raw":0,"other":2,"workspace":0}}
2026-10-07T02:21:10.0536830Z profile=go-module-build bounded terminal={"container_id":"0606060606060606","kind":"stream-fault","reason":"EVENT_LIMIT","fault_site":"EVENT_LIMIT","fault_budget":{"charged":250000,"limit":250000,"close":249998,"fcntl":0,"raw":0,"other":2,"workspace":0}}
2026-10-07T02:21:10.1144483Z profile=cargo-resolver bounded terminal={"container_id":"0808080808080808","kind":"stream-fault","reason":"EVENT_LIMIT","fault_site":"EVENT_LIMIT","fault_budget":{"charged":10000,"limit":10000,"close":9998,"fcntl":0,"raw":0,"other":2,"workspace":0}}
2026-10-07T02:21:10.1887057Z profile=npm-lifecycle bounded terminal={"container_id":"0404040404040404","kind":"stream-fault","reason":"EVENT_LIMIT","fault_site":"EVENT_LIMIT","fault_budget":{"charged":10000,"limit":10000,"close":9998,"fcntl":0,"raw":0,"other":2,"workspace":0}}
2026-10-07T02:21:10.1887677Z STARTING accessors
2026-10-07T02:21:10.2492758Z STARTING network
2026-10-07T02:21:11.1529799Z STARTING malformed_socket
2026-10-07T02:21:11.1532034Z STARTING malformed_connect
2026-10-07T02:21:11.1541765Z STARTING unknown_fd
2026-10-07T02:21:11.1543355Z STARTING process
2026-10-07T02:21:11.3558968Z STARTING correlation
2026-10-07T02:21:11.5074298Z STARTING cloexec
2026-10-07T02:21:11.6081064Z STARTING delayed
2026-10-07T02:21:11.7588641Z STARTING concurrent_python_streams
2026-10-07T02:21:11.7590788Z STARTING roles
2026-10-07T02:21:11.8602906Z STARTING oci_bootstrap
2026-10-07T02:21:11.8631661Z STARTING demotion
2026-10-07T02:21:11.8640442Z STARTING mismatch
2026-10-07T02:21:11.8642168Z STARTING dropped
2026-10-07T02:21:11.8643703Z STARTING topology_fail_closed
2026-10-07T02:21:11.8659374Z STARTING filesystem
2026-10-07T02:21:12.4820253Z STARTING npm_node
2026-10-07T02:21:12.4820546Z STARTING open_result_negative
2026-10-07T02:21:12.4861242Z STARTING open_result_positive
2026-10-07T02:21:12.8880148Z STARTING no_basename_trust
2026-10-07T02:21:12.9387185Z STARTING unexpected_exec_diagnostic
2026-10-07T02:21:12.9394527Z STARTING resolver_npm_version_node
2026-10-07T02:21:12.9394816Z STARTING resolver_npm_version_production_path
2026-10-07T02:21:12.9398207Z STARTING resolver_lock_generation_production_path
2026-10-07T02:21:12.9402484Z STARTING process_group_lifecycle
2026-10-07T02:21:12.9404054Z STARTING direct_exec_admission
2026-10-07T02:21:12.9412127Z STARTING direct_exec_admission_bound
2026-10-07T02:21:12.9447269Z STARTING session_aware_control
2026-10-07T02:21:12.9459258Z STARTING control_peer_hup_live_admission
2026-10-07T02:21:12.9461941Z STARTING pre_attribution_disconnect
2026-10-07T02:21:12.9462750Z haa_gvisor_observer_latch_test: accepted remote stream ended before attribution
2026-10-07T02:21:12.9468272Z observer latch PASS: readiness
2026-10-07T02:21:12.9468524Z observer latch PASS: pod-init profile
2026-10-07T02:21:12.9468801Z observer latch PASS: profile record limits
2026-10-07T02:21:12.9469103Z observer latch PASS: finite profile record boundary
2026-10-07T02:21:12.9469397Z observer latch PASS: normalized accessors
2026-10-07T02:21:12.9469674Z observer latch PASS: socket family classification
2026-10-07T02:21:12.9469957Z observer latch PASS: unknown socket family
2026-10-07T02:21:12.9470230Z observer latch PASS: malformed socket address
2026-10-07T02:21:12.9470512Z observer latch PASS: unknown FD state
2026-10-07T02:21:12.9470769Z observer latch PASS: process trust boundary
2026-10-07T02:21:12.9471040Z observer latch PASS: exec correlation boundary
2026-10-07T02:21:12.9471330Z observer latch PASS: CLOEXEC/re-exec boundary
2026-10-07T02:21:12.9471624Z observer latch PASS: delayed profile registration
2026-10-07T02:21:12.9471914Z observer latch PASS: concurrent Python streams
2026-10-07T02:21:12.9472197Z observer latch PASS: role handoff/provenance
2026-10-07T02:21:12.9472640Z observer latch PASS: OCI bootstrap demotion
2026-10-07T02:21:12.9472925Z observer latch PASS: setpriv demotion boundary
2026-10-07T02:21:12.9473681Z observer latch PASS: container mismatch
2026-10-07T02:21:12.9473932Z observer latch PASS: dropped events
2026-10-07T02:21:12.9474181Z observer latch PASS: topology fail-closed
2026-10-07T02:21:12.9474471Z observer latch PASS: registered nested mount boundary
2026-10-07T02:21:12.9474772Z observer latch PASS: filesystem normalization
2026-10-07T02:21:12.9475090Z observer latch PASS: Cargo resolver runtime read boundary
2026-10-07T02:21:12.9475420Z observer latch PASS: Cargo resolver self maps boundary
2026-10-07T02:21:12.9475746Z observer latch PASS: Cargo configuration read boundary
2026-10-07T02:21:12.9476077Z observer latch PASS: Cargo TAR configuration read boundary
2026-10-07T02:21:12.9476365Z observer latch PASS: Cargo entropy read boundary
2026-10-07T02:21:12.9476574Z observer latch PASS: Cargo certificate bundle read boundary
2026-10-07T02:21:12.9476784Z observer latch PASS: Cargo null input read boundary
2026-10-07T02:21:12.9476977Z observer latch PASS: Cargo Rustc query boundary
2026-10-07T02:21:12.9477176Z observer latch PASS: Cargo Rustc metadata query boundary
2026-10-07T02:21:12.9477384Z observer latch PASS: Cargo Rustc VM metadata boundary
2026-10-07T02:21:12.9477578Z observer latch PASS: Cargo Rustc self maps boundary
2026-10-07T02:21:12.9477785Z observer latch PASS: Cargo Rustc self memory stats boundary
2026-10-07T02:21:12.9478146Z observer latch PASS: Cargo Rustc self cgroup boundary
2026-10-07T02:21:12.9478356Z observer latch PASS: Cargo Rustc self mountinfo boundary
2026-10-07T02:21:12.9478607Z observer latch PASS: Cargo Rustc CPU quota boundary
2026-10-07T02:21:12.9478953Z observer latch PASS: Cargo Rustc fixed sysroot directory boundary
2026-10-07T02:21:12.9479318Z observer latch PASS: Cargo DNS configuration boundary
2026-10-07T02:21:12.9479664Z observer latch PASS: Cargo resolver configuration file boundary
2026-10-07T02:21:12.9480000Z observer latch PASS: Cargo fixed UTC boundary
2026-10-07T02:21:12.9480209Z observer latch PASS: Cargo close-on-exec entropy boundary
2026-10-07T02:21:12.9480442Z observer latch PASS: SocketPair diagnostic preserves FD authority
2026-10-07T02:21:12.9480713Z observer latch PASS: Kernel SocketPair descriptor authority
2026-10-07T02:21:12.9481056Z observer latch PASS: Cargo Rustc Zlib ABI boundary
2026-10-07T02:21:12.9481347Z observer latch PASS: Cargo Rustc ABI boundary
2026-10-07T02:21:12.9481651Z observer latch PASS: Go resolver runtime read boundary
2026-10-07T02:21:12.9481930Z observer latch PASS: Go build configuration read boundary
2026-10-07T02:21:12.9482132Z observer latch PASS: Go build handoff read boundary
2026-10-07T02:21:12.9482507Z observer latch PASS: Cargo build handoff read boundary
2026-10-07T02:21:12.9482719Z observer latch PASS: Cargo build pinned target
2026-10-07T02:21:12.9482898Z observer latch PASS: Cargo build driver read
2026-10-07T02:21:12.9483073Z observer latch PASS: Cargo build rustc child
2026-10-07T02:21:12.9483251Z observer latch PASS: Cargo build native cc child
2026-10-07T02:21:12.9483440Z observer latch PASS: Cargo build collect2 child
2026-10-07T02:21:12.9483619Z observer latch PASS: Cargo build lld launcher
2026-10-07T02:21:12.9483790Z observer latch PASS: Cargo build rust lld
2026-10-07T02:21:12.9483960Z observer latch PASS: Cargo build link inputs
2026-10-07T02:21:12.9484128Z observer latch PASS: Cargo build link sdk
2026-10-07T02:21:12.9484300Z observer latch PASS: Cargo build Rust C ABI
2026-10-07T02:21:12.9484471Z observer latch PASS: Cargo build lld entropy
2026-10-07T02:21:12.9484641Z observer latch PASS: Cargo build program
2026-10-07T02:21:12.9484810Z observer latch PASS: Cargo build program ABI
2026-10-07T02:21:12.9484987Z observer latch PASS: Cargo build program maps
2026-10-07T02:21:12.9485176Z observer latch PASS: Cargo build program rustc query
2026-10-07T02:21:12.9485368Z observer latch PASS: Cargo build program null
2026-10-07T02:21:12.9485546Z observer latch PASS: Cargo build configuration
2026-10-07T02:21:12.9485745Z observer latch PASS: Terraform provider profile isolation
2026-10-07T02:21:12.9486065Z observer latch PASS: Go build runtime metadata boundary
2026-10-07T02:21:12.9486288Z observer latch PASS: Go build exact creator diagnostic boundary
2026-10-07T02:21:12.9486510Z observer latch PASS: Go build SDK tool child boundary
2026-10-07T02:21:12.9486711Z observer latch PASS: Go build cgo GCC creator boundary
2026-10-07T02:21:12.9486956Z observer latch PASS: Go build SDK linker GCC creator boundary
2026-10-07T02:21:12.9487190Z observer latch PASS: Go build SDK linker native ancestry boundary
2026-10-07T02:21:12.9487427Z observer latch PASS: Go build native linker resolver ABI boundary
2026-10-07T02:21:12.9487656Z observer latch PASS: Go build CC1 creator and loader boundary
2026-10-07T02:21:12.9487877Z observer latch PASS: Go build CC1 readonly header boundary
2026-10-07T02:21:12.9488110Z observer latch PASS: Go build assembler creator and loader boundary
2026-10-07T02:21:12.9488358Z observer latch PASS: Go build collect2 creator and loader boundary
2026-10-07T02:21:12.9488611Z observer latch PASS: Go build native linker creator and loader boundary
2026-10-07T02:21:12.9488860Z observer latch PASS: Go build native linker fixed plugin boundary
2026-10-07T02:21:12.9489095Z observer latch PASS: Go build native linker null device boundary
2026-10-07T02:21:12.9489337Z observer latch PASS: Go build native linker C runtime input boundary
2026-10-07T02:21:12.9489660Z observer latch PASS: Go build assembler null device boundary
2026-10-07T02:21:12.9489892Z observer latch PASS: Go build CC1 readonly SDK Cgo input boundary
2026-10-07T02:21:12.9490140Z observer latch PASS: exact npm CLI-to-Node
2026-10-07T02:21:12.9490322Z observer latch PASS: OPEN_RESULT negative matrix
2026-10-07T02:21:12.9490509Z observer latch PASS: OPEN_RESULT positive matrix
2026-10-07T02:21:12.9490690Z observer latch PASS: no-basename-trust
2026-10-07T02:21:12.9490880Z observer latch PASS: unexpected exec diagnostic retention
2026-10-07T02:21:12.9491098Z observer latch PASS: exact resolver npm-version-to-Node
2026-10-07T02:21:12.9491315Z observer latch PASS: resolver npm-version production path
2026-10-07T02:21:12.9491540Z observer latch PASS: resolver lock-generation production path
2026-10-07T02:21:12.9491767Z observer latch PASS: authoritative process-group lifecycle
2026-10-07T02:21:12.9491976Z observer latch PASS: direct-exec one-shot admission
2026-10-07T02:21:12.9492194Z observer latch PASS: direct-exec terminal admission protocol
2026-10-07T02:21:12.9492551Z observer latch PASS: direct-exec admission bound
2026-10-07T02:21:12.9492734Z observer latch PASS: session-aware control
2026-10-07T02:21:12.9492912Z observer latch PASS: exact control peer binding
2026-10-07T02:21:12.9493117Z observer latch PASS: control peer HUP clears live admission
2026-10-07T02:21:12.9493324Z observer latch PASS: unaccepted remote disconnect
2026-10-07T02:21:12.9493547Z observer latch PASS: accepted pre-attribution disconnect fail-stop
2026-10-07T02:21:12.9573459Z Post job cleanup.
2026-10-07T02:21:13.0195463Z [command]/usr/bin/git version
2026-10-07T02:21:13.0230946Z git version 2.55.0
2026-10-07T02:21:13.0255297Z Temporarily overriding HOME='/home/runner/work/_temp/0895aea3-3d3a-48a8-8f0d-e1c76e90d708' before making global git config changes
2026-10-07T02:21:13.0255990Z Adding repository directory to the temporary git global config as a safe directory
2026-10-07T02:21:13.0260445Z [command]/usr/bin/git config --global --add safe.directory /home/runner/work/heliopause/heliopause
2026-10-07T02:21:13.0293328Z Removing SSH command configuration
2026-10-07T02:21:13.0298385Z [command]/usr/bin/git config --local --name-only --get-regexp core\.sshCommand
2026-10-07T02:21:13.0336603Z [command]/usr/bin/git submodule foreach --recursive sh -c "git config --local --name-only --get-regexp 'core\.sshCommand' && git config --local --unset-all 'core.sshCommand' || :"
2026-10-07T02:21:13.0545441Z Removing HTTP extra header
2026-10-07T02:21:13.0550296Z [command]/usr/bin/git config --local --name-only --get-regexp http\.https\:\/\/github\.com\/\.extraheader
2026-10-07T02:21:13.0588356Z [command]/usr/bin/git submodule foreach --recursive sh -c "git config --local --name-only --get-regexp 'http\.https\:\/\/github\.com\/\.extraheader' && git config --local --unset-all 'http.https://github.com/.extraheader' || :"
2026-10-07T02:21:13.0807765Z Removing includeIf entries pointing to credentials config files
2026-10-07T02:21:13.0813860Z [command]/usr/bin/git config --local --name-only --get-regexp ^includeIf\.gitdir:
2026-10-07T02:21:13.0848518Z [command]/usr/bin/git submodule foreach --recursive git config --local --show-origin --name-only --get-regexp remote.origin.url
2026-10-07T02:21:13.1178632Z Cleaning up orphan processes
2026-10-07T02:21:13.1423541Z Terminate orphan process: pid (2245) (java.lang=ALL-UNNAMED)
